entry_time,exit_time,p0,avg_entry,exit_price,qty,cost_quote,proceeds,pnl,pnl_pct,fills,max_dd_from_p0,reason
2021-01-01 00:00:00+00:00,2021-01-01 01:36:00+00:00,736.42,736.42,743.7841999999999,0.6782814154965919,500.00000000000017,503.99050500000016,3.9905049999999846,0.007981009999999967,1,0.00962765812987143,take_profit
2021-01-01 01:37:00+00:00,2021-01-02 12:27:00+00:00,745.69,733.3916342831351,740.7255506259664,1.790987664810742,1314.810180657143,1325.3036938570694,10.493513199926383,0.007981009999999938,5,0.042108651048022756,take_profit
2021-01-02 12:28:00+00:00,2021-01-02 12:44:00+00:00,742.29,742.29,749.7129,0.6738922479207405,500.72420090999645,504.7204857647012,3.9962848547047543,0.007981010000000127,1,0.007705883145401277,take_profit
2021-01-02 12:45:00+00:00,2021-01-02 13:13:00+00:00,749.99,749.9900000000001,757.4899000000001,0.667239684712568,500.92401515273167,504.9218947269058,3.997879574174135,0.007981010000000064,1,0.001173348977986367,take_profit
2021-01-02 13:14:00+00:00,2021-01-02 13:18:00+00:00,759.41,759.4099999999999,767.0040999999999,0.6592259586024796,501.12390913144037,505.12338406145744,3.9994749300170724,0.007981009999999912,1,0.0013299798527804361,take_profit
2021-01-02 13:19:00+00:00,2021-01-02 16:02:00+00:00,766.2,765.0159577063847,772.6661172834486,0.7731179820785953,592.0396331129972,596.7647073452683,4.72507423227114,0.007981009999999964,2,0.017227877838684475,take_profit
2021-01-02 16:03:00+00:00,2021-01-02 16:40:00+00:00,771.38,771.38,779.0938,0.649561275185985,501.5601365895547,505.5630930552773,4.002956465722605,0.007981010000000005,1,0.008919080090227897,take_profit
2021-01-02 16:41:00+00:00,2021-01-02 17:00:00+00:00,776.89,775.6894379829199,783.4463323627491,0.7631436223773593,592.5550025446883,597.2841899455474,4.729187400859132,0.007981009999999915,2,0.010220237099203158,take_profit
2021-01-02 17:01:00+00:00,2021-01-03 00:04:00+00:00,783.36,770.4403581006003,778.1447616816063,1.7109887219505062,1319.5342979435802,1330.0655143708107,10.531216427230447,0.007981009999999813,5,0.042432598039215695,take_profit
2021-01-03 00:05:00+00:00,2021-01-03 05:06:00+00:00,775.68,775.68,783.4368,0.6472008834824169,502.52330460424537,506.5339481235249,4.01064351927954,0.007981010000000024,1,0.00898566419141903,take_profit
2021-01-03 05:07:00+00:00,2021-01-03 06:08:00+00:00,783.67,783.67,791.5066999999999,0.6408579031268635,502.7238367802093,506.73608074879047,4.012243968581174,0.007981009999999912,1,0.0010591192721425182,take_profit
2021-01-03 06:09:00+00:00,2021-01-03 06:18:00+00:00,792.52,792.5199999999999,800.4451999999999,0.6339543791067226,502.9244489786384,506.9382940351814,4.013845056543005,0.007981010000000004,1,1.2617978095178551e-05,take_profit
2021-01-03 06:19:00+00:00,2021-01-03 08:35:00+00:00,800.71,799.4726278975193,807.4673541764945,0.7424552710226562,594.1668334543022,598.9088848937694,4.742051439467218,0.007981010000000165,2,0.011502291716102004,take_profit
2021-01-03 08:36:00+00:00,2021-01-03 08:56:00+00:00,807.81,807.81,815.8881,0.6224964800629301,503.362243803439,507.3795829048567,4.01733910141769,0.00798101000000001,1,0.0031690620319133776,take_profit
2021-01-03 08:57:00+00:00,2021-01-03 09:07:00+00:00,817.3,817.3,825.473,0.6155139454885004,503.5631107585098,507.5820529811046,4.018942222594774,0.007981009999999998,1,0.0036583873730576403,take_profit
2021-01-03 09:08:00+00:00,2021-01-03 11:07:00+00:00,824.59,823.3157250915007,831.5488823424157,0.7218694166806456,594.9213635793838,599.6694369313245,4.748073351940775,0.00798101000000013,2,0.014055469991147153,take_profit
2021-01-03 11:08:00+00:00,2021-01-03 13:20:00+00:00,831.02,831.02,839.3302,0.6058788718390644,504.00146153723654,508.02390224177987,4.022440704543328,0.007981010000000056,1,0.008435416716805842,take_profit
2021-01-03 13:21:00+00:00,2021-01-03 13:27:00+00:00,840.25,840.25,848.6525,0.5994625182849047,504.20258357246365,508.2266294339813,4.0240458615176635,0.007981009999999992,1,1.1901219875026367e-05,take_profit
2021-01-03 13:28:00+00:00,2021-01-03 13:35:00+00:00,850.0,850.0,858.5,0.5928228024466753,504.40378586553953,508.4294375245703,4.025651659030757,0.007981010000000054,1,0.004576470588235278,take_profit
2021-01-03 13:36:00+00:00,2021-01-03 13:38:00+00:00,860.49,860.49,869.0949,0.5858295429116464,504.60506844849107,508.6323265458292,4.02725809733812,0.007981010000000056,1,0.004055828655765911,take_profit
2021-01-03 13:39:00+00:00,2021-01-03 13:47:00+00:00,878.98,877.621673851159,886.3978905896706,0.6786024347557302,596.1523570268226,600.9102549497774,4.757897922954726,0.00798101000000014,2,0.016428132608250535,take_profit
2021-01-03 13:48:00+00:00,2021-01-03 14:23:00+00:00,884.58,879.3288360202642,888.1221243804669,0.8852570313631456,779.2112462135229,785.4301389616654,6.21889274814248,0.00798100999999986,3,0.025187094440299446,take_profit
2021-01-03 14:24:00+00:00,2021-01-03 14:28:00+00:00,890.94,890.9400000000002,899.8494000000002,0.5666486133926255,505.35527088691276,509.38851635741395,4.0332454705011855,0.00798101000000005,1,0.002323388780389308,take_profit
2021-01-03 14:29:00+00:00,2021-01-03 14:32:00+00:00,902.88,902.88,911.9088,0.5593781856141209,505.5569331604379,509.59178809956074,4.034854939122852,0.007981010000000129,1,0.006368509657983342,take_profit
2021-01-03 14:33:00+00:00,2021-01-03 15:00:00+00:00,913.06,907.6397691748202,916.7161668665684,0.85885733390541,780.3133856856934,786.5410746199849,6.22768893429145,0.007981010000000094,3,0.02525573346768005,take_profit
2021-01-03 15:01:00+00:00,2021-01-03 15:57:00+00:00,918.07,902.9286401672514,911.9579265689239,1.4717786113801512,1330.2413015022278,1340.85797063193,10.616669129702132,0.007981009999999877,5,0.04199026218044383,take_profit
2021-01-03 15:58:00+00:00,2021-01-03 16:00:00+00:00,914.03,914.03,923.1703,0.5536954945863737,506.6008938105937,510.64408061010505,4.043186799511375,0.007981010000000175,1,0.00036103847794922186,take_profit
2021-01-03 16:01:00+00:00,2021-01-03 16:02:00+00:00,929.98,929.98,939.2798,0.5444162778741679,506.80305315056927,510.84785338579445,4.044800235225182,0.007981009999999915,1,0.0066453042000903925,take_profit
2021-01-03 16:03:00+00:00,2021-01-03 16:06:00+00:00,944.11,942.6510256201709,952.0775358763726,0.6345406123266826,598.7491081155141,603.5277307348751,4.778622619361045,0.007981010000000077,2,0.013345902490175957,take_profit
2021-01-03 16:07:00+00:00,2021-01-03 16:09:00+00:00,951.59,951.59,961.1059,0.5325160836799516,507.2442242932985,511.2925455198255,4.048321226527037,0.007981009999999959,1,0.0016708876722118053,take_profit
2021-01-03 16:10:00+00:00,2021-01-03 16:24:00+00:00,964.96,959.2316733434106,968.8239900768448,0.8153762826556433,782.9176736899925,789.1661474728891,6.2484737828965535,0.007981009999999983,3,0.024063173603050932,take_profit
2021-01-03 16:25:00+00:00,2021-01-03 20:04:00+00:00,970.01,933.0248260804428,942.3550743412472,2.2160749431283424,2069.7226610546036,2086.241138309707,16.518477255103335,0.007981009999999967,7,0.0835867671467305,take_profit
2021-01-03 20:05:00+00:00,2021-01-03 20:16:00+00:00,938.0,937.9999999999999,947.3799999999999,0.5416592781648383,508.5849879065248,512.6440097808565,4.059021874331734,0.007981009999999764,1,0.004019189765458403,take_profit
2021-01-03 20:17:00+00:00,2021-01-03 20:24:00+00:00,947.28,947.2800000000001,956.7528000000001,0.5365669612588054,508.78793900024147,512.8485806292819,4.06064162904039,0.007981010000000142,1,0.0020374123807110358,take_profit
2021-01-03 20:25:00+00:00,2021-01-03 22:16:00+00:00,958.42,952.7304969799699,962.2578019497696,0.8234385878426379,785.3003553831841,791.5678453725009,6.2674899893168,0.00798101000000007,3,0.022923144341729006,take_profit
2021-01-03 22:17:00+00:00,2021-01-03 22:20:00+00:00,961.75,961.75,971.3675000000001,0.5290304561846406,509.3043455811593,513.369108656286,4.064763075126734,0.00798101000000009,1,0.00013517026254223597,take_profit
2021-01-03 22:21:00+00:00,2021-01-03 22:27:00+00:00,968.0,968.0,977.6800000000001,0.5258244588338644,509.5075837349157,513.57396885578,4.066385120864254,0.007981010000000106,1,0.0014979338842975676,take_profit
2021-01-03 22:28:00+00:00,2021-01-03 22:31:00+00:00,978.54,978.54,988.3254,0.5203682957139902,509.7109029909589,513.7789108048388,4.068007813879888,0.007981010000000028,1,0.0011650009197375544,take_profit
2021-01-03 22:32:00+00:00,2021-01-03 22:34:00+00:00,985.3,985.3,995.1529999999999,0.5170043530683764,509.9143033816529,513.9839345360849,4.069631154431988,0.007981009999999965,1,0.0,take_profit
2021-01-03 22:35:00+00:00,2021-01-03 23:38:00+00:00,994.11,988.2086291529369,998.0907154444662,0.7956334382527477,787.0388681921778,793.3202332696083,6.281365077430451,0.007981009999999997,3,0.024896641216766754,take_profit
2021-01-03 23:39:00+00:00,2021-01-03 23:42:00+00:00,998.68,998.68,1008.6668,0.5105954072776593,510.431853193246,514.5056149178998,4.073761724653821,0.007981009999999985,1,0.008951816397644833,take_profit
2021-01-03 23:43:00+00:00,2021-01-04 03:34:00+00:00,1008.67,992.0344107502711,1001.9547548577739,1.3516665729488224,1342.241994220344,1352.9544409986363,10.71244677829236,0.007981009999999891,5,0.05398197626577566,take_profit
2021-01-04 03:35:00+00:00,2021-01-04 03:47:00+00:00,1001.85,1001.85,1011.8685,0.5097170159752208,511.17116361839334,515.2508257869433,4.079662168549987,0.00798100999999991,1,0.00747616908718871,take_profit
2021-01-04 03:48:00+00:00,2021-01-04 03:57:00+00:00,1011.8,1011.8,1021.918,0.5049058821704823,511.3751467268208,515.456436886599,4.081290159778234,0.007981010000000021,1,0.007699150029650093,take_profit
2021-01-04 03:58:00+00:00,2021-01-04 04:14:00+00:00,1022.57,1022.57,1032.7957000000001,0.499787429734468,511.57921123480975,515.6621300354669,4.082918800657183,0.007981010000000104,1,0.006581456526203603,take_profit
2021-01-04 04:15:00+00:00,2021-01-04 05:16:00+00:00,1031.05,1029.4566734444898,1039.7512401789347,0.5865107274432595,604.3917741874332,609.2154309811408,4.8236567937076416,0.007981009999999993,2,0.016779011687115035,take_profit
2021-01-04 05:17:00+00:00,2021-01-04 05:23:00+00:00,1040.0,1040.0,1050.4,0.49183895718703213,512.0245400145279,516.1110129886293,4.086472974101412,0.007981010000000125,1,0.002923076923076888,take_profit
2021-01-04 05:24:00+00:00,2021-01-04 05:30:00+00:00,1053.9,1053.9,1064.439,0.48554572046642924,512.228863663233,516.316967346418,4.088103683184954,0.007981010000000108,1,0.007012050479172692,take_profit
2021-01-04 05:31:00+00:00,2021-01-04 05:46:00+00:00,1064.54,1062.8949198861326,1073.523869084994,0.5687807123025674,605.1592889245394,609.989071261039,4.8297823364996475,0.007981010000000016,2,0.011779735848347609,take_profit
2021-01-04 05:47:00+00:00,2021-01-04 05:53:00+00:00,1073.69,1073.69,1084.4269000000002,0.47701113282814694,512.6747579642173,516.7664203342774,4.091662370060135,0.007981010000000267,1,0.004405368402425298,take_profit
2021-01-04 05:54:00+00:00,2021-01-04 06:20:00+00:00,1085.6,1085.6,1096.456,0.4719661585681998,512.8793410827203,516.972636232695,4.093295149974665,0.007981010000000123,1,0.006457258658806182,take_profit
2021-01-04 06:21:00+00:00,2021-01-04 06:21:00+00:00,1097.0,1097.0,1107.97,0.46724787769770165,513.084005840219,517.1789344216699,4.0949285814508585,0.007981010000000024,1,0.0023336371923427033,take_profit
2021-01-04 06:22:00+00:00,2021-01-04 06:24:00+00:00,1105.85,1105.85,1116.9085,0.46369350591583147,513.2887522692915,517.3853149340403,4.096562664748717,0.007981009999999959,1,0.006194330153275679,take_profit
2021-01-04 06:25:00+00:00,2021-01-04 06:27:00+00:00,1123.2,1123.2,1134.432,0.45671304026186477,513.493580402529,517.5917778026575,4.09819740012847,0.00798101000000016,1,0.007300569800569841,take_profit
2021-01-04 06:28:00+00:00,2021-01-04 06:36:00+00:00,1134.18,1127.4471265882828,1138.7215978541656,0.7022686944112952,792.5633849919117,798.8888412931658,6.325456301254121,0.007981009999999778,3,0.021319367296196427,take_profit
2021-01-04 06:37:00+00:00,2021-01-04 06:38:00+00:00,1145.65,1145.65,1157.1065,0.4482178224802605,514.0147630875981,518.1171200519478,4.102356964349724,0.007981009999999946,1,0.0092960328197967,take_profit
2021-01-04 06:39:00+00:00,2021-01-04 15:29:00+00:00,1159.27,1047.1461818375617,1057.6176436559374,4.130189745815516,4329.241664259627,4363.793385274499,34.55172101487187,0.007981009999999802,10,0.23227548370957585,take_profit
2021-01-04 15:30:00+00:00,2021-01-04 19:33:00+00:00,1056.51,1027.1632993049977,1037.4349322980477,1.6822279470687262,1729.6524607549409,1743.4568343407507,13.804373585809799,0.007981010000000005,6,0.07047732629127981,take_profit
2021-01-04 19:34:00+00:00,2021-01-04 23:41:00+00:00,1040.91,1023.7426893771649,1033.9801162709366,1.3251972927205309,1358.019059464519,1368.857423158296,10.838363693776955,0.007981010000000026,5,0.04631524339280056,take_profit
2021-01-04 23:42:00+00:00,2021-01-04 23:50:00+00:00,1034.22,1034.22,1044.5622,0.499567233515778,517.1796038505385,521.3072194406657,4.1276155901272205,0.007981010000000066,1,0.0011119491017385962,take_profit
2021-01-04 23:51:00+00:00,2021-01-05 00:01:00+00:00,1042.35,1042.35,1052.7735,0.49586856492101,517.3859846300448,521.515247347237,4.129262717192205,0.007981009999999943,1,0.007521465918357479,take_profit
2021-01-05 00:02:00+00:00,2021-01-05 00:04:00+00:00,1052.84,1052.84,1063.3683999999998,0.49112387002596647,517.5924477659044,521.7233582674486,4.130910501544236,0.007981010000000146,1,0.0005888834010864812,take_profit
2021-01-05 00:05:00+00:00,2021-01-05 00:06:00+00:00,1064.39,1064.39,1075.0339000000001,0.4859884011477847,517.7989932909816,521.9315522344268,4.132558943445247,0.007981009999999981,1,0.000817369573182873,take_profit
2021-01-05 00:07:00+00:00,2021-01-05 00:10:00+00:00,1078.27,1078.27,1089.0527,0.47992396674016313,518.0056212381538,522.1398292813118,4.134208043157969,0.007981010000000097,1,0.009005165682064822,take_profit
2021-01-05 00:11:00+00:00,2021-01-05 00:21:00+00:00,1088.02,1086.338635217568,1097.2020215697437,0.5627822513006527,611.984086889511,616.8683380068171,4.884251117306121,0.007981010000000106,2,0.012279186044374092,take_profit
2021-01-05 00:22:00+00:00,2021-01-05 00:32:00+00:00,1092.46,1092.46,1103.3846,0.4741025645350684,518.456544196177,522.5943510599722,4.137806863795163,0.007981010000000063,1,0.008412207311938244,take_profit
2021-01-05 00:33:00+00:00,2021-01-05 00:35:00+00:00,1104.03,1104.03,1115.0703,0.4693212785022395,518.6634345393668,522.8028925970599,4.139458057693105,0.00798101000000014,1,0.0010688115359184657,take_profit
2021-01-05 00:36:00+00:00,2021-01-05 00:43:00+00:00,1114.34,1112.6179617730784,1123.744141390809,0.5501874883055623,612.7612430746589,617.6516966832501,4.890453608591201,0.007981009999999867,2,0.010104635927993244,take_profit
2021-01-05 00:44:00+00:00,2021-01-05 01:02:00+00:00,1124.69,1106.1409394814189,1117.2023488762331,1.2323620744305395,1364.5306734653325,1375.4210064155664,10.89033295023387,0.007981010000000231,5,0.0379571259635989,take_profit
2021-01-05 01:03:00+00:00,2021-01-05 01:30:00+00:00,1111.62,1093.2864977427864,1104.2193627202143,1.248159576845007,1365.9619743673632,1376.863730544409,10.901756177045854,0.007981010000000135,5,0.04470952303844823,take_profit
2021-01-05 01:31:00+00:00,2021-01-05 01:57:00+00:00,1104.24,1097.6848604840902,1108.661709088931,0.7304452393434957,802.601281921955,809.0068507789869,6.405568857031881,0.007981009999999924,3,0.021951749619647912,take_profit
2021-01-05 01:58:00+00:00,2021-01-05 15:22:00+00:00,1106.06,1045.0594460487716,1055.5100405092594,2.7485562189693096,2875.2799195495227,2898.227557340246,22.947637790723547,0.007981009999999865,8,0.11898992821365921,take_profit
2021-01-05 15:23:00+00:00,2021-01-05 16:16:00+00:00,1055.49,1053.858905246035,1064.3974942984953,0.5840003320871204,616.0700206573108,620.9868816528772,4.916860995566367,0.007981010000000264,2,0.018190603416422747,take_profit
2021-01-05 16:17:00+00:00,2021-01-05 16:24:00+00:00,1065.64,1065.64,1076.2964000000002,0.489279794229993,521.918037961211,526.0834710413599,4.165433080148887,0.007981010000000158,1,0.002927818024849028,take_profit
2021-01-05 16:25:00+00:00,2021-01-05 18:00:00+00:00,1076.26,1074.5968084587228,1085.34277654331,0.5732286726897862,616.6063084979721,621.5274496121574,4.921141114185275,0.007981009999999797,2,0.015823314069091085,take_profit
2021-01-05 18:01:00+00:00,2021-01-05 19:34:00+00:00,1085.27,1067.3710777111905,1078.0447884883024,1.285138799122953,1373.0930781064383,1384.0517476937362,10.95866958729789,0.007981009999999728,5,0.041713122080219656,take_profit
2021-01-05 19:35:00+00:00,2021-01-05 19:38:00+00:00,1076.11,1076.11,1086.8710999999998,0.48544979588531134,522.9203001502926,527.0937322949951,4.173432144702474,0.007981009999999976,1,0.006532789398853252,take_profit
2021-01-05 19:39:00+00:00,2021-01-05 19:42:00+00:00,1087.82,1087.82,1098.6982,0.48041573310453045,523.1289717575278,527.3040693124144,4.175097554886634,0.007981010000000167,1,0.009119155742677874,take_profit
2021-01-05 19:43:00+00:00,2021-01-05 22:37:00+00:00,1103.66,1097.108303558892,1108.0793865944809,0.7352308898762092,807.4353496658483,813.8794992658849,6.444149600036553,0.007981009999999903,3,0.026475545004802228,take_profit
2021-01-05 22:38:00+00:00,2021-01-06 04:20:00+00:00,1108.98,1090.690038202619,1101.5969385846452,1.2607624672431894,1376.4775411030057,1387.463222123324,10.985681020318225,0.0079810099999998,5,0.046637450630308955,take_profit
2021-01-06 04:21:00+00:00,2021-01-06 04:24:00+00:00,1102.0,1102.0,1113.02,0.4752132567587328,524.2092181662899,528.3929371785672,4.183719012277265,0.007981009999999854,1,0.00021778584392015345,take_profit
2021-01-06 04:25:00+00:00,2021-01-06 04:28:00+00:00,1117.85,1117.85,1129.0285,0.4686621511945135,524.4184041169037,528.6037926443448,4.185388527441091,0.00798101000000008,1,0.007988549447600158,take_profit
2021-01-06 04:29:00+00:00,2021-01-06 11:05:00+00:00,1135.0,1116.280900791694,1127.4437097996108,1.2341358622398553,1379.0213133137531,1390.0272962055233,11.005982891770145,0.007981009999999962,5,0.04284581497797366,take_profit
2021-01-06 11:06:00+00:00,2021-01-06 11:08:00+00:00,1127.54,1127.54,1138.8154,0.46530747886121676,525.1779726878642,529.3694233396658,4.191450651801574,0.007981010000000005,1,0.0001330329744398102,take_profit
2021-01-06 11:09:00+00:00,2021-01-06 11:16:00+00:00,1145.53,1145.53,1156.9853,0.45818281291213125,525.3875452204542,529.580668472734,4.193123252279861,0.00798100999999993,1,0.006154356498738535,take_profit
2021-01-06 11:17:00+00:00,2021-01-06 16:01:00+00:00,1162.05,1142.8847760043946,1154.3136237644385,1.2076354901947144,1381.569786492636,1392.5961087743315,11.026322281695457,0.007981009999999901,5,0.03532550234499372,take_profit
2021-01-06 16:02:00+00:00,2021-01-06 16:04:00+00:00,1157.63,1157.63,1169.2063,0.45405040382475886,526.1485174971529,530.3477140767827,4.19919657962987,0.007981009999999844,1,0.000535576997831879,take_profit
2021-01-06 16:05:00+00:00,2021-01-06 16:24:00+00:00,1177.04,1175.2210687271247,1186.9732794143958,0.5283964942938933,621.6042970327682,626.5653271434295,4.961030110661341,0.007981009999999756,2,0.014476993135322474,take_profit
2021-01-06 16:25:00+00:00,2021-01-06 16:33:00+00:00,1180.98,1180.98,1192.7898,0.44546048392253534,526.6065288316674,530.8093808043383,4.202851972670828,0.007981010000000004,1,0.005698657047536807,take_profit
2021-01-06 16:34:00+00:00,2021-01-06 17:34:00+00:00,1191.28,1184.2081618103737,1196.0502434284774,0.685681865582341,812.8028644924642,819.2898522820072,6.486987789543036,0.007981010000000042,3,0.02625747095561075,take_profit
2021-01-06 17:35:00+00:00,2021-01-06 17:48:00+00:00,1195.01,1195.01,1206.9601,0.44067738328462386,527.1410208197781,531.348138578351,4.207117758572963,0.007981010000000201,1,0.005866059698245195,take_profit
2021-01-06 17:49:00+00:00,2021-01-06 20:48:00+00:00,1206.71,1173.1911907169208,1184.92310262409,1.5053938707953076,1767.8827104867878,1781.9922000780102,14.109489591222427,0.007981010000000153,6,0.07466582691781798,take_profit
2021-01-06 20:49:00+00:00,2021-01-06 20:54:00+00:00,1185.13,1185.13,1196.9813000000001,0.4451231462675661,528.0568511872679,532.271278197162,4.214427009894166,0.007981010000000132,1,0.0008015998244918662,take_profit
2021-01-06 20:55:00+00:00,2021-01-06 23:56:00+00:00,1197.0,1195.1502236681579,1207.1017259048394,0.5214700013258606,623.8588475684053,628.8378712694372,4.979023701031906,0.007981009999999981,2,0.019949874686716884,take_profit
2021-01-06 23:57:00+00:00,2021-01-07 00:03:00+00:00,1208.35,1208.35,1220.4334999999999,0.4369495652742097,528.5165237228141,532.734619383811,4.218095660996937,0.00798100999999985,1,0.0035999503455124006,take_profit
2021-01-07 00:04:00+00:00,2021-01-07 03:25:00+00:00,1220.92,1200.7838567353263,1212.7916953026795,1.1562513990113659,1389.7978120725566,1400.8898023086863,11.091990236129732,0.007981010000000387,5,0.03358942436850899,take_profit
2021-01-07 03:26:00+00:00,2021-01-07 12:03:00+00:00,1214.99,1194.9516578439648,1206.9011744224044,1.1631134630122197,1391.2556165035905,1402.359241491462,11.103624987871399,0.007981010000000056,5,0.0460579922468498,take_profit
2021-01-07 12:04:00+00:00,2021-01-07 12:56:00+00:00,1208.87,1208.87,1220.9587,0.4378530131923177,529.837209267064,534.0658453325967,4.228636065532669,0.00798101000000026,1,0.007337430823827121,take_profit
2021-01-07 12:57:00+00:00,2021-01-07 15:33:00+00:00,1220.16,1220.16,1232.3616000000002,0.43397471842157603,530.0486410703406,534.2789645752094,4.230323504868807,0.007981010000000014,1,0.009146341463414701,take_profit
2021-01-07 15:34:00+00:00,2021-01-07 15:46:00+00:00,1234.56,1234.56,1246.9056,0.42908396277891586,530.260157245584,534.4921688631625,4.232011617578564,0.007981009999999974,1,0.0022761145671331856,take_profit
2021-01-07 15:47:00+00:00,2021-01-07 16:10:00+00:00,1246.98,1246.98,1259.4498,0.4249797800033973,530.4717578264629,534.7054582303934,4.233700403930584,0.00798101000000001,1,0.006656081091918038,take_profit
2021-01-07 16:11:00+00:00,2021-01-07 18:09:00+00:00,1264.86,1264.86,1277.5086,0.41913947741553437,530.6834428466594,534.918832710853,4.235389864193621,0.007981010000000007,1,0.009313283683569703,take_profit
2021-01-07 18:10:00+00:00,2021-01-07 18:59:00+00:00,1279.4,1208.8395342701103,1220.9279296128113,2.423507324987243,2932.5640300678474,2955.9688529174596,23.404822849612174,0.00798101000000013,8,0.11599187118962019,take_profit
2021-01-07 19:00:00+00:00,2021-01-07 19:27:00+00:00,1223.25,1203.075428981004,1215.1061832708142,1.1613348950928597,1398.572049153605,1409.7340666636208,11.162017510015858,0.007981010000000318,5,0.043531575720416923,take_profit
2021-01-07 19:28:00+00:00,2021-01-07 19:39:00+00:00,1214.61,1214.61,1226.7560999999998,0.4380755393117896,532.6235543578506,536.8744282714161,4.250873913565556,0.007981010000000012,1,0.0026675229085879495,take_profit
2021-01-07 19:40:00+00:00,2021-01-07 19:44:00+00:00,1227.78,1227.78,1240.0578,0.43354938340376553,532.8360980535288,537.088668280455,4.252570226926196,0.007981010000000004,1,0.0014253367867207481,take_profit
2021-01-07 19:45:00+00:00,2021-01-07 21:07:00+00:00,1241.36,1239.4416722244814,1251.8360889467262,0.507386246348287,629.5051628004239,634.5292497997857,5.024086999361771,0.007981009999999936,2,0.014459947154733373,take_profit
2021-01-07 21:08:00+00:00,2021-01-07 21:40:00+00:00,1254.08,1254.08,1266.6208,0.42482667053451806,533.2999309148432,537.5562029964739,4.256272081630641,0.00798100999999994,1,0.004848175554988459,take_profit
2021-01-07 21:41:00+00:00,2021-01-08 07:43:00+00:00,1260.85,1191.3125893266129,1203.225715219879,2.4712873706239256,2947.022779247393,2970.5429975187944,23.520218271401518,0.007981010000000096,8,0.15533172066463094,take_profit
2021-01-08 07:44:00+00:00,2021-01-08 09:54:00+00:00,1205.0,1203.1378609190729,1215.1692395282637,0.524304435366866,631.4419587964699,636.4815033840442,5.039544587574369,0.007981010000000245,2,0.01931120331950206,take_profit
2021-01-08 09:55:00+00:00,2021-01-08 10:06:00+00:00,1216.77,1216.77,1228.9377,0.4392003352558097,534.9407326618734,539.2100999986552,4.269367336781784,0.007981010000000085,1,0.0024901994625113806,take_profit
2021-01-08 10:07:00+00:00,2021-01-08 10:37:00+00:00,1229.0,1229.0,1241.29,0.43500329278086564,535.1542010287126,539.4252720586647,4.271071029952168,0.007981010000000005,1,0.0048738812042310896,take_profit
2021-01-08 10:38:00+00:00,2021-01-08 10:39:00+00:00,1240.65,1240.65,1253.0565000000001,0.4310904661472857,535.3677545802102,539.6405299831924,4.272775402982234,0.007981010000000056,1,0.0021682182726796874,take_profit
2021-01-08 10:40:00+00:00,2021-01-08 10:47:00+00:00,1254.18,1254.18,1266.7218,0.4266100655065532,535.5813933503593,539.8558738065025,4.274480456143124,0.007981009999999948,1,0.0071201900843579575,take_profit
2021-01-08 10:48:00+00:00,2021-01-08 12:26:00+00:00,1265.85,1258.3354892448976,1270.9188441373467,0.6562865592535958,826.655323947171,833.2528683541468,6.597544406975771,0.007981010000000193,3,0.02576924596121175,take_profit
2021-01-08 12:27:00+00:00,2021-01-08 15:02:00+00:00,1269.2,1248.2675940835397,1260.7502700243751,1.1278299675176662,1409.2428429315255,1420.4900241533906,11.247181221865048,0.007981010000000082,5,0.03748818153167362,take_profit
2021-01-08 15:03:00+00:00,2021-01-08 16:37:00+00:00,1260.82,1225.7981760984067,1238.0561578593906,1.4662946285615788,1799.180461775449,1813.5397390326837,14.35927725723468,0.007981010000000113,6,0.07066829523643336,take_profit
2021-01-08 16:38:00+00:00,2021-01-08 22:36:00+00:00,1239.91,1192.6339028519315,1204.5602418804508,1.8349099966458058,2190.5664371188304,2208.0493697591405,17.482932640310082,0.007981010000000148,7,0.0841996596527168,take_profit
2021-01-08 22:37:00+00:00,2021-01-08 22:45:00+00:00,1206.04,1206.04,1218.1004,0.4458734243352927,538.2794641494859,542.5754779356577,4.296013786171784,0.007981010000000177,1,0.005198832542867552,take_profit
2021-01-08 22:46:00+00:00,2021-01-08 23:25:00+00:00,1213.39,1213.39,1225.5239000000001,0.4433494347027382,538.4942648387944,542.7919929514154,4.29772811262103,0.007981009999999933,1,0.004128928044569339,take_profit
2021-01-08 23:26:00+00:00,2021-01-09 03:15:00+00:00,1225.26,1205.052278858177,1217.1028016467587,1.1739071180614538,1416.0354832710611,1427.336876623402,11.301393352340938,0.007981009999999835,5,0.04399066320617672,take_profit
2021-01-09 03:16:00+00:00,2021-01-09 03:30:00+00:00,1215.64,1215.64,1227.7964000000002,0.4431698090644684,539.2742209120424,543.5781738618837,4.303952949841232,0.007981010000000023,1,0.008481129281695381,take_profit
2021-01-09 03:31:00+00:00,2021-01-09 09:16:00+00:00,1229.58,1209.3010308329965,1221.3940411413264,1.1714770342953618,1418.0864716422047,1429.4042339532457,11.317762311040951,0.007981009999999858,5,0.04548707688804294,take_profit
2021-01-09 09:17:00+00:00,2021-01-09 10:29:00+00:00,1218.19,1216.307477836519,1228.4705526148841,0.5238328566366708,637.7796002639118,642.8697256314141,5.09012536750231,0.007981010000000044,2,0.011434997824641528,take_profit
2021-01-09 10:30:00+00:00,2021-01-09 19:19:00+00:00,1227.26,1219.9745724459399,1232.1743181703994,0.6826267138762632,833.6208542556267,840.2739906296495,6.653136374022779,0.007981010000000096,3,0.027035835927187446,take_profit
2021-01-09 19:20:00+00:00,2021-01-09 20:24:00+00:00,1232.31,1230.4056575843838,1242.7097141602276,0.5183936980182069,638.4730119096018,643.5686714023826,5.095659492780783,0.007981010000000207,2,0.011985620501334877,take_profit
2021-01-09 20:25:00+00:00,2021-01-09 20:29:00+00:00,1245.33,1245.33,1257.7832999999998,0.4339061577927659,540.897252736802,545.2141591198668,4.316906383064861,0.007981009999999846,1,0.0013088900130888053,take_profit
2021-01-09 20:30:00+00:00,2021-01-09 20:52:00+00:00,1257.11,1257.11,1269.6811,0.43001168152182334,541.1130980559552,545.4317271026708,4.318629046715614,0.0079810100000001,1,0.0022591499550555787,take_profit
2021-01-09 20:53:00+00:00,2021-01-09 21:10:00+00:00,1268.53,1268.53,1281.2153,0.42631053304122296,541.3290295082909,545.6493819060869,4.320352397796,0.007981010000000066,1,0.00357106256848476,take_profit
2021-01-09 21:11:00+00:00,2021-01-09 21:55:00+00:00,1282.24,1280.2584985766573,1293.0610835624238,0.49903935384650794,639.5389127989944,644.6430792574323,5.1041664584379305,0.007981010000000044,2,0.0161748190666334,take_profit
2021-01-09 21:56:00+00:00,2021-01-09 22:15:00+00:00,1290.0,1290.0,1302.9,0.41958019782608647,541.8002554511027,546.1243687078605,4.324113256757869,0.007981010000000118,1,0.005426356589147287,take_profit
2021-01-09 22:16:00+00:00,2021-01-10 01:11:00+00:00,1298.67,1290.9606587017981,1303.8702652888162,0.6471287168791974,836.2539685757939,842.9281198615371,6.674151285743164,0.00798101000000008,3,0.024501990497971127,take_profit
2021-01-10 01:12:00+00:00,2021-01-10 01:16:00+00:00,1306.11,1306.11,1319.1711,0.4148255648525389,542.3501686782278,546.6786707979505,4.328502119722771,0.007981010000000273,1,0.0003904724716907389,take_profit
2021-01-10 01:17:00+00:00,2021-01-10 01:42:00+00:00,1321.6,1321.6,1334.816,0.4101271392179402,542.5665937842139,546.8968231948718,4.330229410657921,0.007981010000000318,1,0.005750605326876445,take_profit
2021-01-10 01:43:00+00:00,2021-01-10 07:49:00+00:00,1332.0,1324.0928006274073,1337.3337286336814,0.6318283384496073,837.4367909644665,844.1203823675216,6.683591403055175,0.00798100999999983,3,0.020638138138138144,take_profit
2021-01-10 07:50:00+00:00,2021-01-10 13:12:00+00:00,1337.6,1300.4454564087089,1313.449910972796,1.398686346706449,1820.7360405558534,1835.2673531028904,14.531312547037032,0.007981010000000198,6,0.0752093301435406,take_profit
2021-01-10 13:13:00+00:00,2021-01-10 16:03:00+00:00,1311.35,1303.5653859630258,1316.601039822656,0.6430320296366738,839.0733692691878,845.7700222200589,6.696652950871112,0.007981010000000038,3,0.026956952758607475,take_profit
2021-01-10 16:04:00+00:00,2021-01-10 18:01:00+00:00,1317.19,1295.4661142852963,1308.4207754281492,1.1030640710225579,1430.4125384337467,1441.828675207112,11.416136773365224,0.007981010000000075,5,0.05208056544613923,take_profit
2021-01-10 18:02:00+00:00,2021-01-10 20:47:00+00:00,1308.98,1236.7881613013046,1249.1560429143176,2.4305563573869886,3009.0924206124632,3033.108017312295,24.015596699831804,0.007981009999999844,8,0.1061742730981375,take_profit
2021-01-10 20:48:00+00:00,2021-01-10 21:00:00+00:00,1252.37,1250.434657991053,1262.9390045709636,0.5150981105517264,644.7412709705562,649.8869575015849,5.145686531028673,0.007981009999999929,2,0.014652219392032635,take_profit
2021-01-10 21:01:00+00:00,2021-01-10 22:07:00+00:00,1265.12,1265.12,1277.7712,0.431311928153777,546.2075541000063,550.5668420513541,4.359287951347824,0.007981010000000243,1,0.009105855571013012,take_profit
2021-01-10 22:08:00+00:00,2021-01-12 05:10:00+00:00,1278.74,1097.65614205924,1108.6327034798323,5.626745741916575,6182.4144378582605,6231.756349310953,49.34191145269233,0.00798101000000019,11,0.2844518823216604,take_profit
2021-01-12 05:11:00+00:00,2021-01-12 05:44:00+00:00,1107.65,1105.9383001220008,1116.997683123221,0.5855370262178997,648.2160394733888,653.3894581665863,5.173418693197505,0.00798100999999999,2,0.011862953098903173,take_profit
2021-01-12 05:45:00+00:00,2021-01-12 05:49:00+00:00,1113.6,1113.6,1124.7359999999999,0.49263841030878536,549.1512850048682,553.5340669020048,4.382781897136624,0.007981009999999856,1,2.6939655172389293e-05,take_profit
2021-01-12 05:50:00+00:00,2021-01-12 06:02:00+00:00,1123.13,1123.13,1134.3613,0.48865318678659214,549.370424099725,553.7549549481691,4.384530848444115,0.007981009999999943,1,0.005048391548618657,take_profit
2021-01-12 06:03:00+00:00,2021-01-12 06:29:00+00:00,1134.25,1134.25,1145.5925,0.484055597083099,549.5896506421471,553.9759311398186,4.386280497671464,0.007981009999999965,1,0.009830284328851744,take_profit
2021-01-12 06:30:00+00:00,2021-01-12 16:52:00+00:00,1146.7,1083.4581006311832,1094.292681637495,2.8002956030702015,3037.0399953035976,3061.2786418765154,24.238646572917787,0.007981009999999941,8,0.12241213918200053,take_profit
2021-01-12 16:53:00+00:00,2021-01-12 16:58:00+00:00,1093.96,1093.96,1104.8996,0.5031901313564308,551.0208969956766,555.4186002848081,4.3977032891315275,0.007981010000000113,1,0.0034279132692237374,take_profit
2021-01-12 16:59:00+00:00,2021-01-12 17:09:00+00:00,1105.64,1105.64,1116.6964,0.49807309918054066,551.2407821601331,555.640240354961,4.399458194827844,0.00798101,1,0.008510907709561956,take_profit
2021-01-12 17:10:00+00:00,2021-01-12 17:52:00+00:00,1116.45,1114.7247010980072,1125.8719481089872,0.5836397472569,651.248891701566,656.446515618725,5.197623917159035,0.007981009999999877,2,0.01741233373639666,take_profit
2021-01-12 17:53:00+00:00,2021-01-13 07:35:00+00:00,1123.65,1061.6793361596137,1072.2961295212099,2.8676757677085414,3047.599705086902,3071.9226288091977,24.322923722295855,0.007981010000000078,8,0.12118542250700846,take_profit
2021-01-13 07:36:00+00:00,2021-01-13 10:06:00+00:00,1071.4,1069.744318828792,1080.44176201708,0.6098083497719505,652.9920097526577,658.2035455124137,5.211535759755975,0.007981009999999872,2,0.016436438305021586,take_profit
2021-01-13 10:07:00+00:00,2021-01-13 10:11:00+00:00,1081.4,1081.4,1092.2140000000002,0.5110450914375766,553.1973592398351,557.612432895902,4.415073656066852,0.007981010000000245,1,0.0,take_profit
2021-01-13 10:12:00+00:00,2021-01-13 14:20:00+00:00,1090.54,1072.55416171751,1083.279703334685,1.3549379532643477,1454.6990396823635,1466.3090072650589,11.60996758269539,0.007981010000000035,5,0.04169494012140777,take_profit
2021-01-13 14:21:00+00:00,2021-01-13 17:31:00+00:00,1083.3,1068.405419040279,1079.0894732306817,1.1741558336147315,1255.7301856173524,1265.7521807860667,10.021995168714284,0.007981010000000269,4,0.03128403950890785,take_profit
2021-01-13 17:32:00+00:00,2021-01-13 18:30:00+00:00,1078.27,1078.27,1089.0527,0.5137351603486592,554.4997110602089,558.9251787991776,4.425467738968678,0.007981010000000071,1,0.0063713170170735444,take_profit
2021-01-13 18:31:00+00:00,2021-01-13 18:37:00+00:00,1087.85,1087.85,1098.7285,0.5094142238936529,554.7209844471574,559.14821817124,4.427233724082612,0.007981010000000007,1,0.0,take_profit
2021-01-13 18:38:00+00:00,2021-01-13 20:07:00+00:00,1099.5,1099.5,1110.4950000000001,0.5042177387787432,554.9423461333615,559.3713465472755,4.429000413913968,0.007981010000000267,1,0.0036562073669849766,take_profit
2021-01-13 20:08:00+00:00,2021-01-13 21:49:00+00:00,1112.76,1111.0404034160229,1122.150807450183,0.589507260821514,655.6220068866961,660.854532679879,5.232525793182845,0.007981010000000082,2,0.01933031381429957,take_profit
2021-01-13 21:50:00+00:00,2021-01-13 22:01:00+00:00,1122.58,1122.58,1133.8057999999999,0.49428102854252953,555.4254224437165,559.858278294494,4.432855850777514,0.00798100999999998,1,0.003928450533592131,take_profit
2021-01-13 22:02:00+00:00,2021-01-14 00:03:00+00:00,1136.1,1129.3557288234213,1140.6492861116556,0.7583321513373782,857.2840435073651,864.1260360314378,6.84199252407268,0.007981009999999957,3,0.024575301469940893,take_profit
2021-01-14 00:04:00+00:00,2021-01-14 07:13:00+00:00,1142.7,1123.853907783849,1135.0924468616877,1.2990974770007182,1461.4572333527487,1473.1211381467097,11.66390479396091,0.007981010000000198,5,0.04900673842653365,take_profit
2021-01-14 07:14:00+00:00,2021-01-14 07:24:00+00:00,1135.09,1135.09,1146.4408999999998,0.48984290914557876,556.5723601021571,561.014369673856,4.442009571698918,0.007981010000000002,1,0.0019205525553038405,take_profit
2021-01-14 07:25:00+00:00,2021-01-14 07:36:00+00:00,1147.48,1147.48,1158.9548,0.48474715561069587,556.794460580742,561.2382427385816,4.443782157839564,0.0079810100000001,1,0.0019521037403702104,take_profit
2021-01-14 07:37:00+00:00,2021-01-14 08:16:00+00:00,1161.73,1159.9347279381864,1171.5340752175682,0.5665425068437564,657.8101386799106,663.0601279748164,5.249989294905845,0.007981010000000139,2,0.012997856644831336,take_profit
2021-01-14 08:17:00+00:00,2021-01-14 13:03:00+00:00,1165.01,1163.2096592110613,1174.841755803172,0.565213684999548,658.1201380478003,663.3726014507611,5.252463402960757,0.007981009999999822,2,0.019939743006497816,take_profit
2021-01-14 13:04:00+00:00,2021-01-14 13:25:00+00:00,1175.27,1175.27,1187.0227,0.47392023156483526,557.5417723235274,561.9915187838592,4.449746460331767,0.007981009999999948,1,0.001233759051111698,take_profit
2021-01-14 13:26:00+00:00,2021-01-14 14:11:00+00:00,1187.12,1187.12,1198.9912,0.469376722982426,557.764259646544,562.2157817804257,4.451522133881667,0.007981010000000005,1,0.008002560819462228,take_profit
2021-01-14 14:12:00+00:00,2021-01-14 14:41:00+00:00,1198.67,1198.67,1210.6567,0.4650394594988485,557.986835753238,562.4401342692529,4.453298516014911,0.00798100999999993,1,0.0079671636063305,take_profit
2021-01-14 14:42:00+00:00,2021-01-14 16:03:00+00:00,1213.0,1211.1254981699876,1223.2367531516875,0.5437583644744809,659.2188388971506,664.4800710425772,5.261232145426561,0.007981010000000021,2,0.015276174773289342,take_profit
2021-01-14 16:04:00+00:00,2021-01-14 16:11:00+00:00,1224.53,1224.53,1236.7753,0.4556148805860402,558.4725622863101,562.9297373906428,4.457175104332691,0.007981010000000049,1,0.003699378537071344,take_profit
2021-01-14 16:12:00+00:00,2021-01-14 23:59:00+00:00,1236.69,1216.29376845822,1228.4567061428022,1.2062071583759932,1468.5708210234416,1480.2914994317375,11.720678408295953,0.007981009999999766,5,0.05903662195052922,take_profit
2021-01-15 00:00:00+00:00,2021-01-15 00:05:00+00:00,1231.89,1231.89,1244.2089,0.45354875314109183,559.2814549619416,563.7450858468075,4.463630884865893,0.007981010000000156,1,0.005373856431986718,take_profit
2021-01-15 00:06:00+00:00,2021-01-15 00:37:00+00:00,1243.62,1243.62,1256.0562,0.4494500988000183,559.5046365061849,563.9700486051872,4.4654120990023785,0.007981010000000273,1,0.004036602820797336,take_profit
2021-01-15 00:38:00+00:00,2021-01-15 08:01:00+00:00,1254.66,1233.9673964645876,1246.3070704292336,1.1911283100616235,1471.2847844064117,1483.0271229836076,11.742338577195824,0.007981010000000278,5,0.06316452265952528,take_profit
2021-01-15 08:02:00+00:00,2021-01-15 10:12:00+00:00,1247.15,1226.5812558787322,1238.8470684375195,1.1995578997117171,1472.828063190843,1484.5827186914498,11.75465550060676,0.007981010000000005,5,0.03379705729062269,take_profit
2021-01-15 10:13:00+00:00,2021-01-16 00:03:00+00:00,1238.95,1170.6204009566623,1182.3266049662288,2.6440865608580957,3098.319990025852,3123.047712849448,24.727722823596196,0.007981009999999992,8,0.1368336091044836,take_profit
2021-01-16 00:04:00+00:00,2021-01-16 00:17:00+00:00,1184.33,1184.33,1196.1733,0.4741727422367489,562.139142956205,566.6255810775299,4.486438121324909,0.007981010000000014,1,0.0005235027399457,take_profit
2021-01-16 00:18:00+00:00,2021-01-16 07:12:00+00:00,1196.29,1176.5600694344455,1188.3256701287899,1.2551287112633636,1478.2125362093982,1490.010165243011,11.797629033612793,0.007981010000000151,5,0.03721505654983322,take_profit
2021-01-16 07:13:00+00:00,2021-01-16 08:34:00+00:00,1186.78,1186.78,1198.6478,0.4738792303271356,562.9533463139519,567.446282600417,4.492936286465124,0.00798101000000002,1,0.008240785992349023,take_profit
2021-01-16 08:35:00+00:00,2021-01-16 08:35:00+00:00,1197.77,1197.77,1209.7477,0.4697185729607077,563.1779931282751,567.6727223232118,4.494729194936667,0.00798100999999995,1,0.00024211660001499755,take_profit
2021-01-16 08:36:00+00:00,2021-01-16 10:01:00+00:00,1209.65,1209.65,1221.7465000000002,0.46529105680025956,563.402729588022,567.8992524068914,4.49652281886938,0.007981010000000142,1,0.00462117141321882,take_profit
2021-01-16 10:02:00+00:00,2021-01-16 13:06:00+00:00,1222.78,1215.5211672306164,1227.6763789029226,0.7146952491551786,869.5968002675465,876.5370610264497,6.94026075890315,0.007981009999999837,3,0.02844338311061677,take_profit
2021-01-16 13:07:00+00:00,2021-01-16 13:16:00+00:00,1227.03,1227.03,1239.3002999999999,0.45916611182949374,563.9745687669106,568.475655439985,4.501086673074383,0.007981009999999967,1,0.001409908478195332,take_profit
2021-01-16 13:17:00+00:00,2021-01-16 15:36:00+00:00,1239.98,1238.0638047986986,1250.4444428466857,0.5376351305682836,666.2928882330473,671.6105784369641,5.317690203916868,0.007981010000000054,2,0.01879869030145643,take_profit
2021-01-16 15:37:00+00:00,2021-01-16 15:40:00+00:00,1250.36,1250.36,1262.8636,0.4509909482894121,564.46550761076,568.9705124716565,4.50500486089652,0.007981009999999943,1,0.0003039124732076216,take_profit
2021-01-16 15:41:00+00:00,2021-01-16 15:45:00+00:00,1260.7,1260.7,1273.307,0.44747050614416684,564.6907578538049,569.1975604391437,4.506802585338733,0.007981009999999887,1,0.0005076544776712144,take_profit
2021-01-16 15:46:00+00:00,2021-01-16 16:01:00+00:00,1272.62,1270.6533647824315,1283.3598984302557,0.524511161275367,667.1390109514372,672.4634540692306,5.3244431177934075,0.007981009999999816,2,0.010073706212380708,take_profit
2021-01-16 16:02:00+00:00,2021-01-16 16:12:00+00:00,1285.75,1283.7630744204962,1296.6007051647011,0.5193995422672918,667.4534066402973,672.7803589532276,5.3269523129303025,0.007981010000000035,2,0.013486292047443062,take_profit
2021-01-16 16:13:00+00:00,2021-01-16 20:30:00+00:00,1284.59,1263.4037729938343,1276.0378107237727,1.1752663098770115,1486.3222123835408,1498.1845648237959,11.862352440255108,0.007981009999999964,5,0.05152616788235922,take_profit
2021-01-16 20:31:00+00:00,2021-01-17 15:15:00+00:00,1273.92,1225.3471473906434,1237.60061886455,1.8810888371118242,2307.294134678034,2325.7086722398412,18.414537561807265,0.00798101000000023,7,0.08549987440341628,take_profit
2021-01-17 15:16:00+00:00,2021-01-17 15:58:00+00:00,1234.25,1234.25,1246.5925,0.4588985616710198,566.9625122547109,571.4874457346409,4.524933479930041,0.007981010000000125,1,0.0025521571804740456,take_profit
2021-01-17 15:59:00+00:00,2021-01-17 21:10:00+00:00,1240.73,1233.3646100018339,1245.6982561018522,0.7088059197937199,875.0912280614341,882.0753399035044,6.98411184207032,0.007981009999999695,3,0.02433244944508479,take_profit
2021-01-17 21:11:00+00:00,2021-01-17 21:14:00+00:00,1245.38,1245.38,1257.8338,0.4552589784293067,567.5379645208109,572.0674906910311,4.529526170220265,0.00798101000000005,1,0.00020074194221843933,take_profit
2021-01-17 21:15:00+00:00,2021-01-18 12:12:00+00:00,1258.15,1237.3998372960966,1249.7738356690577,1.2048789186794642,1492.409387322789,1504.3203215671058,11.910934244316877,0.007981009999999882,5,0.06006438024082991,take_profit
2021-01-18 12:13:00+00:00,2021-01-18 23:30:00+00:00,1249.59,1232.4090534279903,1244.7331439622703,1.0442915460651936,1288.2826384274854,1298.5644350476016,10.28179662011621,0.00798101000000005,4,0.030353956097599884,take_profit
2021-01-18 23:31:00+00:00,2021-01-18 23:41:00+00:00,1245.61,1245.61,1258.0661,0.45624650034534964,568.8740773725435,573.4142670727946,4.540189700251062,0.007981010000000033,1,0.00044155072615020314,take_profit
2021-01-18 23:42:00+00:00,2021-01-19 00:01:00+00:00,1255.97,1255.97,1268.5297,0.4526636669432379,569.1010868575561,573.6430883227771,4.542001465221006,0.007981009999999969,1,0.0007723114405599077,take_profit
2021-01-19 00:02:00+00:00,2021-01-19 01:19:00+00:00,1269.98,1268.01744448963,1280.6976189345262,0.5297065362469818,672.3494778992506,677.7155058058593,5.366027906608679,0.00798100999999997,2,0.014559284398179505,take_profit
2021-01-19 01:20:00+00:00,2021-01-19 01:23:00+00:00,1280.24,1280.24,1293.0424,0.4444689213255493,569.5964883261474,574.1424435954433,4.54595526929586,0.007981009999999988,1,0.0005467724801600056,take_profit
2021-01-19 01:24:00+00:00,2021-01-19 01:29:00+00:00,1294.92,1294.92,1307.8692,0.4396055063660478,569.8237860896122,574.3715554246313,4.5477693350190975,0.007981010000000073,1,0.004764773113397023,take_profit
2021-01-19 01:30:00+00:00,2021-01-19 01:31:00+00:00,1304.68,1304.68,1317.7268000000001,0.4364910348758369,570.0511745563633,574.6007586810094,4.549584124646117,0.007981010000000063,1,0.0006208418922649023,take_profit
2021-01-19 01:32:00+00:00,2021-01-19 01:42:00+00:00,1317.45,1317.45,1330.6245000000001,0.4324326350972204,570.2786537625956,574.8300534010615,4.5513996384659094,0.007981010000000168,1,0.006375953546624229,take_profit
2021-01-19 01:43:00+00:00,2021-01-19 02:54:00+00:00,1331.57,1329.5122667751118,1342.807389442863,0.506251021082013,673.7406832792412,679.1178144098998,5.37713113065854,0.007981010000000123,2,0.018376803322393886,take_profit
2021-01-19 02:55:00+00:00,2021-01-19 07:47:00+00:00,1341.15,1333.1884831542397,1346.520367985782,0.6598795266490087,880.624409607337,887.6526818266572,7.028272219320115,0.007981009999999844,3,0.02905715244379825,take_profit
2021-01-19 07:48:00+00:00,2021-01-19 07:49:00+00:00,1347.54,1347.54,1361.0154,0.4234051437568502,571.126493912018,575.6846601711947,4.558166259176687,0.007981009999999882,1,0.0008237232289949834,take_profit
2021-01-19 07:50:00+00:00,2021-01-19 07:52:00+00:00,1359.74,1359.74,1373.3374000000001,0.4197736683650932,571.3544022249769,575.9143874226784,4.559985197701508,0.007981009999999905,1,0.0004559695235854783,take_profit
2021-01-19 07:53:00+00:00,2021-01-19 08:19:00+00:00,1372.05,1372.05,1385.7704999999999,0.41617347697487483,571.5824014848619,576.1442063469365,4.5618048620746094,0.007981009999999846,1,0.006763601909551381,take_profit
2021-01-19 08:20:00+00:00,2021-01-19 11:24:00+00:00,1385.67,1383.5286636844246,1397.363950321269,0.4875979070079511,675.2809616596926,680.6703857675083,5.389424107815671,0.007981010000000071,2,0.016454134101193056,take_profit
2021-01-19 11:25:00+00:00,2021-01-19 11:42:00+00:00,1398.0,1398.0,1411.98,0.4088039220103169,572.0799629333563,576.6457388383271,4.565775904970792,0.00798101000000008,1,0.005007153075822604,take_profit
2021-01-19 11:43:00+00:00,2021-01-19 11:54:00+00:00,1411.55,1411.55,1425.6655,0.4050412266493404,572.308251728605,576.8758496087336,4.567597880128574,0.007981010000000104,1,0.008182494421026499,take_profit
2021-01-19 11:55:00+00:00,2021-01-19 13:48:00+00:00,1426.95,1403.4158866825614,1417.4500455493871,1.0712779387270055,1504.9534316937209,1516.964480081603,12.011048387882056,0.0079810100000001,5,0.03920950278566176,take_profit
2021-01-19 13:49:00+00:00,2021-01-19 16:04:00+00:00,1417.34,1408.9261937246615,1423.0154556619082,0.6269913451624247,884.2687982362368,891.3261563576482,7.057358121411426,0.007981010000000042,3,0.02439781562645514,take_profit
2021-01-19 16:05:00+00:00,2021-01-19 21:47:00+00:00,1426.27,1402.7471016494883,1416.7745726659832,1.073573492887413,1507.4595651206566,1519.4906149844803,12.031049863823682,0.007981010000000047,5,0.06440575767561535,take_profit
2021-01-19 21:48:00+00:00,2021-01-20 00:44:00+00:00,1416.28,1392.9218627077184,1406.8510813347957,1.0822801970368374,1509.040788817045,1521.084458443002,12.043669625956909,0.007981010000000122,5,0.04326828028355973,take_profit
2021-01-20 00:45:00+00:00,2021-01-20 19:53:00+00:00,1407.33,1329.7140392092813,1343.0111796013741,2.384967313624568,3174.4990190008343,3199.83472741647,25.33570841563551,0.007981009999999893,8,0.12215329737872416,take_profit
2021-01-20 19:54:00+00:00,2021-01-20 23:20:00+00:00,1343.01,1335.0374415695303,1348.3878159852256,0.6649523317178493,888.624884586878,895.7170086770147,7.0921240901367355,0.007981010000000018,3,0.028302097527196365,take_profit
2021-01-20 23:21:00+00:00,2021-01-20 23:29:00+00:00,1351.75,1351.75,1365.2675,0.4259211129042396,576.3151795478537,580.914756758977,4.599577211123233,0.007981010000000028,1,0.003817273904198322,take_profit
2021-01-20 23:30:00+00:00,2021-01-20 23:49:00+00:00,1364.49,1364.49,1378.1349,0.4221127404744641,576.54515840841,581.146571083119,4.601412674709081,0.00798100999999996,1,0.005313340515503961,take_profit
2021-01-20 23:50:00+00:00,2021-01-22 18:50:00+00:00,1379.24,1245.8408307276466,1258.299239034923,3.893789720987731,4855.898118792919,4894.653090237985,38.754971445066076,0.00798100999999971,10,0.24428670862213978,take_profit
2021-01-22 18:51:00+00:00,2021-01-22 19:34:00+00:00,1258.39,1258.39,1270.9739000000002,0.45942375943609237,578.7129776143987,583.331691675869,4.618714061470314,0.007981010000000037,1,0.005403730163145115,take_profit
2021-01-22 19:35:00+00:00,2021-01-23 05:45:00+00:00,1270.97,1250.0084021843343,1262.5084862061776,1.2162107320284716,1521.795429291641,1533.940893830772,12.145464539130899,0.007981010000000012,5,0.05135447728899972,take_profit
2021-01-23 05:46:00+00:00,2021-01-23 16:37:00+00:00,1264.23,1243.3795622976943,1255.8133579206713,1.2239772510356244,1523.391690345355,1535.5498946599182,12.158204314563136,0.007981009999999969,5,0.05404870949115266,take_profit
2021-01-23 16:38:00+00:00,2021-01-24 02:32:00+00:00,1256.26,1248.8024187058456,1261.2904428929041,0.7160520274698122,895.1026064299563,902.2464292828996,7.1438228529433445,0.007981009999999776,3,0.02886345183321923,take_profit
2021-01-24 02:33:00+00:00,2021-01-24 03:55:00+00:00,1263.31,1263.31,1275.9431,0.4590605406550263,580.516287902804,585.1493942017191,4.633106298915095,0.007981009999999891,1,0.005667650853709585,take_profit
2021-01-24 03:56:00+00:00,2021-01-24 03:58:00+00:00,1275.14,1275.14,1287.8914000000002,0.45498313540045165,580.7479432177497,585.38289836005,4.634955142300328,0.007981010000000061,1,0.0007920698903649724,take_profit
2021-01-24 03:59:00+00:00,2021-01-24 04:02:00+00:00,1290.0,1290.0,1302.9,0.4499214816154185,580.9796909748648,585.6164956983321,4.636804723467321,0.007981010000000028,1,0.001085271317829528,take_profit
2021-01-24 04:03:00+00:00,2021-01-24 04:46:00+00:00,1303.07,1301.056309068727,1314.0668721594143,0.5270308085050088,686.3831416206544,691.8611723377604,5.47803071710598,0.007981010000000177,2,0.01116593889814051,take_profit
2021-01-24 04:47:00+00:00,2021-01-24 05:05:00+00:00,1314.99,1314.99,1328.1399000000001,0.44175541054619916,581.4854327468934,586.1262738005007,4.640841053607346,0.007981010000000108,1,0.006836553890143658,take_profit
2021-01-24 05:06:00+00:00,2021-01-24 09:29:00+00:00,1327.18,1325.1290508336724,1338.3803413420092,0.5179070339130308,686.9806369061632,692.4634362391178,5.482799332954528,0.007981010000000103,2,0.016169622809264785,take_profit
2021-01-24 09:30:00+00:00,2021-01-24 16:03:00+00:00,1341.32,1322.8778331645037,1336.1066114961488,0.9962082510099416,1319.1809934701018,1329.7093901707965,10.528396700694657,0.007981009999999879,4,0.0321325261682521,take_profit
2021-01-24 16:04:00+00:00,2021-01-24 17:05:00+00:00,1337.18,1329.2420504076251,1342.5344709117014,0.6754551348580885,898.7421105276521,905.9149802991946,7.172869771542423,0.00798101000000014,3,0.024813413302621982,take_profit
2021-01-24 17:06:00+00:00,2021-01-24 17:33:00+00:00,1342.87,1342.87,1356.2986999999998,0.4336188919342478,582.8766780898331,587.5286226864348,4.651944596601652,0.007981009999999851,1,0.00635951357912528,take_profit
2021-01-24 17:34:00+00:00,2021-01-24 21:20:00+00:00,1357.87,1335.475195381513,1348.8299473353281,1.146566886270012,1532.7443808402577,1544.9772290711876,12.232848230929903,0.007981009999999998,5,0.03525374299454285,take_profit
2021-01-24 21:21:00+00:00,2021-01-24 22:37:00+00:00,1349.07,1349.07,1362.5607,0.4322512522059484,583.72091773121,588.379600212832,4.658682481622009,0.007981010000000077,1,0.005203584691676475,take_profit
2021-01-24 22:38:00+00:00,2021-01-24 22:48:00+00:00,1363.11,1363.11,1376.7411,0.4279697882074343,583.9538518552911,588.6143933864867,4.660541531195577,0.007981009999999965,1,0.001159114084703309,take_profit
2021-01-24 22:49:00+00:00,2021-01-24 23:49:00+00:00,1376.01,1376.01,1389.7701,0.4241267810938285,584.1868789318509,588.8492802544746,4.662401322623737,0.007981009999999737,1,0.008793540744616616,take_profit
2021-01-24 23:50:00+00:00,2021-01-25 00:09:00+00:00,1389.53,1389.53,1403.4252999999999,0.4201676674839579,584.419998997982,589.0842608541849,4.66426185620287,0.007981009999999976,1,0.004613070606608049,take_profit
2021-01-25 00:10:00+00:00,2021-01-25 00:20:00+00:00,1406.82,1406.82,1420.8881999999999,0.41516935988875725,584.6532120907922,589.319335223021,4.66612313222879,0.007981010000000097,1,0.004023258128260797,take_profit
2021-01-25 00:21:00+00:00,2021-01-25 00:23:00+00:00,1419.64,1419.64,1433.8364000000001,0.4115843676771267,584.8865182474036,589.5545033984013,4.6679851509976515,0.0079810099999999,1,0.00027471753402278043,take_profit
2021-01-25 00:24:00+00:00,2021-01-25 00:28:00+00:00,1433.01,1433.01,1447.3401,0.4079069912892782,585.1199175049535,589.7897654177597,4.669847912806176,0.007981009999999945,1,0.0032379397212860344,take_profit
2021-01-25 00:29:00+00:00,2021-01-25 00:48:00+00:00,1451.3,1449.0572427816185,1463.5478152094347,0.4765741533384375,691.2745031207012,696.7915718428526,5.517068722151407,0.007981010000000087,2,0.013456900709708518,take_profit
2021-01-25 00:49:00+00:00,2021-01-28 13:57:00+00:00,1468.13,1326.133449447652,1339.3947839421287,3.714188957782378,4930.440655139465,4969.790551312539,39.34989617307383,0.007981009999999839,10,0.17786572033811726,take_profit
2021-01-28 13:58:00+00:00,2021-01-28 14:06:00+00:00,1339.84,1339.84,1353.2384,0.4381188510472965,587.596758145355,592.2863737480807,4.689615602725667,0.007981010000000012,1,0.0058738356818723815,take_profit
2021-01-28 14:07:00+00:00,2021-01-28 22:16:00+00:00,1352.03,1344.003895820025,1357.4439347782254,0.6741295088227286,906.939625770758,914.1779199934307,7.238294222672721,0.007981010000000049,3,0.02369030272996899,take_profit
2021-01-28 22:17:00+00:00,2021-01-29 00:24:00+00:00,1355.27,1347.2246620918213,1360.6969087127395,0.6729319436981016,907.4980084679355,914.7407591484981,7.242750680562608,0.007981009999999924,3,0.023552502453385728,take_profit
2021-01-29 00:25:00+00:00,2021-01-29 08:55:00+00:00,1364.27,1341.769642751616,1355.187339179132,1.151846422545208,1547.0596225057163,1559.4067208235308,12.34709831781447,0.00798101000000008,5,0.057847786728433576,take_profit
2021-01-29 08:56:00+00:00,2021-01-29 08:59:00+00:00,1363.19,1361.0834030093533,1374.694237039447,0.5106880686458225,695.7848391879184,701.3379049473255,5.5530657594071045,0.007981009999999908,2,0.011253016820839462,take_profit
2021-01-29 09:00:00+00:00,2021-01-29 09:00:00+00:00,1375.82,1375.82,1389.5782,0.4280071877681235,589.4502993745142,594.1547081083252,4.704408733810965,0.007981009999999955,1,9.448910467930527e-05,take_profit
2021-01-29 09:01:00+00:00,2021-01-29 09:38:00+00:00,1395.92,1372.8976520115784,1386.6266285316942,1.1278921458128812,1550.0305092180233,1562.4013182123977,12.370808994374329,0.007981010000000125,5,0.03647773511376015,take_profit
2021-01-29 09:39:00+00:00,2021-01-29 11:00:00+00:00,1389.96,1370.8490688167874,1384.5575595049552,0.9750778145172168,1338.0225365914264,1348.7013078361877,10.678771244761265,0.007981009999999794,4,0.03234625456847682,take_profit
2021-01-29 11:01:00+00:00,2021-01-29 11:24:00+00:00,1388.9,1388.9,1402.7890000000002,0.4249745559970756,590.8379988231616,595.5534828001493,4.715483976987684,0.007981010000000075,1,0.0014975880192959568,take_profit
2021-01-29 11:25:00+00:00,2021-01-29 11:31:00+00:00,1405.56,1405.56,1419.6155999999999,0.4201049398453207,591.073773022011,595.7911387152373,4.71736569322627,0.00798100999999978,1,0.005264805486780972,take_profit
2021-01-29 11:32:00+00:00,2021-01-29 14:00:00+00:00,1416.62,1414.430835298902,1428.575143651891,0.4932091431003132,698.3085287812129,703.8817361325011,5.573207351288261,0.007981010000000162,2,0.013821631771399478,take_profit
2021-01-29 14:01:00+00:00,2021-01-29 22:23:00+00:00,1432.29,1392.5052502688618,1406.4303027715505,1.4227925707622204,1983.2293541841075,1999.0575274921441,15.82817330803664,0.007981009999999867,6,0.08320242409009354,take_profit
2021-01-29 22:24:00+00:00,2021-02-01 23:05:00+00:00,1405.18,1351.6023805030018,1365.1184043080318,1.7847244987417177,2414.652533574907,2433.9238995918936,19.271366016986576,0.007981009999999962,7,0.09620831494897454,take_profit
2021-02-01 23:06:00+00:00,2021-02-02 00:02:00+00:00,1368.0,1368.0,1381.68,0.4332967363756193,593.3432786404877,598.0787572807502,4.7354786402624995,0.007981009999999967,1,0.00706140350877199,take_profit
2021-02-02 00:03:00+00:00,2021-02-02 00:11:00+00:00,1384.19,1384.19,1398.0319000000002,0.4283996218148724,593.5800525725008,598.3174209078825,4.737368335381689,0.007981010000000057,1,0.002586350139793059,take_profit
2021-02-02 00:12:00+00:00,2021-02-02 06:40:00+00:00,1399.13,1390.824294400769,1404.7325373447768,0.6580691084447645,916.1746780977305,923.4866773653754,7.311999267644865,0.007981010000000106,3,0.02776725536583458,take_profit
2021-02-02 06:41:00+00:00,2021-02-02 07:03:00+00:00,1404.28,1404.28,1418.3228,0.4226994178025034,594.1825209526522,598.9246975942004,4.7421766415482125,0.007981009999999808,1,0.0020935995670379516,take_profit
2021-02-02 07:04:00+00:00,2021-02-02 08:07:00+00:00,1417.35,1417.35,1431.5235,0.4189686458213885,594.4196297847296,599.1636987942379,4.74406900950828,0.007981010000000092,1,0.009390764454792356,take_profit
2021-02-02 08:08:00+00:00,2021-02-02 08:54:00+00:00,1431.75,1429.5374542496952,1443.8328287921922,0.4907595387375694,702.2614030587182,707.8661583391441,5.604755280425934,0.007981010000000389,2,0.01825039287585131,take_profit
2021-02-02 08:55:00+00:00,2021-02-02 16:27:00+00:00,1444.74,1436.1635381219521,1450.5251735031716,0.6384962313075069,917.9029095416632,925.2287018417442,7.325792300080934,0.00798100999999981,3,0.025430181209075687,take_profit
2021-02-02 16:28:00+00:00,2021-02-02 16:29:00+00:00,1453.05,1453.05,1467.5805,0.40928258301752596,595.3033606142303,600.0544826883261,4.751122074095747,0.007981009999999948,1,0.001548467017652524,take_profit
2021-02-02 16:30:00+00:00,2021-02-02 16:30:00+00:00,1466.31,1466.31,1480.9731,0.40574324378966053,595.540916717935,600.29393472967,4.75301801173498,0.007981009999999955,1,0.0,take_profit
2021-02-02 16:31:00+00:00,2021-02-02 16:39:00+00:00,1478.11,1478.11,1492.8910999999998,0.4026647469071337,595.7785676185218,600.5334823244709,4.754914705949091,0.007981009999999986,1,0.007015716015722708,take_profit
2021-02-02 16:40:00+00:00,2021-02-02 19:55:00+00:00,1495.25,1486.3736937973954,1501.2374307353693,0.6180467685377529,919.5680263173211,926.9071079310397,7.339081613718577,0.007981009999999754,3,0.020859388062196994,take_profit
2021-02-02 19:56:00+00:00,2021-02-02 20:02:00+00:00,1507.02,1507.02,1522.0902,0.3953410599508107,596.3832674345052,601.1430082557328,4.759740821227524,0.007981010000000106,1,0.0004445860041672126,take_profit
2021-02-02 20:03:00+00:00,2021-02-02 20:08:00+00:00,1523.18,1523.18,1538.4118,0.3913028225298986,596.6212544755666,601.3828946737485,4.761640198181908,0.007981009999999776,1,0.002809910844417582,take_profit
2021-02-02 20:09:00+00:00,2021-02-02 22:27:00+00:00,1535.87,1526.752559834547,1542.0200854328923,0.6025520088118979,920.868690577591,928.2181528057777,7.349462228186667,0.007981010000000007,3,0.025229999934890324,take_profit
2021-02-02 22:28:00+00:00,2021-02-03 04:07:00+00:00,1541.9,1532.7467637292789,1548.0742313665717,0.6005651000061939,921.4356490923369,928.7896362220991,7.353987129762231,0.007981009999999782,3,0.021732926908359807,take_profit
2021-02-03 04:08:00+00:00,2021-02-03 06:35:00+00:00,1548.24,1548.24,1563.7224,0.38559713897355696,597.5945089533733,602.3639167052752,4.769407751901895,0.007981009999999887,1,0.006090786958094394,take_profit
2021-02-03 06:36:00+00:00,2021-02-03 11:18:00+00:00,1563.97,1542.466558863127,1557.8912244517583,0.8776417165357905,1355.0880865061945,1365.9030580754816,10.814971569287081,0.007981010000000205,4,0.032986566238482784,take_profit
2021-02-03 11:19:00+00:00,2021-02-03 15:20:00+00:00,1558.8,1549.546439653155,1565.0419040496865,0.595194794707008,923.2051802185533,930.5732899939294,7.36810977537607,0.007981009999999993,3,0.022812419810110306,take_profit
2021-02-03 15:21:00+00:00,2021-02-03 15:28:00+00:00,1570.0,1570.0,1585.7,0.3809830517673843,598.7421334082015,603.5207003623538,4.778566954152211,0.007981010000000035,1,0.0007133757961782744,take_profit
2021-02-03 15:29:00+00:00,2021-02-03 16:00:00+00:00,1586.32,1586.32,1602.1832,0.3772139799625254,598.9810617559092,603.7615355995938,4.780473843684604,0.007981010000000125,1,0.0033536739119471083,take_profit
2021-02-03 16:01:00+00:00,2021-02-03 17:16:00+00:00,1604.47,1601.9905424969502,1618.0104479219196,0.4412902058309976,707.6503866244151,713.2981514365683,5.647764812153241,0.007981009999999884,2,0.015188816244616675,take_profit
2021-02-03 17:17:00+00:00,2021-02-03 17:35:00+00:00,1619.54,1619.54,1635.7354,0.36979819653420865,599.502473688701,604.2871089262352,4.784635237534189,0.007981009999999882,1,0.0014263309334749037,take_profit
2021-02-03 17:36:00+00:00,2021-02-03 21:36:00+00:00,1635.09,1625.3835565899906,1641.6373921558904,0.5687214286140374,925.3157741237484,932.7007285701876,7.384954446439224,0.007981009999999834,3,0.02119149404619921,take_profit
2021-02-03 21:37:00+00:00,2021-02-03 23:39:00+00:00,1644.0,1641.4594550630336,1657.874049613664,0.43131967368573576,708.7024589851385,714.3586203973234,5.656161412184929,0.007981009999999927,2,0.010954987834549873,take_profit
2021-02-03 23:40:00+00:00,2021-02-04 00:03:00+00:00,1659.4,1659.4,1675.9940000000001,0.3614519509957004,600.3937612435087,605.1855098559308,4.791748612422111,0.007981010000000092,1,0.003495239243100025,take_profit
2021-02-04 00:04:00+00:00,2021-02-04 01:13:00+00:00,1675.96,1675.96,1692.7196000000001,0.35802329132285715,600.6333486741298,605.4270094362316,4.793660762101808,0.007981010000000153,1,0.008777059118356068,take_profit
2021-02-04 01:14:00+00:00,2021-02-04 06:31:00+00:00,1690.78,1662.8946444410399,1679.5235908854502,0.9488624254995377,1579.437683357874,1592.0431913031302,12.60550794525625,0.00798101000000014,5,0.03446338376370668,take_profit
2021-02-04 06:32:00+00:00,2021-02-04 17:25:00+00:00,1679.45,1632.799881702756,1649.1278805197835,1.2337407565327125,2016.46822954803,2032.5616826527348,16.09345310470485,0.007981009999999865,6,0.07443508291404924,take_profit
2021-02-04 17:26:00+00:00,2021-02-04 19:00:00+00:00,1646.43,1643.8856998779993,1660.3245568767793,0.4322598254731128,711.2970427697798,716.9739115810956,5.676868811315899,0.0079810099999998,2,0.014030356589712368,take_profit
2021-02-04 19:01:00+00:00,2021-02-05 03:11:00+00:00,1658.6,1631.245376258241,1647.5578300208235,0.9700390370137308,1583.9556495682134,1596.597215446974,12.641565878760503,0.007981010000000061,5,0.04256601953454715,take_profit
2021-02-05 03:12:00+00:00,2021-02-05 06:25:00+00:00,1642.24,1639.7021748678326,1656.0991966165109,0.4340216991403019,712.3787027229081,718.0642042731266,5.685501550218532,0.007981009999999965,2,0.012178487918939985,take_profit
2021-02-05 06:26:00+00:00,2021-02-05 08:02:00+00:00,1656.38,1656.3799999999999,1672.9437999999998,0.36398934326674487,603.5081765767476,608.3247813690883,4.8166047923407405,0.00798100999999992,1,0.007945036766925513,take_profit
2021-02-05 08:03:00+00:00,2021-02-05 13:44:00+00:00,1668.57,1665.9914859699063,1682.6514008296053,0.4275446989188215,712.998827097421,718.6892778664738,5.690450769052859,0.007981010000000099,2,0.016391281156918746,take_profit
2021-02-05 13:45:00+00:00,2021-02-05 13:49:00+00:00,1685.92,1685.92,1702.7792000000002,0.35792297133046785,604.0335293548172,608.8543269929334,4.820797638116119,0.007981010000000049,1,0.0027106861535542395,take_profit
2021-02-05 13:50:00+00:00,2021-02-05 14:08:00+00:00,1706.85,1706.8499999999997,1723.9184999999998,0.3536750708424797,604.2745692367231,609.0972906165471,4.8227213798239745,0.007981009999999992,1,0.0038667721240881795,take_profit
2021-02-05 14:09:00+00:00,2021-02-05 14:43:00+00:00,1720.96,1720.96,1738.1696,0.35091529704374796,604.5157053057143,609.3403511949161,4.824645889201861,0.007981009999999839,1,0.0051192357753811505,take_profit
2021-02-05 14:44:00+00:00,2021-02-05 16:03:00+00:00,1735.89,1735.8899999999999,1753.2488999999998,0.34803598192430063,604.7569376001744,609.5835087667307,4.826571166556278,0.007981009999999851,1,0.009718357730040565,take_profit
2021-02-05 16:04:00+00:00,2021-02-08 12:45:00+00:00,1756.5,1659.6268891241596,1676.2231580154012,2.0116288252427355,3341.8951844945827,3368.5668833809864,26.671698886403647,0.00798101000000016,8,0.15146029035012806,take_profit
2021-02-08 12:46:00+00:00,2021-02-08 12:49:00+00:00,1673.9,1673.9,1690.6390000000001,0.36186481823987066,606.3318511028224,611.1709916697924,4.839140566970059,0.007981009999999872,1,0.002174562399187586,take_profit
2021-02-08 12:50:00+00:00,2021-02-08 12:57:00+00:00,1687.37,1687.37,1704.2437,0.3591193599050829,606.573808131171,611.4148797596039,4.841071628432928,0.007981009999999953,1,0.00045040506824228885,take_profit
2021-02-08 12:58:00+00:00,2021-02-08 13:00:00+00:00,1702.04,1702.04,1719.0604,0.3561661569944773,606.8158617125927,611.6588651730796,4.843003460486898,0.00798101000000013,1,0.000681535099057516,take_profit
2021-02-08 13:01:00+00:00,2021-02-08 15:23:00+00:00,1719.16,1708.954488833794,1726.0440337221319,0.5475085451895924,936.6037897663804,944.0788339785437,7.475044212163311,0.007981009999999927,3,0.02554736033877014,take_profit
2021-02-08 15:24:00+00:00,2021-02-08 15:39:00+00:00,1726.0,1726.0,1743.26,0.35157840807191715,607.4317640962252,612.2796830797948,4.847918983569684,0.007981010000000116,1,0.0017381228273464658,take_profit
2021-02-08 15:40:00+00:00,2021-02-08 16:03:00+00:00,1743.51,1743.51,1760.9451,0.3481864089597182,607.6741600454036,612.5240135934675,4.8498535480639475,0.007981009999999969,1,0.007748736743695184,take_profit
2021-02-08 16:04:00+00:00,2021-02-08 23:39:00+00:00,1763.41,1734.326787017692,1751.670054887869,0.9204461373168907,1597.9523442999487,1610.7056179393298,12.753273639381177,0.007981009999999903,5,0.047498880010887985,take_profit
2021-02-08 23:40:00+00:00,2021-02-09 00:05:00+00:00,1749.47,1746.7664676697848,1764.2341323464827,0.41101945137860085,718.6736688970685,724.4094106352727,5.735741738204183,0.007981009999999986,2,0.011089072690586343,take_profit
2021-02-09 00:06:00+00:00,2021-02-09 06:49:00+00:00,1765.2,1740.9297938612574,1758.33909179987,0.7919100469231473,1380.039834581155,1391.0539463013451,11.014111720190158,0.007981009999999721,4,0.03212667119873104,take_profit
2021-02-09 06:50:00+00:00,2021-02-09 08:04:00+00:00,1758.69,1755.9722196014643,1773.531941797479,0.4094273457916615,719.6627078631832,725.4063431312665,5.743635268083267,0.007981010000000172,2,0.010018820826865518,take_profit
2021-02-09 08:05:00+00:00,2021-02-09 08:14:00+00:00,1778.63,1778.63,1796.4163,0.3424373320197335,609.6789908410997,614.5448449637925,4.865854122692781,0.007981010000000092,1,0.004565311503797933,take_profit
2021-02-09 08:15:00+00:00,2021-02-09 09:08:00+00:00,1798.0,1795.2214721431476,1813.1736868645792,0.40082457509771335,720.2891729510195,726.0378080432334,5.748635092213931,0.00798101000000016,2,0.011123470522803115,take_profit
2021-02-09 09:09:00+00:00,2021-02-10 01:59:00+00:00,1814.05,1784.131601833632,1801.9729178519683,0.8981264843967913,1603.979823079135,1616.7812020869276,12.801379007792548,0.007981009999999839,5,0.056150602243598524,take_profit
2021-02-10 02:00:00+00:00,2021-02-10 02:48:00+00:00,1803.52,1803.5200000000002,1821.5552000000002,0.3383599485827617,610.8497842522346,615.7249824888496,4.875198236615006,0.00798101000000013,1,0.0042749733853797225,take_profit
2021-02-10 02:49:00+00:00,2021-02-10 06:07:00+00:00,1824.63,1799.5426749224262,1817.5381016716503,0.7689510455564826,1385.145366771881,1396.200225795541,11.054859023659901,0.007981009999999893,4,0.031683135759030694,take_profit
2021-02-10 06:08:00+00:00,2021-02-10 08:07:00+00:00,1817.47,1817.47,1835.6447,0.33620067501974343,611.6462871152484,616.527842249178,4.8815551339296235,0.007981009999999927,1,0.009612263201043223,take_profit
2021-02-10 08:08:00+00:00,2021-02-11 10:42:00+00:00,1836.15,1766.1400752647965,1783.8014760174444,1.4108096696194357,2494.181677763736,2514.0877666757856,19.906088912049654,0.0079810100000002,7,0.08504207172616621,take_profit
2021-02-11 10:43:00+00:00,2021-02-11 13:13:00+00:00,1783.64,1780.8836632777552,1798.6924999105327,0.40601473108630914,723.788790432151,729.5653560064779,5.7765655743269235,0.00798101000000003,2,0.014072346437622018,take_profit
2021-02-11 13:14:00+00:00,2021-02-11 13:23:00+00:00,1800.68,1800.68,1818.6868000000002,0.3401833324625516,613.1744975962637,618.0682493933244,4.893751797060759,0.007981010000000004,1,0.001943710153941844,take_profit
2021-02-11 13:24:00+00:00,2021-02-12 14:17:00+00:00,1807.97,1778.1518768320343,1795.9333956003547,0.9058864705323662,1612.4161439177922,1625.2848532865614,12.86870936876926,0.007981009999999952,5,0.0376610231364458,take_profit
2021-02-12 14:18:00+00:00,2021-02-12 16:22:00+00:00,1797.48,1786.8095550088226,1804.6776505589107,0.5296946654918379,947.4109004384565,954.9721963089647,7.561295870508275,0.007981009999999946,3,0.025919620802456727,take_profit
2021-02-12 16:23:00+00:00,2021-02-12 16:59:00+00:00,1804.68,1804.6800000000003,1822.7268000000004,0.34013024179501766,614.4406854480807,619.3445427030487,4.903857254967988,0.007981010000000004,1,0.002593257530420941,take_profit
2021-02-12 17:00:00+00:00,2021-02-12 17:46:00+00:00,1823.87,1823.87,1842.1087,0.33668583420557285,614.685878310829,619.5916924524864,4.905814141657402,0.007981009999999825,1,0.005746023565275919,take_profit
2021-02-12 17:47:00+00:00,2021-02-12 23:07:00+00:00,1845.32,1842.46834648231,1860.893029947133,0.3937534260116126,726.204428173534,732.0002729768313,5.795844803297314,0.007981010000000078,2,0.01734116575986821,take_profit
2021-02-12 23:08:00+00:00,2021-02-14 06:05:00+00:00,1859.18,1828.5172908668735,1846.8024637755423,0.8835219097186153,1617.1522410212303,1630.058749228343,12.906508207112665,0.007981009999999886,5,0.050656741143945215,take_profit
2021-02-14 06:06:00+00:00,2021-02-15 08:15:00+00:00,1846.43,1744.5971402707212,1762.0431116734285,1.9480291771573286,3401.9280596922927,3429.0788815559786,27.150821863685906,0.00798101000000033,8,0.10331287944844916,take_profit
2021-02-15 08:16:00+00:00,2021-02-15 11:13:00+00:00,1761.76,1761.76,1779.3776,0.34999466665939477,617.2238277616169,622.1498973032207,4.926069541603738,0.007981009999999993,1,0.005937244573608231,take_profit
2021-02-15 11:14:00+00:00,2021-02-15 12:48:00+00:00,1779.33,1779.33,1797.1233,0.3466769295788069,617.4701312386973,622.3981665308145,4.928035292117215,0.007981009999999773,1,0.0023379586698363173,take_profit
2021-02-15 12:49:00+00:00,2021-02-15 16:00:00+00:00,1797.59,1797.59,1815.5658999999998,0.3432923060710728,617.7165330033031,622.6465348303677,4.930001827064643,0.00798100999999992,1,0.008505832809483789,take_profit
2021-02-15 16:01:00+00:00,2021-02-15 16:18:00+00:00,1813.9,1813.9,1832.0390000000002,0.34034129227717175,617.9630330946565,622.8950022414153,4.931969146758888,0.007981010000000168,1,0.00106951871657757,take_profit
2021-02-15 16:19:00+00:00,2021-02-16 03:20:00+00:00,1830.94,1800.7430418462943,1818.7504722647573,0.9015073935959397,1625.0081743652422,1637.977380854933,12.969206489690805,0.007981010000000038,5,0.046981331993402285,take_profit
2021-02-16 03:21:00+00:00,2021-02-16 12:36:00+00:00,1817.58,1806.7902346579301,1824.8581370045094,0.5279278133909602,954.8096274665675,962.4299726514744,7.62034518490691,0.007981009999999959,3,0.026177664807051096,take_profit
2021-02-16 12:37:00+00:00,2021-02-17 08:00:00+00:00,1821.79,1791.7439491218502,1809.6613886130688,0.9075440250798229,1627.7142297281894,1640.7050332727924,12.990803544603068,0.007981010000000056,5,0.05367797605651582,take_profit
2021-02-17 08:01:00+00:00,2021-02-17 12:19:00+00:00,1804.45,1804.45,1822.4945,0.34318975902000143,619.8886493129546,624.8359868220077,4.9473375090531135,0.007981009999999886,1,0.008423619385408322,take_profit
2021-02-17 12:20:00+00:00,2021-02-17 12:38:00+00:00,1823.81,1823.81,1842.0481,0.3396822476969744,620.1360161884073,625.0853279349672,4.949311746559829,0.007981009999999981,1,0.0006415141928160529,take_profit
2021-02-17 12:39:00+00:00,2021-02-17 21:47:00+00:00,1841.71,1830.7769908735002,1849.0847607822352,0.5222951390851182,957.1630861682771,964.802214330617,7.63912816233983,0.007981009999999946,3,0.02264743092017746,take_profit
2021-02-17 21:48:00+00:00,2021-02-18 00:52:00+00:00,1848.61,1845.7532623017485,1864.2107949247659,0.3967818141091297,733.0944222361683,738.9452561509794,5.850833914811119,0.007981010000000052,2,0.010012928632864689,take_profit
2021-02-18 00:53:00+00:00,2021-02-18 01:06:00+00:00,1864.25,1864.25,1882.8925,0.33280778967397784,621.0579798795927,626.0146498275916,4.956669947998876,0.007981010000000077,1,0.0021724554110231753,take_profit
2021-02-18 01:07:00+00:00,2021-02-18 01:38:00+00:00,1884.78,1884.78,1903.6278,0.32931403535883,621.3058133769927,626.2644612866126,4.958647909619913,0.00798101,1,0.0036025424718004032,take_profit
2021-02-18 01:39:00+00:00,2021-02-18 10:07:00+00:00,1903.62,1900.6782529483528,1919.6850354778364,0.3858050932325996,734.0253759598736,739.8836398256632,5.858263865789581,0.007981010000000096,2,0.012807177903152878,take_profit
2021-02-18 10:08:00+00:00,2021-02-18 18:36:00+00:00,1918.38,1915.4154436762915,1934.5695981130543,0.3830171274970644,734.3712924929011,740.2323171219999,5.861024629098779,0.007981010000000014,2,0.019448701508564606,take_profit
2021-02-18 18:37:00+00:00,2021-02-19 00:25:00+00:00,1935.66,1932.6687401382676,1951.9954275396503,0.37977675088689833,734.7173720424289,740.5811587358733,5.863786693444354,0.00798101000000001,2,0.011189981711664281,take_profit
2021-02-19 00:26:00+00:00,2021-02-19 16:04:00+00:00,1951.79,1924.9543181285203,1944.2038613098055,0.7321924704531666,1410.8479056056176,1422.107896848735,11.259991243117383,0.007981009999999924,4,0.031145768755859986,take_profit
2021-02-19 16:05:00+00:00,2021-02-19 17:26:00+00:00,1945.96,1945.96,1965.4196,0.31982820982700166,622.9958990940462,627.9680355946748,4.972136500628608,0.007981010000000056,1,0.004337190898065764,take_profit
2021-02-19 17:27:00+00:00,2021-02-20 02:48:00+00:00,1966.09,1954.4186294185731,1973.9628157127588,0.4915096724962107,961.5772377037196,969.2515952536054,7.674357549885826,0.007981010000000066,3,0.02216582150359339,take_profit
2021-02-20 02:49:00+00:00,2021-02-20 03:01:00+00:00,1970.0,1970.0,1989.7,0.3162459876003935,623.6282237965718,628.6054068869745,4.977183090402718,0.007981010000000066,1,0.0013401015228426904,take_profit
2021-02-20 03:02:00+00:00,2021-02-20 03:57:00+00:00,1989.71,1989.7099999999998,2009.6070999999997,0.31323821354274783,623.8770829510919,628.8562521888953,4.979169237803376,0.007981009999999811,1,0.006588899889933773,take_profit
2021-02-20 03:58:00+00:00,2021-02-20 04:06:00+00:00,2012.54,2012.54,2032.6654,0.3098084586500487,624.126041412982,629.1071975907594,4.981156177777393,0.007981009999999952,1,0.0024546095978216853,take_profit
2021-02-20 04:07:00+00:00,2021-02-20 17:14:00+00:00,2035.29,2001.7227793588781,2021.740007152467,0.8190811179681259,1641.2145465260603,1654.3130962340301,13.098549707969823,0.007981009999999922,5,0.037449208712271975,take_profit
2021-02-20 17:15:00+00:00,2021-02-20 23:24:00+00:00,2017.34,1906.081245946901,1925.1420584063699,1.809521118112101,3452.5468141925353,3480.1016248420738,27.554810649538467,0.007981009999999913,8,0.10617942439053399,take_profit
2021-02-20 23:25:00+00:00,2021-02-21 01:09:00+00:00,1925.87,1914.4373888470757,1933.5817627355464,0.5043211368278041,966.457698027037,974.1710065795678,7.713308552530748,0.007981009999999985,3,0.02225487701662101,take_profit
2021-02-21 01:10:00+00:00,2021-02-21 02:17:00+00:00,1933.31,1930.3223716958112,1949.6255954127694,0.38308263651710167,740.2131966738499,746.1208455986358,5.907648924785917,0.007981009999999938,2,0.010184605676275433,take_profit
2021-02-21 02:18:00+00:00,2021-02-21 10:13:00+00:00,1948.71,1937.141802935912,1956.513220965271,0.4989520889391656,967.5084576038587,975.2301522790796,7.721694675220874,0.007981009999999898,3,0.024898522612394856,take_profit
2021-02-21 10:14:00+00:00,2021-02-21 11:04:00+00:00,1954.9,1954.9,1974.449,0.3206544707900792,627.4748998473732,632.4827832978041,5.007883450430882,0.007981009999999997,1,0.0008849557522123987,take_profit
2021-02-21 11:05:00+00:00,2021-02-22 21:38:00+00:00,1974.0,1783.076041774002,1800.9068021917421,2.960930531958373,5284.84914203416,5327.027575885227,42.178433851066984,0.007981010000000177,10,0.21428571428571427,take_profit
2021-02-22 21:39:00+00:00,2021-02-24 04:01:00+00:00,1800.14,1626.0316645587902,1642.291981204378,3.2578096511864665,5302.604254188609,5344.924391767332,42.320137578723006,0.007981010000000222,10,0.2472807670514516,take_profit
2021-02-24 04:02:00+00:00,2021-02-24 05:00:00+00:00,1642.48,1632.7296870679459,1649.0569839386253,0.5965677684770907,975.0089148552784,982.7904707548274,7.781555899549062,0.007981009999999934,3,0.020968291851346778,take_profit
2021-02-24 05:01:00+00:00,2021-02-24 08:09:00+00:00,1650.32,1640.5231461947617,1656.9283776567092,0.594099266057151,975.6092063103865,983.3955531420418,7.786346831655237,0.00798100999999998,3,0.02443162538174411,take_profit
2021-02-24 08:10:00+00:00,2021-02-24 08:57:00+00:00,1659.32,1659.32,1675.9132,0.38093670245053185,632.7286177279444,637.7784311533173,5.049813425372918,0.007981010000000024,1,0.0011450473688015955,take_profit
2021-02-24 08:58:00+00:00,2021-02-24 09:17:00+00:00,1677.87,1677.87,1694.6487,0.3768755191348638,632.9811083992131,638.0329369551582,5.0518285559451215,0.00798100999999987,1,0.0051195861419537384,take_profit
2021-02-24 09:18:00+00:00,2021-02-24 09:39:00+00:00,1694.46,1694.46,1711.4046,0.37333455267588694,633.2336998270104,638.2875443176669,5.053844490656502,0.007981010000000212,1,0.0031573480636899877,take_profit
2021-02-24 09:40:00+00:00,2021-02-25 13:03:00+00:00,1712.2,1646.916121704863,1663.3852829219115,1.5663390216912172,2582.211198076766,2602.819851470728,20.60865339396196,0.007981009999999733,7,0.09181170424015889,take_profit
2021-02-25 13:04:00+00:00,2021-03-01 10:13:00+00:00,1662.5,1501.7041131961894,1516.7211543281512,3.5537528919023442,5342.0273624150195,5384.662136214726,42.634773799706636,0.007981009999999764,10,0.2221473684210526,take_profit
2021-03-01 10:14:00+00:00,2021-03-01 12:00:00+00:00,1517.95,1517.95,1533.1295,0.4189939819149612,636.6485634112265,641.7296619622972,5.081098551070681,0.007981010000000077,1,0.00834678349089237,take_profit
2021-03-01 12:01:00+00:00,2021-03-01 15:15:00+00:00,1532.38,1530.0119463196422,1545.3120657828385,0.49110695750178623,752.1516635619878,758.1545935103926,6.002929948404812,0.007981009999999936,2,0.014754825826492205,take_profit
2021-03-01 15:16:00+00:00,2021-03-01 16:03:00+00:00,1545.13,1545.13,1560.5813,0.4119818798880121,637.2027648362003,642.2882864743857,5.085521638185355,0.007981009999999988,1,0.006601386291121164,take_profit
2021-03-01 16:04:00+00:00,2021-03-01 22:33:00+00:00,1558.22,1532.5209032877822,1547.84611232066,1.0922694494692942,1675.6013646990302,1688.974355946707,13.372991247676737,0.007981010000000077,5,0.03576516794804329,take_profit
2021-03-01 22:34:00+00:00,2021-03-01 23:48:00+00:00,1547.69,1547.69,1563.1669000000002,0.41189615800968726,638.1256904804934,643.2185779974751,5.092887516981705,0.007981009999999972,1,0.001841454037953425,take_profit
2021-03-01 23:49:00+00:00,2021-03-02 00:09:00+00:00,1565.32,1565.32,1580.9732,0.4074195401077646,638.3803348563424,643.4752546926342,5.094919836291751,0.007981009999999896,1,0.000900774282574716,take_profit
2021-03-02 00:10:00+00:00,2021-03-02 00:22:00+00:00,1581.92,1581.92,1597.7392,0.4033051265344068,638.635080848157,643.732033814757,5.096952966599929,0.007981009999999967,1,0.0031291089309194177,take_profit
2021-03-02 00:23:00+00:00,2021-03-02 14:21:00+00:00,1598.58,1572.215262015494,1587.937414635649,1.067085713240791,1679.3678120479085,1692.7708633495408,13.403051301632331,0.007981009999999912,5,0.0426816299465776,take_profit
2021-03-02 14:22:00+00:00,2021-03-03 04:12:00+00:00,1588.25,1527.6921681449296,1542.9690898263789,1.7047686680398875,2606.9687113747746,2627.774954729943,20.80624335516859,0.00798100999999977,7,0.08356996694475052,take_profit
2021-03-03 04:13:00+00:00,2021-03-03 06:35:00+00:00,1544.31,1544.31,1559.7531,0.4143985293341996,640.600393229327,645.7130313736942,5.112638144367224,0.007981010000000052,1,0.005134979375902401,take_profit
2021-03-03 06:36:00+00:00,2021-03-03 07:41:00+00:00,1559.28,1559.28,1574.8728,0.41058383940755266,640.8560251365453,645.9707034817203,5.11467834517498,0.007981009999999938,1,0.0039056487609665474,take_profit
2021-03-03 07:42:00+00:00,2021-03-03 08:21:00+00:00,1575.16,1575.16,1590.9116000000001,0.40660672394851965,641.1117590538041,646.2284784139301,5.116719360126012,0.007981010000000018,1,0.007516696716524128,take_profit
2021-03-03 08:22:00+00:00,2021-03-03 09:26:00+00:00,1592.84,1592.84,1608.7684,0.40225397869640933,641.3675950218104,646.4863562113554,5.118761189545012,0.007981009999999988,1,0.006591999196403908,take_profit
2021-03-03 09:27:00+00:00,2021-03-03 12:36:00+00:00,1610.98,1608.490482309882,1624.575387132981,0.47060838752449935,757.7268390674253,763.7742645472908,6.047425479865524,0.007981010000000016,2,0.014065972265329229,take_profit
2021-03-03 12:37:00+00:00,2021-03-03 12:40:00+00:00,1627.07,1627.07,1643.3407,0.3941342280608245,641.925904355281,647.0491214171996,5.123217061918581,0.007981010000000063,1,0.001272225534242495,take_profit
2021-03-03 12:41:00+00:00,2021-03-03 17:22:00+00:00,1642.74,1615.6469488692046,1631.8034183578966,1.0437511786219473,1688.021428547733,1701.4935444491869,13.47211590145389,0.007981010000000087,5,0.03659739216187596,take_profit
2021-03-03 17:23:00+00:00,2021-03-04 02:08:00+00:00,1634.24,1607.2871359557864,1623.3600073153443,1.0502804506311454,1689.7920494947814,1703.2782967397197,13.48624724493834,0.007981009999999997,5,0.04953984726845508,take_profit
2021-03-04 02:09:00+00:00,2021-03-06 05:33:00+00:00,1624.29,1534.7084313893997,1550.0555157032936,2.313913340989789,3554.7370509724174,3583.1074429235982,28.370391951180864,0.007981009999999856,8,0.11243681854841185,take_profit
2021-03-06 05:34:00+00:00,2021-03-06 05:43:00+00:00,1551.31,1551.31,1566.8231,0.4153286928210945,644.9485029632555,650.0958434148902,5.1473404516347046,0.007981009999999896,1,0.0006961858042557112,take_profit
2021-03-06 05:44:00+00:00,2021-03-06 06:03:00+00:00,1568.84,1568.84,1584.5284,0.410851752961329,645.2058699858371,650.3552644862528,5.149394500415724,0.00798101000000009,1,0.007107161979551684,take_profit
2021-03-06 06:04:00+00:00,2021-03-06 16:14:00+00:00,1585.08,1558.937912094183,1574.527291215125,1.0872465370890922,1696.6464929542547,1710.1874455809873,13.540952626732633,0.00798100999999988,5,0.045455118984530724,take_profit
2021-03-06 16:15:00+00:00,2021-03-06 17:15:00+00:00,1574.51,1574.51,1590.2551,0.4099651618312061,646.1403873421945,651.2972402349766,5.156852892782126,0.007981010000000307,1,0.0019625153222271804,take_profit
2021-03-06 17:16:00+00:00,2021-03-06 17:32:00+00:00,1587.29,1587.29,1603.1629,0.4068266238411675,646.3982299868336,651.5571407243409,5.158910737507313,0.007981010000000146,1,0.00018270133371971325,take_profit
2021-03-06 17:33:00+00:00,2021-03-06 18:11:00+00:00,1606.11,1603.6280081333875,1619.6642882147214,0.47573781208782995,763.6701501422848,769.7650092472719,6.094859104987108,0.007981010000000042,2,0.010839855302563246,take_profit
2021-03-06 18:12:00+00:00,2021-03-06 20:07:00+00:00,1618.68,1618.68,1634.8668,0.3992845760499168,646.9609184789583,652.124320038948,5.163401559989666,0.007981009999999868,1,0.007234289668124667,take_profit
2021-03-06 20:08:00+00:00,2021-03-06 20:35:00+00:00,1636.17,1636.17,1652.5317,0.3951740158225617,647.2190885569578,652.3845505749216,5.165462017963819,0.007981009999999773,1,0.0019313396529700958,take_profit
2021-03-06 20:36:00+00:00,2021-03-06 21:03:00+00:00,1652.85,1650.2957787718583,1666.7987365595768,0.46287174805671516,764.6399318626108,770.7425308052055,6.1025989425947955,0.007981009999999974,2,0.014641377015458038,take_profit
2021-03-06 21:04:00+00:00,2021-03-07 00:15:00+00:00,1666.53,1663.9546384709233,1680.5941848556326,0.4592885273763597,765.0002758001735,771.1057506513375,6.10547485116399,0.007981010000000061,2,0.01876353861016602,take_profit
2021-03-07 00:16:00+00:00,2021-03-07 07:57:00+00:00,1676.88,1666.9254771141793,1683.5947318853212,0.599251103208374,999.906837964782,1007.8871044376473,7.98026647286531,0.007981010000000005,3,0.024324936787367128,take_profit
2021-03-07 07:58:00+00:00,2021-03-07 16:47:00+00:00,1682.69,1659.5542458828459,1676.1497883416744,0.8848360728587464,1469.903364988024,1481.634678443027,11.731313455003146,0.007981010000000052,4,0.031104956943941036,take_profit
2021-03-07 16:48:00+00:00,2021-03-07 22:36:00+00:00,1675.13,1665.1858657019436,1681.837724358963,0.6007894005825817,1001.4274455592174,1009.4198480164997,7.99240245728231,0.00798100999999974,3,0.025150286843409232,take_profit
2021-03-07 22:37:00+00:00,2021-03-07 23:25:00+00:00,1682.3,1682.3,1699.123,0.3856764498022556,649.4729644668014,654.6564146909407,5.183450224139278,0.00798101000000014,1,0.004107471913451736,take_profit
2021-03-07 23:26:00+00:00,2021-03-07 23:34:00+00:00,1700.0,1700.0,1717.0,0.38181317931825315,649.7321369780084,654.9176556605512,5.185518682542806,0.007981009999999926,1,5.88235294117112e-06,take_profit
2021-03-07 23:35:00+00:00,2021-03-08 00:02:00+00:00,1720.34,1720.34,1737.5434,0.3774494701624234,649.9914129121356,655.1790008785015,5.187587966365868,0.007981009999999976,1,0.0030982247695222616,take_profit
2021-03-08 00:03:00+00:00,2021-03-08 05:52:00+00:00,1738.91,1736.2227864985769,1753.5850143635625,0.4418484264458398,767.9152213952027,774.04396045631,6.12873906110724,0.007981009999999887,2,0.01662535726403326,take_profit
2021-03-08 05:53:00+00:00,2021-03-08 14:43:00+00:00,1754.68,1725.7407674019112,1742.9981750759302,0.9899088794889113,1710.0361454926524,1723.6839610701907,13.647815577538267,0.007981009999999972,5,0.05113183030524086,take_profit
2021-03-08 14:44:00+00:00,2021-03-08 19:15:00+00:00,1741.12,1738.4293712891417,1755.813665002033,0.4419586493237702,769.0829798595796,775.2210388126688,6.138058953089171,0.007981010000000089,2,0.011199687557434296,take_profit
2021-03-08 19:16:00+00:00,2021-03-08 19:39:00+00:00,1760.69,1760.6899999999998,1778.2968999999998,0.3696817591211687,651.5465229900406,656.7465223054892,5.199999315448622,0.007981009999999813,1,0.0020787304977026516,take_profit
2021-03-08 19:40:00+00:00,2021-03-08 22:11:00+00:00,1776.81,1776.8099999999997,1794.5780999999997,0.36647402729208933,651.806522955813,657.0085973335885,5.202074377775489,0.007981009999999872,1,0.007096988423072754,take_profit
2021-03-08 22:12:00+00:00,2021-03-08 23:17:00+00:00,1793.17,1790.398936152908,1808.302925514437,0.4296749512869821,770.0596353110764,776.2054889610903,6.145853650013919,0.007981009999999825,2,0.012107050642158878,take_profit
2021-03-08 23:18:00+00:00,2021-03-08 23:41:00+00:00,1809.04,1809.0400000000002,1827.1304000000002,0.3602582283630242,652.3739193572025,657.5805221313316,5.206602774129124,0.00798101000000015,1,0.002233228673771704,take_profit
2021-03-08 23:42:00+00:00,2021-03-09 01:32:00+00:00,1827.41,1824.586023586824,1842.8318838226924,0.4219911974053284,770.7299708332639,776.881174437784,6.151203604520106,0.007981010000000153,2,0.011092201531128746,take_profit
2021-03-09 01:33:00+00:00,2021-03-09 23:23:00+00:00,1844.93,1833.977875872014,1852.317654630734,0.5487462810942856,1007.3959349288938,1015.4359719595207,8.040037030626877,0.007981010000000026,3,0.025328874266232333,take_profit
2021-03-09 23:24:00+00:00,2021-03-10 00:00:00+00:00,1852.73,1852.73,1871.2573,0.3522857986409993,653.3438115276663,658.5581550209067,5.214343493240449,0.007981010000000045,1,0.000976936736599475,take_profit
2021-03-10 00:01:00+00:00,2021-03-10 17:28:00+00:00,1875.4,1844.469780920478,1862.9144787296827,0.9305265726205463,1718.046189731834,1731.7579335525456,13.711743820711717,0.007981010000000031,5,0.06313319825103983,take_profit
2021-03-10 17:29:00+00:00,2021-03-11 21:05:00+00:00,1864.38,1812.5930771675155,1830.7190079391908,1.2088958739456102,2193.4297218520387,2210.9355063964367,17.50578454439801,0.007981009999999851,6,0.07475943745373803,take_profit
2021-03-11 21:06:00+00:00,2021-03-11 22:01:00+00:00,1828.1,1828.1,1846.3809999999999,0.35802759133278445,655.1654051205837,660.3942867705052,5.2288816499215045,0.007981010000000115,1,0.0013183086264426753,take_profit
2021-03-11 22:02:00+00:00,2021-03-13 10:13:00+00:00,1844.5,1793.2652843494789,1811.1979371929738,1.2240482563397128,2197.240484947467,2214.776683230237,17.536198282769874,0.007981009999999678,6,0.06764976958525344,take_profit
2021-03-13 10:14:00+00:00,2021-03-13 10:29:00+00:00,1820.07,1820.07,1838.2707,0.36023194462746,656.3036591172183,661.5416251836695,5.237966066451122,0.007981010000000018,1,0.005571214293955657,take_profit
2021-03-13 10:30:00+00:00,2021-03-13 10:58:00+00:00,1838.93,1838.93,1857.3193,0.3566796951831338,656.5655574205408,661.8056136999697,5.240056279428927,0.007981010000000026,1,0.0034911606205783106,take_profit
2021-03-13 10:59:00+00:00,2021-03-13 11:06:00+00:00,1859.67,1859.67,1878.2667000000001,0.35284256490359994,656.8275602345122,662.0697075610195,5.242147326507279,0.007981010000000052,1,0.0021993149322192354,take_profit
2021-03-13 11:07:00+00:00,2021-03-13 12:19:00+00:00,1874.34,1871.4435006100039,1890.157935616104,0.4142340474570997,775.9916074524176,782.1848042314114,6.193196778993752,0.007981009999999913,2,0.01362079451967091,take_profit
2021-03-13 12:20:00+00:00,2021-03-13 17:51:00+00:00,1890.27,1887.3488832858884,1906.2223721187472,0.41093671156614237,776.3573009765105,782.553416359177,6.196115382666562,0.007981010000000028,2,0.015204177181037634,take_profit
2021-03-13 17:52:00+00:00,2021-03-13 19:53:00+00:00,1908.34,1908.34,1927.4234,0.3443052202834461,657.7091332089204,662.9583163781522,5.249183169231742,0.007981010000000024,1,0.003793873209176567,take_profit
2021-03-13 19:54:00+00:00,2021-03-18 02:30:00+00:00,1927.79,1821.470037338265,1839.6847377116476,1.9933763192023655,3634.509748315061,3663.516806961461,29.007058646399855,0.007981009999999964,8,0.11210245929276524,take_profit
2021-03-18 02:31:00+00:00,2021-03-18 16:02:00+00:00,1843.75,1813.3417716605159,1831.475189377121,0.9549244241571369,1733.3376847877885,1747.1714701834564,13.833785395667974,0.007981009999999877,5,0.03349152542372881,take_profit
2021-03-18 16:03:00+00:00,2021-03-19 09:04:00+00:00,1829.05,1798.8842128573108,1816.873054985884,0.9636088144033579,1735.1558394397907,1749.0041355459182,13.848296106127464,0.007981010000000057,5,0.05225663595855768,take_profit
2021-03-19 09:05:00+00:00,2021-03-19 20:03:00+00:00,1817.52,1814.7113070353805,1832.8584201057342,0.4296000657829929,780.3804773568972,786.6087017504875,6.228224393590267,0.007981010000000123,2,0.010448303182358384,take_profit
2021-03-19 20:04:00+00:00,2021-03-20 13:04:00+00:00,1834.04,1831.2057779585198,1849.517835738105,0.4259310997852927,780.748239178233,786.979398682597,6.231159504363973,0.007981010000000132,2,0.01809120847964061,take_profit
2021-03-20 13:05:00+00:00,2021-03-20 13:19:00+00:00,1849.78,1849.7800000000002,1868.2778000000003,0.35721414954811925,661.4290185696898,666.7078901811848,5.278871611494992,0.00798101000000017,1,0.0002486782211938914,take_profit
2021-03-20 13:20:00+00:00,2021-03-27 00:00:00+00:00,1866.82,1686.2624196071638,1703.1250438032355,3.3003485508920454,5570.82455753175,5615.285364033656,44.46080650190652,0.007981010000000009,10,0.1767176267663727,take_profit
2021-03-27 00:01:00+00:00,2021-03-27 20:39:00+00:00,1705.78,1695.6539170076717,1712.6104561777483,0.6034858934749026,1024.3275466762693,1032.502715069568,8.17516839329869,0.00798100999999992,3,0.023080350338261613,take_profit
2021-03-27 20:40:00+00:00,2021-03-29 08:10:00+00:00,1716.38,1692.781033077037,1709.7088434078073,0.8886542081797029,1505.8027913620558,1517.8206184979442,12.01782713588841,0.007981009999999953,4,0.03203253358813317,take_profit
2021-03-29 08:11:00+00:00,2021-03-29 08:49:00+00:00,1708.14,1708.14,1725.2214000000001,0.38887955706181426,664.9256522518192,670.2324305316976,5.306778279878358,0.0079810100000001,1,0.00018733827438041593,take_profit
2021-03-29 08:50:00+00:00,2021-03-29 09:02:00+00:00,1725.88,1725.88,1743.1388000000002,0.38503592380388396,665.1909911658131,670.4998871182174,5.3088959524043275,0.007981010000000092,1,0.0003070897165505134,take_profit
2021-03-29 09:03:00+00:00,2021-03-29 09:46:00+00:00,1742.71,1742.71,1760.1371000000001,0.38146965331436095,665.4564359634334,670.7674504334219,5.3110144699885495,0.007981010000000042,1,0.0032765061312553644,take_profit
2021-03-29 09:47:00+00:00,2021-03-29 12:05:00+00:00,1760.22,1760.22,1777.8222,0.3778256494644112,665.7219866869328,671.035120519901,5.313133832968219,0.007981009999999912,1,0.003942688982059092,take_profit
2021-03-29 12:06:00+00:00,2021-03-29 16:02:00+00:00,1779.82,1777.0695664904433,1794.8402621553478,0.4421398060354962,786.4996931328006,792.7767550486906,6.277061915889931,0.00798101000000015,2,0.01102920520052583,take_profit
2021-03-29 16:03:00+00:00,2021-03-29 16:59:00+00:00,1794.84,1792.0663554290363,1809.9870189833266,0.438646407245707,786.8703386935485,793.1503587353651,6.280020041816556,0.007981009999999946,2,0.010507900425664627,take_profit
2021-03-29 17:00:00+00:00,2021-03-29 17:09:00+00:00,1806.54,1806.54,1824.6054,0.36863223730390154,666.6154974764667,671.9357624279813,5.320264951514673,0.007981010000000026,1,0.0020979330654178506,take_profit
2021-03-29 17:10:00+00:00,2021-03-30 09:52:00+00:00,1824.42,1813.5896301206114,1831.7255264218177,0.5667621728126737,1028.902902259951,1037.1145866119166,8.211684351965687,0.007981009999999997,3,0.020894311616842676,take_profit
2021-03-30 09:53:00+00:00,2021-03-30 19:37:00+00:00,1833.11,1833.11,1851.4411,0.3636578289610002,667.2920949416407,672.6177598242909,5.325664882650244,0.00798101000000009,1,0.005520672518288533,take_profit
2021-03-30 19:38:00+00:00,2021-03-31 14:25:00+00:00,1851.31,1820.7770876164502,1838.9848584926146,0.9627593442630507,1754.7248798026033,1768.7293566155565,14.004476812953271,0.007981009999999941,5,0.04491954345841585,take_profit
2021-03-31 14:26:00+00:00,2021-03-31 16:00:00+00:00,1838.15,1838.15,1856.5315,0.36318599865320805,668.2586020264208,673.5919806117797,5.333378585358901,0.007981010000000024,1,0.003476321301308435,take_profit
2021-03-31 16:01:00+00:00,2021-03-31 18:30:00+00:00,1859.58,1856.7063098820656,1875.2733729808863,0.4247882445132593,789.4965104619563,795.7974900069182,6.300979544961933,0.007981009999999943,2,0.01145419933533376,take_profit
2021-03-31 18:31:00+00:00,2021-03-31 19:00:00+00:00,1875.73,1875.73,1894.4873,0.35621943436049114,668.840319932937,674.1783412147249,5.338021281787974,0.007981010000000007,1,0.00037318803879025523,take_profit
2021-03-31 19:01:00+00:00,2021-03-31 19:10:00+00:00,1895.69,1895.69,1914.6469,0.3526094001529941,669.1072209970264,674.4473724188758,5.340151421849441,0.007981009999999946,1,0.0003639835627133416,take_profit
2021-03-31 19:11:00+00:00,2021-03-31 20:47:00+00:00,1913.62,1910.6627995119966,1929.7694275071165,0.4133165674698892,790.4990889756832,796.808070109789,6.308981134105807,0.007981009999999986,2,0.011339764425538936,take_profit
2021-03-31 20:48:00+00:00,2021-03-31 21:25:00+00:00,1925.08,1925.08,1944.3308,0.34752840814262237,669.6896776248242,675.0344776388448,5.34480001402062,0.007981010000000182,1,6.752966110493162e-05,take_profit
2021-03-31 21:26:00+00:00,2021-04-01 08:24:00+00:00,1946.13,1934.5771186824447,1953.9228898692693,0.5337673840847444,1033.6478157650959,1041.8973693191951,8.249553554099293,0.007981009999999908,3,0.02376511332747555,take_profit
2021-04-01 08:25:00+00:00,2021-04-01 17:30:00+00:00,1953.55,1941.9530710703239,1961.372601781027,0.5320674021834273,1034.2842098964122,1042.5388425184374,8.254632622025156,0.007981009999999797,3,0.02434030354994751,take_profit
2021-04-01 17:31:00+00:00,2021-04-01 18:30:00+00:00,1960.9,1928.5596637554472,1947.8452603930018,0.9133425156742575,1763.1987336559569,1777.270840381252,14.072106725295043,0.007981009999999724,5,0.03869651690550263,take_profit
2021-04-01 18:31:00+00:00,2021-04-01 18:48:00+00:00,1948.22,1948.22,1967.7022,0.3443216097454731,671.4857322705963,676.8448666147052,5.359134344108952,0.00798101,1,0.0016117276282966502,take_profit
2021-04-01 18:49:00+00:00,2021-04-02 01:51:00+00:00,1970.0,1966.9556730378204,1986.6252297681986,0.40291493101178166,793.3091184236896,799.6405264309203,6.331408007230721,0.007981010000000089,2,0.010923857868020295,take_profit
2021-04-02 01:52:00+00:00,2021-04-02 03:02:00+00:00,1986.52,1986.52,2006.3852,0.3379770599484401,672.0702593881633,677.4340588490428,5.363799460879477,0.007981009999999927,1,0.0022249964762499613,take_profit
2021-04-02 03:03:00+00:00,2021-04-02 14:05:00+00:00,2008.68,2005.5758991459945,2025.6316581374545,0.3955002117965867,793.9996925789495,800.3366120654191,6.336919486469583,0.007981010000000077,2,0.013844913077244843,take_profit
2021-04-02 14:06:00+00:00,2021-04-02 14:41:00+00:00,2021.81,2021.81,2042.0281,0.3323668594181428,672.6552953355308,678.0237639741567,5.368468638625927,0.007981010000000153,1,0.002290027252808069,take_profit
2021-04-02 14:42:00+00:00,2021-04-02 14:54:00+00:00,2048.56,2048.56,2069.0456,0.32815772789115016,672.9237187674621,678.2943296961823,5.370610928720225,0.007981009999999886,1,0.0015718358261413029,take_profit
2021-04-02 14:55:00+00:00,2021-04-02 20:33:00+00:00,2066.29,2063.0968718991458,2083.727840618137,0.3849615558503429,795.0079896659367,801.3529563815405,6.344966715603732,0.007981009999999993,2,0.017025683713321974,take_profit
2021-04-02 20:34:00+00:00,2021-04-02 20:46:00+00:00,2086.55,2086.55,2107.4155,0.3224633908375206,673.5094976496783,678.8847836855155,5.375286035837121,0.007981010000000092,1,0.0013179650619443578,take_profit
2021-04-02 20:47:00+00:00,2021-04-02 23:04:00+00:00,2103.72,2100.4690296868644,2121.473719983733,0.37844135353015107,795.7000426855456,802.0505326832194,6.35048999767389,0.007981010000000156,2,0.012031068773410885,take_profit
2021-04-02 23:05:00+00:00,2021-04-02 23:28:00+00:00,2121.78,2121.78,2142.9978,0.3173852570317858,674.0957864513539,679.4757516639798,5.379965212625962,0.007981009999999766,1,0.0031718651321060703,take_profit
2021-04-02 23:29:00+00:00,2021-04-05 14:26:00+00:00,2143.74,2084.193288517947,2105.035221403127,1.0836168334328018,2260.7276592249405,2278.7705492804917,18.042890055551197,0.007981010000000156,6,0.07860094974203952,take_profit
2021-04-05 14:27:00+00:00,2021-04-05 20:31:00+00:00,2105.86,2105.86,2126.9186,0.3203402231323772,675.2669292147626,680.656241329495,5.38931211473232,0.00798101000000001,1,0.00848584426315156,take_profit
2021-04-05 20:32:00+00:00,2021-04-06 01:00:00+00:00,2126.61,2123.323656771045,2144.5568933387553,0.3753448208556883,797.7763138832562,804.1433746221215,6.367060738865348,0.007981009999999927,2,0.019980156211059027,take_profit
2021-04-06 01:01:00+00:00,2021-04-08 14:28:00+00:00,2146.1,2027.7399753768052,2048.0173751305733,1.839269159420133,3733.292892926824,3763.0883408382024,29.795447911378233,0.007981010000000085,8,0.1006896230371371,take_profit
2021-04-08 14:29:00+00:00,2021-04-08 16:01:00+00:00,2049.89,2049.89,2070.3889,0.330099261781246,677.3445202530113,682.7504136425958,5.4058933895845485,0.007981010000000092,1,0.004970998443818852,take_profit
2021-04-08 16:02:00+00:00,2021-04-09 00:26:00+00:00,2072.95,2069.7465799105325,2090.444045709638,0.38624564281527995,800.2308290513221,806.6174793002891,6.386650248967044,0.00798101000000019,2,0.014337055886538413,take_profit
2021-04-09 00:27:00+00:00,2021-04-10 02:02:00+00:00,2089.75,2077.3445421254687,2098.1179875467233,0.5030025424409809,1045.9555417567628,1054.303323395079,8.347781638316064,0.007981009999999926,3,0.020184232563703823,take_profit
2021-04-10 02:03:00+00:00,2021-04-10 03:00:00+00:00,2098.64,2098.64,2119.6264,0.3229106397382771,678.3515365168547,683.7654669133112,5.4139303964565215,0.007981010000000205,1,0.005060420081576589,take_profit
2021-04-10 03:01:00+00:00,2021-04-10 03:34:00+00:00,2120.26,2120.26,2141.4626000000003,0.31974550800545254,678.6222330366776,684.0383238647656,5.416090828088045,0.007981009999999986,1,0.0005801175327554253,take_profit
2021-04-10 03:35:00+00:00,2021-04-10 03:55:00+00:00,2142.99,2142.99,2164.4199,0.3164803123395368,678.8930375780819,684.311289699923,5.418252121841078,0.007981010000000045,1,0.003803097541285604,take_profit
2021-04-10 03:56:00+00:00,2021-04-10 04:16:00+00:00,2149.34,2149.34,2170.8334,0.3156712229028399,679.163950184174,684.5843644622335,5.420414278059411,0.007981010000000024,1,0.0032661189016163013,take_profit
2021-04-10 04:17:00+00:00,2021-04-10 04:22:00+00:00,2171.24,2171.24,2192.9523999999997,0.31261193416074634,679.4349708980769,684.8575481951641,5.422577297087173,0.00798100999999987,1,5.987362060373538e-05,take_profit
2021-04-10 04:23:00+00:00,2021-04-12 06:53:00+00:00,2190.29,2154.1664266035586,2175.7080908695943,0.8285661477154649,1786.656033662562,1800.915353333783,14.259319671220965,0.007981009999999844,5,0.04874240397390289,take_profit
2021-04-12 06:54:00+00:00,2021-04-12 07:32:00+00:00,2178.58,2178.58,2200.3658,0.3120099545028165,680.4190657464924,685.8494971144058,5.430431367913457,0.007981010000000064,1,0.0011796674898326934,take_profit
2021-04-12 07:33:00+00:00,2021-04-13 06:26:00+00:00,2201.71,2165.3980811295864,2187.052061940882,0.8254623485911077,1789.2438295134195,1803.5238024092046,14.279972895785022,0.00798101000000007,5,0.045287526513482716,take_profit
2021-04-13 06:27:00+00:00,2021-04-13 08:33:00+00:00,2187.96,2184.5788499389996,2206.4246384383896,0.3679893091683181,804.7063681809523,811.1287377524682,6.422369571515901,0.007981010000000049,2,0.017344924038830607,take_profit
2021-04-13 08:34:00+00:00,2021-04-13 12:00:00+00:00,2209.29,2209.29,2231.3829,0.3082637312140167,681.7257044382532,687.1665641026319,5.440859664378763,0.00798101000000003,1,0.006463615007536242,take_profit
2021-04-13 12:01:00+00:00,2021-04-13 14:54:00+00:00,2230.02,2230.02,2252.3202,0.30552001761152386,681.997747421472,687.4407782636201,5.443030842148119,0.007981009999999818,1,0.005390086187567816,take_profit
2021-04-13 14:55:00+00:00,2021-04-13 16:00:00+00:00,2254.97,2254.97,2277.5197,0.30226017599551924,682.2698989635795,687.7151018499069,5.445202886327365,0.00798101000000007,1,0.005308274611192079,take_profit
2021-04-13 16:01:00+00:00,2021-04-13 17:58:00+00:00,2281.9,2281.9,2304.719,0.2988122253160909,682.5421591078958,687.9895349051575,5.447375797261657,0.007981009999999926,1,0.00692405451597361,take_profit
2021-04-13 17:59:00+00:00,2021-04-14 03:12:00+00:00,2306.88,2293.185585519034,2316.117441374224,0.4589387762542849,1053.4852716136852,1061.8931481012864,8.407876487601243,0.007981009999999721,3,0.02465667915106122,take_profit
2021-04-14 03:13:00+00:00,2021-04-14 03:27:00+00:00,2315.75,2315.75,2338.9075,0.2947432524238009,683.234921722139,688.6878264647526,5.452904742613555,0.007981009999999922,1,0.0011875202418223038,take_profit
2021-04-14 03:28:00+00:00,2021-04-14 04:38:00+00:00,2341.89,2341.89,2365.3089,0.2915696550189421,683.5075669592696,688.9626476862471,5.455080726977485,0.00798100999999983,1,0.003936991062773999,take_profit
2021-04-14 04:39:00+00:00,2021-04-14 05:36:00+00:00,2365.27,2365.27,2388.9227,0.28880277544408156,683.7803209956185,689.2375785752877,5.4572575796692036,0.007981009999999945,1,0.0034964295830919863,take_profit
2021-04-14 05:37:00+00:00,2021-04-14 11:13:00+00:00,2387.66,2354.831425113738,2378.3797393648756,0.6577838281951895,1550.5205501157643,1562.8952701314438,12.374720015679486,0.007981010000000045,4,0.03252556896710581,take_profit
2021-04-14 11:14:00+00:00,2021-04-14 15:18:00+00:00,2376.13,2336.9414421129236,2360.310856534053,0.7693429133840398,1799.7090465295855,1814.0725424270288,14.363495897443272,0.007981010000000103,5,0.03494758283427252,take_profit
2021-04-14 15:19:00+00:00,2021-04-14 16:34:00+00:00,2363.45,2359.7976575843836,2383.3956341602275,0.34265804465013644,809.4130641820192,815.8729979413864,6.459933759367232,0.00798100999999987,2,0.01662400304639403,take_profit
2021-04-14 16:35:00+00:00,2021-04-14 20:55:00+00:00,2383.11,2343.8063237759416,2367.244387013701,0.7682560525737434,1802.4458401416236,1816.8311784162522,14.385338274628566,0.007981009999999926,5,0.034081515330807326,take_profit
2021-04-14 20:56:00+00:00,2021-04-14 21:25:00+00:00,2368.45,2368.45,2392.1344999999997,0.2895336299747456,686.432358271958,691.9107817876501,5.478423515692043,0.007981009999999946,1,0.0001688868247164332,take_profit
2021-04-14 21:26:00+00:00,2021-04-14 21:37:00+00:00,2394.04,2394.04,2417.9804,0.2865530956743809,686.7062794477426,692.1868891310779,5.480609683335274,0.007981010000000066,1,0.001691701057626515,take_profit
2021-04-14 21:38:00+00:00,2021-04-14 23:06:00+00:00,2420.08,2420.08,2444.2808,0.28358291032609567,686.9803099319095,692.4631066552791,5.482796723369688,0.007981010000000028,1,0.006218802684208674,take_profit
2021-04-14 23:07:00+00:00,2021-04-15 03:31:00+00:00,2443.68,2439.9036746644974,2464.3027114111424,0.33230949746671745,811.6147787737301,818.0922844392711,6.477505665541003,0.007981010000000092,2,0.017874680809271196,take_profit
2021-04-15 03:32:00+00:00,2021-04-15 14:32:00+00:00,2463.89,2449.263521424822,2473.7561566390705,0.4326910051445369,1060.8351300792333,1069.3016658607473,8.46653578151404,0.007981010000000356,3,0.023868760374854376,take_profit
2021-04-15 14:33:00+00:00,2021-04-15 20:37:00+00:00,2474.55,2470.725969906466,2495.433229605531,0.3285207269189854,812.4971888401276,818.9817370292325,6.484548189104885,0.007981009999999924,2,0.016613121577660636,take_profit
2021-04-15 20:38:00+00:00,2021-04-15 22:15:00+00:00,2496.82,2496.82,2521.7882,0.27540533693683805,688.3258792498859,693.819414975438,5.4935357255520785,0.007981009999999922,1,0.006051697759550199,take_profit
2021-04-15 22:16:00+00:00,2021-04-16 00:51:00+00:00,2522.86,2522.86,2548.0886,0.27267147423167654,688.6005560361637,694.0962839598939,5.495727923730215,0.007981010000000047,1,0.007872018264985027,take_profit
2021-04-16 00:52:00+00:00,2021-04-17 00:15:00+00:00,2544.09,2447.0872772270327,2471.558149999303,1.1463339085207613,2807.9871101051976,2830.397683310818,22.410573205620494,0.007981009999999933,7,0.09594393280111951,take_profit
2021-04-17 00:16:00+00:00,2021-04-17 02:41:00+00:00,2469.48,2465.6638047986985,2490.3204428466856,0.33014939545409766,814.8522668141547,821.3556109041212,6.503344089966504,0.007981010000000082,2,0.014691352025527722,take_profit
2021-04-17 02:42:00+00:00,2021-04-19 01:14:00+00:00,2487.41,2246.829370349073,2269.297664052564,2.5841009222956846,5811.845693853926,5858.230092455032,46.38439860110611,0.00798101000000017,10,0.217338516770456,take_profit
2021-04-19 01:15:00+00:00,2021-04-19 01:53:00+00:00,2267.36,2263.856149654331,2286.4947111508745,0.3609580878447338,817.9751620968657,824.5034300453126,6.52826794844691,0.00798101000000025,2,0.015595229694446459,take_profit
2021-04-19 01:54:00+00:00,2021-04-19 02:35:00+00:00,2250.59,2250.59,2273.0959000000003,0.3075965435521274,692.9666716246071,698.4972455605098,5.53057393590268,0.007981009999999964,1,0.009242020981165019,take_profit
2021-04-19 02:36:00+00:00,2021-04-19 03:49:00+00:00,2251.57,2251.57,2274.0857,0.3075853547174109,693.2432003214022,698.7759812355994,5.532780914197133,0.007981010000000026,1,0.004650088604840291,take_profit
2021-04-19 03:50:00+00:00,2021-04-19 20:39:00+00:00,2276.87,2190.0560156676506,2211.956575824327,1.2895067638040087,2826.9189642773704,2849.480632800458,22.56166852308752,0.007981010000000064,7,0.08646519124939056,take_profit
2021-04-19 20:40:00+00:00,2021-04-20 10:20:00+00:00,2210.63,2149.2252835681697,2170.7175364038517,1.0824345676111937,2328.7244649831405,2347.3100382254156,18.58557324227513,0.007981010000000016,6,0.07040074548884259,take_profit
2021-04-20 10:21:00+00:00,2021-04-20 11:03:00+00:00,2171.68,2171.68,2193.3968,0.31997422468039716,695.5772014553803,701.1286100559677,5.551408600587365,0.007981009999999943,1,0.0028595373167317637,take_profit
2021-04-20 11:04:00+00:00,2021-04-20 13:32:00+00:00,2192.93,2189.5411695811304,2211.4365812769415,0.37494137571413966,821.7713496551505,828.3299150144617,6.55856535931116,0.007981009999999887,2,0.013260797198268951,take_profit
2021-04-20 13:33:00+00:00,2021-04-20 16:14:00+00:00,2209.41,2179.0322319595516,2200.822554279147,0.7234569930200854,1578.0141203476503,1590.6082668222857,12.594146474635409,0.007981009999999752,4,0.031071643560950497,take_profit
2021-04-20 16:15:00+00:00,2021-04-20 16:43:00+00:00,2199.88,2199.88,2221.8788,0.3164334395829,696.8124074771072,702.373674269306,5.561266792198808,0.007981009999999915,1,0.0025955961234249304,take_profit
2021-04-20 16:44:00+00:00,2021-04-20 16:51:00+00:00,2220.86,2220.86,2243.0686,0.3135692390992229,697.090470816717,702.6539568352099,5.563486018492881,0.007981009999999934,1,0.001143701088767398,take_profit
2021-04-20 16:52:00+00:00,2021-04-20 17:47:00+00:00,2243.15,2243.15,2265.5815000000002,0.31057721350445755,697.3686451176417,702.934351248012,5.5657061303703586,0.007981010000000012,1,0.0034817109867819563,take_profit
2021-04-20 17:48:00+00:00,2021-04-20 18:17:00+00:00,2267.01,2267.01,2289.6801,0.3074310583075222,697.6469304241601,703.2148575523446,5.567927128184465,0.007981009999999912,1,0.005160982968756323,take_profit
2021-04-20 18:18:00+00:00,2021-04-20 19:43:00+00:00,2289.61,2289.61,2312.5061,0.3045179753118604,697.9253267805693,703.4954757928583,5.570149012288994,0.007981010000000004,1,0.0087176418691393,take_profit
2021-04-20 19:44:00+00:00,2021-04-20 21:15:00+00:00,2312.7,2312.7,2335.8269999999998,0.3015979722389211,698.2038342311839,703.7762060142214,5.572371783037511,0.007981010000000129,1,0.008384139750075615,take_profit
2021-04-20 21:16:00+00:00,2021-04-21 00:14:00+00:00,2334.26,2330.652766165108,2353.959293826759,0.35357031865018096,824.8745157116346,831.4578474702744,6.583331758639815,0.007981010000000125,2,0.015718043405618932,take_profit
2021-04-21 00:15:00+00:00,2021-04-21 12:24:00+00:00,2350.62,2311.852168298653,2334.9706899816397,0.7937529075762756,1836.8762567303033,1851.5363845040304,14.660127773727027,0.00798100999999995,5,0.04911895584994599,take_profit
2021-04-21 12:25:00+00:00,2021-04-21 12:42:00+00:00,2332.01,2332.01,2355.3301,0.29967499331956426,699.544625796954,705.1276984508858,5.583072653931708,0.007981009999999943,1,0.004957097096496327,take_profit
2021-04-21 12:43:00+00:00,2021-04-21 12:51:00+00:00,2357.71,2357.71,2381.2871,0.2965266956708929,699.8237794296506,705.4090800115164,5.585300581865795,0.007981009999999941,1,0.003270122279669695,take_profit
2021-04-21 12:52:00+00:00,2021-04-21 14:33:00+00:00,2377.66,2377.66,2401.4366,0.2941559943029219,700.103044458744,705.6905738575997,5.587529398855736,0.00798101000000008,1,0.008129841945442128,take_profit
2021-04-21 14:34:00+00:00,2021-04-21 14:45:00+00:00,2402.66,2402.66,2426.6866,0.291211423383982,700.3824209286868,705.9721800339429,5.589759105256121,0.007981010000000089,1,0.004232808637093918,take_profit
2021-04-21 14:46:00+00:00,2021-04-21 15:00:00+00:00,2421.53,2421.53,2445.7453,0.28905743351313656,700.6619088839496,706.2538985853714,5.591989701421767,0.007981009999999823,1,0.0033078260438649193,take_profit
2021-04-21 15:01:00+00:00,2021-04-21 16:08:00+00:00,2446.56,2442.779224074827,2467.2070163155754,0.33852865478939426,827.7785432167483,834.3850520479466,6.606508831198312,0.007981010000000014,2,0.0165783794388856,take_profit
2021-04-21 16:09:00+00:00,2021-04-22 01:18:00+00:00,2463.79,2423.1557009353014,2447.3872579446543,0.759959321722321,1843.343106016383,1858.054845778931,14.71173976254795,0.007981010000000075,5,0.06101575215420142,take_profit
2021-04-22 01:19:00+00:00,2021-04-22 04:52:00+00:00,2451.87,2411.432292708485,2435.5466156355697,0.7644549581100336,1845.2766489566036,1860.0038203446927,14.727171388089118,0.007981009999999986,5,0.044402843543907264,take_profit
2021-04-22 04:53:00+00:00,2021-04-22 05:51:00+00:00,2437.1,2437.1,2461.471,0.28806410717194386,702.7437793681125,708.3523844986872,5.608605130574688,0.007981009999999983,1,0.005034672356489263,take_profit
2021-04-22 05:52:00+00:00,2021-04-22 06:11:00+00:00,2461.81,2461.81,2486.4281,0.2852865109066161,703.0242096246412,708.6350528718976,5.610843247256412,0.007981010000000077,1,0.002295059326268108,take_profit
2021-04-22 06:12:00+00:00,2021-04-22 09:35:00+00:00,2486.65,2452.460385171706,2476.984989023423,0.649373702252479,1594.1574373838757,1606.8804238332104,12.722986449334712,0.007981009999999766,4,0.030836667806084607,take_profit
2021-04-22 09:36:00+00:00,2021-04-22 10:26:00+00:00,2477.7,2477.7,2502.477,0.2838265166115193,703.9409011094708,709.5590604806346,5.618159371163756,0.007981010000000083,1,0.0031077208701617703,take_profit
2021-04-22 10:27:00+00:00,2021-04-22 11:00:00+00:00,2499.56,2499.56,2524.5556,0.28145657126412293,704.2218090780291,709.842210378499,5.620401300469894,0.007981010000000075,1,0.0051409047992446305,take_profit
2021-04-22 11:01:00+00:00,2021-04-22 11:23:00+00:00,2525.0,2525.0,2550.25,0.2787320104213503,704.5028291430526,710.1254732674715,5.622644124418912,0.007981009999999882,1,0.0020950495049504806,take_profit
2021-04-22 11:24:00+00:00,2021-04-22 12:09:00+00:00,2559.46,2559.46,2585.0546,0.2750889552436547,704.7839613492736,710.4088491926418,5.624887843368242,0.007981010000000108,1,0.008892500761879545,take_profit
2021-04-22 12:10:00+00:00,2021-04-22 14:55:00+00:00,2582.18,2578.1896445709635,2603.971541016673,0.3226356085810792,832.6484334470362,839.2938089208612,6.645375473825084,0.007981009999999945,2,0.01631567125452124,take_profit
2021-04-22 14:56:00+00:00,2021-04-22 16:23:00+00:00,2605.25,2601.22399349329,2627.236233428223,0.319929305704193,833.0408270464429,839.6893342175088,6.64850717106583,0.007981009999999879,2,0.011611169753382593,take_profit
2021-04-22 16:24:00+00:00,2021-04-26 00:13:00+00:00,2625.81,2371.843415020564,2395.5618491707696,2.502539595151811,5941.573633222273,5988.993391804757,47.419758582484064,0.00798101000000013,10,0.1975809369299378,take_profit
2021-04-26 00:14:00+00:00,2021-04-26 00:42:00+00:00,2391.41,2391.41,2415.3241,0.2958057325657281,708.1008878028107,713.7522480693738,5.651360266563074,0.00798100999999995,1,0.0042610844648136685,take_profit
2021-04-26 00:43:00+00:00,2021-04-26 01:32:00+00:00,2414.41,2414.41,2438.5541,0.29310476363182836,708.3834558161388,714.0370712608419,5.653615444703064,0.007981009999999861,1,0.00520624086215668,take_profit
2021-04-26 01:33:00+00:00,2021-04-26 02:00:00+00:00,2432.29,2432.29,2456.6129,0.2910662258414028,708.666136588374,714.3220081111472,5.655871522773168,0.007981009999999985,1,0.0023928067787970034,take_profit
2021-04-26 02:01:00+00:00,2021-04-26 04:13:00+00:00,2457.35,2453.5525498169986,2478.0880753151687,0.3408925120380066,837.2349270514244,843.9169073765711,6.6819803251466965,0.007981010000000009,2,0.0153132439416445,take_profit
2021-04-26 04:14:00+00:00,2021-04-26 09:52:00+00:00,2473.8,2459.1146923363967,2483.7058392597605,0.4445616419998495,1094.3223878789022,1103.0561857997873,8.733797920885081,0.00798100999999971,3,0.02391058290888515,take_profit
2021-04-26 09:53:00+00:00,2021-04-26 11:22:00+00:00,2481.89,2481.89,2506.7089,0.2856734179829636,709.7197190768143,715.3839992519635,5.664280175149202,0.007981009999999938,1,0.005479694909927478,take_profit
2021-04-26 11:23:00+00:00,2021-04-26 17:19:00+00:00,2509.99,2495.089856341431,2520.0407549048455,0.4385964941833684,1095.4330967605965,1104.175759260174,8.742662499577364,0.007981010000000068,3,0.023418419993705055,take_profit
2021-04-26 17:20:00+00:00,2021-04-26 22:10:00+00:00,2518.28,2476.7470192473193,2501.5144894397927,0.753235999799705,1867.442459753447,1882.3465366991643,14.90407694571718,0.007981010000000172,5,0.035055672919611876,take_profit
2021-04-26 22:11:00+00:00,2021-04-26 22:14:00+00:00,2505.32,2505.32,2530.3732,0.28358616256118124,711.1852700578365,716.8612468100207,5.6759767521841695,0.007981009999999825,1,0.0031732473296825444,take_profit
2021-04-26 22:15:00+00:00,2021-04-27 06:09:00+00:00,2530.0,2526.0902806018707,2551.3511834078895,0.3322806339269767,840.2110908860502,846.9168240045226,6.705733118472381,0.007981009999999887,2,0.01964822134387353,take_profit
2021-04-27 06:10:00+00:00,2021-04-27 12:08:00+00:00,2553.87,2553.8700000000003,2579.4087000000004,0.27843725451797385,711.8043555513693,717.4852732310684,5.680917679699064,0.007981010000000042,1,0.008849314961215689,take_profit
2021-04-27 12:09:00+00:00,2021-04-27 14:28:00+00:00,2581.99,2577.999938186254,2603.7799375681166,0.32587337888828044,840.9424931236565,847.6540635707012,6.711570447044664,0.007981009999999799,2,0.019589541400237775,take_profit
2021-04-27 14:29:00+00:00,2021-04-27 15:00:00+00:00,2619.97,2619.97,2646.1697,0.2716487425343606,712.4239799577065,718.1098428659888,5.6858629082822745,0.007981010000000028,1,0.0063664851124248896,take_profit
2021-04-27 15:01:00+00:00,2021-04-27 15:47:00+00:00,2641.99,2641.99,2668.4098999999997,0.26949214979239794,712.7082731031205,718.3964049578392,5.6881318547186765,0.007981009999999917,1,0.009477704306223704,take_profit
2021-04-27 15:48:00+00:00,2021-04-28 00:03:00+00:00,2666.79,2650.959038877751,2677.4686292665288,0.414546504381357,1100.045848673607,1108.8253255923296,8.779476918722594,0.007981010000000045,3,0.02429512635040628,take_profit
2021-04-28 00:04:00+00:00,2021-04-28 01:30:00+00:00,2671.03,2671.03,2697.7403000000004,0.2668327281566477,713.4316535417926,719.1255587030263,5.693905161233715,0.007981010000000188,1,0.002077850117744908,take_profit
2021-04-28 01:31:00+00:00,2021-04-28 11:31:00+00:00,2704.47,2659.866262347235,2686.4649249707077,0.704613752461059,1876.0544025596166,1891.0272115069888,14.972808947372187,0.007981009999999926,5,0.05362603393640889,take_profit
2021-04-28 11:32:00+00:00,2021-04-28 12:12:00+00:00,2685.7,2685.7,2712.557,0.26575958754066936,714.4649892472229,720.1671414710548,5.702152223831945,0.007981009999999953,1,0.002118628290575865,take_profit
2021-04-28 12:13:00+00:00,2021-04-28 17:30:00+00:00,2718.89,2702.7497557791676,2729.7772533369593,0.40760508169427284,1102.7572922958393,1111.5584092732256,8.8011169773863,0.007981010000000257,3,0.02238045673050396,take_profit
2021-04-28 17:31:00+00:00,2021-04-28 21:45:00+00:00,2730.0,2713.7938030877035,2740.9317411185807,0.406196225415396,1103.4362356055233,1112.2427712362532,8.806535630729968,0.007981009999999938,3,0.023608058608058542,take_profit
2021-04-28 21:46:00+00:00,2021-04-29 09:14:00+00:00,2740.72,2724.4501655672275,2751.6946672228996,0.40485654510000424,1104.115596925608,1112.927554545827,8.811957620218891,0.007981009999999678,3,0.026533173764558146,take_profit
2021-04-29 09:15:00+00:00,2021-04-29 12:16:00+00:00,2751.05,2751.05,2778.5605,0.26002980908833395,716.0710773698311,721.7860477990304,5.7149704291992975,0.007981009999999863,1,0.00011268424783279118,take_profit
2021-04-29 12:17:00+00:00,2021-04-29 22:37:00+00:00,2779.28,2733.4424510593294,2760.7768755699226,0.6881842671996812,1882.9950851999647,1898.0232878048967,15.028202604931948,0.007981010000000094,5,0.03536167640540003,take_profit
2021-04-29 22:38:00+00:00,2021-04-30 06:35:00+00:00,2764.27,2759.998252948353,2787.5982354778366,0.3065305592667337,846.8706787301969,853.6295620858493,6.758883355652415,0.007981009999999913,2,0.013869846288531926,take_profit
2021-04-30 06:36:00+00:00,2021-05-01 01:59:00+00:00,2784.57,2768.0398572395347,2795.72025581193,0.39949209685865184,1106.9169637206655,1115.75127907729,8.83431535662453,0.007981010000000234,3,0.022078812886729374,take_profit
2021-05-01 02:00:00+00:00,2021-05-01 02:04:00+00:00,2797.0,2797.0,2824.97,0.25640686737976204,717.8878959571515,723.6173664336645,5.729470476513029,0.007981010000000061,1,0.001991419377904957,take_profit
2021-05-01 02:05:00+00:00,2021-05-01 05:15:00+00:00,2825.21,2825.21,2853.4621,0.2539479171854468,718.1743694809771,723.9061263055485,5.731756824571335,0.007981009999999946,1,0.005369512354833825,take_profit
2021-05-01 05:16:00+00:00,2021-05-01 12:15:00+00:00,2854.69,2850.2785229768206,2878.7813082065886,0.29738136226334955,848.4681781709857,855.2398111856502,6.7716330146645305,0.007981010000000132,2,0.017322371255723133,take_profit
2021-05-01 12:16:00+00:00,2021-05-01 17:01:00+00:00,2875.77,2871.3259471329807,2900.0392066043105,0.29534061077159685,848.8680269775659,855.6428511895541,6.774824211988175,0.007981009999999943,2,0.012834823369045458,take_profit
2021-05-01 17:02:00+00:00,2021-05-01 17:58:00+00:00,2905.45,2905.45,2934.5045,0.24726604894365928,719.1382801835383,724.877729989066,5.73944980552767,0.007981010000000068,1,0.0011151456745081766,take_profit
2021-05-01 17:59:00+00:00,2021-05-02 18:35:00+00:00,2936.07,2918.64050235594,2947.8269073794995,0.37992360434753203,1109.9703898395996,1118.8290746206137,8.858684781014063,0.007981010000000288,3,0.02854495975913379,take_profit
2021-05-02 18:36:00+00:00,2021-05-02 21:33:00+00:00,2948.02,2948.02,2977.5002,0.24394282220811,719.8681869128653,725.6134621112988,5.745275198433433,0.00798100999999998,1,0.0011024348545803624,take_profit
2021-05-02 21:34:00+00:00,2021-05-03 01:39:00+00:00,2977.85,2973.2481984546566,3002.9806804392033,0.2857544234871894,850.4692941278627,857.2568980689902,6.787603941127486,0.007981010000000085,2,0.016626089292610363,take_profit
2021-05-03 01:40:00+00:00,2021-05-03 03:16:00+00:00,3006.67,3006.67,3036.7367,0.23939252928953741,720.4948308698433,726.2451073199638,5.750276450120509,0.007981009999999974,1,0.00035254949828213454,take_profit
2021-05-03 03:17:00+00:00,2021-05-03 05:08:00+00:00,3037.06,3037.06,3067.4306,0.23709164861664145,720.7823446923494,726.5349157931626,5.752571100813157,0.007981010000000096,1,0.00017451087564939296,take_profit
2021-05-03 05:09:00+00:00,2021-05-03 05:53:00+00:00,3068.57,3068.57,3099.2557,0.23475068298071827,721.0699732473901,726.8248399145773,5.75486666718723,0.007981010000000108,1,0.002066108969324521,take_profit
2021-05-03 05:54:00+00:00,2021-05-03 07:27:00+00:00,3099.2,3099.2,3130.192,0.23252334759427232,721.3577165807495,727.1148797303576,5.757163149608118,0.007981009999999986,1,0.005933789364997378,take_profit
2021-05-03 07:28:00+00:00,2021-05-03 08:16:00+00:00,3131.0,3131.0,3162.31,0.2302535704770015,721.6455747382299,727.4050352866716,5.759460548441666,0.007981010000000146,1,0.0013190673906100635,take_profit
2021-05-03 08:17:00+00:00,2021-05-03 08:35:00+00:00,3161.68,3161.68,3193.2968,0.22811024968304394,721.933547765652,727.6953066297052,5.761758864053263,0.007981010000000162,1,0.0027580273778496874,take_profit
2021-05-03 08:36:00+00:00,2021-05-03 14:43:00+00:00,3186.27,3142.4611229811408,3173.8857342109523,0.5204196990503055,1637.035707606737,1650.1009059595035,13.065198352766402,0.007981009999999974,4,0.031764414189632405,take_profit
2021-05-03 14:44:00+00:00,2021-05-03 16:39:00+00:00,3172.32,3172.32,3204.0432,0.22764160637352676,722.874895626493,728.644167397237,5.769271770744012,0.007981010000000023,1,0.00782707923538621,take_profit
2021-05-03 16:40:00+00:00,2021-05-03 16:45:00+00:00,3225.39,3225.39,3257.6439,0.22398537722750275,723.1633592150301,728.9349332165589,5.771574001528734,0.007981009999999981,1,0.0021206737789847712,take_profit
2021-05-03 16:46:00+00:00,2021-05-03 17:11:00+00:00,3247.83,3247.83,3280.3083,0.22252657496765268,723.4519379151066,729.2258150661264,5.77387715101986,0.007981010000000021,1,0.0023646557855552283,take_profit
2021-05-03 17:12:00+00:00,2021-05-03 18:07:00+00:00,3284.0,3284.0,3316.84,0.2201634869491123,723.7406317726575,729.5168129922414,5.776181219583918,0.00798101000000003,1,0.007155907429963459,take_profit
2021-05-03 18:08:00+00:00,2021-05-03 21:56:00+00:00,3316.88,3297.189886295071,3330.1617851580218,0.3384569766737242,1117.0739944290394,1125.9893731493175,8.915378720278113,0.007981010000000005,3,0.02150213453607009,take_profit
2021-05-03 21:57:00+00:00,2021-05-03 22:14:00+00:00,3325.73,3325.73,3358.9873000000002,0.21762161527240062,724.4752097696506,730.2572536635743,5.782043893923628,0.007981009999999929,1,0.002408493774299242,take_profit
2021-05-03 22:15:00+00:00,2021-05-03 23:12:00+00:00,3369.64,3369.64,3403.3363999999997,0.21487148409099563,724.7643119643468,730.5486631857774,5.784351221430597,0.007981010000000037,1,0.0034603103002100685,take_profit
2021-05-03 23:13:00+00:00,2021-05-03 23:33:00+00:00,3410.0,3410.0,3444.1,0.21241304281404483,725.0535295254183,730.8401889950959,5.786659469677602,0.007981009999999922,1,0.0058680351906158995,take_profit
2021-05-03 23:34:00+00:00,2021-05-04 05:55:00+00:00,3448.82,3353.022053656911,3386.55227419348,0.7244789720190639,2431.6255961867955,2451.0324243862187,19.406828199423217,0.00798101000000018,6,0.07776862811048417,take_profit
2021-05-04 05:56:00+00:00,2021-05-04 09:23:00+00:00,3391.05,3335.122774123061,3368.4740018642915,0.5718700926548482,1909.1661359890384,1924.4032100120282,15.237074022989873,0.007981009999999998,5,0.03372111882750191,take_profit
2021-05-04 09:24:00+00:00,2021-05-04 10:22:00+00:00,3369.55,3364.342887352583,3397.986316226109,0.25496282873539783,858.641020415646,865.4938429859936,6.852822570347598,0.007981010000000142,2,0.012657476517635912,take_profit
2021-05-04 10:23:00+00:00,2021-05-04 10:48:00+00:00,3390.95,3390.95,3424.8595,0.2143028593874288,727.4176987385403,733.2232266663495,5.805527927809294,0.007981010000000023,1,0.003597811822645518,take_profit
2021-05-04 10:49:00+00:00,2021-05-04 11:36:00+00:00,3426.55,3421.254802765352,3455.4673507930056,0.2509398238078678,859.3884658736324,866.2472538136545,6.858787940022125,0.007981010000000007,2,0.012916782186163989,take_profit
2021-05-04 11:37:00+00:00,2021-05-04 13:22:00+00:00,3465.44,3460.0847043513627,3494.6855513948763,0.24824064752804675,859.7934609710435,866.6554811809881,6.862020209944603,0.007981010000000111,2,0.015132277575141989,take_profit
2021-05-04 13:23:00+00:00,2021-05-04 19:45:00+00:00,3498.23,3364.847205017873,3398.495677068052,0.8814972851949644,2969.072749068187,2992.768948369228,23.696199301040906,0.007981010000000073,7,0.09668603836797467,take_profit
2021-05-04 19:46:00+00:00,2021-05-05 01:15:00+00:00,3397.65,3341.6139229734795,3375.030062203214,0.5733254498351126,1917.750055619665,1933.055637991066,15.305582371400988,0.00798100999999994,5,0.05810486659897284,take_profit
2021-05-05 01:16:00+00:00,2021-05-05 07:51:00+00:00,3368.74,3313.1807239938416,3346.31253123378,0.5788521799943743,1919.7616464456207,1935.0832833435193,15.321636897898543,0.007981009999999782,5,0.04326246608524249,take_profit
2021-05-05 07:52:00+00:00,2021-05-05 09:56:00+00:00,3353.48,3348.2977210248073,3381.7806982350553,0.25760639614566744,863.4063154514033,870.2971698890841,6.890854437680787,0.00798100999999998,2,0.011009458830826506,take_profit
2021-05-05 09:57:00+00:00,2021-05-05 16:21:00+00:00,3383.32,3336.801829915404,3370.169848214558,0.4963753238010649,1657.9640528370817,1671.196280522415,13.232227685333328,0.00798101000000003,4,0.030354799427781076,take_profit
2021-05-05 16:22:00+00:00,2021-05-05 16:30:00+00:00,3372.41,3372.41,3406.1340999999998,0.21687286665515756,732.116340577097,737.9593684124062,5.843027835309158,0.007981009999999919,1,0.0018414131140638407,take_profit
2021-05-05 16:31:00+00:00,2021-05-05 16:58:00+00:00,3412.27,3412.27,3446.3927,0.21442502600230748,732.4084919688626,738.2538514673511,5.845359498488506,0.007981010000000129,1,0.008551492115219439,take_profit
2021-05-05 16:59:00+00:00,2021-05-05 19:52:00+00:00,3447.58,3442.252304188695,3476.6748272305817,0.25112029737691993,865.284706981234,872.1905528804984,6.905845899264477,0.007981010000000207,2,0.01523387419581271,take_profit
2021-05-05 19:53:00+00:00,2021-05-05 22:28:00+00:00,3476.11,3470.7382155347705,3505.445597690118,0.24917661158869742,865.6924807390953,872.6015810847989,6.909100345703564,0.007981010000000042,2,0.018371110235291786,take_profit
2021-05-05 22:29:00+00:00,2021-05-05 23:04:00+00:00,3505.53,3505.53,3540.5853,0.2090006691566694,733.3915072560353,739.2447122093608,5.85320495332553,0.007981010000000054,1,0.0039708688843056745,take_profit
2021-05-05 23:05:00+00:00,2021-05-06 11:53:00+00:00,3544.35,3485.894458785057,3520.7534033729075,0.5526881900281722,1928.5412402954435,1943.9329472196537,15.391706924210212,0.007981009999999934,5,0.047365525413686604,take_profit
2021-05-06 11:54:00+00:00,2021-05-06 15:22:00+00:00,3524.89,3519.4428336722244,3554.637262008947,0.24620020672854206,867.354908127515,874.27727632283,6.9223681953149026,0.007981010000000142,2,0.018409085106201862,take_profit
2021-05-06 15:23:00+00:00,2021-05-06 16:06:00+00:00,3559.68,3554.1790711671415,3589.720861878813,0.2439088961112631,867.7636574876195,874.6892879156649,6.925630428045338,0.007981010000000082,2,0.011731391585760451,take_profit
2021-05-06 16:07:00+00:00,2021-05-07 15:54:00+00:00,3592.28,3533.0339685427193,3568.3643082281465,0.546400574135376,1932.3841730245526,1947.806550433303,15.422377408750435,0.00798100999999987,5,0.06654548086452063,take_profit
2021-05-07 15:55:00+00:00,2021-05-08 01:20:00+00:00,3568.52,3509.665832681212,3544.7624910080244,0.5506155842378432,1934.4111140554169,1949.849668500805,15.438554445388036,0.007981010000000318,5,0.041308441594834794,take_profit
2021-05-08 01:21:00+00:00,2021-05-08 04:45:00+00:00,3548.86,3543.3757917852786,3578.8095497031313,0.245281595921402,869.994864022377,876.9383017320881,6.943437709711134,0.007981009999999887,2,0.010989444497669674,take_profit
2021-05-08 04:46:00+00:00,2021-05-08 13:35:00+00:00,3567.04,3561.527697437983,3597.142974412363,0.24414648052720783,870.404857487141,877.3515673587945,6.946709871653411,0.007981009999999959,2,0.017050551717951064,take_profit
2021-05-08 13:36:00+00:00,2021-05-08 13:51:00+00:00,3601.14,3601.14,3637.1513999999997,0.2045592015434286,737.3837067528553,743.2687734902869,5.8850667374315435,0.007981009999999915,1,0.00015550631189010855,take_profit
2021-05-08 13:52:00+00:00,2021-05-08 15:00:00+00:00,3640.0,3640.0,3676.4,0.20245612146418607,737.677960089727,743.5653752659828,5.887415176255786,0.0079810100000001,1,0.002195054945054885,take_profit
2021-05-08 15:01:00+00:00,2021-05-08 16:08:00+00:00,3678.0,3672.3162261081748,3709.0393883692564,0.23708161754197543,871.5101811925613,878.465712663761,6.95553147119972,0.007981010000000087,2,0.019798803697661817,take_profit
2021-05-08 16:09:00+00:00,2021-05-08 16:14:00+00:00,3704.78,3704.78,3741.8278,0.19908922724552547,738.3201074220999,744.2126475826368,5.892540160536896,0.007981010000000057,1,0.0004426713597029587,take_profit
2021-05-08 16:15:00+00:00,2021-05-08 16:40:00+00:00,3739.7,3739.7,3777.0969999999998,0.19730890705021703,738.6147344301268,744.5096260117609,5.89489158163417,0.007981009999999978,1,0.003928122576677167,take_profit
2021-05-08 16:41:00+00:00,2021-05-08 16:53:00+00:00,3777.49,3777.49,3815.2648999999997,0.1954129778054209,738.9094790092086,744.8067229502759,5.897243941067359,0.007981010000000103,1,0.0019827981013847244,take_profit
2021-05-08 16:54:00+00:00,2021-05-08 20:21:00+00:00,3818.58,3812.678981699878,3850.805771516877,0.22873474683207978,872.9651267578712,879.9322701641771,6.967143406305922,0.007981010000000097,2,0.015196748529558041,take_profit
2021-05-08 20:22:00+00:00,2021-05-08 21:58:00+00:00,3862.64,3856.670893859292,3895.237602797885,0.22623220064144317,873.3765199875769,880.3469467273629,6.970426739786035,0.007981009999999981,2,0.010252055588923614,take_profit
2021-05-08 21:59:00+00:00,2021-05-08 22:04:00+00:00,3896.89,3896.89,3935.8588999999997,0.18967980068563725,739.9012197135665,745.8063787471126,5.905159033546056,0.007981009999999844,1,0.00012830744516781331,take_profit
2021-05-08 22:05:00+00:00,2021-05-09 03:13:00+00:00,3940.75,3886.5675760020117,3925.433251762032,0.4312547952014073,1677.7786827078855,1691.169051152364,13.390368444478554,0.007981010000000056,4,0.03190509420795534,take_profit
2021-05-09 03:14:00+00:00,2021-05-09 06:25:00+00:00,3925.22,3901.918575734768,3940.937761492116,0.29265278641918513,1143.0503939635216,1152.1730905882484,9.122696624726814,0.007981010000000007,3,0.026808688430202645,take_profit
2021-05-09 06:26:00+00:00,2021-05-09 07:17:00+00:00,3942.99,3942.99,3982.4199,0.18782213720749621,741.3221309187041,747.2386302587877,5.916499340083533,0.007981010000000063,1,0.001334013020575696,take_profit
2021-05-09 07:18:00+00:00,2021-05-09 16:07:00+00:00,3979.64,3914.0053956181996,3953.1454495743815,0.4975584285517755,1949.3957697567187,1964.9539168891047,15.558147132386011,0.00798100999999997,5,0.06371430581660652,take_profit
2021-05-09 16:08:00+00:00,2021-05-10 02:06:00+00:00,3968.18,3913.620433607731,3952.756637943808,0.4295463040538755,1682.7639566826092,1696.1941126485326,13.430155965923404,0.00798100999999996,4,0.032002076518706256,take_profit
2021-05-10 02:07:00+00:00,2021-05-10 03:01:00+00:00,3948.24,3948.24,3987.7223999999997,0.18801397677688875,743.0673710406238,748.9977991595727,5.930428118948839,0.007981009999999879,1,0.0017856057382529247,take_profit
2021-05-10 03:02:00+00:00,2021-05-10 03:16:00+00:00,3987.9,3987.9,4027.779,0.18621844292838954,743.3638924465713,749.2966871058262,5.93279465925491,0.007981009999999865,1,0.0035056044534717565,take_profit
2021-05-10 03:17:00+00:00,2021-05-10 03:44:00+00:00,4025.37,4025.37,4065.6237,0.18455865464475427,743.660532179534,749.5956943234642,5.9351621439301425,0.007981009999999946,1,0.006995630215359049,take_profit
2021-05-10 03:45:00+00:00,2021-05-10 05:00:00+00:00,4062.44,4062.44,4103.0644,0.1829475224240712,743.9572902867305,749.8948208600818,5.937530573351296,0.007981009999999995,1,0.008201967290593871,take_profit
2021-05-10 05:01:00+00:00,2021-05-10 08:54:00+00:00,4110.94,4104.587185034567,4145.633056884913,0.21391914997089923,878.9287303343749,885.9434693204608,7.014738986085945,0.007981009999999995,2,0.014057612127639788,take_profit
2021-05-10 08:55:00+00:00,2021-05-10 12:17:00+00:00,4149.99,4081.545881477111,4122.361340291882,0.47905621674081117,1957.2471756100742,1972.86798489109,15.620809281015681,0.00798100999999996,5,0.041202508921708195,take_profit
2021-05-10 12:18:00+00:00,2021-05-10 15:46:00+00:00,4120.01,4095.552236871566,4136.507759240281,0.2805174828115462,1150.0240282386476,1159.2023815082605,9.178353269612899,0.007981009999999974,3,0.022832468853230977,take_profit
2021-05-10 15:47:00+00:00,2021-05-10 16:01:00+00:00,4135.72,4135.72,4177.077200000001,0.1801618622707392,745.8448618922338,751.7974571934444,5.952595301210636,0.007981010000000132,1,0.0010856634394980054,take_profit
2021-05-10 16:02:00+00:00,2021-05-10 21:50:00+00:00,4183.47,3952.7465424675474,3992.274007892223,1.0416624006364046,4121.549001535529,4154.443125332274,32.89412379674468,0.007981009999999905,8,0.12751854321890685,take_profit
2021-05-10 21:51:00+00:00,2021-05-10 21:58:00+00:00,3989.97,3989.97,4029.8696999999997,0.18722933020781718,747.7871978471314,753.7552949510213,5.968097103889818,0.007981009999999844,1,0.0004912317636472409,take_profit
2021-05-10 21:59:00+00:00,2021-05-10 22:10:00+00:00,4018.62,4018.62,4058.8062,0.18596869499968238,748.0856027023259,754.0560813783493,5.97047867602339,0.007981010000000134,1,0.00587763958771914,take_profit
2021-05-10 22:11:00+00:00,2021-05-11 00:31:00+00:00,4051.07,3984.2573293129585,4024.099902606088,0.49324473529376994,1967.181132872105,1982.8812251653687,15.700092293263651,0.007981010000000026,5,0.04124342457671686,take_profit
2021-05-11 00:32:00+00:00,2021-05-11 09:51:00+00:00,4019.97,3953.670249123864,3993.2069516151028,0.4975820452997771,1969.2445735735048,1984.961134207641,15.716560634136158,0.007981010000000142,5,0.061774092841488853,take_profit
2021-05-11 09:52:00+00:00,2021-05-11 10:03:00+00:00,3993.84,3993.84,4033.7784,0.18759013989624385,749.954959282497,755.9403573120802,5.985398029583166,0.007981009999999953,1,0.002028123309897333,take_profit
2021-05-11 10:04:00+00:00,2021-05-11 10:29:00+00:00,4032.9,4032.9,4073.2290000000003,0.1858473988828863,750.2542291839761,756.2420156896358,5.987786505659642,0.007981010000000049,1,0.001837387487912001,take_profit
2021-05-11 10:30:00+00:00,2021-05-11 16:04:00+00:00,4072.28,4005.117521300439,4045.1686965134436,0.492098147668628,1972.8837972243377,1988.6294025388227,15.74560531448492,0.00798100999999975,5,0.04383539442278041,take_profit
2021-05-11 16:05:00+00:00,2021-05-11 18:31:00+00:00,4051.17,4044.9095502236687,4085.3586457259053,0.21914223655332118,887.2978233152184,894.3793561160754,7.081532800857076,0.007981010000000096,2,0.01509934167166524,take_profit
2021-05-11 18:32:00+00:00,2021-05-11 20:42:00+00:00,4081.09,4074.78331354209,4115.531146677511,0.2176381384620073,887.7159709663166,894.8008410077585,7.084870041441945,0.007981010000000071,2,0.0119183845492259,take_profit
2021-05-11 20:43:00+00:00,2021-05-11 23:52:00+00:00,4117.76,4117.76,4158.9376,0.1824528796477165,752.0492189170983,758.0513312537678,6.002112336669484,0.007981009999999912,1,0.009170034193347892,take_profit
2021-05-11 23:53:00+00:00,2021-05-12 02:22:00+00:00,4163.84,4163.84,4205.4784,0.18050572913690194,752.3493245339317,758.3538320165302,6.004507482598456,0.007981009999999868,1,0.004135605594835597,take_profit
2021-05-12 02:23:00+00:00,2021-05-12 03:00:00+00:00,4226.3,4226.3,4268.563,0.1779090221607916,752.6495499080617,758.6564534923733,6.006903584311658,0.007981009999999893,1,0.002983697323900476,take_profit
2021-05-12 03:01:00+00:00,2021-05-12 03:46:00+00:00,4270.22,4270.22,4312.9222,0.17614945955763167,752.9498950872772,758.9591957294676,6.0093006421903965,0.00798100999999985,1,0.005634370126129426,take_profit
2021-05-12 03:47:00+00:00,2021-05-12 06:01:00+00:00,4318.99,4312.315676291175,4355.438833054087,0.20607564940475098,889.5528062362281,896.6523360783275,7.0995298420994,0.007981010000000002,2,0.010567285407004745,take_profit
2021-05-12 06:02:00+00:00,2021-05-12 14:21:00+00:00,4360.17,4288.259467140898,4331.142061812307,0.4614750030737036,1980.9054562359204,1996.7150824911935,15.809626255273088,0.007981009999999822,5,0.041321783324962114,take_profit
2021-05-12 14:22:00+00:00,2021-05-12 22:55:00+00:00,4335.55,4170.241321958602,4211.943735178188,0.7366446567676516,3075.0610483007727,3099.6031412778716,24.542092977098946,0.007981009999999998,7,0.09280252793763198,take_profit
2021-05-12 22:56:00+00:00,2021-05-13 00:07:00+00:00,4204.1,3797.4822630304366,3835.457085660741,1.67354665581721,6361.625367186945,6412.397562858718,50.77219567177235,0.007981009999999948,10,0.16747936538141345,take_profit
2021-05-13 00:08:00+00:00,2021-05-13 00:08:00+00:00,3822.88,3822.88,3861.1088,0.19812376292856232,758.161532356699,764.2124271280532,6.0508947713541374,0.007981009999999998,1,0.005854225086845548,take_profit
2021-05-13 00:09:00+00:00,2021-05-13 00:09:00+00:00,3813.55,3813.55,3851.6855,0.19868773531700687,758.4640770952668,764.5173864792049,6.053309383938085,0.007981009999999986,1,0.000652934929396556,take_profit
2021-05-13 00:10:00+00:00,2021-05-13 00:16:00+00:00,3868.49,3804.68854793274,3842.735433412068,0.5236902003338249,1994.4725804551615,2010.3904860644996,15.91790560933805,0.0079810099999998,5,0.041049608503576265,take_profit
2021-05-13 00:17:00+00:00,2021-05-13 00:18:00+00:00,3841.08,3841.0800000000004,3879.4908000000005,0.19754940673120208,759.5626378449307,765.6247148531975,6.062077008266783,0.007981010000000018,1,0.0031449488164786796,take_profit
2021-05-13 00:19:00+00:00,2021-05-13 00:19:00+00:00,3876.05,3876.05,3914.8105,0.19584522283088418,759.865741695344,765.9302377784719,6.064496083127892,0.007981009999999913,1,0.0016589053288787014,take_profit
2021-05-13 00:20:00+00:00,2021-05-13 00:30:00+00:00,3913.39,3890.1588025880546,3929.0603906139354,0.30118546493342624,1172.8321197420862,1182.192504618069,9.360384875982845,0.007981010000000049,3,0.02492468166985656,take_profit
2021-05-13 00:31:00+00:00,2021-05-13 00:48:00+00:00,3926.32,3920.252486376576,3959.4550112403417,0.2289081599751931,898.2760593539917,905.4452095664565,7.169150212464729,0.007981009999999919,2,0.013783899427453785,take_profit
2021-05-13 00:49:00+00:00,2021-05-13 01:59:00+00:00,3961.66,3955.537873932493,3995.093252671818,0.22697309691828532,898.6993806046326,905.871909348232,7.1725287435994005,0.007981010000000024,2,0.018711853112079194,take_profit
2021-05-13 02:00:00+00:00,2021-05-13 04:03:00+00:00,3999.03,3933.075604134808,3972.4063601761563,0.5083228705189847,2001.2735546166123,2017.2457388687433,15.972184252131001,0.007981010000000135,5,0.03479093680217455,take_profit
2021-05-13 04:04:00+00:00,2021-05-13 05:28:00+00:00,3975.07,3951.4726493918824,3990.987375885801,0.2972858263540011,1175.8927045942942,1185.2775160285883,9.384811434294079,0.007981009999999976,3,0.022510295416181353,take_profit
2021-05-13 05:29:00+00:00,2021-05-13 12:20:00+00:00,3995.89,3775.5118075618198,3813.266925637438,1.1146477241081905,4212.578221864246,4246.198850778727,33.62062891448113,0.007981010000000087,8,0.10007032225611814,take_profit
2021-05-13 12:21:00+00:00,2021-05-13 13:07:00+00:00,3813.53,3807.6367856852385,3845.713153542091,0.23681428534873428,902.6053896592607,909.8090923001851,7.203702640924348,0.00798100999999988,2,0.016488660112808896,take_profit
2021-05-13 13:08:00+00:00,2021-05-13 13:47:00+00:00,3845.42,3822.5922953368204,3860.8182182901887,0.3083211926094321,1179.7659813392142,1189.1817054339422,9.41572409472792,0.007981009999999863,3,0.024795731025479637,take_profit
2021-05-13 13:48:00+00:00,2021-05-13 16:15:00+00:00,3861.4,3797.715480455548,3835.6926352601035,0.5290543665661604,2011.2091670779896,2027.2606475525308,16.051480474541222,0.007981010000000057,5,0.035323975760087035,take_profit
2021-05-13 16:16:00+00:00,2021-05-13 16:21:00+00:00,3833.6,3833.6000000000004,3871.9360000000006,0.19959582632131057,765.9364962816579,772.0494431178469,6.112946836188939,0.007981010000000085,1,0.0005425709515859576,take_profit
2021-05-13 16:22:00+00:00,2021-05-13 21:11:00+00:00,3866.79,3719.354508963408,3756.548054053042,0.8389158849595845,3123.3489282937517,3148.2764073239537,24.927479030201994,0.007981010000000089,7,0.08412145474670198,take_profit
2021-05-13 21:12:00+00:00,2021-05-13 23:54:00+00:00,3760.76,3698.73529556068,3735.7226485162864,0.5448838128762784,2017.398389054226,2033.4992657712514,16.100876717025358,0.007981009999999846,5,0.04035354555994007,take_profit
2021-05-13 23:55:00+00:00,2021-05-14 00:06:00+00:00,3727.07,3727.0700000000006,3764.3407000000007,0.20593261405055924,768.2935614108287,774.4253200073841,6.131758596555414,0.007981009999999969,1,0.009583935906757924,take_profit
2021-05-14 00:07:00+00:00,2021-05-14 00:50:00+00:00,3773.25,3773.25,3810.9825,0.20349342057677489,768.6001493406565,774.7343548185457,6.134205477889282,0.007981010000000012,1,0.006161796859471278,take_profit
2021-05-14 00:51:00+00:00,2021-05-14 01:07:00+00:00,3810.97,3810.97,3849.0797,0.2015596954987671,768.9068596145509,775.0435129502033,6.136653335652454,0.007981010000000167,1,0.0021123231093395454,take_profit
2021-05-14 01:08:00+00:00,2021-05-14 01:17:00+00:00,3849.15,3849.15,3887.6415,0.19964004483822456,769.2136922813335,775.3527944515677,6.139102170234196,0.007981009999999936,1,0.0031591390306951687,take_profit
2021-05-14 01:18:00+00:00,2021-05-14 06:00:00+00:00,3886.09,3821.9982782005236,3860.218260982529,0.5287070009850205,2022.7399874247358,2038.8834954917725,16.14350806703669,0.00798101,5,0.03421691211474779,take_profit
2021-05-14 06:01:00+00:00,2021-05-14 07:26:00+00:00,3859.68,3853.715468076454,3892.2526227572184,0.23582715524627787,909.7204764414898,916.9809646611741,7.260488219684248,0.007981009999999948,2,0.01998352195000613,take_profit
2021-05-14 07:27:00+00:00,2021-05-14 08:51:00+00:00,3882.18,3882.1800000000003,3921.0018000000005,0.1983216018723957,770.6908472041813,776.8417385626265,6.150891358445165,0.007981010000000158,1,0.007217594238288792,take_profit
2021-05-14 08:52:00+00:00,2021-05-14 09:32:00+00:00,3924.9,3924.9000000000005,3964.149000000001,0.19624127834602956,770.9983917721036,777.1517376468208,6.1533458747172745,0.007981010000000257,1,0.0034293867359678045,take_profit
2021-05-14 09:33:00+00:00,2021-05-14 11:06:00+00:00,3960.66,3960.66,4000.2666,0.19454705857275645,771.3060590658393,777.4618604363044,6.155801370465042,0.007981009999999985,1,0.006461044371392569,take_profit
2021-05-14 11:07:00+00:00,2021-05-14 13:52:00+00:00,4011.86,4005.6602976819845,4045.716900658804,0.22726040289176266,911.2392123110568,918.5118215769035,7.272609265846654,0.007981009999999985,2,0.015346996156396325,take_profit
2021-05-14 13:53:00+00:00,2021-05-14 14:50:00+00:00,4048.21,4048.21,4088.6921,0.190505310277396,771.977479597655,778.1386395820987,6.161159984443657,0.007981009999999969,1,0.0048984612952391125,take_profit
2021-05-14 14:51:00+00:00,2021-05-14 15:05:00+00:00,4089.81,4089.81,4130.7081,0.18864281031619567,772.2855375968771,778.4491561952932,6.163618598416065,0.007981010000000016,1,0.0036114147111968482,take_profit
2021-05-14 15:06:00+00:00,2021-05-14 16:07:00+00:00,4126.39,4126.39,4167.6539,0.1870451229302783,772.5937185267979,778.7597967202975,6.166078193499516,0.007981009999999943,1,0.008586197620680617,take_profit
2021-05-14 16:08:00+00:00,2021-05-19 16:48:00+00:00,4170.1,2865.590277408936,2894.2461801830254,5.388970827414971,15458.040448729455,15581.411224131174,123.37077540171958,0.007981010000000344,13,0.547253063475696,take_profit
2021-05-19 16:49:00+00:00,2021-05-19 16:51:00+00:00,2878.7,2861.611069944532,2890.2271806439776,0.41962117010904293,1201.9945801472622,1211.5877109113633,9.593130764101033,0.007981009999999943,3,0.021447181019209987,take_profit
2021-05-19 16:52:00+00:00,2021-05-19 16:52:00+00:00,2821.1,2821.1,2849.311,0.27605213127043327,779.5502177447639,785.7718158280873,6.221598083323329,0.007981010000000245,1,0.0005104391903867479,take_profit
2021-05-19 16:53:00+00:00,2021-05-19 16:58:00+00:00,2844.08,2827.1965858921894,2855.468551751111,0.4251601621691451,1203.2145735154922,1212.817441058865,9.602867543372668,0.007981009999999825,3,0.02253101178588504,take_profit
2021-05-19 16:59:00+00:00,2021-05-19 17:00:00+00:00,2836.0,2836.0,2864.36,0.27488050055891144,780.3414410260989,786.5693538703426,6.227912844243747,0.007981010000000052,1,7.757404795479546e-05,take_profit
2021-05-19 17:01:00+00:00,2021-05-19 17:16:00+00:00,2880.96,2876.507926799512,2905.273006067507,0.32017708129844585,921.913826160672,929.2716296263985,7.357803465726533,0.007981009999999945,2,0.018414000888592755,take_profit
2021-05-19 17:17:00+00:00,2021-05-20 04:02:00+00:00,2903.86,2492.641009650237,2517.5674197467392,3.5415669269805408,8836.691652264928,8907.21737670857,70.5257244436416,0.007981009999999851,11,0.2578843332667553,take_profit
2021-05-20 04:03:00+00:00,2021-05-20 04:09:00+00:00,2526.71,2526.71,2551.9771,0.31019090677233074,784.5470130637796,790.8084906205117,6.2614775567321885,0.007981010000000042,1,0.0011358644244887188,take_profit
2021-05-20 04:10:00+00:00,2021-05-20 04:16:00+00:00,2562.45,2558.4901342008948,2584.0750355429036,0.36191482375561873,926.8823883881943,934.2798459987443,7.397457610550077,0.007981010000000016,2,0.010556303537629897,take_profit
2021-05-20 04:17:00+00:00,2021-05-20 05:00:00+00:00,2585.35,2542.7108606711945,2568.1379692779064,0.8109333373694076,2064.033037246777,2080.506105557374,16.473068310597228,0.007981010000000158,5,0.03683833910302272,take_profit
2021-05-20 05:01:00+00:00,2021-05-20 05:06:00+00:00,2575.79,2575.79,2601.5479,0.30486474426270616,786.0536132376735,792.3271149854595,6.273501747785986,0.007981009999999976,1,0.0012268080860628602,take_profit
2021-05-20 05:07:00+00:00,2021-05-20 05:07:00+00:00,2599.39,2599.39,2625.3839,0.30221741294562865,786.3672883250628,792.6432935168579,6.276005191795093,0.007981009999999853,1,0.00040009386817675056,take_profit
2021-05-20 05:08:00+00:00,2021-05-20 05:09:00+00:00,2618.74,2618.74,2644.9273999999996,0.3001040223527605,786.6810885846526,792.9595982194576,6.278509634805005,0.007981010000000009,1,0.0014281677447932142,take_profit
2021-05-20 05:10:00+00:00,2021-05-20 05:10:00+00:00,2657.52,2653.413218381456,2679.9473505652704,0.34991693928096723,929.4036356593591,936.8212153695928,7.417579710233667,0.007981009999999964,2,0.0115897528522834,take_profit
2021-05-20 05:11:00+00:00,2021-05-20 05:11:00+00:00,2631.18,2631.18,2657.4918,0.2989451604066817,787.3658930519045,793.6498681180108,6.283975066106223,0.007981010000000054,1,0.0027136113834856884,take_profit
2021-05-20 05:12:00+00:00,2021-05-20 05:40:00+00:00,2624.7,2609.118899254321,2635.2100882468644,0.4653151600025148,1215.2778559280378,1224.9770006489782,9.699144720940467,0.007981010000000196,3,0.02084047700689596,take_profit
2021-05-20 05:41:00+00:00,2021-05-20 05:50:00+00:00,2632.91,2632.91,2659.2391,0.2990519554379814,788.1650490412569,794.4554021793056,6.290353138048658,0.007981009999999868,1,0.0036385596165459237,take_profit
2021-05-20 05:51:00+00:00,2021-05-20 06:02:00+00:00,2656.27,2652.165150061,2678.68680156161,0.3507419833118134,931.1568216244927,938.5883935294461,7.43157190495333,0.00798101000000004,2,0.011034269859615154,take_profit
2021-05-20 06:03:00+00:00,2021-05-20 06:37:00+00:00,2674.06,2629.957802265231,2656.2573802878833,0.7876468696752403,2073.551581914098,2090.1006178248704,16.549035910772545,0.00798101000000015,5,0.03638661810131401,take_profit
2021-05-20 06:38:00+00:00,2021-05-20 07:03:00+00:00,2668.02,2663.8969922732817,2690.5359621960147,0.349728330075134,932.5728194193263,940.0156924168401,7.4428729975138594,0.007981010000000024,2,0.010138604658136064,take_profit
2021-05-20 07:04:00+00:00,2021-05-20 07:22:00+00:00,2701.82,2697.644759658398,2724.621207254982,0.3455159496847108,933.0123033487034,940.4586838718525,7.44638052314906,0.007981010000000026,2,0.012317622935650857,take_profit
2021-05-20 07:23:00+00:00,2021-05-20 07:28:00+00:00,2719.99,2719.99,2747.1899,0.290307183741563,790.4230597649789,796.7314341091937,6.308374344214826,0.007981009999999913,1,0.003305159210144075,take_profit
2021-05-20 07:29:00+00:00,2021-05-20 10:15:00+00:00,2753.2,2676.7243051618257,2703.491548213444,0.9893457282313234,2650.8566135783876,2672.013126719923,21.15651314153547,0.007981010000000083,6,0.06760860090076998,take_profit
2021-05-20 10:16:00+00:00,2021-05-20 10:47:00+00:00,2704.31,2688.2563075560843,2715.138870631645,0.45397715668529637,1221.6285835291537,1231.3784134705859,9.749829941432154,0.007981010000000116,3,0.022331019742559053,take_profit
2021-05-20 10:48:00+00:00,2021-05-20 11:40:00+00:00,2716.8,2712.601610410736,2739.7276265148435,0.34458203586716296,935.6494348467229,943.1168623427291,7.467427496006167,0.00798101000000013,2,0.017645759717314507,take_profit
2021-05-20 11:41:00+00:00,2021-05-20 12:17:00+00:00,2738.09,2733.858710044734,2761.1972971451814,0.34206386557438817,936.0903686607728,943.5613152539582,7.470946593185431,0.007981010000000125,2,0.010985760146671558,take_profit
2021-05-20 12:18:00+00:00,2021-05-20 12:22:00+00:00,2799.4,2799.4,2827.3940000000002,0.28300267329658385,793.0307143407977,799.3599004022587,6.329186061461087,0.007981010000000047,1,0.006604986782882131,take_profit
2021-05-20 12:23:00+00:00,2021-05-20 12:37:00+00:00,2827.42,2823.0506644977636,2851.281171142741,0.3315449985271336,936.9052336365711,944.382683675277,7.477450038705911,0.007981010000000108,2,0.01160421868700085,take_profit
2021-05-20 12:38:00+00:00,2021-05-20 12:42:00+00:00,2856.18,2856.18,2884.7418,0.277618121091689,793.721046145806,800.0557417523062,6.3346956065001905,0.007981010000000064,1,0.0025383554257784875,take_profit
2021-05-20 12:43:00+00:00,2021-05-20 13:00:00+00:00,2884.16,2884.16,2913.0016,0.2750345830831871,794.0377809261311,800.3750043960804,6.337223469949322,0.007981010000000077,1,0.008733912126927791,take_profit
2021-05-20 13:01:00+00:00,2021-05-20 13:18:00+00:00,2913.6,2913.6,2942.736,0.27236418432781745,794.3546420996286,800.694394441772,6.33975234214347,0.007981009999999891,1,0.004667764964305296,take_profit
2021-05-20 13:19:00+00:00,2021-05-20 13:21:00+00:00,2957.82,2957.82,2987.3982,0.2683993475218299,794.6716297167358,801.0139119402213,6.34228222348554,0.007981009999999969,1,0.001930475823410497,take_profit
2021-05-20 13:22:00+00:00,2021-05-20 22:59:00+00:00,2987.38,2822.622360393812,2850.84858399775,1.5542196113940758,4391.366394477978,4426.413933585971,35.047539107992634,0.007981009999999988,8,0.1360322422992723,take_profit
2021-05-20 23:00:00+00:00,2021-05-21 00:03:00+00:00,2841.15,2794.292053994997,2822.234974534947,0.7487394354937646,2094.290946058985,2111.0055030423914,16.71455698340651,0.007981010000000139,5,0.035953751121904895,take_profit
2021-05-21 00:04:00+00:00,2021-05-21 00:24:00+00:00,2812.41,2812.41,2840.5341,0.283308362501857,797.57684863248,803.9423174371843,6.365468804704278,0.00798100999999996,1,0.009358521694916357,take_profit
2021-05-21 00:25:00+00:00,2021-05-21 00:32:00+00:00,2826.41,2826.41,2854.6740999999997,0.28201755122244915,797.8951220727153,804.2631310209287,6.368008948213401,0.007981009999999799,1,0.0037786449948874496,take_profit
2021-05-21 00:33:00+00:00,2021-05-21 00:41:00+00:00,2855.37,2855.37,2883.9237,0.2792686443429769,798.2135225201259,804.5840726254944,6.370550105368466,0.007981010000000144,1,0.00730553308327806,take_profit
2021-05-21 00:42:00+00:00,2021-05-21 01:41:00+00:00,2898.02,2898.02,2927.0002,0.27526846535750926,798.5320500253944,804.9051423019675,6.373092276573175,0.007981010000000002,1,0.007091048370956785,take_profit
2021-05-21 01:42:00+00:00,2021-05-24 12:29:00+00:00,2931.95,2377.444301667477,2401.2187446841517,4.769801257495096,11351.288107825907,11441.882851727347,90.59474390143987,0.00798101000000002,12,0.4103787581643616,take_profit
2021-05-24 12:30:00+00:00,2021-05-24 12:31:00+00:00,2401.08,2401.08,2425.0908,0.3342566934014946,803.380441834295,809.7922291743789,6.411787340083947,0.007981010000000026,1,0.0004497975910839819,take_profit
2021-05-24 12:32:00+00:00,2021-05-24 12:38:00+00:00,2425.21,2425.21,2449.4621,0.33106301317003384,803.7010312012991,810.1153771683271,6.414345967027998,0.007981010000000148,1,0.005801559452583555,take_profit
2021-05-24 12:39:00+00:00,2021-05-24 13:41:00+00:00,2444.38,2404.0658222706616,2428.106480493368,0.878226855480193,2113.428596056224,2130.2958908156343,16.86729475941047,0.0079810099999999,5,0.04571302334334278,take_profit
2021-05-24 13:42:00+00:00,2021-05-24 14:22:00+00:00,2424.14,2409.7494907754676,2433.846985683222,0.514804589379528,1241.7918889951866,1251.702642479176,9.91075348398931,0.007981009999999868,3,0.026735254564505328,take_profit
2021-05-24 14:23:00+00:00,2021-05-24 14:25:00+00:00,2442.67,2442.67,2467.0967,0.3293753516688332,805.3606509118206,811.7882423203544,6.427591408533772,0.007981010000000028,1,0.000957968125043557,take_profit
2021-05-24 14:26:00+00:00,2021-05-24 15:23:00+00:00,2456.73,2442.1460255896172,2466.5674858455136,0.508490978964194,1243.0522756011815,1252.973088243277,9.920812642095598,0.00798100999999985,3,0.02716212200770944,take_profit
2021-05-24 15:24:00+00:00,2021-05-24 15:30:00+00:00,2478.33,2478.33,2503.1133,0.3249655586799328,806.1780711143522,812.6121863616966,6.43411524734438,0.00798101000000003,1,0.0033248195357356695,take_profit
2021-05-24 15:31:00+00:00,2021-05-24 16:01:00+00:00,2514.54,2510.6541716144775,2535.7607133306224,0.3789790743248929,952.4378317401256,960.039247599622,7.601415859496342,0.007981010000000087,2,0.019848560770558375,take_profit
2021-05-24 16:02:00+00:00,2021-05-24 17:48:00+00:00,2538.17,2496.308981464717,2521.272071279364,0.8487812960227084,2120.941313874624,2137.8685677100707,16.927253835446663,0.007981010000000071,5,0.04809370530736718,take_profit
2021-05-24 17:49:00+00:00,2021-05-24 17:52:00+00:00,2511.98,2511.98,2537.0998,0.3212280687549682,807.7262103614664,814.1726813236234,6.446470962156923,0.007981009999999945,1,0.00040207326491461647,take_profit
2021-05-24 17:53:00+00:00,2021-05-24 18:19:00+00:00,2539.85,2539.85,2565.2485,0.3178299842020847,808.0485339095743,814.4975773391922,6.449043429617859,0.007981010000000257,1,0.00772486564167171,take_profit
2021-05-24 18:20:00+00:00,2021-05-24 18:29:00+00:00,2559.64,2559.64,2585.2364,0.31549851349993524,808.3709860810552,814.8226030046781,6.451616923622851,0.00798101000000011,1,0.008692628650904035,take_profit
2021-05-24 18:30:00+00:00,2021-05-24 19:44:00+00:00,2585.55,2570.2013068034485,2595.903319871483,0.4849623818067382,1247.6986461163074,1257.6565414879485,9.957895371641143,0.007981010000000347,3,0.024903792229893185,take_profit
2021-05-24 19:45:00+00:00,2021-05-24 19:50:00+00:00,2601.4,2601.4,2627.414,0.31074893143465926,809.1914616958185,815.6496268435274,6.458165147708883,0.007981009999999924,1,0.008845237179980094,take_profit
2021-05-24 19:51:00+00:00,2021-05-24 19:52:00+00:00,2631.62,2631.62,2657.9362,0.30730305119403667,809.5143699532039,815.9751122349442,6.460742281740295,0.007981010000000092,1,0.0003305948427204121,take_profit
2021-05-24 19:53:00+00:00,2021-05-24 21:03:00+00:00,2655.97,2612.166153370674,2638.2878149043804,0.8141085327942674,2128.71547000545,2145.704769458718,16.98929945326836,0.007981010000000077,5,0.03844546436894983,take_profit
2021-05-24 21:04:00+00:00,2021-05-24 23:34:00+00:00,2648.0,2604.3275993800926,2630.3708753738933,0.8174153672216677,2130.948349362165,2147.955469447908,17.007120085742827,0.00798100999999995,5,0.04491314199395764,take_profit
2021-05-24 23:35:00+00:00,2021-05-24 23:45:00+00:00,2624.59,2624.59,2650.8359,0.3088961288491525,811.5372280442415,818.0141147766349,6.476886732393382,0.007981010000000012,1,0.003227170719998268,take_profit
2021-05-24 23:46:00+00:00,2021-05-25 00:05:00+00:00,2645.38,2641.2919788531926,2667.7048986417244,0.36262954070688047,958.7692664307314,966.4212135338076,7.651947103076282,0.007981009999999948,2,0.01791425050465352,take_profit
2021-05-25 00:06:00+00:00,2021-05-25 00:18:00+00:00,2680.72,2680.72,2707.5272,0.30269160004262996,812.243669736015,818.7261945866148,6.482524850599816,0.00798100999999998,1,0.004233937151213073,take_profit
2021-05-25 00:19:00+00:00,2021-05-25 00:22:00+00:00,2703.24,2703.24,2730.2724,0.30028973682786825,812.5677959785451,819.0529076839277,6.485111705382678,0.00798100999999994,1,0.00038472351696481396,take_profit
2021-05-25 00:23:00+00:00,2021-05-25 07:15:00+00:00,2732.43,2656.5312338926797,2683.0965462316067,1.0247945408814951,2725.1238300044047,2746.8730705429084,21.749240538503727,0.0079810100000001,6,0.07756831831007559,take_profit
2021-05-25 07:16:00+00:00,2021-05-25 13:28:00+00:00,2676.39,2528.7838370526656,2554.071675423192,1.7762576048430594,4496.267789358369,4532.152547547915,35.88475818954612,0.007981009999999797,8,0.11128796625304979,take_profit
2021-05-25 13:29:00+00:00,2021-05-25 14:10:00+00:00,2552.12,2548.176097600651,2573.6578585766574,0.37769232868352387,963.3899541526366,971.0787790106286,7.688824857992017,0.007981010000000293,2,0.01005046784633955,take_profit
2021-05-25 14:11:00+00:00,2021-05-25 14:21:00+00:00,2576.1,2576.1,2601.861,0.31650247837831336,816.1581927431162,822.6719594409808,6.513766697864639,0.00798100999999988,1,0.003742090757346327,take_profit
2021-05-25 14:22:00+00:00,2021-05-25 14:26:00+00:00,2613.25,2613.25,2639.3825,0.31212757952623416,816.4838810780094,823.0002470977319,6.516366019722454,0.007981010000000063,1,0.003543480340572168,take_profit
2021-05-25 14:27:00+00:00,2021-05-25 15:16:00+00:00,2627.09,2590.9694381118125,2616.8791324929307,0.7138578541558154,1851.4353185923894,1866.2116423844286,14.776323792039193,0.00798101000000008,4,0.030109360547221586,take_profit
2021-05-25 15:17:00+00:00,2021-05-25 15:36:00+00:00,2613.95,2570.839172356342,2596.5475640799054,0.8350719515672345,2148.9846694945986,2166.1357376316823,17.151068137083712,0.007981010000000292,5,0.03475200367260265,take_profit
2021-05-25 15:37:00+00:00,2021-05-25 15:59:00+00:00,2594.07,2590.0612704351365,2615.961883139488,0.3727834967334514,966.4985957424382,974.2122307000445,7.713634957606359,0.007981010000000004,2,0.012158499963377997,take_profit
2021-05-25 16:00:00+00:00,2021-05-25 18:02:00+00:00,2610.6,2567.5444225610536,2593.219866786664,0.8374150532339235,2152.2526019013294,2169.42975143963,17.177149538300455,0.007981009999999965,5,0.034938328353635195,take_profit
2021-05-25 18:03:00+00:00,2021-05-25 18:30:00+00:00,2588.68,2588.68,2614.5668,0.3163121581624793,819.6506082002471,826.1922479007994,6.5416397005523095,0.007981010000000068,1,0.009128204335800352,take_profit
2021-05-25 18:31:00+00:00,2021-05-25 21:46:00+00:00,2619.05,2575.855060104392,2601.6136107054363,0.8359222504045924,2155.3699284870077,2172.5719574399614,17.202028952953697,0.007981009999999816,5,0.051327771520207816,take_profit
2021-05-25 21:47:00+00:00,2021-05-25 22:10:00+00:00,2605.52,2605.52,2631.5752,0.31472295504977493,820.8377916329225,827.3889062563229,6.5511146234003945,0.007981010000000151,1,0.0026750898093278117,take_profit
2021-05-25 22:11:00+00:00,2021-05-25 22:19:00+00:00,2633.95,2633.95,2660.2895,0.3114501725608795,821.1653473640924,827.7190762130588,6.55372884896633,0.007981010000000042,1,0.0006568082157975733,take_profit
2021-05-25 22:20:00+00:00,2021-05-25 22:29:00+00:00,2661.54,2661.54,2688.1554,0.308344620322345,821.4930338065407,828.049377924281,6.556344117740309,0.007981009999999964,1,0.006214447274885955,take_profit
2021-05-25 22:30:00+00:00,2021-05-25 22:46:00+00:00,2688.93,2688.93,2715.8192999999997,0.30532554962807334,821.8208510124276,828.3798114425663,6.558960430138654,0.00798100999999995,1,0.008177974138411852,take_profit
2021-05-25 22:47:00+00:00,2021-05-26 00:04:00+00:00,2718.21,2702.0737924875557,2729.094530412431,0.4689693125542878,1268.4581470809276,1278.5817242373614,10.12357715643384,0.007981009999999594,3,0.02064593979125965,take_profit
2021-05-26 00:05:00+00:00,2021-05-26 01:26:00+00:00,2735.07,2689.96158883554,2716.8612047238958,0.8030765093649619,2162.4073704583307,2179.665565306033,17.25819484770227,0.007981010000000292,5,0.033662758174379505,take_profit
2021-05-26 01:27:00+00:00,2021-05-26 01:34:00+00:00,2711.79,2711.79,2738.9079,0.30337687274697056,823.5178876341414,830.0903921305285,6.572504496387069,0.007981010000000134,1,0.0002028180648207206,take_profit
2021-05-26 01:35:00+00:00,2021-05-26 02:00:00+00:00,2742.84,2742.84,2770.2684000000004,0.3000622224942402,823.8465128589608,830.4216401165532,6.575127257592499,0.007981010000000005,1,0.002719808665470839,take_profit
2021-05-26 02:01:00+00:00,2021-05-26 02:18:00+00:00,2774.99,2774.99,2802.7398999999996,0.2967041661240648,824.1752692218404,830.7530202872525,6.577751065412144,0.007981009999999933,1,0.007448675490722352,take_profit
2021-05-26 02:19:00+00:00,2021-05-26 02:27:00+00:00,2802.21,2802.21,2830.2321,0.2939393024142858,824.5041567751109,831.0845326953747,6.580375920263805,0.007981010000000094,1,0.0007886632336620155,take_profit
2021-05-26 02:28:00+00:00,2021-05-26 04:00:00+00:00,2835.47,2818.6376977439904,2846.8240747214304,0.45104312549868003,1272.5997565954485,1282.7563879788345,10.156631383385957,0.00798101000000009,3,0.02202809410785499,take_profit
2021-05-26 04:01:00+00:00,2021-05-26 06:25:00+00:00,2844.25,2827.3655767150926,2855.6392324822436,0.4499276271054842,1273.3832681593096,1283.546152756322,10.162884597012408,0.007981010000000217,3,0.025257976619495526,take_profit
2021-05-26 06:26:00+00:00,2021-05-26 06:36:00+00:00,2865.28,2865.28,2893.9328,0.2879381080448591,825.849151370144,832.4402617057206,6.591110335576559,0.00798100999999991,1,0.002439552155461329,take_profit
2021-05-26 06:37:00+00:00,2021-05-26 22:29:00+00:00,2892.96,2812.602188675343,2840.728210562096,0.983749534722984,2769.665760230445,2791.770490359502,22.104730129057316,0.007981010000000193,6,0.07860461257673804,take_profit
2021-05-26 22:30:00+00:00,2021-05-26 23:33:00+00:00,2838.43,2838.4299999999994,2866.8142999999995,0.2911668279471336,827.2839433933757,833.8865048184376,6.6025614250619356,0.007981009999999964,1,0.009896315921125302,take_profit
2021-05-26 23:34:00+00:00,2021-05-27 11:25:00+00:00,2867.47,2787.8202249463816,2815.6984271958454,0.994218761543233,2774.477649100469,2796.6207829627165,22.143133862247396,0.007981010000000023,6,0.08153180329698305,take_profit
2021-05-27 11:26:00+00:00,2021-05-27 13:21:00+00:00,2819.26,2814.9032745018303,2843.0523072468486,0.3473304521996965,978.6803075386657,986.491164859935,7.810857321269282,0.007981010000000118,2,0.0157204372778673,take_profit
2021-05-27 13:22:00+00:00,2021-05-27 14:25:00+00:00,2838.04,2838.04,2866.4204,0.29185024145282695,829.1117710238047,835.7289203594635,6.617149335658723,0.007981010000000033,1,0.005295908443855529,take_profit
2021-05-27 14:26:00+00:00,2021-05-31 15:21:00+00:00,2866.3,2589.07338325067,2614.9641170831765,2.6944519667437836,6983.11698653028,7038.849313030947,55.732326500667114,0.007981009999999868,10,0.2392526951121655,take_profit
2021-05-31 15:22:00+00:00,2021-05-31 15:59:00+00:00,2616.71,2616.71,2642.8771,0.31772608182443046,832.2292448156211,838.871274740787,6.642029925165957,0.007981010000000045,1,0.008212602848615335,take_profit
2021-05-31 16:00:00+00:00,2021-05-31 16:20:00+00:00,2637.47,2637.47,2663.8446999999996,0.3153509935527485,832.5613463118793,839.2060267424079,6.644680430528524,0.007981009999999943,1,0.006392489772395392,take_profit
2021-05-31 16:21:00+00:00,2021-05-31 22:09:00+00:00,2658.74,2622.184273810718,2648.406116548825,0.7192493075881763,1887.8921154223863,1902.9594012744933,15.067285852107034,0.007981009999999901,4,0.03237999954865827,take_profit
2021-05-31 22:10:00+00:00,2021-05-31 23:18:00+00:00,2647.83,2647.83,2674.3083,0.31452672478270327,833.6469446260112,840.3002892275408,6.653344601529625,0.00798100999999998,1,0.0032592726874459874,take_profit
2021-05-31 23:19:00+00:00,2021-05-31 23:39:00+00:00,2677.82,2677.82,2704.5982000000004,0.31112831790196194,833.9796118560878,840.6356114781075,6.655999622019749,0.007981010000000233,1,0.0015535024758946863,take_profit
2021-05-31 23:40:00+00:00,2021-06-01 00:11:00+00:00,2712.63,2712.63,2739.7563,0.30725830630250034,834.3124118371887,840.9710675391854,6.658655701996622,0.00798100999999988,1,0.008342457320017883,take_profit
2021-06-01 00:12:00+00:00,2021-06-02 07:37:00+00:00,2735.4,2659.4187361396403,2686.0129235010368,1.0510759618876047,2798.0491553051957,2820.380413594178,22.331258288982553,0.007981010000000083,6,0.07737807998830164,take_profit
2021-06-02 07:38:00+00:00,2021-06-02 08:59:00+00:00,2687.19,2687.19,2714.0619,0.3107060333021487,835.7619075367377,842.4321316784076,6.670224141669905,0.007981010000000151,1,0.004327941083436641,take_profit
2021-06-02 09:00:00+00:00,2021-06-02 13:28:00+00:00,2713.23,2709.0371272875154,2736.1274985603904,0.36411515983211395,987.3888754688935,995.2692359578994,7.880360489005852,0.007981009999999856,2,0.019419658488222545,take_profit
2021-06-02 13:29:00+00:00,2021-06-02 14:35:00+00:00,2734.04,2734.04,2761.3804,0.30564766694397416,836.4894367682714,843.1654673280134,6.676030559742003,0.007981010000000073,1,0.005040160348787781,take_profit
2021-06-02 14:36:00+00:00,2021-06-02 15:13:00+00:00,2761.71,2761.71,2789.3271,0.3027060824843891,836.8232382962585,843.5019329293333,6.67869463307477,0.007981009999999938,1,0.0022160183364654112,take_profit
2021-06-02 15:14:00+00:00,2021-06-03 04:54:00+00:00,2789.0,2743.002143002673,2770.4321644327,0.801430981170185,2200.5274262447974,2218.0898576389313,17.56243139413391,0.007981009999999964,5,0.04539261384008602,take_profit
2021-06-03 04:55:00+00:00,2021-06-03 05:41:00+00:00,2772.88,2772.88,2800.6088,0.30192336462559555,838.035294597619,844.7236626641555,6.688368066536555,0.007981010000000014,1,0.0027119817662502456,take_profit
2021-06-03 05:42:00+00:00,2021-06-03 06:41:00+00:00,2807.74,2807.7399999999993,2835.8173999999995,0.29829376768787175,838.3697130009458,845.0607500641036,6.691037063157751,0.007981010000000087,1,0.004954162422446472,take_profit
2021-06-03 06:42:00+00:00,2021-06-03 09:16:00+00:00,2839.21,2834.822444896299,2863.170669345262,0.3490445514417648,990.4697984943701,998.3747478608518,7.904949366481674,0.007981010000000122,2,0.011143944970607977,take_profit
2021-06-03 09:17:00+00:00,2021-06-03 10:08:00+00:00,2859.88,2859.88,2888.4788000000003,0.29311034477324416,839.0995123224279,845.7963739212685,6.696861598840542,0.007981010000000144,1,0.005286935116158681,take_profit
2021-06-03 10:09:00+00:00,2021-06-03 23:32:00+00:00,2885.0,2837.4188535542175,2865.7930420897596,0.7768703752877392,2206.5131627719434,2224.123366389158,17.610203617214665,0.007981010000000071,5,0.04257538994800691,take_profit
2021-06-03 23:33:00+00:00,2021-06-04 21:21:00+00:00,2869.57,2711.309725148883,2738.422822400372,1.7102795284648749,4641.739257507369,4678.785024938928,37.04576743155849,0.007981009999999913,8,0.11066814888641857,take_profit
2021-06-04 21:22:00+00:00,2021-06-05 00:12:00+00:00,2737.0,2699.3682561739533,2726.361938735693,0.7064628173846232,1908.9122156308995,1924.1472631129718,15.235047482072332,0.007981009999999983,4,0.03284618195104132,take_profit
2021-06-05 00:13:00+00:00,2021-06-05 00:32:00+00:00,2720.51,2720.51,2747.7151000000003,0.3095323955517838,842.9289063289124,849.6563303596125,6.727424030700149,0.007981010000000044,1,0.001988597726161752,take_profit
2021-06-05 00:33:00+00:00,2021-06-05 00:57:00+00:00,2747.73,2747.73,2775.2073,0.30658835193156425,843.2652775304475,849.9953861430707,6.730108612623212,0.007981009999999924,1,0.000720594818268177,take_profit
2021-06-05 00:58:00+00:00,2021-06-05 07:09:00+00:00,2775.92,2771.6302496949984,2799.3465521919484,0.3590873208065608,996.2535341635596,1004.2046435822544,7.951109418694841,0.00798101000000013,2,0.011034179659356217,take_profit
2021-06-05 07:10:00+00:00,2021-06-06 08:15:00+00:00,2798.44,2691.739254540215,2718.656647085617,1.2768182346657009,3440.3020652276346,3467.7591504132365,27.457085185601954,0.00798100999999987,7,0.08798116093251956,take_profit
2021-06-06 08:16:00+00:00,2021-06-06 09:04:00+00:00,2717.54,2717.54,2744.7154,0.3107688646712109,845.3721926912938,852.1191166148849,6.746923923591112,0.007981009999999964,1,0.006329253663239481,take_profit
2021-06-06 09:05:00+00:00,2021-06-06 15:03:00+00:00,2742.35,2704.644697595411,2731.691144571365,0.7080503703718881,1916.9416214782723,1932.2407517287068,15.299130250434473,0.007981010000000087,4,0.03258154502525203,take_profit
2021-06-06 15:04:00+00:00,2021-06-07 00:15:00+00:00,2725.57,2709.3901010555874,2736.484002066143,0.48154130028912945,1305.9892214742779,1316.4123345107562,10.423113036478298,0.007981009999999901,3,0.02204309557266934,take_profit
2021-06-07 00:16:00+00:00,2021-06-07 01:41:00+00:00,2748.8,2748.8000000000006,2776.2880000000005,0.3078247436702441,846.9956510518189,853.75553181282,6.759880761001114,0.007981010000000044,1,0.005598806752037371,take_profit
2021-06-07 01:42:00+00:00,2021-06-07 10:03:00+00:00,2773.66,2769.373742171614,2797.0674795933305,0.36096970579363674,1000.6606856299404,1008.6469685685598,7.986282938619411,0.00798101,2,0.013938262079706906,take_profit
2021-06-07 10:04:00+00:00,2021-06-07 10:26:00+00:00,2808.0,2808.0,2836.08,0.3015973028053999,847.7329592367998,854.4987244617982,6.765765224998404,0.007981009999999896,1,0.001406695156695092,take_profit
2021-06-07 10:27:00+00:00,2021-06-09 16:01:00+00:00,2833.01,2559.003169759962,2584.5932014575615,2.787340144437271,7139.9522170311975,7196.936247074846,56.98403004364809,0.00798100999999999,10,0.18640950790854968,take_profit
2021-06-09 16:02:00+00:00,2021-06-09 16:41:00+00:00,2574.3,2574.3,2600.043,0.33021385563113537,850.920449000232,857.7116536129074,6.791204612675415,0.007981010000000087,1,0.008087635473721074,take_profit
2021-06-09 16:42:00+00:00,2021-06-09 22:24:00+00:00,2605.11,2589.645192073923,2615.5416439946625,0.5066559763092652,1313.3725856704787,1323.8546254104406,10.48203973996192,0.00798100999999998,3,0.021741884219860324,take_profit
2021-06-09 22:25:00+00:00,2021-06-10 10:03:00+00:00,2613.67,2570.5637902839003,2596.2694281867393,0.870134563917317,2238.975378058385,2256.8446629404234,17.8692848820383,0.007981010000000245,5,0.046463402036217294,take_profit
2021-06-10 10:04:00+00:00,2021-06-13 20:08:00+00:00,2595.35,2452.213291596007,2476.735424511967,1.9188047384333027,4710.02851207562,4747.619296730781,37.59078465516086,0.007981010000000047,8,0.13066831063247736,take_profit
2021-06-13 20:09:00+00:00,2021-06-13 20:40:00+00:00,2478.43,2478.43,2503.2142999999996,0.3444529631984883,854.557114694724,861.3773435726736,6.820228877949603,0.00798100999999984,1,0.003280302449534445,take_profit
2021-06-13 20:41:00+00:00,2021-06-13 21:00:00+00:00,2503.7,2503.7,2528.7369999999996,0.3411124447867088,854.8981261386215,861.721076632315,6.822950493693497,0.00798100999999988,1,0.0024284059591803842,take_profit
2021-06-13 21:01:00+00:00,2021-06-14 13:23:00+00:00,2528.0,2512.9929429324966,2538.1228723618215,0.5245508205299294,1319.5120222233866,1330.0430608678716,10.53103864448508,0.007981010000000007,3,0.026503164556962024,take_profit
2021-06-14 13:24:00+00:00,2021-06-14 13:43:00+00:00,2539.37,2539.37,2564.7637,0.33666226653458725,855.7658255955304,862.5957012072665,6.829875611736156,0.007981009999999967,1,0.004190015633798884,take_profit
2021-06-14 13:44:00+00:00,2021-06-14 16:07:00+00:00,2563.3,2563.3,2588.933,0.3336524059051773,856.1073193761172,862.9399204531311,6.832601077013919,0.007981009999999924,1,0.007439628603753038,take_profit
2021-06-14 16:08:00+00:00,2021-06-15 00:16:00+00:00,2591.22,2575.837647779091,2601.596024256882,0.5124767866793023,1321.3783791205217,1331.9243131780663,10.545934057544628,0.007981009999999964,3,0.027365488071255956,take_profit
2021-06-15 00:17:00+00:00,2021-06-15 04:42:00+00:00,2600.77,2596.7509166327777,2622.7184257991057,0.3893465806350589,1012.0481382902169,1020.1253046023927,8.077166312175791,0.007981010000000184,2,0.013411412773909307,take_profit
2021-06-15 04:43:00+00:00,2021-06-15 18:02:00+00:00,2622.42,2579.169480047713,2604.9611748481902,0.8729287387082312,2253.684845978793,2271.6715272713986,17.98668129260568,0.00798101000000021,5,0.03600491149396362,take_profit
2021-06-15 18:03:00+00:00,2021-06-28 19:31:00+00:00,2609.06,2115.6209450053884,2136.7771544554425,5.758851274101271,12195.742116776391,12293.076456567807,97.33433979141591,0.007981010000000194,12,0.34824036242938067,take_profit
2021-06-28 19:32:00+00:00,2021-06-29 00:30:00+00:00,2139.99,2104.696004304156,2125.7429643471974,1.0769120467171112,2268.8413230355495,2286.9489683231095,18.10764528755999,0.007981010000000018,5,0.03655157267090024,take_profit
2021-06-29 00:31:00+00:00,2021-06-29 06:34:00+00:00,2121.33,2118.051816185441,2139.2323343472954,0.4812834649657609,1020.4037207915436,1028.547573091218,8.14385229967445,0.007981009999999934,2,0.01801699876963971,take_profit
2021-06-29 06:35:00+00:00,2021-06-29 06:55:00+00:00,2145.98,2145.98,2167.4398,0.40242419391216816,864.4587303820166,871.3579841537828,6.899253771766212,0.007981010000000038,1,0.0017847323833399785,take_profit
2021-06-29 06:56:00+00:00,2021-06-29 10:37:00+00:00,2168.58,2155.7065807692065,2177.2636465768987,0.6183282541135879,1334.268555023219,1344.9173657035449,10.648810680325823,0.00798100999999997,3,0.02517776609578614,take_profit
2021-06-29 10:38:00+00:00,2021-06-29 13:14:00+00:00,2171.43,2171.43,2193.1443,0.39811128955159353,865.3361336046213,872.2423899402811,6.906256335659805,0.007981009999999985,1,0.006184864352062851,take_profit
2021-06-29 13:15:00+00:00,2021-06-29 13:29:00+00:00,2193.45,2193.45,2215.3844999999997,0.3942719300531049,865.6814464214043,872.5904587021079,6.909012280703564,0.007981009999999853,1,0.0029268959857756587,take_profit
2021-06-29 13:30:00+00:00,2021-06-29 17:17:00+00:00,2216.0,2216.0,2238.16,0.3904155551166083,866.0268970354394,872.9386663609482,6.9117693255087715,0.007981009999999953,1,0.008740974729241829,take_profit
2021-06-29 17:18:00+00:00,2021-06-30 19:00:00+00:00,2234.05,2197.2047104966373,2219.1767576016036,1.0354267989049137,2277.3219618902212,2295.4972912412863,18.175329351065102,0.007981009999999837,5,0.06537902016517105,take_profit
2021-06-30 19:01:00+00:00,2021-06-30 19:40:00+00:00,2213.59,2213.59,2235.7259000000004,0.3914067061729131,867.281251969268,874.2030323140474,6.921780344779336,0.0079810100000001,1,0.008479438378380812,take_profit
2021-06-30 19:41:00+00:00,2021-06-30 20:02:00+00:00,2233.7,2233.7,2256.037,0.3880376566439184,867.627340986507,874.5518834711937,6.924542484686754,0.007981010000000037,1,0.00374714599095666,take_profit
2021-06-30 20:03:00+00:00,2021-06-30 21:39:00+00:00,2261.78,2258.284772671818,2280.867620398536,0.45344609714598755,1025.0354518641136,1033.2162700557958,8.180818191682192,0.007981010000000179,2,0.01789740823599113,take_profit
2021-06-30 21:40:00+00:00,2021-07-03 07:35:00+00:00,2282.67,2156.777973809874,2178.3457535479724,2.221825057600224,4796.7801260170345,4835.063276170577,38.28315015354292,0.00798100999999994,8,0.11572851091046892,take_profit
2021-07-03 07:36:00+00:00,2021-07-03 07:55:00+00:00,2181.39,2181.39,2203.2039,0.3985653504240299,870.2967665280025,877.2426137246302,6.94584719662771,0.007981010000000064,1,0.0023012849605068245,take_profit
2021-07-03 07:56:00+00:00,2021-07-03 12:04:00+00:00,2205.28,2205.28,2227.3328,0.39440498024239373,870.6440588878339,877.5926778282583,6.948618940424353,0.007981009999999957,1,0.00822571283465153,take_profit
2021-07-03 12:05:00+00:00,2021-07-04 05:41:00+00:00,2231.62,2228.171380235868,2250.453094038227,0.46117227936355965,1028.599473709734,1036.808736395406,8.209262685672002,0.00798100999999988,2,0.019940670902752262,take_profit
2021-07-04 05:42:00+00:00,2021-07-04 05:50:00+00:00,2258.68,2258.68,2281.2668,0.3854156193069271,871.4019529691391,878.3566206698055,6.954667700666391,0.007981010000000186,1,0.0028822143907059716,take_profit
2021-07-04 05:51:00+00:00,2021-07-04 06:52:00+00:00,2280.66,2280.66,2303.4665999999997,0.3818534707794315,871.7496863541724,878.7071293184619,6.957442964289498,0.007981009999999983,1,0.002788666438662349,take_profit
2021-07-04 06:53:00+00:00,2021-07-04 07:53:00+00:00,2321.85,2321.85,2345.0685,0.3752290031414108,872.097558502387,879.0577778377701,6.960219335383158,0.007981010000000026,1,0.002790877963692753,take_profit
2021-07-04 07:54:00+00:00,2021-07-04 16:16:00+00:00,2340.89,2337.2725205368033,2360.6452457421715,0.44037926548977807,1030.3166725159558,1038.539640182472,8.222967666516297,0.007981009999999737,2,0.014644002921965469,take_profit
2021-07-04 16:17:00+00:00,2021-07-04 21:57:00+00:00,2362.23,2362.23,2385.8523,0.36913588479302584,872.8567178524819,879.8229960462298,6.966278193747939,0.007981010000000118,1,0.00855124183504562,take_profit
2021-07-04 21:58:00+00:00,2021-07-06 04:41:00+00:00,2385.76,2294.7941867297013,2317.7421285969986,1.5495030904116347,3559.3500342305556,3587.7572424472514,28.407208216695835,0.007981010000000401,7,0.09575145865468447,take_profit
2021-07-06 04:42:00+00:00,2021-07-06 07:56:00+00:00,2315.36,2315.36,2338.5136,0.3773714527247733,874.6253921730041,881.6057861741908,6.98039400118671,0.007981010000000049,1,0.0033990394582269477,take_profit
2021-07-06 07:57:00+00:00,2021-07-06 12:11:00+00:00,2341.41,2302.794065130114,2325.8220057814156,0.9977586975025576,2299.9327397806233,2318.28852597614,18.355786195516885,0.007981010000000144,5,0.03740908256136247,take_profit
2021-07-06 12:12:00+00:00,2021-07-07 00:09:00+00:00,2324.27,2310.4723526383364,2333.5770761647195,0.5843069971762452,1351.3765389678088,1362.1618886390763,10.785349671267568,0.007981010000000071,3,0.022015514548654018,take_profit
2021-07-07 00:10:00+00:00,2021-07-07 04:22:00+00:00,2338.39,2334.7763838958926,2358.1241477348517,0.44286417019010854,1035.02382966318,1043.2843651979601,8.260535534780047,0.007981009999999913,2,0.0198812003130358,take_profit
2021-07-07 04:23:00+00:00,2021-07-07 04:55:00+00:00,2366.54,2366.54,2390.2054,0.37014698714059274,876.8444954431415,883.8426001297181,6.998104686576653,0.007981009999999985,1,0.0012211921201415875,take_profit
2021-07-07 04:56:00+00:00,2021-07-23 04:34:00+00:00,2397.33,2057.8413117935443,2078.4197249114795,4.818108758599462,9924.828076236521,10004.038228361242,79.21015212472048,0.007981009999999601,11,0.2883749838361844,take_profit
2021-07-23 04:35:00+00:00,2021-07-23 22:24:00+00:00,2078.38,2044.1021132928997,2064.5431344258286,1.1319700823147745,2316.178616060028,2334.6640607565896,18.485444696561444,0.007981010000000085,5,0.04097422030620006,take_profit
2021-07-23 22:25:00+00:00,2021-07-23 22:41:00+00:00,2067.89,2067.89,2088.5688999999998,0.42613345068548913,882.0791805185346,889.1190632790448,7.0398827605101815,0.007981009999999945,1,0.0033899288646880464,take_profit
2021-07-23 22:42:00+00:00,2021-07-23 23:33:00+00:00,2082.7,2082.7,2103.527,0.4232720715810744,882.4311746565601,889.473866685806,7.042692029245927,0.007981010000000198,1,0.003990012963941012,take_profit
2021-07-23 23:34:00+00:00,2021-07-23 23:52:00+00:00,2103.08,2103.08,2124.1108,0.419337602919891,882.7833092580223,889.8288116770437,7.045502419021432,0.007981010000000071,1,0.000328090229568088,take_profit
2021-07-23 23:53:00+00:00,2021-07-24 04:03:00+00:00,2127.75,2124.4618950793006,2145.706514030094,0.4904291917018138,1042.941071076121,1051.2647941937905,8.323723117669488,0.007981010000000245,2,0.010419457173070178,take_profit
2021-07-24 04:04:00+00:00,2021-07-24 11:15:00+00:00,2142.87,2139.5585294835296,2160.954114778365,0.48719823280195407,1043.432567107831,1051.7602128602443,8.327645752413446,0.007981010000000168,2,0.012725923644458126,take_profit
2021-07-24 11:16:00+00:00,2021-07-24 16:52:00+00:00,2166.51,2163.1619975599842,2184.793617535584,0.48210923252321153,1043.924294761783,1052.2558649975194,8.331570235736535,0.007981009999999808,2,0.014350268404023125,take_profit
2021-07-24 16:53:00+00:00,2021-07-25 21:22:00+00:00,2186.23,2150.1733865531496,2171.675120418681,1.0800727898210405,2324.668436650065,2343.221638689654,18.553202039588996,0.007981010000000198,5,0.036729895756622215,take_profit
2021-07-25 21:23:00+00:00,2021-07-25 23:39:00+00:00,2168.88,2168.88,2190.5688,0.407780549889716,885.3123914362436,892.3780784854201,7.065687049176518,0.007981009999999936,1,0.006860683855261752,take_profit
2021-07-25 23:40:00+00:00,2021-07-26 00:13:00+00:00,2190.32,2190.32,2212.2232000000004,0.40395011236390743,885.6656757887025,892.734182403829,7.068506615126466,0.007981010000000083,1,0.00856039300193579,take_profit
2021-07-26 00:14:00+00:00,2021-07-26 00:31:00+00:00,2211.8,2211.8,2233.918,0.40018676282590615,886.0191011194588,893.0904284256841,7.071327306225271,0.00798100999999984,1,0.0016050275793472201,take_profit
2021-07-26 00:32:00+00:00,2021-07-26 00:58:00+00:00,2232.58,2232.58,2254.9058,0.3966201859809213,886.3726674847701,893.4468166076927,7.074149122922563,0.00798100999999993,1,0.003287676141504513,take_profit
2021-07-26 00:59:00+00:00,2021-07-26 01:00:00+00:00,2255.28,2255.28,2277.8328,0.3927847755338473,886.7263749409161,893.8033470065832,7.076972065667064,0.007981009999999846,1,0.0008247312972225742,take_profit
2021-07-26 01:01:00+00:00,2021-07-26 01:01:00+00:00,2284.59,2284.59,2307.4359,0.387900298662191,887.0802235441993,894.1600196791077,7.079796134908406,0.007981009999999907,1,0.00010942882530344613,take_profit
2021-07-26 01:02:00+00:00,2021-07-26 04:39:00+00:00,2323.94,2310.1443116291716,2333.2457547454633,0.5920907294769012,1369.1842148843148,1380.111687795148,10.92747291083333,0.00798100999999961,3,0.023856037591331983,take_profit
2021-07-26 04:40:00+00:00,2021-07-26 06:09:00+00:00,2331.88,2331.88,2355.1988,0.38041949260231656,887.9805869964864,895.0675689411113,7.086981944624881,0.00798101000000006,1,0.00508602500986334,take_profit
2021-07-26 06:10:00+00:00,2021-07-26 06:20:00+00:00,2356.17,2356.17,2379.7317000000003,0.3766479503421331,888.3349360937176,895.4247461020309,7.089810008313293,0.007981009999999969,1,0.0015448800383672963,take_profit
2021-07-26 06:21:00+00:00,2021-07-26 16:25:00+00:00,2377.48,2338.269177105054,2361.651868876105,0.9980235273307879,2335.983635618864,2354.6271443745745,18.643508755710627,0.00798101000000005,5,0.03402762588959743,take_profit
2021-07-26 16:26:00+00:00,2021-07-26 16:28:00+00:00,2359.99,2359.99,2383.5899,0.37658294333022047,889.6216020319188,896.7216809339517,7.100078902032919,0.007981010000000175,1,0.0008432239119656363,take_profit
2021-07-26 16:29:00+00:00,2021-07-26 19:21:00+00:00,2382.69,2379.0079251728343,2402.798004424563,0.4413474039824313,1051.0199918204812,1059.4081928854002,8.38820106491903,0.00798100999999986,2,0.013052474304252718,take_profit
2021-07-26 19:22:00+00:00,2021-07-27 12:47:00+00:00,2413.23,2280.1374310510078,2302.938805361518,2.1548962568681302,4918.377993310041,4957.631617258428,39.25362394838703,0.00798100999999993,8,0.108870683689495,take_profit
2021-07-27 12:48:00+00:00,2021-07-27 22:39:00+00:00,2302.47,2264.496286912644,2287.1412497817705,1.03479213480589,2345.628575569916,2364.349060687825,18.720485117908993,0.00798100999999989,5,0.043783415201935294,take_profit
2021-07-27 22:40:00+00:00,2021-07-28 01:54:00+00:00,2291.46,2287.918906872712,2310.798095941439,0.46062978304616675,1054.9385282282287,1063.3580031714032,8.419474943174464,0.007981009999999705,2,0.01139011809064959,take_profit
2021-07-28 01:55:00+00:00,2021-07-28 02:14:00+00:00,2307.78,2307.78,2330.8578,0.38687482322210476,893.7156952307397,900.8484491315332,7.132753900793546,0.007981010000000066,1,0.0056504519494927664,take_profit
2021-07-28 02:15:00+00:00,2021-07-28 08:14:00+00:00,2329.03,2290.618243498572,2313.5244259335577,1.0249559755664994,2350.132989404905,2368.889424294676,18.756434889770844,0.007981010000000172,5,0.03687371996067037,take_profit
2021-07-28 08:15:00+00:00,2021-07-28 11:31:00+00:00,2313.75,2310.1744611630743,2333.276205774705,0.4570682545896005,1056.9643731344115,1065.400016366041,8.435643231629456,0.007981009999999986,2,0.01631118314424626,take_profit
2021-07-28 11:32:00+00:00,2021-07-28 18:43:00+00:00,2337.16,2298.614158673405,2321.600300260139,1.0229437984225331,2353.706805386575,2372.491762937433,18.784957550858053,0.007981009999999891,5,0.03685669787263169,take_profit
2021-07-28 18:44:00+00:00,2021-07-29 09:45:00+00:00,2316.52,2302.7683592412923,2325.796042833705,0.5999690358566616,1382.972684980205,1394.0102038087587,11.03751882855363,0.007981009999999828,3,0.021756773090670527,take_profit
2021-07-29 09:46:00+00:00,2021-07-29 23:03:00+00:00,2325.48,2321.8863342822283,2345.1051976250506,0.4557347123151871,1059.2234240066823,1067.677096745914,8.453672739231706,0.007981010000000127,2,0.018168292137537196,take_profit
2021-07-29 23:04:00+00:00,2021-07-29 23:18:00+00:00,2361.1,2361.1,2384.711,0.3796740496139484,897.3457442877814,904.5074696463995,7.161725358618128,0.007981009999999891,1,0.0030748379992375434,take_profit
2021-07-29 23:19:00+00:00,2021-07-30 01:41:00+00:00,2397.77,2394.064621390809,2418.005267604717,0.442379592073622,1060.1454760848412,1068.606507730929,8.461031646087804,0.007981009999999929,2,0.013191423697852634,take_profit
2021-07-30 01:42:00+00:00,2021-07-30 01:47:00+00:00,2414.75,2414.75,2438.8975,0.37156175805192204,898.1268821380168,905.2948417656291,7.16795962761239,0.007981010000000064,1,0.0001863546951029374,take_profit
2021-07-30 01:48:00+00:00,2021-07-30 20:49:00+00:00,2442.56,2402.2758387997883,2426.298597187786,0.9821399214322971,2361.732736313844,2380.581748899692,18.84901258584796,0.007981009999999919,5,0.05184724223765225,take_profit
2021-07-30 20:50:00+00:00,2021-07-30 21:45:00+00:00,2428.51,2428.51,2452.7951000000003,0.3699916010302371,899.4277307486899,906.6060724620725,7.178341713382565,0.00798100999999996,1,0.006300159356972044,take_profit
2021-07-30 21:46:00+00:00,2021-07-31 02:20:00+00:00,2453.18,2449.388993899959,2473.8828838389586,0.4333907687054772,1062.605184109148,1071.0858467095748,8.48066260042674,0.0079810099999998,2,0.016203458368321936,take_profit
2021-07-31 02:21:00+00:00,2021-07-31 20:36:00+00:00,2472.68,2458.001341032566,2482.5813544428916,0.5644860967163328,1388.8964792021866,1399.9812758916644,11.084796689477798,0.007981010000000255,3,0.021029813805263926,take_profit
2021-07-31 20:37:00+00:00,2021-07-31 21:14:00+00:00,2485.84,2485.84,2510.6984,0.3619960077390561,900.7649207988542,907.953934639399,7.189013840544817,0.007981009999999948,1,0.0009534000579282438,take_profit
2021-07-31 21:15:00+00:00,2021-07-31 22:45:00+00:00,2517.45,2517.45,2542.6245,0.35759329763029674,901.1243714908813,908.3162541109939,7.191882620112551,0.007981010000000125,1,0.002864009215674606,take_profit
2021-07-31 22:46:00+00:00,2021-08-01 00:47:00+00:00,2540.0,2536.074827165514,2561.435575437169,0.4193665796307196,1064.6096355915615,1073.106295739314,8.496660147752436,0.007981009999999839,2,0.011322834645669378,take_profit
2021-08-01 00:48:00+00:00,2021-08-01 03:37:00+00:00,2565.27,2565.27,2590.9227,0.3512327707534277,901.9087986292747,909.1069417702229,7.198143140948218,0.00798100999999999,1,0.004085339944723175,take_profit
2021-08-01 03:38:00+00:00,2021-08-01 03:56:00+00:00,2591.42,2591.42,2617.3342000000002,0.3478272287319445,902.268705786322,909.4697213498897,7.201015563567694,0.00798101,1,0.00027012217239979347,take_profit
2021-08-01 03:57:00+00:00,2021-08-01 18:34:00+00:00,2613.73,2577.7931283191624,2603.571059602354,0.7928923907471884,2045.9585148795338,2062.287330246373,16.328815366839308,0.007981010000000293,4,0.0320346784097822,take_profit
2021-08-01 18:35:00+00:00,2021-08-01 19:30:00+00:00,2605.62,2601.5934217161443,2627.609355933306,0.40969462107198445,1066.9257568502137,1075.4409019848924,8.515145134678733,0.007981009999999632,2,0.014303697392559154,take_profit
2021-08-01 19:31:00+00:00,2021-08-01 19:48:00+00:00,2622.29,2622.29,2648.5129,0.3443429535386958,903.8709545895762,911.0847577168652,7.2138031272889975,0.007981010000000049,1,0.0007474383077386698,take_profit
2021-08-01 19:49:00+00:00,2021-08-01 20:07:00+00:00,2652.98,2652.98,2679.5098000000003,0.34049537241185185,904.2316447459406,911.4483265449745,7.21668179903395,0.007981010000000167,1,0.0032604844363697018,take_profit
2021-08-01 20:08:00+00:00,2021-08-02 16:22:00+00:00,2677.02,2632.8689841739024,2659.1976740156415,0.9022128228570315,2377.78594436863,2396.763077768496,18.97713339986558,0.007981010000000042,5,0.06351091885753561,take_profit
2021-08-02 16:23:00+00:00,2021-08-04 13:26:00+00:00,2662.29,2588.3395141614396,2614.222909303054,1.171671563419806,3035.7195247435393,3059.947632627712,24.228107884172914,0.007981009999999828,6,0.08262435722629759,take_profit
2021-08-04 13:27:00+00:00,2021-08-04 15:01:00+00:00,2619.0,2619.0,2645.19,0.34587475683818025,906.7527409000942,913.9895435927452,7.236802692651054,0.007981009999999993,1,0.006827033218785838,take_profit
2021-08-04 15:02:00+00:00,2021-08-04 15:10:00+00:00,2645.5,2645.5,2671.955,0.34254676486626046,907.1145810347268,914.3542715771107,7.239690542383869,0.007981009999999894,1,3.7800037800862893e-06,take_profit
2021-08-04 15:11:00+00:00,2021-08-04 16:12:00+00:00,2675.6,2675.6,2702.3559999999998,0.33882833345652724,907.4765655618461,914.7191451063609,7.242579544514797,0.007981010000000052,1,0.007568395873822694,take_profit
2021-08-04 16:13:00+00:00,2021-08-04 22:01:00+00:00,2701.24,2697.065655957706,2724.036312517283,0.3971138600956538,1072.114267836618,1080.6708225293646,8.556554692746658,0.007981009999999936,2,0.013416060772089775,take_profit
2021-08-04 22:02:00+00:00,2021-08-04 22:30:00+00:00,2731.09,2731.09,2758.4009,0.33223301163690516,908.2665222737091,915.5154064706408,7.248884196931613,0.007981009999999908,1,0.0012852011467949494,take_profit
2021-08-04 22:31:00+00:00,2021-08-05 13:59:00+00:00,2764.98,2659.5550392427945,2686.1505896352223,1.3912255772999296,3703.7447395710647,3733.3043633750285,29.55962380396386,0.007981009999999945,7,0.0850168898147546,take_profit
2021-08-05 14:00:00+00:00,2021-08-05 14:05:00+00:00,2686.5,2686.5,2713.3650000000002,0.33843172928571746,910.1069476737538,917.3705203242075,7.263572650453739,0.007981010000000037,1,0.007396240461567054,take_profit
2021-08-05 14:06:00+00:00,2021-08-05 14:07:00+00:00,2740.51,2740.51,2767.9151,0.3318943029508997,910.4701263062765,917.7365974890281,7.266471182751616,0.007981009999999957,1,0.008082437210592222,take_profit
2021-08-05 14:08:00+00:00,2021-08-05 14:12:00+00:00,2762.27,2762.27,2789.8927,0.329411178637696,910.8334498654139,918.1028207371243,7.269370871710407,0.007981010000000045,1,0.005433936581145132,take_profit
2021-08-05 14:13:00+00:00,2021-08-05 14:15:00+00:00,2785.5,2781.195445302969,2809.0073997559984,0.386525906317297,1076.08017031158,1084.6683769116385,8.588206600058356,0.007981009999999938,2,0.010849039669718112,take_profit
2021-08-05 14:16:00+00:00,2021-08-05 18:44:00+00:00,2815.15,2798.4383240887737,2826.4227073296615,0.5021024303532653,1406.5091929116033,1417.734556845323,11.225363933719564,0.00798101000000009,3,0.029295064206170274,take_profit
2021-08-05 18:45:00+00:00,2021-08-05 21:36:00+00:00,2819.89,2815.532300935339,2843.6876239446924,0.3822271419171584,1077.250114476432,1085.8476584125694,8.597543936137527,0.00798100999999998,2,0.011879896024313006,take_profit
2021-08-05 21:37:00+00:00,2021-08-06 15:44:00+00:00,2836.64,2789.8564356138763,2817.754999970015,0.8589980856755673,2398.8802177197017,2418.0257047261243,19.145487006422627,0.007981009999999795,5,0.041097918664335244,take_profit
2021-08-06 15:45:00+00:00,2021-08-06 15:58:00+00:00,2816.2,2816.2,2844.3619999999996,0.32407541145314034,913.5747484828166,920.8659976862053,7.291249203388702,0.007981009999999844,1,0.002371990625665733,take_profit
2021-08-06 15:59:00+00:00,2021-08-06 16:09:00+00:00,2844.76,2844.76,2873.2076,0.3209498768374285,913.939310942986,921.2334697230151,7.294158780029079,0.007981009999999998,1,0.004959996625374417,take_profit
2021-08-06 16:10:00+00:00,2021-08-06 17:45:00+00:00,2869.9,2869.9,2898.599,0.3182653454347208,914.3040188819873,921.6010883997245,7.297069517737214,0.007981009999999874,1,0.006934039513571933,take_profit
2021-08-06 17:46:00+00:00,2021-08-06 18:10:00+00:00,2899.67,2899.67,2928.6667,0.31512351525708665,914.6688723578743,921.9688537748514,7.299981416977062,0.007981010000000156,1,0.0026554745884877495,take_profit
2021-08-06 18:11:00+00:00,2021-08-07 04:04:00+00:00,2931.75,2914.3461473268776,2943.4896088001465,0.4839352316605074,1411.76654449003,1423.03386739927,11.267322909240193,0.007981009999999872,3,0.02259742474631193,take_profit
2021-08-07 04:05:00+00:00,2021-08-07 04:13:00+00:00,2947.03,2947.0300000000007,2976.5003000000006,0.31037405127759504,915.5972375741852,922.9046282832372,7.307390709052015,0.007981010000000073,1,0.0020427345496991825,take_profit
2021-08-07 04:14:00+00:00,2021-08-07 09:06:00+00:00,2977.94,2973.3380593737293,3003.0714399674666,0.36343883269545163,1081.7082217294771,1090.3413458641821,8.633124134704985,0.007981009999999825,2,0.012740350712237336,take_profit
2021-08-07 09:07:00+00:00,2021-08-07 09:31:00+00:00,3009.37,3009.37,3039.4637,0.3042091431273179,916.3942633163731,923.7080150958436,7.313751779470522,0.007981009999999907,1,0.008098040453649731,take_profit
2021-08-07 09:32:00+00:00,2021-08-07 10:06:00+00:00,3037.67,3037.6700000000005,3068.046700000001,0.3014952878207446,916.7599509053466,924.0766212411219,7.316670335775257,0.007981010000000193,1,0.003183360931240086,take_profit
2021-08-07 10:07:00+00:00,2021-08-07 11:26:00+00:00,3060.38,3060.38,3090.9838,0.2993774167383505,917.1257844221353,924.4453744788661,7.319590056730817,0.007981009999999903,1,0.0028035734124520245,take_profit
2021-08-07 11:27:00+00:00,2021-08-07 12:03:00+00:00,3087.85,3087.85,3118.7284999999997,0.29683251199412114,917.4917639249719,924.8142748677747,7.322510942802751,0.007981009999999903,1,0.005748336220995191,take_profit
2021-08-07 12:04:00+00:00,2021-08-07 12:07:00+00:00,3114.4,3114.4,3145.5440000000003,0.2944194809859491,917.857889472112,925.1833224665679,7.325432994455923,0.007981010000000111,1,0.0007706139224248944,take_profit
2021-08-07 12:08:00+00:00,2021-08-07 12:32:00+00:00,3139.36,3139.36,3170.7536,0.2921952044240587,918.2241611218349,925.5525173339898,7.328356212154972,0.007981009999999997,1,0.00571135518067386,take_profit
2021-08-07 12:33:00+00:00,2021-08-07 23:43:00+00:00,3168.79,3116.5284190482034,3147.6937032386854,0.7739914562123745,2414.5809503367054,2433.851745047152,19.270794710446353,0.007981009999999835,5,0.05539022781566465,take_profit
2021-08-07 23:44:00+00:00,2021-08-08 00:23:00+00:00,3149.38,3149.38,3180.8738000000003,0.29168743198638997,919.5541186679649,926.8930892845951,7.338970616630263,0.007981010000000052,1,0.004546926696683208,take_profit
2021-08-08 00:24:00+00:00,2021-08-08 06:27:00+00:00,3184.63,3132.1071762892093,3163.4282480521015,0.771257182331764,2418.0782337796927,2437.376940344271,19.298706564578424,0.007981010000000148,5,0.0351940413800033,take_profit
2021-08-08 06:28:00+00:00,2021-08-09 10:08:00+00:00,3169.27,3048.4300064452586,3078.9143065097114,1.2301260119065032,3753.7067531577786,3783.665124291799,29.95837113402058,0.007981010000000219,7,0.08709892183373458,take_profit
2021-08-09 10:09:00+00:00,2021-08-09 10:54:00+00:00,3076.25,3076.25,3107.0125,0.2995405240674986,922.3839210837262,929.7454763817346,7.361555298008398,0.007981009999999965,1,0.008526615197074367,take_profit
2021-08-09 10:55:00+00:00,2021-08-09 11:25:00+00:00,3106.82,3106.8200000000006,3137.888200000001,0.29671150786005557,922.7519988486266,930.1164917789577,7.364492930331039,0.007981010000000175,1,0.005610238121294536,take_profit
2021-08-09 11:26:00+00:00,2021-08-09 15:36:00+00:00,3138.44,3133.590031720212,3164.9259320374144,0.34754733509864605,1090.1610258418832,1098.8616118907378,8.700586048854575,0.007981010000000226,2,0.0185697352824971,take_profit
2021-08-09 15:37:00+00:00,2021-08-09 22:49:00+00:00,3162.76,3110.5978694166847,3141.7038481108516,0.7796582589813746,2427.630950210797,2447.0058971007384,19.374946889941384,0.007981009999999799,5,0.03999987352818431,take_profit
2021-08-09 22:50:00+00:00,2021-08-09 23:16:00+00:00,3146.31,3146.31,3177.7731,0.2935500558247411,924.5240001420832,931.9026354324571,7.37863529037395,0.007981009999999981,1,0.0028859203320715145,take_profit
2021-08-09 23:17:00+00:00,2021-08-10 13:01:00+00:00,3177.22,3158.35895496202,3189.9425445116403,0.4513580340398509,1426.9776663701857,1438.3663893952628,11.38872302507707,0.007981009999999967,3,0.027634221111537675,take_profit
2021-08-10 13:02:00+00:00,2021-08-10 13:32:00+00:00,3192.11,3192.11,3224.0311,0.2896319066980141,925.4623680578557,932.848492471949,7.386124414093388,0.007981009999999959,1,0.007612519618684877,take_profit
2021-08-10 13:33:00+00:00,2021-08-11 06:24:00+00:00,3222.45,3169.303426216911,3200.99646047908,0.7671026547591927,2433.614686675073,2453.037389825573,19.422703150500183,0.00798100999999982,5,0.0531365886204596,take_profit
2021-08-11 06:25:00+00:00,2021-08-11 07:04:00+00:00,3197.6,3192.6586091907275,3224.5851952826347,0.3424780436419984,1094.509984476901,1103.2452796081109,8.735295131209796,0.00798100999999982,2,0.012578183637728235,take_profit
2021-08-11 07:05:00+00:00,2021-08-11 14:41:00+00:00,3234.65,3234.65,3266.9965,0.2863717356185224,927.2395741926462,934.6398825066734,7.4003083140272565,0.007981010000000005,1,0.009460065231168723,take_profit
2021-08-11 14:42:00+00:00,2021-08-13 06:43:00+00:00,3265.96,3141.4333470641363,3172.8476805347777,1.2024231756945813,3781.1133747845006,3811.29047843979,30.177103655289557,0.007981010000000188,7,0.08777511053411556,take_profit
2021-08-13 06:44:00+00:00,2021-08-13 07:11:00+00:00,3179.37,3179.37,3211.1637,0.2919412733800473,929.118444791112,936.5337483901744,7.41530359906244,0.007981010000000137,1,0.0038403834721973335,take_profit
2021-08-13 07:12:00+00:00,2021-08-13 08:03:00+00:00,3210.08,3210.08,3242.1808,0.2892637319820983,929.4892099710652,936.9074726507364,7.418262679671216,0.007981010000000049,1,0.005280242236953539,take_profit
2021-08-13 08:04:00+00:00,2021-08-13 20:07:00+00:00,3241.01,3236.001525823506,3268.3615410817415,0.3390055279804216,1098.1205263335812,1106.8846372354549,8.764110901873664,0.007981010000000082,2,0.01898173717452289,take_profit
2021-08-13 20:08:00+00:00,2021-08-13 23:16:00+00:00,3269.9,3269.9,3302.599,0.2842190985416962,930.2983286501425,937.7230489140826,7.424720263940117,0.007981010000000047,1,0.005382427597174198,take_profit
2021-08-13 23:17:00+00:00,2021-08-15 22:19:00+00:00,3307.5,3252.9507307211693,3285.480238028381,0.7512825425259808,2446.3314271150625,2465.855622698182,19.524195583119308,0.007981009999999887,5,0.05937112622826905,take_profit
2021-08-15 22:20:00+00:00,2021-08-16 00:06:00+00:00,3290.99,3290.99,3323.8999,0.28280673252366395,931.6457744424953,939.0812486847785,7.435474242283249,0.007981009999999946,1,0.0033394206606521997,take_profit
2021-08-16 00:07:00+00:00,2021-08-19 21:53:00+00:00,3322.14,3138.9199393310187,3170.309138724329,1.638505989592493,5148.287408854032,5189.37594214697,41.08853329293834,0.007981010000000042,8,0.11201815697110895,take_profit
2021-08-19 21:54:00+00:00,2021-08-20 00:03:00+00:00,3165.01,3165.01,3196.6601,0.29482936952630073,934.0719748192564,941.5268125910086,7.454837771752182,0.007981009999999945,1,0.005279604171866767,take_profit
2021-08-20 00:04:00+00:00,2021-08-20 00:30:00+00:00,3199.33,3199.33,3231.3233,0.291783052073758,934.444716707844,941.9025293363364,7.457812628492434,0.00798100999999996,1,0.006929575879949888,take_profit
2021-08-20 00:31:00+00:00,2021-08-20 14:15:00+00:00,3237.19,3232.187429036194,3264.5093033265557,0.34121508367886916,1103.9750791435174,1112.7859152899125,8.810836146395104,0.00798100999999991,2,0.015176742792360073,take_profit
2021-08-20 14:16:00+00:00,2021-08-20 14:45:00+00:00,3260.36,3260.36,3292.9636,0.2865704679843458,935.2581491465884,942.7224537875087,7.464304640920318,0.007981009999999898,1,0.0006962421327706087,take_profit
2021-08-20 14:46:00+00:00,2021-08-21 05:17:00+00:00,3291.6,3272.059956865746,3304.7805564344035,0.44073214033049185,1443.5455336127498,1455.0664849519685,11.520951339218755,0.007981010000000044,3,0.02226880544416081,take_profit
2021-08-21 05:18:00+00:00,2021-08-23 02:40:00+00:00,3299.32,3244.905640176257,3277.3546965780192,0.7576267043836745,2460.8880542569923,2480.5284264268976,19.640372169905277,0.00798100999999987,5,0.05240473794600102,take_profit
2021-08-23 02:41:00+00:00,2021-08-23 03:00:00+00:00,3276.3,3276.3,3309.063,0.2857651134278107,937.1894305540903,944.6691487712368,7.479718217146456,0.007981009999999952,1,0.004999542166468305,take_profit
2021-08-23 03:01:00+00:00,2021-08-23 03:13:00+00:00,3308.33,3308.3300000000004,3341.4133000000006,0.28311137433341976,937.5634164649476,945.0461194673886,7.482703002440985,0.007981010000000078,1,0.0009400513249887791,take_profit
2021-08-23 03:14:00+00:00,2021-08-23 14:16:00+00:00,3342.69,3342.69,3376.1169,0.28031304550031694,937.9375516150695,945.4232405938849,7.485688978815347,0.007981009999999959,1,0.008965832907030043,take_profit
2021-08-23 14:17:00+00:00,2021-08-27 20:31:00+00:00,3370.43,3241.920046768906,3274.3392472365954,1.1785957016118302,3824.737769860917,3855.263040249555,30.52527038863809,0.007981010000000108,7,0.09409185178152332,take_profit
2021-08-27 20:32:00+00:00,2021-08-29 22:26:00+00:00,3274.58,3220.5736670612023,3252.7794037318145,0.7663110363576592,2470.4315760479044,2490.148115160659,19.716539112754617,0.007981010000000215,5,0.03732997819567694,take_profit
2021-08-29 22:27:00+00:00,2021-08-30 16:13:00+00:00,3255.33,3201.641149580815,3233.6575610766236,0.7716510858963246,2473.02289261701,2492.7601130532157,19.737220436205916,0.007981010000000257,5,0.03450648628556857,take_profit
2021-08-30 16:14:00+00:00,2021-08-30 16:46:00+00:00,3232.2,3232.2,3264.522,0.29109243758843184,941.8107875608903,949.3273888745216,7.516601313631327,0.007981009999999985,1,0.0026297877606583754,take_profit
2021-08-30 16:47:00+00:00,2021-08-30 18:02:00+00:00,3264.99,3264.9900000000002,3297.6399,0.28828401649283614,942.1866176265717,949.7062184437154,7.5196008171437825,0.007981009999999934,1,0.002833086778213716,take_profit
2021-08-30 18:03:00+00:00,2021-08-30 19:03:00+00:00,3299.03,3299.0300000000007,3332.0203000000006,0.2854233017189178,942.5625976674289,950.0851991850386,7.522601517609701,0.007981009999999972,1,0.006283665198558369,take_profit
2021-08-30 19:04:00+00:00,2021-08-31 07:35:00+00:00,3336.53,3281.5019505889964,3314.3169700948865,0.75456399359948,2478.581798639556,2498.363384760317,19.78158612076095,0.007981010000000269,5,0.04428553017656074,take_profit
2021-08-31 07:36:00+00:00,2021-08-31 07:42:00+00:00,3311.13,3311.13,3344.2413,0.2847921643796222,943.9278070493477,951.4613043166868,7.533497267339044,0.007981010000000137,1,0.0,take_profit
2021-08-31 07:43:00+00:00,2021-08-31 11:24:00+00:00,3348.47,3343.2954631964208,3376.728417828385,0.33322315059987084,1115.1786262588248,1124.0788780267826,8.900251767957798,0.00798100999999987,2,0.011411181823340088,take_profit
2021-08-31 11:25:00+00:00,2021-08-31 11:35:00+00:00,3384.34,3384.3399999999997,3418.1834,0.278874092143996,944.7494945011125,952.2895496642209,7.540055163108377,0.007981010000000056,1,0.0011316829869339154,take_profit
2021-08-31 11:36:00+00:00,2021-08-31 14:01:00+00:00,3419.24,3419.24,3453.4323999999997,0.27613778815234047,945.1264972592678,952.669561285159,7.543064025891226,0.00798101000000004,1,0.006077373919350425,take_profit
2021-08-31 14:02:00+00:00,2021-08-31 23:48:00+00:00,3453.29,3405.8097937022108,3439.8678916392328,0.6286312494790179,2143.141607710608,2160.246042313162,17.104434602554193,0.007981009999999886,4,0.03309307935331227,take_profit
2021-08-31 23:49:00+00:00,2021-09-01 05:02:00+00:00,3439.57,3434.2546823912166,3468.5972292151287,0.3251031917668564,1117.6047633490052,1126.5243781413415,8.919614792336233,0.007981010000000168,2,0.016673595827385503,take_profit
2021-09-01 05:03:00+00:00,2021-09-01 05:15:00+00:00,3465.06,3465.0599999999995,3499.7105999999994,0.2729701788936921,946.8048529303069,954.361311929592,7.556458999285155,0.007981009999999839,1,0.0030446803229957713,take_profit
2021-09-01 05:16:00+00:00,2021-09-01 05:52:00+00:00,3497.23,3497.23,3532.2023,0.2705671326176405,947.1826758802712,954.7421502882983,7.559474408027086,0.007981009999999875,1,0.004068934556777798,take_profit
2021-09-01 05:53:00+00:00,2021-09-01 14:31:00+00:00,3529.13,3529.13,3564.4213,0.2682284554411631,947.5606496006725,955.123140620742,7.562491020069501,0.00798101000000004,1,0.008203154885198412,take_profit
2021-09-01 14:32:00+00:00,2021-09-01 16:16:00+00:00,3560.56,3560.56,3596.1656,0.26596682414494466,947.9387741516758,955.504282987568,7.56550883589216,0.007981009999999887,1,0.008905902442312456,take_profit
2021-09-01 16:17:00+00:00,2021-09-01 16:32:00+00:00,3595.75,3595.75,3631.7075,0.2634690210787393,948.3170495934704,955.8855774494464,7.568527855975958,0.007981009999999974,1,0.005528749217826631,take_profit
2021-09-01 16:33:00+00:00,2021-09-01 16:43:00+00:00,3651.13,3651.1299999999997,3687.6413,0.2595762902198177,948.6954759862692,956.2670240670705,7.571548080801222,0.007981010000000049,1,0.0011092456308047596,take_profit
2021-09-01 16:44:00+00:00,2021-09-01 16:46:00+00:00,3696.68,3696.6799999999994,3733.6467999999995,0.2564801333458452,949.0740533903091,956.6486229011578,7.574569510848619,0.00798101000000003,1,0.0018719499659152587,take_profit
2021-09-01 16:47:00+00:00,2021-09-01 23:54:00+00:00,3790.0,3767.501287070476,3805.176299941181,0.3884285697056569,1464.8700063073138,1476.5611484763526,11.691142169038812,0.007981010000000054,3,0.028577836411609485,take_profit
2021-09-01 23:55:00+00:00,2021-09-02 14:06:00+00:00,3812.73,3790.0963541562573,3827.99731769782,0.38635063219891663,1465.7718944174967,1477.4702345645617,11.698340147064982,0.007981009999999998,3,0.025097502314614478,take_profit
2021-09-02 14:07:00+00:00,2021-09-03 04:14:00+00:00,3805.78,3783.1876116905214,3821.0194878074267,0.38729447594266675,1466.6743378002698,1478.3798803569973,11.70554255672755,0.00798101000000015,3,0.026467636069347156,take_profit
2021-09-03 04:15:00+00:00,2021-09-03 08:48:00+00:00,3822.27,3816.3632793818624,3854.526912175681,0.2940515323232685,1123.3308010054964,1132.2961153616293,8.965314356132922,0.00798101000000004,2,0.011349276738691958,take_profit
2021-09-03 08:49:00+00:00,2021-09-03 08:55:00+00:00,3850.89,3850.89,3889.3988999999997,0.24687907030023507,951.6557988272996,959.2509732742981,7.595174446998499,0.007981009999999823,1,0.0024669621827681392,take_profit
2021-09-03 08:56:00+00:00,2021-09-03 09:16:00+00:00,3889.86,3889.86,3928.7586,0.24450327826505325,952.0355575496496,959.633762854809,7.598205305159354,0.007981010000000026,1,0.003308602366152084,take_profit
2021-09-03 09:17:00+00:00,2021-09-03 14:18:00+00:00,3950.15,3950.15,3989.6515,0.24086757524324204,952.4154678149075,960.0167051876929,7.601237372785363,0.007981009999999903,1,0.0070579598243104965,take_profit
2021-09-03 14:19:00+00:00,2021-09-03 14:33:00+00:00,3984.66,3984.66,4024.5065999999997,0.2388767759743274,952.7955296835469,960.3998003339067,7.604270650359808,0.00798101000000013,1,0.001598630748922089,take_profit
2021-09-03 14:34:00+00:00,2021-09-07 15:42:00+00:00,4017.65,3448.7059129645627,3483.1929720942085,3.1239886681776396,10784.502694673189,10870.573918524404,86.07122385121511,0.007981010000000134,11,0.2520503279280176,take_profit
2021-09-07 15:43:00+00:00,2021-09-07 16:44:00+00:00,3490.61,3469.8885666651913,3504.5874523318435,0.42530948813123354,1477.2537839447368,1489.0437611669379,11.78997722220106,0.007981010000000186,3,0.02594675429222977,take_profit
2021-09-07 16:45:00+00:00,2021-09-07 16:50:00+00:00,3517.34,3517.34,3552.5134000000003,0.2721120888132697,958.0688032697358,965.7151599693196,7.646356699583862,0.007981010000000071,1,0.00046341837866117837,take_profit
2021-09-07 16:51:00+00:00,2021-09-08 01:58:00+00:00,3551.25,3492.680659855949,3527.6074664545085,0.7206034906979709,2519.357232618108,2539.4642478852047,20.107015267096813,0.007981009999999749,5,0.0659711369236185,take_profit
2021-09-08 01:59:00+00:00,2021-09-08 11:12:00+00:00,3518.44,3384.286624956932,3418.1294912065014,1.1544578927810862,3910.927332947941,3942.140483101473,31.213150153531842,0.007981010000000255,7,0.08619729198167375,take_profit
2021-09-08 11:13:00+00:00,2021-09-08 11:24:00+00:00,3418.43,3418.4300000000003,3452.6143,0.2808470883552891,961.0171293757467,968.6870166954658,7.669887319719123,0.007981009999999995,1,0.005072504044254143,take_profit
2021-09-08 11:25:00+00:00,2021-09-08 16:34:00+00:00,3444.47,3424.022469202016,3458.262693894036,0.43277184334981955,1483.3038194872445,1495.1420821036104,11.83826261636591,0.00798101000000001,3,0.026784962563180914,take_profit
2021-09-08 16:35:00+00:00,2021-09-08 18:11:00+00:00,3464.69,3464.69,3499.3369000000002,0.2773785084194194,961.9925368725509,969.6702089292561,7.677672056705205,0.007981010000000009,1,0.004880667534469131,take_profit
2021-09-08 18:12:00+00:00,2021-09-08 18:59:00+00:00,3498.0,3498.0,3532.98,0.27484678217693276,962.3764204753861,970.0571563109644,7.680735835578275,0.007981010000000014,1,0.007078330474556952,take_profit
2021-09-08 19:00:00+00:00,2021-09-08 22:21:00+00:00,3536.15,3515.158225929885,3550.3098081891835,0.422147838342085,1485.4018483550544,1497.2568553607946,11.855007005740163,0.007981009999999993,3,0.026780538155904095,take_profit
2021-09-08 22:22:00+00:00,2021-09-09 08:14:00+00:00,3544.17,3495.4402603156886,3530.3946629188454,0.6240750351522084,2183.6006039328904,2201.027942188885,17.427338255994528,0.007981010000000042,4,0.03306274811874156,take_profit
2021-09-09 08:15:00+00:00,2021-09-09 08:27:00+00:00,3531.43,3531.4299999999994,3566.7442999999994,0.2727677881072884,964.2245745302516,971.9200605018233,7.695485971571657,0.007981009999999972,1,0.0016452258716723666,take_profit
2021-09-09 08:28:00+00:00,2021-09-09 13:08:00+00:00,3563.68,3504.9056568575716,3539.9547134261475,0.7227039120252196,2535.544574064353,2555.7807806654064,20.236206601053254,0.007981009999999965,5,0.04862389440129298,take_profit
2021-09-09 13:09:00+00:00,2021-09-10 01:40:00+00:00,3530.05,3471.8303029424833,3506.5486059719083,0.7303542409461137,2538.204189789063,2558.461622809811,20.257433020748067,0.007981009999999865,5,0.03418365178963473,take_profit
2021-09-10 01:41:00+00:00,2021-09-11 12:41:00+00:00,3502.77,3309.587975187834,3342.6838549397125,1.6117301619268967,5339.502265426225,5382.116886401614,42.61462097538879,0.007981009999999894,8,0.10071172243681428,take_profit
2021-09-11 12:42:00+00:00,2021-09-12 03:59:00+00:00,3340.27,3294.343735860494,3327.287173219099,0.665890114280932,2195.866793546363,2213.392028384325,17.52523483796176,0.007981010000000137,4,0.032682986704667606,take_profit
2021-09-12 04:00:00+00:00,2021-09-12 08:14:00+00:00,3327.54,3322.397807238715,3355.621785311102,0.34431601571681825,1145.0998754902182,1154.2389290475041,9.139053557285933,0.00798100999999978,2,0.010566364341225005,take_profit
2021-09-12 08:15:00+00:00,2021-09-12 08:15:00+00:00,3353.47,3353.47,3387.0047,0.2889925594390807,970.0979762784523,977.8403379281104,7.742361649658164,0.007981010000000077,1,0.0001520812770055386,take_profit
2021-09-12 08:16:00+00:00,2021-09-12 08:20:00+00:00,3386.45,3386.45,3420.3145,0.28629231474451844,970.4850943609354,978.230545603881,7.745451242945592,0.007981010000000024,1,0.0035080984511803377,take_profit
2021-09-12 08:21:00+00:00,2021-09-12 09:00:00+00:00,3412.12,3412.1199999999994,3446.2411999999995,0.2842518711405694,970.8723669230826,978.6209089922194,7.748542069136761,0.007981009999999969,1,0.0017467146524741324,take_profit
2021-09-12 09:01:00+00:00,2021-09-12 12:45:00+00:00,3439.02,3439.02,3473.4102,0.28214099779370666,971.2597940265396,979.0114281552633,7.751634128723708,0.007981009999999955,1,0.00958994132049247,take_profit
2021-09-12 12:46:00+00:00,2021-09-12 23:30:00+00:00,3460.25,3403.181486312299,3437.213301175422,0.7497368260346333,2554.0445304981067,2574.428385436458,20.383854938351305,0.00798101000000024,5,0.0453753341521567,take_profit
2021-09-12 23:31:00+00:00,2021-09-13 13:45:00+00:00,3437.92,3342.4248231882693,3375.849071420152,0.9745883005994721,3260.748877189736,3286.7729465860766,26.024069396340565,0.007981010000000156,6,0.0788441848559594,take_profit
2021-09-13 13:46:00+00:00,2021-09-14 00:15:00+00:00,3376.46,3282.671998912791,3315.498718901919,0.9936557465962232,3265.1110069171227,3291.1698905144385,26.0588835973158,0.007981010000000052,6,0.07936418615946887,take_profit
2021-09-14 00:16:00+00:00,2021-09-14 09:02:00+00:00,3333.15,3327.9991378609193,3361.2791292395286,0.3457322187744373,1151.7482742863565,1160.9403887809187,9.192114494562247,0.007981010000000082,2,0.018373010515578426,take_profit
2021-09-14 09:03:00+00:00,2021-09-14 15:25:00+00:00,3357.26,3352.0718796258643,3385.592598422123,0.34341111916818284,1152.2910467612735,1161.487493128386,9.196446367112458,0.007981010000000231,2,0.019429534799211265,take_profit
2021-09-14 15:26:00+00:00,2021-09-14 22:53:00+00:00,3395.29,3390.0431102074012,3423.943541309475,0.33972465939451385,1152.8340750229506,1162.0348553040494,9.200780281098787,0.007981009999999886,2,0.01921779877418424,take_profit
2021-09-14 22:54:00+00:00,2021-09-15 15:04:00+00:00,3420.79,3415.5037039446925,3449.6587409841395,0.3373511147131802,1153.3773591919298,1162.5824754294142,9.20511623748439,0.007981010000000005,2,0.018419721760178136,take_profit
2021-09-15 15:05:00+00:00,2021-09-15 15:10:00+00:00,3449.81,3449.81,3484.3081,0.2829527795906414,977.1104389985892,984.9087671833414,7.798328184752222,0.007981010000000094,1,0.0007594621153048692,take_profit
2021-09-15 15:11:00+00:00,2021-09-15 16:12:00+00:00,3485.81,3485.81,3520.6681,0.28014230696808456,977.5003554078268,985.3017955193401,7.80144011151333,0.007981009999999908,1,0.004535531196479425,take_profit
2021-09-15 16:13:00+00:00,2021-09-15 20:04:00+00:00,3522.09,3522.0900000000006,3557.310900000001,0.27736728390983445,977.8904274134023,985.6949806934931,7.804553280090772,0.007981010000000137,1,0.004633612428983974,take_profit
2021-09-15 20:05:00+00:00,2021-09-15 23:58:00+00:00,3569.48,3569.48,3605.1748000000002,0.2737940468702246,978.2806550774068,986.0883227683862,7.807667690979429,0.007981010000000097,1,0.007309187892914415,take_profit
2021-09-15 23:59:00+00:00,2021-09-16 04:17:00+00:00,3614.07,3592.61566663926,3628.5418233056525,0.4198722581442531,1509.9496021984457,1522.0005250730876,12.050922874641856,0.007981010000000024,3,0.024711751570943546,take_profit
2021-09-16 04:18:00+00:00,2021-09-16 04:21:00+00:00,3625.84,3625.84,3662.0984000000003,0.26981177079547963,979.2735846056877,987.0891768771614,7.815592271473747,0.007981009999999907,1,0.0016134192352669626,take_profit
2021-09-16 04:22:00+00:00,2021-09-23 17:30:00+00:00,3655.55,3137.883314907373,3169.2621480564467,3.5288496120152155,11084.202520880783,11172.665652041956,88.4631311611738,0.007981009999999917,11,0.27452777283856056,take_profit
2021-09-23 17:31:00+00:00,2021-09-26 09:50:00+00:00,3170.42,2995.567481820106,3025.5231566383072,1.8128371804239154,5435.912019531861,5479.296087718866,43.38406818700514,0.007981010000000214,8,0.1379691018855546,take_profit
2021-09-26 09:51:00+00:00,2021-09-26 12:12:00+00:00,3006.14,2988.2945433018576,3018.177488734876,0.5086953633061382,1521.6532316022908,1533.797561260241,12.144329657950266,0.007981010000000044,3,0.024902366489917196,take_profit
2021-09-26 12:13:00+00:00,2021-09-26 14:56:00+00:00,3016.25,3011.5888572590484,3041.704745831639,0.38659788446322363,1165.439320409775,1174.7407032803585,9.301382870583438,0.007981009999999846,2,0.011686697057604641,take_profit
2021-09-26 14:57:00+00:00,2021-09-26 16:01:00+00:00,3036.35,3036.35,3066.7135,0.3248445274106357,987.3290098130968,995.2088925137051,7.8798827006082774,0.007981009999999851,1,0.006830569598366388,take_profit
2021-09-26 16:02:00+00:00,2021-09-26 20:25:00+00:00,3063.41,3058.6759788531926,3089.262738641725,0.3809777130553244,1166.453833233979,1175.7633129415578,9.30947970757893,0.007981010000000182,2,0.011275017056156363,take_profit
2021-09-26 20:26:00+00:00,2021-09-27 00:49:00+00:00,3093.63,3075.265173277002,3106.017825009772,0.495277295516648,1524.633651668838,1536.8017680891437,12.16811642030575,0.007981010000000156,3,0.026709722882180514,take_profit
2021-09-27 00:50:00+00:00,2021-09-27 00:56:00+00:00,3105.72,3105.7199999999993,3136.7771999999995,0.3180608963044857,988.7968837545217,996.6884815717353,7.891597817213665,0.00798100999999999,1,4.829797921243261e-05,take_profit
2021-09-27 00:57:00+00:00,2021-09-30 03:00:00+00:00,3137.76,2964.7087205341427,2994.355807739484,1.8412065525088823,5464.105227755444,5507.714306219213,43.60907846376904,0.007981010000000103,8,0.1133802457804294,take_profit
2021-09-30 03:01:00+00:00,2021-09-30 03:55:00+00:00,2997.99,2997.99,3027.9698999999996,0.3303481818321616,991.3719175685707,999.2840667564044,7.912149187833734,0.007981009999999794,1,0.008595759158636281,take_profit
2021-09-30 03:56:00+00:00,2021-09-30 18:42:00+00:00,3020.55,3002.6190007020386,3032.645190709059,0.5090973760159689,1530.155610043142,1542.3677972684523,12.212187225310345,0.007981009999999953,3,0.026028372316300126,take_profit
2021-09-30 18:43:00+00:00,2021-10-01 00:37:00+00:00,3028.71,3010.7305602013776,3040.837865803391,0.508038353077434,1531.0976930576658,1543.3173990569358,12.21970599926999,0.00798100999999989,3,0.024105972509748448,take_profit
2021-10-01 00:38:00+00:00,2021-10-01 07:21:00+00:00,3031.9,3013.9016232899676,3044.0406395228674,0.507816281695719,1532.0403560918949,1544.267585494268,12.227229402373041,0.007981010000000044,3,0.020722978990072208,take_profit
2021-10-01 07:22:00+00:00,2021-10-01 08:02:00+00:00,3070.27,3070.27,3100.9727,0.32329628360963386,993.6004811593099,1001.5304165354471,7.929935376137223,0.007981009999999959,1,0.002276672735622529,take_profit
2021-10-01 08:03:00+00:00,2021-10-01 09:39:00+00:00,3104.57,3104.57,3135.6157000000003,0.3198520184599441,993.9969779281167,1001.930077748931,7.933099820814277,0.0079810100000002,1,0.0035947007153970785,take_profit
2021-10-01 09:40:00+00:00,2021-10-01 10:30:00+00:00,3133.05,3133.05,3164.3805,0.3170709817226786,994.3936329191574,1002.3298984474216,7.93626552826413,0.007981010000000005,1,0.008828457892469098,take_profit
2021-10-01 10:31:00+00:00,2021-10-01 10:41:00+00:00,3176.21,3176.21,3207.9721,0.31288726367254527,994.7904461955706,1002.7298786945619,7.939432498991323,0.007981010000000012,1,0.0030161733638518636,take_profit
2021-10-01 10:42:00+00:00,2021-10-01 10:43:00+00:00,3197.2,3197.1999999999994,3229.1719999999996,0.3109571595154197,995.1874178205202,1003.13001855402,7.94260073349983,0.007981010000000082,1,0.0007099962467158708,take_profit
2021-10-01 10:44:00+00:00,2021-10-01 12:03:00+00:00,3239.81,3234.8033802358677,3267.1514140382264,0.36310157565232876,1175.7379422313543,1185.121518505682,9.383576274327652,0.007981009999999822,2,0.013766239378235116,take_profit
2021-10-01 12:04:00+00:00,2021-10-01 17:00:00+00:00,3268.03,3248.629876302092,3281.1161750651127,0.4725782550532901,1536.768606863692,1549.033572482757,12.264965619065151,0.007981009999999972,3,0.028032178407175003,take_profit
2021-10-01 17:01:00+00:00,2021-10-01 18:42:00+00:00,3264.05,3264.0499999999997,3296.6904999999997,0.30504137742280696,996.6669749518649,1004.6213840456254,7.954409093760546,0.007981009999999964,1,0.0029350040593742075,take_profit
2021-10-01 18:43:00+00:00,2021-10-01 21:26:00+00:00,3294.03,3294.0300000000007,3326.970300000001,0.3023857192287703,997.0646954065529,1005.0222787112397,7.95758330468675,0.007981010000000097,1,0.005428001566470284,take_profit
2021-10-01 21:27:00+00:00,2021-10-02 14:52:00+00:00,3323.15,3318.0145912972753,3351.194737210248,0.3546632524268064,1177.955802351444,1187.357079389569,9.401277038125045,0.007981010000000125,2,0.019905812256443462,take_profit
2021-10-02 14:53:00+00:00,2021-10-02 15:45:00+00:00,3363.23,3363.23,3396.8623000000002,0.29642180457038914,997.9326384236936,1005.8971487902795,7.964510366585955,0.007981010000000073,1,0.002515439027363587,take_profit
2021-10-02 15:46:00+00:00,2021-10-02 16:43:00+00:00,3389.95,3389.95,3423.8495,0.2942027266119208,998.3308639420229,1006.2985525504529,7.967688608429967,0.007981010000000042,1,0.0056932993111992,take_profit
2021-10-02 16:44:00+00:00,2021-10-02 19:58:00+00:00,3424.16,3424.1600000000003,3458.4016,0.29137964321879584,998.7292483724444,1006.7001164909974,7.970868118552971,0.007981010000000009,1,0.003735222653147039,take_profit
2021-10-02 19:59:00+00:00,2021-10-03 13:21:00+00:00,3461.19,3404.105983269783,3438.147043102481,0.7707317284149908,2626.2787669602913,2647.23912406219,20.960357101898808,0.007981010000000401,5,0.034288785071030434,take_profit
2021-10-03 13:22:00+00:00,2021-10-03 17:52:00+00:00,3441.5,3436.1816998779996,3470.5435168767794,0.343398267849385,1181.160003757618,1190.5868535592074,9.42684980158947,0.007981009999999901,2,0.013988086590149607,take_profit
2021-10-03 17:53:00+00:00,2021-10-05 09:57:00+00:00,3471.48,3414.226274432026,3448.3685371763463,0.7696157285522296,2630.2725141533215,2651.264745391504,20.99223123818274,0.007981009999999978,5,0.05803864634104187,take_profit
2021-10-05 09:58:00+00:00,2021-10-05 19:15:00+00:00,3448.44,3443.110975193168,3477.5420849450998,0.3432283276382823,1182.9561780666331,1192.3973631533445,9.441185086711357,0.007981009999999811,2,0.011976429921935768,take_profit
2021-10-05 19:16:00+00:00,2021-10-05 20:15:00+00:00,3476.69,3476.6900000000005,3511.4569000000006,0.28796546546193397,1002.1688229397911,1010.1671423373618,7.998319397570754,0.007981010000000052,1,0.004688367383919815,take_profit
2021-10-05 20:16:00+00:00,2021-10-05 22:00:00+00:00,3509.34,3509.3399999999997,3544.4334,0.28540015221402315,1002.5687389096696,1010.570250040595,8.00151113092545,0.007981009999999988,1,0.004539315084887839,take_profit
2021-10-05 22:01:00+00:00,2021-10-06 13:12:00+00:00,3535.27,3476.9642115787233,3511.7338536945103,0.7574822845498153,2636.3751694540524,2657.416106045217,21.04093659116461,0.007981010000000047,5,0.0546690917525394,take_profit
2021-10-06 13:13:00+00:00,2021-10-06 13:13:00+00:00,3520.57,3520.5700000000006,3555.7757000000006,0.2849018313609666,1004.020861295774,1012.0339618299843,8.013100534210253,0.007981010000000068,1,0.0005198021911225687,take_profit
2021-10-06 13:14:00+00:00,2021-10-06 13:46:00+00:00,3575.23,3569.7050410736074,3605.4020914843436,0.33195678454241884,1186.1739811808388,1195.6408475863827,9.466866405543897,0.00798100999999984,2,0.017685575473466046,take_profit
2021-10-06 13:47:00+00:00,2021-10-07 07:55:00+00:00,3618.19,3558.51664531762,3594.101811770796,0.741543947063076,2641.437916775259,2662.519259203422,21.08134242816277,0.007981010000000099,5,0.04073583753202564,take_profit
2021-10-07 07:56:00+00:00,2021-10-07 13:44:00+00:00,3598.16,3592.599606344042,3628.5256024074824,0.33034290832263935,1187.9777801786388,1197.4590427220223,9.481262543383536,0.007981010000000016,2,0.017778531249305146,take_profit
2021-10-07 13:45:00+00:00,2021-10-07 17:27:00+00:00,3635.2,3585.218664539114,3621.070851184505,0.6356499928025758,2281.2254437537017,2299.431926832555,18.206483078853125,0.007981010000000174,4,0.03169014084507037,take_profit
2021-10-07 17:28:00+00:00,2021-10-07 21:44:00+00:00,3622.5,3616.901992679951,3653.0710126067506,0.32857485919275053,1189.6126756344281,1199.1069862947934,9.494310660365272,0.007981010000000122,2,0.010879227053140057,take_profit
2021-10-07 21:45:00+00:00,2021-10-08 08:42:00+00:00,3647.69,3626.0360870274685,3662.2964478977433,0.42838760452601976,1554.9038170636632,1567.3135199766862,12.409702913023011,0.007981009999999835,3,0.027579098004490488,take_profit
2021-10-08 08:43:00+00:00,2021-10-11 08:02:00+00:00,3661.51,3559.8041590124494,3595.402200602574,0.9487195804026193,3380.6365445983884,3407.6174386671937,26.980894068805355,0.00798101000000005,6,0.07934158311734782,take_profit
2021-10-11 08:03:00+00:00,2021-10-13 20:30:00+00:00,3599.76,3540.390603906527,3575.794509945592,0.7489620401081353,2654.2724419234287,2675.456216825144,21.183774901715424,0.007981010000000045,5,0.054600862279707583,take_profit
2021-10-13 20:31:00+00:00,2021-10-13 23:00:00+00:00,3574.07,3574.07,3609.8107,0.2825422869233968,1010.8367481724772,1018.9042463680092,8.067498195532039,0.007981010000000016,1,0.008133584400977082,take_profit
2021-10-13 23:01:00+00:00,2021-10-14 01:53:00+00:00,3605.94,3605.94,3641.9994,0.28015687531106215,1011.2401230822537,1019.3108406169745,8.070717534720757,0.00798101000000006,1,0.007052252671980076,take_profit
2021-10-14 01:54:00+00:00,2021-10-14 11:12:00+00:00,3640.47,3640.47,3676.8747,0.2776103127618222,1011.6436589589897,1019.717597117578,8.073938158588248,0.007981009999999962,1,0.007545728985543021,take_profit
2021-10-14 11:13:00+00:00,2021-10-14 11:17:00+00:00,3687.79,3687.79,3724.6679,0.27415750585338433,1012.0473558669191,1020.1245159345665,8.077160067647355,0.007981009999999917,1,0.0,take_profit
2021-10-14 11:18:00+00:00,2021-10-14 13:30:00+00:00,3725.3,3725.3000000000006,3762.553000000001,0.27150531840561326,1012.4512138703016,1020.5315971327126,8.080383262411033,0.007981010000000018,1,0.0029017797224385688,take_profit
2021-10-14 13:31:00+00:00,2021-10-14 14:17:00+00:00,3766.02,3766.02,3803.6802000000002,0.2686768465914649,1012.855233033422,1020.9388407768142,8.083607743392236,0.007981010000000162,1,0.0026765657112813863,take_profit
2021-10-14 14:18:00+00:00,2021-10-15 02:56:00+00:00,3804.51,3798.630724684832,3836.6170319316802,0.3146961608867209,1196.6111168014604,1206.1612820907642,9.550165289303777,0.007981010000000129,2,0.01850698250234598,take_profit
2021-10-15 02:57:00+00:00,2021-10-15 16:56:00+00:00,3835.43,3812.6615993321143,3850.7882153254354,0.4098153373021387,1564.051250599802,1576.5339592713513,12.48270867154929,0.00798100999999985,3,0.02383565858326175,take_profit
2021-10-15 16:57:00+00:00,2021-10-15 18:41:00+00:00,3850.55,3850.5500000000006,3889.055500000001,0.2631693384221775,1014.3610571186343,1022.4566828591088,8.095625740474475,0.007981010000000082,1,0.0019373855682954476,take_profit
2021-10-15 18:42:00+00:00,2021-10-16 08:29:00+00:00,3888.63,3882.6207303782026,3921.4469376819848,0.3083463016292888,1198.390132974301,1207.9544966094704,9.564363635169457,0.007981010000000193,2,0.017425160017795528,take_profit
2021-10-16 08:30:00+00:00,2021-10-16 11:55:00+00:00,3919.15,3919.1499999999996,3958.3414999999995,0.2587879546664019,1015.2440565874165,1023.3467295554811,8.102672968064667,0.00798100999999993,1,0.0020795325517012847,take_profit
2021-10-16 11:56:00+00:00,2021-10-18 00:38:00+00:00,3957.71,3847.7766053254427,3886.254371378697,0.8840009453616292,3404.8429996476993,3432.017085676318,27.174086028618603,0.007981010000000094,6,0.0802762203395398,take_profit
2021-10-18 00:39:00+00:00,2021-10-19 13:35:00+00:00,3882.61,3818.5756724430294,3856.7614291674595,0.6993719243514174,2673.2778942122004,2694.613351818688,21.33545760648758,0.0079810100000004,5,0.053214203847411955,take_profit
2021-10-19 13:36:00+00:00,2021-10-19 22:45:00+00:00,3852.29,3829.421512709425,3867.7157278365194,0.40976764339120597,1570.7437725871155,1583.279894343571,12.536121756455486,0.007981009999999995,3,0.028746537773635884,take_profit
2021-10-19 22:46:00+00:00,2021-10-20 12:32:00+00:00,3871.32,3865.337480276535,3903.9908550793007,0.3109262512827987,1203.037930615898,1212.6393883705225,9.601457754624562,0.007981009999999813,2,0.01117706622030728,take_profit
2021-10-20 12:33:00+00:00,2021-10-20 12:46:00+00:00,3910.6,3910.6000000000004,3949.7060000000006,0.26035962891800124,1019.1815463931289,1027.315644506708,8.134098113579057,0.007981010000000031,1,0.00031708689203697175,take_profit
2021-10-20 12:47:00+00:00,2021-10-20 13:45:00+00:00,3945.66,3945.66,3985.1166,0.2581491215785215,1019.5882512988079,1027.7255953283063,8.137344029498422,0.007981010000000122,1,0.0048154174460039645,take_profit
2021-10-20 13:46:00+00:00,2021-10-20 14:02:00+00:00,3969.8,3969.8,4009.498,0.25668172789102284,1019.9951185002828,1028.1357097409846,8.140591240701724,0.007981009999999785,1,0.003798680034258749,take_profit
2021-10-20 14:03:00+00:00,2021-10-20 14:49:00+00:00,4017.55,4017.5500000000006,4057.7255000000005,0.25373218651025015,1020.4021480623179,1028.5459878100248,8.14383974770692,0.007981010000000078,1,0.006518898333561512,take_profit
2021-10-20 14:50:00+00:00,2021-10-20 16:13:00+00:00,4060.0,4053.7259048393657,4094.263163887759,0.2970900652093345,1205.5272206301258,1215.148545433247,9.62132480312107,0.007981009999999858,2,0.014778325123152709,take_profit
2021-10-20 16:14:00+00:00,2021-10-20 18:56:00+00:00,4080.02,4080.02,4120.8202,0.25006473396786527,1021.2904062898594,1029.4413352353629,8.150928945503438,0.007981010000000007,1,0.006470556516879842,take_profit
2021-10-20 18:57:00+00:00,2021-10-20 23:37:00+00:00,4126.73,4120.35278405856,4161.556311899146,0.29254049748669825,1206.5766298990923,1216.2063300480834,9.629700148991105,0.007981010000000125,2,0.014064404504292628,take_profit
2021-10-20 23:38:00+00:00,2021-10-21 00:40:00+00:00,4163.77,4163.77,4205.407700000001,0.24524823856909475,1022.1794377445843,1030.3374620590182,8.158024314433874,0.007981009999999969,1,0.006638214886989513,take_profit
2021-10-21 00:41:00+00:00,2021-10-21 09:31:00+00:00,4203.13,4196.634719804799,4238.601067002847,0.287473036438199,1207.626952676933,1217.2650354625173,9.638082785584402,0.007981010000000227,2,0.019775738556742212,take_profit
2021-10-21 09:32:00+00:00,2021-10-21 09:42:00+00:00,4238.23,4238.23,4280.6123,0.24114929436497917,1023.0692430995852,1031.2343689594554,8.165125859870273,0.00798101000000005,1,0.00031852919732988877,take_profit
2021-10-21 09:43:00+00:00,2021-10-21 11:19:00+00:00,4287.02,4287.02,4329.890200000001,0.23849994212604236,1023.4774993925788,1031.6458835500061,8.16838415742734,0.00798101000000017,1,0.005227407383217424,take_profit
2021-10-21 11:20:00+00:00,2021-10-21 11:28:00+00:00,4327.92,4327.92,4371.1992,0.23634032807488348,1023.8859186004502,1032.0575623556595,8.171643755209288,0.007981009999999912,1,0.0003743137581101062,take_profit
2021-10-21 11:29:00+00:00,2021-10-21 11:34:00+00:00,4372.04,4299.933699997636,4342.933036997612,0.625530302468847,2692.4312592147244,2713.9195800188295,21.488320804105115,0.007981009999999929,5,0.03730295239750783,take_profit
2021-10-21 11:35:00+00:00,2021-10-21 11:35:00+00:00,4218.51,4218.51,4260.6951,0.24282117333171835,1025.3689168284156,1033.5523964073122,8.183479578896595,0.007981009999999846,1,0.0009624251216662755,take_profit
2021-10-21 11:36:00+00:00,2021-10-21 11:40:00+00:00,4247.99,4247.99,4290.4699,0.24123227990568558,1025.7780908073605,1033.964836007875,8.186745200514451,0.007981009999999998,1,0.00589455248246817,take_profit
2021-10-21 11:41:00+00:00,2021-10-24 00:02:00+00:00,4305.28,4141.125476260665,4182.536731023271,1.009086179496042,4182.935421074677,4216.319470499627,33.38404942494981,0.007981009999999665,7,0.09692284822357658,take_profit
2021-10-24 00:03:00+00:00,2021-10-25 04:02:00+00:00,4175.91,4107.038393326028,4148.108777259288,0.6571871306379548,2701.79457170155,2723.3576211962454,21.563049494695406,0.007981009999999858,5,0.05134449736704092,take_profit
2021-10-25 04:03:00+00:00,2021-10-25 15:51:00+00:00,4146.91,4140.501599023994,4181.9066150142335,0.2931789373414706,1215.1229818443585,1224.8208905136883,9.697908669329763,0.007981010000000099,2,0.01000745133123217,take_profit
2021-10-25 15:52:00+00:00,2021-10-25 16:03:00+00:00,4189.67,4189.67,4231.5667,0.2454585346264474,1029.4196784468347,1037.6354871947158,8.215808747881056,0.007981010000000082,1,0.0009499554857543608,take_profit
2021-10-25 16:04:00+00:00,2021-10-26 00:29:00+00:00,4219.66,4213.139175274502,4255.270567027247,0.28837513144406657,1216.1807442061368,1225.8870948874535,9.706350681316735,0.007981010000000096,2,0.011936980704606507,take_profit
2021-10-26 00:30:00+00:00,2021-10-26 20:22:00+00:00,4256.75,4231.480502305342,4273.795307328396,0.3752919195866057,1589.6300704739401,1602.3169239626936,12.686853488753513,0.007981010000000184,3,0.028989252363892555,take_profit
2021-10-26 20:23:00+00:00,2021-10-27 04:19:00+00:00,4275.99,4205.467814076013,4247.522492216774,0.6437372124214846,2709.9260536151824,2731.554000548346,21.627946933163457,0.007981010000000056,5,0.043447248473452875,take_profit
2021-10-27 04:20:00+00:00,2021-10-27 04:33:00+00:00,4245.0,4245.0,4287.45,0.24287385039174356,1032.0315264393907,1040.268180372219,8.236653932828176,0.00798101000000013,1,0.0010506478209658507,take_profit
2021-10-27 04:34:00+00:00,2021-10-28 10:00:00+00:00,4287.99,4124.494720657187,4165.739667863759,1.0193314906847035,4208.435787716397,4242.023355822519,33.58756810612249,0.007981010000000012,7,0.09277540292771198,take_profit
2021-10-28 10:01:00+00:00,2021-10-28 13:30:00+00:00,4168.24,4161.798636844245,4203.416623212688,0.2931493245700249,1221.2497090964375,1230.996515237233,9.74680614079557,0.007981009999999846,2,0.012216187167725484,take_profit
2021-10-28 13:31:00+00:00,2021-10-28 19:39:00+00:00,4203.8,4178.844831289411,4220.633279602304,0.38160289685597903,1596.2555486803547,1608.9952801769277,12.739731496573086,0.007981009999999804,3,0.0208977591702746,take_profit
2021-10-28 19:40:00+00:00,2021-10-28 19:59:00+00:00,4224.87,4224.87,4267.1187,0.2447913941396501,1035.2470644232067,1043.509381596839,8.262317173632255,0.007981009999999998,1,0.0009704440610005644,take_profit
2021-10-28 20:00:00+00:00,2021-10-29 00:01:00+00:00,4259.04,4252.458319642131,4294.982902838552,0.2873261061165514,1223.0653557614683,1232.8266525964539,9.761296834985615,0.00798100999999982,2,0.011892351327998712,take_profit
2021-10-29 00:02:00+00:00,2021-10-29 00:48:00+00:00,4293.8,4293.8,4336.738,0.24107133468687733,1036.1482451236377,1044.4177546294518,8.269509505814085,0.007981009999999886,1,0.006481438352974038,take_profit
2021-10-29 00:49:00+00:00,2021-10-29 01:08:00+00:00,4335.78,4335.78,4379.1377999999995,0.23883249585503177,1036.5617205989286,1044.8345300566457,8.27280945771713,0.00798100999999988,1,0.0009963605164468006,take_profit
2021-10-29 01:09:00+00:00,2021-10-29 15:24:00+00:00,4380.01,4354.008789546585,4397.548877442051,0.36708812848312145,1599.9048427965133,1612.6736993459208,12.768856549407474,0.007981010000000045,3,0.023130084177890094,take_profit
2021-10-29 15:25:00+00:00,2021-10-29 15:57:00+00:00,4403.25,4403.25,4447.2825,0.23541161417030268,1037.6138038992847,1045.8950100443428,8.28120614505815,0.007981009999999922,1,0.002325554987793058,take_profit
2021-10-29 15:58:00+00:00,2021-11-01 12:11:00+00:00,4446.79,4323.271419784453,4366.504133982298,0.8041098135217232,3479.864840006678,3507.637676093421,27.7728360867427,0.007981010000000288,6,0.06757458751144078,take_profit
2021-11-01 12:12:00+00:00,2021-11-02 09:39:00+00:00,4370.99,4345.04233529609,4388.49275864905,0.36871159954132376,1603.6711807024926,1616.4700964323908,12.798915729898226,0.007981009999999891,3,0.024333160222283667,take_profit
2021-11-02 09:40:00+00:00,2021-11-02 10:00:00+00:00,4394.99,4394.99,4438.939899999999,0.2364092740473977,1040.0564517973698,1048.357152739729,8.300700942359072,0.007981009999999756,1,0.0018248050621274513,take_profit
2021-11-02 10:01:00+00:00,2021-11-02 10:28:00+00:00,4426.61,4426.61,4470.8760999999995,0.23481422925390835,1040.4714868444878,1048.7755001857083,8.304013341220525,0.007981009999999808,1,0.0006076885020364568,take_profit
2021-11-02 10:29:00+00:00,2021-11-02 15:30:00+00:00,4464.91,4458.010179747865,4502.590281545344,0.2754610969452599,1229.2376119184005,1239.0481695914975,9.810557673097037,0.007981010000000134,2,0.012540006405504206,take_profit
2021-11-02 15:31:00+00:00,2021-11-02 22:03:00+00:00,4501.21,4501.21,4546.2221,0.23112359525101214,1041.3772153952036,1049.6884573650448,8.311241969841149,0.007981009999999879,1,0.006167230589108311,take_profit
2021-11-02 22:04:00+00:00,2021-11-02 23:19:00+00:00,4526.93,4526.93,4572.1993,0.229902159900021,1041.7927774936957,1050.1073360688008,8.314558575105139,0.007981010000000172,1,0.00016567519268024906,take_profit
2021-11-02 23:20:00+00:00,2021-11-03 00:54:00+00:00,4571.49,4571.49,4617.2049,0.22775206703219933,1042.2085054224513,1050.526381926313,8.317876503861726,0.007981010000000085,1,0.004692124449577669,take_profit
2021-11-03 00:55:00+00:00,2021-11-03 18:14:00+00:00,4617.01,4540.863508162342,4586.272143243966,0.6029408479170986,2740.612706593807,2762.4855640112596,21.87285741745245,0.007981010000000077,5,0.03508980920552483,take_profit
2021-11-03 18:15:00+00:00,2021-11-03 18:48:00+00:00,4585.0,4585.0,4630.85,0.22740988529474335,1043.718042118517,1052.047966249845,8.329924131328198,0.007981009999999898,1,0.0023031624863686807,take_profit
2021-11-03 18:49:00+00:00,2021-11-07 10:04:00+00:00,4632.85,4556.442265403348,4602.006688057381,0.6017496707089719,2744.582215025933,2766.4867531298764,21.90453810394365,0.007981009999999828,5,0.06619683348262954,take_profit
2021-11-07 10:05:00+00:00,2021-11-08 00:21:00+00:00,4602.63,4602.63,4648.656300000001,0.22686692944361161,1045.2297652302805,1053.571754438881,8.34198920860058,0.007981010000000057,1,0.006687480853338145,take_profit
2021-11-08 00:22:00+00:00,2021-11-08 00:48:00+00:00,4648.22,4648.22,4694.702200000001,0.2247314494206427,1045.6468646907106,1053.9921827742758,8.34531808356519,0.007981009999999983,1,0.0018888951039323987,take_profit
2021-11-08 00:49:00+00:00,2021-11-08 06:17:00+00:00,4695.81,4695.81,4742.7681,0.22254266387786,1046.0641305948889,1054.412778881808,8.348648286919115,0.00798101,1,0.0037096901280077497,take_profit
2021-11-08 06:18:00+00:00,2021-11-08 17:07:00+00:00,4740.57,4740.57,4787.9757,0.2205294049969151,1046.4815630092348,1054.8335428284272,8.351979819192366,0.007981010000000031,1,0.007750122875519143,take_profit
2021-11-08 17:08:00+00:00,2021-11-09 06:00:00+00:00,4785.95,4778.554062627084,4826.339603253355,0.25846766694195034,1236.3380579811821,1246.2052843853105,9.86722640412836,0.007981009999999972,2,0.011270489662449378,take_profit
2021-11-09 06:01:00+00:00,2021-11-10 14:06:00+00:00,4836.26,4769.764969895448,4817.462619594403,0.49723951699420993,2374.0897195262414,2393.0373533186776,18.947633792436136,0.007981010000000004,4,0.032742242972875805,take_profit
2021-11-10 14:07:00+00:00,2021-11-11 09:28:00+00:00,4820.95,4687.038369522702,4733.908753217929,0.7490700987806953,3514.4347291764557,3542.4834678943607,28.048738717905053,0.007981010000000134,6,0.07447079932378464,take_profit
2021-11-11 09:29:00+00:00,2021-11-11 16:34:00+00:00,4737.75,4730.428548190322,4777.732833672225,0.26180630565981977,1239.6957181075602,1249.589742030734,9.89402392317379,0.007981010000000139,2,0.013489525618700829,take_profit
2021-11-11 16:35:00+00:00,2021-11-15 09:13:00+00:00,4775.54,4696.778936534596,4743.746725899942,0.5871816619456636,2760.6230848306004,2782.655645276865,22.032560446264597,0.007981010000000264,5,0.05605439384865368,take_profit
2021-11-15 09:14:00+00:00,2021-11-25 17:47:00+00:00,4738.93,4477.572248037091,4522.347970517462,1.2956992871540858,5807.394564527103,5853.7434386205405,46.34887409343719,0.007981010000000127,8,0.16511955230400116,take_profit
2021-11-25 17:48:00+00:00,2021-11-29 00:04:00+00:00,4523.23,4273.768365324833,4316.506048978082,1.3604797895989382,5820.195682133861,5866.646722074928,46.45103994106739,0.007981010000000038,8,0.13491023007894792,take_profit
2021-11-29 00:05:00+00:00,2021-11-29 00:31:00+00:00,4309.89,4309.89,4352.9889,0.24476789157014414,1055.9786668661147,1064.40644316616,8.427776300045252,0.007981010000000115,1,0.0064549211232770715,take_profit
2021-11-29 00:32:00+00:00,2021-11-29 14:03:00+00:00,4349.39,4342.668697844653,4386.0953848231,0.28699186826119505,1247.5581609948429,1257.5149351533246,9.956774158481721,0.007981010000000217,2,0.016669004159203932,take_profit
2021-11-29 14:04:00+00:00,2021-11-29 16:49:00+00:00,4360.83,4354.091019113462,4397.631929304596,0.2863738799312871,1248.1460848022962,1258.1075511865643,9.961466384268078,0.007981010000000083,2,0.013618967031505546,take_profit
2021-11-29 16:50:00+00:00,2021-11-29 17:13:00+00:00,4391.11,4391.11,4435.0211,0.2405629947189996,1057.3959677082546,1065.8350555004938,8.439087792239206,0.007981009999999952,1,0.0014187756626455642,take_profit
2021-11-29 17:14:00+00:00,2021-11-30 00:12:00+00:00,4431.98,4425.131067913785,4469.382378592923,0.2820217846587352,1249.232593715576,1259.2027315383457,9.97013782276963,0.007981009999999743,2,0.011486965193886223,take_profit
2021-11-30 00:13:00+00:00,2021-11-30 10:56:00+00:00,4469.36,4442.828377937019,4487.256661716388,0.3671531042944116,1632.8310618687506,1645.8627029018355,13.031641033084952,0.0079810099999999,3,0.027520718850126195,take_profit
2021-11-30 10:57:00+00:00,2021-11-30 11:34:00+00:00,4489.58,4489.58,4534.4758,0.2356365279223488,1058.9680110406593,1067.419645326455,8.451634285795762,0.00798101000000014,1,0.0063680789739797815,take_profit
2021-11-30 11:35:00+00:00,2021-11-30 11:52:00+00:00,4532.79,4532.79,4578.1179,0.2334833959133766,1059.3905927549492,1067.8455996696325,8.455006914683281,0.007981010000000097,1,0.0012486790696237537,take_profit
2021-11-30 11:53:00+00:00,2021-11-30 12:05:00+00:00,4579.54,4579.54,4625.3354,0.23119211312873844,1059.8133431006834,1068.2717239901035,8.458380889420141,0.007981010000000148,1,0.0022163798110726484,take_profit
2021-11-30 12:06:00+00:00,2021-11-30 14:02:00+00:00,4623.3,4616.155412769418,4662.316966897112,0.27096931055529455,1252.0885381523726,1262.0814692962522,9.99293114387956,0.007981010000000073,2,0.011948175545605904,take_profit
2021-11-30 14:03:00+00:00,2021-11-30 15:10:00+00:00,4667.85,4667.85,4714.5285,0.22701568662095953,1060.7359087023483,1069.2016525970607,8.465743894712432,0.007981009999999908,1,0.005989909701468564,take_profit
2021-11-30 15:11:00+00:00,2021-11-30 18:51:00+00:00,4717.62,4639.8141878351635,4686.212329713515,0.6005721992193713,2789.332743500906,2811.5944360201147,22.261692519208736,0.007981010000000205,5,0.041887646737125854,take_profit
2021-11-30 18:52:00+00:00,2021-12-01 00:53:00+00:00,4683.15,4675.9129239528265,4722.672053192355,0.268020065024022,1254.4929789034047,1264.5050999129624,10.012121009557632,0.007981009999999816,2,0.018118146973724835,take_profit
2021-12-01 00:54:00+00:00,2021-12-01 07:19:00+00:00,4730.27,4722.960107360716,4770.189708434324,0.2654752651172592,1255.084170810636,1265.1010101287172,10.016839318081338,0.007981009999999957,2,0.013756085804827338,take_profit
2021-12-01 07:20:00+00:00,2021-12-04 19:46:00+00:00,4755.48,4082.0509489340084,4122.8714584233485,2.944145657361328,12030.182757188935,12126.195766075889,96.01300888695368,0.0079810100000001,11,0.2632331541716083,take_profit
2021-12-04 19:47:00+00:00,2021-12-05 00:08:00+00:00,4124.63,4100.144810999866,4141.146259109865,0.40150735508574675,1647.8861847178232,1661.0379808369182,13.151796119095025,0.007981010000000139,3,0.022215325980754663,take_profit
2021-12-05 00:09:00+00:00,2021-12-05 03:58:00+00:00,4141.01,4134.610716551443,4175.956823716958,0.3049523952839409,1262.1215631421562,1272.1945679588093,10.07300481665311,0.007981009999999945,2,0.01854861495142499,take_profit
2021-12-05 03:59:00+00:00,2021-12-05 06:31:00+00:00,4172.2,4172.2,4213.922,0.25601993754171215,1069.2356190305618,1077.769199198401,8.533580167839318,0.0079810100000002,1,0.00776329035041451,take_profit
2021-12-05 06:32:00+00:00,2021-12-05 12:25:00+00:00,4208.73,4202.226065880438,4244.248326539242,0.3003067892260127,1263.2202376840976,1273.3020110332566,10.081773349158993,0.007981009999999868,2,0.011340713231782406,take_profit
2021-12-05 12:26:00+00:00,2021-12-06 16:40:00+00:00,4239.87,4122.099041016443,4163.320031426608,0.8694642631338836,3587.6054106729225,3616.2381253315575,28.632714658634995,0.007981010000000082,6,0.07520749456940895,take_profit
2021-12-06 16:41:00+00:00,2021-12-06 19:11:00+00:00,4160.99,4160.99,4202.5999,0.257276855848465,1071.5980224393436,1080.1504569724123,8.552434533068663,0.007981010000000035,1,0.0050612955090013415,take_profit
2021-12-06 19:12:00+00:00,2021-12-06 21:24:00+00:00,4206.67,4206.67,4248.7367,0.2545846521171927,1072.0256441659972,1080.5814915523424,8.555847386345249,0.007981009999999985,1,0.005450867313100455,take_profit
2021-12-06 21:25:00+00:00,2021-12-06 21:36:00+00:00,4248.69,4248.69,4291.1768999999995,0.2521673699655138,1072.4534365353143,1081.0126981368367,8.559261601522394,0.007981009999999707,1,0.0018758723277055623,take_profit
2021-12-06 21:37:00+00:00,2021-12-06 21:48:00+00:00,4292.96,4292.96,4335.8896,0.24966655133422508,1072.8813996153904,1081.4440767945348,8.56267717914443,0.007981010000000004,1,0.0020312325295367894,take_profit
2021-12-06 21:49:00+00:00,2021-12-07 01:22:00+00:00,4340.53,4340.53,4383.9353,0.2470288706542457,1073.3095334743475,1081.8756275941016,8.566094119754098,0.007981009999999997,1,0.008876796151621978,take_profit
2021-12-07 01:23:00+00:00,2021-12-07 08:45:00+00:00,4379.6,4372.832013013421,4416.560333143555,0.28968988963933556,1268.0332565177291,1278.1534426183298,10.120186100600677,0.00798101000000009,2,0.018497123024933834,take_profit
2021-12-07 08:46:00+00:00,2021-12-08 08:11:00+00:00,4412.67,4339.893605723774,4383.292541781012,0.6499935745921138,2823.7266848186728,2846.262875727477,22.5361909088042,0.007981009999999832,5,0.0355227107397562,take_profit
2021-12-08 08:12:00+00:00,2021-12-08 14:15:00+00:00,4378.32,4306.11012647955,4349.171227744346,0.6557802315008847,2826.6885841952585,2849.2484140526067,22.559829857348177,0.007981009999999992,5,0.03548621389025926,take_profit
2021-12-08 14:16:00+00:00,2021-12-08 14:27:00+00:00,4347.01,4347.01,4390.480100000001,0.24739353023690966,1076.4986485236725,1085.0901950025263,8.591546478853843,0.007981009999999933,1,0.00024154533805999568,take_profit
2021-12-08 14:28:00+00:00,2021-12-08 14:48:00+00:00,4385.69,4385.69,4429.546899999999,0.24530947185545887,1076.928225847615,1085.523200787387,8.594974939771873,0.007981009999999813,1,0.0030964340844883993,take_profit
2021-12-08 14:49:00+00:00,2021-12-09 00:03:00+00:00,4428.9,4422.055827572184,4466.276385847906,0.28743105160391563,1272.3084652355317,1282.4627718196612,10.154306584129472,0.007981010000000033,2,0.015556910293752318,take_profit
2021-12-09 00:04:00+00:00,2021-12-15 20:34:00+00:00,4467.66,4035.5509163080224,4075.9064254711025,2.2464164511470175,9074.602570406169,9147.027064266606,72.424493860437,0.007981009999999962,10,0.18442092728631987,take_profit
2021-12-15 20:35:00+00:00,2021-12-16 13:50:00+00:00,4068.46,4044.3082549854216,4084.751337535276,0.41216226019794266,1668.579811123112,1681.8967632814836,13.316952158371578,0.007981009999999946,3,0.022121392369594393,take_profit
2021-12-16 13:51:00+00:00,2021-12-18 10:21:00+00:00,4082.23,3926.5800721336554,3965.845872854992,1.1222615205669448,4411.0607831637435,4446.265503384782,35.20472022103877,0.00798101000000025,7,0.09363264686213173,take_profit
2021-12-18 10:22:00+00:00,2021-12-19 03:18:00+00:00,3968.14,3944.58378819943,3984.0296260814243,0.4235302577803378,1672.3229115638096,1685.6697374442297,13.346825880420056,0.007981010000000104,3,0.020979602534184783,take_profit
2021-12-19 03:19:00+00:00,2021-12-19 03:24:00+00:00,3983.97,3983.97,4023.8097,0.27196383486579817,1084.5803395298237,1093.2363860654145,8.656046535590804,0.007981009999999894,1,0.002296704041446004,take_profit
2021-12-19 03:25:00+00:00,2021-12-21 03:34:00+00:00,4010.57,3944.4252795490247,3983.869532344515,0.7223314698181404,2852.034544308785,2874.796660527259,22.762116218474148,0.007981010000000103,5,0.06422279127405833,take_profit
2021-12-21 03:35:00+00:00,2021-12-21 03:53:00+00:00,3971.73,3971.73,4011.4473000000003,0.27319709457084435,1086.151247667527,1094.8198316366743,8.668583969147221,0.007981010000000194,1,0.002701593512147104,take_profit
2021-12-21 03:54:00+00:00,2021-12-21 04:25:00+00:00,4004.29,4004.2899999999995,4044.3328999999994,0.27108378568713015,1086.5846768659844,1095.2567200378985,8.672043171914083,0.007981009999999901,1,0.0002797000217266709,take_profit
2021-12-21 04:26:00+00:00,2021-12-22 02:21:00+00:00,4043.17,4019.168384919455,4059.36006876865,0.4168615598638869,1677.1139162093523,1690.4989791457583,13.38506293640603,0.007981010000000016,3,0.020654585387208605,take_profit
2021-12-22 02:22:00+00:00,2021-12-23 17:48:00+00:00,4058.59,3991.653304972829,4031.5698380225576,0.7155444342700179,2859.0643702791094,2881.882591608951,22.818221329841435,0.007981010000000056,5,0.04074321377621295,take_profit
2021-12-23 17:49:00+00:00,2021-12-23 18:02:00+00:00,4030.73,4030.7300000000005,4071.0373000000004,0.2698616912555926,1088.8284432378928,1097.5183939316587,8.689950693765923,0.007981009999999879,1,0.00040191230868847353,take_profit
2021-12-23 18:03:00+00:00,2021-12-23 19:16:00+00:00,4072.7,4072.6999999999994,4113.427,0.26718729045395156,1089.262940772581,1097.9563591955164,8.693418422935338,0.007981009999999964,1,0.005062980332457557,take_profit
2021-12-23 19:17:00+00:00,2021-12-25 21:12:00+00:00,4116.26,4091.82449813106,4132.742743112371,0.4104688499664203,1681.247743756037,1694.6657988114314,13.418055055394461,0.007981010000000056,3,0.024072823388221382,take_profit
2021-12-25 21:13:00+00:00,2021-12-27 17:24:00+00:00,4131.12,4074.320128039949,4115.063329320348,0.60599815098487,2471.5019660787266,2491.22704798502,19.725081906293326,0.007981009999999737,4,0.0317395766765429,take_profit
2021-12-27 17:25:00+00:00,2022-03-28 13:36:00+00:00,4116.45,3337.925474717879,3371.304729465058,4.6412432074965295,15507.631568232217,15631.398130854594,123.76656262237702,0.007981010000000002,12,0.4755189544388976,take_profit
2022-03-28 13:37:00+00:00,2022-03-28 18:39:00+00:00,3370.19,3364.981898332656,3398.6317173159823,0.38480147180646934,1296.146133213747,1306.4906884643872,10.34455525064027,0.007981010000000018,2,0.010954871980511507,take_profit
2022-03-28 18:40:00+00:00,2022-03-29 05:45:00+00:00,3398.64,3378.4645314747236,3412.2491767894708,0.50095422013789,1694.1502148432853,1707.6712446494519,13.521029806166553,0.007981010000000085,3,0.024450956853329542,take_profit
2022-03-29 05:46:00+00:00,2022-03-29 09:16:00+00:00,3407.37,3407.3700000000003,3441.4437000000003,0.32213632201664194,1098.736375925771,1107.5054019293984,8.76902600362746,0.007981010000000111,1,0.00656518076991929,take_profit
2022-03-29 09:17:00+00:00,2022-03-29 11:55:00+00:00,3434.81,3434.8100000000004,3469.1581000000006,0.31969036202838774,1099.1748272259524,1107.9473525137912,8.77252528783879,0.007981010000000174,1,0.005761599622686543,take_profit
2022-03-29 11:56:00+00:00,2022-03-30 18:03:00+00:00,3466.74,3409.564449348544,3443.6600938420293,0.8468888436359867,2890.412506317475,2913.4809174345205,23.068411117045343,0.007981010000000177,5,0.03891263838649557,take_profit
2022-03-30 18:04:00+00:00,2022-04-01 14:11:00+00:00,3444.62,3348.9387171460576,3382.4281043175183,1.100796408363195,3690.1899015643908,3719.6413440706747,29.45144250628391,0.007981009999999863,6,0.06791460306216653,take_profit
2022-04-01 14:12:00+00:00,2022-04-01 14:58:00+00:00,3379.11,3379.11,3412.9011,0.32586604364028965,1102.2394461715107,1111.0364302138,8.796984042289296,0.007981010000000005,1,0.0025302520486164054,take_profit
2022-04-01 14:59:00+00:00,2022-04-01 15:16:00+00:00,3416.13,3416.13,3450.2913000000003,0.3224633184563384,1102.679295373625,1111.479789856795,8.800494483169814,0.007981009999999962,1,0.0012089703846165424,take_profit
2022-04-01 15:17:00+00:00,2022-04-01 18:04:00+00:00,3448.49,3443.160897925986,3477.592506905246,0.37797497553495996,1302.731387544049,1313.1284997753523,10.397112231303254,0.007981010000000248,2,0.012753408013362244,take_profit
2022-04-01 18:05:00+00:00,2022-04-02 00:51:00+00:00,3478.28,3472.904862139081,3507.633910760472,0.37491437820500506,1303.3453122662786,1313.747324236929,10.402011970650392,0.007981010000000077,2,0.014912542981013703,take_profit
2022-04-02 00:52:00+00:00,2022-04-03 15:03:00+00:00,3504.42,3483.616585866891,3518.45275172556,0.4885315086573402,1703.5600263035885,1717.1561559091178,13.596129605529313,0.007981010000000064,3,0.026341020768058606,take_profit
2022-04-03 15:04:00+00:00,2022-04-03 22:02:00+00:00,3516.65,3511.2155673037823,3546.32772297682,0.37122687515407676,1304.7623453879198,1315.1756667140844,10.413321326164578,0.007981010000000104,2,0.010598154493623188,take_profit
2022-04-03 22:03:00+00:00,2022-04-03 22:27:00+00:00,3543.28,3543.2799999999997,3578.7128,0.31164750996410434,1105.359748854466,1114.181636063671,8.821887209204988,0.007981010000000005,1,0.0036773836671107557,take_profit
2022-04-03 22:28:00+00:00,2022-04-05 12:26:00+00:00,3571.74,3512.8327265142943,3547.9610537794374,0.8266177332457643,2906.676502164948,2929.874716395492,23.19821423054418,0.007981010000000245,5,0.04641155291258602,take_profit
2022-04-05 12:27:00+00:00,2024-01-10 19:12:00+00:00,3548.96,2438.7581283214345,2463.145709604649,9.068991142091416,22139.215078529058,22315.90837546295,176.69329693389227,0.007981010000000049,13,0.7516004688697534,take_profit
2024-01-10 19:13:00+00:00,2024-01-10 19:44:00+00:00,2457.01,2457.01,2481.5801,0.45367321392846377,1115.795418773148,1124.7005931683307,8.905174395182712,0.007981010000000028,1,0.005295053744185094,take_profit
2024-01-10 19:45:00+00:00,2024-01-10 21:05:00+00:00,2479.41,2464.691389492192,2489.3383033871137,0.698049950533436,1722.1999024176278,1735.9447970608219,13.74489464319413,0.00798101000000001,3,0.02759124146470324,take_profit
2024-01-10 21:06:00+00:00,2024-01-10 21:11:00+00:00,2495.09,2495.09,2520.0409,0.44720270383146166,1116.9279222250668,1125.842135141624,8.91421291655729,0.007981009999999828,1,0.0022804788604820084,take_profit
2024-01-10 21:12:00+00:00,2024-01-10 22:18:00+00:00,2521.54,2517.6433542090276,2542.819787751118,0.5236029499159535,1319.5650521522948,1330.0965140291728,10.531461876877984,0.007981009999999998,2,0.01131847997652227,take_profit
2024-01-10 22:19:00+00:00,2024-01-10 23:05:00+00:00,2539.52,2539.52,2564.9152,0.43976117760788414,1117.9002059647387,1126.8221786875454,8.921972722806686,0.007981010000000042,1,0.0044732862903226304,take_profit
2024-01-10 23:06:00+00:00,2024-01-10 23:10:00+00:00,2568.02,2568.02,2593.7002,0.4350542278861839,1118.346304600879,1127.2718376413616,8.925533040482605,0.00798100999999995,1,0.0006269421577714065,take_profit
2024-01-10 23:11:00+00:00,2024-01-10 23:16:00+00:00,2589.5,2589.5,2615.395,0.4316176052024137,1118.7925812529031,1127.7216760318083,8.92909477890521,0.00798100999999998,1,0.0007337323807685232,take_profit
2024-01-10 23:17:00+00:00,2024-01-10 23:19:00+00:00,2614.5,2614.5,2640.645,0.42766104301237584,1119.2390359918484,1128.1716939304897,8.932657938641341,0.007981010000000035,1,0.003786574870912255,take_profit
2024-01-10 23:20:00+00:00,2024-01-11 10:41:00+00:00,2622.5,2606.9319591932253,2633.0012787851574,0.6619994476196138,1727.5150319998322,1741.3023467453736,13.78731474554138,0.007981010000000231,3,0.021540514775977036,take_profit
2024-01-11 10:42:00+00:00,2024-01-11 11:45:00+00:00,2632.21,2632.21,2658.5321,0.42521480413471235,1120.3750346260572,1129.316758981158,8.94172435510086,0.007981009999999957,1,0.001983124446757764,take_profit
2024-01-11 11:46:00+00:00,2024-01-11 14:49:00+00:00,2658.46,2654.3517657584384,2680.8952834160227,0.49816830298848225,1323.6375522345973,1334.2015167753568,10.56396454075957,0.007981009999999794,2,0.015603018288783738,take_profit
2024-01-11 14:50:00+00:00,2024-01-12 11:29:00+00:00,2681.62,2637.3931182211645,2663.7670494033764,1.1164819686437188,2947.549410129092,2971.073831446826,23.524421317733868,0.007981009999999825,5,0.04162409289906843,take_profit
2024-01-12 11:30:00+00:00,2024-01-12 13:35:00+00:00,2659.72,2659.72,2686.3172,0.4216248378011972,1122.526540136737,1131.4854356788337,8.958895542096798,0.007981010000000089,1,0.009670190847156769,take_profit
2024-01-12 13:36:00+00:00,2024-01-12 14:59:00+00:00,2685.57,2685.57,2712.4257000000002,0.41773311082151204,1122.974484913842,1131.9369555076842,8.962470593842227,0.007981010000000004,1,0.008590355120142152,take_profit
2024-01-12 15:00:00+00:00,2024-02-09 08:50:00+00:00,2705.75,2444.0516717477235,2468.492188465201,3.865994486772576,9458.148436800799,9533.63401405639,75.48557725559112,0.007981009999999955,10,0.19871754596692223,take_profit
2024-02-09 08:51:00+00:00,2024-02-09 11:50:00+00:00,2468.98,2468.98,2493.6698,0.456087003709632,1127.1968873063136,1136.1930569358742,8.996169629560654,0.007981010000000082,1,0.002823028133075116,take_profit
2024-02-09 11:51:00+00:00,2024-02-09 12:08:00+00:00,2492.87,2492.87,2517.7987,0.451896428250171,1127.6466957877915,1136.646455343341,8.999759555549417,0.007981010000000085,1,0.0,take_profit
2024-02-09 12:09:00+00:00,2024-02-11 04:00:00+00:00,2511.01,2507.129626677511,2532.2009229442865,0.5308446049263602,1332.2284646374337,1342.8609933359899,10.632528698556143,0.007981010000000104,2,0.015706827133304947,take_profit
2024-02-11 04:01:00+00:00,2024-02-12 15:34:00+00:00,2535.89,2520.8361052425194,2546.0444662949444,0.6900769685723948,1741.3122500236234,1755.2096805041847,13.897430480561297,0.00798101000000015,3,0.025194310478766774,take_profit
2024-02-12 15:35:00+00:00,2024-02-12 17:23:00+00:00,2543.99,2543.99,2569.4298999999996,0.4434741718885689,1129.3231817245248,1138.3363213311002,9.01313960657535,0.007981010000000089,1,0.0028930931332275963,take_profit
2024-02-12 17:24:00+00:00,2024-02-12 17:27:00+00:00,2567.5,2567.5,2593.175,0.4395887302302429,1129.7738387048535,1138.7905750092955,9.01673630444202,0.007981010000000175,1,0.0,take_profit
2024-02-12 17:28:00+00:00,2024-02-12 18:24:00+00:00,2592.65,2592.65,2618.5765,0.43549821643667885,1130.2246755200756,1139.245009957648,9.020334437572501,0.00798101000000002,1,0.002264092723661077,take_profit
2024-02-12 18:25:00+00:00,2024-02-12 20:54:00+00:00,2617.16,2617.16,2643.3316,0.43159188454267694,1130.6756922419543,1139.6996262484943,9.023934006540003,0.007981010000000038,1,0.003266899998471522,take_profit
2024-02-12 20:55:00+00:00,2024-02-13 00:05:00+00:00,2644.04,2644.04,2670.4804,0.42737468497198944,1131.1268889422813,1140.1544239541984,9.027535011917053,0.007981009999999837,1,0.005805509750230673,take_profit
2024-02-13 00:06:00+00:00,2024-02-14 08:17:00+00:00,2671.4,2634.670208090281,2661.016910171184,0.972548980501148,2564.910735570521,2585.381313800217,20.470578229696002,0.007981010000000125,4,0.030470914127423854,take_profit
2024-02-14 08:18:00+00:00,2024-02-14 08:54:00+00:00,2662.77,2662.77,2689.3977,0.4249218643779813,1132.6017946043617,1141.641100853117,9.039306248755338,0.007981009999999983,1,0.00251993225100179,take_profit
2024-02-14 08:55:00+00:00,2024-02-14 09:04:00+00:00,2692.01,2692.01,2718.9301,0.4204741832893944,1133.0537599167994,1142.096673305233,9.04291338843359,0.007981010000000012,1,0.00011144089360744644,take_profit
2024-02-14 09:05:00+00:00,2024-02-14 10:17:00+00:00,2723.85,2723.85,2751.0885,0.41572494802600546,1133.5059055862212,1142.5524275537637,9.046521967542503,0.007981009999999837,1,0.004570736274023834,take_profit
2024-02-14 10:18:00+00:00,2024-02-14 21:54:00+00:00,2753.4,2753.4,2780.934,0.4114274255294958,1133.9582316845983,1143.0083636712554,9.050131986657107,0.007981010000000009,1,0.009755211738214618,take_profit
2024-02-14 21:55:00+00:00,2024-02-15 00:33:00+00:00,2781.52,2781.52,2809.3352,0.40743058742904853,1134.410738283931,1143.4644817302824,9.053743446351291,0.007981009999999872,1,0.006420949696568828,take_profit
2024-02-15 00:34:00+00:00,2024-02-15 14:31:00+00:00,2813.15,2808.8027165514436,2836.8907437169582,0.47667265372336864,1340.2196643483317,1350.9159708916925,10.696306543360834,0.007981010000000116,2,0.01916001635177651,take_profit
2024-02-15 14:32:00+00:00,2024-02-18 09:02:00+00:00,2840.0,2793.161020483181,2821.092630688013,1.0674253573401287,2984.4753757735516,3008.294503592354,23.81912781880237,0.007981009999999965,5,0.042602112676056264,take_profit
2024-02-18 09:03:00+00:00,2024-02-18 19:31:00+00:00,2819.35,2814.993135420903,2843.143066775112,0.4763476841121134,1342.2577185678117,1352.9702908422787,10.712572274466993,0.007981010000000077,2,0.011867983755120874,take_profit
2024-02-18 19:32:00+00:00,2024-02-18 22:12:00+00:00,2843.22,2843.22,2871.6522,0.3995426667518842,1137.1248257880802,1146.2002303939432,9.075404605863014,0.007981010000000077,1,0.00919028425517535,take_profit
2024-02-18 22:13:00+00:00,2024-02-19 04:33:00+00:00,2871.46,2871.46,2900.1746000000003,0.39577114688080456,1137.5785960183734,1146.6576221689822,9.079026150608797,0.007981010000000175,1,0.005060143620318653,take_profit
2024-02-19 04:34:00+00:00,2024-02-19 06:16:00+00:00,2899.2,2899.2,2928.192,0.3921407680665625,1138.0325473259038,1147.1151964664375,9.082649140533704,0.007981010000000168,1,0.005625689845474595,take_profit
2024-02-19 06:17:00+00:00,2024-02-19 18:06:00+00:00,2926.19,2921.668030906873,2950.8847112159415,0.45972165297648176,1344.4985551722225,1355.2290115860374,10.730456413814863,0.007981009999999854,2,0.013724330955952912,take_profit
2024-02-19 18:07:00+00:00,2024-02-19 22:05:00+00:00,2950.73,2946.1701081740543,2975.631809255795,0.45611318476940077,1345.1321630747527,1355.8676763195738,10.73551324482105,0.007981009999999865,2,0.010404205061120407,take_profit
2024-02-19 22:06:00+00:00,2024-02-20 13:14:00+00:00,2975.24,2926.1705614726684,2955.4322670873953,1.0226401101195892,2995.414800013123,3019.3212354861757,23.906435473052625,0.007981009999999964,5,0.03383928691466902,take_profit
2024-02-20 13:15:00+00:00,2024-02-20 13:36:00+00:00,2960.0,2960.0,2989.6,0.3850049137633363,1140.7553000395149,1149.8596794966832,9.104379457168307,0.007981009999999946,1,0.002378378378378366,take_profit
2024-02-20 13:37:00+00:00,2024-02-20 19:49:00+00:00,2979.9,2938.9285592154783,2968.3178448076333,0.8792854426993747,2586.743843094712,2607.3886715738895,20.644828479177704,0.007981010000000146,4,0.03168898285177365,take_profit
2024-02-20 19:50:00+00:00,2024-02-20 22:51:00+00:00,2970.01,2970.01,2999.7101000000002,0.38420763488200227,1142.242760436332,1151.3590113298021,9.116250893470124,0.007981010000000134,1,0.001272722987464756,take_profit
2024-02-20 22:52:00+00:00,2024-02-20 23:16:00+00:00,2999.0,2999.0,3028.9900000000002,0.38064550663822083,1142.6985729810053,1151.8184617189524,9.119888737947122,0.00798100999999999,1,0.0014538179393131468,take_profit
2024-02-20 23:17:00+00:00,2024-02-22 08:07:00+00:00,3031.86,2981.8567505500487,3011.6753180555493,1.0067078408000436,3004.8634343556296,3028.8452794738564,23.98184511822683,0.007981010000000068,5,0.05404603114919558,take_profit
2024-02-22 08:08:00+00:00,2024-02-22 20:29:00+00:00,3009.48,2991.6147159400675,3021.530863099468,0.5895841580691061,1765.5742177824554,1779.6652832703192,14.091065487863716,0.007981009999999865,3,0.02661257094248845,take_profit
2024-02-22 20:30:00+00:00,2024-02-24 17:45:00+00:00,3022.02,2972.1790377185157,3001.900828095701,1.011667667776909,3009.8673026067154,3033.8890836474925,24.021781040777114,0.007981009999999964,5,0.03837499420917128,take_profit
2024-02-24 17:46:00+00:00,2024-02-25 02:24:00+00:00,3004.58,3004.58,3034.6258,0.3811225005485777,1146.259302000246,1155.407608952103,9.148306951856966,0.007981009999999986,1,0.008710036011688847,take_profit
2024-02-25 02:25:00+00:00,2024-02-25 14:37:00+00:00,3035.08,3035.08,3065.4308,0.3774430989069451,1146.7167173478388,1155.868674936159,9.151957588320329,0.007981010000000047,1,0.008131581375120206,take_profit
2024-02-25 14:38:00+00:00,2024-02-25 20:05:00+00:00,3062.32,3057.587663277756,3088.1635399105335,0.44263767052397474,1354.758238935044,1365.5705779875673,10.812339052523384,0.007981010000000302,2,0.011246375297160341,take_profit
2024-02-25 20:06:00+00:00,2024-02-25 20:15:00+00:00,3089.02,3089.02,3119.9102,0.3711750708145953,1147.714932179881,1156.8748565307578,9.159924350876736,0.007981009999999811,1,0.000547099079967127,take_profit
2024-02-25 20:16:00+00:00,2024-02-26 15:32:00+00:00,3114.8,3096.309501046733,3127.2725960572006,0.5715498842771036,1771.4668038131697,1785.604898089071,14.138094275901267,0.00798101000000018,3,0.0251091562861179,take_profit
2024-02-26 15:33:00+00:00,2024-02-26 16:02:00+00:00,3124.77,3124.77,3156.0177,0.3673009383980609,1148.87983311122,1158.0490545480789,9.169221436858834,0.007981009999999875,1,0.004678744355584536,take_profit
2024-02-26 16:03:00+00:00,2024-02-26 19:43:00+00:00,3146.99,3146.99,3178.4599,0.36485306781682814,1149.338294183063,1158.5111746023208,9.172880419257808,0.007981009999999861,1,0.008576449241974008,take_profit
2024-02-26 19:44:00+00:00,2024-02-27 01:48:00+00:00,3180.85,3180.85,3212.6585,0.361113268863927,1149.796938204026,1158.973479065802,9.176540861775948,0.007981010000000203,1,0.006548564063064881,take_profit
2024-02-27 01:49:00+00:00,2024-02-27 02:06:00+00:00,3209.0,3209.0,3241.09,0.3580883482336764,1150.2557652471146,1159.4359680121097,9.180202764995101,0.007981010000000198,1,0.0006949205359925268,take_profit
2024-02-27 02:07:00+00:00,2024-02-27 10:51:00+00:00,3240.99,3235.9815567303776,3268.3413722976816,0.41952662295341864,1358.9393537884303,1369.7850623604093,10.845708571979003,0.007981010000000002,2,0.011916112052181554,take_profit
2024-02-27 10:52:00+00:00,2024-02-28 07:50:00+00:00,3267.26,3262.210960553071,3294.8330701586015,0.4163495873544495,1359.57976705649,1370.4305867731653,10.850819716675232,0.00798100999999979,2,0.019447488109302722,take_profit
2024-02-28 07:51:00+00:00,2024-02-28 08:55:00+00:00,3298.95,3298.95,3331.9395,0.34879213149577815,1151.799601799797,1160.9921259397572,9.192524139960142,0.007981009999999952,1,0.004895497052092222,take_profit
2024-02-28 08:56:00+00:00,2024-02-28 09:59:00+00:00,3329.76,3329.76,3363.0576,0.3457026839107888,1152.259228006795,1161.4554204281094,9.196192421314436,0.007981009999999934,1,0.008090673201672208,take_profit
2024-02-28 10:00:00+00:00,2024-02-28 15:15:00+00:00,3359.58,3339.6364047536226,3373.032768801159,0.5320047169151992,1778.4808009115561,1792.6748739684394,14.194073056883326,0.007981010000000106,3,0.0244197191315581,take_profit
2024-02-28 15:16:00+00:00,2024-02-28 16:46:00+00:00,3374.49,3374.49,3408.2349,0.34146650680233875,1153.4287412807048,1162.6342675991534,9.20552631844862,0.007981009999999915,1,0.00873909835263989,take_profit
2024-02-28 16:47:00+00:00,2024-02-28 17:07:00+00:00,3411.41,3411.41,3445.5241,0.3379057716835651,1153.8890175966274,1163.0982173849563,9.209199788328988,0.007981010000000111,1,0.004590477251341778,take_profit
2024-02-28 17:08:00+00:00,2024-02-28 17:13:00+00:00,3445.42,3445.4199999999996,3479.8741999999997,0.33470378882936125,1154.3494775860438,1163.5623523101526,9.212874724108815,0.007981009999999848,1,0.0012828624666949378,take_profit
2024-02-28 17:14:00+00:00,2024-02-29 00:18:00+00:00,3464.63,3368.3928989513356,3402.076827940849,1.1481713110389093,3871.363454337444,3902.2608447801463,30.89739044270209,0.007981010000000104,6,0.08326141608194822,take_profit
2024-02-29 00:19:00+00:00,2024-02-29 00:35:00+00:00,3405.01,3405.01,3439.0601,0.3392643886078278,1156.3549908443842,1165.5838715898633,9.228880745479046,0.007981010000000092,1,0.0009074863216261172,take_profit
2024-02-29 00:36:00+00:00,2024-02-29 05:56:00+00:00,3440.87,3435.5526734444893,3469.9082001789343,0.39725165284888847,1366.1451230983394,1377.0483409872384,10.903217888899007,0.007981009999999948,2,0.014795676674794414,take_profit
2024-02-29 05:57:00+00:00,2024-02-29 11:31:00+00:00,3468.01,3468.01,3502.6901000000003,0.33339126305296907,1157.3615957761035,1166.5985102456084,9.236914469504882,0.007981009999999863,1,0.0073500364762501364,take_profit
2024-02-29 11:32:00+00:00,2024-03-03 22:20:00+00:00,3511.74,3453.822282419579,3488.3605052437747,0.880293757879296,3043.4216176560344,3067.7111960207635,24.289578364729095,0.007981010000000035,5,0.060294896547010826,take_profit
2024-03-03 22:21:00+00:00,2024-03-04 00:29:00+00:00,3490.94,3490.94,3525.8494,0.3316811181221668,1159.0379204178148,1168.2882136510486,9.250293233233833,0.007981010000000042,1,0.008576486562358578,take_profit
2024-03-04 00:30:00+00:00,2024-03-04 08:45:00+00:00,3526.2,3505.2672924717444,3540.319965396462,0.5098483042129754,1788.9435284083352,1803.2211045979973,14.277576189662113,0.007981009999999948,3,0.029045431342521588,take_profit
2024-03-04 08:46:00+00:00,2024-03-04 15:11:00+00:00,3536.6,3515.6055545787453,3550.761610124533,0.508661984038061,1790.0449414286809,1804.3313080066728,14.286366577991885,0.007981010000000094,3,0.021933495447604964,take_profit
2024-03-04 15:12:00+00:00,2024-03-04 18:57:00+00:00,3553.79,3553.79,3589.3278999999998,0.3263467181757059,1160.9286322178596,1170.1940152408768,9.265383023017193,0.007981010000000115,1,0.007138857388872131,take_profit
2024-03-04 18:58:00+00:00,2024-03-04 23:04:00+00:00,3591.81,3591.8100000000004,3627.7281000000003,0.32302112569084707,1161.3919013690104,1170.6609817477556,9.26908037874523,0.007981010000000123,1,0.009329558077960627,take_profit
2024-03-04 23:05:00+00:00,2024-03-05 03:41:00+00:00,3624.6,3624.6,3660.846,0.3202266457078187,1161.8553553879476,1171.1281345978525,9.272779209904911,0.007981010000000127,1,0.004797770788500765,take_profit
2024-03-05 03:42:00+00:00,2024-03-05 04:01:00+00:00,3661.93,3661.9300000000003,3698.5493,0.31708871424470003,1162.3189943484429,1171.5954738655278,9.276479517084908,0.007981010000000037,1,0.0007318545138765177,take_profit
2024-03-05 04:02:00+00:00,2024-03-05 11:26:00+00:00,3704.39,3698.66544448963,3735.6520989345263,0.37089538572258235,1373.1911378305983,1384.1505900335358,10.959452202937428,0.007981010000000031,2,0.01697715413333906,take_profit
2024-03-05 11:27:00+00:00,2024-03-05 13:21:00+00:00,3736.0,3736.0,3773.36,0.31107266063798433,1163.330790934444,1172.6153456101997,9.284554675755771,0.007981010000000056,1,0.0032226980728051295,take_profit
2024-03-05 13:22:00+00:00,2024-03-05 15:01:00+00:00,3775.06,3775.06,3812.8106,0.3079768861023569,1163.7950186682317,1173.083278350173,9.288259681941327,0.007981009999999985,1,0.007711135717048239,take_profit
2024-03-05 15:02:00+00:00,2024-03-06 04:54:00+00:00,3809.17,3599.0896426103463,3635.08053903645,1.7850947954577017,6431.147336746195,6482.474387952239,51.327051206044416,0.007981009999999948,8,0.15992197775368389,take_profit
2024-03-06 04:55:00+00:00,2024-03-06 05:08:00+00:00,3637.07,3637.07,3673.4407,0.32049395761654803,1166.825784212631,1176.1382324646897,9.31244825205863,0.007981009999999811,1,0.0019246261413720385,take_profit
2024-03-06 05:09:00+00:00,2024-03-06 05:14:00+00:00,3678.18,3678.18,3714.9618,0.31703834918862284,1167.291406625234,1176.6075710144241,9.316164389190135,0.007981010000000064,1,0.0006416216715874896,take_profit
2024-03-06 05:15:00+00:00,2024-03-06 05:29:00+00:00,3714.66,3714.66,3751.8066,0.3140501304641203,1167.7572148446936,1177.0770968539414,9.319882009247749,0.007981010000000087,1,0.0039034528059095587,take_profit
2024-03-06 05:30:00+00:00,2024-03-06 06:12:00+00:00,3741.99,3741.9899999999993,3779.409899999999,0.3118808403379515,1168.223208945156,1177.5468100579792,9.323601112823098,0.007981009999999759,1,0.00454036488606324,take_profit
2024-03-06 06:13:00+00:00,2024-03-06 08:11:00+00:00,3784.36,3778.5118633590887,3816.29698199268,0.36490195078863724,1380.1665165342745,1391.1816393043998,11.015122770125345,0.007981010000000097,2,0.011502605460368517,take_profit
2024-03-06 08:12:00+00:00,2024-03-06 11:18:00+00:00,3831.05,3825.129711264742,3863.3810083773897,0.360624663867402,1380.8169333073674,1391.8372470602628,11.02031375289539,0.007981009999999969,2,0.011226687200636958,take_profit
2024-03-06 11:19:00+00:00,2024-03-06 14:10:00+00:00,3877.24,3823.930791950273,3862.1700998697756,0.6927100014866029,2651.5266312077483,2672.688491766683,21.161860558934677,0.007981009999999745,4,0.031527581475482507,take_profit
2024-03-06 14:11:00+00:00,2024-03-06 17:56:00+00:00,3859.01,3795.364897765775,3833.3185467434328,0.8100889684576112,3077.6608958471506,3102.223738233516,24.562842386365446,0.007981010000000123,5,0.034985656943102045,take_profit
2024-03-06 17:57:00+00:00,2024-03-06 19:29:00+00:00,3833.25,3833.2499999999995,3871.5824999999995,0.3054602018074059,1172.0773959742128,1181.431757392257,9.354361418044164,0.00798101000000001,1,0.0012678536489924026,take_profit
2024-03-06 19:30:00+00:00,2024-03-07 14:38:00+00:00,3877.31,3813.3630832146628,3851.4967140468093,0.8074333337041958,3082.118585490016,3106.7170047419972,24.59841925198134,0.007981009999999893,5,0.036703281398701666,take_profit
2024-03-07 14:39:00+00:00,2024-03-07 18:46:00+00:00,3847.05,3841.104985766572,3879.5160356242377,0.36051767785674477,1386.1724222948242,1397.2354782588834,11.063055964059231,0.007981010000000012,2,0.01729377055146156,take_profit
2024-03-07 18:47:00+00:00,2024-03-07 20:32:00+00:00,3879.0,3878.9999999999995,3917.7899999999995,0.30243718989897167,1174.328187805917,1183.700512816078,9.372325010160921,0.007981010000000018,1,0.006849703531838145,take_profit
2024-03-07 20:33:00+00:00,2024-03-08 08:37:00+00:00,3917.45,3911.3961935746242,3950.5101555103706,0.3543470503140568,1387.379082885683,1398.4517692199847,11.072686334301807,0.007981010000000247,2,0.019770513982309876,take_profit
2024-03-08 08:38:00+00:00,2024-03-08 15:30:00+00:00,3951.79,3951.79,3991.3079,0.29712486947301525,1175.3504383731402,1184.7309219753004,9.380483602160211,0.007981009999999827,1,0.007394117602402911,take_profit
2024-03-08 15:31:00+00:00,2024-03-08 17:48:00+00:00,3991.63,3925.7976493631263,3965.0556258567576,0.7864986926878808,3090.7254444256796,3115.392555104896,24.66711067921642,0.007981010000000203,5,0.042997472210600705,take_profit
2024-03-08 17:49:00+00:00,2024-03-11 07:14:00+00:00,3973.09,3907.5634221378596,3946.639056359238,0.7909976387395228,3093.9674075435196,3118.6603923627986,24.69298481927899,0.007981010000000028,5,0.06295855366981375,take_profit
2024-03-11 07:15:00+00:00,2024-03-11 07:35:00+00:00,3947.34,3947.3399999999997,3986.8133999999995,0.2982031392940169,1178.2874673281726,1187.6913913877934,9.40392405962075,0.007981009999999941,1,0.004658833543601596,take_profit
2024-03-11 07:36:00+00:00,2024-03-11 09:55:00+00:00,3987.38,3987.3800000000006,4027.2538000000004,0.29532648151608887,1178.7576635311536,1188.1653402313725,9.407676700218872,0.007981010000000083,1,0.008213413319021513,take_profit
2024-03-11 09:56:00+00:00,2024-03-11 18:20:00+00:00,4029.07,4029.07,4069.3607,0.29238728027033495,1179.2280473661647,1188.6394782044745,9.411430838309798,0.007981009999999969,1,0.007483116451190992,take_profit
2024-03-11 18:21:00+00:00,2024-03-13 03:22:00+00:00,4070.13,4003.0029803870457,4043.0330101909162,0.7738743081334006,3100.9220839869527,3125.6705741484734,24.74849016152075,0.007981010000000012,5,0.05924872178529926,take_profit
2024-03-13 03:23:00+00:00,2024-03-13 08:29:00+00:00,4042.06,4042.06,4082.4806,0.29186976625105515,1180.936043416156,1190.361105788021,9.425062371864897,0.007981010000000103,1,0.0032062859037223683,take_profit
2024-03-13 08:30:00+00:00,2024-03-20 23:41:00+00:00,4076.04,3498.8272371859357,3533.815509557795,3.8165396611517375,13366.779697936017,13473.46010037304,106.68040243702308,0.007981009999999907,11,0.2501153079950148,take_profit
2024-03-20 23:42:00+00:00,2024-03-21 08:08:00+00:00,3531.63,3510.665058167996,3545.771708749676,0.5210241690686145,1830.9723171273265,1845.585325500043,14.613008372716422,0.007981010000000031,3,0.02411351132479912,take_profit
2024-03-21 08:09:00+00:00,2024-03-21 08:50:00+00:00,3548.03,3548.03,3583.5103000000004,0.3343501873175146,1187.4719670752365,1196.9491927191839,9.47722564394735,0.007981010000000182,1,0.004985865395726658,take_profit
2024-03-21 08:51:00+00:00,2024-03-25 04:49:00+00:00,3583.13,3446.510082446177,3480.975183270639,1.4035795812544356,4842.293471780777,4880.939864401993,38.646392621216364,0.00798100999999985,7,0.09297178723629902,take_profit
2024-03-25 04:50:00+00:00,2024-03-25 14:09:00+00:00,3480.9,3475.5208133387555,3510.276021472143,0.40390615331397417,1405.1894319102219,1416.4042628181917,11.214830907969827,0.00798101000000002,2,0.014622655060472892,take_profit
2024-03-25 14:10:00+00:00,2024-03-25 14:21:00+00:00,3507.45,3507.45,3542.5245,0.3390635506263409,1190.4388895338932,1199.9397942156522,9.500904681759039,0.00798101000000012,1,2.8510741421156485e-06,take_profit
2024-03-25 14:22:00+00:00,2024-03-25 15:00:00+00:00,3539.95,3539.95,3575.3495,0.3360846963469013,1190.9139347679811,1200.4186307905038,9.504696022522694,0.007981010000000075,1,0.002415288351530312,take_profit
2024-03-25 15:01:00+00:00,2024-03-25 16:38:00+00:00,3572.61,3572.6099999999997,3608.3360999999995,0.33314517408828226,1191.3891695691073,1200.8976584453299,9.5084888762226,0.007981009999999882,1,0.005547764799404403,take_profit
2024-03-25 16:39:00+00:00,2024-03-25 17:22:00+00:00,3611.61,3611.61,3647.7261000000003,0.3296792093883076,1191.8645940129186,1201.3768772563817,9.512283243463116,0.007981010000000061,1,0.005263580508415975,take_profit
2024-03-25 17:23:00+00:00,2024-03-26 07:23:00+00:00,3636.8,3631.1798942659616,3667.491693208621,0.3873916885702086,1408.097007749632,1419.3350440494519,11.238036299819896,0.007981010000000004,2,0.019338429388473487,take_profit
2024-03-26 07:24:00+00:00,2024-03-27 13:11:00+00:00,3669.94,3609.413153349312,3645.507284882805,0.8678676122439296,3135.6284034025025,3160.6538850463417,25.025481643839157,0.00798100999999992,5,0.0373248608969084,take_profit
2024-03-27 13:12:00+00:00,2024-03-31 06:38:00+00:00,3648.68,3588.503785991751,3624.388823851669,0.8738401117141159,3138.917466704264,3163.9691983952052,25.051731690941324,0.007981009999999976,5,0.0555735224793624,take_profit
2024-03-31 06:39:00+00:00,2024-04-07 23:41:00+00:00,3623.98,3424.1130962984175,3458.354227261402,1.926511042459002,6603.194885532917,6655.895049946305,52.70016441338794,0.007981010000000132,8,0.11622304758856286,take_profit
2024-04-07 23:42:00+00:00,2024-04-08 08:04:00+00:00,3458.25,3452.905815372102,3487.434873525823,0.4093405938977498,1414.8293464838941,1426.1211136464756,11.291767162581436,0.007981010000000009,2,0.015004698908407395,take_profit
2024-04-08 08:05:00+00:00,2024-04-08 08:14:00+00:00,3489.0,3489.0,3523.89,0.3431948872652292,1198.6055672356201,1208.1716502537834,9.566083018163226,0.007981010000000057,1,0.001771281169389463,take_profit
2024-04-08 08:15:00+00:00,2024-04-08 08:16:00+00:00,3537.04,3537.04,3572.4104,0.3386687138158295,1199.0838713865282,1208.653771754903,9.569900368374647,0.007981010000000042,1,0.0006898423540587764,take_profit
2024-04-08 08:17:00+00:00,2024-04-08 08:54:00+00:00,3562.92,3562.92,3598.5492,0.33634288842818305,1199.562366404947,1209.1360856468484,9.573719241901472,0.007981009999999938,1,0.0021611487207123014,take_profit
2024-04-08 08:55:00+00:00,2024-04-08 11:29:00+00:00,3604.2,3604.2,3640.2419999999997,0.33262333147846274,1200.0410523670423,1209.6185920063942,9.577539639351926,0.007981010000000031,1,0.005182842239609299,take_profit
2024-04-08 11:30:00+00:00,2024-04-08 13:26:00+00:00,3635.66,3635.66,3672.0166,0.3298766687258052,1200.5199293490098,1210.1012909103438,9.581361561334006,0.00798101000000022,1,0.00339140623710686,take_profit
2024-04-08 13:27:00+00:00,2024-04-08 18:40:00+00:00,3670.48,3664.8078470923138,3701.455925563237,0.3866244458168735,1418.3226255329282,1429.6422725905327,11.31964705760447,0.00798100999999994,2,0.015932521087160267,take_profit
2024-04-08 18:41:00+00:00,2024-05-20 19:30:00+00:00,3701.03,3343.0688565789433,3376.4995451447326,3.0229460363873457,10116.032782147442,10196.768940942085,80.73615879464342,0.00798100999999969,10,0.23886053341907526,take_profit
2024-05-20 19:31:00+00:00,2024-05-20 19:37:00+00:00,3405.34,3405.34,3439.3934000000004,0.35367868874531455,1205.6017877196891,1215.223707643498,9.621919923808946,0.007981010000000191,1,0.007206328883459497,take_profit
2024-05-20 19:38:00+00:00,2024-05-20 20:00:00+00:00,3443.48,3423.038346174523,3457.2687296362683,0.5430709768426264,1860.8135920187851,1875.664763904823,14.851171886037946,0.007981010000000054,3,0.02038635334022553,take_profit
2024-05-20 20:01:00+00:00,2024-05-20 20:34:00+00:00,3456.01,3450.669276941846,3485.1759697112643,0.4126092829656661,1425.203379490119,1436.577941913863,11.37456242374401,0.007981009999999702,2,0.010312470160676712,take_profit
2024-05-20 20:35:00+00:00,2024-05-20 20:35:00+00:00,3495.41,3495.41,3530.3641,0.3450773374971569,1207.3941704313686,1217.030395379523,9.63622494815445,0.007981009999999993,1,0.00018881905127005258,take_profit
2024-05-20 20:36:00+00:00,2024-05-20 21:33:00+00:00,3542.59,3521.5599959269125,3556.7755958861817,0.5286624416695875,1863.5800860186832,1878.453337320999,14.873251302315794,0.007981009999999905,3,0.02158872463367198,take_profit
2024-05-20 21:34:00+00:00,2024-05-20 21:36:00+00:00,3552.69,3552.6899999999996,3588.2168999999994,0.3398582551811861,1208.619644243892,1218.2656497107987,9.646005466906672,0.007981009999999775,1,0.00197315273778467,take_profit
2024-05-20 21:37:00+00:00,2024-05-20 21:52:00+00:00,3569.3,3569.3,3604.9930000000004,0.33841168928717685,1209.1019445172376,1218.7517992274493,9.649854710211685,0.007981010000000137,1,0.002877314879668277,take_profit
2024-05-20 21:53:00+00:00,2024-05-20 21:57:00+00:00,3599.21,3599.21,3635.2021,0.33573335615746097,1209.5844372527479,1219.2381427423065,9.65370548955866,0.007981010000000089,1,0.0038897424712645273,take_profit
2024-05-20 21:58:00+00:00,2024-05-20 22:22:00+00:00,3641.01,3641.01,3677.4201000000003,0.3320114625899678,1210.067122527226,1219.7246803327869,9.657557805560828,0.007981009999999844,1,0.008027992232924386,take_profit
2024-05-20 22:23:00+00:00,2024-05-21 00:32:00+00:00,3671.14,3665.4668271655146,3702.12149543717,0.38962903517915615,1429.601905254957,1441.011572356816,11.409667101858986,0.007981010000000085,2,0.017531339039099484,take_profit
2024-05-21 00:33:00+00:00,2024-05-21 10:14:00+00:00,3701.22,3679.2483149685977,3716.040798118284,0.507363772041527,1868.5858892491492,1883.4990919171057,14.913202667956512,0.007981010000000085,3,0.02078774025861732,take_profit
2024-05-21 10:15:00+00:00,2024-05-21 11:22:00+00:00,3724.01,3724.0099999999998,3761.2500999999997,0.32509426069266434,1211.866143905995,1221.5380597191702,9.671915813175247,0.00798101000000005,1,0.006087523932535109,take_profit
2024-05-21 11:23:00+00:00,2024-05-21 11:48:00+00:00,3763.07,3763.07,3800.7007000000003,0.32184822231767063,1212.3497396966536,1222.02551509267,9.675775396016434,0.007981010000000037,1,0.002410266085935197,take_profit
2024-05-21 11:49:00+00:00,2024-05-21 22:21:00+00:00,3813.92,3751.0185490285967,3788.5287345188826,0.8490577957298109,3188.0195605403937,3213.4631765332624,25.443615992868672,0.007981010000000057,5,0.034935184796744616,take_profit
2024-05-21 22:22:00+00:00,2024-05-22 15:42:00+00:00,3785.8,3723.3623208962063,3760.595944105168,0.8562616098817599,3191.363578642314,3216.8338832770937,25.470304634779495,0.007981009999999811,5,0.03503882930952509,take_profit
2024-05-22 15:43:00+00:00,2024-05-23 04:45:00+00:00,3761.59,3755.7770508336725,3793.3348213420095,0.38177710352204497,1435.3049889307786,1446.7601724004849,11.455183469706299,0.007981009999999907,2,0.01621388827596847,take_profit
2024-05-23 04:46:00+00:00,2024-05-23 07:40:00+00:00,3794.75,3794.75,3832.6975,0.3201096334903883,1215.9519836713223,1225.656508612523,9.704524941200816,0.007981010000000129,1,0.00931286646024116,take_profit
2024-05-23 07:41:00+00:00,2024-05-23 11:19:00+00:00,3824.19,3824.19,3862.4319,0.3177720700876431,1216.4372099183822,1226.145607455113,9.708397536730672,0.00798100999999997,1,0.008694651677871654,take_profit
2024-05-23 11:20:00+00:00,2024-05-23 11:52:00+00:00,3863.92,3863.92,3902.5592,0.3146301443004575,1216.9226297952189,1226.634901472841,9.712271677622084,0.007981010000000118,1,0.0016770533551419332,take_profit
2024-05-23 11:53:00+00:00,2024-05-23 12:25:00+00:00,3907.22,3907.22,3946.2922,0.31126755983428644,1217.4082433790998,1227.1243907435908,9.716147364491007,0.007981009999999983,1,0.0003992608555443373,take_profit
2024-05-23 12:26:00+00:00,2024-05-23 20:00:00+00:00,3939.19,3721.9388815081106,3759.1582703231916,1.8056952453311994,6727.414756509026,6781.106320954873,53.69156444584678,0.0079810100000001,8,0.1120001827786931,take_profit
2024-05-23 20:01:00+00:00,2024-05-23 20:01:00+00:00,3652.04,3652.04,3688.5604,0.33388408953369814,1220.5786289696166,1230.3200792132093,9.74145024359268,0.007981009999999903,1,0.008261136241662215,take_profit
2024-05-23 20:02:00+00:00,2024-05-23 20:02:00+00:00,3675.12,3675.12,3711.8712,0.33191967494403296,1221.0657014817962,1230.8110390559796,9.745337574183395,0.007981010000000135,1,0.0016353207514311814,take_profit
2024-05-23 20:03:00+00:00,2024-05-23 20:35:00+00:00,3738.5,3716.3070083675393,3753.4700784512147,0.5066311896868265,1884.681722613351,1899.7233862883452,15.041663674994197,0.007981009999999903,3,0.027107128527484325,take_profit
2024-05-23 20:36:00+00:00,2024-05-23 21:02:00+00:00,3751.57,3751.57,3789.0857,0.32548579567826563,1222.3050515442553,1232.0602803836805,9.755228839425172,0.007981009999999964,1,0.008375160266235223,take_profit
2024-05-23 21:03:00+00:00,2024-05-23 21:10:00+00:00,3852.44,3846.486656364376,3884.9515229280196,0.37504771306997553,1444.0600839075435,1455.5851418778104,11.525057970266971,0.00798101000000002,2,0.018128770337760003,take_profit
2024-05-23 21:11:00+00:00,2024-05-26 14:46:00+00:00,3899.56,3791.2418391097076,3829.1542575008048,1.0806743882136496,4101.199154204079,4133.930865665773,32.73171146169443,0.007981010000000033,6,0.07012586035347579,take_profit
2024-05-26 14:47:00+00:00,2024-05-26 15:00:00+00:00,3829.6,3829.6000000000004,3867.896,0.31955834703529523,1225.0056514578246,1234.782433812166,9.776782354341321,0.007981009999999926,1,0.0,take_profit
2024-05-26 15:01:00+00:00,2024-05-27 02:16:00+00:00,3868.4,3862.4219926799515,3901.046212606751,0.3743255886054925,1447.250636489211,1458.8011582915378,11.550521802326784,0.007981010000000018,2,0.013186330265742998,take_profit
2024-05-27 02:17:00+00:00,2024-05-27 08:24:00+00:00,3901.33,3901.33,3940.3433,0.31395599568582827,1226.072016665658,1235.857309691387,9.785293025728834,0.00798101000000004,1,0.003234794288101722,take_profit
2024-05-27 08:25:00+00:00,2024-05-27 15:40:00+00:00,3940.63,3934.5403725091505,3973.8857762342423,0.3677842436693228,1448.5104655552486,1460.0710420659498,11.56057651070114,0.007981010000000031,2,0.01432765826784043,take_profit
2024-05-27 15:41:00+00:00,2024-07-15 20:34:00+00:00,3974.03,3411.2629918730004,3445.3756217917303,4.066036712637511,13884.20476618348,13995.014743264435,110.80997708095492,0.007981009999999776,11,0.29290921306582995,take_profit
2024-07-15 20:35:00+00:00,2024-07-15 22:40:00+00:00,3443.36,3443.36,3477.7936,0.35762950408540806,1232.6798089965273,1242.5178388789266,9.838029882399269,0.007981009999999915,1,0.007649505134519814,take_profit
2024-07-15 22:41:00+00:00,2024-07-16 15:20:00+00:00,3474.21,3416.911249638335,3451.0803621347186,0.9477092637791827,3241.479924718272,3267.350208412248,25.870283693976035,0.00798101000000008,5,0.036745044197098,take_profit
2024-07-16 15:21:00+00:00,2024-07-16 15:53:00+00:00,3445.66,3445.66,3480.1166,0.35790842957537033,1234.465224675346,1244.317503978132,9.852279302785973,0.00798100999999983,1,0.0048756987050375625,take_profit
2024-07-16 15:54:00+00:00,2024-07-17 01:16:00+00:00,3480.79,3475.410983326555,3510.1650931598206,0.41922177852007725,1458.4263999182872,1470.066115600299,11.63971568201191,0.007981010000000042,2,0.01909911255778143,take_profit
2024-07-17 01:17:00+00:00,2024-07-18 13:12:00+00:00,3509.5,3451.6192258400433,3486.135418098444,0.9399811405540122,3247.704681344625,3273.6246448834836,25.91996353885861,0.007981010000000106,5,0.03803960678159282,take_profit
2024-07-18 13:13:00+00:00,2024-07-19 14:20:00+00:00,3486.8,3429.293607824211,3463.5865439024533,0.9470930649999283,3251.1113051240177,3277.058456961326,25.94715183730841,0.007981010000000177,5,0.034300791556728334,take_profit
2024-07-19 14:21:00+00:00,2024-07-19 17:23:00+00:00,3468.89,3468.89,3503.5789,0.3565679646841499,1238.1331801933943,1248.0147334858495,9.881553292455237,0.007981009999999964,1,0.008420561044022739,take_profit
2024-07-19 17:24:00+00:00,2024-07-19 19:23:00+00:00,3503.69,3503.69,3538.7269,0.35316726953587757,1238.627257858017,1248.5127543892543,9.885496531237322,0.007981009999999927,1,0.003975808362041116,take_profit
2024-07-19 19:24:00+00:00,2024-07-21 20:26:00+00:00,3537.67,3479.324629342512,3514.117875635937,0.9351994092312854,3257.119457342321,3283.114560302564,25.995102960243003,0.007981009999999806,5,0.035692984365415646,take_profit
2024-07-21 20:27:00+00:00,2024-07-22 00:45:00+00:00,3515.0,3515.0,3550.15,0.3525407870682102,1240.4212878325914,1250.3211025349963,9.89981470240491,0.007981010000000097,1,0.00698435277382651,take_profit
2024-07-22 00:46:00+00:00,2024-07-23 08:50:00+00:00,3548.77,3490.2415615000345,3525.143977115035,0.9336245588161262,3261.837075092269,3287.869829406952,26.032754314682734,0.007981010000000179,5,0.03562642831178122,take_profit
2024-07-23 08:51:00+00:00,2024-07-29 04:04:00+00:00,3525.79,3331.338394195883,3364.651778137842,2.0577055136157485,6861.7751566133165,6916.5390527559985,54.763896142681915,0.007981009999999922,8,0.1243012204357037,take_profit
2024-07-29 04:05:00+00:00,2024-07-29 22:14:00+00:00,3364.6,3318.339216193965,3351.5226083559046,0.8495450387338357,2821.90051847198,2844.42213472891,22.521616256929974,0.00798100999999997,4,0.031682815193485085,take_profit
2024-07-29 22:15:00+00:00,2024-07-30 13:19:00+00:00,3351.53,3331.634192257338,3364.9505341799113,0.5764751388427856,1922.526810365286,1937.8705160640793,15.343705698793201,0.00798100999999987,3,0.02065623759894735,take_profit
2024-07-30 13:20:00+00:00,2024-07-31 13:40:00+00:00,3365.44,3309.9351495686324,3343.0345010643186,0.9891901405946014,3277.4326486094187,3303.589871352296,26.157222742877366,0.007981009999999728,5,0.03929946752876302,take_profit
2024-07-31 13:41:00+00:00,2024-08-12 23:19:00+00:00,3344.88,2712.2788232273783,2739.401611459652,6.5325084295488915,17735.71999601581,17877.268954661213,141.5489586454023,0.007981010000000009,12,0.3688861782784435,take_profit
2024-08-12 23:20:00+00:00,2024-08-13 22:00:00+00:00,2748.98,2703.642176791498,2730.678598559413,1.219160799721009,3299.4740324490217,3325.807167696737,26.33313524771529,0.007981009999999795,5,0.05005856717764412,take_profit
2024-08-13 22:01:00+00:00,2024-08-14 10:37:00+00:00,2730.73,2726.510083773892,2753.7751846116307,0.5437146122622544,1483.927300328577,1495.770538951772,11.84323862319502,0.007981009999999759,2,0.016453475810497498,take_profit
2024-08-14 10:38:00+00:00,2024-08-14 12:29:00+00:00,2754.49,2750.2333664091093,2777.7357000732004,0.5392785960895417,1484.6266153710894,1496.4754352346324,11.848819863542985,0.007981010000000113,2,0.010459286474084112,take_profit
2024-08-14 12:30:00+00:00,2024-08-20 05:17:00+00:00,2771.17,2665.5090228856834,2692.16411311454,1.921450825775965,5126.771284421402,5167.688097310083,40.91681288868131,0.007981010000000245,7,0.09218488941494027,take_profit
2024-08-20 05:18:00+00:00,2024-08-23 05:26:00+00:00,2692.98,2648.565762303097,2675.051419926128,1.2490212745086866,3311.426410462348,3337.8549377585114,26.428527296163338,0.00798100999999977,5,0.05821060683703563,take_profit
2024-08-23 05:27:00+00:00,2024-08-23 14:15:00+00:00,2674.6,2670.4668239121593,2697.1714921512807,0.5571361253396337,1489.302841964423,1501.1889828391693,11.886140874746388,0.00798100999999994,2,0.010386599865400338,take_profit
2024-08-23 14:16:00+00:00,2024-08-23 17:46:00+00:00,2696.0,2679.9956385071246,2706.795594892196,0.7256252151610492,1946.6190308532587,1962.155016804689,15.535985951430348,0.007981010000000094,3,0.02343100890207718,take_profit
2024-08-23 17:47:00+00:00,2024-08-23 18:00:00+00:00,2706.7,2706.7,2733.767,0.4659592289414265,1262.474319295054,1272.5501394620912,10.075820167037136,0.007981010000000092,1,0.00019950493220525497,take_profit
2024-08-23 18:01:00+00:00,2024-08-23 20:15:00+00:00,2734.99,2734.99,2762.3399,0.46132349010164664,1262.9781103034059,1273.0579512315187,10.079840928112844,0.007981010000000205,1,0.00832909809542256,take_profit
2024-08-23 20:16:00+00:00,2024-08-23 22:04:00+00:00,2757.66,2757.66,2785.2365999999997,0.457713648617836,1263.4821023498114,1273.5659656434862,10.083863293674767,0.00798100999999992,1,0.0029952931108257596,take_profit
2024-08-23 22:05:00+00:00,2024-08-24 16:26:00+00:00,2780.4,2763.894611760093,2791.533557877694,0.7048749709682036,1950.1502845080781,1965.71445343024,15.564168922161798,0.00798100999999999,3,0.020446698316788917,take_profit
2024-08-24 16:27:00+00:00,2024-09-20 05:18:00+00:00,2799.29,2528.54454558133,2553.8299910371434,4.206951580793331,10648.112585725456,10733.095278753257,84.98269302780136,0.007981010000000061,10,0.2317516227329072,take_profit
2024-09-20 05:19:00+00:00,2024-09-21 00:22:00+00:00,2553.25,2549.3043513623425,2574.797394875966,0.587276302455541,1498.6446779798775,1510.6053761412818,11.960698161404252,0.007981010000000047,2,0.014510917458141655,take_profit
2024-09-21 00:23:00+00:00,2024-09-21 23:39:00+00:00,2578.99,2575.0045742171615,2600.754619959333,0.5816888998168463,1499.350928728456,1511.317263484147,11.966334755690923,0.007981009999999886,2,0.019395189589723104,take_profit
2024-09-21 23:40:00+00:00,2024-09-22 00:07:00+00:00,2602.15,2602.15,2628.1715,0.4876505121793864,1270.2099902578482,1280.3475488921958,10.13755863434767,0.007981009999999907,1,8.454547201362514e-05,take_profit
2024-09-22 00:08:00+00:00,2024-09-23 01:07:00+00:00,2625.8,2582.493735065049,2608.3186724156994,1.2920960226024638,3340.170053526857,3366.827984125756,26.65793059889893,0.007981010000000165,5,0.03854825196130712,take_profit
2024-09-23 01:08:00+00:00,2024-09-23 02:38:00+00:00,2611.99,2611.99,2638.1099,0.48651706742935125,1272.0497647195104,1282.2020066122348,10.152241892724305,0.007981010000000193,1,0.005126359595557362,take_profit
2024-09-23 02:39:00+00:00,2024-09-23 03:11:00+00:00,2637.4,2637.4,2663.7740000000003,0.4820219987250066,1272.5573768141467,1282.7136699640744,10.156293149927706,0.007981010000000182,1,0.004894972321225566,take_profit
2024-09-23 03:12:00+00:00,2024-09-23 15:49:00+00:00,2662.6,2658.4853680357865,2685.0702217161443,0.5649555034853371,1503.4293689760357,1515.4282538041268,11.99888482809115,0.007981009999999813,2,0.011699091113948807,take_profit
2024-09-23 15:50:00+00:00,2024-09-24 22:13:00+00:00,2679.4,2642.5602139541434,2668.9858160936847,1.091398908558105,2886.9743076162413,2910.015278435069,23.040970818827645,0.007981009999999775,4,0.03278345898335454,take_profit
2024-09-24 22:14:00+00:00,2024-09-26 14:23:00+00:00,2669.98,2625.94509206679,2652.204542987458,1.2748160992657904,3350.948027181914,3377.691976896333,26.74394971441916,0.00798101000000001,5,0.04341980089738494,take_profit
2024-09-26 14:24:00+00:00,2024-09-27 08:24:00+00:00,2651.16,2647.0630467669785,2673.533677234648,0.5687701620335762,1507.0775555783246,1519.1055566201708,12.02800104184621,0.00798101000000003,2,0.01630984172965788,take_profit
2024-09-27 08:25:00+00:00,2024-09-27 14:25:00+00:00,2673.88,2669.7479365595777,2696.4454159251736,0.5642030740034744,1507.787780401748,1519.8214497550123,12.033669353264258,0.007981010000000068,2,0.012184540817089744,take_profit
2024-09-27 14:26:00+00:00,2024-09-27 16:34:00+00:00,2692.0,2692.0,2718.92,0.4740267859562431,1277.357465259466,1287.5520679632764,10.19460270381046,0.007981010000000007,1,0.005018573551263082,take_profit
2024-09-27 16:35:00+00:00,2024-10-14 14:23:00+00:00,2716.84,2567.002970366115,2592.673000069776,2.747030825638255,7058.694984084767,7115.030499339698,56.335515254930215,0.007981009999999978,8,0.14974750077295687,take_profit
2024-10-14 14:24:00+00:00,2024-10-14 14:41:00+00:00,2595.87,2595.87,2621.8287,0.49286107824592346,1280.6839711574028,1290.9051227380496,10.221151580646847,0.007981009999999926,1,0.00042375003370735405,take_profit
2024-10-14 14:42:00+00:00,2024-10-15 13:55:00+00:00,2631.0,2626.934200894673,2653.2035429036196,0.575392139177376,1513.030319650647,1525.105829762082,12.075510111435051,0.007981010000000026,2,0.01938046370201436,take_profit
2024-10-15 13:56:00+00:00,2024-10-15 14:01:00+00:00,2659.07,2659.07,2685.6607000000004,0.4815657374336759,1281.7988042420068,1292.0288533166502,10.230049074643375,0.007981009999999903,1,0.001308728239572489,take_profit
2024-10-15 14:02:00+00:00,2024-10-18 18:33:00+00:00,2684.32,2640.0485882054268,2666.449074087481,1.275458946305699,3370.644234743085,3397.545380087012,26.901145343927055,0.007981010000000044,5,0.05474757107945402,take_profit
2024-10-18 18:34:00+00:00,2024-10-20 14:08:00+00:00,2664.49,2660.3724473363154,2686.976171809679,0.5692510926626965,1515.9358583943235,1528.0345576395275,12.098699245203989,0.007981010000000203,2,0.012561503327090663,take_profit
2024-10-20 14:09:00+00:00,2024-10-20 14:30:00+00:00,2687.49,2687.49,2714.3648999999996,0.4773882093054377,1284.2602989251957,1294.5099932135208,10.249694288325145,0.007981010000000132,1,0.0006288395491702666,take_profit
2024-10-20 14:31:00+00:00,2024-10-20 22:03:00+00:00,2712.99,2708.797498169987,2735.885473151687,0.5595612899702542,1517.2554778220176,1529.36470896307,12.109231141052305,0.007981010000000004,2,0.010221195065223081,take_profit
2024-10-20 22:04:00+00:00,2024-10-21 00:16:00+00:00,2732.96,2732.96,2760.2896,0.469854248489355,1285.3782451966642,1295.6368618253612,10.258616628696927,0.00798100999999992,1,0.006147181078391261,take_profit
2024-10-21 00:17:00+00:00,2024-10-29 10:39:00+00:00,2760.8,2608.53852291146,2634.6239081405747,2.720264563653817,7103.017924726641,7159.707181814065,56.68925708742427,0.00798101000000024,8,0.13699290060851926,take_profit
2024-10-29 10:40:00+00:00,2024-10-29 16:51:00+00:00,2631.2,2631.2,2657.5119999999997,0.48929648572650797,1288.72563888247,1299.0109710936474,10.28533221117732,0.007981009999999952,1,0.00755168744299175,take_profit
2024-10-29 16:52:00+00:00,2024-10-30 06:09:00+00:00,2658.41,2642.6287853723015,2669.0550732260244,0.7519496854982561,1989.1129970463874,2004.9881277669442,15.875130720556854,0.007981009999999832,3,0.02209967612219334,take_profit
2024-10-30 06:10:00+00:00,2024-10-30 13:51:00+00:00,2670.67,2670.67,2697.3767000000003,0.48255442580589425,1290.0336620290568,1300.3294335860471,10.295771556990303,0.00798100999999983,1,0.006605084117468602,take_profit
2024-10-30 13:52:00+00:00,2024-11-06 02:56:00+00:00,2696.41,2547.699709708667,2573.1767068057534,2.7953118067403704,7128.743822400052,7185.638398134064,56.894575734012506,0.007981009999999926,8,0.1256559647828037,take_profit
2024-11-06 02:57:00+00:00,2024-11-06 03:04:00+00:00,2574.34,2574.34,2600.0834,0.501914970910685,1293.3931793936067,1303.7157632922788,10.322583898672065,0.007981009999999919,1,0.004109791247465341,take_profit
2024-11-06 03:05:00+00:00,2024-11-06 03:07:00+00:00,2605.0,2605.0,2631.05,0.496205527554684,1293.9093085885404,1304.2360117194785,10.326703130938085,0.007981009999999891,1,0.004863723608445326,take_profit
2024-11-06 03:08:00+00:00,2024-11-06 07:34:00+00:00,2629.5,2613.8904048421678,2640.0293088905896,0.7632748231537592,1997.113850349563,2013.0528359603416,15.938985610778445,0.00798101000000004,3,0.026050579958166953,take_profit
2024-11-06 07:35:00+00:00,2024-11-06 12:16:00+00:00,2631.27,2615.649897527687,2641.8063965029637,0.7632309995681167,1998.3434292395377,2014.2922281317328,15.9487988921951,0.007981010000000028,3,0.022905289080938095,take_profit
2024-11-06 12:17:00+00:00,2024-11-06 15:26:00+00:00,2642.8,2638.7159658397723,2665.10312549817,0.5794513034175235,1530.5379436981839,1542.753182332218,12.215238634034222,0.007981009999999724,2,0.013167852277887157,take_profit
2024-11-06 15:27:00+00:00,2024-11-06 20:10:00+00:00,2665.94,2661.8202065880437,2688.438408653924,0.5746924459605001,1531.259224455622,1543.4802196385947,12.220995182972729,0.007981010000000108,2,0.012250838353451261,take_profit
2024-11-06 20:11:00+00:00,2024-11-06 22:48:00+00:00,2693.81,2693.81,2720.7481,0.48108240849073447,1297.2418446610866,1307.595144795745,10.353300134658411,0.007981009999999872,1,0.00911719831762446,take_profit
2024-11-06 22:49:00+00:00,2024-11-07 01:07:00+00:00,2728.1,2723.8841480276537,2751.1229895079305,0.5620868977748522,1532.592182845806,1544.8238163830204,12.231633537214293,0.007981010000000056,2,0.010487152230490132,take_profit
2024-11-07 01:08:00+00:00,2024-11-07 01:15:00+00:00,2750.81,2750.81,2778.3181,0.47152392213687444,1298.3710913446803,1308.7334040084131,10.362312663732837,0.007981010000000023,1,0.00029445872306700405,take_profit
2024-11-07 01:16:00+00:00,2024-11-07 01:25:00+00:00,2778.41,2778.41,2806.1940999999997,0.4670262192300233,1298.889206977867,1309.255654727649,10.366447749782083,0.007981009999999737,1,0.0013065026399990119,take_profit
2024-11-07 01:26:00+00:00,2024-11-07 01:36:00+00:00,2806.85,2806.85,2834.9184999999998,0.46247862259685796,1299.4075293653561,1309.7781138512962,10.370584485940071,0.0079810099999999,1,0.00022445089691294838,take_profit
2024-11-07 01:37:00+00:00,2024-11-07 02:52:00+00:00,2834.0,2829.6204961366407,2857.9167010980073,0.5419863282985933,1535.150773953495,1547.402827631926,12.252053678430912,0.007981010000000214,2,0.01092448835568103,take_profit
2024-11-07 02:53:00+00:00,2024-11-07 17:18:00+00:00,2859.61,2842.634394596201,2871.060738542163,0.7051694095995202,2006.5453631078008,2022.5596217162176,16.014258608416867,0.00798100999999994,3,0.029238252768734242,take_profit
2024-11-07 17:19:00+00:00,2024-11-07 19:02:00+00:00,2867.32,2862.8890052867023,2891.5178953395693,0.5362705329217424,1536.8198323932902,1549.0852068438194,12.26537445052918,0.007981010000000004,2,0.010434831131509588,take_profit
2024-11-07 19:03:00+00:00,2024-11-08 00:08:00+00:00,2891.96,2887.49092801952,2916.3658372997156,0.5319519845318753,1537.5440735513214,1549.8152281777752,12.271154626453836,0.007981010000000002,2,0.014166862612207726,take_profit
2024-11-08 00:09:00+00:00,2024-11-08 00:21:00+00:00,2924.0,2924.0,2953.2400000000002,0.44502860275553596,1302.566200657845,1312.9619945309576,10.395793873112552,0.007981010000000219,1,0.0002735978112175725,take_profit
2024-11-08 00:22:00+00:00,2024-11-08 18:39:00+00:00,2949.79,2932.279055827868,2961.6018463861465,0.684950175001631,2010.4755279708863,2026.521153264377,16.04562529349073,0.007981009999999903,3,0.02148966536600906,take_profit
2024-11-08 18:40:00+00:00,2024-11-09 00:44:00+00:00,2961.13,2956.554036600244,2986.1195769662468,0.5202983303735024,1539.8299588610068,1552.119357160976,12.289398299969207,0.00798100999999995,2,0.015308345125002929,take_profit
2024-11-09 00:45:00+00:00,2024-11-09 05:42:00+00:00,2986.81,2982.1943521756807,3012.0162956974377,0.5160679959804693,1540.5556185701478,1552.8508083675122,12.2951897973644,0.007981009999999913,2,0.011082057445903794,take_profit
2024-11-09 05:43:00+00:00,2024-11-09 06:06:00+00:00,3021.41,3021.41,3051.6241,0.43152448145733974,1305.1175010210418,1315.5336568478658,10.416155826824024,0.007981010000000061,1,9.92913904426918e-06,take_profit
2024-11-09 06:07:00+00:00,2024-11-09 19:01:00+00:00,3045.51,3040.80364050427,3071.2116769093127,0.5065617365972783,1541.8966694546236,1554.2025621925077,12.30589273788405,0.007981010000000004,2,0.018036387994129155,take_profit
2024-11-09 19:02:00+00:00,2024-11-09 22:46:00+00:00,3081.19,3081.19,3112.0019,0.4235205715473007,1306.2536034492769,1316.6788265209416,10.425223071664732,0.007981010000000014,1,0.006228113164069744,take_profit
2024-11-09 22:47:00+00:00,2024-11-09 22:58:00+00:00,3107.0,3107.0,3138.07,0.42016996773036935,1306.7748646028604,1317.2042478650046,10.429383262144256,0.007981010000000139,1,0.0006115223688445739,take_profit
2024-11-09 22:59:00+00:00,2024-11-10 04:33:00+00:00,3141.45,3136.595380235868,3167.9613340382266,0.49171495723407166,1543.8547179712377,1556.1762379139134,12.32151994267565,0.007981010000000014,2,0.01201674386031928,take_profit
2024-11-10 04:34:00+00:00,2024-11-10 05:25:00+00:00,3171.41,3171.41,3203.1241,0.41199482165766593,1307.9124097631013,1318.350871784545,10.438462021443684,0.00798101000000021,1,0.003954077208560219,take_profit
2024-11-10 05:26:00+00:00,2024-11-10 17:51:00+00:00,3209.76,3204.799817812119,3236.84781599024,0.48166922423532366,1545.1986407157858,1557.5308865193247,12.332245803538854,0.007981009999999844,2,0.014561836398983175,take_profit
2024-11-10 17:52:00+00:00,2024-11-10 22:22:00+00:00,3238.19,3184.783832717758,3216.6316710449355,1.0793489164791328,3440.9339129771483,3468.3960409459587,27.462127968810364,0.007981010000000179,5,0.05224832390934443,take_profit
2024-11-10 22:23:00+00:00,2024-11-11 10:19:00+00:00,3221.99,3168.8510128121848,3200.5395229403066,1.0859136841998336,3444.5432212244777,3472.034155118503,27.490933894025147,0.00798101000000011,5,0.03630985819322834,take_profit
2024-11-11 10:20:00+00:00,2024-11-11 15:20:00+00:00,3206.32,3187.28620758834,3219.1590696642234,0.6343622090307038,2023.9178372961303,2040.0707457947688,16.152908498638453,0.007981009999999834,3,0.020840090820629306,take_profit
2024-11-11 15:21:00+00:00,2024-11-11 15:33:00+00:00,3211.57,3211.57,3243.6857,0.4083029911939492,1312.606243672424,1323.082167229236,10.47592355681195,0.007981009999999922,1,0.0014198662959237834,take_profit
2024-11-11 15:34:00+00:00,2024-11-11 16:22:00+00:00,3241.01,3241.01,3273.4201000000003,0.40475558847717663,1313.1300398502644,1323.61014382961,10.480103979345586,0.007981010000000172,1,0.008793555095479496,take_profit
2024-11-11 16:23:00+00:00,2024-11-11 16:24:00+00:00,3277.0,3277.0,3309.77,0.4004700613378647,1313.6540450492319,1324.1383311193104,10.484286070078497,0.007981010000000097,1,0.00024107415318888118,take_profit
2024-11-11 16:25:00+00:00,2024-11-11 19:06:00+00:00,3310.03,3304.914866205775,3337.9640148678327,0.4691285631251584,1551.9819443784688,1564.3683277963728,12.386383417903971,0.00798100999999998,2,0.015993812744899607,take_profit
2024-11-11 19:07:00+00:00,2024-11-11 20:51:00+00:00,3335.93,3330.7748418056117,3364.082590223668,0.4657056364266866,1552.7133308279067,1565.1055514483776,12.39222062047088,0.007981010000000031,2,0.01326166915972451,take_profit
2024-11-11 20:52:00+00:00,2024-11-11 23:21:00+00:00,3365.91,3345.928827747595,3379.3881160250708,0.6059517133541581,2029.5008067414662,2045.698272975078,16.19746623361175,0.00798101000000002,3,0.025523558265075377,take_profit
2024-11-11 23:22:00+00:00,2024-11-12 06:42:00+00:00,3379.04,3323.3108502301006,3356.5439587324017,1.0400282157995129,3459.796850962937,3487.40952422844,27.612673265503417,0.007981009999999915,5,0.03865594961882662,take_profit
2024-11-12 06:43:00+00:00,2024-11-12 08:53:00+00:00,3365.0,3365.0,3398.65,0.3911709030707519,1317.60769652961,1328.1235367316897,10.515840202079744,0.00798100999999997,1,0.004873699851411617,take_profit
2024-11-12 08:54:00+00:00,2024-11-12 09:02:00+00:00,3401.51,3401.51,3435.5251000000003,0.38712670403766986,1318.133488539714,1328.6535250930845,10.520036553370346,0.007981010000000002,1,0.001966773579968912,take_profit
2024-11-12 09:03:00+00:00,2024-11-21 12:25:00+00:00,3433.13,3243.7887058689575,3276.2265929276473,2.243284161676704,7284.023851553158,7342.157718752644,58.133867199485394,0.007981010000000155,8,0.12193828954918692,take_profit
2024-11-21 12:26:00+00:00,2024-11-21 12:42:00+00:00,3274.36,3274.36,3307.1036000000004,0.40320692212940223,1321.566183727357,1332.1136166553467,10.547432927989803,0.007981009999999946,1,0.0020126070438192946,take_profit
2024-11-21 12:43:00+00:00,2024-11-21 13:11:00+00:00,3313.59,3313.59,3346.7259000000004,0.39859230074281443,1322.0935553737563,1332.6451972601299,10.551641886373545,0.007981010000000031,1,0.009068713992980478,take_profit
2024-11-21 13:12:00+00:00,2024-11-21 16:44:00+00:00,3343.27,3297.3024880594426,3330.275512940037,0.9083010474557094,2997.941244927636,3021.867843982816,23.92659905517985,0.00798100999999998,4,0.03182213820600785,take_profit
2024-11-21 16:45:00+00:00,2024-11-21 18:56:00+00:00,3334.0,3334.0,3367.34,0.39666876123377715,1323.817467420834,1334.3828678664943,10.565400445660316,0.007981009999999974,1,0.006283743251349675,take_profit
2024-11-21 18:57:00+00:00,2024-11-22 04:21:00+00:00,3375.17,3355.1338572774825,3388.6851958502575,0.6083909289992535,2043.2762806265227,2059.5836890549663,16.307408428443523,0.007981010000000215,3,0.02097079554511334,take_profit
2024-11-22 04:22:00+00:00,2024-11-22 04:30:00+00:00,3389.99,3389.99,3423.8898999999997,0.39051323064571714,1325.161107864539,1335.7372319180172,10.576124053478225,0.007981010000000196,1,0.0011091478145952537,take_profit
2024-11-22 04:31:00+00:00,2024-11-23 08:29:00+00:00,3420.98,3364.5591506523074,3398.2047421588304,1.034663325790009,3484.670631262387,3512.4818224171986,27.811191154811695,0.007981010000000078,5,0.04777578354740456,take_profit
2024-11-23 08:30:00+00:00,2024-11-23 13:49:00+00:00,3400.89,3395.634456283042,3429.5908008458723,0.4610777886591379,1567.2188450428016,1579.726834317277,12.507989274475449,0.007981010000000255,2,0.01713963109656589,take_profit
2024-11-23 13:50:00+00:00,2024-11-23 14:22:00+00:00,3438.31,3438.31,3472.6931,0.3857645666666439,1327.705873088677,1338.3023069388564,10.596433850179437,0.007981009999999981,1,0.003495903510736374,take_profit
2024-11-23 14:23:00+00:00,2024-11-25 09:26:00+00:00,3470.8,3413.5574893989533,3447.693064292943,1.0217701169951487,3491.362397710545,3519.226995920297,27.86459820975233,0.007981010000000142,5,0.05456955168837158,take_profit
2024-11-25 09:27:00+00:00,2024-11-25 09:49:00+00:00,3447.44,3447.44,3481.9144,0.38530019253909614,1329.6289246916733,1340.240706435927,10.611781744253676,0.007981010000000139,1,0.0011950896897407616,take_profit
2024-11-25 09:50:00+00:00,2024-11-25 10:37:00+00:00,3478.22,3478.22,3513.0022,0.38204292835562653,1330.159513778886,1340.7755301599507,10.616016381064583,0.007981010000000116,1,0.0052325614825973685,take_profit
2024-11-25 10:38:00+00:00,2024-11-25 15:54:00+00:00,3516.79,3458.7889947975514,3493.3768847455267,1.0102717257235194,3497.814541228868,3525.730634060561,27.916092831692822,0.007981009999999946,5,0.047790740988230794,take_profit
2024-11-25 15:55:00+00:00,2024-11-25 16:00:00+00:00,3504.98,3504.98,3540.0298000000003,0.37967521444353025,1332.0861192395241,1342.7175118780362,10.631392638512125,0.007981010000000219,1,0.0004964364989244551,take_profit
2024-11-25 16:01:00+00:00,2024-11-27 10:40:00+00:00,3526.01,3428.067945388512,3462.348624842397,1.3018921403892403,4467.442156978573,4503.0968575078405,35.65470052926776,0.007981010000000044,6,0.07771106718358717,take_profit
2024-11-27 10:41:00+00:00,2024-11-27 13:03:00+00:00,3460.69,3460.69,3495.2969000000003,0.38520237972023347,1334.4004238979128,1345.0502870250464,10.649863127133585,0.007981010000000078,1,0.007472498259017747,take_profit
2024-11-27 13:04:00+00:00,2024-11-27 15:07:00+00:00,3496.78,3496.78,3531.7478,0.3813788640226766,1334.9329170542694,1345.5870300146087,10.654112960339262,0.007981009999999976,1,0.00819897162532389,take_profit
2024-11-27 15:08:00+00:00,2024-11-27 15:44:00+00:00,3528.55,3528.5500000000006,3563.8355000000006,0.3780958629124099,1335.4656227022863,1346.1239871917294,10.658364489443102,0.007981009999999946,1,0.002629975485681144,take_profit
2024-11-27 15:45:00+00:00,2024-11-27 19:23:00+00:00,3566.24,3566.24,3601.9024,0.37424922113649994,1335.9985409267583,1346.66115864188,10.662617715121769,0.007981009999999926,1,0.009088003050832209,take_profit
2024-11-27 19:24:00+00:00,2024-11-27 21:02:00+00:00,3600.0,3600.0,3636.0,0.37088753892797277,1336.5316718125146,1347.198544450567,10.666872638052382,0.00798100999999999,1,0.004191666666666707,take_profit
2024-11-27 21:03:00+00:00,2024-11-27 22:21:00+00:00,3638.0,3638.0,3674.38,0.3671599643839947,1337.0650154444172,1347.736144703329,10.671129258911833,0.007981009999999839,1,0.006698735568993923,take_profit
2024-11-27 22:22:00+00:00,2024-11-29 15:14:00+00:00,3671.44,3610.8884144516796,3646.9972985961963,0.9727405038513213,3515.973389013639,3544.0344077910904,28.06101877745141,0.007981009999999905,5,0.03858976314470612,take_profit
2024-11-29 15:15:00+00:00,2024-11-30 03:58:00+00:00,3642.44,3620.817252790761,3657.0254253186686,0.569987984976821,2065.88821810562,2082.3760926332034,16.487874527583244,0.007981010000000052,3,0.022841831299897947,take_profit
2024-11-30 03:59:00+00:00,2024-11-30 06:03:00+00:00,3660.25,3660.25,3696.8525,0.36568163118804514,1339.826016572615,1350.519181409141,10.693164836526194,0.007981009999999992,1,0.006783689638685862,take_profit
2024-11-30 06:04:00+00:00,2024-11-30 21:51:00+00:00,3696.54,3690.8275754371693,3727.735851191541,0.428445706499712,1582.9021302570543,1595.5352879876568,12.633157730602534,0.007981009999999799,2,0.017667873200344093,take_profit
2024-11-30 21:52:00+00:00,2024-12-02 03:03:00+00:00,3726.88,3721.120689711265,3758.331896608378,0.4251580563963689,1583.6480881420994,1596.2871993700423,12.639111227942976,0.00798101,2,0.018159962220409644,take_profit
2024-12-02 03:04:00+00:00,2024-12-04 00:59:00+00:00,3755.96,3651.630619357696,3688.146925551273,1.2304470363717985,4497.635709222415,4533.531384794076,35.89567557166083,0.00798100999999992,6,0.06814769060373381,take_profit
2024-12-04 01:00:00+00:00,2024-12-04 09:41:00+00:00,3691.87,3686.164792191948,3723.0264401138675,0.4299665172726561,1586.5139517435996,1599.1759354576047,12.661983714005146,0.007981009999999974,2,0.0170726488202455,take_profit
2024-12-04 09:42:00+00:00,2024-12-04 14:47:00+00:00,3722.09,3722.0900000000006,3759.310900000001,0.3607403687324662,1344.0521712266518,1354.7790650457337,10.726893819081852,0.007981010000000172,1,0.008621500286129605,take_profit
2024-12-04 14:48:00+00:00,2024-12-04 15:04:00+00:00,3764.5,3764.5,3802.145,0.356818681737731,1344.588515917606,1355.3196903090297,10.731174391423792,0.007981010000000163,1,0.0014052330986850747,take_profit
2024-12-04 15:05:00+00:00,2024-12-04 15:32:00+00:00,3803.6,3803.6000000000004,3841.6360000000004,0.3532916052062624,1345.125074637177,1355.860531309107,10.735456671930024,0.007981009999999976,1,0.002313597644336872,take_profit
2024-12-04 15:33:00+00:00,2024-12-04 20:11:00+00:00,3840.79,3817.989780571877,3856.1696783775956,0.5432408016913848,2076.1639932406215,2092.7338788323145,16.569885591693037,0.007981009999999858,3,0.028069746067866233,take_profit
2024-12-04 20:12:00+00:00,2024-12-05 02:44:00+00:00,3861.51,3838.586779692748,3876.9726474896756,0.5406585596280973,2077.442241557695,2094.0223288619895,16.580087304294466,0.007981010000000042,3,0.024808947795033596,take_profit
2024-12-05 02:45:00+00:00,2024-12-05 08:30:00+00:00,3873.4,3867.4142659617733,3906.088408621391,0.4110055867814817,1591.1199896983906,1603.818734247373,12.698744548982404,0.007981009999999782,2,0.014369804306294292,take_profit
2024-12-05 08:31:00+00:00,2024-12-05 11:35:00+00:00,3903.41,3903.41,3942.4440999999997,0.3449820359787158,1347.9542833430219,1358.7123199579255,10.75803661490363,0.007981010000000104,1,0.004593419599785787,take_profit
2024-12-05 11:36:00+00:00,2024-12-06 03:57:00+00:00,3937.91,3872.963631750324,3911.6932680678274,0.9143032980068776,3544.608029599616,3572.89758172993,28.28955213031395,0.00798100999999975,5,0.06625595810975869,take_profit
2024-12-06 03:58:00+00:00,2024-12-06 14:44:00+00:00,3912.81,3889.5822456628566,3928.478068119485,0.5349238793045675,2082.7131368610076,2099.3352912334267,16.622154372419118,0.007981010000000023,3,0.02067823380128344,take_profit
2024-12-06 14:45:00+00:00,2024-12-06 14:54:00+00:00,3930.28,3930.28,3969.5828,0.3433310178227518,1350.737770498904,1361.5180221526336,10.780251653729692,0.007981010000000174,1,0.0013917583480058048,take_profit
2024-12-06 14:55:00+00:00,2024-12-06 15:09:00+00:00,3965.83,3965.83,4005.4883,0.3403891508961576,1351.2767830815903,1362.0613366001323,10.784553518541998,0.007981009999999995,1,0.0004715280281807064,take_profit
2024-12-06 15:10:00+00:00,2024-12-06 15:32:00+00:00,3994.4,3994.4000000000005,4034.3440000000005,0.33808937381002396,1351.8160107575175,1362.6048678575332,10.788857100015775,0.007981009999999941,1,0.0001802523532946762,take_profit
2024-12-06 15:33:00+00:00,2024-12-06 19:28:00+00:00,4033.86,4027.6263001220004,4067.9025631232203,0.3961316682723207,1597.0673928376405,1609.8136036705514,12.746210832910947,0.00798100999999988,2,0.013324706360657038,take_profit
2024-12-06 19:29:00+00:00,2024-12-12 02:58:00+00:00,4066.37,3842.1047498592693,3880.525797357862,1.9432579609489655,7473.67431628014,7533.321785735114,59.64746945497336,0.007981009999999785,8,0.1370681959585576,take_profit
2024-12-12 02:59:00+00:00,2024-12-12 03:39:00+00:00,3881.42,3881.42,3920.2342000000003,0.3490009229841875,1355.975137626912,1366.7971887600638,10.822051133151717,0.007981009999999967,1,0.008177419604165547,take_profit
2024-12-12 03:40:00+00:00,2024-12-12 12:56:00+00:00,3920.44,3920.44,3959.6444,0.34566521205359246,1356.5162401835696,1367.3426098616371,10.826369678067522,0.007981010000000038,1,0.0074277377029108695,take_profit
2024-12-12 12:57:00+00:00,2024-12-13 14:40:00+00:00,3957.79,3903.3732884920387,3942.407021376959,0.7872475699175993,3075.997132979605,3100.5466968578867,24.549563878281788,0.007981010000000075,4,0.03075453725437676,take_profit
2024-12-13 14:41:00+00:00,2024-12-15 23:20:00+00:00,3943.8,3889.5756407376093,3928.4713971449855,0.7907548076081782,3078.77941688581,3103.3511861997704,24.57176931396043,0.0079810100000002,4,0.030115624524570204,take_profit
2024-12-15 23:21:00+00:00,2024-12-15 23:50:00+00:00,3926.35,3926.35,3965.6135,0.34590755070275403,1359.5136253270853,1370.363917165957,10.850291838871726,0.007981010000000004,1,0.0019381868656640716,take_profit
2024-12-15 23:51:00+00:00,2024-12-16 00:47:00+00:00,3968.39,3968.39,4008.0739,0.34237967633703087,1360.0561399190287,1370.910761572284,10.854621653255208,0.00798101000000003,1,0.004949110344497359,take_profit
2024-12-16 00:48:00+00:00,2024-12-16 17:19:00+00:00,4009.2,3954.0764386746855,3993.6172030614325,0.7791807091440268,3084.024107603833,3108.637734846861,24.613627243028077,0.007981010000000264,4,0.031228175197046747,take_profit
2024-12-16 17:20:00+00:00,2024-12-16 17:44:00+00:00,3993.99,3993.99,4033.9298999999996,0.3406287253627272,1361.8295523638426,1372.698327639554,10.868775275711414,0.007981010000000045,1,0.002250881950130016,take_profit
2024-12-16 17:45:00+00:00,2024-12-16 18:40:00+00:00,4033.13,4033.1299999999997,4073.4612999999995,0.33745766145313955,1362.3729911276282,1373.2461035935478,10.873112465919576,0.007981010000000047,1,0.007845023592098526,take_profit
2024-12-16 18:41:00+00:00,2025-01-06 16:00:00+00:00,4071.68,3677.8698367631036,3714.6485351307347,3.1167458878119305,11474.460149788729,11566.037930988794,91.57778120006515,0.007981009999999983,10,0.23817687048098077,take_profit
2025-01-06 16:01:00+00:00,2025-01-15 19:25:00+00:00,3711.6,3352.616533256527,3386.142698589092,3.430603205198822,11513.010034827232,11604.895483045288,91.8854482180559,0.00798100999999995,10,0.2132772928117254,take_profit
2025-01-15 19:26:00+00:00,2025-01-15 19:37:00+00:00,3386.73,3386.73,3420.5973,0.4047319149780491,1372.08980822183,1383.0404707021466,10.950662480316623,0.007981010000000083,1,0.00028050656532992537,take_profit
2025-01-15 19:38:00+00:00,2025-01-15 20:07:00+00:00,3413.64,3413.64,3447.7763999999997,0.40170161587176745,1372.637341345846,1383.5923736935006,10.955032347654651,0.00798101000000003,1,0.0020916089570077318,take_profit
2025-01-15 20:08:00+00:00,2025-01-17 10:12:00+00:00,3446.41,3389.569743874451,3423.4654413131957,1.063823983241043,3609.515101503343,3638.322677623593,28.807576120249905,0.007981010000000196,5,0.05250971300570733,take_profit
2025-01-17 10:13:00+00:00,2025-01-17 20:19:00+00:00,3432.26,3426.9559788531924,3461.225538641724,0.47323159870952797,1623.3672238036752,1636.3233338505245,12.95611004684929,0.00798100999999995,2,0.010815031495283092,take_profit
2025-01-17 20:20:00+00:00,2025-01-17 20:33:00+00:00,3465.82,3465.82,3500.4782,0.3964135483072727,1375.2732772715835,1386.2493470502206,10.976069778637111,0.007981009999999877,1,0.0012464582696158956,take_profit
2025-01-17 20:34:00+00:00,2025-01-19 14:12:00+00:00,3504.0,3310.7501391921737,3343.8576405840954,2.2931900670438674,7599.779112772368,7660.433025869193,60.65391309682582,0.007981009999999792,8,0.10659817351598173,take_profit
2025-01-19 14:13:00+00:00,2025-01-19 14:15:00+00:00,3336.39,3336.39,3369.7538999999997,0.412864180038587,1378.8547764153566,1389.8594301744752,11.004653759118582,0.007981009999999896,1,0.0008002661559350294,take_profit
2025-01-19 14:16:00+00:00,2025-01-19 14:56:00+00:00,3379.02,3358.9610023844007,3392.550612408245,0.6329625871832222,2128.224871187968,2145.2102551671674,16.98538397919947,0.007981009999999806,3,0.022207622328367385,take_profit
2025-01-19 14:57:00+00:00,2025-01-19 17:26:00+00:00,3396.47,3391.221286701911,3425.1334995689303,0.48017643911647023,1630.0145762807788,1643.0237389142217,13.009162633442884,0.007981010000000139,2,0.012748530091536134,take_profit
2025-01-19 17:27:00+00:00,2025-01-20 06:41:00+00:00,3431.68,3300.8346668217177,3333.843013489935,1.7035696943457062,5628.830735178362,5673.754489564129,44.92375438576619,0.007981010000000057,7,0.08418617120477423,take_profit
2025-01-20 06:42:00+00:00,2025-01-20 06:45:00+00:00,3333.01,3333.01,3366.3401000000003,0.414570545311619,1383.1509241532326,1394.189865510409,11.038941357176327,0.007981010000000099,1,0.0,take_profit
2025-01-20 06:46:00+00:00,2025-01-20 06:51:00+00:00,3366.87,3366.87,3400.5387,0.4105650554817591,1383.7028712210913,1394.7462176733357,11.04334645224435,0.007981010000000078,1,0.0007128282351264204,take_profit
2025-01-20 06:52:00+00:00,2025-01-20 06:54:00+00:00,3398.98,3398.98,3432.9698,0.4068487556576266,1384.2550385437034,1395.302791848871,11.04775330516759,0.007981009999999933,1,2.9420590883789486e-06,take_profit
2025-01-20 06:55:00+00:00,2025-01-24 05:11:00+00:00,3422.21,3327.1512001917226,3360.42271219364,1.3939130977976086,4642.402038338614,4679.453095430616,37.05105709200143,0.007981010000000122,6,0.06931485794267447,take_profit
2025-01-24 05:12:00+00:00,2025-01-24 05:57:00+00:00,3364.54,3364.54,3398.1854,0.41172740377124317,1386.659979063562,1397.7269262230682,11.066947159506071,0.007981009999999993,1,0.0019438021245103234,take_profit
2025-01-24 05:58:00+00:00,2025-01-30 13:15:00+00:00,3402.41,3214.7629512239855,3246.9105807362253,2.381214291070563,7662.702184042777,7723.858286800643,61.15610275786639,0.00798100999999989,8,0.1123909229046469,take_profit
2025-01-30 13:16:00+00:00,2025-01-30 14:55:00+00:00,3248.42,3248.42,3280.9042,0.4275558149586172,1390.2711315594308,1401.366899363118,11.095767803687067,0.007981009999999953,1,0.0022687952912492505,take_profit
2025-01-30 14:56:00+00:00,2025-01-31 11:08:00+00:00,3280.54,3261.065612740417,3293.676268867821,0.6573617687988221,2145.8457050651205,2162.971721095702,17.126016030581468,0.007981009999999856,3,0.020344211623696033,take_profit
2025-01-31 11:09:00+00:00,2025-01-31 11:27:00+00:00,3294.11,3294.11,3327.0511,0.42205346467798377,1391.6822207511443,1402.7892504717813,11.107029720637001,0.007981009999999936,1,0.000640537201247113,take_profit
2025-01-31 11:28:00+00:00,2025-01-31 13:26:00+00:00,3332.25,3332.25,3365.5725,0.41738925190635123,1392.2375722371762,1403.3490342235768,11.111461986400627,0.007981010000000002,1,0.0036731937879810285,take_profit
2025-01-31 13:27:00+00:00,2025-01-31 15:30:00+00:00,3362.28,3362.28,3395.9028000000003,0.41382643687948645,1392.7931453364963,1403.9090413573583,11.11589602086201,0.007981009999999985,1,0.008199792997608814,take_profit
2025-01-31 15:31:00+00:00,2025-01-31 15:55:00+00:00,3396.67,3396.67,3430.6367,0.40980006629946447,1393.3489401375396,1404.4692719622667,11.120331824727145,0.00798101000000003,1,0.0016781141529793218,take_profit
2025-01-31 15:56:00+00:00,2025-02-03 21:56:00+00:00,3417.37,2771.0591357933754,2798.7697271513093,7.1405617763963,19806.725670850792,19964.80334649711,158.0776756463165,0.007981009999999981,12,0.37817385884466703,take_profit
2025-02-03 21:57:00+00:00,2025-02-03 22:00:00+00:00,2798.46,2798.46,2826.4446000000003,0.5004205997836598,1401.8088405110918,1412.9966908852994,11.187850374207528,0.007981010000000071,1,0.003337549938180337,take_profit
2025-02-03 22:01:00+00:00,2025-02-03 22:08:00+00:00,2832.97,2832.97,2861.2997,0.49452195568494284,1402.3682330298022,1413.5605479212954,11.192314891493197,0.00798101000000001,1,0.007825709414501255,take_profit
2025-02-03 22:09:00+00:00,2025-02-03 22:25:00+00:00,2870.93,2866.493426596177,2895.1583608621386,0.5774072868873031,1656.790983314502,1670.0138487202446,13.222865405742596,0.007981009999999832,2,0.016033132120950266,take_profit
2025-02-03 22:26:00+00:00,2025-02-04 14:36:00+00:00,2896.91,2816.4424694415015,2844.6068941359167,1.6690060911602236,4705.36500190211,4742.918567035941,37.5535651338314,0.007981010000000135,6,0.08067216447870311,take_profit
2025-02-04 14:37:00+00:00,2025-02-04 15:49:00+00:00,2827.48,2780.847507815417,2808.655982893571,1.327176392613317,3694.3695333635615,3723.8543335530317,29.484800189470207,0.007981010000000078,5,0.0344122681681215,take_profit
2025-02-04 15:50:00+00:00,2025-02-04 17:14:00+00:00,2807.96,2803.6207368849123,2831.6569442537616,0.5920446606188481,1661.5302178908837,1674.790907175173,13.260689284289356,0.007981010000000021,2,0.015206769327198328,take_profit
2025-02-04 17:15:00+00:00,2025-02-04 19:14:00+00:00,2835.22,2830.838610817405,2859.146996925579,0.5866286090786779,1662.3132300200512,1675.5801685319732,13.266938511922035,0.007981009999999823,2,0.01534272472682896,take_profit
2025-02-04 19:15:00+00:00,2025-02-05 11:17:00+00:00,2860.19,2780.742441660904,2808.5498660775133,1.6960676851815046,4721.048444558333,4758.727179404837,37.678734846504085,0.007981009999999912,6,0.07957163684930027,take_profit
2025-02-05 11:18:00+00:00,2025-02-05 22:13:00+00:00,2807.91,2769.3032956497636,2796.996328606261,1.153050460995836,3196.3427844707194,3221.852828197007,25.510043726287677,0.007981009999999693,4,0.03299251044371076,take_profit
2025-02-05 22:14:00+00:00,2025-02-06 01:21:00+00:00,2797.7,2781.0919131496225,2808.9028322811187,0.7822295167131637,2177.6298129708875,2195.009498284506,17.379685313618666,0.007981009999999946,3,0.020806376666547534,take_profit
2025-02-06 01:22:00+00:00,2025-02-06 05:12:00+00:00,2809.29,2804.9486815778773,2832.998168393656,0.5940166192950271,1667.8539871140483,1681.1651464637455,13.311159349697164,0.007981010000000044,2,0.012027950122628837,take_profit
2025-02-06 05:13:00+00:00,2025-02-11 00:37:00+00:00,2834.49,2678.1644298056003,2704.9460741036564,2.911368667323297,7804.9289358116,7867.220151697602,62.29121588600174,0.00798101,8,0.11094412045905959,take_profit
2025-02-11 00:38:00+00:00,2025-02-12 20:13:00+00:00,2704.59,2659.984283235425,2686.5841260677794,1.3979534555898099,3722.256477040587,3751.9638432064125,29.707366165825533,0.007981009999999957,5,0.05829719107147481,take_profit
2025-02-12 20:14:00+00:00,2025-02-12 22:20:00+00:00,2688.77,2688.77,2715.6577,0.5266882778233436,1417.5612019650366,1428.8747720935316,11.31357012849503,0.007981010000000038,1,0.00683212026316862,take_profit
2025-02-12 22:21:00+00:00,2025-02-12 22:32:00+00:00,2751.57,2747.3178788125256,2774.7910576006507,0.6089814318802124,1674.7403159853448,1688.106435194627,13.36611920928226,0.007981010000000038,2,0.01145891254810897,take_profit
2025-02-12 22:33:00+00:00,2025-02-14 17:45:00+00:00,2776.25,2730.4624236325462,2757.767047868872,1.3644850239700526,3729.404490049633,3759.1689045787634,29.76441452913059,0.007981009999999884,5,0.05888878883385854,take_profit
2025-02-14 17:46:00+00:00,2025-02-14 17:59:00+00:00,2758.2,2758.2,2785.7819999999997,0.5144163308502734,1420.2834071583823,1431.6187032337473,11.335296075365022,0.00798100999999993,1,0.0005873395692842763,take_profit
2025-02-14 18:00:00+00:00,2025-02-17 10:07:00+00:00,2773.96,2728.210191682931,2755.4922935997606,1.367589407703462,3734.806166300509,3764.613691661815,29.807525361306034,0.007981010000000002,5,0.04911750710176066,take_profit
2025-02-17 10:08:00+00:00,2025-02-17 14:06:00+00:00,2758.94,2758.94,2786.5294,0.5150232363451128,1422.340548230216,1433.6922623690464,11.351714138830403,0.007981009999999695,1,0.0062668996063705495,take_profit
2025-02-17 14:07:00+00:00,2025-02-17 14:11:00+00:00,2787.0,2786.9999999999995,2814.8699999999994,0.5100413440269899,1422.9081339371578,1434.2643779831915,11.35624404603368,0.007981009999999919,1,0.00046645138141377177,take_profit
2025-02-17 14:12:00+00:00,2025-02-17 15:00:00+00:00,2805.26,2805.26,2833.3126,0.5069235900391835,1423.4759461394594,1434.836721900358,11.360775760898605,0.007981010000000083,1,0.002620077996335585,take_profit
2025-02-17 15:01:00+00:00,2025-02-20 14:08:00+00:00,2843.6,2735.177364606908,2762.529138252977,2.1201074305256933,5804.674529037826,5851.001694500824,46.32716546299798,0.00798101000000031,7,0.08375298916865939,take_profit
2025-02-20 14:09:00+00:00,2025-02-21 09:16:00+00:00,2763.01,2746.6078446407905,2774.0739230871986,0.800430821546358,2200.6702437952954,2218.233815017728,17.56357122243253,0.007981009999999927,3,0.020206224371247437,take_profit
2025-02-21 09:17:00+00:00,2025-02-21 09:18:00+00:00,2783.73,2783.73,2811.5673,0.5121945315242549,1427.238521761776,1438.6293266763419,11.390804914565933,0.007981009999999988,1,0.0012177905184769617,take_profit
2025-02-21 09:19:00+00:00,2025-02-21 13:13:00+00:00,2814.27,2809.920985766572,2838.0201956242377,0.5994784784244931,1686.173330370767,1699.6306965821896,13.457366211422595,0.007981010000000118,2,0.017450351245616138,take_profit
2025-02-21 13:14:00+00:00,2025-02-22 16:01:00+00:00,2839.17,2760.3063146470654,2787.909377793536,1.733149478371493,4788.812261637738,4827.031820185991,38.21955854825319,0.007981009999999955,6,0.07835036295818858,take_profit
2025-02-22 16:02:00+00:00,2025-02-23 07:19:00+00:00,2790.72,2786.4073786091903,2814.2714523952823,0.6056312935297025,1689.2247297375288,1702.7064491978115,13.481719460282648,0.007981010000000078,2,0.01623595344570575,take_profit
2025-02-23 07:20:00+00:00,2025-02-23 23:14:00+00:00,2810.79,2806.4463635624234,2834.5108271980475,0.6015902510376271,1690.0207931723264,1703.5088660228425,13.488072850516119,0.007981009999999912,2,0.013273848277530496,take_profit
2025-02-23 23:15:00+00:00,2025-03-02 16:39:00+00:00,2839.05,2437.0088290921417,2461.3789173830633,6.640485096717234,16199.119930084771,16328.405268237977,129.28533815320588,0.007981010000000002,11,0.26867790281960513,take_profit
2025-03-02 16:40:00+00:00,2025-03-02 16:42:00+00:00,2439.22,2424.7399708306193,2448.9873705389255,0.9142115947507325,2218.9443399288334,2236.6537568952494,17.70941696641603,0.007981010000000274,3,0.020641844524069135,take_profit
2025-03-02 16:43:00+00:00,2025-03-02 16:43:00+00:00,2455.87,2455.87,2480.4287,0.5853937893623817,1439.0901356170095,1450.57552838027,11.485392763260506,0.00798100999999986,1,0.0007899440931319877,take_profit
2025-03-02 16:44:00+00:00,2025-03-02 17:17:00+00:00,2494.57,2453.428058755891,2477.96233934345,1.5408955841076022,3784.260722385024,3814.462945052986,30.202222667961905,0.007981009999999948,5,0.03977038126811436,take_profit
2025-03-02 17:18:00+00:00,2025-03-02 17:41:00+00:00,2469.77,2469.77,2494.4677,0.5829422747349682,1441.174516388571,1452.6765446156135,11.502028227042501,0.007981010000000106,1,0.00937739141701448,take_profit
2025-03-02 17:42:00+00:00,2025-03-02 18:25:00+00:00,2494.5,2490.645140300935,2515.5515917039443,0.6829294863051462,1702.6376438780044,1716.2264119401711,13.588768062166764,0.007981009999999985,2,0.016752856283824398,take_profit
2025-03-02 18:26:00+00:00,2025-03-02 21:18:00+00:00,2502.02,2498.153519316795,2523.135054509963,0.681197762703945,1703.4400282778654,1717.035200177951,13.595171900085688,0.00798100999999986,2,0.019184498924868707,take_profit
2025-03-02 21:19:00+00:00,2025-03-02 22:55:00+00:00,2521.23,2521.23,2546.4423,0.5718104678998891,1443.1088147980354,1454.6262806800266,11.517465881991257,0.007981009999999992,1,0.00881712497471473,take_profit
2025-03-02 22:56:00+00:00,2025-03-06 05:21:00+00:00,2537.22,2291.821780501435,2314.7399983064497,5.298097692022544,12154.45013593759,12251.454924017009,97.00478807941909,0.007981009999999985,10,0.21441577789864488,take_profit
2025-03-06 05:22:00+00:00,2025-03-07 14:47:00+00:00,2313.45,2225.2412695702105,2247.493682265913,2.6507686390124654,5904.504275888887,5951.628183559799,47.12390767091256,0.0079810100000001,7,0.09147809548509787,take_profit
2025-03-07 14:48:00+00:00,2025-03-08 19:49:00+00:00,2249.23,2212.134352852601,2234.2556963811267,1.7222991793897002,3813.7709515693687,3844.208695671554,30.437744102185206,0.007981010000000146,5,0.06409749114141287,take_profit
2025-03-08 19:50:00+00:00,2025-03-10 09:17:00+00:00,2229.44,2106.483673036701,2127.548509767068,3.804838398409843,8022.852817611058,8086.883286176938,64.03046856588026,0.00798100999999978,8,0.10755167216879574,take_profit
2025-03-10 09:18:00+00:00,2025-03-11 13:27:00+00:00,2131.5,1925.3427472346937,1944.5961747070405,6.358677280777803,12254.888072624191,12352.694456880685,97.8063842564934,0.007981009999999919,10,0.17697396199859255,take_profit
2025-03-11 13:28:00+00:00,2025-03-11 18:14:00+00:00,1955.9,1923.6421267475541,1942.8785480150298,1.9937192227758427,3839.0413271651687,3869.6807543876866,30.639427222517952,0.007981009999999861,5,0.058985633212331974,take_profit
2025-03-11 18:15:00+00:00,2025-03-12 08:49:00+00:00,1944.94,1912.862885626253,1931.9915144825156,2.0070571622984748,3843.0682233144134,3873.7397892353683,30.67156592095489,0.007981010000000083,5,0.047631289397102275,take_profit
2025-03-12 08:50:00+00:00,2025-03-12 09:03:00+00:00,1930.11,1930.11,1949.4110999999998,0.7575251317182287,1463.5704023830533,1475.2511724001765,11.680770017123223,0.007981010000000035,1,0.001450694520001427,take_profit
2025-03-12 09:04:00+00:00,2025-03-12 12:30:00+00:00,1948.96,1916.816585380599,1935.984751234405,2.0058183579571245,3848.6345303234184,3879.350520996275,30.715990672856606,0.007981010000000026,5,0.0365784828831787,take_profit
2025-03-12 12:31:00+00:00,2025-03-14 15:02:00+00:00,1938.61,1906.6372837742604,1925.703656612003,2.0186423764826342,3852.6714890975645,3883.419698778768,30.74820968120366,0.007981010000000288,5,0.06024935391852924,take_profit
2025-03-14 15:03:00+00:00,2025-03-14 18:39:00+00:00,1925.44,1925.44,1944.6944,0.7612599838222489,1467.2276509016126,1478.937609455735,11.709958554122295,0.00798101000000001,1,0.005842820342363304,take_profit
2025-03-14 18:40:00+00:00,2025-03-17 12:30:00+00:00,1941.31,1909.292753758523,1928.3856812961083,2.018754560400011,3858.2517054942086,3889.0444509382746,30.792745444065986,0.00798100999999991,5,0.04168834446842588,take_profit
2025-03-17 12:31:00+00:00,2025-03-17 18:15:00+00:00,1921.36,1918.390838552257,1937.5747469377795,0.9036221403364363,1735.2356712056069,1749.0846044498555,13.848933244248656,0.007981009999999997,2,0.017357496773118996,take_profit
2025-03-17 18:16:00+00:00,2025-03-18 23:15:00+00:00,1938.51,1906.5389330341025,1925.6043223644435,2.024744793702981,3864.1188975503865,3894.958469112925,30.839571562538367,0.007981009999999938,5,0.03414993990229612,take_profit
2025-03-18 23:16:00+00:00,2025-03-19 00:32:00+00:00,1927.22,1927.22,1946.4922000000001,0.7628167122230567,1471.5872113418611,1483.3319635914527,11.744752249591556,0.007981010000000033,1,0.00042029451749148796,take_profit
2025-03-19 00:33:00+00:00,2025-03-19 10:31:00+00:00,1942.71,1942.71,1962.1371000000001,0.7570364462556872,1472.1744489543405,1483.9238879531897,11.7494389988492,0.007981010000000082,1,0.007788089833274193,take_profit
2025-03-19 10:32:00+00:00,2025-03-19 11:10:00+00:00,1974.34,1974.34,1994.0834,0.7452055669152116,1472.761920904283,1484.5160485226393,11.754127618356279,0.007981009999999992,1,0.006574348896340052,take_profit
2025-03-19 11:11:00+00:00,2025-03-19 11:14:00+00:00,1991.6,1991.6,2011.5159999999998,0.7390421157149608,1473.349627285201,1485.1084453940607,11.758818108859714,0.00798101000000017,1,0.001872866037356908,take_profit
2025-03-19 11:15:00+00:00,2025-03-19 11:42:00+00:00,2009.15,2009.15,2029.2415,0.7328788943694862,1473.9375681906438,1485.701078661749,11.763510471105292,0.007981010000000056,1,0.0025433641092004714,take_profit
2025-03-19 11:43:00+00:00,2025-03-19 15:37:00+00:00,2028.26,2025.1256413176086,2045.3768977307848,0.8590100819597593,1741.3446878148638,1755.2423771817612,13.897689366897339,0.00798101000000002,2,0.01657085383530706,take_profit
2025-03-19 15:38:00+00:00,2025-03-19 18:00:00+00:00,2040.51,2037.3567108580723,2057.730277966653,0.8542554863826213,1742.1653132822423,1756.0695520692009,13.904238786958558,0.007981009999999913,2,0.012340052241841532,take_profit
2025-03-19 18:01:00+00:00,2025-03-19 18:57:00+00:00,2042.62,2030.4943216348006,2050.7992648511486,1.1203430340353457,2277.1272961880613,2295.3010719102112,18.173775722149912,0.007981010000000014,3,0.022172503941016913,take_profit
2025-03-19 18:58:00+00:00,2025-03-19 23:42:00+00:00,2048.38,2045.21454900366,2065.6666944936965,0.8518985869076169,1744.0594436627798,1757.9787995232466,13.919355860466794,0.007981009999999835,2,0.013366660482918262,take_profit
2025-03-19 23:43:00+00:00,2025-03-24 05:41:00+00:00,2065.4,2031.3361872204093,2051.6495490926136,1.9100158895427732,3883.7681627569727,3914.7645553016177,30.996392544645005,0.007981009999999995,5,0.06211871792388892,take_profit
2025-03-24 05:42:00+00:00,2025-03-24 06:08:00+00:00,2053.12,2053.12,2073.6512,0.7196808983458963,1479.0703163282549,1490.8747913135737,11.804474985318848,0.00798100999999992,1,0.004032886533665823,take_profit
2025-03-24 06:09:00+00:00,2025-03-24 08:51:00+00:00,2071.17,2071.17,2091.8817,0.7136936511910869,1479.6605400775209,1491.469725644485,11.80918556696406,0.007981009999999978,1,0.004886127164839145,take_profit
2025-03-24 08:52:00+00:00,2025-04-22 15:04:00+00:00,2089.89,1694.6390871644614,1711.585478036106,12.399470965088137,21033.66181941863,21201.53168473602,167.86986531738876,0.007981009999999547,12,0.3372617697582169,take_profit
2025-04-22 15:05:00+00:00,2025-04-22 21:22:00+00:00,1709.08,1706.4388840992272,1723.5032729402194,1.0291960972410739,1758.0182579532911,1772.0490192501986,14.030761296907485,0.007981009999999823,2,0.01521286306082805,take_profit
2025-04-22 21:23:00+00:00,2025-04-22 21:45:00+00:00,1728.2,1725.5293371289142,1742.7846305002033,1.0182892034648878,1758.8467410012993,1772.884114429698,14.037373428398723,0.007981009999999967,2,0.010791575049184175,take_profit
2025-04-22 21:46:00+00:00,2025-04-22 21:49:00+00:00,1739.67,1739.67,1757.0667,0.8556552975326619,1490.0478993580039,1501.9399865432592,11.892087185255377,0.007981010000000104,1,0.0015577667028804521,take_profit
2025-04-22 21:50:00+00:00,2025-04-23 01:10:00+00:00,1776.83,1766.2821403444414,1783.9449617478858,1.3007823231594755,2299.8484343066402,2318.2035476593255,18.355113352685294,0.00798100999999985,3,0.021572125639481507,take_profit
2025-04-23 01:11:00+00:00,2025-04-23 02:22:00+00:00,1781.26,1778.5073411956078,1796.2924146075638,0.9894253103458828,1761.4616396545496,1775.519882615249,14.058242960699317,0.007981009999999978,2,0.011811863512345174,take_profit
2025-04-23 02:23:00+00:00,2025-04-23 04:58:00+00:00,1794.19,1794.19,1812.1319,0.8308879819647881,1492.263171532936,1504.1729388275721,11.90976729463614,0.007981010000000042,1,0.007908861380344363,take_profit
2025-04-23 04:59:00+00:00,2025-04-23 12:12:00+00:00,1810.3,1799.5534511830294,1817.5489856948598,1.2786307500562994,2303.2676466992584,2321.6500488202414,18.382402120982988,0.007981009999999887,3,0.020090592719438707,take_profit
2025-04-23 12:13:00+00:00,2025-04-25 14:55:00+00:00,1819.9,1789.8851201328669,1807.7839713341955,2.1915233818292723,3926.501593152626,3957.8390416325933,31.337448479967406,0.007981010000000094,5,0.053299631847903726,take_profit
2025-04-25 14:56:00+00:00,2025-04-25 15:24:00+00:00,1809.0,1809.0,1827.09,0.8257873453705291,1495.344652427715,1507.2790130521869,11.934360624471992,0.007981009999999917,1,0.004311774461028167,take_profit
2025-04-25 15:25:00+00:00,2025-04-26 08:28:00+00:00,1824.09,1813.261589111447,1831.3942050025614,1.2715847612529192,2308.0238287080765,2326.4441899652334,18.420361257156856,0.007981009999999745,3,0.022855231923863312,take_profit
2025-04-26 08:29:00+00:00,2025-04-27 00:19:00+00:00,1833.92,1823.0332349298915,1841.2635672791905,1.265547626324968,2309.4448280050574,2327.876530271814,18.431702266756474,0.007981009999999927,3,0.02997949746990055,take_profit
2025-04-27 00:20:00+00:00,2025-04-29 08:56:00+00:00,1846.09,1815.64317898021,1833.7996107700121,2.166226917625589,3937.0321592694945,3968.4536523029465,31.421493033451952,0.007981010000000134,5,0.05491606584727716,take_profit
2025-04-29 08:57:00+00:00,2025-05-01 09:32:00+00:00,1832.99,1802.7592320195304,1820.7868243397256,2.183996958350991,3941.161841211034,3972.6162932773577,31.454452066323938,0.007981010000000068,5,0.05525943949503269,take_profit
2025-05-01 09:33:00+00:00,2025-05-01 10:21:00+00:00,1820.91,1820.91,1839.1191000000001,0.8234491782236536,1500.9277708901232,1512.9066904388749,11.978919548751719,0.007981009999999959,1,0.001927607624759044,take_profit
2025-05-01 10:22:00+00:00,2025-05-01 11:00:00+00:00,1837.4,1837.4,1855.7740000000001,0.8163846686354049,1501.5267168675607,1513.510416610148,11.983699742587305,0.007981010000000089,1,0.003260041362795259,take_profit
2025-05-01 11:01:00+00:00,2025-05-01 15:14:00+00:00,1855.01,1852.1433721024807,1870.6648058235055,0.9568185961292837,1773.9391602855385,1788.096986463169,14.157826177630568,0.007981010000000047,2,0.016069994231836995,take_profit
2025-05-01 15:15:00+00:00,2025-05-02 16:04:00+00:00,1870.88,1845.1567713228812,1863.60833903611,1.844296860911068,3406.423264504095,3433.609962642335,27.18669813823999,0.007981010000000047,4,0.030937312922261238,take_profit
2025-05-02 16:05:00+00:00,2025-05-08 03:09:00+00:00,1868.9,1838.0769828102175,1856.4577526383198,2.1489443790221756,3953.8790794995566,3985.4350279718333,31.55594847227667,0.007981009999999978,5,0.06255016319760291,take_profit
2025-05-08 03:10:00+00:00,2025-05-08 03:41:00+00:00,1856.14,1856.14,1874.7014000000001,0.8104265597253458,1505.7709254940976,1517.7884983081753,12.017572814077766,0.007981010000000078,1,0.0013953688838127217,take_profit
2025-05-08 03:42:00+00:00,2025-05-08 03:45:00+00:00,1874.6,1874.6,1893.346,0.802766154022547,1506.3718041348016,1518.3941725673194,12.022368432517851,0.007981009999999972,1,0.00037341299477212106,take_profit
2025-05-08 03:46:00+00:00,2025-05-08 04:00:00+00:00,1893.27,1893.27,1912.2027,0.7951670652542275,1506.9729225564276,1519.0000885210798,12.027165964652113,0.007981010000000026,1,0.005387504159470148,take_profit
2025-05-08 04:01:00+00:00,2025-05-08 07:33:00+00:00,1909.61,1909.61,1928.7060999999999,0.7886776391900995,1507.5742808546604,1519.6062462659042,12.031965411243846,0.007981009999999995,1,0.009117044841616798,take_profit
2025-05-08 07:34:00+00:00,2025-05-08 10:49:00+00:00,1932.09,1932.09,1951.4108999999999,0.7798123810206032,1508.1758791252225,1520.2126458982796,12.036766773057025,0.00798100999999989,1,0.003669601312568213,take_profit
2025-05-08 10:50:00+00:00,2025-05-08 12:18:00+00:00,1952.66,1952.66,1972.1866,0.7719054724050328,1508.7777174638752,1520.8192875147315,12.041570050856308,0.007981009999999964,1,0.0038153083486116607,take_profit
2025-05-08 12:19:00+00:00,2025-05-08 14:32:00+00:00,1968.41,1968.41,1988.0941,0.7660347265917424,1509.3797959664182,1521.426171211824,12.046375245405898,0.007981009999999969,1,0.0071834627948446205,take_profit
2025-05-08 14:33:00+00:00,2025-05-08 14:51:00+00:00,1990.33,1990.33,2010.2332999999999,0.7579005152984479,1509.9821147286884,1522.0332970861593,12.051182357470907,0.007981010000000064,1,0.0039340209914938366,take_profit
2025-05-08 14:52:00+00:00,2025-05-08 15:24:00+00:00,2005.73,2005.73,2025.7873,0.752381471670023,1510.5846738465618,1522.640665234378,12.05599138781622,0.007981010000000047,1,0.008934402935589572,take_profit
2025-05-08 15:25:00+00:00,2025-05-08 15:39:00+00:00,2021.52,2021.52,2041.7352,0.7468025475595279,1511.1874734159528,1523.2482757531602,12.060802337207406,0.007981009999999969,1,0.004031619771261274,take_profit
2025-05-08 15:40:00+00:00,2025-05-08 15:42:00+00:00,2042.72,2042.72,2063.1472,0.7393469114804184,1511.790513532813,1523.8561287392235,12.065615206410484,0.00798100999999998,1,0.00025456254405889294,take_profit
2025-05-08 15:43:00+00:00,2025-05-08 19:21:00+00:00,2070.78,2067.5799333062223,2088.2557326392844,0.862979446894985,1786.0650523080815,1800.3196553512028,14.254603043121278,0.007981009999999976,2,0.01861134451752489,take_profit
2025-05-08 19:22:00+00:00,2025-05-08 19:52:00+00:00,2082.45,2082.45,2103.2745,0.7258726105888951,1513.1065244452896,1525.182642747953,12.076118302663417,0.00798101000000021,1,0.006343489639607212,take_profit
2025-05-08 19:53:00+00:00,2025-05-08 19:54:00+00:00,2114.1,2114.1,2135.241,0.7152909607067133,1513.7103303604229,1525.7912676441326,12.080937283709773,0.007981009999999957,1,0.002204247670403413,take_profit
2025-05-08 19:55:00+00:00,2025-05-08 20:39:00+00:00,2132.7,2129.4042456283037,2150.6982880845867,0.8389881065524925,1788.333169293823,1802.6058742012885,14.272704907465595,0.007981009999999945,2,0.010334318000656428,take_profit
2025-05-08 20:40:00+00:00,2025-05-08 20:51:00+00:00,2152.91,2152.91,2174.4391,0.7030080144815677,1515.0280124699816,1527.119466187785,12.09145371780346,0.007981010000000273,1,0.0042129025365666515,take_profit
2025-05-08 20:52:00+00:00,2025-05-08 21:17:00+00:00,2178.99,2178.99,2200.7799,0.6948709964574028,1515.6325851558718,1527.7288639743267,12.096278818454948,0.007981010000000056,1,0.00974763537235131,take_profit
2025-05-08 21:18:00+00:00,2025-05-09 01:15:00+00:00,2207.36,2194.2563696643497,2216.198933360993,1.065052559979419,2339.3377014636253,2358.0079790523837,18.67027758875838,0.007981010000000075,3,0.021346767178892587,take_profit
2025-05-09 01:16:00+00:00,2025-05-09 01:16:00+00:00,2218.49,2218.49,2240.6749,0.6831916042277659,1517.1709129762326,1529.2794692044051,12.108556228172574,0.007981010000000087,1,0.0,take_profit
2025-05-09 01:17:00+00:00,2025-05-09 06:26:00+00:00,2241.29,2227.9849497884393,2250.2647992863235,1.049993787793442,2341.712068643789,2360.4012960807554,18.689227436966576,0.007981009999999919,3,0.02282167858688527,take_profit
2025-05-09 06:27:00+00:00,2025-05-09 07:00:00+00:00,2249.71,2249.71,2272.2071,0.6743945181189265,1518.7108021594897,1530.8316482586326,12.12084609914291,0.00798101,1,0.0038004898409129094,take_profit
2025-05-09 07:01:00+00:00,2025-05-09 07:09:00+00:00,2267.75,2267.75,2290.4275000000002,0.6692966718641749,1519.3168444644468,1531.4425273932864,12.125682928839524,0.007981010000000217,1,0.0002645794289493591,take_profit
2025-05-09 07:10:00+00:00,2025-05-09 07:42:00+00:00,2297.19,2297.19,2320.1619,0.6609828553503533,1519.9231286108889,1532.0536502995637,12.13052168867489,0.007981010000000066,1,0.0035216938955855395,take_profit
2025-05-09 07:43:00+00:00,2025-05-09 07:47:00+00:00,2361.21,2361.21,2384.8221,0.6433180975180637,1520.5296546953225,1532.6650170747423,12.135362379419803,0.007981009999999926,1,0.008504114415913843,take_profit
2025-05-09 07:48:00+00:00,2025-05-09 08:27:00+00:00,2382.29,2378.608543310289,2402.394628743392,0.7544718930918038,1796.3896802759277,1810.7266842781066,14.337004002178901,0.007981009999999955,2,0.010368175159195487,take_profit
2025-05-09 08:28:00+00:00,2025-05-09 08:28:00+00:00,2405.38,2405.38,2429.4338000000002,0.6320545692328814,1521.8532730144027,1533.9991992048633,12.145926190460614,0.007981009999999959,1,0.0018624915813717658,take_profit
2025-05-09 08:29:00+00:00,2025-05-09 08:32:00+00:00,2428.16,2428.16,2452.4415999999997,0.626374748268072,1522.4605693239257,1534.6113423523057,12.150773028379945,0.00798101,1,0.005049090669478026,take_profit
2025-05-09 08:33:00+00:00,2025-05-09 08:34:00+00:00,2445.28,2445.28,2469.7328,0.6222375514736018,1523.0681079753447,1535.223729775777,12.1556218004323,0.007981009999999997,1,0.0006338742393509871,take_profit
2025-05-09 08:35:00+00:00,2025-05-10 08:06:00+00:00,2470.72,2402.0907581176175,2426.111665698794,2.1243302605583243,5107.942028104846,5148.708564510571,40.766536405724764,0.007981009999999943,6,0.08063236627379866,take_profit
2025-05-10 08:07:00+00:00,2025-05-10 13:48:00+00:00,2424.94,2410.5447417067758,2434.6501891238436,0.9755492508290395,2353.9590759378634,2372.7460468625145,18.786970924651087,0.0079810100000001,3,0.026780044042326843,take_profit
2025-05-10 13:49:00+00:00,2025-05-10 16:16:00+00:00,2442.58,2438.805374542497,2463.193428287922,0.7385182415309967,1802.9051618052738,1817.2941659306935,14.38900412541966,0.007981010000000085,2,0.01456656486174452,take_profit
2025-05-10 16:17:00+00:00,2025-05-10 17:19:00+00:00,2459.12,2459.12,2483.7111999999997,0.6204844178500919,1527.373014638156,1539.562993941713,12.189979303557038,0.007981009999999848,1,0.006046878558183371,take_profit
2025-05-10 17:20:00+00:00,2025-05-10 17:39:00+00:00,2486.69,2486.69,2511.5569,0.6138499495673889,1527.9825136033337,1540.1773573242272,12.19484372089346,0.007981010000000077,1,0.0037358898777089078,take_profit
2025-05-10 17:40:00+00:00,2025-05-10 21:45:00+00:00,2510.75,2495.8453447261736,2520.8037981734356,0.9439852055972974,2358.399480360755,2377.2218901975093,18.822409836754105,0.007981010000000049,3,0.024191974509608596,take_profit
2025-05-10 21:46:00+00:00,2025-05-10 22:21:00+00:00,2526.5,2526.5,2551.765,0.6047907551573065,1529.5333762812163,1541.7405974526503,12.207221171433957,0.007981009999999874,1,0.004159905006926664,take_profit
2025-05-10 22:22:00+00:00,2025-05-10 22:42:00+00:00,2545.47,2545.47,2570.9247,0.6005231228820015,1530.143737339788,1542.3558298089345,12.212092469146455,0.007981010000000153,1,0.003457121867474269,take_profit
2025-05-10 22:43:00+00:00,2025-05-10 23:18:00+00:00,2573.8,2573.8,2599.538,0.59415012340558,1530.7543419632452,1542.9713076739972,12.216965710751992,0.007981009999999943,1,0.006612790426606566,take_profit
2025-05-10 23:19:00+00:00,2025-05-12 07:15:00+00:00,2592.66,2549.900299776734,2575.3993027745014,1.5770332210098965,4025.3027857968,4057.428767583273,32.12598178647295,0.007981010000000207,5,0.060613424050974536,take_profit
2025-05-12 07:16:00+00:00,2025-05-12 07:27:00+00:00,2566.92,2566.92,2592.5892,0.5966054718685305,1532.9714893381065,1545.2061501242288,12.234660786122276,0.00798100999999997,1,0.003478877409502552,take_profit
2025-05-12 07:28:00+00:00,2025-05-12 07:32:00+00:00,2594.25,2594.25,2620.1925,0.5905558982962456,1533.5832223774125,1545.822765411039,12.239543033626433,0.007981010000000052,1,0.0012103690854774493,take_profit
2025-05-12 07:33:00+00:00,2025-05-13 16:09:00+00:00,2622.02,2549.1880948061926,2574.6799757542544,2.015568630592606,5143.206764135628,5184.254748752262,41.047984616633585,0.007981009999999901,6,0.08214658927086745,take_profit
2025-05-13 16:10:00+00:00,2025-05-13 16:36:00+00:00,2573.14,2573.14,2598.8714,0.5964352313364861,1536.2475987599257,1548.5084062081048,12.260807448179094,0.00798101000000009,1,0.00024483704734280077,take_profit
2025-05-13 16:37:00+00:00,2025-05-13 18:22:00+00:00,2597.25,2597.25,2623.2225,0.591134383864935,1536.8606391323347,1549.1263392618562,12.26570012952152,0.007981009999999978,1,0.007415535662720268,take_profit
2025-05-13 18:23:00+00:00,2025-05-13 18:32:00+00:00,2620.22,2620.22,2646.4222,0.5861860646108618,1537.4739241388108,1549.744518902102,12.270594763291228,0.00798101000000009,1,0.0009503018830479051,take_profit
2025-05-13 18:33:00+00:00,2025-05-13 19:00:00+00:00,2646.21,2646.21,2672.6721000000002,0.5806604035292355,1538.0874538769751,1550.362945227242,12.275491350266975,0.007981010000000194,1,0.006881540013831115,take_profit
2025-05-13 19:01:00+00:00,2025-05-13 19:19:00+00:00,2659.58,2659.58,2686.1758,0.5779719080516639,1538.7012284444886,1550.9816183357163,12.280389891227742,0.007981009999999997,1,0.002188315448303758,take_profit
2025-05-13 19:20:00+00:00,2025-05-13 19:43:00+00:00,2686.6,2686.6,2713.466,0.5723873791003912,1539.31524793905,1551.600538326004,12.285290386953875,0.007981009999999894,1,0.004083227871659272,take_profit
2025-05-13 19:44:00+00:00,2025-05-13 19:48:00+00:00,2707.9,2707.9,2734.9790000000003,0.5681116669544441,1539.9295124583978,1552.2197052966235,12.290192838225721,0.00798101000000008,1,0.00010709405812620983,take_profit
2025-05-13 19:49:00+00:00,2025-05-21 06:27:00+00:00,2727.31,2576.895537134763,2602.6644925061105,3.2989936716009787,8509.671741125512,8577.587516388152,67.91577526263973,0.007981009999999953,8,0.14816797503767445,take_profit
2025-05-21 06:28:00+00:00,2025-05-21 16:31:00+00:00,2603.76,2560.8172319342566,2586.425404253599,1.5832046378151794,4058.3560742696145,4090.745854681921,32.38978041230666,0.007981010000000031,5,0.03394322057332477,take_profit
2025-05-21 16:32:00+00:00,2025-05-21 16:44:00+00:00,2586.51,2586.51,2612.3751,0.5969486839734515,1545.5592998840561,1557.8944241120237,12.335124227967526,0.007981009999999919,1,0.000583798245512377,take_profit
2025-05-21 16:45:00+00:00,2025-05-21 23:27:00+00:00,2614.4,2571.2817506870524,2596.994568193923,1.5790451471544436,4064.234204593766,4096.670898422971,32.436693829204614,0.00798100999999993,5,0.062041003671970726,take_profit
2025-05-21 23:28:00+00:00,2025-05-22 03:33:00+00:00,2589.09,2585.0889662464415,2610.939855908906,0.7063771315402542,1827.8756043578803,1842.4638978350165,14.588293477136176,0.00798100999999994,2,0.018558644156827373,take_profit
2025-05-22 03:34:00+00:00,2025-05-22 03:42:00+00:00,2610.59,2610.59,2636.6959,0.5925782210746654,1548.5273054607717,1560.8861173709272,12.35881191015551,0.007981010000000023,1,0.0,take_profit
2025-05-22 03:43:00+00:00,2025-05-22 08:16:00+00:00,2634.73,2630.658436762912,2656.965021130541,0.6947451917221931,1829.4667667712251,1844.067759331494,14.600992560268878,0.007981010000000035,2,0.012126479753143517,take_profit
2025-05-22 08:17:00+00:00,2025-05-22 09:18:00+00:00,2658.3,2658.3,2684.8830000000003,0.5824494678511111,1549.875295684293,1562.2448659179022,12.369570233609238,0.00798100999999996,1,0.001967422789000496,take_profit
2025-05-22 09:19:00+00:00,2025-05-23 01:39:00+00:00,2681.99,2666.068806572597,2692.729494638323,0.8963752916608151,2392.190394473787,2411.282489933986,19.09209546019929,0.007981010000000021,3,0.021942661978605407,take_profit
2025-05-23 01:40:00+00:00,2025-05-23 02:18:00+00:00,2690.34,2690.34,2717.2434000000003,0.5760970474326718,1551.4483789689832,1563.8305039960185,12.382125027035272,0.007981010000000018,1,0.006921058304898394,take_profit
2025-05-23 02:19:00+00:00,2025-05-27 09:47:00+00:00,2725.3,2621.387984162051,2647.6018640036714,2.411011348622884,6326.522701660031,6377.014742607205,50.492040947174246,0.007981009999999766,7,0.09624628481268123,take_profit
2025-05-27 09:48:00+00:00,2025-05-27 13:08:00+00:00,2640.11,2640.11,2666.5111,0.5882472681745934,1554.5920872676936,1566.999302262098,12.407214994404285,0.007981009999999967,1,0.004969489907617616,take_profit
2025-05-27 13:09:00+00:00,2025-05-27 17:06:00+00:00,2661.93,2657.8164034160227,2684.394567450183,0.6903393361450242,1836.6318433729457,1851.2900204812236,14.658177108277869,0.007981009999999976,2,0.010732814161153641,take_profit
2025-05-27 17:07:00+00:00,2025-05-27 17:47:00+00:00,2683.89,2683.89,2710.7289,0.579155409318547,1555.945356872828,1568.3633723254836,12.418015452655709,0.007981010000000064,1,0.004489751815461784,take_profit
2025-05-27 17:48:00+00:00,2025-05-29 00:21:00+00:00,2710.7,2665.9935134590696,2692.6534485936604,1.533182292191814,4091.5455915252096,4124.200257806628,32.65466628141803,0.007981009999999858,5,0.03770243848452423,take_profit
2025-05-29 00:22:00+00:00,2025-05-29 00:59:00+00:00,2694.09,2694.09,2721.0309,0.5777983630719731,1558.1989909595316,1570.6349926883695,12.436001728837937,0.007981010000000004,1,0.0022233852618139096,take_profit
2025-05-29 01:00:00+00:00,2025-05-29 02:28:00+00:00,2721.5,2721.5,2748.715,0.5722072277254924,1558.8207910459735,1571.2617553675195,12.440964321546062,0.007981010000000153,1,0.008774572845857104,take_profit
2025-05-29 02:29:00+00:00,2025-05-29 02:32:00+00:00,2747.41,2747.41,2774.8840999999998,0.5670370990943429,1559.4428392620505,1571.888768156629,12.445928894578628,0.007981009999999879,1,0.0018672131207208443,take_profit
2025-05-29 02:33:00+00:00,2025-06-03 01:46:00+00:00,2772.8,2619.876708319652,2646.0754754028485,3.2859886590798872,8617.502654380303,8686.279029239939,68.77637485963533,0.007981009999999952,8,0.10972302365839592,take_profit
2025-06-03 01:47:00+00:00,2025-06-03 14:55:00+00:00,2643.94,2628.2446841522724,2654.5271309937953,0.9169051098229386,2412.2632440082025,2431.5155410812645,19.252297073061982,0.007981010000000031,3,0.02066612706793644,take_profit
2025-06-03 14:56:00+00:00,2025-06-04 15:17:00+00:00,2650.0,2634.268709956929,2660.6113970564984,0.91537156542743,2413.7484212109816,2433.012571498151,19.264150287169286,0.007981010000000096,3,0.02830188679245283,take_profit
2025-06-04 15:18:00+00:00,2025-06-07 22:32:00+00:00,2657.21,2510.661637375239,2535.7682537489914,3.440722017468694,8647.13591004103,8716.148788210425,69.01287816939475,0.00798100999999979,8,0.10376296943034245,take_profit
2025-06-07 22:33:00+00:00,2025-06-09 11:38:00+00:00,2536.58,2521.5220091707724,2546.73722926248,0.9589992854506257,2420.558363406203,2439.8768639101313,19.318500503928135,0.007981009999999832,3,0.02320052984727464,take_profit
2025-06-09 11:39:00+00:00,2025-06-09 16:24:00+00:00,2545.96,2542.025616917446,2567.4458730866204,0.728576397357745,1853.9137797445567,1868.7098841598356,14.796104415278933,0.007981009999999908,2,0.01414790491602381,take_profit
2025-06-09 16:25:00+00:00,2025-06-09 20:59:00+00:00,2566.79,2566.79,2592.4579,0.6112753925413574,1570.586150972203,1583.1210147489737,12.534863776770635,0.007981009999999983,1,0.004250445108481744,take_profit
2025-06-09 21:00:00+00:00,2025-06-09 21:07:00+00:00,2589.47,2589.47,2615.3646999999996,0.6061633003150763,1571.2128941610415,1583.7527599814696,12.539865820428076,0.007981009999999912,1,0.0,take_profit
2025-06-09 21:08:00+00:00,2025-06-09 21:51:00+00:00,2615.0,2615.0,2641.15,0.6004849130266199,1571.839887452063,1584.3847573122168,12.544869860153767,0.007981009999999986,1,0.0006730401529637546,take_profit
2025-06-09 21:52:00+00:00,2025-06-09 22:59:00+00:00,2641.92,2641.92,2668.3392,0.5946034186554193,1572.4671309450707,1585.0170068418142,12.549875896743515,0.007981009999999743,1,0.001025769137596913,take_profit
2025-06-09 23:00:00+00:00,2025-06-09 23:44:00+00:00,2665.93,2665.93,2692.5892999999996,0.5894834185875728,1573.0946247399079,1585.6495086709033,12.554883930995402,0.007981009999999967,1,0.003030837268795478,take_profit
2025-06-09 23:45:00+00:00,2025-06-10 00:28:00+00:00,2691.7,2691.7000000000003,2718.617,0.5840727594336372,1573.7223689364578,1586.2822629001635,12.55989396370569,0.007981010000000083,1,0.0052643310918748815,take_profit
2025-06-10 00:29:00+00:00,2025-06-10 11:16:00+00:00,2716.81,2700.6821033577676,2727.688924391345,0.8985021610550141,2428.9977038934485,2448.383558858199,19.385854964750706,0.007981010000000023,3,0.022526418851520652,take_profit
2025-06-10 11:17:00+00:00,2025-06-10 11:21:00+00:00,2730.5,2730.5,2757.805,0.5763575670120848,1575.3196563828806,1587.8922983136688,12.572641930788222,0.007981009999999929,1,0.0008240249038637612,take_profit
2025-06-10 11:22:00+00:00,2025-06-10 11:34:00+00:00,2752.12,2752.12,2779.6412,0.572058028062345,1575.9482884794202,1588.5259475292573,12.577659049837166,0.007981010000000018,1,0.0039315146141882295,take_profit
2025-06-10 11:35:00+00:00,2025-06-10 19:08:00+00:00,2777.67,2739.479073484364,2766.873864219208,1.3031679568370307,3573.574921912333,3602.0956590998644,28.520737187531267,0.00798100999999992,4,0.03156242462207536,take_profit
2025-06-10 19:09:00+00:00,2025-06-10 19:35:00+00:00,2767.5,2767.5,2795.175,0.5696206703100262,1578.0032082912885,1590.5972676766937,12.594059385405217,0.00798101000000023,1,0.002168021680216802,take_profit
2025-06-10 19:36:00+00:00,2025-06-10 22:06:00+00:00,2795.19,2778.5968133526444,2806.382781486171,0.8756828073551189,2435.605063087719,2455.0436514522726,19.438588364553652,0.007981009999999974,3,0.021558462930963626,take_profit
2025-06-10 22:07:00+00:00,2025-06-11 14:18:00+00:00,2811.87,2795.1777952704106,2823.1295732231147,0.871024201337474,2437.1046113329844,2456.5551676070786,19.450556274094197,0.00798100999999981,3,0.02058061005665265,take_profit
2025-06-11 14:19:00+00:00,2025-06-11 14:34:00+00:00,2822.0,2822.0,2850.22,0.5595311095407508,1580.5773684924911,1593.1919722762034,12.614603783712255,0.007981009999999998,1,0.00013819985825651052,take_profit
2025-06-11 14:35:00+00:00,2025-06-24 16:43:00+00:00,2853.72,2449.601393338203,2474.097407271585,7.296023757428196,17890.240202226967,18033.02238818334,142.78218595637372,0.007981009999999903,11,0.2599519224030388,take_profit
2025-06-24 16:44:00+00:00,2025-06-26 01:34:00+00:00,2463.36,2448.7366676828306,2473.224034359659,0.9997572522364371,2450.592835168364,2470.1510410917717,19.558205923407513,0.007981010000000182,3,0.02990630683294365,take_profit
2025-06-26 01:35:00+00:00,2025-06-26 02:53:00+00:00,2464.48,2464.48,2489.1248,0.6442477898613056,1589.325118275666,1602.0095379378754,12.684419662209393,0.007981010000000075,1,0.005652307991949553,take_profit
2025-06-26 02:54:00+00:00,2025-06-29 22:30:00+00:00,2499.01,2457.7948316188995,2482.3727799350886,1.6987351085460938,4179.321691765926,4212.676899981127,33.355208215200946,0.007981010000000042,5,0.04661045774126554,take_profit
2025-06-29 22:31:00+00:00,2025-06-29 22:48:00+00:00,2481.26,2481.26,2506.0726000000004,0.6408177589490286,1591.6270996695364,1604.32989146827,12.702791798733642,0.007981010000000047,1,0.004050361509878119,take_profit
2025-06-29 22:49:00+00:00,2025-06-30 17:56:00+00:00,2507.49,2473.013850447068,2497.7439889515385,1.4579451764604352,3609.127742321472,3637.932226924217,28.804484602745106,0.007981010000000004,4,0.03050460819385114,take_profit
2025-06-30 17:57:00+00:00,2025-07-02 15:10:00+00:00,2497.26,2456.073693666137,2480.634430602798,1.7039275373552347,4189.1607611726895,4222.594495099215,33.43373392652575,0.007981009999999738,5,0.04975853535474889,take_profit
2025-07-02 15:11:00+00:00,2025-07-02 16:05:00+00:00,2482.65,2482.65,2507.4765,0.6419667597268043,1595.3741501859367,1608.1068472323122,12.732697046375506,0.007981010000000026,1,0.0,take_profit
2025-07-02 16:06:00+00:00,2025-07-02 16:16:00+00:00,2515.05,2515.05,2540.2005000000004,0.6339495335095593,1596.0107850382556,1608.7485630737538,12.737778035498195,0.007981010000000018,1,0.0006719548319119121,take_profit
2025-07-02 16:17:00+00:00,2025-07-02 17:17:00+00:00,2547.95,2547.95,2573.4294999999997,0.6260134721113407,1596.6476739400305,1609.3905349922227,12.742861052192211,0.007981010000000056,1,0.006361977275849227,take_profit
2025-07-02 17:18:00+00:00,2025-07-02 19:56:00+00:00,2569.59,2569.59,2595.2859000000003,0.6209891586500754,1597.2848169926401,1610.0327630899067,12.74794609726655,0.007981010000000075,1,0.006736483252191962,take_profit
2025-07-02 19:57:00+00:00,2025-07-03 13:37:00+00:00,2596.65,2592.6372834485564,2618.563656283042,0.7271294698810468,1887.0700435513374,1902.1307684396209,15.060724888283403,0.007981009999999863,2,0.015608572583906263,take_profit
2025-07-03 13:38:00+00:00,2025-07-08 17:08:00+00:00,2624.06,2580.7824321863013,2606.590256508164,1.626650043295307,4202.232087138754,4235.770143448529,33.53805630977513,0.007981009999999967,5,0.057094731065600694,take_profit
2025-07-08 17:09:00+00:00,2025-07-09 05:38:00+00:00,2605.31,2605.31,2631.3631,0.613651274206927,1600.3521533574062,1613.1245798968735,12.772426539467233,0.00798101000000015,1,0.005960902925179631,take_profit
2025-07-09 05:39:00+00:00,2025-07-09 12:16:00+00:00,2632.0,2627.932655551037,2654.2119821065476,0.7187410869868793,1890.6938672463148,1905.7835139077467,15.08964666143197,0.007981010000000243,2,0.010497720364741683,take_profit
2025-07-09 12:17:00+00:00,2025-07-09 18:08:00+00:00,2657.76,2653.652847498983,2680.1893759739733,0.7121102113488538,1891.5848749539425,1906.681632756799,15.096757802856473,0.007981010000000163,2,0.010629251700680272,take_profit
2025-07-09 18:09:00+00:00,2025-07-09 19:18:00+00:00,2700.04,2700.04,2727.0404,0.5929162511713482,1602.5000949075943,1615.289664190053,12.789569282458615,0.007981010000000097,1,0.00038888312765743543,take_profit
2025-07-09 19:19:00+00:00,2025-07-09 19:41:00+00:00,2730.74,2730.74,2758.0474,0.5864844085479927,1603.139573371717,1615.9342463381927,12.794672966475673,0.007981010000000167,1,0.0001647904963489084,take_profit
2025-07-09 19:42:00+00:00,2025-07-09 19:53:00+00:00,2760.16,2760.16,2787.7616,0.580464729476922,1603.7793070200407,1616.5790857071609,12.799778687120124,0.007981010000000068,1,0.002883890788939785,take_profit
2025-07-09 19:54:00+00:00,2025-07-10 07:08:00+00:00,2785.81,2781.504966246441,2809.3200159089056,0.6805121931419833,1894.7427876032873,1909.864748738577,15.121961135289666,0.007981009999999976,2,0.01941625595428265,take_profit
2025-07-10 07:09:00+00:00,2025-07-10 18:05:00+00:00,2812.0,2807.6544936966247,2835.731038633591,0.6744918478936166,1895.6357034036566,1910.7647909088782,15.129087505221605,0.007981009999999993,2,0.018926031294452274,take_profit
2025-07-10 18:06:00+00:00,2025-07-10 21:18:00+00:00,2836.11,2831.7272354615698,2860.0445078161856,0.6690730968833515,1896.5290399992032,1911.6652572327273,15.136217233524121,0.007981010000000042,2,0.014220181868827347,take_profit
2025-07-10 21:19:00+00:00,2025-07-10 21:23:00+00:00,2853.53,2853.53,2882.0653,0.5624899582583152,1606.6886592480982,1619.511657504444,12.822998256345727,0.007981010000000038,1,4.205317624147831e-05,take_profit
2025-07-10 21:24:00+00:00,2025-07-10 21:40:00+00:00,2901.68,2901.68,2930.6967999999997,0.5533768297509561,1607.3298091609154,1620.1579244411266,12.82811528021125,0.007981009999999933,1,0.002567478150588562,take_profit
2025-07-10 21:41:00+00:00,2025-07-10 21:42:00+00:00,2927.9,2927.9,2957.179,0.5486400641107965,1607.971214924926,1620.804449270954,12.833234346027893,0.007981009999999945,1,0.0006318521807438468,take_profit
2025-07-10 21:43:00+00:00,2025-07-10 21:50:00+00:00,2969.27,2964.68145750305,2994.3282720780803,0.6401347121767951,1899.6952067012971,1914.8566931429325,15.161486441635361,0.007981010000000127,2,0.011208142068589317,take_profit
2025-07-10 21:51:00+00:00,2025-07-10 21:53:00+00:00,2964.82,2964.82,2994.4682000000003,0.5422796594779261,1609.3709509643093,1622.215356617665,12.844405653355807,0.00798101000000009,1,0.0002023731626204504,take_profit
2025-07-10 21:54:00+00:00,2025-07-11 05:30:00+00:00,2987.08,2969.3476898634503,2999.0411667620847,0.8357176593035635,2484.0203213524787,2503.8453123773957,19.824991024916926,0.00798100999999983,3,0.024549057942873955,take_profit
2025-07-11 05:31:00+00:00,2025-07-11 09:36:00+00:00,3004.67,3000.026752338349,3030.0270198617327,0.6335333461538581,1902.5195064664726,1917.7035336727768,15.184027206304108,0.007981010000000066,2,0.013698675728116517,take_profit
2025-07-11 09:37:00+00:00,2025-07-13 14:19:00+00:00,3037.54,2987.4430725910147,3017.317503316925,1.4167296474503677,4236.635806816728,4270.448439557291,33.81263274056255,0.00798101000000004,5,0.044012589134628695,take_profit
2025-07-13 14:20:00+00:00,2025-07-14 03:42:00+00:00,3018.12,3000.203425998191,3030.205460258173,0.8288904909486923,2489.3294201417307,2509.196783137176,19.867362995445546,0.007981010000000077,3,0.025804142976422445,take_profit
2025-07-14 03:43:00+00:00,2025-07-14 09:43:00+00:00,3037.71,3037.71,3068.0871,0.5309371777830646,1614.4476219453386,1627.3325445605606,12.884922615221967,0.00798101,1,0.00684726323447603,take_profit
2025-07-14 09:44:00+00:00,2025-07-15 13:45:00+00:00,3067.6,3017.0073050824667,3047.1773781332913,1.405743680984564,4245.384338942889,4279.266793805836,33.88245486294636,0.007981009999999946,5,0.04405398357021772,take_profit
2025-07-15 13:46:00+00:00,2025-07-15 16:41:00+00:00,3050.82,3032.709307815396,3063.0364008935503,0.8216993755947941,2494.469814406838,2514.3782029403174,19.90838853347941,0.007981010000000118,3,0.027474580604558825,take_profit
2025-07-15 16:42:00+00:00,2025-07-15 17:48:00+00:00,3062.81,3062.8100000000004,3093.4381000000003,0.5276734857322769,1617.781410245921,1630.6929398589077,12.91152961298667,0.00798100999999992,1,0.008724014875228892,take_profit
2025-07-15 17:49:00+00:00,2025-07-15 23:00:00+00:00,3094.5,3076.130008664799,3106.891308751447,0.8109230195085066,2497.001636663851,2516.930231696082,19.928595032230987,0.00798101000000017,3,0.020962998868961025,take_profit
2025-07-15 23:01:00+00:00,2025-07-16 00:40:00+00:00,3118.7,3118.7,3149.8869999999997,0.5187430637963587,1619.423416478182,1632.3480509593285,12.92463448114654,0.007981010000000004,1,0.000625260525218783,take_profit
2025-07-16 00:41:00+00:00,2025-07-16 07:35:00+00:00,3145.2,3140.3395851972346,3171.7429810492067,0.6086322295379162,1913.2251083531205,1928.494577075138,15.269468722017564,0.007981010000000118,2,0.014053160371359475,take_profit
2025-07-16 07:36:00+00:00,2025-07-16 14:04:00+00:00,3170.99,3170.99,3202.6998999999996,0.5106330478862128,1620.8331216383401,1633.7690069904668,12.935885352126661,0.007981009999999908,1,0.008571455602193585,take_profit
2025-07-16 14:05:00+00:00,2025-07-16 14:33:00+00:00,3199.76,3199.76,3231.7576000000004,0.5062437295266021,1621.4799159059464,1634.4209633295911,12.941047423644704,0.007981010000000115,1,0.006359851988899281,take_profit
2025-07-16 14:34:00+00:00,2025-07-16 16:29:00+00:00,3241.34,3236.3310158601053,3268.6943260187063,0.591329824208338,1915.654705393942,1930.943564754238,15.288859360295874,0.007981009999999879,2,0.010458637477092836,take_profit
2025-07-16 16:30:00+00:00,2025-07-16 17:20:00+00:00,3263.5,3263.5,3296.135,0.4967882702110919,1622.8914112451434,1635.8437238272054,12.95231258206195,0.007981010000000214,1,0.0025279607783055004,take_profit
2025-07-16 17:21:00+00:00,2025-07-16 18:02:00+00:00,3293.04,3293.04,3325.9704,0.4925283287926574,1623.5390268742467,1636.4965080831205,12.957481208873787,0.007981010000000096,1,0.005860845905303362,take_profit
2025-07-16 18:03:00+00:00,2025-07-16 18:36:00+00:00,3326.0,3326.0,3359.26,0.4878420667569921,1624.1869009346906,1637.1495528329192,12.962651898228614,0.007981009999999901,1,0.0009230306674684797,take_profit
2025-07-16 18:37:00+00:00,2025-07-16 20:04:00+00:00,3358.0,3358.0,3391.58,0.4833860031256916,1624.8350335296018,1637.802858180552,12.967824650950206,0.007981010000000073,1,0.008743299583085208,take_profit
2025-07-16 20:05:00+00:00,2025-07-17 06:23:00+00:00,3394.58,3374.428632998336,3408.1729193283195,0.7424607529931773,2507.888712490173,2527.9041973834437,20.015484893270695,0.0079810099999998,3,0.024689357740869253,take_profit
2025-07-17 06:24:00+00:00,2025-07-17 07:37:00+00:00,3411.82,3411.82,3445.9382,0.4762436807357381,1626.4841990068128,1639.4651856639282,12.980986657115409,0.007981010000000028,1,0.0009877426124474168,take_profit
2025-07-17 07:38:00+00:00,2025-07-17 21:09:00+00:00,3446.34,3425.881368253949,3460.1401819364883,0.7320521205627216,2510.4341545812026,2530.469954673257,20.03580009205416,0.007981010000000014,3,0.024704469088946628,take_profit
2025-07-17 21:10:00+00:00,2025-07-17 21:15:00+00:00,3454.07,3454.07,3488.6107,0.4708957558202141,1628.1350383442712,1641.1292003666472,12.994162022376031,0.007981010000000012,1,0.00016502271233650843,take_profit
2025-07-17 21:16:00+00:00,2025-07-18 00:45:00+00:00,3494.89,3489.4891939812933,3524.3840859211064,0.5506805152065277,1923.5172243736033,1938.8688345765013,15.351610202897973,0.00798101,2,0.015119216913836971,take_profit
2025-07-18 00:46:00+00:00,2025-07-18 01:11:00+00:00,3527.21,3527.21,3562.4821,0.4615327056309602,1629.5523269555347,1642.5578003724902,13.00547341695551,0.007981010000000073,1,0.002718862783900064,take_profit
2025-07-18 01:12:00+00:00,2025-07-18 01:40:00+00:00,3563.61,3563.61,3599.2461000000003,0.4570007374616628,1630.2026006263827,1643.2132638840078,13.010663257625083,0.007981009999999948,1,0.00043214605414171683,take_profit
2025-07-18 01:41:00+00:00,2025-07-18 05:06:00+00:00,3610.75,3610.75,3646.8575,0.45121436838758555,1630.853133789264,1643.8689889585673,13.01585516930345,0.007981009999999998,1,0.009624039327009623,take_profit
2025-07-18 05:07:00+00:00,2025-07-18 14:13:00+00:00,3639.4,3633.775876372509,3670.1136351362343,0.5296974231841127,1926.7284465896987,1942.1056855892157,15.377238999516976,0.007981010000000064,2,0.015659174589218068,take_profit
2025-07-18 14:14:00+00:00,2025-07-20 03:27:00+00:00,3668.26,3607.7608609146596,3643.838469523806,1.1880651836711609,4290.54561547968,4324.78850294228,34.242887462599356,0.00798100999999997,5,0.05198104823540324,take_profit
2025-07-20 03:28:00+00:00,2025-07-20 03:35:00+00:00,3639.04,3639.04,3675.4304,0.4485663658376835,1633.9849328708347,1647.0257829599261,13.040850089091464,0.007981010000000002,1,0.0004973839254308679,take_profit
2025-07-20 03:36:00+00:00,2025-07-20 08:48:00+00:00,3683.31,3677.618020333469,3714.3942005368035,0.5243877936674122,1930.4284280622462,1945.835196650895,15.406768588648902,0.007981009999999913,2,0.013610040968585351,take_profit
2025-07-20 08:49:00+00:00,2025-07-20 11:47:00+00:00,3711.39,3711.39,3748.5038999999997,0.44020485761154643,1635.407313804722,1648.4595159302705,13.052202125548547,0.007981009999999953,1,0.004434996052691859,take_profit
2025-07-20 11:48:00+00:00,2025-07-20 15:33:00+00:00,3743.0,3743.0,3780.43,0.4366614651314689,1636.0599239109993,1649.1173345243321,13.057410613332877,0.00798100999999997,1,0.00482500667913437,take_profit
2025-07-20 15:34:00+00:00,2025-07-20 16:50:00+00:00,3778.25,3778.25,3816.0325000000003,0.43276016188638244,1636.7127944416661,1649.7754156212332,13.062621179567032,0.007981010000000092,1,0.004126248924766796,take_profit
2025-07-20 16:51:00+00:00,2025-07-21 06:18:00+00:00,3816.89,3753.939566011285,3791.478961671398,1.1453645646102002,4303.933289887406,4338.283024513331,34.34973462592461,0.007981010000000075,5,0.035445087492696925,take_profit
2025-07-21 06:19:00+00:00,2025-07-21 11:24:00+00:00,3791.28,3791.28,3829.1928000000003,0.4318974934111194,1639.0834122319407,1652.1649533357981,13.08154110385749,0.007981010000000151,1,0.009484923297672563,take_profit
2025-07-21 11:25:00+00:00,2025-07-21 14:47:00+00:00,3825.84,3819.927762505084,3858.127040130135,0.5064272312180496,1936.4518921105193,1951.9067340259724,15.454841915453017,0.007981010000000021,2,0.013186646592643778,take_profit
2025-07-21 14:48:00+00:00,2025-07-24 15:07:00+00:00,3855.49,3708.485362733257,3745.5702163605893,1.8013675384041905,6687.032181256033,6740.401451964961,53.369270708927615,0.00798101000000021,7,0.09146437936552809,take_profit
2025-07-24 15:08:00+00:00,2025-07-25 09:33:00+00:00,3745.77,3683.9925196110157,3720.8324448071257,1.171254646680381,4319.212569499668,4353.684248208969,34.47167870930116,0.00798100999999968,5,0.04592113237064736,take_profit
2025-07-25 09:34:00+00:00,2025-07-25 21:11:00+00:00,3720.9,3669.7403523557414,3706.437755879299,1.014980996637964,3728.445165401985,3758.2019235515104,29.756758149525467,0.007981010000000153,4,0.032072885592195476,take_profit
2025-07-25 21:12:00+00:00,2025-07-26 02:32:00+00:00,3714.01,3714.01,3751.1501000000003,0.44284849169618073,1646.3901167612935,1659.5299727470667,13.139855985773238,0.007981010000000113,1,0.0044022498593165775,take_profit
2025-07-26 02:33:00+00:00,2025-07-26 22:24:00+00:00,3759.84,3754.0297551850344,3791.570052736885,0.517614203426833,1945.0842055763067,1960.6079420718531,15.523736495546473,0.007981009999999955,2,0.013418124175496902,take_profit
2025-07-26 22:25:00+00:00,2025-07-27 10:41:00+00:00,3782.1,3776.255355835706,3814.017909394063,0.5148102183835517,1946.0008452550915,1961.5318974610807,15.531052205989226,0.007981009999999943,2,0.013511012400518206,take_profit
2025-07-27 10:42:00+00:00,2025-07-27 18:17:00+00:00,3815.0,3815.0,3853.15,0.4317041282166877,1648.5998489956592,1661.757340876492,13.157491880832822,0.007981009999999986,1,0.006165137614678894,take_profit
2025-07-27 18:18:00+00:00,2025-07-28 02:31:00+00:00,3856.51,3850.5503668157794,3889.0558704839373,0.5053166314640167,1947.6948354773608,1963.2394074362542,15.544571958893357,0.007981010000000096,2,0.010501723060487331,take_profit
2025-07-28 02:32:00+00:00,2025-07-28 05:16:00+00:00,3895.85,3895.85,3934.8085,0.4231130349565455,1650.0349521876456,1663.2038976414046,13.168945453759079,0.007981009999999974,1,0.00714093201740306,take_profit
2025-07-28 05:17:00+00:00,2025-08-07 10:03:00+00:00,3935.0,3717.9799651030835,3755.1597647541143,2.4499857154703966,9118.115920828508,9190.887695173798,72.7717743452904,0.007981009999999875,8,0.14757814485387544,take_profit
2025-08-07 10:04:00+00:00,2025-08-07 10:30:00+00:00,3770.62,3770.62,3808.3262,0.4383039543070956,1654.3319881775983,1667.535228318564,13.20324014096559,0.007981010000000179,1,0.0026361712397430805,take_profit
2025-08-07 10:31:00+00:00,2025-08-07 12:46:00+00:00,3812.71,3812.7100000000005,3850.8371000000006,0.4336383197343784,1654.9921501846466,1668.2006590851918,13.208508900545212,0.007981010000000028,1,0.0042515690938991,take_profit
2025-08-07 12:47:00+00:00,2025-08-07 20:51:00+00:00,3846.91,3840.965202114681,3879.3748541358277,0.5085418642410979,1955.246851219805,1970.8516958918588,15.604844672053787,0.007981010000000005,2,0.01725280809792792,take_profit
2025-08-07 20:52:00+00:00,2025-08-07 22:53:00+00:00,3879.99,3879.99,3918.7898999999998,0.4264898582329885,1656.4328178632763,1669.6528247469714,13.220006883695078,0.007981010000000054,1,0.005481972891682706,take_profit
2025-08-07 22:54:00+00:00,2025-08-08 03:23:00+00:00,3921.46,3915.3999967466452,3954.5539967141117,0.4993083574623095,1956.948890073573,1972.567318734739,15.618428661166035,0.007981009999999974,2,0.010572592860822254,take_profit
2025-08-08 03:24:00+00:00,2025-08-08 13:47:00+00:00,3946.52,3940.4212704351357,3979.825483139487,0.49637160997311125,1957.8711210992801,1973.4969100954845,15.625788996204392,0.007981009999999912,2,0.01573031430222067,take_profit
2025-08-08 13:48:00+00:00,2025-08-08 17:33:00+00:00,3984.81,3978.6520992273277,4018.438620219601,0.49183365223828884,1958.7937867352466,1974.4269395351184,15.633152799871823,0.007981009999999976,2,0.014959307972023793,take_profit
2025-08-08 17:34:00+00:00,2025-08-08 19:00:00+00:00,4021.6,4021.6,4061.816,0.4122185819185383,1659.4376867303238,1672.6816755024954,13.243988772171633,0.007981010000000031,1,0.002941615277501474,take_profit
2025-08-08 19:01:00+00:00,2025-08-09 04:37:00+00:00,4064.0,4057.719723464823,4098.296920699471,0.4826697129796885,1960.498913189977,1976.1456746211354,15.646761431158438,0.00798101000000005,2,0.01411663385826769,take_profit
2025-08-09 04:38:00+00:00,2025-08-09 05:05:00+00:00,4089.91,4089.91,4130.8090999999995,0.40568651682219153,1660.88222424049,1674.1377418809752,13.255517640485323,0.007981009999999837,1,0.003780034279482932,take_profit
2025-08-09 05:06:00+00:00,2025-08-09 05:06:00+00:00,4149.25,4149.25,4190.7425,0.40004421404407825,1661.5450001225142,1674.805807383942,13.260807261427772,0.00798100999999999,1,0.002277520033740994,take_profit
2025-08-09 05:07:00+00:00,2025-08-09 09:47:00+00:00,4173.28,4173.28,4215.0127999999995,0.3978994537737942,1662.2080404855856,1675.4741394787811,13.266098993195556,0.007981009999999815,1,0.007346739255453709,take_profit
2025-08-09 09:48:00+00:00,2025-08-09 19:45:00+00:00,4233.99,4227.447030500203,4269.721500805205,0.46406450242441155,1963.7718746092419,1979.4447575782174,15.6728829689755,0.007981010000000201,2,0.019088377629611717,take_profit
2025-08-09 19:46:00+00:00,2025-08-09 22:23:00+00:00,4267.1,4267.1,4309.771000000001,0.3894896615017483,1663.654989583694,1676.9326366921114,13.27764710841734,0.00798100999999999,1,0.0029059548639592567,take_profit
2025-08-09 22:24:00+00:00,2025-08-11 01:25:00+00:00,4320.75,4249.48960537067,4291.9845014243765,1.028454393264802,4374.781034811387,4409.696205998026,34.91517118663887,0.007981009999999735,5,0.0388080773013945,take_profit
2025-08-11 01:26:00+00:00,2025-08-11 02:02:00+00:00,4298.99,4298.99,4341.9799,0.38716037159145483,1666.0646304984466,1679.3615089751013,13.296878476654683,0.007981010000000165,1,0.002091188860639309,take_profit
2025-08-11 02:03:00+00:00,2025-08-11 13:47:00+00:00,4330.32,4258.901771203778,4301.490788915816,1.0276678339335281,4381.117475624277,4416.08321800841,34.96574238413268,0.00798101000000013,5,0.037768571375787305,take_profit
2025-08-11 13:48:00+00:00,2025-08-11 16:01:00+00:00,4298.54,4298.54,4341.5254,0.3877617246274188,1668.4777615414862,1681.7938992411268,13.316137699640649,0.007981010000000259,1,0.009361318028912092,take_profit
2025-08-11 16:02:00+00:00,2025-08-12 04:32:00+00:00,4344.89,4273.231474044778,4315.963788785226,1.0257051736321396,4387.4630941495725,4422.479480978611,35.01638682903831,0.007981009999999915,5,0.03564877361682351,take_profit
2025-08-12 04:33:00+00:00,2025-08-12 12:31:00+00:00,4318.91,4312.235799918666,4355.358157917853,0.45713489482326586,1973.2467055544957,1988.995207243993,15.748501689497289,0.0079810099999999,2,0.014353158551578937,take_profit
2025-08-12 12:32:00+00:00,2025-08-12 12:41:00+00:00,4355.77,4355.77,4399.327700000001,0.3834018166798391,1671.681812852395,1685.0235221175885,13.341709265193458,0.007981010000000219,1,0.0023509046620920505,take_profit
2025-08-12 12:42:00+00:00,2025-08-12 15:05:00+00:00,4400.53,4393.729668971127,4437.666965660838,0.44904661813154445,1974.9644132489634,1990.726623980748,15.762210731784535,0.007981010000000215,2,0.01084187586495264,take_profit
2025-08-12 15:06:00+00:00,2025-08-12 15:55:00+00:00,4431.11,4431.11,4475.4211,0.3772110987638293,1673.137008852244,1686.4903320512635,13.353323199019542,0.007981009999999816,1,0.0035250761095977964,take_profit
2025-08-12 15:56:00+00:00,2025-08-12 20:08:00+00:00,4478.58,4478.58,4523.3658,0.37336184021211694,1673.8046750121948,1687.1633268615137,13.358651849318903,0.007981009999999896,1,0.008529489257755766,take_profit
2025-08-12 20:09:00+00:00,2025-08-12 20:17:00+00:00,4530.07,4530.07,4575.3706999999995,0.3692654053904368,1674.4726076046607,1687.8365902306793,13.363982626018696,0.007981009999999894,1,0.001940367367391666,take_profit
2025-08-12 20:18:00+00:00,2025-08-12 20:54:00+00:00,4585.31,4585.31,4631.163100000001,0.3649623833348728,1675.1408067359616,1688.5101222659296,13.369315529967935,0.007981010000000094,1,2.1808776288229754e-06,take_profit
2025-08-12 20:55:00+00:00,2025-08-13 04:01:00+00:00,4629.06,4621.906511590078,4668.125576705978,0.42776111859629506,1979.0509503956673,1994.8457758212844,15.794825425617091,0.007981009999999882,2,0.01420158736330933,take_profit
2025-08-13 04:02:00+00:00,2025-08-13 09:53:00+00:00,4659.37,4652.169672224481,4698.691368946726,0.4251787344392558,1979.9835972303226,1995.7858661196537,15.802268889331117,0.007981009999999969,2,0.010980025196539416,take_profit
2025-08-13 09:54:00+00:00,2025-08-13 18:01:00+00:00,4698.54,4691.279141114273,4738.191932525417,0.4218328748670809,1980.916683583788,1996.7263994446369,15.809715860848883,0.007981009999999917,2,0.017567159160079508,take_profit
2025-08-13 18:02:00+00:00,2025-08-13 23:41:00+00:00,4743.11,4735.780265148434,4783.138067799919,0.4180659254872485,1981.8502096631905,1997.6673760050146,15.817166341824077,0.007981010000000028,2,0.011511434480751967,take_profit
2025-08-13 23:42:00+00:00,2025-08-14 14:32:00+00:00,4775.74,4643.084168652308,4689.515010338831,1.211031261733318,5628.548627724725,5673.470130608081,44.92150288335597,0.007981009999999763,6,0.06792873983927096,take_profit
2025-08-14 14:33:00+00:00,2025-08-15 06:45:00+00:00,4692.84,4615.442874424047,4661.597303168287,0.956523285340638,4419.197779325452,4454.467440994226,35.26966166877446,0.007981010000000054,5,0.05107994306219688,take_profit
2025-08-15 06:46:00+00:00,2025-08-22 14:03:00+00:00,4651.73,4395.181434070893,4439.133248411602,2.113033282901358,9296.461115697617,9370.65626482661,74.19514912899285,0.007981009999999894,8,0.12720643717498642,take_profit
2025-08-22 14:04:00+00:00,2025-08-22 14:07:00+00:00,4440.05,4440.05,4484.4505,0.37950092842093563,1686.689787022398,1700.1512750795214,13.46148805712346,0.007981009999999901,1,0.003355818065112002,take_profit
2025-08-22 14:08:00+00:00,2025-08-22 14:12:00+00:00,4485.36,4485.36,4530.2136,0.37581721390564615,1687.362861425254,1700.829721295918,13.466859870663939,0.00798101000000022,1,0.003413326912443927,take_profit
2025-08-22 14:13:00+00:00,2025-08-22 14:14:00+00:00,4538.7,4538.7,4584.0869999999995,0.37154871840270753,1688.0362044187873,1701.5084382466157,13.472233827828404,0.00798101000000001,1,0.00027540925815762224,take_profit
2025-08-22 14:15:00+00:00,2025-08-22 14:16:00+00:00,4595.96,4595.96,4641.9196,0.367066098550481,1688.7098161101787,1702.1874260396526,13.477609929473829,0.007981010000000196,1,0.0005374285241821631,take_profit
2025-08-22 14:17:00+00:00,2025-08-22 15:04:00+00:00,4641.87,4614.314300636894,4660.457443643263,0.5643029616065036,2606.477703335978,2627.2800279510793,20.802324615101497,0.007981010000000009,3,0.022363831817780226,take_profit
2025-08-22 15:05:00+00:00,2025-08-22 16:07:00+00:00,4647.79,4647.79,4694.2679,0.3633411554791783,1690.4238128374075,1703.9151021919008,13.491289354493347,0.007981009999999922,1,0.006992570662615996,take_profit
2025-08-22 16:08:00+00:00,2025-08-22 16:08:00+00:00,4696.15,4696.15,4743.1115,0.3597430403474819,1691.0983773051319,1704.5950503653883,13.496673060256398,0.007981010000000217,1,0.000598362488421258,take_profit
2025-08-22 16:09:00+00:00,2025-08-22 17:13:00+00:00,4742.92,4742.92,4790.349200000001,0.3563377492656816,1691.773210958145,1705.2752698725342,13.502058914389181,0.00798101000000007,1,0.007611344909886813,take_profit
2025-08-22 17:14:00+00:00,2025-08-22 17:25:00+00:00,4795.49,4795.49,4843.4448999999995,0.35257207617781716,1692.4483139038643,1705.9557608216141,13.507446917749803,0.007981009999999955,1,0.0006109907433858442,take_profit
2025-08-22 17:26:00+00:00,2025-08-22 21:06:00+00:00,4840.41,4832.929903212688,4881.259202244815,0.4133101431384627,1999.4984485235163,2015.4564656361672,15.95801711265085,0.00798101000000009,2,0.01801087097993771,take_profit
2025-08-22 21:07:00+00:00,2025-08-24 17:13:00+00:00,4880.02,4799.535789851527,4847.531147750042,0.9267857324087332,4452.59388610558,4488.130082436527,35.53619633094695,0.007981009999999877,5,0.04514735595345933,take_profit
2025-08-24 17:14:00+00:00,2025-08-24 17:40:00+00:00,4854.57,4854.57,4903.115699999999,0.3489501023829113,1695.6983969219314,1709.2317827847494,13.533385862818022,0.00798101000000007,1,0.00027808848157498075,take_profit
2025-08-24 17:41:00+00:00,2025-08-24 18:18:00+00:00,4895.14,4895.14,4944.0914,0.3461961641850605,1696.3750662150721,1709.9138525822852,13.538786367213106,0.007981009999999972,1,0.002253255269512344,take_profit
2025-08-24 18:19:00+00:00,2025-09-12 22:21:00+00:00,4941.03,4668.526187286731,4715.2114491595985,2.0059473724356973,9374.192030565628,9449.007550903492,74.81552033786465,0.007981010000000007,8,0.14782747726688567,take_profit
2025-09-12 22:22:00+00:00,2025-09-13 03:47:00+00:00,4724.9,4717.598405856039,4764.774389914599,0.4253322468277163,2008.55528487848,2024.5855846926481,16.030299814168075,0.007981010000000038,2,0.011299710046773354,take_profit
2025-09-13 03:48:00+00:00,2025-10-01 15:29:00+00:00,4760.44,4300.013430751079,4343.01356505859,3.3282402108609586,14325.8034108788,14440.13779115906,114.33438028026103,0.007981010000000224,10,0.19860349043365733,take_profit
2025-10-01 15:30:00+00:00,2025-10-02 00:08:00+00:00,4335.4,4328.700317202114,4371.987320374135,0.46532136859477274,2016.2530088459605,2032.3447442720903,16.091735426129844,0.007981010000000071,2,0.011048576832587453,take_profit
2025-10-02 00:09:00+00:00,2025-10-02 06:30:00+00:00,4374.0,4374.0,4417.74,0.39012516843256234,1708.115602326354,1721.7480900296766,13.632487703322568,0.007981009999999948,1,0.009435299497027991,take_profit
2025-10-02 06:31:00+00:00,2025-10-02 16:06:00+00:00,4417.14,4410.314000813339,4454.4171408214725,0.4571080755076763,2018.0081534497954,2034.11389670256,16.10574325276457,0.007981010000000108,2,0.01842821373105687,take_profit
2025-10-02 16:07:00+00:00,2025-10-02 18:36:00+00:00,4450.21,4450.21,4494.7121,0.383778048982022,1709.6025138741584,1723.246868633413,13.644354759254611,0.007981009999999891,1,0.005413227690378689,take_profit
2025-10-02 18:37:00+00:00,2025-10-03 03:04:00+00:00,4491.84,4491.84,4536.758400000001,0.38037295337334126,1710.2847316121213,1723.9345311579652,13.649799545843962,0.007981010000000179,1,0.007696177958253123,take_profit
2025-10-03 03:05:00+00:00,2025-10-03 16:02:00+00:00,4537.71,4510.772629380625,4555.8803556744315,0.5846311569436715,2639.777999023666,2660.8460936316533,21.068094607987405,0.007981009999999825,3,0.024177393442948104,take_profit
2025-10-03 16:03:00+00:00,2025-10-05 03:04:00+00:00,4549.42,4522.413114887642,4567.637246036518,0.583485360967472,2641.4032520362816,2662.484317804816,21.081065768534245,0.007981010000000061,3,0.02405141754333521,take_profit
2025-10-05 03:05:00+00:00,2025-10-05 07:55:00+00:00,4566.91,4566.91,4612.5791,0.3747307490028556,1713.0746796082394,1726.7467457569394,13.672066148699969,0.007981009999999891,1,0.008467432027344544,take_profit
2025-10-05 07:56:00+00:00,2025-10-06 13:38:00+00:00,4609.29,4581.927706459386,4627.74698352398,0.5764910083577562,2644.08420792704,2665.1866704313475,21.10246250430737,0.007981009999999842,3,0.029351592110715526,take_profit
2025-10-06 13:39:00+00:00,2025-10-06 14:32:00+00:00,4622.96,4622.96,4669.1896,0.3705631440970393,1714.8134060408897,1728.4993489826359,13.685942941746134,0.007981009999999844,1,0.005894491840725422,take_profit
2025-10-06 14:33:00+00:00,2025-10-06 17:24:00+00:00,4670.81,4670.81,4717.5181,0.3669132774582543,1715.4977031879769,1729.189107512097,13.691404324120185,0.007981009999999948,1,0.00762394531141292,take_profit
2025-10-06 17:25:00+00:00,2025-10-07 13:27:00+00:00,4714.29,4707.004801952014,4754.074849971534,0.43014674885042875,2026.72954192494,2042.9048906663381,16.17534874139824,0.007981009999999938,2,0.01598756122342917,take_profit
2025-10-07 13:28:00+00:00,2025-10-10 21:54:00+00:00,4752.56,4079.544453528522,4120.339898063808,4.757173478268145,19426.527204946742,19581.570512834696,155.04330788795414,0.007981010000000111,11,0.277231639369098,take_profit
2025-10-10 21:55:00+00:00,2025-10-10 21:55:00+00:00,3895.51,3895.51,3934.4651000000003,0.44230882811991623,1724.7432062356506,1738.5083990120495,13.765192776398862,0.007981010000000042,1,0.0060351532918668455,take_profit
2025-10-10 21:56:00+00:00,2025-10-10 21:56:00+00:00,3897.37,3897.37,3936.3437,0.44227415780605794,1725.4314658744704,1739.202151657929,13.770685783458703,0.00798100999999994,1,0.0021476021009039148,take_profit
2025-10-10 21:57:00+00:00,2025-10-10 21:57:00+00:00,4066.66,4010.7464057918764,4050.853869849795,0.974538335988071,3912.53866703759,3943.7646772646035,31.226010227013376,0.007981009999999922,4,0.03196726552010741,take_profit
2025-10-10 21:58:00+00:00,2025-10-10 22:04:00+00:00,3948.28,3942.1785506303377,3981.600336136641,0.5170412780739143,2040.30934555904,2056.59307484904,16.28372929000011,0.00798100999999998,2,0.017293606329844943,take_profit
2025-10-10 22:05:00+00:00,2025-10-10 22:07:00+00:00,3889.0,3882.9901586010574,3921.820060187068,0.525169909489678,2041.2708610028305,2057.5622641572027,16.29140315437212,0.00798100999999996,2,0.013746464386731817,take_profit
2025-10-10 22:08:00+00:00,2025-10-10 22:08:00+00:00,3883.12,3877.119245221635,3915.8904376738515,0.5262130122138773,2042.2328295700408,2058.5319102051676,16.299080635126757,0.007981009999999983,2,0.0122530336430499,take_profit
2025-10-10 22:09:00+00:00,2025-10-10 23:40:00+00:00,3900.72,3877.5640159634686,3916.3396561231034,0.687716923577427,2669.335731764694,2690.6397269332656,21.30399516857142,0.007981010000000028,3,0.02792048647429189,take_profit
2025-10-10 23:41:00+00:00,2025-10-12 07:07:00+00:00,3912.0,3803.3362929656623,3841.369655895319,1.524399903903395,5803.609088597746,5849.927750769937,46.31866217219067,0.007981010000000201,6,0.06867842535787323,take_profit
2025-10-12 07:08:00+00:00,2025-10-12 14:46:00+00:00,3840.53,3834.595061407076,3872.941012021147,0.5333395019355762,2047.1882083838545,2063.5268379468475,16.338629562992992,0.00798100999999969,2,0.012230082827109866,take_profit
2025-10-12 14:47:00+00:00,2025-10-12 14:47:00+00:00,3888.55,3888.55,3927.4355,0.44556164961193284,1734.3230756741557,1748.164725484342,13.841649810186254,0.007981010000000035,1,0.0015429916035540239,take_profit
2025-10-12 14:48:00+00:00,2025-10-12 14:51:00+00:00,3937.13,3937.13,3976.5013000000004,0.44023950009435814,1735.015158164665,1748.8623314921288,13.847173327463679,0.007981009999999945,1,0.0030809244297242177,take_profit
2025-10-12 14:52:00+00:00,2025-10-12 14:56:00+00:00,3984.88,3984.88,4024.7288000000003,0.435137773110911,1735.7075168310382,1749.560215879942,13.852699048903787,0.00798101000000006,1,0.004860874104113522,take_profit
2025-10-12 14:57:00+00:00,2025-10-12 15:16:00+00:00,4008.61,4002.415320048801,4042.4394732492888,0.5118297637378292,2050.6058935347805,2066.9717996771406,16.365906142360018,0.00798101,2,0.011155986738545344,take_profit
2025-10-12 15:17:00+00:00,2025-10-12 16:03:00+00:00,4041.08,4034.8351427409516,4075.183494168361,0.5079564880741159,2051.5722613260436,2067.94588005941,16.37361873336613,0.007981010000000175,2,0.014214021994120397,take_profit
2025-10-12 16:04:00+00:00,2025-10-12 16:44:00+00:00,4068.53,4068.53,4109.2153,0.4267632513215443,1738.03712802727,1751.9084197264267,13.8712916991567,0.007981009999999872,1,0.0033255254354767447,take_profit
2025-10-12 16:45:00+00:00,2025-10-12 16:45:00+00:00,4120.92,4120.92,4162.1292,0.4215058680876153,1738.730692612228,1752.607519657273,13.876827045045047,0.007981009999999959,1,0.001055589528551965,take_profit
2025-10-12 16:46:00+00:00,2025-10-12 20:50:00+00:00,4145.37,4138.963978853192,4180.353618641724,0.49580604658851374,2054.1775448723383,2070.57195639974,16.394411527401644,0.007981010000000031,2,0.014524638331439663,take_profit
2025-10-12 20:51:00+00:00,2025-10-13 01:59:00+00:00,4182.82,4157.989375615864,4199.569269372023,0.6450866242915145,2684.948278434455,2706.3768774941227,21.428599059667704,0.007981009999999827,3,0.024414151218555877,take_profit
2025-10-13 02:00:00+00:00,2025-10-13 13:31:00+00:00,4198.77,4129.521372526115,4170.816586251376,1.107294301501642,4577.172656383791,4613.703117126116,36.530460742324976,0.007981009999999863,5,0.037268057073857455,take_profit
2025-10-13 13:32:00+00:00,2025-10-13 17:06:00+00:00,4167.29,4142.551566911853,4183.977082580972,0.648568869476226,2689.419405904894,2710.8836890776156,21.46428317272148,0.007981010000000172,3,0.02063691271785741,take_profit
2025-10-13 17:07:00+00:00,2025-10-13 17:59:00+00:00,4187.59,4187.59,4229.4659,0.41610358374814543,1744.215421689586,1758.1360224122448,13.920600722658719,0.007981009999999952,1,0.007257157458108441,take_profit
2025-10-13 18:00:00+00:00,2025-10-13 20:58:00+00:00,4234.62,4234.62,4276.9662,0.411646509078499,1744.9114517257192,1758.8376074710563,13.926155745337155,0.007981009999999813,1,0.008175467928645284,take_profit
2025-10-13 20:59:00+00:00,2025-10-14 16:20:00+00:00,4277.01,4113.933373258332,4155.072706990915,1.7278632514985488,7115.429724491026,7172.218040276486,56.78831578546033,0.007981010000000028,7,0.09078070895321741,take_profit
2025-10-14 16:21:00+00:00,2025-10-15 08:26:00+00:00,4144.56,4119.956499826072,4161.156064824333,0.6541104521914076,2697.6042133234846,2719.1338195260614,21.529606202576815,0.007981009999999981,3,0.023179782654853737,take_profit
2025-10-15 08:27:00+00:00,2025-10-15 08:33:00+00:00,4171.11,4171.11,4212.8211,0.4190189498614938,1749.5236556123875,1763.4866214030667,13.962965790679164,0.007981010000000082,1,0.0042266926549527845,take_profit
2025-10-15 08:34:00+00:00,2025-10-19 17:05:00+00:00,4203.22,3971.407305951863,4011.1213790113816,2.4319399228653205,9667.891869172518,9745.0514108593,77.15954168678218,0.007981009999999754,8,0.125789275840903,take_profit
2025-10-19 17:06:00+00:00,2025-10-20 03:51:00+00:00,4003.22,3979.4555415372743,4019.2500969526473,0.6793864629210823,2706.294519235945,2727.893482856912,21.598963620967425,0.007981010000000057,3,0.023603499183157507,take_profit
2025-10-20 03:52:00+00:00,2025-10-20 05:30:00+00:00,4015.99,4015.99,4056.1499,0.4366058106315358,1755.1597291673088,1769.1676765173904,14.007947350081622,0.007981010000000023,1,0.0,take_profit
2025-10-20 05:31:00+00:00,2025-10-21 15:07:00+00:00,4060.56,3993.5908145539383,4033.526722699478,1.1545470158366846,4615.403761177221,4652.239344749215,36.83558357199399,0.007981010000000212,5,0.054258525917607464,take_profit
2025-10-21 15:08:00+00:00,2025-10-21 15:44:00+00:00,4031.0,4031.0,4071.31,0.43561007288705017,1757.7019057134128,1771.7301421999305,14.028236486517699,0.00798100999999994,1,0.002091292483254735,take_profit
2025-10-21 15:45:00+00:00,2025-10-24 04:34:00+00:00,4074.77,3919.4045118790577,3958.5985569978484,1.8269150958240687,7167.586856249067,7224.7914386246575,57.20458237559069,0.007981009999999766,7,0.08951916304478534,take_profit
2025-10-24 04:35:00+00:00,2025-10-24 12:30:00+00:00,3952.01,3952.01,3991.5301000000004,0.4452170624846248,1761.2635466565184,1775.3202086350198,14.056661978501324,0.007981010000000104,1,0.006624477164784575,take_profit
2025-10-24 12:31:00+00:00,2025-10-26 09:24:00+00:00,3996.84,3941.8863796150176,3981.305243411168,1.012154153136166,3993.790460779004,4025.6649423843864,31.874481605382243,0.0079810100000001,4,0.03262827633830734,take_profit
2025-10-26 09:25:00+00:00,2025-10-26 11:42:00+00:00,3984.36,3984.36,4024.2036000000003,0.44217805211674566,1763.5601038357124,1777.6350946600264,14.074990824314,0.00798101000000008,1,0.002424479715688419,take_profit
2025-10-26 11:43:00+00:00,2025-10-26 12:45:00+00:00,4033.09,4033.09,4073.4209,0.437009734353449,1764.2638533769284,1778.3444608333682,14.080607456439793,0.007981009999999997,1,0.0019141650694629315,take_profit
2025-10-26 12:46:00+00:00,2025-10-26 22:02:00+00:00,4070.49,4070.4900000000002,4111.1949,0.4331672392920755,1764.9678837497502,1779.0541100796358,14.086226329885676,0.007981010000000047,1,0.0059452301811329395,take_profit
2025-10-26 22:03:00+00:00,2025-10-26 22:03:00+00:00,4126.4,4126.4,4167.664,0.42746862225455085,1765.6721950662445,1779.7640425117904,14.091847445545909,0.007981010000000148,1,0.0007294493989916899,take_profit
2025-10-26 22:04:00+00:00,2025-10-27 01:37:00+00:00,4164.05,4157.615111834079,4199.1912629524195,0.5012298661268961,2086.00687278454,2102.6553144963023,16.64844171176219,0.007981010000000023,2,0.010328886540747642,take_profit
2025-10-27 01:38:00+00:00,2025-10-27 05:21:00+00:00,4201.92,4201.92,4243.9392,0.42015126425885924,1767.2092095241098,1781.313323897414,14.104114373304128,0.007981010000000064,1,0.004474145152692146,take_profit
2025-10-27 05:22:00+00:00,2026-07-31 23:59:00+00:00,4246.0,2917.7468928510916,1862.6,12.106235158058773,35358.288304855494,22526.52453179487,-12831.763773060626,-0.3629068144483265,13,0.6453886010362694,eod_close
