entry_time,exit_time,p0,avg_entry,exit_price,qty,cost_quote,proceeds,pnl,pnl_pct,fills,max_dd_from_p0,reason
2021-01-01 00:00:00+00:00,2021-01-01 01:00:00+00:00,736.42,735.3359806314156,744.1600123989926,0.870486440022099,640.7407407407409,647.1334188000001,6.392678059259197,0.0099770119999999,2,0.00962765812987143,take_profit
2021-01-01 02:00:00+00:00,2021-01-02 12:00:00+00:00,748.27,739.2547381212945,748.12579497875,1.9131477529804368,1415.7192603772733,1429.8439084266884,14.1246480494151,0.009977011999999943,5,0.04541141566546837,take_profit
2021-01-02 13:00:00+00:00,2021-01-02 13:00:00+00:00,752.39,752.3900000000001,761.4186800000001,0.6652465349607628,501.0258663054338,506.02460738587354,4.998741080439743,0.009977012000000068,1,0.004359441247225472,take_profit
2021-01-02 14:00:00+00:00,2021-01-02 16:00:00+00:00,770.77,764.3347900534782,773.50680753412,1.4850677267323302,1136.225154281433,1147.561286280401,11.336131998967858,0.00997701200000013,4,0.023054867210711344,take_profit
2021-01-02 17:00:00+00:00,2021-01-02 20:00:00+00:00,781.94,772.5190772402542,781.7893061671373,1.8363413042187626,1420.0287185517952,1434.1963621171312,14.167643565335993,0.009977012000000077,5,0.040693659360053265,take_profit
2021-01-02 21:00:00+00:00,2021-01-02 21:00:00+00:00,756.57,755.4563195816386,764.5217954166183,0.8516253864828792,644.009789924571,650.4350833267661,6.425293402195052,0.0099770120000002,2,0.007097823069907615,take_profit
2021-01-02 22:00:00+00:00,2021-01-02 23:00:00+00:00,768.94,767.8081107883014,777.021808117761,0.8384608785968165,644.421484649971,650.8508855353815,6.429400885410473,0.009977011999999839,2,0.007750929851483908,take_profit
2021-01-03 00:00:00+00:00,2021-01-03 05:00:00+00:00,774.44,773.3000147201241,782.5796148967655,0.8330384027590424,644.8334425585547,651.2669535529626,6.433510994407925,0.009977011999999867,2,0.007398894685191904,take_profit
2021-01-03 06:00:00+00:00,2021-01-03 06:00:00+00:00,786.48,786.48,795.91776,0.6395736534932484,503.5154024017717,508.5389816137191,5.0235792119473786,0.009977012000000146,1,0.0034965924117587224,take_profit
2021-01-03 07:00:00+00:00,2021-01-03 08:00:00+00:00,799.83,798.6526403253922,808.2364720092969,0.8075124840222736,645.56754500511,652.0083801484366,6.440835143326581,0.00997701200000009,2,0.01041471312653944,take_profit
2021-01-03 09:00:00+00:00,2021-01-03 10:00:00+00:00,817.31,817.31,827.11772,0.6161487495520865,504.0886231195353,509.11792136146244,5.029298241927108,0.009977012000000054,1,0.005273396875114639,take_profit
2021-01-03 11:00:00+00:00,2021-01-03 12:00:00+00:00,825.69,825.69,835.59828,0.6101996487102909,504.34008803163175,509.37189514200435,5.031807110372597,0.009977011999999902,1,0.002034661919122266,take_profit
2021-01-03 13:00:00+00:00,2021-01-03 13:00:00+00:00,831.46,831.46,841.4375200000001,0.6062673931503179,504.59167838715047,509.6259956175192,5.0343172303687425,0.009977012000000004,1,0.0,take_profit
2021-01-03 14:00:00+00:00,2021-01-03 14:00:00+00:00,874.17,870.2903823482649,880.7338669364441,0.9873066213747841,860.1035605718063,868.6848241168739,8.5812635450676,0.009977011999999955,3,0.013578594552546994,take_profit
2021-01-03 15:00:00+00:00,2021-01-03 15:00:00+00:00,912.39,901.3973973492027,912.2141661173931,1.5845443828126227,1429.7339165681651,1443.9983890105725,14.264472442407396,0.00997701199999987,5,0.036026260699919994,take_profit
2021-01-03 16:00:00+00:00,2021-01-03 16:00:00+00:00,917.95,917.9499999999999,928.9653999999999,0.5506614688893672,505.98568104804264,511.03390625968706,5.0482252116444215,0.009977011999999856,1,0.00025055830927612414,take_profit
2021-01-03 17:00:00+00:00,2021-01-03 17:00:00+00:00,935.26,931.1092613508108,942.2825724870205,0.9253664085128789,862.4797128221014,871.084683266684,8.604970444582591,0.00997701199999992,3,0.019523982635844567,take_profit
2021-01-03 18:00:00+00:00,2021-01-03 18:00:00+00:00,935.65,924.3771576078009,935.4696834990945,1.5494217420594674,1433.683749610268,1447.9876295843346,14.303879974066604,0.009977011999999974,5,0.04993320151766155,take_profit
2021-01-03 19:00:00+00:00,2021-01-03 19:00:00+00:00,917.77,910.1074772855465,921.028767012973,1.2623995571322788,1150.069345613663,1161.5436012756827,11.474255662019686,0.00997701200000002,4,0.020037700077361414,take_profit
2021-01-03 20:00:00+00:00,2021-01-03 20:00:00+00:00,921.61,921.6100000000001,932.6693200000001,0.5506117450603244,507.95724761265825,513.0251431675767,5.067895554918493,0.009977012000000061,1,0.0016601382363472322,take_profit
2021-01-03 21:00:00+00:00,2021-01-03 21:00:00+00:00,946.38,944.9869169087739,956.3267599116791,0.6884870602404366,651.2625269151106,657.7601809612929,6.497654046182333,0.009977011999999926,2,0.01049261396056547,take_profit
2021-01-03 22:00:00+00:00,2021-01-03 22:00:00+00:00,949.87,949.8699999999999,961.2684399999999,0.5348384405946295,508.5355250927134,513.6091901289898,5.073665036276395,0.009977012000000183,1,0.004969101034878486,take_profit
2021-01-03 23:00:00+00:00,2021-01-03 23:00:00+00:00,991.73,979.7814979045415,991.5388758793961,1.4679245701457764,1439.6850191674766,1454.0487738799306,14.36375471245401,0.009977011999999907,5,0.03703629011928652,take_profit
2021-01-04 00:00:00+00:00,2021-01-04 00:00:00+00:00,978.33,970.1618578214245,981.8038001152817,1.1892124374737638,1154.8834311150063,1166.405716965842,11.522285850835715,0.009977012000000108,4,0.02464403626588167,take_profit
2021-01-04 01:00:00+00:00,2021-01-04 02:00:00+00:00,975.8,967.6529809595391,979.2648167310537,1.1936439236125487,1156.1892901781011,1167.7246046004796,11.535314422378406,0.009977012000000007,4,0.020280795244927204,take_profit
2021-01-04 03:00:00+00:00,2021-01-04 03:00:00+00:00,979.46,979.46,991.21352,0.520847830251074,510.6602760938107,515.7551397963219,5.0948637025112475,0.009977011999999971,1,0.0016539725971453703,take_profit
2021-01-04 04:00:00+00:00,2021-01-04 04:00:00+00:00,1021.41,1019.90647181871,1032.1453494805346,0.6413072431186188,654.7281358167108,661.260366284492,6.532230467781119,0.009977012000000252,2,0.007499437052701626,take_profit
2021-01-04 05:00:00+00:00,2021-01-04 05:00:00+00:00,1027.7,1026.18721286074,1038.501459415069,0.6377896036421917,655.1466824355723,661.6830887479923,6.536406312420013,0.00997701200000018,2,0.010654860367811662,take_profit
2021-01-04 06:00:00+00:00,2021-01-04 06:00:00+00:00,1084.45,1084.45,1097.4634,0.4712590554353159,511.56845111794627,516.6723756935714,5.103924575625172,0.009977012000000016,1,0.005403660841901542,take_profit
2021-01-04 07:00:00+00:00,2021-01-04 07:00:00+00:00,1104.99,1058.4758282951416,1071.1775382346832,2.8626029157160433,3033.0290213139406,3063.2895882559374,30.260566941996785,0.009977011999999784,8,0.08415460773400665,take_profit
2021-01-04 08:00:00+00:00,2021-01-04 08:00:00+00:00,1044.3,1021.479305420825,1033.737057085875,1.8445316752554264,1886.0369714380613,1904.8539849345432,18.817013496481877,0.009977012000000361,6,0.05785693766159146,take_profit
2021-01-04 09:00:00+00:00,2021-01-04 09:00:00+00:00,1022.64,979.5923230506554,991.3474309272633,3.107948974754247,3047.570526629045,3077.976174344069,30.40564771502386,0.009977011999999855,8,0.11112414926073691,take_profit
2021-01-04 10:00:00+00:00,2021-01-04 10:00:00+00:00,969.94,929.1107113155682,940.260039851355,3.2865007265952704,3056.5796074334976,3087.075138855816,30.495531422318436,0.00997701199999972,8,0.0824174691218014,take_profit
2021-01-04 11:00:00+00:00,2021-01-04 11:00:00+00:00,965.28,953.6501712132293,965.0939732677881,1.533442270909215,1463.83131551369,1478.4359781145456,14.60466260085559,0.009977011999999808,5,0.032570860268523065,take_profit
2021-01-04 12:00:00+00:00,2021-01-04 12:00:00+00:00,976.97,968.8132125517943,980.4389711024158,1.2108410443959121,1174.2530551659393,1185.9685919883666,11.715536822427339,0.009977012000000085,4,0.02134149462112452,take_profit
2021-01-04 13:00:00+00:00,2021-01-04 13:00:00+00:00,1019.48,1007.1971620135741,1019.2835279577371,1.4556113107523871,1467.5551363209843,1482.19695152672,14.641815205735838,0.009977011999999825,5,0.043365245026876484,take_profit
2021-01-04 14:00:00+00:00,2021-01-04 14:00:00+00:00,1012.56,1011.0694991284137,1023.2023331179546,0.6576188411017286,665.563916206339,672.2042553850965,6.640339178757586,0.00997701199999992,2,0.010873429722683093,take_profit
2021-01-04 15:00:00+00:00,2021-01-04 15:00:00+00:00,1043.26,1038.6299510262888,1051.0935104386044,0.8516353679759099,885.4194199530277,894.2532601309323,8.833840177904563,0.009977012000000188,3,0.015557004006671413,take_profit
2021-01-04 16:00:00+00:00,2021-01-04 16:00:00+00:00,1040.0,1017.2732717012907,1029.4805509617063,1.8767208778681346,1911.0490365355713,1930.1155957056753,19.06655917010403,0.009977012000000103,6,0.05572115384615389,take_profit
2021-01-04 17:00:00+00:00,2021-01-04 17:00:00+00:00,1010.29,1001.8550216577295,1013.8772819176222,1.1777888600797215,1181.1548387621644,1192.9392347623523,11.784396000187826,0.0099770119999997,4,0.02448801829177762,take_profit
2021-01-04 18:00:00+00:00,2021-01-04 18:00:00+00:00,999.47,999.4700000000001,1011.4636400000002,0.5214416198990806,521.6869427833174,526.8918196717099,5.204876888392505,0.009977012000000066,1,0.000550291654576994,take_profit
2021-01-04 19:00:00+00:00,2021-01-04 19:00:00+00:00,1015.09,1015.09,1027.27108,0.5136739002857966,521.947186627737,527.1546599720882,5.207473344351229,0.00997701200000011,1,0.0036252943088790784,take_profit
2021-01-04 20:00:00+00:00,2021-01-04 20:00:00+00:00,1042.16,1033.4589369100158,1045.860444152936,1.1442029840754622,1183.6704700018968,1195.4799644851514,11.809494483254639,0.009977012000000063,4,0.023700775312811895,take_profit
2021-01-04 21:00:00+00:00,2021-01-04 21:00:00+00:00,1019.69,1011.1765404331138,1023.3106589183112,1.1707390580780537,1185.0088793766654,1196.831727186313,11.822847809647556,0.00997701200000001,4,0.02646882876168248,take_profit
2021-01-04 22:00:00+00:00,2021-01-04 22:00:00+00:00,1006.18,1006.1800000000001,1018.2541600000001,0.5196543245067382,523.3891774095995,528.6110375132853,5.221860103685799,0.009977012000000184,1,0.0029616967143054965,take_profit
2021-01-04 23:00:00+00:00,2021-01-04 23:00:00+00:00,1012.72,1011.2292636064305,1023.3640147697078,0.6629328286981975,671.0481243093154,677.7431794981271,6.695055188811693,0.009977012000000242,2,0.011483924480606679,take_profit
2021-01-05 00:00:00+00:00,2021-01-05 00:00:00+00:00,1041.45,1041.45,1053.9474,0.5026271430707668,523.9850231742244,529.2128280382539,5.227804864029508,0.009977011999999988,1,0.0,take_profit
2021-01-05 01:00:00+00:00,2021-01-05 01:00:00+00:00,1095.14,1081.9455997249047,1094.9289469216035,1.3696989588248953,1483.4231846330122,1498.2233155471738,14.800130914161628,0.009977011999999898,5,0.030334021221031123,take_profit
2021-01-05 02:00:00+00:00,2021-01-05 02:00:00+00:00,1114.46,1101.0328296559503,1114.2452236118218,1.3478540984245813,1485.5171290808676,1500.3381513039128,14.821022223045247,0.00997701199999992,5,0.041526838109936626,take_profit
2021-01-05 03:00:00+00:00,2021-01-05 03:00:00+00:00,1078.47,1043.1537807077639,1055.671626076257,2.416679511610434,2523.491861156573,2548.6687697372345,25.176908580661348,0.009977011999999954,7,0.0773966823370145,take_profit
2021-01-05 04:00:00+00:00,2021-01-05 04:00:00+00:00,1001.75,997.3041748371307,1009.2718249351764,0.899355215107895,897.8285392278771,906.7861853376963,8.95764610981928,0.009977012000000311,3,0.015722485650112302,take_profit
2021-01-05 05:00:00+00:00,2021-01-05 05:00:00+00:00,1004.05,991.9530648170924,1003.8565015948975,1.5030459061766828,1492.4434366293738,1507.3335627059464,14.890126076572642,0.009977012000000094,5,0.02948060355559973,take_profit
2021-01-05 06:00:00+00:00,2021-01-05 06:00:00+00:00,989.9,988.4428549293046,1000.3041691884563,0.6840803946461442,676.8512295147149,683.6041823537979,6.7529528390830365,0.009977011999999959,2,0.010980907162339635,take_profit
2021-01-05 07:00:00+00:00,2021-01-05 07:00:00+00:00,1015.16,1010.6546604718358,1022.7825163974978,0.8900516344211573,900.435267655973,909.4189211266,8.983653470627019,0.009977012000000183,3,0.014017494779148133,take_profit
2021-01-05 08:00:00+00:00,2021-01-05 08:00:00+00:00,1003.52,1003.52,1015.56224,0.526582997740649,528.9655354281242,534.243030922677,5.277495494552795,0.009977011999999952,1,9.964923469378693e-06,take_profit
2021-01-05 09:00:00+00:00,2021-01-05 09:00:00+00:00,1026.97,1026.97,1039.29364,0.5148156039540094,529.2294102028519,534.5095383791986,5.280128176346693,0.009977011999999844,1,0.004420771784959714,take_profit
2021-01-05 10:00:00+00:00,2021-01-05 10:00:00+00:00,1035.85,1027.2016195193055,1039.5280389535371,1.1672342311303467,1200.1850776531169,1212.1593385750828,11.974260921965879,0.009977011999999834,4,0.0202828594873774,take_profit
2021-01-05 11:00:00+00:00,2021-01-05 11:00:00+00:00,1028.31,1028.31,1040.64972,0.5149828724101776,530.0921296577675,535.3808651964686,5.288735538701076,0.00997701199999995,1,0.004123270220069832,take_profit
2021-01-05 12:00:00+00:00,2021-01-05 12:00:00+00:00,1042.23,1037.604522226606,1050.0557764933253,0.8699527196882506,903.5704465183821,912.5853797061415,9.014933187759311,0.009977012000000061,3,0.014353837444709935,take_profit
2021-01-05 13:00:00+00:00,2021-01-05 13:00:00+00:00,1028.98,1027.4653286848732,1039.7949126290916,0.6613746500749043,680.2197419650196,687.0063024932414,6.7865605282217984,0.009977011999999844,2,0.008280044315730123,take_profit
2021-01-05 14:00:00+00:00,2021-01-05 14:00:00+00:00,1023.75,1015.2026432233329,1027.3850749420128,1.1847176149330387,1203.9323865398032,1215.9440344074997,12.01164786769641,0.009977012000000129,4,0.022222222222222223,take_profit
2021-01-05 15:00:00+00:00,2021-01-05 15:00:00+00:00,1047.94,1046.397419329847,1058.954188361805,0.6505585573581125,681.4242197622394,688.2227973798979,6.798577617658452,0.00997701199999993,2,0.011393782086760744,take_profit
2021-01-05 16:00:00+00:00,2021-01-05 16:00:00+00:00,1052.83,1048.1574788058658,1060.735368551536,0.8640040754254159,906.5188522281251,915.5632016950314,9.044349466906283,0.009977012000000058,3,0.015710038657712987,take_profit
2021-01-05 17:00:00+00:00,2021-01-05 17:00:00+00:00,1065.85,1065.85,1078.6401999999998,0.4991385565494641,532.5393698681144,537.8525215517609,5.313151683646538,0.009977011999999855,1,0.004831824365529731,take_profit
2021-01-05 18:00:00+00:00,2021-01-05 18:00:00+00:00,1081.99,1080.3972973077668,1093.36206487546,0.631339043372417,682.7797759203506,689.5918779380653,6.812102017714665,0.009977012000000023,2,0.011035222136988378,take_profit
2021-01-05 19:00:00+00:00,2021-01-05 19:00:00+00:00,1074.0,1061.0602974090505,1073.793020977959,1.4203679826504088,1508.6046787801158,1523.6560457635612,15.051366983445405,0.00997701200000003,5,0.03165735567970205,take_profit
2021-01-05 20:00:00+00:00,2021-01-05 22:00:00+00:00,1096.36,1091.494290116732,1104.5922215981327,0.8325235836447896,909.6043422780856,918.6794757162461,9.075133438160492,0.009977011999999917,3,0.019993432814039046,take_profit
2021-01-05 23:00:00+00:00,2021-01-05 23:00:00+00:00,1108.18,1098.9277315430847,1112.1148643216018,1.1010610961943144,1211.1977705016618,1223.2819051923302,12.084134690668407,0.009977012000000066,4,0.02442743958562703,take_profit
2021-01-06 00:00:00+00:00,2021-01-06 00:00:00+00:00,1100.16,1086.9051180610254,1099.9479794777578,1.3913027550793073,1513.727813081186,1528.8302936370305,15.102480555844522,0.00997701199999985,5,0.03356784467713793,take_profit
2021-01-06 01:00:00+00:00,2021-01-06 01:00:00+00:00,1081.01,1071.984575678491,1084.8483905866328,1.1316064324354533,1214.2789202296,1226.3937955880776,12.114875358477548,0.009977011999999823,4,0.021970194540291026,take_profit
2021-01-06 02:00:00+00:00,2021-01-06 02:00:00+00:00,1071.81,1071.81,1084.67172,0.4998840420152897,536.3170321045121,541.6678735696233,5.350841465111216,0.009977012000000212,1,0.0,take_profit
2021-01-06 03:00:00+00:00,2021-01-06 04:00:00+00:00,1077.47,1072.6881250429378,1085.560382543453,0.8513816121661681,914.1811263769375,923.3019224449737,9.120796068036157,0.009977011999999928,3,0.015285808421580208,take_profit
2021-01-06 05:00:00+00:00,2021-01-06 05:00:00+00:00,1119.17,1105.6860829155373,1118.9543159105237,1.3729994716031322,1519.6260336356058,1534.7873608087,15.16132717309415,0.009977011999999544,5,0.029307433187094167,take_profit
2021-01-06 06:00:00+00:00,2021-01-06 06:00:00+00:00,1101.8,1101.8,1115.0216,0.48762105795923427,537.7986803398242,543.1643042271587,5.36562388733455,0.009977011999999926,1,0.003893628607732768,take_profit
2021-01-06 07:00:00+00:00,2021-01-06 07:00:00+00:00,1113.16,1103.8661531921712,1117.1125470304773,1.103755943756989,1219.6184461441662,1231.7865940167678,12.168147872601594,0.009977011999999914,4,0.02015882712278563,take_profit
2021-01-06 08:00:00+00:00,2021-01-06 08:00:00+00:00,1106.61,1101.698800016488,1114.9191856166858,0.8321924993486698,917.7432211362877,926.8995562664832,9.15633513019543,0.009977012000000037,3,0.014006741309042935,take_profit
2021-01-06 09:00:00+00:00,2021-01-06 10:00:00+00:00,1110.85,1105.919982648192,1119.1910224399703,0.8297206818141319,918.5232052399708,927.6873222809285,9.164117040957649,0.009977011999999997,3,0.017869199261826448,take_profit
2021-01-06 11:00:00+00:00,2021-01-06 11:00:00+00:00,1114.71,1114.71,1128.08652,0.48358030352723325,539.5913915363786,544.9749013248337,5.383509788455058,0.009977011999999832,1,0.003319248952642432,take_profit
2021-01-06 12:00:00+00:00,2021-01-06 12:00:00+00:00,1151.88,1142.2628773392848,1155.9700318673563,1.0702092243606363,1223.6839519251496,1235.8926613977144,12.208709472564806,0.009977012000000136,4,0.024620620203493527,take_profit
2021-01-06 13:00:00+00:00,2021-01-06 15:00:00+00:00,1143.84,1138.7635710962847,1152.4287339494401,0.8077898429508606,920.8024487027317,929.9893057830683,9.186857080336608,0.009977012000000077,3,0.019967827668205273,take_profit
2021-01-06 16:00:00+00:00,2021-01-06 16:00:00+00:00,1144.01,1144.01,1157.73812,0.47236424070427097,540.9303453534465,546.327213900202,5.396868546755513,0.009977012000000063,1,0.0,take_profit
2021-01-06 17:00:00+00:00,2021-01-06 17:00:00+00:00,1173.09,1173.09,1187.16708,0.4608844918906507,541.2001887807842,546.5997495586523,5.399560777868146,0.009977011999999995,1,0.001781619483586015,take_profit
2021-01-06 18:00:00+00:00,2021-01-06 18:00:00+00:00,1192.27,1190.5149637807474,1204.8011433461163,0.582260726367664,693.8839915541054,700.8068804644485,6.92288891034309,0.00997701199999983,2,0.007171194444211424,take_profit
2021-01-06 19:00:00+00:00,2021-01-06 19:00:00+00:00,1191.77,1177.4113879359256,1191.5403245911568,1.300825152854562,1533.139488172625,1548.4356392437974,15.29615107117229,0.0099770120000001,5,0.035048709062990326,take_profit
2021-01-06 20:00:00+00:00,2021-01-06 20:00:00+00:00,1160.78,1146.79475980119,1160.5562969188043,1.3374392353717663,1535.303610287139,1550.6213528306173,15.317742543478289,0.009977012000000117,5,0.03805199951756584,take_profit
2021-01-06 21:00:00+00:00,2021-01-06 23:00:00+00:00,1197.33,1187.3334122691995,1201.5814132164298,1.0362337550263465,1231.5865468107686,1243.8741005673382,12.28755375656965,0.00997701200000004,4,0.020219989476585435,take_profit
2021-01-07 00:00:00+00:00,2021-01-07 00:00:00+00:00,1208.75,1203.3854967151303,1217.826122675712,0.7693480413980897,926.7490239686211,935.9952101017446,9.246186133123501,0.009977012000000302,3,0.017166494312306102,take_profit
2021-01-07 01:00:00+00:00,2021-01-07 03:00:00+00:00,1199.8,1194.4752173392455,1208.8089199473166,0.7757457935784139,927.5366620466281,936.7907064543073,9.254044407679203,0.009977012000000054,3,0.01657776296049331,take_profit
2021-01-07 04:00:00+00:00,2021-01-07 12:00:00+00:00,1213.17,1198.5535577353241,1212.9362004281481,1.285119761148528,1541.8266885290673,1557.2095119024423,15.382823373375004,0.009977012000000155,5,0.04462688658638121,take_profit
2021-01-07 13:00:00+00:00,2021-01-07 15:00:00+00:00,1226.86,1221.4151234746012,1236.0721049562965,0.7603522381406479,929.6353581909399,938.9103413152352,9.274983124295318,0.009977012000000013,3,0.014557488221964936,take_profit
2021-01-07 16:00:00+00:00,2021-01-07 16:00:00+00:00,1249.84,1248.000220027116,1262.9762226674413,0.5602097644370416,699.8417510297966,706.8240805779218,6.982329548125222,0.009977011999999898,2,0.008929142930294962,take_profit
2021-01-07 17:00:00+00:00,2021-01-07 18:00:00+00:00,1263.97,1210.763620204898,1225.2927836473568,2.67194428841031,3238.3312708923595,3270.640140842028,32.308869949668406,0.009977012000000026,8,0.10520028165225442,take_profit
2021-01-07 19:00:00+00:00,2021-01-07 19:00:00+00:00,1223.25,1208.5121124819564,1223.0142578317398,1.2820090078915687,1550.874288636573,1566.3473800247918,15.47309138821879,0.009977012000000153,5,0.043531575720416923,take_profit
2021-01-07 20:00:00+00:00,2021-01-07 21:00:00+00:00,1234.23,1232.413198140616,1247.2021565183034,0.5701394407318007,703.3507222606413,710.3680608568443,7.01733859620299,0.009977011999999863,2,0.008766599418260726,take_profit
2021-01-07 22:00:00+00:00,2021-01-08 02:00:00+00:00,1254.25,1152.973771364676,1166.809456621052,4.695195299232037,5418.855887336597,5472.919877550825,54.06399021422749,0.009977011999999928,10,0.15088698425353797,take_profit
2021-01-08 03:00:00+00:00,2021-01-08 03:00:00+00:00,1111.57,1111.57,1124.90884,0.4960188336353367,551.9115664705017,557.4179947921168,5.50642832161509,0.009977012000000174,1,0.005361785582554438,take_profit
2021-01-08 04:00:00+00:00,2021-01-08 04:00:00+00:00,1150.1,1148.4070385434825,1162.1879230060042,0.615556706069106,707.6172711435463,714.6771771491527,7.059906005606422,0.009977012000000009,2,0.00704286583775316,take_profit
2021-01-08 05:00:00+00:00,2021-01-08 05:00:00+00:00,1168.91,1159.1506927376663,1173.0605010505183,1.0793862431581975,1252.4237352235555,1264.9191818589657,12.49544663541019,0.009977011999999964,4,0.02282468282416958,take_profit
2021-01-08 06:00:00+00:00,2021-01-08 06:00:00+00:00,1148.29,1143.1938217356912,1156.9121475965196,0.8235578480150213,942.4286723650788,951.8312945384093,9.402622173330542,0.009977012000000087,3,0.0199252801992527,take_profit
2021-01-08 07:00:00+00:00,2021-01-08 07:00:00+00:00,1175.22,1173.4900615920976,1187.5719423312028,0.6039789147244041,709.4727265668361,716.5511444734661,7.078417906630079,0.009977012000000052,2,0.007521995881622095,take_profit
2021-01-08 08:00:00+00:00,2021-01-08 09:00:00+00:00,1208.2,1198.1126579169043,1212.4900098119072,1.0470234339192244,1255.7077370512975,1268.235948212351,12.528211161053605,0.009977011999999973,4,0.021908624399933806,take_profit
2021-01-08 10:00:00+00:00,2021-01-08 10:00:00+00:00,1221.51,1221.51,1236.16812,0.45358654694812434,554.615118080684,560.1485197691565,5.533401688472395,0.009977011999999988,1,0.004322518849620529,take_profit
2021-01-08 11:00:00+00:00,2021-01-08 11:00:00+00:00,1251.47,1249.627820646911,1264.623354494674,0.568467231180259,711.0835507597305,718.1780398786631,7.094489118932529,0.009977012000000124,2,0.009165221699281667,take_profit
2021-01-08 12:00:00+00:00,2021-01-08 12:00:00+00:00,1255.24,1244.759917831166,1259.69703684514,1.0100744610814583,1258.5587619410562,1271.1154178116474,12.556655870591158,0.009977012000000077,4,0.024186609732003362,take_profit
2021-01-08 13:00:00+00:00,2021-01-08 13:00:00+00:00,1249.91,1239.4744183553366,1254.3481113756006,1.0155287185571658,1259.98184960639,1272.552703639695,12.570854033305068,0.009977011999999936,4,0.022633629621332887,take_profit
2021-01-08 14:00:00+00:00,2021-01-08 15:00:00+00:00,1250.0,1222.684220794821,1237.3564314443588,1.6705770515416243,2044.6328333752556,2065.0321596894346,20.399326314179007,0.00997701200000004,6,0.06262399999999997,take_profit
2021-01-08 16:00:00+00:00,2021-01-08 16:00:00+00:00,1216.93,1215.138663955065,1229.720327922526,0.5873739182330768,714.4552134572498,721.5833416953755,7.128128238125669,0.009977012000000177,2,0.012268577485968843,take_profit
2021-01-08 17:00:00+00:00,2021-01-08 17:00:00+00:00,1227.22,1221.7735257735199,1236.4348080828022,0.7771575352765236,950.460962919176,959.9437233517524,9.482760432576356,0.009977012000000191,3,0.014650999820733054,take_profit
2021-01-08 18:00:00+00:00,2021-01-08 18:00:00+00:00,1215.59,1200.9444012360032,1215.3557340508353,1.3142601658232853,1579.9333212342099,1595.6963349393634,15.763013705153526,0.009977011999999974,5,0.03503648434093726,take_profit
2021-01-08 19:00:00+00:00,2021-01-08 19:00:00+00:00,1182.55,1182.55,1196.7405999999999,0.4723541566962919,559.1415495507507,564.7201115003171,5.578561949566392,0.009977011999999924,1,0.0024692402012598583,take_profit
2021-01-08 20:00:00+00:00,2021-01-08 20:00:00+00:00,1184.75,1170.4759658802352,1184.521677470798,1.3510485070291667,1582.9527589749887,1598.7458976467153,15.793138671726638,0.009977012000000044,5,0.03510445241612148,take_profit
2021-01-08 21:00:00+00:00,2021-01-08 21:00:00+00:00,1146.34,1144.652573310091,1158.388404189812,0.6265490778723414,717.8989132048449,725.0613992766768,7.162486071831836,0.009977012000000195,2,0.009447458869096367,take_profit
2021-01-08 22:00:00+00:00,2021-01-08 22:00:00+00:00,1193.63,1183.664303815059,1197.8682754608396,1.0723908470745305,1270.6213868069224,1283.2983916305516,12.677004823629204,0.009977011999999919,4,0.022888164674145388,take_profit
2021-01-08 23:00:00+00:00,2021-01-08 23:00:00+00:00,1216.85,1215.0587817160565,1229.6394870966492,0.5912890396044652,719.1701102140727,726.3452790337197,7.1751688196470695,0.009977011999999922,2,0.006960594978838641,take_profit
2021-01-09 00:00:00+00:00,2021-01-09 00:00:00+00:00,1216.72,1202.0607868375605,1216.4855162796111,1.320582351426895,1589.0092697097189,1604.862834261724,15.853564552005082,0.009977011999999988,5,0.02768097836807159,take_profit
2021-01-09 01:00:00+00:00,2021-01-09 02:00:00+00:00,1197.91,1187.9085698106596,1202.1634726483876,1.071962440090445,1274.668037135721,1287.3854154382407,12.717378302519592,0.009977012000000044,4,0.022163601606130828,take_profit
2021-01-09 03:00:00+00:00,2021-01-09 03:00:00+00:00,1199.66,1199.66,1214.05592,0.46882152051046694,562.9894147102971,568.6063668567348,5.616952146437711,0.009977012000000179,1,0.0062934498107798725,take_profit
2021-01-09 04:00:00+00:00,2021-01-09 10:00:00+00:00,1226.53,1211.752594582051,1226.2936257170356,1.314007813673082,1593.8462237431881,1609.748046643629,15.901822900440948,0.009977012000000297,5,0.043113499058318905,take_profit
2021-01-09 11:00:00+00:00,2021-01-09 11:00:00+00:00,1218.39,1218.39,1233.01068,0.46249664566286525,564.065353462641,569.6930402629222,5.62768680028114,0.009977012000000228,1,0.0031927379574685443,take_profit
2021-01-09 12:00:00+00:00,2021-01-09 14:00:00+00:00,1220.65,1218.8531880689522,1233.4794263257797,0.5927512031859964,723.1998936285876,730.4152676457187,7.215374017131126,0.009977011999999978,2,0.00790562405275885,take_profit
2021-01-09 15:00:00+00:00,2021-01-09 18:00:00+00:00,1223.17,1212.95767239217,1227.5131644608762,1.0542195385966593,1280.0036814079594,1292.7742934974108,12.770612089451333,0.009977011999999957,4,0.023782466868873618,take_profit
2021-01-09 19:00:00+00:00,2021-01-09 20:00:00+00:00,1224.69,1224.69,1239.3862800000002,0.46116216436067586,565.3460371079841,570.986501304363,5.6404641963788436,0.009977012000000072,1,0.005838212118985287,take_profit
2021-01-09 21:00:00+00:00,2021-01-09 21:00:00+00:00,1271.14,1269.2688661630834,1284.5000925570405,0.5704993340046305,724.8418847035551,732.0736408853452,7.231756181790047,0.009977012000000084,2,0.007583743726104205,take_profit
2021-01-09 22:00:00+00:00,2021-01-09 22:00:00+00:00,1287.95,1286.0541216347085,1301.486771094325,0.5634132618081666,725.3052527848326,732.5416319955299,7.236379210697237,0.009977011999999902,2,0.009029853643386862,take_profit
2021-01-09 23:00:00+00:00,2021-01-10 01:00:00+00:00,1286.65,1280.9397719532756,1296.311049216715,0.75251797007827,964.8950920748761,974.5218619872481,9.626769912372083,0.009977011999999938,3,0.015388800373061968,take_profit
2021-01-10 02:00:00+00:00,2021-01-10 02:00:00+00:00,1323.5,1321.5517915940343,1337.4104130931628,0.5490964200745676,726.3857434508662,733.6329027299045,7.247159279038215,0.009977012,2,0.010253116735927418,take_profit
2021-01-10 03:00:00+00:00,2021-01-10 07:00:00+00:00,1337.99,1326.8190325825515,1342.740860973542,0.9679969135172264,1285.6423707065283,1298.4692400667761,12.826869360247883,0.009977012000000313,4,0.0250226085396752,take_profit
2021-01-10 08:00:00+00:00,2021-01-10 13:00:00+00:00,1344.77,1288.162372163058,1303.6203206290147,2.6096027908998285,3364.9570786074682,3398.529295760219,33.57221715275091,0.009977011999999778,8,0.08014009830677364,take_profit
2021-01-10 14:00:00+00:00,2021-01-10 14:00:00+00:00,1309.77,1298.8346432377286,1314.4206589565813,0.992897779270878,1290.9009338446685,1303.780267952448,12.879334107779414,0.00997701199999996,4,0.020400528337036296,take_profit
2021-01-10 15:00:00+00:00,2021-01-10 15:00:00+00:00,1296.24,1290.4872109716816,1305.9730575033418,0.7519723974801277,971.3821440959146,981.0736354041453,9.691491308230752,0.009977012000000085,3,0.015614392396469796,take_profit
2021-01-10 16:00:00+00:00,2021-01-10 16:00:00+00:00,1303.4,1303.4,1319.0408000000002,0.437373803501845,570.6436591434483,576.3369777784465,5.69331863499815,0.0099770120000001,1,0.005562375326070277,take_profit
2021-01-10 17:00:00+00:00,2021-01-10 17:00:00+00:00,1297.38,1281.7489838478157,1297.1299716539895,1.2591390433387628,1615.515705027598,1631.6337246028465,16.11801957524858,0.009977011999999862,5,0.037606560915075145,take_profit
2021-01-10 18:00:00+00:00,2021-01-10 18:00:00+00:00,1300.81,1289.9494508731073,1305.4288442835846,1.0036323366007172,1295.9309123889775,1308.8604306530533,12.929518264075796,0.009977012000000014,4,0.021378986938907257,take_profit
2021-01-10 19:00:00+00:00,2021-01-10 19:00:00+00:00,1283.64,1272.9228043440282,1288.1978779961566,1.0182069620493304,1297.3962577922393,1310.3403958249876,12.944138032748242,0.009977011999999981,4,0.022132373562681187,take_profit
2021-01-10 20:00:00+00:00,2021-01-10 20:00:00+00:00,1263.32,1221.950572796399,1236.6139796699558,2.2486862314892613,2750.533962570248,2777.9760729212203,27.442110350972143,0.009977012000000446,7,0.07386885349713448,take_profit
2021-01-10 21:00:00+00:00,2021-01-10 21:00:00+00:00,1258.33,1258.33,1273.42996,0.4560215637964319,574.4000143863504,580.1308102226833,5.730795836332845,0.009977012000000094,1,0.0037589503548353916,take_profit
2021-01-10 22:00:00+00:00,2021-01-10 22:00:00+00:00,1270.59,1268.7196757699012,1283.94431187914,0.5798867478053684,736.4501768357252,743.7977490874174,7.347572251692213,0.009977012000000084,2,0.007138416011459194,take_profit
2021-01-10 23:00:00+00:00,2021-01-11 03:00:00+00:00,1273.08,1138.7407870212808,1152.405676465536,6.113623935565463,6968.8017336716275,7038.329552194089,69.52781852246153,0.009977011999999843,11,0.20593364124799696,take_profit
2021-01-11 04:00:00+00:00,2021-01-11 04:00:00+00:00,1105.02,1091.70656409958,1104.807042868775,1.498011986793999,1637.0265456284906,1653.3591791185445,16.332633490053922,0.009977011999999954,5,0.049790954009882156,take_profit
2021-01-11 05:00:00+00:00,2021-01-11 05:00:00+00:00,1114.0,1100.578371800449,1113.7853122620545,1.488033942390869,1639.3373108111573,1655.6929988331678,16.355688022010554,0.009977011999999943,5,0.03063734290843816,take_profit
2021-01-11 06:00:00+00:00,2021-01-11 06:00:00+00:00,1094.18,1058.3493317151344,1071.049523695716,2.628627313199548,2784.7907510038945,2812.5746417441496,27.783890740255174,0.00997701200000011,7,0.072364693194904,take_profit
2021-01-11 07:00:00+00:00,2021-01-11 07:00:00+00:00,1027.93,1023.3679864640196,1035.6484023015878,0.9672032048303612,990.7955918206139,1000.6807713297553,9.88517950914138,0.009977012000000014,3,0.016372710204002258,take_profit
2021-01-11 08:00:00+00:00,2021-01-11 08:00:00+00:00,1071.98,1070.4020321518497,1083.2468565376719,0.6961291876203083,745.8839810500442,753.3256744795884,7.441693429544216,0.009977012000000205,2,0.00837702195936493,take_profit
2021-01-11 09:00:00+00:00,2021-01-11 09:00:00+00:00,1108.69,1099.4334735191958,1112.6266752014262,1.1995564162953332,1320.1526300798967,1333.3238087120353,13.171178632138663,0.00997701199999998,4,0.022016974988500013,take_profit
2021-01-11 10:00:00+00:00,2021-01-11 10:00:00+00:00,1135.3,1125.821304861001,1139.331160519333,1.1727649073558442,1321.6453636582055,1334.831435311168,13.186071652962482,0.009977012000000153,4,0.02294547696644055,take_profit
2021-01-11 11:00:00+00:00,2021-01-11 11:00:00+00:00,1112.01,1098.6123475994768,1111.7956957706706,1.501995657653611,1651.7627382773312,1668.242394938277,16.479656660945693,0.00997701199999994,5,0.04302119585255521,take_profit
2021-01-11 12:00:00+00:00,2021-01-11 12:00:00+00:00,1067.65,1054.7868030994161,1067.444244736609,1.5666106225029872,1654.0943045160284,1670.597223241316,16.5029187252876,0.009977011999999716,5,0.02716245960754929,take_profit
2021-01-11 13:00:00+00:00,2021-01-11 13:00:00+00:00,1073.3,1060.3687311072008,1073.0931558804873,1.5605634947536473,1656.42916190605,1672.9553755315367,16.526213625486662,0.009977012000000035,5,0.0444144228081616,take_profit
2021-01-11 14:00:00+00:00,2021-01-11 14:00:00+00:00,1026.24,992.6341353153408,1004.5457449391249,2.831870533689992,2813.825183718077,2841.898751341934,28.07356762385689,0.009977011999999797,7,0.07429061428125976,take_profit
2021-01-11 15:00:00+00:00,2021-01-11 15:00:00+00:00,1038.53,1015.835395057636,1028.0254197983277,2.123169162484619,2158.9493342810338,2180.489197696548,21.539863415514446,0.00997701200000026,6,0.06287733623487039,take_profit
2021-01-11 16:00:00+00:00,2021-01-11 16:00:00+00:00,977.21,955.8553979223252,967.3256626973931,2.260533743260143,2162.9062869677355,2184.4856289476875,21.579341979952005,0.009977011999999752,6,0.06366083032306263,take_profit
2021-01-11 17:00:00+00:00,2021-01-11 17:00:00+00:00,963.57,951.960773532997,963.384302815393,1.7513021341511543,1668.839774090612,1685.4898085427913,16.65003445217917,0.009977011999999907,5,0.046846622456074904,take_profit
2021-01-11 18:00:00+00:00,2021-01-11 18:00:00+00:00,998.15,993.7201518479479,1005.6447936701234,1.0115634005273444,1006.2171531289883,1016.256193740362,10.039040611373707,0.009977011999999954,3,0.015428542804187725,take_profit
2021-01-11 19:00:00+00:00,2021-01-11 19:00:00+00:00,993.52,981.5499317335567,993.3285309143594,1.7023516727619556,1672.6157839699736,1689.3034917180314,16.687707748057846,0.009977012000000007,5,0.04883646026250099,take_profit
2021-01-11 20:00:00+00:00,2021-01-11 20:00:00+00:00,984.15,975.9332662546942,987.6444654497506,1.3734480029297123,1341.7353308610418,1355.1218403578664,13.386509496824601,0.009977012000000013,4,0.026571152771427096,take_profit
2021-01-11 21:00:00+00:00,2021-01-11 21:00:00+00:00,1019.99,1015.463224648989,1027.6487833447768,0.9932654868600227,1009.6342084278544,1019.7073410409496,10.07313261309514,0.009977011999999936,3,0.01371582074334063,take_profit
2021-01-11 22:00:00+00:00,2021-01-11 22:00:00+00:00,1032.05,1030.5308096068177,1042.8971793220994,0.7368104543043245,760.0659399409435,767.6491269445256,7.583187003582111,0.00997701200000005,2,0.009398769439465077,take_profit
2021-01-11 23:00:00+00:00,2021-01-11 23:00:00+00:00,1057.86,1057.86,1070.55432,0.5604718062780512,593.4941991884876,599.4154979357215,5.921298747233891,0.009977011999999931,1,0.00018906093433896558,take_profit
2021-01-12 00:00:00+00:00,2021-01-12 00:00:00+00:00,1087.0,1073.9036715862549,1086.7905156452898,1.5630138559370153,1680.2065251561066,1696.9699658200668,16.763440663960182,0.009977011999999645,5,0.04476540938362473,take_profit
2021-01-12 01:00:00+00:00,2021-01-12 01:00:00+00:00,1061.87,1057.1573587564799,1069.8432470615576,0.9573386496908731,1013.07066901171,1023.1780872332878,10.107418221577745,0.009977011999999888,3,0.019550415775942433,take_profit
2021-01-12 02:00:00+00:00,2021-01-12 02:00:00+00:00,1055.12,1053.5668502808444,1066.2096524842145,0.7231532575347087,762.6529527639393,770.2619504255006,7.608997661561261,0.009977012000000007,2,0.010472742436879175,take_profit
2021-01-12 03:00:00+00:00,2021-01-12 03:00:00+00:00,1069.27,1069.27,1082.10124,0.5563784102202913,595.514256953204,601.4557098409973,5.941452887793275,0.009977012000000127,1,0.006228548448941878,take_profit
2021-01-12 04:00:00+00:00,2021-01-12 04:00:00+00:00,1088.72,1087.1173906643426,1100.1627993523148,0.7016332097168593,763.5211853361757,771.1388453645291,7.617660028353384,0.009977012000000177,2,0.011453817326769075,take_profit
2021-01-12 05:00:00+00:00,2021-01-12 05:00:00+00:00,1095.25,1095.25,1108.393,0.5437991512316022,596.1922125990113,602.1404294584182,5.948216859406898,0.009977012000000018,1,0.00292170737274599,take_profit
2021-01-12 06:00:00+00:00,2021-01-12 06:00:00+00:00,1129.6,1129.6,1143.1552,0.5275257912699538,596.4896234419817,602.440807572938,5.9511841309562215,0.009977012000000148,1,0.005754249291784703,take_profit
2021-01-12 07:00:00+00:00,2021-01-12 07:00:00+00:00,1138.0,1136.3248498934727,1149.9607480921943,0.6723490657607911,764.7717229495972,772.401859606726,7.630136657128787,0.009977011999999974,2,0.013181019332161687,take_profit
2021-01-12 08:00:00+00:00,2021-01-12 08:00:00+00:00,1139.25,1125.5241562600195,1139.0304461351398,1.4998136130949473,1689.7662176436254,1706.6250354742506,16.858817830625185,0.009977012000000073,5,0.02987930656133418,take_profit
2021-01-12 09:00:00+00:00,2021-01-12 10:00:00+00:00,1116.8,1103.3446370078468,1116.584772651941,1.532122620655055,1692.151428166329,1709.0340432709615,16.882615104632578,0.009977011999999985,5,0.045531876790830865,take_profit
2021-01-12 11:00:00+00:00,2021-01-12 11:00:00+00:00,1084.49,1084.49,1097.50388,0.5516481529262796,598.8557611281491,604.8305522431938,5.974791115044695,0.00997701200000003,1,0.0002305231030253852,take_profit
2021-01-12 12:00:00+00:00,2021-01-12 12:00:00+00:00,1099.15,1094.2719079333485,1107.4031708285488,0.93190819646456,1020.7817419059058,1030.966093594282,10.184351688376182,0.009977012000000056,3,0.014875130782877801,take_profit
2021-01-12 13:00:00+00:00,2021-01-12 13:00:00+00:00,1086.82,1063.0701318753815,1075.8269734578862,2.0704238088687594,2203.2089204524946,2225.190362290356,21.98144183786144,0.009977011999999934,6,0.05739680903921522,take_profit
2021-01-12 14:00:00+00:00,2021-01-12 14:00:00+00:00,1025.71,1021.1578389540236,1033.411733021472,1.0013126572483957,1023.5217909840669,1033.7334801749762,10.211689190909283,0.009977011999999761,3,0.01889422936307533,take_profit
2021-01-12 15:00:00+00:00,2021-01-12 15:00:00+00:00,1035.7,1035.7,1048.1284,0.5799672699091811,601.2733748197587,607.2722864956158,5.99891167585713,0.009977011999999832,1,0.00017379550062765633,take_profit
2021-01-12 16:00:00+00:00,2021-01-12 16:00:00+00:00,1053.54,1053.54,1066.18248,0.570430877881379,601.5733204035515,607.5752246400976,6.001904236546125,0.009977012000000077,1,0.0007118856426903583,take_profit
2021-01-12 17:00:00+00:00,2021-01-12 17:00:00+00:00,1106.8,1105.1707766802247,1118.4328260003874,0.6971939205498494,771.289636307115,778.9848022640268,7.695165956911865,0.009977012000000186,2,0.009550054210336048,take_profit
2021-01-12 18:00:00+00:00,2021-01-12 18:00:00+00:00,1117.65,1108.3186658838174,1121.6184898744232,1.2304704874040844,1365.118527536642,1378.7383314672973,13.61980393065528,0.009977011999999907,4,0.024050463025097397,take_profit
2021-01-12 19:00:00+00:00,2021-01-12 19:00:00+00:00,1104.39,1091.0841544279156,1104.1771642810506,1.5621053813205799,1706.0945236290904,1723.1162491644723,17.021725535381847,0.009977012000000075,5,0.04006736750604405,take_profit
2021-01-12 20:00:00+00:00,2021-01-12 21:00:00+00:00,1082.76,1069.714755700767,1082.5513327691763,1.5955601908795924,1708.5027825752077,1725.548535338994,17.045752763786368,0.009977012000000077,5,0.028612065462337008,take_profit
2021-01-12 22:00:00+00:00,2021-01-12 22:00:00+00:00,1077.73,1064.7453578460486,1077.5223021402012,1.6052697613502058,1710.9144409291948,1727.984254837319,17.06981390812416,0.00997701200000017,5,0.03408089224573874,take_profit
2021-01-12 23:00:00+00:00,2021-01-13 00:00:00+00:00,1052.91,1029.9011543336596,1042.2599681856636,2.1578892444801876,2224.6372610754097,2246.832493724806,22.19523264939653,0.009977012000000016,6,0.06214206342422435,take_profit
2021-01-13 01:00:00+00:00,2021-01-13 01:00:00+00:00,991.31,991.3099999999998,1003.2057199999998,0.6113114813350405,606.6057903525915,612.6579036022089,6.052113249617378,0.009977012000000146,1,0.0014929739435695238,take_profit
2021-01-13 02:00:00+00:00,2021-01-13 02:00:00+00:00,1031.17,1026.593607154284,1038.9127304401354,1.0061996127961592,1033.9920820997527,1044.308233510767,10.316151411014289,0.009977012000000068,3,0.015652123316233113,take_profit
2021-01-13 03:00:00+00:00,2021-01-13 03:00:00+00:00,1030.73,1030.73,1043.09876,0.5887252523765074,607.4242035856231,613.4844821538874,6.060278568264266,0.009977012000000101,1,0.002027689113540809,take_profit
2021-01-13 04:00:00+00:00,2021-01-13 04:00:00+00:00,1046.72,1034.1089706741166,1046.518278322206,1.6612594486524903,1719.6429414100876,1736.799839672251,17.156898262163395,0.0099770119999998,5,0.026855319474166934,take_profit
2021-01-13 05:00:00+00:00,2021-01-13 05:00:00+00:00,1023.58,1022.073277551811,1034.3381568824327,0.7622844800183475,779.890487406637,787.6714641581789,7.780976751541857,0.009977011999999988,2,0.012495359424764138,take_profit
2021-01-13 06:00:00+00:00,2021-01-13 06:00:00+00:00,1036.24,1036.24,1048.67488,0.5870890306815572,608.9741112647215,615.049853280499,6.07574201577745,0.009977011999999981,1,0.004217169767621515,take_profit
2021-01-13 07:00:00+00:00,2021-01-13 07:00:00+00:00,1044.49,1044.49,1057.02388,0.5827424106187182,609.2778983655105,615.356671268838,6.07877290332749,0.009977012000000018,1,0.0020296987046310813,take_profit
2021-01-13 08:00:00+00:00,2021-01-13 10:00:00+00:00,1076.33,1067.34364930947,1080.1517731011836,1.2932452566893533,1381.718830557534,1395.5042559106325,13.785425353098617,0.009977012000000098,4,0.020941532801278386,take_profit
2021-01-13 11:00:00+00:00,2021-01-13 11:00:00+00:00,1079.61,1070.5962643715186,1083.443419543977,1.2907740700895138,1383.2811787642186,1397.0821916841232,13.801012919904679,0.009977011999999945,4,0.021869008252980153,take_profit
2021-01-13 12:00:00+00:00,2021-01-13 13:00:00+00:00,1061.64,1056.9283795099489,1069.6115200640681,0.9838470729410633,1040.896789278483,1051.281829035876,10.38503975739286,0.009977011999999964,3,0.015607927357673187,take_profit
2021-01-13 14:00:00+00:00,2021-01-13 14:00:00+00:00,1067.2,1062.463703904353,1075.2132683512052,0.9795531419549083,1041.7814408133718,1052.175306749744,10.393865936372322,0.009977012000000021,3,0.015001874062968507,take_profit
2021-01-13 15:00:00+00:00,2021-01-13 15:00:00+00:00,1055.99,1055.99,1068.66188,0.5789714903595737,612.0001042090153,618.1060365927099,6.105932383694608,0.00997701200000002,1,0.006231119612875053,take_profit
2021-01-13 16:00:00+00:00,2021-01-13 18:00:00+00:00,1071.14,1069.5632686422623,1082.3980278659694,0.7328910753782106,784.6580321724341,792.4865747753147,7.828542602880589,0.00997701199999978,2,0.009671938308717933,take_profit
2021-01-13 19:00:00+00:00,2021-01-13 20:00:00+00:00,1103.51,1101.8856196010072,1115.1082470362194,0.7118474596630946,785.159638791063,792.9931859291971,7.833547138134122,0.009977012000000026,2,0.011110003534177298,take_profit
2021-01-13 21:00:00+00:00,2021-01-13 21:00:00+00:00,1110.87,1109.2347855897733,1122.5456030168507,0.7075832048372611,785.6615660706545,793.5001209432804,7.838554872625878,0.009977012000000209,2,0.00794872487329744,take_profit
2021-01-13 22:00:00+00:00,2021-01-13 22:00:00+00:00,1126.89,1121.8887961888836,1135.3514617431501,0.9307015994929528,1045.1888859521694,1055.6167480095808,10.427862057411403,0.00997701199999998,3,0.016603217705366127,take_profit
2021-01-13 23:00:00+00:00,2021-01-13 23:00:00+00:00,1118.23,1118.23,1131.64876,0.5485345808425736,614.0018261617528,620.1277297493906,6.125903587637822,0.009977012000000163,1,0.0,take_profit
2021-01-14 00:00:00+00:00,2021-01-14 00:00:00+00:00,1129.79,1129.79,1143.34748,0.543192817443767,614.3081213411346,620.4370808394525,6.128959498317954,0.009977011999999997,1,0.0010621442923021496,take_profit
2021-01-14 01:00:00+00:00,2021-01-14 07:00:00+00:00,1133.99,1120.3275294775503,1133.771459831281,1.5507897635549677,1739.13159613875,1756.4829329430056,17.351336804255652,0.00997701200000011,5,0.04170230778049186,take_profit
2021-01-14 08:00:00+00:00,2021-01-14 08:00:00+00:00,1147.85,1147.85,1161.6242,0.5356681221589119,615.4821361562633,621.62280881448,6.140672658216658,0.009977011999999976,1,2.613581914010778e-05,take_profit
2021-01-14 09:00:00+00:00,2021-01-14 10:00:00+00:00,1157.01,1155.306866937827,1169.170549341081,0.6823583566620703,789.1224175816824,796.995501411364,7.873083829681605,0.009977012000000188,2,0.013163239729993706,take_profit
2021-01-14 11:00:00+00:00,2021-01-14 13:00:00+00:00,1168.85,1163.6625752516895,1177.6265261547098,0.9012433575843467,1049.7929593744548,1060.266756327649,10.473796953194324,0.009977011999999882,3,0.018257261410788313,take_profit
2021-01-14 14:00:00+00:00,2021-01-14 14:00:00+00:00,1193.41,1193.41,1207.7309200000002,0.5162432083814362,616.7065138283181,622.8594021172614,6.152888288943359,0.009977012000000103,1,0.005086265407529821,take_profit
2021-01-14 15:00:00+00:00,2021-01-14 16:00:00+00:00,1208.39,1206.611234940926,1221.090569760217,0.6546445967918246,790.692217599988,798.5809633432897,7.888745743301683,0.00997701199999999,2,0.01151945977705879,take_profit
2021-01-14 17:00:00+00:00,2021-01-14 17:00:00+00:00,1225.18,1223.376519852799,1238.0570380910326,0.6460860341610294,791.1976816790958,799.0914704435803,7.893788764484498,0.009977011999999973,2,0.006978566414730859,take_profit
2021-01-14 18:00:00+00:00,2021-01-14 19:00:00+00:00,1219.35,1217.5551016850666,1232.1657629052875,0.6495901206619961,791.7034688851164,799.6023038946249,7.8988350095085025,0.009977012000000087,2,0.013244761553286476,take_profit
2021-01-14 20:00:00+00:00,2021-01-14 23:00:00+00:00,1231.2,1204.2950501140667,1218.7465907154356,1.8841186560827794,2271.306077425484,2293.966925415631,22.660847990146976,0.009977011999999997,6,0.05484080571799868,take_profit
2021-01-15 00:00:00+00:00,2021-01-15 00:00:00+00:00,1231.89,1231.89,1246.6726800000001,0.5022460916551145,619.3312691181371,625.5103446221041,6.179075503966942,0.009977012000000094,1,0.005373856431986718,take_profit
2021-01-15 01:00:00+00:00,2021-01-15 01:00:00+00:00,1237.1,1235.2789734650396,1250.1023211466202,0.6421734931040651,794.057470818867,801.9797917339166,7.922320915049568,0.009977012000000103,2,0.010249777705925016,take_profit
2021-01-15 02:00:00+00:00,2021-01-15 03:00:00+00:00,1230.61,1220.3355553377933,1234.979582001847,1.150511660299069,1405.415701595266,1419.4375509150707,14.021849319804687,0.009977012000000212,4,0.024061237922656166,take_profit
2021-01-15 04:00:00+00:00,2021-01-15 05:00:00+00:00,1219.08,1204.392353226653,1218.845061465373,1.4569177281762928,1756.4570281239985,1773.9812209710763,17.524192847077757,0.009977012000000163,5,0.027955507431833785,take_profit
2021-01-15 06:00:00+00:00,2021-01-15 06:00:00+00:00,1185.36,1183.6151353864032,1197.81851701104,0.6723382960197859,796.5863696385611,804.5339214074814,7.947551768920334,0.009977011999999967,2,0.008394074374029678,take_profit
2021-01-15 07:00:00+00:00,2021-01-15 07:00:00+00:00,1200.46,1198.6929079992253,1213.077222895216,0.6643056789138572,797.0956016593104,805.0482340422126,7.952632382902152,0.00997701199999999,2,0.009396398047415135,take_profit
2021-01-15 08:00:00+00:00,2021-01-15 08:00:00+00:00,1240.99,1230.6288920280574,1245.396438732394,1.1452535827554273,1410.7929405780526,1424.8684386757152,14.075498097662603,0.009977012000000061,4,0.020870434088912957,take_profit
2021-01-15 09:00:00+00:00,2021-01-15 09:00:00+00:00,1217.59,1215.7976924268835,1230.387264736006,0.6561194610407483,798.5070337234356,806.4737479809787,7.966714257543117,0.009977011999999995,2,0.010340098062566151,take_profit
2021-01-15 10:00:00+00:00,2021-01-15 15:00:00+00:00,1232.22,1180.3501254688638,1194.5143269744901,3.1271938933379206,3694.8785829498283,3731.7424309104626,36.8638479606343,0.009977012000000235,8,0.08584506013536541,take_profit
2021-01-15 16:00:00+00:00,2021-01-15 16:00:00+00:00,1141.66,1116.711734010092,1130.112274818213,2.0554088223312763,2297.5967468320323,2320.519897146337,22.92315031430462,0.009977012000000205,6,0.0632762819052958,take_profit
2021-01-15 17:00:00+00:00,2021-01-15 17:00:00+00:00,1165.39,1151.3492178747983,1165.165408489296,1.5381870988198723,1772.763276447813,1790.4501569300921,17.686880482279093,0.00997701199999997,5,0.02859128703695772,take_profit
2021-01-15 18:00:00+00:00,2021-01-15 18:00:00+00:00,1154.53,1140.6200606775335,1154.307501405664,1.5548476113994254,1775.265642501232,1792.9774891196546,17.71184661842267,0.009977012000000094,5,0.028842905771179577,take_profit
2021-01-15 19:00:00+00:00,2021-01-15 19:00:00+00:00,1139.24,1137.563024598102,1151.2137808932791,0.7070476949044595,805.1164307814144,813.1490870727176,8.032656291303283,0.00997701199999993,2,0.008944559530915394,take_profit
2021-01-15 20:00:00+00:00,2021-01-15 21:00:00+00:00,1133.75,1128.7183511071592,1142.262971320445,0.9479771443742132,1071.0702695548903,1081.7563504870825,10.686080932192226,0.009977011999999862,3,0.019607497243660434,take_profit
2021-01-15 22:00:00+00:00,2021-01-15 22:00:00+00:00,1159.0,1159.0,1172.908,0.5423440707668147,629.2059840027409,635.4835796556081,6.277595652867149,0.009977011999999992,1,0.006643658326143266,take_profit
2021-01-15 23:00:00+00:00,2021-01-16 00:00:00+00:00,1162.9,1162.9,1176.8548,0.5407948610556358,629.5198637853842,635.8005910206094,6.280727235225186,0.009977012000000066,1,0.005039126322125829,take_profit
2021-01-16 01:00:00+00:00,2021-01-16 01:00:00+00:00,1188.46,1183.1855449233205,1197.3837714624003,0.9060094611956353,1073.0503483988405,1083.7561846014198,10.705836202579349,0.009977011999999941,3,0.014371539639533453,take_profit
2021-01-16 02:00:00+00:00,2021-01-16 02:00:00+00:00,1178.24,1173.0109018818075,1187.0870327043892,0.9146448366252143,1073.9623270383195,1084.6772620627287,10.714935024409215,0.009977011999999978,3,0.016898085279739343,take_profit
2021-01-16 03:00:00+00:00,2021-01-16 03:00:00+00:00,1163.52,1163.5199999999998,1177.4822399999998,0.5416959173626467,630.904938708495,637.199484852849,6.294546144353944,0.00997701200000004,1,0.004941900440044005,take_profit
2021-01-16 04:00:00+00:00,2021-01-16 05:00:00+00:00,1179.23,1169.3845303719177,1183.4171447363806,1.2222958099773957,1430.764576302282,1445.0393316492246,14.274755346942584,0.009977011999999862,4,0.02328638179150805,take_profit
2021-01-16 06:00:00+00:00,2021-01-16 07:00:00+00:00,1164.12,1164.12,1178.08944,0.5422993079573213,631.9334037830598,638.2382109358043,6.304807152744502,0.009977012000000108,1,0.0009792804865476692,take_profit
2021-01-16 08:00:00+00:00,2021-01-16 08:00:00+00:00,1182.88,1182.88,1197.07456,0.5339648954218148,632.248644140697,638.5565964502724,6.307952309575398,0.009977011999999896,1,0.00497091843635881,take_profit
2021-01-16 09:00:00+00:00,2021-01-16 12:00:00+00:00,1215.62,1205.4707078438564,1219.9363563379827,1.1882312915878992,1433.811827980665,1448.1169857941702,14.305157813505275,0.00997701200000017,4,0.022720916075747267,take_profit
2021-01-16 13:00:00+00:00,2021-01-16 13:00:00+00:00,1217.59,1217.59,1232.2010799999998,0.5195887124132132,633.2792996468511,639.5975348187793,6.318235171928222,0.00997701199999999,1,0.0003038789740387905,take_profit
2021-01-16 14:00:00+00:00,2021-01-16 15:00:00+00:00,1231.31,1229.4974964168118,1244.2514663738136,0.659723661093388,811.9405301714253,820.0412705842319,8.100740412806658,0.009977011999999983,2,0.011889775929700785,take_profit
2021-01-16 16:00:00+00:00,2021-01-16 16:00:00+00:00,1276.29,1270.6257502399612,1285.8732592428407,0.8492417398415042,1080.148571392594,1090.9252266511605,10.776655258566507,0.00997701199999976,3,0.018961207875952995,take_profit
2021-01-16 17:00:00+00:00,2021-01-16 20:00:00+00:00,1265.88,1250.6285002645893,1265.6360422677644,1.4342509180988783,1795.5105852904012,1813.4244159459704,17.9138306555692,0.009977011999999914,5,0.037507504660789344,take_profit
2021-01-16 21:00:00+00:00,2021-01-16 21:00:00+00:00,1273.7,1258.3542838081078,1273.454535213805,1.427457305659625,1798.0450605905592,1815.9841777366119,17.939117146052695,0.009977011999999978,5,0.040590405904059074,take_profit
2021-01-16 22:00:00+00:00,2021-01-16 22:00:00+00:00,1234.91,1220.0316311670492,1234.6720107410538,1.4743736837599244,1800.5831134608525,1818.5475527908488,17.964439329996367,0.009977012000000044,5,0.02826926658622902,take_profit
2021-01-16 23:00:00+00:00,2021-01-17 00:00:00+00:00,1231.99,1221.704033626094,1236.3644820296072,1.18109088641764,1444.387887903353,1458.7985631936192,14.410675290266227,0.009977011999999875,4,0.025535921557804882,take_profit
2021-01-17 01:00:00+00:00,2021-01-17 01:00:00+00:00,1235.79,1233.9709018012782,1248.7785526228936,0.6618504608347137,817.5217317455487,825.6781558734349,8.156424127886226,0.009977012000000129,2,0.008731256928766185,take_profit
2021-01-17 02:00:00+00:00,2021-01-17 11:00:00+00:00,1250.56,1209.6084193365612,1224.1237203685998,2.530617096970648,3064.119866479222,3094.690627156523,30.570760677301223,0.009977011999999879,7,0.06841734902763558,take_profit
2021-01-17 12:00:00+00:00,2021-01-17 15:00:00+00:00,1219.52,1209.338146484707,1223.8502042425237,1.198142779790152,1450.410178714171,1464.8809384721249,14.470759757953829,0.009977012000000276,4,0.0233616504854369,take_profit
2021-01-17 16:00:00+00:00,2021-01-17 16:00:00+00:00,1241.35,1235.8408160060612,1250.670905798134,0.8822486320704133,1091.4102796577888,1102.2992931148578,10.88901345706904,0.009977011999999933,3,0.017199017199017126,take_profit
2021-01-17 17:00:00+00:00,2021-01-17 21:00:00+00:00,1239.17,1228.824087328994,1243.569976376942,1.1814799343774274,1453.2842863452072,1467.7837211094848,14.499434764277567,0.009977011999999999,4,0.023104174568461235,take_profit
2021-01-17 22:00:00+00:00,2021-01-17 22:00:00+00:00,1261.61,1251.076734277889,1266.0896550892237,1.1617773620431089,1454.9275556184919,1469.4433853000282,14.515829681536388,0.00997701200000002,4,0.020299458628260637,take_profit
2021-01-17 23:00:00+00:00,2021-01-18 12:00:00+00:00,1245.95,1230.9386196990752,1245.709883135464,1.4757173656759974,1818.3358330041717,1836.4773914300843,18.141558425912535,0.009977011999999955,5,0.05086078895621824,take_profit
2021-01-18 13:00:00+00:00,2021-01-18 14:00:00+00:00,1243.63,1238.1106972325438,1252.9680255993344,0.8846208763867891,1096.3549249746861,1107.2932712174177,10.93834624273154,0.009977011999999999,3,0.018196730538825943,take_profit
2021-01-18 15:00:00+00:00,2021-01-18 22:00:00+00:00,1237.03,1226.7019543311935,1241.4223777831678,1.1888858022575948,1459.868405511512,1474.433530111721,14.565124600208947,0.009977011999999811,4,0.020508799301552826,take_profit
2021-01-18 23:00:00+00:00,2021-01-18 23:00:00+00:00,1240.79,1240.79,1255.67948,0.519139466831581,644.7878468968541,651.2209029827983,6.433056085944145,0.009977012000000106,1,0.006237961298849934,take_profit
2021-01-19 00:00:00+00:00,2021-01-19 00:00:00+00:00,1258.52,1258.52,1273.62224,0.5120811669273831,645.1094997011513,651.5457649209837,6.436265219832421,0.00997701200000006,1,0.005585926326160865,take_profit
2021-01-19 01:00:00+00:00,2021-01-19 01:00:00+00:00,1261.79,1261.79,1276.93148,0.5110088696607049,645.431312962143,651.8707889167421,6.439475954599061,0.009977012000000007,1,3.962624525472109e-05,take_profit
2021-01-19 02:00:00+00:00,2021-01-19 02:00:00+00:00,1316.89,1316.89,1332.69268,0.4898719965016919,645.7532867598729,652.1959750509156,6.442688291042714,0.009977012000000032,1,0.002255313655658428,take_profit
2021-01-19 03:00:00+00:00,2021-01-19 06:00:00+00:00,1339.25,1323.1145282170119,1338.991902555616,1.3803234426251558,1828.154154730595,1846.3936706701923,18.23951593959714,0.009977012000000075,5,0.027679671457905498,take_profit
2021-01-19 07:00:00+00:00,2021-01-19 07:00:00+00:00,1330.24,1330.24,1346.20288,0.48588255470774705,646.9873969714049,653.4423979948374,6.455001023432487,0.009977012000000026,1,0.005758359393793663,take_profit
2021-01-19 08:00:00+00:00,2021-01-19 08:00:00+00:00,1374.73,1372.7063803989927,1389.1788569637806,0.603688058896787,829.515966184487,837.7920569333011,8.276090748814113,0.00997701199999987,2,0.008699890160249675,take_profit
2021-01-19 09:00:00+00:00,2021-01-19 09:00:00+00:00,1375.55,1375.55,1392.0566,0.4704127277150647,647.7239515600172,654.186301197419,6.462349637401758,0.009977012000000073,1,0.0039184326269491275,take_profit
2021-01-19 10:00:00+00:00,2021-01-19 11:00:00+00:00,1379.67,1377.639108657757,1394.1707779616502,0.6022113139599659,830.4603181055296,838.7458306647923,8.285512559262656,0.009977011999999964,2,0.012176824892909305,take_profit
2021-01-19 12:00:00+00:00,2021-01-19 12:00:00+00:00,1429.47,1412.2475450068116,1429.1945155468934,1.2979810342696623,1834.9054345472805,1853.2123080866236,18.306873539343087,0.009977011999999811,5,0.040903271842011396,take_profit
2021-01-19 13:00:00+00:00,2021-01-19 13:00:00+00:00,1386.02,1386.02,1402.65224,0.4680504694437821,649.3766883468177,655.8555273589741,6.4788390121564134,0.009977011999999928,1,0.0002741663179462647,take_profit
2021-01-19 14:00:00+00:00,2021-01-19 16:00:00+00:00,1417.23,1405.3974525571712,1422.2622219878572,1.0468085768681459,1472.6547620074975,1487.3474562399033,14.692694232405756,0.00997701199999987,4,0.024322093097097878,take_profit
2021-01-19 17:00:00+00:00,2021-01-19 21:00:00+00:00,1422.94,1391.845028110226,1408.5471684475488,1.7152467038163222,2389.747344033234,2413.5898819616223,23.842537928388083,0.009977012000000158,6,0.06221625648305618,take_profit
2021-01-19 22:00:00+00:00,2021-01-19 22:00:00+00:00,1409.38,1407.305375169475,1424.1930396715086,0.5927735385910227,835.0484355529294,843.3797238150221,8.331288262092698,0.009977011999999874,2,0.010472690119059599,take_profit
2021-01-19 23:00:00+00:00,2021-01-19 23:00:00+00:00,1409.73,1392.7453752946567,1409.4583197981926,1.3234277337531104,1845.0428986199527,1863.450913759999,18.408015140046246,0.009977012000000104,5,0.03161598320245716,take_profit
2021-01-20 00:00:00+00:00,2021-01-20 00:00:00+00:00,1365.36,1363.3501731551423,1379.710375233004,0.6131403262256552,836.7617316598072,845.110113497718,8.348381837910779,0.009977012000000122,2,0.007587742426905652,take_profit
2021-01-20 01:00:00+00:00,2021-01-20 23:00:00+00:00,1405.0,1345.8570111536521,1362.007295287496,2.8740201097557816,3871.8920069183264,3910.521919934054,38.62991301572765,0.009977011999999851,8,0.1206975088967971,take_profit
2021-01-21 00:00:00+00:00,2021-01-21 00:00:00+00:00,1376.72,1370.6100360187415,1387.0573564509664,0.8137567647428327,1116.4596482829515,1127.5985795913862,11.138931308434621,0.009977011999999851,3,0.01680806554709752,take_profit
2021-01-21 01:00:00+00:00,2021-01-21 01:00:00+00:00,1363.48,1352.096214878779,1368.3213694573244,1.0984074255700402,1486.6391616696649,1501.4713784253136,14.832216755648687,0.009977012000000337,4,0.02556693167483214,take_profit
2021-01-21 02:00:00+00:00,2021-01-22 11:00:00+00:00,1336.98,1195.897867715864,1210.2486421284545,6.647060475548342,7957.162611898559,8036.5513187634215,79.3887068648628,0.009977011999999941,11,0.22039970680189686,take_profit
2021-01-22 12:00:00+00:00,2021-01-22 12:00:00+00:00,1197.36,1197.36,1211.72832,0.5511464248848608,660.5812645647015,667.1718917682388,6.590627203537224,0.009977012000000033,1,0.0014699004476514926,take_profit
2021-01-22 13:00:00+00:00,2021-01-22 13:00:00+00:00,1203.86,1202.0879031570794,1216.5129579949644,0.7038570130527866,846.9449458889181,855.3949257773912,8.44997988847308,0.009977011999999993,2,0.008788397321947675,take_profit
2021-01-22 14:00:00+00:00,2021-01-22 15:00:00+00:00,1219.39,1219.39,1234.02268,0.5418052974227956,661.333294919302,667.9314251387115,6.598130219409427,0.009977012000000018,1,0.0006150616291752433,take_profit
2021-01-22 16:00:00+00:00,2021-01-22 16:00:00+00:00,1233.14,1227.6672524668425,1242.3992594964445,0.9173094473046062,1127.2780468812048,1138.5249134822752,11.246866601070451,0.009977012000000096,3,0.01481583599591304,take_profit
2021-01-22 17:00:00+00:00,2021-01-22 18:00:00+00:00,1238.56,1236.7368243269416,1251.5776662188648,0.6854984227251014,848.6297721743437,857.0965615948843,8.466789420540636,0.009977011999999933,2,0.012167355638806304,take_profit
2021-01-22 19:00:00+00:00,2021-01-23 05:00:00+00:00,1261.61,1246.4099458233075,1261.366865173187,1.502856963090001,1875.0509168620506,1893.7583223601944,18.70740549814377,0.009977012000000047,5,0.04431638937548042,take_profit
2021-01-23 06:00:00+00:00,2021-01-23 16:00:00+00:00,1263.53,1235.9185548007038,1250.7495774583122,1.9706959154218127,2438.057705445222,2462.3822364291414,24.32453098391943,0.009977011999999993,6,0.0535246491970906,take_profit
2021-01-23 17:00:00+00:00,2021-01-23 18:00:00+00:00,1243.01,1243.01,1257.92612,0.5342963295342761,664.800481055456,671.4332034325521,6.6327223770961155,0.009977012000000089,1,0.0033547598168961416,take_profit
2021-01-23 19:00:00+00:00,2021-01-23 19:00:00+00:00,1248.96,1248.96,1263.94752,0.532016225545363,665.1321171743108,671.7681482889443,6.636031114633511,0.009977012000000009,1,0.000672559569561992,take_profit
2021-01-23 20:00:00+00:00,2021-01-24 02:00:00+00:00,1257.83,1242.6754877933204,1257.5875936468403,1.5137768660799003,1883.0164218879718,1901.8032993253455,18.786877437373732,0.0099770120000002,5,0.03007560640150094,take_profit
2021-01-24 03:00:00+00:00,2021-01-24 03:00:00+00:00,1257.04,1257.04,1272.12448,0.5296067422988204,666.4032626019111,673.0519759497296,6.648713347818443,0.009977012000000037,1,0.00013523833768223188,take_profit
2021-01-24 04:00:00+00:00,2021-01-24 04:00:00+00:00,1293.53,1293.5299999999997,1309.0523599999997,0.5149234749646571,666.7356982693021,673.3877283317632,6.652030062461108,0.009977011999999853,1,0.0038731223860289216,take_profit
2021-01-24 05:00:00+00:00,2021-01-24 09:00:00+00:00,1319.8,1317.857238039899,1333.6715248963776,0.648007092664163,854.8356730417004,863.3643788096655,8.528705767965107,0.009977011999999983,2,0.010668283073192853,take_profit
2021-01-24 10:00:00+00:00,2021-01-24 12:00:00+00:00,1340.77,1329.5758221778244,1345.5307320439583,1.136809990720165,1512.988066137866,1528.0831662295805,15.095100091714357,0.009977012000000049,4,0.021785988648314054,take_profit
2021-01-24 13:00:00+00:00,2021-01-24 16:00:00+00:00,1325.07,1314.0069025210664,1329.7749853513192,1.1515800582180373,1514.6988441482606,1529.811012692714,15.112168544453425,0.009977012000000066,4,0.020263080441033237,take_profit
2021-01-24 17:00:00+00:00,2021-01-24 17:00:00+00:00,1328.36,1328.36,1344.3003199999998,0.5031287402467247,669.0050984926319,675.679770388354,6.674671895722099,0.009977011999999895,1,0.002145502725164797,take_profit
2021-01-24 18:00:00+00:00,2021-01-24 19:00:00+00:00,1357.62,1341.2632038812617,1357.3583623278369,1.4106754029108621,1893.9809915362491,1912.8772626165778,18.896271080328688,0.009977011999999806,5,0.03507608903816966,take_profit
2021-01-24 20:00:00+00:00,2021-01-24 20:00:00+00:00,1326.37,1326.3700000000001,1342.28644,0.5048465827753892,670.2836456414344,676.9710736174028,6.687427975968376,0.009977012000000056,1,0.0016888198617277094,take_profit
2021-01-24 21:00:00+00:00,2021-01-24 22:00:00+00:00,1342.89,1340.9132492736783,1357.0042082649625,0.6402540849528755,859.3845699848908,867.9586601522449,8.57409016735403,0.009977011999999922,2,0.007543432447929546,take_profit
2021-01-24 23:00:00+00:00,2021-01-24 23:00:00+00:00,1367.99,1367.99,1384.40588,0.4900442801680216,671.0467215486004,677.7417627420516,6.695041193451175,0.009977012000000193,1,4.385996973658099e-05,take_profit
2021-01-25 00:00:00+00:00,2021-01-25 00:00:00+00:00,1392.19,1392.19,1408.8962800000002,0.4817662044222877,671.3814736082729,678.0798546270405,6.698381018767577,0.009977012000000231,1,0.006514915349198143,take_profit
2021-01-25 01:00:00+00:00,2021-01-25 12:00:00+00:00,1456.97,1425.131383337144,1442.2329599371897,1.7299933721501042,2467.9357833997683,2492.558408325977,24.622624926208573,0.009977011999999872,6,0.05346026342340618,take_profit
2021-01-25 13:00:00+00:00,2021-01-25 13:00:00+00:00,1426.24,1419.910263358831,1436.949186519137,0.8066401907524984,1146.5031888760736,1157.9418649495285,11.438676073454872,0.009977012000000016,3,0.014541732106798301,take_profit
2021-01-25 14:00:00+00:00,2021-01-25 15:00:00+00:00,1416.76,1414.6745117179935,1431.6506058586094,0.6094968154280231,863.1027124717824,871.7138985913459,8.611186119563513,0.009977011999999988,2,0.012225076936107694,take_profit
2021-01-25 16:00:00+00:00,2021-01-25 16:00:00+00:00,1434.95,1417.661521198433,1434.6734594528143,1.3438482173713635,1907.028937035525,1926.055387624676,19.02645058915118,0.009977012000000266,5,0.03341579845987668,take_profit
2021-01-25 17:00:00+00:00,2021-01-26 01:00:00+00:00,1405.54,1359.5133521896673,1375.8275124159434,2.380474526544342,3239.5264298142242,3271.847223878797,32.320794064572965,0.009977011999999782,7,0.07957795580346337,take_profit
2021-01-26 02:00:00+00:00,2021-01-26 18:00:00+00:00,1378.16,1320.1468316665605,1335.9885936465591,3.0337404818003555,4008.9918770243485,4048.9896370893225,39.997760064974045,0.0099770119999999,8,0.09694084866778903,take_profit
2021-01-26 19:00:00+00:00,2021-01-26 19:00:00+00:00,1332.82,1332.8200000000002,1348.8138400000003,0.5085748638104594,678.5172672511076,685.2868421686792,6.769574917571617,0.009977012000000162,1,0.0004426704281147628,take_profit
2021-01-26 20:00:00+00:00,2021-01-26 20:00:00+00:00,1341.93,1339.9546624055781,1356.0341183544451,0.6485824859664475,869.9410670924342,878.6204795581083,8.67941246567409,0.00997701200000008,2,0.008130081300813068,take_profit
2021-01-26 21:00:00+00:00,2021-01-26 21:00:00+00:00,1337.11,1337.11,1353.1553199999998,0.5075202690157502,679.2897166202699,686.066998274467,6.777281654197054,0.009977012000000032,1,0.0061924598574537425,take_profit
2021-01-26 22:00:00+00:00,2021-01-26 22:00:00+00:00,1333.83,1333.83,1349.83596,0.5090221033582067,679.6285807029799,686.4092432081964,6.780662505216469,0.00997701199999981,1,0.006620034037321043,take_profit
2021-01-26 23:00:00+00:00,2021-01-27 00:00:00+00:00,1360.85,1349.4881729235383,1365.6820309986208,1.1409649196235736,1541.2599246773452,1556.6370934409706,15.377168763625377,0.009977012000000264,4,0.02164823455928266,take_profit
2021-01-27 01:00:00+00:00,2021-01-27 16:00:00+00:00,1346.31,1289.6375463959243,1305.1131969526755,3.1248779372774265,4033.9939097269435,4074.2411153722173,40.24720564527388,0.00997701200000031,8,0.10347542542207958,take_profit
2021-01-27 17:00:00+00:00,2021-01-27 17:00:00+00:00,1267.72,1257.1357214818886,1272.2213501396714,1.2297927980288619,1547.5640204436872,1563.0040852464224,15.44006480273515,0.009977012000000153,4,0.02091155775723345,take_profit
2021-01-27 18:00:00+00:00,2021-01-27 18:00:00+00:00,1257.26,1242.1123552332429,1257.0177034960418,1.55555710436921,1934.1108094172603,1953.4074561721459,19.296646754885614,0.009977011999999947,5,0.02790989930483744,take_profit
2021-01-27 19:00:00+00:00,2021-01-27 19:00:00+00:00,1225.55,1225.55,1240.2566,0.557954536704696,684.4856681265667,691.3147898512935,6.8291217247268605,0.009977012000000127,1,0.0012484190771490128,take_profit
2021-01-27 20:00:00+00:00,2021-01-27 20:00:00+00:00,1268.78,1266.9123401123377,1282.1152881936857,0.6920097442096835,877.5932776949253,886.3490363576069,8.755758662681615,0.009977012000000014,2,0.007991929254874661,take_profit
2021-01-27 21:00:00+00:00,2021-01-28 02:00:00+00:00,1287.42,1259.2864956285343,1274.3979335760769,1.997318594514955,2517.7140475880356,2542.8333108533902,25.119263265354675,0.009977012000000108,6,0.05451989249817468,take_profit
2021-01-28 03:00:00+00:00,2021-01-28 03:00:00+00:00,1268.58,1268.58,1283.80296,0.5406315363902126,686.5208753092049,693.3703023204155,6.849427011210537,0.00997701200000014,1,0.0036103359661983692,take_profit
2021-01-28 04:00:00+00:00,2021-01-28 05:00:00+00:00,1287.31,1285.4150637226417,1300.8400444873134,0.6840766700269246,880.2026590528847,888.9844515446873,8.781792491802662,0.00997701200000014,2,0.012895106850719647,take_profit
2021-01-28 06:00:00+00:00,2021-01-28 06:00:00+00:00,1301.41,1301.41,1317.02692,0.5275932518176987,687.3024362843556,694.1596609387939,6.857224654438255,0.009977012000000006,1,0.000883656956685511,take_profit
2021-01-28 07:00:00+00:00,2021-01-28 10:00:00+00:00,1304.14,1288.4275384199618,1303.8886688810014,1.5086884353659964,1945.7815085298043,1965.1945939897842,19.41308545997981,0.009977011999999924,5,0.033846059472142635,take_profit
2021-01-28 11:00:00+00:00,2021-01-28 12:00:00+00:00,1299.69,1297.7768402091806,1313.3501622916908,0.6792894696283543,882.4485900717277,891.2527902442563,8.804200172528567,0.00997701199999984,2,0.009056005662888828,take_profit
2021-01-28 13:00:00+00:00,2021-01-28 13:00:00+00:00,1318.9,1316.9585628510556,1332.7620656052684,0.6698234274167258,883.0127110457454,891.8225394600014,8.809828414256003,0.009977012000000078,2,0.00940177420577761,take_profit
2021-01-28 14:00:00+00:00,2021-01-28 14:00:00+00:00,1342.65,1340.6736025566531,1356.761685787333,0.6583956108095266,883.5771926441403,892.3926528980771,8.815460253936863,0.009977011999999959,2,0.009004580493799683,take_profit
2021-01-28 15:00:00+00:00,2021-01-28 22:00:00+00:00,1346.76,1340.7830002532107,1356.8723962562492,0.8758117452453461,1175.4489483954512,1187.17641665898,11.727468263528863,0.009977012000000056,3,0.019869910006237185,take_profit
2021-01-28 23:00:00+00:00,2021-01-29 00:00:00+00:00,1349.31,1343.3216832038815,1359.441543402328,0.8748995283044995,1176.4479549512334,1188.1853903151573,11.73743536392385,0.009977011999999945,3,0.01923946313300875,take_profit
2021-01-29 01:00:00+00:00,2021-01-29 08:00:00+00:00,1367.71,1337.8219484986273,1353.8758118806109,1.896106287688596,2539.1918001562126,2564.5253472166723,25.33354706045975,0.009977011999999848,6,0.06021744375635195,take_profit
2021-01-29 09:00:00+00:00,2021-01-29 09:00:00+00:00,1375.82,1364.3331873988043,1380.70518564759,1.1491469114931065,1569.3886572040858,1585.046466669675,15.657809465589253,0.009977012000000129,4,0.022401186201683316,take_profit
2021-01-29 10:00:00+00:00,2021-01-29 11:00:00+00:00,1369.92,1363.840214816952,1380.2062973947554,0.8650270862884479,1180.939666852972,1192.72191608044,11.7822492274679,0.009977011999999827,3,0.018190843260920398,take_profit
2021-01-29 12:00:00+00:00,2021-01-29 13:00:00+00:00,1416.83,1410.5420254898843,1427.4685297957628,0.8370976371195289,1181.9433399353118,1193.7356028211666,11.792262885854825,0.009977012000000118,3,0.013967801359372659,take_profit
2021-01-29 14:00:00+00:00,2021-01-29 14:00:00+00:00,1424.52,1407.357183300876,1424.2454695004865,1.3946405426528568,1964.7221079330625,1984.3241639805763,19.60205604751377,0.009977012000000158,5,0.037338893100834006,take_profit
2021-01-29 15:00:00+00:00,2021-01-29 16:00:00+00:00,1392.22,1386.0412461110554,1402.6737410643882,0.853822392700848,1184.6176708074136,1196.4366155244716,11.818944717058002,0.009977012000000327,3,0.018459726192699463,take_profit
2021-01-29 17:00:00+00:00,2021-01-29 17:00:00+00:00,1375.72,1373.694923106721,1390.1792621840018,0.6485457477263147,891.7957968509417,900.6932542176731,8.897457366731487,0.00997701200000009,2,0.007792283313464969,take_profit
2021-01-29 18:00:00+00:00,2021-01-29 18:00:00+00:00,1372.58,1361.1202383740974,1377.4536812345866,1.1584766454646525,1578.4044122379103,1594.152171999661,15.747759761750785,0.009977012000000132,4,0.024392020865814757,take_profit
2021-01-29 19:00:00+00:00,2021-01-29 19:00:00+00:00,1352.92,1336.6198301402726,1352.6592681019558,1.4743771868589735,1972.6544395016358,1992.3356365163968,19.681197014760983,0.009977011999999943,5,0.02941785175767982,take_profit
2021-01-29 20:00:00+00:00,2021-01-29 21:00:00+00:00,1348.03,1346.045683129963,1362.1982313275225,0.6639754846545631,894.6359707941939,903.5617646104391,8.925793816245232,0.0099770119999999,2,0.012054627864365036,take_profit
2021-01-29 22:00:00+00:00,2021-01-29 22:00:00+00:00,1372.01,1372.01,1388.47412,0.5086508499620086,698.5726252816571,705.5422927469638,6.969667465306657,0.009977012000000085,1,0.001450426746160749,take_profit
2021-01-29 23:00:00+00:00,2021-01-30 00:00:00+00:00,1396.2,1384.5430334245834,1401.1575498256784,1.1430753109375371,1584.2211796178242,1600.0269733375255,15.805793719701342,0.009977012000000098,4,0.021580002864919144,take_profit
2021-01-30 01:00:00+00:00,2021-01-30 01:00:00+00:00,1366.73,1366.73,1383.13076,0.5114482647944851,699.7113983409076,706.6924273586916,6.981029017783953,0.009977011999999912,1,0.0016974823117952603,take_profit
2021-01-30 02:00:00+00:00,2021-01-30 14:00:00+00:00,1369.83,1353.3260960892364,1369.5660092423072,1.4622720164711607,1980.9117912627141,2000.6753719750839,19.76358071236973,0.009977012000000068,5,0.03169736390647004,take_profit
2021-01-30 15:00:00+00:00,2021-01-30 19:00:00+00:00,1367.56,1361.4906886351546,1377.8285768987764,0.876381143274939,1194.3791454096704,1206.2954804759725,11.916335066302054,0.009977012000000023,3,0.016496533972915225,take_profit
2021-01-30 20:00:00+00:00,2021-01-30 22:00:00+00:00,1371.64,1371.64,1388.09968,0.5110253427540387,701.6444455807305,708.6447606340226,7.000315053292184,0.00997701199999984,1,0.002405879093639863,take_profit
2021-01-30 23:00:00+00:00,2021-02-01 11:00:00+00:00,1385.43,1327.1108035321029,1343.0361331744882,3.131469655761241,4159.96717827197,4201.471220729196,41.504042457226205,0.00997701200000015,8,0.08332431086377518,take_profit
2021-02-01 12:00:00+00:00,2021-02-01 20:00:00+00:00,1336.4,1320.2988654166254,1336.142451801625,1.5074345489421517,1992.2563810391844,2012.133146859889,19.876765820704577,0.009977012000000032,5,0.02723735408560318,take_profit
2021-02-01 21:00:00+00:00,2021-02-01 22:00:00+00:00,1336.06,1336.0600000000002,1352.09272,0.5271907236542852,705.0635017472916,712.0979287649865,7.0344270176948385,0.009977012000000125,1,0.005007260152987182,take_profit
2021-02-01 23:00:00+00:00,2021-02-01 23:00:00+00:00,1357.48,1357.48,1373.7697600000001,0.5191308953907815,705.4152230981763,712.4531592440095,7.037936145833214,0.009977012000000045,1,0.0009429236526504794,take_profit
2021-02-02 00:00:00+00:00,2021-02-02 00:00:00+00:00,1374.09,1374.0900000000001,1390.5790800000002,0.5131114794413485,705.767119905468,712.8085669299704,7.041447024502418,0.009977012000000176,1,0.00017466104840294967,take_profit
2021-02-02 01:00:00+00:00,2021-02-02 05:00:00+00:00,1380.61,1374.4827719709413,1390.9765652345925,0.8743760851200395,1203.0178831039957,1215.0204069599388,12.002523855943082,0.009977011999999933,3,0.014725375015391695,take_profit
2021-02-02 06:00:00+00:00,2021-02-02 06:00:00+00:00,1388.08,1388.08,1404.73696,0.5086252947460096,706.7193184494904,713.7702655702928,7.050947120802448,0.009977012000000085,1,0.00011526713157732586,take_profit
2021-02-02 07:00:00+00:00,2021-02-02 07:00:00+00:00,1405.18,1405.1799999999998,1422.0421599999997,0.5026863419204123,707.0718658055305,714.1263302955344,7.054464490003966,0.009977011999999714,1,0.0008112839636203903,take_profit
2021-02-02 08:00:00+00:00,2021-02-02 08:00:00+00:00,1415.0,1415.0,1431.98,0.49944675932226196,707.4245890300307,714.4825726438784,7.057983613847682,0.009977011999999997,1,0.006628975265017745,take_profit
2021-02-02 09:00:00+00:00,2021-02-02 16:00:00+00:00,1451.26,1433.7750160315256,1450.9803162239039,1.3954388807888667,2002.7481518258978,2022.729594169642,19.98144234374422,0.009977011999999709,5,0.029808580130369466,take_profit
2021-02-02 17:00:00+00:00,2021-02-02 19:00:00+00:00,1493.45,1486.8219814429874,1504.6638452203033,0.8113531550746451,1207.5452509290321,1219.5929443880943,12.047693459062202,0.009977012000000196,3,0.019679266128762328,take_profit
2021-02-02 20:00:00+00:00,2021-02-02 20:00:00+00:00,1516.29,1514.0580023242298,1532.2266983521206,0.5998098646128545,909.0559813714767,918.1256438062917,9.069662434814973,0.009977011999999971,2,0.012642700275013402,take_profit
2021-02-02 21:00:00+00:00,2021-02-03 03:00:00+00:00,1532.49,1525.68871963679,1543.9969842724315,0.7918619159433022,1209.3441368014737,1221.4097777664717,12.06564096499801,0.009977012000000054,3,0.015726040626692448,take_profit
2021-02-03 04:00:00+00:00,2021-02-03 04:00:00+00:00,1539.71,1539.71,1558.18652,0.4609473696090064,710.4357101708541,717.5237357764572,7.088025605603093,0.009977011999999943,1,0.0013119353644517355,take_profit
2021-02-03 05:00:00+00:00,2021-02-03 06:00:00+00:00,1554.15,1551.8622719349216,1570.4846191981408,0.586362280426585,910.8643650447867,919.9520697452109,9.087704700424183,0.009977011999999962,2,0.009870347135090014,take_profit
2021-02-03 07:00:00+00:00,2021-02-03 15:00:00+00:00,1565.99,1547.1227329046549,1565.6882056995107,1.2995387505280287,2012.558501734158,2032.6378220566621,20.079320322504145,0.009977012000000214,5,0.03423393508259944,take_profit
2021-02-03 16:00:00+00:00,2021-02-03 16:00:00+00:00,1597.56,1595.2083718768158,1614.3508723393377,0.5715996091963036,912.7332151666263,921.8395654071423,9.106350240516008,0.009977011999999995,2,0.01092916697964398,take_profit
2021-02-03 17:00:00+00:00,2021-02-03 17:00:00+00:00,1607.21,1607.21,1626.4965200000001,0.4429981623024323,712.7037802143064,719.81443438195,7.110654167643588,0.009977012000000127,1,0.004411371258267523,take_profit
2021-02-03 18:00:00+00:00,2021-02-03 22:00:00+00:00,1640.24,1626.545527248488,1646.0640735754698,0.9926875584684848,1616.267775958094,1632.393298954041,16.125522995946994,0.009977011999999863,4,0.024264741745110445,take_profit
2021-02-03 23:00:00+00:00,2021-02-03 23:00:00+00:00,1636.66,1636.66,1656.2999200000002,0.4357360254930244,713.8655890724859,720.9878346210492,7.122245548563228,0.009977011999999954,1,0.003641562694756416,take_profit
2021-02-04 00:00:00+00:00,2021-02-04 01:00:00+00:00,1664.67,1664.67,1684.64604,0.42861797211973796,714.2217013499142,721.3474998349427,7.125798485028554,0.009977012000000061,1,0.0020544612445710397,take_profit
2021-02-04 02:00:00+00:00,2021-02-04 02:00:00+00:00,1691.32,1670.942739491504,1690.994052365402,1.2088798843870148,2021.9910567906018,2042.164485828094,20.17342903749227,0.009977011999999879,5,0.026795638909254273,take_profit
2021-02-04 03:00:00+00:00,2021-02-04 03:00:00+00:00,1677.43,1657.220088159091,1677.106729217,1.2206105831368501,2024.8452234173874,2045.0471285095655,20.201905092178094,0.00997701200000007,5,0.02677906082519096,take_profit
2021-02-04 04:00:00+00:00,2021-02-04 04:00:00+00:00,1645.85,1645.85,1665.6001999999999,0.4349607565833269,716.5967579806492,723.7462524341832,7.149494453534089,0.009977012000000078,1,0.006592338305434826,take_profit
2021-02-04 05:00:00+00:00,2021-02-04 06:00:00+00:00,1662.61,1660.1626174704627,1680.0845688801082,0.552864399576283,918.7635722790767,927.9300874648679,9.16651518579124,0.009977012000000026,2,0.008185924540331107,take_profit
2021-02-04 07:00:00+00:00,2021-02-04 08:00:00+00:00,1676.58,1656.3803290782737,1676.256893027213,1.224345510907288,2030.0118320942152,2050.265284503161,20.253452408946032,0.00997701200000003,5,0.030168557420463045,take_profit
2021-02-04 09:00:00+00:00,2021-02-04 09:00:00+00:00,1638.5,1618.7591222576623,1638.1842317247542,1.254568647862326,2032.877320546147,2053.159361967764,20.282041421617123,0.00997701200000018,5,0.04122062862374121,take_profit
2021-02-04 10:00:00+00:00,2021-02-04 16:00:00+00:00,1644.97,1609.023090144685,1628.3313672264212,1.6411387410055869,2643.273401810778,2669.645372259925,26.37197044914683,0.009977011999999952,6,0.05503443831802402,take_profit
2021-02-04 17:00:00+00:00,2021-02-04 17:00:00+00:00,1629.19,1629.19,1648.74028,0.44196022179421923,720.7579316766007,727.9489422100332,7.191010533432518,0.009977011999999851,1,0.0035968794308829095,take_profit
2021-02-04 18:00:00+00:00,2021-02-04 18:00:00+00:00,1631.73,1631.73,1651.31076,0.44149238214721126,721.1174822032723,728.3120799766242,7.194597773351916,0.009977012000000113,1,0.002334945119596959,take_profit
2021-02-04 19:00:00+00:00,2021-02-04 20:00:00+00:00,1653.04,1650.6067046290914,1670.4139850846404,0.5595731098933419,924.5596866067082,933.7840296946995,9.224343087991315,0.009977011999999943,2,0.009763829066447197,take_profit
2021-02-04 21:00:00+00:00,2021-02-05 06:00:00+00:00,1657.18,1637.2140629984451,1656.8606317544265,1.24649280623452,2042.8183701637158,2063.1995935566597,20.381223392943866,0.009977012000000016,5,0.041745616046536926,take_profit
2021-02-05 07:00:00+00:00,2021-02-05 07:00:00+00:00,1645.27,1645.27,1665.01324,0.4389762974621616,722.9574904159866,730.1704459733568,7.212955557370151,0.009977011999999955,1,6.078029745872048e-06,take_profit
2021-02-05 08:00:00+00:00,2021-02-05 13:00:00+00:00,1662.6,1660.1526321905867,1680.0744637768737,0.557775148236773,926.9187993150883,936.1666792988807,9.247879983792359,0.009977012000000141,2,0.01285937687958612,take_profit
2021-02-05 14:00:00+00:00,2021-02-05 14:00:00+00:00,1716.57,1716.57,1737.16884,0.4212218270509514,723.7805321930447,731.0016992481011,7.221167055056412,0.009977012000000026,1,0.005790617335733368,take_profit
2021-02-05 15:00:00+00:00,2021-02-05 16:00:00+00:00,1737.7,1723.1918272324153,1743.8701291592042,0.9515749736728197,1641.387605237141,1657.763749071243,16.376143834101867,0.009977011999999785,4,0.020659492432525805,take_profit
2021-02-05 17:00:00+00:00,2021-02-06 00:00:00+00:00,1724.47,1710.0722853815296,1730.593152806108,0.9599596102866188,1643.2435682050057,1659.6382290039098,16.39466079890417,0.009977012000000006,4,0.02462785667480445,take_profit
2021-02-06 01:00:00+00:00,2021-02-06 01:00:00+00:00,1727.45,1706.6374401855346,1727.1170894677612,1.2021506298717133,2053.6889626443335,2074.178642068903,20.48967942456966,0.009977011999999801,5,0.047451445772670714,take_profit
2021-02-06 02:00:00+00:00,2021-02-06 02:00:00+00:00,1672.96,1670.4973821421652,1690.5433507278713,0.5569929517687028,931.3866544557111,940.6791102838555,9.292455828144398,0.009977011999999908,2,0.006772427314460553,take_profit
2021-02-06 03:00:00+00:00,2021-02-06 08:00:00+00:00,1679.53,1665.5074924277258,1685.4935823368585,0.9887847811991927,1648.4769384241893,1664.9238126205705,16.44687419638126,0.009977011999999915,4,0.021785856757545217,take_profit
2021-02-06 09:00:00+00:00,2021-02-06 17:00:00+00:00,1699.99,1685.796670528189,1706.0262305745273,0.9779889861009845,1650.3409174997792,1666.8063886377652,16.465471137986015,0.009977011999999823,4,0.026329566644509667,take_profit
2021-02-06 18:00:00+00:00,2021-02-08 11:00:00+00:00,1704.41,1632.6634508045524,1652.2554122142071,2.6430284443066396,4319.495435892159,4362.59109369,43.09565779784134,0.00997701200000001,8,0.12552730857012107,take_profit
2021-02-08 12:00:00+00:00,2021-02-08 12:00:00+00:00,1660.63,1658.185532055007,1678.083758439667,0.5644213702790047,936.8522023816892,946.1991880470778,9.346985665388615,0.009977012000000078,2,0.011116263104966209,take_profit
2021-02-08 13:00:00+00:00,2021-02-08 13:00:00+00:00,1711.04,1696.754413343933,1717.1154663040602,0.9762711328699852,1658.15050382125,1674.6938912956807,16.5433874744308,0.009977012000000087,4,0.02092294744716661,take_profit
2021-02-08 14:00:00+00:00,2021-02-08 14:00:00+00:00,1682.49,1682.49,1702.6798800000001,0.43485060368699435,732.3641563536848,739.6709623299954,7.306805976310557,0.009977011999999955,1,0.0004992600253195669,take_profit
2021-02-08 15:00:00+00:00,2021-02-08 15:00:00+00:00,1709.42,1709.42,1729.9330400000001,0.4282135269014331,732.7294966525003,740.0399476333563,7.31045098085599,0.009977012000000047,1,0.0020942775912298644,take_profit
2021-02-08 16:00:00+00:00,2021-02-08 16:00:00+00:00,1734.86,1727.1605897259237,1747.8865168026348,0.7224155820270444,1248.9766993804067,1261.4377548978455,12.461055517438808,0.009977012000000078,3,0.013753271157326758,take_profit
2021-02-08 17:00:00+00:00,2021-02-08 20:00:00+00:00,1712.58,1704.9794696706495,1725.4392233066972,0.7324358918801461,1250.038196702263,1262.5098427912196,12.471646088956732,0.009977011999999915,3,0.01922829882399645,take_profit
2021-02-08 21:00:00+00:00,2021-02-08 23:00:00+00:00,1719.81,1712.1773825072578,1732.723511097345,0.7299766416476611,1251.1005961839146,1263.582841845249,12.482245661334446,0.0099770120000003,3,0.013705002296765304,take_profit
2021-02-09 00:00:00+00:00,2021-02-09 06:00:00+00:00,1749.68,1735.0718054163628,1755.8926670813591,0.959185940670771,1665.9224042138405,1682.543332031751,16.62092781791057,0.00997701200000014,4,0.0235414475789859,take_profit
2021-02-09 07:00:00+00:00,2021-02-09 08:00:00+00:00,1768.62,1760.7707608689252,1781.9000099993523,0.7112374895598575,1253.5797554062208,1266.086735668866,12.50698026264513,0.00997701200000016,3,0.015577116621999048,take_profit
2021-02-09 09:00:00+00:00,2021-02-09 09:00:00+00:00,1803.0,1787.946633193328,1809.401992791648,0.9326644949039692,1669.2235671296369,1685.8774306895723,16.653863559935417,0.009977012000000134,4,0.02555740432612309,take_profit
2021-02-09 10:00:00+00:00,2021-02-09 10:00:00+00:00,1774.09,1752.7155149259056,1773.7481011050165,1.189053218723583,2086.158182712122,2106.971807934939,20.81362522281688,0.009977011999999926,5,0.027664887350698063,take_profit
2021-02-09 11:00:00+00:00,2021-02-09 11:00:00+00:00,1734.1,1734.1,1754.9091999999998,0.42532566799589816,738.2955364080951,745.6615198343851,7.365983426289972,0.009977011999999959,1,0.001112969263594854,take_profit
2021-02-09 12:00:00+00:00,2021-02-09 12:00:00+00:00,1753.4,1745.618308120214,1766.5657278176566,0.7202066123550166,1258.4643124686236,1271.0200260156948,12.555713547071264,0.009977012000000045,3,0.017765484202121644,take_profit
2021-02-09 13:00:00+00:00,2021-02-09 14:00:00+00:00,1730.54,1727.9926236684098,1748.7285351524308,0.5477113273340708,947.3885220549631,956.8406287081679,9.452106653204737,0.009977012000000111,2,0.010603626613658112,take_profit
2021-02-09 15:00:00+00:00,2021-02-09 19:00:00+00:00,1756.58,1741.9141968578674,1762.8171672201618,0.9616559286965687,1676.7989136026927,1693.5283564852937,16.729442882601006,0.009977011999999987,4,0.02060822735087489,take_profit
2021-02-09 20:00:00+00:00,2021-02-10 00:00:00+00:00,1772.56,1764.6932749181972,1785.8695942172155,0.7142897902769754,1261.7641533979058,1274.3527894975266,12.588636099620771,0.00997701200000002,3,0.014058762467843032,take_profit
2021-02-10 01:00:00+00:00,2021-02-10 02:00:00+00:00,1786.61,1786.61,1808.0493199999999,0.4144658881389873,741.2301305385346,748.6253924456792,7.395261907144572,0.009977012000000063,1,0.0034534677405812383,take_profit
2021-02-10 03:00:00+00:00,2021-02-10 06:00:00+00:00,1808.34,1793.2420491784924,1814.7609537686344,0.9364484844161912,1680.9597589034877,1697.730714589585,16.770955686097295,0.009977012000000054,4,0.0229602840173861,take_profit
2021-02-10 07:00:00+00:00,2021-02-10 08:00:00+00:00,1801.8,1799.1477280650786,1820.7375008018596,0.5282888547044287,951.4211138173927,960.9134536870022,9.49233986960951,0.009977012000000018,2,0.006771006771006796,take_profit
2021-02-10 09:00:00+00:00,2021-02-10 12:00:00+00:00,1803.9,1764.4800527134216,1785.6538133459826,1.545377679617833,2729.51760720142,2756.75003712268,27.232429921260064,0.009977012000000077,6,0.0648040357004269,take_profit
2021-02-10 13:00:00+00:00,2021-02-10 14:00:00+00:00,1745.35,1737.6040344916253,1758.4552829055249,0.7290242656311459,1268.023528731705,1280.6746146941437,12.651085962438628,0.009977012000000049,3,0.017795857564385335,take_profit
2021-02-10 15:00:00+00:00,2021-02-10 15:00:00+00:00,1722.58,1708.1980651171173,1728.6964418985226,0.9874545438149209,1688.456397533287,1705.302147272953,16.84574973966619,0.009977011999999891,4,0.02471873584971376,take_profit
2021-02-10 16:00:00+00:00,2021-02-10 16:00:00+00:00,1714.21,1706.6022356351962,1727.0814624628185,0.743738440872722,1270.5362221433656,1283.2123772781251,12.676155134759483,0.009977012000000361,3,0.013656436492611805,take_profit
2021-02-10 17:00:00+00:00,2021-02-10 17:00:00+00:00,1727.04,1724.4977757117954,1745.191749020337,0.5540859210253029,956.4764147761324,966.0191914440709,9.542776667938483,0.009977012000000035,2,0.007249397813600138,take_profit
2021-02-10 18:00:00+00:00,2021-02-10 23:00:00+00:00,1736.99,1729.2811366611902,1750.0325103011246,0.7350779986370045,1272.4289459635957,1285.1239848266218,12.695038863026184,0.00997701200000003,3,0.018244204054139665,take_profit
2021-02-11 00:00:00+00:00,2021-02-11 07:00:00+00:00,1740.76,1726.226279089083,1746.9409944381518,0.9805366753964834,1694.3224991792308,1711.2267750854116,16.90427590618083,0.009977011999999794,4,0.021438911739699865,take_profit
2021-02-11 08:00:00+00:00,2021-02-11 09:00:00+00:00,1737.18,1737.18,1758.0261600000001,0.43034808919479783,748.3404340214404,755.8066355117575,7.466201490317076,0.009977011999999941,1,0.003540220357130574,take_profit
2021-02-11 10:00:00+00:00,2021-02-11 10:00:00+00:00,1765.93,1765.93,1787.1211600000001,0.42355304590321263,748.7137440959563,756.1836701053666,7.469926009410301,0.009977012000000021,1,0.0022254562751638307,take_profit
2021-02-11 11:00:00+00:00,2021-02-11 13:00:00+00:00,1785.69,1777.7650032092995,1799.098183247811,0.7171625500857138,1276.222705860579,1288.9555951116224,12.732889251043389,0.009977011999999938,3,0.015204206777212221,take_profit
2021-02-11 14:00:00+00:00,2021-02-11 20:00:00+00:00,1789.41,1781.4684936314545,1802.846115555032,0.7162798874028043,1277.3073593893714,1290.051070241687,12.743710852315644,0.009977011999999666,3,0.017089431712128664,take_profit
2021-02-11 21:00:00+00:00,2021-02-11 22:00:00+00:00,1762.27,1762.27,1783.41724,0.42536654958161524,750.3610704015947,757.8474318053243,7.486361403729575,0.009977012000000026,1,0.004460156502692493,take_profit
2021-02-11 23:00:00+00:00,2021-02-12 00:00:00+00:00,1781.46,1781.46,1802.83752,0.4209943827441028,750.7353884717811,758.2254844513888,7.490095979607645,0.009977012000000032,1,0.004181963108910694,take_profit
2021-02-12 01:00:00+00:00,2021-02-12 13:00:00+00:00,1791.45,1769.8663592117725,1791.1047555223138,1.1996597569340732,2125.362809106895,2146.5675793577084,21.204770250813453,0.00997701200000012,5,0.028786737000753543,take_profit
2021-02-12 14:00:00+00:00,2021-02-12 14:00:00+00:00,1790.95,1775.9972394440322,1797.3092063173606,0.9590184086903717,1704.9189653754843,1721.928962352063,17.009996976578805,0.009977012000000007,4,0.022368016974231523,take_profit
2021-02-12 15:00:00+00:00,2021-02-12 15:00:00+00:00,1760.66,1760.66,1781.7879200000002,0.42726455476951763,753.0206316321311,760.5335275101725,7.512895878041377,0.009977012000000033,1,0.0003805391160133545,take_profit
2021-02-12 16:00:00+00:00,2021-02-12 16:00:00+00:00,1789.2,1789.2,1810.6704,0.4206588867368695,753.3962764260331,760.9129201166908,7.516643690657702,0.009977011999999804,1,0.0011848871003801243,take_profit
2021-02-12 17:00:00+00:00,2021-02-12 17:00:00+00:00,1823.87,1823.8699999999997,1845.7564399999997,0.41286842620469416,753.772108610566,761.2925019834389,7.520393372872945,0.009977012000000033,1,0.005746023565275919,take_profit
2021-02-12 18:00:00+00:00,2021-02-12 20:00:00+00:00,1845.81,1837.6181871286485,1859.6696053741923,0.6984911900207236,1284.8449592905051,1297.663872867486,12.818913576980776,0.009977011999999919,3,0.017602028377785368,take_profit
2021-02-12 21:00:00+00:00,2021-02-13 03:00:00+00:00,1848.68,1845.9587201239592,1868.1102247654467,0.5234575193621985,967.2482207018083,976.898467806729,9.650247104920595,0.009977012000000006,2,0.011191769262392655,take_profit
2021-02-13 04:00:00+00:00,2021-02-15 12:00:00+00:00,1864.07,1785.6026183496,1807.0298497697954,2.5040329494517755,4475.683474449212,4520.337422181993,44.65394773278149,0.009977012000000002,8,0.11179837667040395,take_profit
2021-02-15 13:00:00+00:00,2021-02-15 16:00:00+00:00,1805.14,1802.4828115436762,1824.1126052822003,0.5380117789651219,970.727711704372,980.4126737327791,9.684962028407085,0.009977012000000026,2,0.012652758234818432,take_profit
2021-02-15 17:00:00+00:00,2021-02-16 03:00:00+00:00,1819.99,1798.0625052900355,1819.6392553535159,1.1916615664873516,2144.8268085045997,2166.225771310972,21.39896280637231,0.009977012000000101,5,0.04124747938175481,take_profit
2021-02-16 04:00:00+00:00,2021-02-16 12:00:00+00:00,1822.16,1800.2063608257688,1821.808837155678,1.1919225249903547,2147.854365464613,2169.2835342431054,21.429168778492567,0.009977011999999879,5,0.028625367695482327,take_profit
2021-02-16 13:00:00+00:00,2021-02-17 07:00:00+00:00,1801.17,1779.4692512888828,1800.8228823043494,1.2075147172438945,2150.88619601031,2172.3456133985396,21.459417388229667,0.00997701200000021,5,0.04284437337952557,take_profit
2021-02-17 08:00:00+00:00,2021-02-17 12:00:00+00:00,1806.15,1803.4913248111563,1825.1332207088903,0.5403363747945462,975.4674318537274,985.1996821269413,9.732250273213936,0.009977012000000118,2,0.009356919414223674,take_profit
2021-02-17 13:00:00+00:00,2021-02-17 19:00:00+00:00,1825.2,1817.0996555155784,1838.9048513817654,0.7134421946021152,1297.693259301083,1310.6403605214489,12.947101220365994,0.009977011999999983,3,0.013806706114398447,take_profit
2021-02-17 20:00:00+00:00,2021-02-18 00:00:00+00:00,1837.76,1835.054794499322,1857.075452033314,0.5318335303318585,976.9205903012789,986.6673387537619,9.746748452482962,0.009977012000000018,2,0.008232848685356021,take_profit
2021-02-18 01:00:00+00:00,2021-02-18 01:00:00+00:00,1869.51,1869.51,1891.94412,0.40762627107267374,762.8242142473216,770.4349205867578,7.610706339436206,0.009977012000000141,1,0.0020700611390149777,take_profit
2021-02-18 02:00:00+00:00,2021-02-18 10:00:00+00:00,1906.45,1897.9890632575468,1920.7649320166374,0.6843951363602582,1300.2747585169443,1313.247615385965,12.972856869020688,0.009977012000000025,3,0.014272600907445795,take_profit
2021-02-18 11:00:00+00:00,2021-02-18 18:00:00+00:00,1916.12,1907.6161472312676,1930.507540998043,0.681519956603915,1301.3798537317127,1314.3637361489523,12.983882417239556,0.00997701200000001,3,0.018292173767822453,take_profit
2021-02-18 19:00:00+00:00,2021-02-18 21:00:00+00:00,1926.18,1926.1799999999998,1949.29416,0.39650400478775505,764.5025865286066,772.1300380084335,7.627451479826959,0.009977012000000018,1,0.00632339656729904,take_profit
2021-02-18 22:00:00+00:00,2021-02-19 16:00:00+00:00,1945.13,1921.6948010235255,1944.755138635808,1.1251391086865692,2164.3383139051284,2185.93194323502,21.593629329891428,0.00997701200000009,5,0.027828474189385853,take_profit
2021-02-19 17:00:00+00:00,2021-02-19 18:00:00+00:00,1946.54,1946.54,1969.89848,0.3931065772748177,765.9636405690927,773.6056690026143,7.642028433521546,0.009977012000000026,1,0.002846075600809623,take_profit
2021-02-19 19:00:00+00:00,2021-02-20 02:00:00+00:00,1966.54,1950.1212268663376,1973.5226815887336,0.889848935674826,1737.050348512409,1754.3809206841213,17.33057217171222,0.009977011999999846,4,0.02238957763381369,take_profit
2021-02-20 03:00:00+00:00,2021-02-20 03:00:00+00:00,1983.33,1983.33,2007.12996,0.386443536037248,767.2122705993544,774.8667566296715,7.654486030317116,0.009977012000000144,1,0.003393283013921041,take_profit
2021-02-20 04:00:00+00:00,2021-02-20 13:00:00+00:00,2018.43,2009.4720894599543,2033.5857545334738,0.6501442285134642,1307.754435757038,1320.8019174556393,13.04748169860136,0.009977012000000124,3,0.019039550541757735,take_profit
2021-02-20 14:00:00+00:00,2021-02-21 10:00:00+00:00,2028.8,1943.3983659989535,1966.719146390941,2.340243001109113,4552.577001397334,4597.998116771199,45.42111537386518,0.00997701199999999,8,0.11122831230283904,take_profit
2021-02-21 11:00:00+00:00,2021-02-22 21:00:00+00:00,1971.59,1763.541920604587,1784.704423651842,5.2894712331249,9337.541799247047,9430.702565828635,93.16076658158818,0.009977011999999872,11,0.2133252856831288,take_profit
2021-02-22 22:00:00+00:00,2021-02-24 02:00:00+00:00,1799.44,1609.557703991559,1628.8723964394578,5.830543576910605,9393.990322997963,9487.714277178398,93.72395418043561,0.009977012000000113,11,0.24698795180722893,take_profit
2021-02-24 03:00:00+00:00,2021-02-24 03:00:00+00:00,1617.31,1617.31,1636.7177199999999,0.48171519259251605,779.8626607925946,787.6433599176743,7.78069912507965,0.009977012000000006,1,0.0026154540564270416,take_profit
2021-02-24 04:00:00+00:00,2021-02-24 04:00:00+00:00,1636.77,1629.5059188901125,1649.059989916794,0.8149638309194105,1329.3177038684087,1342.5803225517163,13.262618683307664,0.009977012000000078,3,0.017552863261179042,take_profit
2021-02-24 05:00:00+00:00,2021-02-24 06:00:00+00:00,1643.15,1629.4312314651227,1648.9844062427042,1.0852274704167941,1770.0736071481651,1787.7336527675657,17.660045619400535,0.009977012000000002,4,0.020174664516325404,take_profit
2021-02-24 07:00:00+00:00,2021-02-24 08:00:00+00:00,1637.58,1630.3123240626783,1649.8760719514305,0.8161748428551682,1331.9518567534542,1345.2407564117054,13.288899658251239,0.00997701199999981,3,0.014405403094810585,take_profit
2021-02-24 09:00:00+00:00,2021-02-24 09:00:00+00:00,1676.63,1676.63,1696.7495600000002,0.466220818948098,782.4622739468965,790.2689094436121,7.806635496715558,0.009977012000000106,1,0.0043837936813728344,take_profit
2021-02-24 10:00:00+00:00,2021-02-24 12:00:00+00:00,1690.3,1682.798349615375,1702.9919298107595,0.7917853825105836,1333.7488838222107,1347.0557124410914,13.306828618880672,0.009977011999999903,3,0.017322368810270352,take_profit
2021-02-24 13:00:00+00:00,2021-02-24 13:00:00+00:00,1689.75,1669.3916550716415,1689.4243549325013,1.3267399092851795,2217.0655986097954,2239.1852886919123,22.119690082116904,0.009977011999999907,5,0.04009468856339695,take_profit
2021-02-24 14:00:00+00:00,2021-02-24 15:00:00+00:00,1640.39,1620.6263512726562,1640.073867487928,1.3685911797408734,2220.195125132524,2242.346038538313,22.150913405789197,0.009977012000000226,5,0.03144374203695472,take_profit
2021-02-24 16:00:00+00:00,2021-02-25 00:00:00+00:00,1660.46,1624.1745930087745,1643.6646881248798,1.7756396552409948,2886.835650031315,2915.637643953705,28.80199392239001,0.009977011999999924,6,0.06351252062681427,take_profit
2021-02-25 01:00:00+00:00,2021-02-25 13:00:00+00:00,1651.85,1631.9482795857916,1651.5316589408212,1.3635092740156776,2227.4040179471035,2249.62685456301,22.222836615906544,0.009977012000000035,5,0.04478009504494948,take_profit
2021-02-25 14:00:00+00:00,2021-02-26 14:00:00+00:00,1645.32,1512.4662591203735,1530.615854229818,5.137268389523513,7777.722826026,7855.321259993935,77.5984339679353,0.009977011999999999,10,0.1491016945031969,take_profit
2021-02-26 15:00:00+00:00,2021-02-26 15:00:00+00:00,1515.49,1513.259179934147,1531.4182900933567,0.6701605553645431,1015.1417541893503,1025.2698356525984,10.128081463248122,0.009977011999999926,2,0.010201321024883065,take_profit
2021-02-26 16:00:00+00:00,2021-02-26 16:00:00+00:00,1532.46,1532.46,1550.84952,0.5167354290362685,792.6690446255456,800.5775131958031,7.9084685702575825,0.009977011999999974,1,0.0014356002766793556,take_profit
2021-02-26 17:00:00+00:00,2021-02-26 17:00:00+00:00,1549.92,1536.9796149301178,1555.4233703092793,1.1684053347339032,1797.6127942558655,1815.5475986755102,17.934804419644706,0.009977012000000226,4,0.02224630948694127,take_profit
2021-02-26 18:00:00+00:00,2021-02-27 00:00:00+00:00,1519.8,1470.0317263527586,1487.6721070689916,2.589877971794789,3811.0137997201946,3849.0363301321686,38.022530411974,0.009977012000000007,7,0.0720292143703119,take_profit
2021-02-27 01:00:00+00:00,2021-02-27 02:00:00+00:00,1490.38,1490.38,1508.26456,0.5334656077381901,795.8623347956394,803.8026628602435,7.940328064604046,0.009977011999999917,1,0.0056160173915378074,take_profit
2021-02-27 03:00:00+00:00,2021-02-27 03:00:00+00:00,1489.58,1489.58,1507.45496,0.5340183755472487,796.2593511988696,804.203640300893,7.94428910202339,0.009977012000000068,1,0.003074692195115353,take_profit
2021-02-27 04:00:00+00:00,2021-02-27 04:00:00+00:00,1490.84,1490.84,1508.73008,0.5338332142203838,796.6565656539708,804.6048177693793,7.948252115408536,0.009977012000000103,1,0.0036019961900672715,take_profit
2021-02-27 05:00:00+00:00,2021-02-27 06:00:00+00:00,1501.08,1498.8703916327715,1516.8568363323648,0.6807716722301627,1021.4099128810017,1031.6005318387345,10.190618957732795,0.009977012000000085,2,0.008094172196018776,take_profit
2021-02-27 07:00:00+00:00,2021-02-27 19:00:00+00:00,1505.56,1487.4208020178492,1505.2698516420633,1.5157462668059871,2256.8093371652876,2279.3255510038975,22.51621383860993,0.009977011999999915,5,0.04022423550041177,take_profit
2021-02-27 20:00:00+00:00,2021-02-28 20:00:00+00:00,1511.99,1389.9021826315939,1406.581008823173,5.664082686366031,7880.401289675642,7959.024147907554,78.62285823191178,0.009977012000000307,10,0.1447165655857512,take_profit
2021-02-28 21:00:00+00:00,2021-02-28 23:00:00+00:00,1408.64,1406.566464458648,1423.4452620321517,0.7305127361232118,1028.5432597505899,1038.8050481956407,10.261788445050797,0.009977012000000044,2,0.010854441163107813,take_profit
2021-03-01 00:00:00+00:00,2021-03-01 00:00:00+00:00,1418.67,1418.6700000000003,1435.6940400000003,0.5655511279446052,803.1335522334065,811.1464253216419,8.012873088235438,0.009977012000000143,1,0.006174797521622358,take_profit
2021-03-01 01:00:00+00:00,2021-03-01 02:00:00+00:00,1440.77,1438.649168700368,1455.9129587247724,0.7150349786146036,1029.714191767352,1039.9876626151854,10.273470847833323,0.009977012000000146,2,0.01004324076708984,take_profit
2021-03-01 03:00:00+00:00,2021-03-01 08:00:00+00:00,1440.31,1433.9178198748864,1451.124833713385,0.9543709233557206,1369.8593331033205,1383.5264361080042,13.667103004683668,0.009977011999999884,3,0.013740097617873905,take_profit
2021-03-01 09:00:00+00:00,2021-03-01 09:00:00+00:00,1464.48,1464.48,1482.05376,0.5489501347617336,804.7312245804441,812.7600376648578,8.028813084413741,0.009977011999999945,1,0.00017753741942531882,take_profit
2021-03-01 10:00:00+00:00,2021-03-01 10:00:00+00:00,1504.17,1504.17,1522.2200400000002,0.5347318006405061,805.1326652346647,813.1654834973031,8.03281826263833,0.00997701200000012,1,0.005491400573073516,take_profit
2021-03-01 11:00:00+00:00,2021-03-01 14:00:00+00:00,1523.06,1520.8180368003098,1539.0678532419136,0.6780857366079597,1032.2772960264356,1042.576338996219,10.299042969783386,0.009977012000000084,2,0.00872585452969677,take_profit
2021-03-01 15:00:00+00:00,2021-03-01 15:00:00+00:00,1525.91,1525.9100000000003,1544.2209200000004,0.5277134359418245,806.0492582962859,814.0912214188991,8.041963122613197,0.009977012000000066,1,3.932079873660491e-05,take_profit
2021-03-01 16:00:00+00:00,2021-03-01 16:00:00+00:00,1551.75,1544.8632426289166,1563.4016015404636,0.8884800743567909,1373.9541628448578,1387.662120015011,13.707957170153122,0.009977012000000016,3,0.016484614145319754,take_profit
2021-03-01 17:00:00+00:00,2021-03-01 22:00:00+00:00,1543.13,1530.2463050913032,1548.6092607523988,1.1943701222350651,1829.5099764380948,1847.7630194271371,18.253042989042342,0.009977011999999865,4,0.0263360831556642,take_profit
2021-03-01 23:00:00+00:00,2021-03-01 23:00:00+00:00,1550.22,1550.2199999999998,1568.8226399999999,0.5207269658847881,808.0494064603764,816.1113250852245,8.06191862484809,0.009977012000000045,1,0.0020706738398421102,take_profit
2021-03-02 00:00:00+00:00,2021-03-02 00:00:00+00:00,1570.0,1567.6889405384466,1586.5012078249079,0.6601953147709713,1036.0169104722224,1046.3532636202067,10.336353147984255,0.009977011999999967,2,0.0072356687898088535,take_profit
2021-03-02 01:00:00+00:00,2021-03-02 02:00:00+00:00,1564.34,1557.397367471641,1576.0861358813008,0.8840812315990382,1378.2440267501788,1391.9947839439933,13.75075719381448,0.009977011999999728,3,0.015559277394939668,take_profit
2021-03-02 03:00:00+00:00,2021-03-02 09:00:00+00:00,1567.89,1554.7995822060382,1573.4571771925107,1.1791789823143417,1835.2222112597394,1853.5322452841447,18.31003402440524,0.009977012000000155,4,0.02394300620579262,take_profit
2021-03-02 10:00:00+00:00,2021-03-02 14:00:00+00:00,1564.31,1562.0073162889794,1580.7514040844471,0.6643341064739623,1038.7334682408718,1049.0969245183126,10.363456277440719,0.009977011999999924,2,0.00995327013187919,take_profit
2021-03-02 15:00:00+00:00,2021-03-03 04:00:00+00:00,1568.01,1516.6630130532892,1534.8629692099287,2.5644070486355,3893.2345556342448,3932.0774035146223,38.842847880377576,0.009977012000000013,7,0.07174061389914606,take_profit
2021-03-03 05:00:00+00:00,2021-03-03 06:00:00+00:00,1540.46,1540.46,1558.94552,0.5272578594335473,813.0326748178201,821.1443115708696,8.111636753049538,0.009977012000000061,1,0.001999402775794196,take_profit
2021-03-03 07:00:00+00:00,2021-03-03 08:00:00+00:00,1563.69,1563.69,1582.4542800000002,0.5196840923704935,813.4382566554725,821.5539399033834,8.115683247910852,0.009977012000000151,1,0.0029097839085752,take_profit
2021-03-03 09:00:00+00:00,2021-03-03 09:00:00+00:00,1592.19,1592.19,1611.29628,0.5106364169961187,813.8440408178682,821.9637725792364,8.119731761368257,0.009977011999999872,1,0.003322467795928855,take_profit
2021-03-03 10:00:00+00:00,2021-03-03 12:00:00+00:00,1608.28,1605.9125919039316,1625.1835430067788,0.6491031269947463,1043.4463314164964,1053.8568079863946,10.410476569898265,0.009977011999999907,2,0.012410774243290993,take_profit
2021-03-03 13:00:00+00:00,2021-03-03 13:00:00+00:00,1650.04,1630.1600867195812,1649.7220077602162,1.4128633212117676,2305.4988931226126,2328.500883245284,23.001990122671486,0.009977012000000202,5,0.02850839979636855,take_profit
2021-03-03 14:00:00+00:00,2021-03-03 17:00:00+00:00,1612.92,1605.7617665867776,1625.030907785819,0.8648212807509228,1390.0870345950364,1403.9559496202355,13.868915025199158,0.009977012000000047,3,0.018785804627631984,take_profit
2021-03-03 18:00:00+00:00,2021-03-04 02:00:00+00:00,1624.88,1605.3032179273912,1624.5668565425199,1.4379867318421462,2310.715443406497,2333.7694791139484,23.054035707451476,0.0099770119999998,5,0.04406479247698299,take_profit
2021-03-04 03:00:00+00:00,2021-03-04 03:00:00+00:00,1597.26,1578.01598756013,1596.9521794108516,1.4649174682597415,2313.977162532514,2337.0637404508266,23.08657791831274,0.009977011999999957,5,0.02958816974068091,take_profit
2021-03-04 04:00:00+00:00,2021-03-04 07:00:00+00:00,1555.06,1552.7709324036412,1571.404183592485,0.6751690188997519,1049.4322592662857,1059.9024575101726,10.470198243886898,0.009977012000000052,2,0.012764780780162766,take_profit
2021-03-04 08:00:00+00:00,2021-03-04 09:00:00+00:00,1571.56,1552.6256247636568,1571.2571322608208,1.4919282943467806,2318.724824937685,2341.858770340786,23.13394540310128,0.009977012000000042,5,0.02771131868970956,take_profit
2021-03-04 10:00:00+00:00,2021-03-04 10:00:00+00:00,1547.1,1547.1000000000001,1565.6652000000001,0.5298821879782218,820.6013343554625,828.7884837155431,8.187149360080525,0.009977012000000077,1,0.004905953073492288,take_profit
2021-03-04 11:00:00+00:00,2021-03-04 14:00:00+00:00,1557.73,1555.437002130544,1574.1022461561106,0.6757315701199894,1052.109997670072,1062.6069117421462,10.496914072074105,0.009977011999999832,2,0.007864007241306259,take_profit
2021-03-04 15:00:00+00:00,2021-03-04 16:00:00+00:00,1574.27,1571.9526550455162,1590.8160869060623,0.6690594603892204,1052.7825777198752,1063.2862021311773,10.503624411302098,0.009977011999999973,2,0.012875809105172544,take_profit
2021-03-04 17:00:00+00:00,2021-03-04 17:00:00+00:00,1584.97,1577.9358103235404,1596.8710400474229,0.8866947148005936,1400.547891199675,1414.5211743167488,13.973283117073834,0.009977011999999987,3,0.018277948478520115,take_profit
2021-03-04 18:00:00+00:00,2021-03-04 18:00:00+00:00,1562.29,1543.4673110234505,1561.988918755732,1.5068516236015355,2328.104327919502,2351.331852736407,23.227524816905316,0.009977012000000219,5,0.03549277022831872,take_profit
2021-03-04 19:00:00+00:00,2021-03-04 19:00:00+00:00,1507.77,1507.77,1525.86324,0.5459034457411873,823.9207591443344,832.1410264453664,8.220267301031981,0.009977011999999815,1,0.000875465090829461,take_profit
2021-03-04 20:00:00+00:00,2021-03-04 23:00:00+00:00,1526.83,1520.0538390482413,1538.2944851168202,0.9230019626735391,1404.4170939048795,1418.4289801037735,14.01188619889399,0.009977011999999915,3,0.013406862584570665,take_profit
2021-03-05 00:00:00+00:00,2021-03-05 00:00:00+00:00,1539.22,1520.6752616182112,1538.9233647576298,1.5336617576346279,2334.5360305554386,2357.827724546723,23.29169399128432,0.009977012000000146,5,0.044905861410324786,take_profit
2021-03-05 01:00:00+00:00,2021-03-05 04:00:00+00:00,1479.17,1466.8203113813504,1484.4221551179266,1.2754393721597408,1872.7130901094943,1891.3971710820742,18.684080972579977,0.009977012000000252,4,0.022796568345761492,take_profit
2021-03-05 05:00:00+00:00,2021-03-05 06:00:00+00:00,1465.47,1465.47,1483.05564,0.563849157206873,827.1311555675237,835.3834530321948,8.252297464671074,0.009977012000000028,1,0.002668086006537208,take_profit
2021-03-05 07:00:00+00:00,2021-03-05 12:00:00+00:00,1479.99,1467.6334651468624,1485.2450667286248,1.2768107012322283,1875.7658796657163,1894.4804183563315,18.7145386906152,0.00997701199999989,4,0.025898823640700227,take_profit
2021-03-05 13:00:00+00:00,2021-03-05 14:00:00+00:00,1482.55,1480.3676680224671,1498.1320800387368,0.7164567799272867,1061.681133673517,1072.2735390843513,10.592405410834317,0.009977012000000032,2,0.007777140737243245,take_profit
2021-03-05 15:00:00+00:00,2021-03-05 17:00:00+00:00,1493.55,1475.5555001818316,1493.2621661840135,1.5881767737455146,2345.7887625237545,2369.1927251569186,23.403962633164156,0.00997701199999979,5,0.030149643466907686,take_profit
2021-03-05 18:00:00+00:00,2021-03-05 18:00:00+00:00,1507.11,1507.11,1525.1953199999998,0.550291044755665,830.1793157774878,838.4620247731515,8.282708995663711,0.009977011999999912,1,0.002508111551247071,take_profit
2021-03-05 19:00:00+00:00,2021-03-05 21:00:00+00:00,1521.65,1521.6499999999999,1539.9098,0.5453046743837568,830.5934512272709,838.8802920572867,8.286840830015876,0.009977011999999976,1,0.0032464758650149867,take_profit
2021-03-05 22:00:00+00:00,2021-03-06 05:00:00+00:00,1531.56,1529.3055246949448,1547.657190991284,0.6956465923674029,1064.9210980407222,1075.5458286149276,10.624730574205387,0.00997701199999993,2,0.00866436835644701,take_profit
2021-03-06 06:00:00+00:00,2021-03-06 08:00:00+00:00,1574.82,1574.82,1593.71784,0.5274936124558265,831.539029797482,839.83530467624,8.296274878757913,0.009977012000000092,1,0.002920968745634364,take_profit
2021-03-06 09:00:00+00:00,2021-03-06 16:00:00+00:00,1575.0,1556.0241791613173,1574.6964693112532,1.5113949747172093,2354.1212461690543,2377.6083420915384,23.48709592248406,0.009977012000000191,5,0.03934603174603176,take_profit
2021-03-06 17:00:00+00:00,2021-03-06 17:00:00+00:00,1580.23,1580.23,1599.1927600000001,0.5266923613266464,833.1281983375441,841.4403283698962,8.312130032352115,0.00997701200000007,1,0.0022338520341975364,take_profit
2021-03-06 18:00:00+00:00,2021-03-06 18:00:00+00:00,1600.98,1600.98,1620.19176,0.5201253363779201,833.5438048391617,841.8600813825677,8.316276543406047,0.009977012000000089,1,0.0011118190108558338,take_profit
2021-03-06 19:00:00+00:00,2021-03-06 20:00:00+00:00,1615.63,1615.63,1635.0175600000002,0.5156661234612291,833.959618666332,842.2800437892814,8.320425122949473,0.009977012000000066,1,0.004920681096538221,take_profit
2021-03-06 21:00:00+00:00,2021-03-06 22:00:00+00:00,1653.09,1650.656631028472,1670.4645106008138,0.6471168346885183,1069.2369311599182,1079.9047208529441,10.667789693025952,0.009977012000000257,2,0.010785861628828393,take_profit
2021-03-06 23:00:00+00:00,2021-03-07 00:00:00+00:00,1665.29,1657.8993454599697,1677.7941376054894,0.8571178774768669,1422.437605656593,1436.6292827174798,14.191677060886832,0.009977011999999815,3,0.013757363582318908,take_profit
2021-03-07 01:00:00+00:00,2021-03-07 01:00:00+00:00,1670.99,1657.0387934551961,1676.9232589766584,1.1419013214053046,1894.0688567230634,1912.9660044354152,18.897147712351853,0.009977011999999771,4,0.02088582217727221,take_profit
2021-03-07 02:00:00+00:00,2021-03-07 02:00:00+00:00,1642.25,1642.25,1661.957,0.5088914033643762,836.5634706457927,844.9098744311874,8.346403785394727,0.009977012000000007,1,0.001071700411021459,take_profit
2021-03-07 03:00:00+00:00,2021-03-07 07:00:00+00:00,1656.15,1653.7121266705403,1673.5566721905868,0.6479379277361472,1072.5753838108576,1083.2764812860432,10.701097475185634,0.009977012000000094,2,0.008386921474504181,take_profit
2021-03-07 08:00:00+00:00,2021-03-07 22:00:00+00:00,1684.54,1664.2444258821622,1684.2153589927482,1.4225613472580911,2369.859652301999,2393.503770491332,23.644118189332858,0.009977011999999993,5,0.032169019435572946,take_profit
2021-03-07 23:00:00+00:00,2021-03-07 23:00:00+00:00,1678.62,1678.62,1698.76344,0.4991358101098939,838.6980516182883,847.0657521436607,8.367700525372356,0.009977012000000089,1,0.00037530828895156843,take_profit
2021-03-08 00:00:00+00:00,2021-03-08 00:00:00+00:00,1726.46,1726.46,1747.17752,0.485546911140665,839.1164366445571,847.488311402357,8.371874757799901,0.0099770119999999,1,0.00023748016171824533,take_profit
2021-03-08 01:00:00+00:00,2021-03-08 14:00:00+00:00,1742.2,1721.209730117363,1741.8642468787714,1.37879630957192,2375.5731970821826,2399.2743193763504,23.701122294167817,0.009977012000000217,5,0.04433474916771898,take_profit
2021-03-08 15:00:00+00:00,2021-03-08 19:00:00+00:00,1733.58,1731.0281487507264,1751.800486535735,0.6217633465466237,1077.367221955614,1088.1161276574717,10.748905701857666,0.009977011999999853,2,0.006899018216638423,take_profit
2021-03-08 20:00:00+00:00,2021-03-08 22:00:00+00:00,1773.61,1773.61,1794.89332,0.47384502469565803,841.2575317822483,849.6507682719301,8.39323648968184,0.00997701199999996,1,0.005305563229796773,take_profit
2021-03-08 23:00:00+00:00,2021-03-08 23:00:00+00:00,1788.12,1788.12,1809.5774399999998,0.4702343894219212,841.6771936067324,850.074617067473,8.397423460740583,0.00997701199999987,1,0.0016945171465002197,take_profit
2021-03-09 00:00:00+00:00,2021-03-09 01:00:00+00:00,1833.22,1825.0840622859241,1846.9850710333553,0.7853058573422739,1434.683888143311,1448.9977465115235,14.31385836821255,0.009977012000000056,3,0.014226333991555802,take_profit
2021-03-09 02:00:00+00:00,2021-03-09 23:00:00+00:00,1844.17,1828.7729021276425,1850.7181769531742,1.0435769287216583,1910.3755841158747,1929.435424243106,19.059840127231155,0.009977012000000033,4,0.02492720302358244,take_profit
2021-03-10 00:00:00+00:00,2021-03-10 01:00:00+00:00,1870.5,1847.963953727774,1870.1395211725073,1.2906945595196166,2387.544565830629,2411.365126614456,23.820560783827204,0.009977012000000096,5,0.028361400695001312,take_profit
2021-03-10 02:00:00+00:00,2021-03-10 02:00:00+00:00,1826.16,1804.158168264909,1825.8080662840878,1.3238993461549273,2390.9147340600443,2414.7689190527385,23.854184992694172,0.009977012000000125,5,0.030205458448328778,take_profit
2021-03-10 03:00:00+00:00,2021-03-10 03:00:00+00:00,1795.82,1780.8265794904275,1802.1964984443127,1.0759166110919338,1917.9388371849661,1937.0741359788267,19.135298793860557,0.009977012000000054,4,0.02161686583287854,take_profit
2021-03-10 04:00:00+00:00,2021-03-10 05:00:00+00:00,1777.52,1777.52,1798.85024,0.476089802466992,847.1062519330607,855.5578411738719,8.451589240811245,0.009977012000000089,1,0.0058283451100408995,take_profit
2021-03-10 06:00:00+00:00,2021-03-10 08:00:00+00:00,1800.72,1800.72,1822.32864,0.47019042525417953,847.5288313951013,855.9846367162761,8.455805321174807,0.009977011999999888,1,0.003148740503798521,take_profit
2021-03-10 09:00:00+00:00,2021-03-10 13:00:00+00:00,1823.18,1820.4962564400544,1842.342211517335,0.5962921715496328,1086.6343003509683,1097.4756638051813,10.841363454213024,0.009977011999999825,2,0.01072850733334074,take_profit
2021-03-10 14:00:00+00:00,2021-03-10 17:00:00+00:00,1844.28,1841.5651969785006,1863.6639793422426,0.5898469538344575,1087.3289506759972,1098.177244664839,10.84829398884176,0.009977011999999933,2,0.012758366408571352,take_profit
2021-03-10 18:00:00+00:00,2021-03-11 13:00:00+00:00,1852.76,1792.0884203956687,1813.5934814404168,2.271817552149159,4075.3733017599006,4116.033350096039,40.66004833613806,0.009977011999999978,7,0.06895658369135775,take_profit
2021-03-11 14:00:00+00:00,2021-03-11 18:00:00+00:00,1811.37,1796.2467515071535,1817.8017125252393,1.0728820437174642,1929.0899757536044,1948.336529590778,19.24655383717345,0.009977012000000016,4,0.023943203210829312,take_profit
2021-03-11 19:00:00+00:00,2021-03-11 21:00:00+00:00,1811.49,1803.4505012984416,1825.091907314023,0.8041016377863259,1451.6091108715186,1466.0918323899934,14.482721518474818,0.009977012000000238,3,0.015037344948081418,take_profit
2021-03-11 22:00:00+00:00,2021-03-13 10:00:00+00:00,1838.72,1798.5391443678823,1820.121614100297,1.7402757435468812,3133.0871338968846,3164.3459818288193,31.258847931934724,0.009977011999999967,6,0.0647189349112426,take_profit
2021-03-13 11:00:00+00:00,2021-03-13 11:00:00+00:00,1861.02,1861.02,1883.35224,0.45860022708051734,854.318513114499,862.8420591716643,8.52354605716539,0.009977011999999856,1,0.002418028822903569,take_profit
2021-03-13 12:00:00+00:00,2021-03-13 12:00:00+00:00,1871.8,1869.044687197366,1891.4732234437345,0.5854563885859363,1095.3394921644654,1106.267707421864,10.928215257398733,0.00997701199999996,2,0.012282295116999685,take_profit
2021-03-13 13:00:00+00:00,2021-03-13 17:00:00+00:00,1881.62,1878.850232035638,1901.3964348200657,0.5827732562507717,1096.0397074383652,1106.9749087519542,10.935201313589005,0.00997701199999995,2,0.010676969845133406,take_profit
2021-03-13 18:00:00+00:00,2021-03-13 20:00:00+00:00,1913.51,1913.51,1936.47212,0.4468134597596359,855.8378612459068,864.3765658576115,8.538704611704702,0.009977011999999948,1,0.006485463885738816,take_profit
2021-03-13 21:00:00+00:00,2021-03-13 23:00:00+00:00,1933.32,1917.1785828537572,1940.1847258480022,1.0113434515084345,1940.8668720133812,1960.2309240858613,19.364052072480035,0.009977012000000035,4,0.020627728467092817,take_profit
2021-03-14 00:00:00+00:00,2021-03-20 13:00:00+00:00,1922.35,1841.429341915461,1863.5264940184466,2.755913158891799,5079.899253808094,5130.581469622128,50.68221581403395,0.009977011999999912,8,0.10958982495383247,take_profit
2021-03-20 14:00:00+00:00,2021-03-27 00:00:00+00:00,1844.01,1695.1127479642623,1715.4541009398336,4.9994034076801945,8483.035484058732,8567.670830879611,84.63534682087993,0.00997701200000002,10,0.16653380404661575,take_profit
2021-03-27 01:00:00+00:00,2021-03-27 16:00:00+00:00,1694.33,1686.8104642393762,1707.0521898102488,0.8717790885164352,1471.99808710169,1486.6842296806806,14.686142578990484,0.009977011999999917,3,0.016478490022604715,take_profit
2021-03-27 17:00:00+00:00,2021-03-27 21:00:00+00:00,1706.4,1706.4,1726.8768,0.5062520224780065,864.7331843408111,873.3606376977775,8.627453356966384,0.009977011999999884,1,0.0038443506797938187,take_profit
2021-03-27 22:00:00+00:00,2021-03-29 08:00:00+00:00,1728.27,1707.4475607105583,1727.936931439085,1.4323410135853991,2448.0952650170952,2472.519940853314,24.42467583621874,0.009977012,5,0.038691871061813196,take_profit
2021-03-29 09:00:00+00:00,2021-03-29 09:00:00+00:00,1735.03,1735.03,1755.85036,0.49884982104613185,866.3857908004705,875.0297322319163,8.643941431445796,0.009977012000000014,1,1.1527178204400968e-05,take_profit
2021-03-29 10:00:00+00:00,2021-03-29 12:00:00+00:00,1757.93,1757.93,1779.0251600000001,0.4925970714898606,866.8179878720427,875.4662413388579,8.648253466815163,0.00997701199999993,1,0.002645156519315383,take_profit
2021-03-29 13:00:00+00:00,2021-03-29 16:00:00+00:00,1774.99,1772.377192717412,1793.645719030021,0.62642081343642,1111.3653281063062,1122.4534333212066,11.088105214900452,0.009977011999999908,2,0.008338075144085293,take_profit
2021-03-29 17:00:00+00:00,2021-03-29 17:00:00+00:00,1806.54,1806.54,1828.21848,0.47988807388727744,867.8048058061283,876.4629047673137,8.658098961185374,0.009977011999999955,1,0.0020979330654178506,take_profit
2021-03-29 18:00:00+00:00,2021-03-30 10:00:00+00:00,1834.44,1819.1241385441863,1840.9536282067165,1.0807604772949515,1968.0054777094915,1987.6402919766651,19.634814267173624,0.00997701200000015,4,0.02624234098689524,take_profit
2021-03-30 11:00:00+00:00,2021-03-30 19:00:00+00:00,1836.0,1836.0,1858.032,0.4729576427102826,869.2194514675464,877.8916643654716,8.672212897925192,0.009977012000000073,1,0.005419389978213532,take_profit
2021-03-30 20:00:00+00:00,2021-03-31 16:00:00+00:00,1858.27,1835.8813024826036,1857.9118781123948,1.3390491382286664,2460.7960720515034,2485.347463991914,24.551391940410667,0.009977011999999981,5,0.04849672006758969,take_profit
2021-03-31 17:00:00+00:00,2021-03-31 18:00:00+00:00,1846.27,1846.27,1868.42524,0.47122563388765104,870.8806317094629,879.5694182225959,8.688786513132982,0.009977012000000103,1,0.0013811631018214858,take_profit
2021-03-31 19:00:00+00:00,2021-03-31 19:00:00+00:00,1891.9,1891.9,1914.6028000000001,0.460089727767897,871.3150710351196,880.0081919546178,8.693120919498256,0.009977012000000018,1,8.985675775679092e-05,take_profit
2021-03-31 20:00:00+00:00,2021-03-31 20:00:00+00:00,1900.63,1900.63,1923.43756,0.45820489908820405,871.7497270810944,880.4471845691792,8.697457488084751,0.00997701199999994,1,0.004582691002457099,take_profit
2021-03-31 21:00:00+00:00,2021-04-01 08:00:00+00:00,1939.11,1922.9202417590202,1945.9952846601284,1.0270705800738742,1976.9517598991306,1996.6758313310652,19.72407143193459,0.009977011999999922,4,0.02023093068469545,take_profit
2021-04-01 09:00:00+00:00,2021-04-01 17:00:00+00:00,1943.36,1934.7352545160825,1957.9520775702754,0.7681344019209647,1487.6243319350515,1502.4663777462595,14.842045811207981,0.009977011999999993,3,0.01922443602832203,take_profit
2021-04-01 18:00:00+00:00,2021-04-01 18:00:00+00:00,1940.3,1916.922993540764,1939.9260694632533,1.2887200010065587,2472.849852017366,2497.521504665142,24.671652647775772,0.009977012000000115,5,0.02849043962273874,take_profit
2021-04-01 19:00:00+00:00,2021-04-02 01:00:00+00:00,1967.13,1964.2343602556653,1987.8051725787332,0.5703812931812884,1121.4840185322794,1132.6730780429841,11.189059510704737,0.009977011999999967,2,0.00948081723119473,take_profit
2021-04-02 02:00:00+00:00,2021-04-02 14:00:00+00:00,1995.55,1992.6125256633738,2016.5238759713343,0.5626175344048896,1122.2009471601873,1133.3971594764157,11.196212316228412,0.009977011999999872,2,0.0073563679186189595,take_profit
2021-04-02 15:00:00+00:00,2021-04-02 20:00:00+00:00,2070.15,2060.962553071211,2085.6941037080655,0.7236445454828777,1492.8972071816293,1507.791860532447,14.894653350817634,0.009977012000000023,3,0.0188585368210034,take_profit
2021-04-02 21:00:00+00:00,2021-04-02 23:00:00+00:00,2091.01,2091.01,2116.1021200000005,0.41900013592676416,877.0104847089322,885.7604288389991,8.749944130066979,0.009977012000000167,1,0.006025796146360066,take_profit
2021-04-03 00:00:00+00:00,2021-04-04 14:00:00+00:00,2133.69,2063.8189197273446,2088.584746764073,2.038714987377266,4211.750313194089,4253.770996609831,42.02068341574159,0.009977012000000094,7,0.07426102198538684,take_profit
2021-04-04 15:00:00+00:00,2021-04-05 14:00:00+00:00,2084.89,2059.7709529470726,2084.4882043824373,1.2070804062535108,2488.797956629162,2513.628723708027,24.830767078864938,0.009977012000000124,5,0.0396855469593119,take_profit
2021-04-05 15:00:00+00:00,2021-04-06 00:00:00+00:00,2118.21,2108.809259976799,2134.1149710965205,0.7108777223757332,1500.6061297869492,1515.5776951511073,14.971565364158096,0.009977012000000098,3,0.016093777293091877,take_profit
2021-04-06 01:00:00+00:00,2021-04-08 16:00:00+00:00,2141.73,2051.5746167246343,2076.19351212533,2.543759131688475,5223.935601234806,5276.054869415553,52.119268180746985,0.009977012000000021,8,0.09885466422004642,take_profit
2021-04-08 17:00:00+00:00,2021-04-09 00:00:00+00:00,2067.17,2064.1271001355803,2088.8966253372073,0.5483589416442248,1133.0155676171269,1144.3196775314298,11.304109914302899,0.00997701200000001,2,0.011581050421590897,take_profit
2021-04-09 01:00:00+00:00,2021-04-10 02:00:00+00:00,2092.18,2074.712250157746,2099.608797159639,0.9655980036848212,2005.3433503230858,2025.3506849933797,20.007334670293858,0.009977012000000113,4,0.021322257167165303,take_profit
2021-04-10 03:00:00+00:00,2021-04-10 03:00:00+00:00,2116.55,2116.55,2141.9486,0.4180505812186313,885.7106683466408,894.5474143132633,8.836745966622516,0.009977012000000068,1,0.00037324891923175144,take_profit
2021-04-10 04:00:00+00:00,2021-04-10 04:00:00+00:00,2144.4,2144.4,2170.1328000000003,0.41282706264658037,886.1525056449719,894.993659827622,8.84115418265003,0.009977012000000087,1,8.393956351440544e-05,take_profit
2021-04-10 05:00:00+00:00,2021-04-12 07:00:00+00:00,2191.18,2164.780356123616,2190.7577203970995,1.1577273900328522,2508.734245935317,2533.7639176118255,25.029671676508315,0.009977012000000281,5,0.04912877992679727,take_profit
2021-04-12 08:00:00+00:00,2021-04-13 06:00:00+00:00,2181.1,2154.8218013769833,2180.679662993507,1.1647196087770875,2512.275480965104,2537.3404835859983,25.06500262089412,0.009977011999999803,5,0.03626610425931865,take_profit
2021-04-13 07:00:00+00:00,2021-04-13 08:00:00+00:00,2158.41,2158.41,2184.31092,0.4115113429663065,889.0992970689745,897.9698514250232,8.870554356048729,0.009977012000000006,1,0.0038917536519936604,take_profit
2021-04-13 09:00:00+00:00,2021-04-13 14:00:00+00:00,2220.3,2217.031690877397,2243.636071167926,0.5136564934898838,1139.9326569489808,1151.3057787465525,11.373121797571685,0.00997701199999984,2,0.011390352655046598,take_profit
2021-04-13 15:00:00+00:00,2021-04-13 16:00:00+00:00,2261.66,2258.3308084447026,2285.430778146039,0.504585383840676,1140.661379197492,1152.0417714656817,11.38039226818978,0.009977011999999872,2,0.008250577009806892,take_profit
2021-04-13 17:00:00+00:00,2021-04-13 17:00:00+00:00,2271.6,2271.6,2298.8592,0.39170180489063877,890.680500490065,899.5668305316204,8.886330041555425,0.009977012000000045,1,0.0012502201091740143,take_profit
2021-04-13 18:00:00+00:00,2021-04-14 03:00:00+00:00,2310.05,2290.7632390506083,2318.2523979192156,0.8808693108037207,2019.8829185155237,2040.0353146321481,20.15239611662446,0.009977012000000028,4,0.025995108330988583,take_profit
2021-04-14 04:00:00+00:00,2021-04-14 04:00:00+00:00,2347.1,2347.1,2375.2652,0.3797197837165762,892.132436797974,901.0332528254967,8.900816027522637,0.009977012000000009,1,0.003877124962719914,take_profit
2021-04-14 05:00:00+00:00,2021-04-14 06:00:00+00:00,2371.28,2367.789446445865,2396.2029198032155,0.48259260912657903,1143.8215083310192,1155.2334292454962,11.411920914476923,0.009977012000000214,2,0.007708916703215225,take_profit
2021-04-14 07:00:00+00:00,2021-04-14 11:00:00+00:00,2388.44,2359.6637399847978,2387.9797048646155,1.069962186474994,2527.2782528327284,2552.49293828858,25.214685455851395,0.00997701200000009,5,0.03284151998794194,take_profit
2021-04-14 12:00:00+00:00,2021-04-14 21:00:00+00:00,2390.0,2361.204944886062,2389.539404224695,1.0707731337333053,2530.8456638861117,2556.0959414448507,25.25027755873907,0.00997701199999975,5,0.04054811715481165,take_profit
2021-04-14 22:00:00+00:00,2021-04-15 03:00:00+00:00,2426.13,2422.55870656595,2451.6294110447416,0.47331708538381817,1147.7862123753634,1159.237689189667,11.451476814303533,0.009977011999999985,2,0.010770239022641041,take_profit
2021-04-15 04:00:00+00:00,2021-04-15 14:00:00+00:00,2475.95,2446.1194072345797,2475.4728401213947,1.035723046345281,2536.0382824677795,2561.34036684442,25.302084376640323,0.00997701199999996,5,0.028623356691370946,take_profit
2021-04-15 15:00:00+00:00,2021-04-15 19:00:00+00:00,2462.8,2459.174727871393,2488.68482460585,0.46722626440186354,1150.1411627775979,1161.616134960324,11.474972182726106,0.00997701200000005,2,0.01192139028747772,take_profit
2021-04-15 20:00:00+00:00,2021-04-15 22:00:00+00:00,2478.58,2478.58,2508.32296,0.36197527040322397,898.0827484644873,907.0429308229104,8.96018235842314,0.009977011999999966,1,0.0004357333634580797,take_profit
2021-04-15 23:00:00+00:00,2021-04-16 20:00:00+00:00,2528.08,2421.661347158238,2450.721283324137,2.1965507650894005,5324.626711599457,5377.750576196604,53.123864597147076,0.009977011999999766,8,0.09021866396633016,take_profit
2021-04-16 21:00:00+00:00,2021-04-17 00:00:00+00:00,2455.57,2444.6720365408664,2474.0081009793566,0.6274134801544928,1535.3555458283047,1550.6738065333002,15.31826070499551,0.009977011999999976,3,0.015226607264301292,take_profit
2021-04-17 01:00:00+00:00,2021-04-17 01:00:00+00:00,2460.0,2460.0,2489.52,0.36628085812344235,901.9528638475157,910.9516583935567,8.99879454604104,0.00997701200000001,1,0.0,take_profit
2021-04-17 02:00:00+00:00,2021-04-18 03:00:00+00:00,2476.94,2215.5658756751277,2242.152666183229,4.930952142359184,10935.785086284457,11044.891545319739,109.10645903528166,0.009977012000000054,11,0.2140302147003965,take_profit
2021-04-18 04:00:00+00:00,2021-04-18 04:00:00+00:00,2158.9,2149.318675373977,2175.1104994784646,0.7189136488005369,1546.7212526008432,1562.1529090986967,15.43165649785351,0.009977011999999914,3,0.014572235860855081,take_profit
2021-04-18 05:00:00+00:00,2021-04-18 05:00:00+00:00,2150.57,2150.57,2176.3768400000004,0.4220839496701448,908.6297093514747,917.695118865231,9.065409513756322,0.009977012000000162,1,0.005449717981744493,take_profit
2021-04-18 06:00:00+00:00,2021-04-18 06:00:00+00:00,2176.05,2176.05,2202.1626,0.41734973775755857,909.0829798271626,918.1529116258939,9.069931798731318,0.009977011999999955,1,0.003965901518807062,take_profit
2021-04-18 07:00:00+00:00,2021-04-18 07:00:00+00:00,2188.11,2188.11,2214.3673200000003,0.41525651815524905,909.5364764170992,918.6109327567503,9.074456339651192,0.009977012000000085,1,0.001019144375739802,take_profit
2021-04-18 08:00:00+00:00,2021-04-18 08:00:00+00:00,2210.1,2183.472405310747,2209.674074174476,1.1781052460009491,2574.935230425327,2600.625390118503,25.690159693176156,0.009977011999999962,5,0.03850504502058726,take_profit
2021-04-18 09:00:00+00:00,2021-04-18 09:00:00+00:00,2136.1,2118.2655591593275,2143.6847458692396,0.9741415272998396,2065.556003029145,2086.1640800580394,20.608077028894513,0.009977012000000339,4,0.024764758204203968,take_profit
2021-04-18 10:00:00+00:00,2021-04-18 10:00:00+00:00,2117.57,2114.4529107108274,2139.8263456393574,0.5523570646931175,1169.1021052973483,1180.7662510311254,11.664145733777104,0.009977012000000169,2,0.009713964591489379,take_profit
2021-04-18 11:00:00+00:00,2021-04-18 11:00:00+00:00,2118.69,2093.163725807804,2118.2816905174977,1.2328479929754712,2583.135834165376,2608.9078113804744,25.77197721509856,0.00997701200000023,5,0.03808485432035836,take_profit
2021-04-18 12:00:00+00:00,2021-04-18 12:00:00+00:00,2052.19,2052.19,2076.81628,0.44501860953440536,914.176917217629,923.2976712908322,9.120754073203216,0.009977011999999917,1,0.002879850306258232,take_profit
2021-04-18 13:00:00+00:00,2021-04-18 13:00:00+00:00,2101.14,2098.0470958744913,2123.223661024985,0.5580966753285315,1172.0851940843186,1183.7791021307203,11.693908046401702,0.009977012000000108,2,0.00877618816452024,take_profit
2021-04-18 14:00:00+00:00,2021-04-18 14:00:00+00:00,2115.48,2115.48,2140.86576,0.4321962073256592,915.2176503236092,924.3487878034997,9.131137479890526,0.00997701200000008,1,0.002486433339005908,take_profit
2021-04-18 15:00:00+00:00,2021-04-18 16:00:00+00:00,2127.69,2127.69,2153.22228,0.4299303625013072,915.6742071976039,924.8098997509048,9.135692553300942,0.009977011999999957,1,0.005386122978441425,take_profit
2021-04-18 17:00:00+00:00,2021-04-18 19:00:00+00:00,2161.52,2158.3382157660276,2184.23827435522,0.543395324776962,1174.0049006353445,1185.7179616170422,11.713060981697708,0.00997701200000006,2,0.012269143935748909,take_profit
2021-04-18 20:00:00+00:00,2021-04-18 20:00:00+00:00,2188.33,2188.33,2214.58996,0.41849260770975094,916.7166448743536,925.8627378408647,9.146092966511105,0.009977011999999934,1,0.00027875137662058616,take_profit
2021-04-18 21:00:00+00:00,2021-04-18 22:00:00+00:00,2223.72,2213.851000418092,2240.417212423109,0.7051197491578227,1562.5926547423423,1578.1826604098185,15.590005667476134,0.009977011999999954,3,0.01635097943985739,take_profit
2021-04-18 23:00:00+00:00,2021-04-19 00:00:00+00:00,2237.32,2227.3906428216715,2254.1193305355314,0.7014291707675935,1563.920692262164,1579.5239477759121,15.603255513748081,0.009977012000000104,3,0.017547780380097713,take_profit
2021-04-19 01:00:00+00:00,2021-04-19 01:00:00+00:00,2256.0,2252.6791400348634,2279.711289715282,0.5221173090851018,1177.340110938082,1189.086447352993,11.746336414910957,0.009977012000000323,2,0.010638297872340425,take_profit
2021-04-19 02:00:00+00:00,2021-04-19 02:00:00+00:00,2244.4,2244.4,2271.3328,0.40919693836797516,919.320929402486,928.4930053469858,9.172075944499852,0.009977012000000106,1,0.006509534842274161,take_profit
2021-04-19 03:00:00+00:00,2021-04-19 08:00:00+00:00,2251.39,2248.0759260120085,2275.0528371241526,0.5237820238977019,1178.680438841111,1190.4401477235942,11.75970888248321,0.009977012000000151,2,0.00842146407330584,take_profit
2021-04-19 09:00:00+00:00,2021-04-19 11:00:00+00:00,2240.93,2222.2203265235294,2248.8869704418116,0.9378368941829736,2086.166375592693,2106.980082555978,20.813706963284858,0.009977012000000026,4,0.022727171308340663,take_profit
2021-04-19 12:00:00+00:00,2021-04-19 20:00:00+00:00,2246.63,2173.0605193945903,2199.1372456273252,2.033232199632145,4422.759379161596,4466.885302560603,44.12592339900675,0.009977011999999764,7,0.07416886625746122,take_profit
2021-04-19 21:00:00+00:00,2021-04-20 09:00:00+00:00,2204.9,2132.697034764573,2158.2893991817477,2.076673891782048,4433.349600777358,4477.581182944508,44.23158216715001,0.009977011999999796,7,0.06798494262778361,take_profit
2021-04-20 10:00:00+00:00,2021-04-20 10:00:00+00:00,2138.31,2138.31,2163.96972,0.43253796371482006,925.8260792703072,935.0630571731,9.236977902792773,0.009977011999999964,1,0.0013375048519625907,take_profit
2021-04-20 11:00:00+00:00,2021-04-20 13:00:00+00:00,2181.84,2178.628304474143,2204.771844127833,0.5443029465843787,1187.020826463869,1198.863747493749,11.842921029880017,0.009977012000000066,2,0.008245334213324641,take_profit
2021-04-20 14:00:00+00:00,2021-04-20 14:00:00+00:00,2221.23,2202.6848031325653,2229.117020770156,0.9528495575363201,2100.928168225066,2121.889153770586,20.960985545519634,0.009977012000000061,4,0.024517947263453146,take_profit
2021-04-20 15:00:00+00:00,2021-04-20 16:00:00+00:00,2174.28,2164.6304180333177,2190.6059830497175,0.7296089221651363,1580.9145807679251,1596.6873845112218,15.772803743296663,0.009977012000000066,3,0.015416597678311892,take_profit
2021-04-20 17:00:00+00:00,2021-04-20 18:00:00+00:00,2250.16,2250.16,2277.16192,0.4123209224756019,928.7167636813817,937.9825819772321,9.265818295850409,0.009977012000000106,1,0.0065861983147863755,take_profit
2021-04-20 19:00:00+00:00,2021-04-20 19:00:00+00:00,2284.02,2284.02,2311.42824,0.4064110097729346,929.1800545961742,938.450495151041,9.27044055486681,0.009977012000000134,1,0.003966690309191665,take_profit
2021-04-20 20:00:00+00:00,2021-04-20 21:00:00+00:00,2324.81,2314.4923570782216,2342.2662653631605,0.6836286853897062,1583.837204618526,1599.6391674150514,15.801962796525459,0.009977011999999981,3,0.013549494367281627,take_profit
2021-04-20 22:00:00+00:00,2021-04-21 00:00:00+00:00,2340.56,2321.018509033264,2348.870731141663,0.9077368426555819,2108.9829961311516,2130.0243447913485,21.041348660196945,0.009977012000000233,4,0.025019653416276422,take_profit
2021-04-21 01:00:00+00:00,2021-04-21 01:00:00+00:00,2286.09,2286.09,2313.5230800000004,0.4070505782600671,931.4857421967536,940.7791866244795,9.293444427725944,0.00997701200000003,1,0.0029088968500803076,take_profit
2021-04-21 02:00:00+00:00,2021-04-21 06:00:00+00:00,2321.18,2301.800313941036,2329.4219177083287,0.9168078158766357,2112.4209393477836,2133.496588408708,21.075649060924206,0.009977012000000045,4,0.02078253302199734,take_profit
2021-04-21 07:00:00+00:00,2021-04-21 12:00:00+00:00,2316.02,2288.1162662991705,2315.5736614947605,1.1526583253486766,2640.056320035504,2666.396193621174,26.33987358566992,0.009977011999999945,5,0.03491334271724775,take_profit
2021-04-21 13:00:00+00:00,2021-04-21 14:00:00+00:00,2368.54,2368.54,2396.96248,0.39407688675720876,934.3211905504696,943.642924280446,9.321733729976359,0.009977012000000039,1,0.004310672397341838,take_profit
2021-04-21 15:00:00+00:00,2021-04-21 16:00:00+00:00,2440.76,2429.927764188146,2459.086897358404,0.6547552438822748,1592.6005464037237,1608.4899411664005,15.88939476267683,0.009977012000000202,3,0.014241465772956053,take_profit
2021-04-21 17:00:00+00:00,2021-04-22 01:00:00+00:00,2426.63,2397.3936215099857,2426.1623449681056,1.103157386680401,2647.3498321814,2673.7624732252716,26.412641043871645,0.009977011999999936,5,0.04663669368630573,take_profit
2021-04-22 02:00:00+00:00,2021-04-22 02:00:00+00:00,2400.24,2380.200236747616,2408.7626395885877,0.8913207024835544,2123.6453924618695,2144.833028026206,21.187635564336688,0.009977011999999955,4,0.023847615238476064,take_profit
2021-04-22 03:00:00+00:00,2021-04-22 04:00:00+00:00,2406.02,2402.4783087352316,2431.3080484400543,0.49980831952458243,1201.980626810027,1213.972801947478,11.992175137451113,0.00997701199999996,2,0.012144537451891422,take_profit
2021-04-22 05:00:00+00:00,2021-04-22 05:00:00+00:00,2446.92,2443.3181034282393,2472.637920669378,0.4917682489348669,1202.7490143280934,1214.7488556770331,11.999841348939754,0.009977012000000162,2,0.009027675608520159,take_profit
2021-04-22 06:00:00+00:00,2021-04-22 08:00:00+00:00,2478.89,2449.023985702348,2478.412273530776,1.0840323951722513,2657.4788158710803,2683.9925139067723,26.51369803569196,0.009977012000000151,5,0.027802766560839763,take_profit
2021-04-22 09:00:00+00:00,2021-04-22 09:00:00+00:00,2453.42,2449.8085353476663,2479.2062377718385,0.4914716801731232,1205.2167337034791,1217.2411955182397,12.02446181476057,0.009977012000000129,2,0.007846190216106497,take_profit
2021-04-22 10:00:00+00:00,2021-04-22 10:00:00+00:00,2493.96,2490.2888599651365,2520.172326284718,0.48379174887663645,1205.987189960499,1218.0193386265812,12.032148666082094,0.00997701199999993,2,0.007229466390800254,take_profit
2021-04-22 11:00:00+00:00,2021-04-22 11:00:00+00:00,2512.09,2512.09,2542.2350800000004,0.37448824969591193,941.689877055659,951.0851282593221,9.395251203663065,0.009977012000000245,1,0.000529439629949535,take_profit
2021-04-22 12:00:00+00:00,2021-04-22 12:00:00+00:00,2544.37,2544.37,2574.90244,0.36992162302504206,942.1596396158421,951.559577646205,9.399938030362819,0.009977011999999879,1,6.288393590549114e-05,take_profit
2021-04-22 13:00:00+00:00,2021-04-22 13:00:00+00:00,2550.57,2550.57,2581.17684,0.369206493795835,942.6296365173603,952.0342637124496,9.404627195089347,0.009977012000000006,1,0.004124568233767347,take_profit
2021-04-22 14:00:00+00:00,2021-04-22 14:00:00+00:00,2541.92,2541.92,2572.42304,0.37064768679157384,943.0998678771145,952.5091865761229,9.409318699008395,0.009977012000000009,1,0.0002675143198842965,take_profit
2021-04-22 15:00:00+00:00,2021-04-22 16:00:00+00:00,2601.22,2597.390971915553,2628.5596635785396,0.46506619696739254,1209.1679092554612,1221.2317919961179,12.063882740656709,0.00997701200000005,2,0.010079885592145147,take_profit
2021-04-22 17:00:00+00:00,2021-04-22 17:00:00+00:00,2612.25,2580.7772457232704,2611.7465726719497,1.0341805877393797,2671.6613901967057,2698.316587946635,26.655197749929357,0.009977012000000052,5,0.03374868408460134,take_profit
2021-04-22 18:00:00+00:00,2021-04-22 18:00:00+00:00,2526.18,2522.4614317257406,2552.7309689064496,0.47986349145496676,1211.648798486895,1223.7374330891844,12.088634602289403,0.009977012000000058,2,0.008384200650784915,take_profit
2021-04-22 19:00:00+00:00,2021-04-22 19:00:00+00:00,2539.8,2509.200133481849,2539.3105350836313,1.06586387685226,2677.1429249961684,2703.85281208457,26.7098870884015,0.009977011999999862,5,0.028269942515158745,take_profit
2021-04-22 20:00:00+00:00,2021-04-22 20:00:00+00:00,2535.56,2480.1513623028122,2509.913178650446,1.4021348198471477,3480.9875711472587,3515.717425916446,34.729854769187114,0.009977012000000018,6,0.06135133856031802,take_profit
2021-04-22 21:00:00+00:00,2021-04-22 21:00:00+00:00,2400.47,2371.5488008580105,2400.007386468307,1.1313912976256606,2685.83551069602,2712.63212381626,26.79661312024018,0.009977011999999948,5,0.04042125083837738,take_profit
2021-04-22 22:00:00+00:00,2021-04-22 22:00:00+00:00,2415.32,2411.76461901995,2440.7057944481894,0.5045512910650116,1218.0770293007322,1230.22979843899,12.152769138257781,0.00997701200000002,2,0.012354470629150648,take_profit
2021-04-22 23:00:00+00:00,2021-04-22 23:00:00+00:00,2404.2,2404.2,2433.0503999999996,0.39521630712783506,951.1301757725136,960.6196129497579,9.489437177244326,0.009977011999999843,1,0.005619332834206707,take_profit
2021-04-23 00:00:00+00:00,2021-04-23 00:00:00+00:00,2397.94,2387.2978018557014,2415.9453754779697,0.6784369796720062,1621.2523626312327,1637.427616908233,16.17525427700025,0.009977012000000054,3,0.01643493999015816,take_profit
2021-04-23 01:00:00+00:00,2021-04-23 01:00:00+00:00,2373.86,2345.259401869133,2373.4025146915624,1.1479677796913126,2694.977205569454,2721.8650254891463,26.887819919692447,0.009977011999999829,5,0.05217662372675731,take_profit
2021-04-23 02:00:00+00:00,2021-04-23 02:00:00+00:00,2321.81,2224.0742114353457,2250.76310197257,2.5386950466441762,5651.898082021987,5708.287137009097,56.389054987110285,0.00997701199999999,8,0.08864205081380473,take_profit
2021-04-23 03:00:00+00:00,2021-04-23 03:00:00+00:00,2250.58,2247.2671183420493,2274.234323762154,0.5449330836959938,1225.8360367234661,1238.0662175718887,12.230180848422606,0.009977012000000117,2,0.011721422922091242,take_profit
2021-04-23 04:00:00+00:00,2021-04-23 04:00:00+00:00,2282.74,2255.2372284055264,2282.300075146393,1.199776751440619,2708.4896853096375,2735.512319401848,27.02263409221041,0.009977011999999976,5,0.03741994270043878,take_profit
2021-04-23 05:00:00+00:00,2021-04-23 05:00:00+00:00,2207.11,2180.5184292499907,2206.6846504009904,1.242640529141922,2712.3128876145356,2739.3736658420203,27.06077822748466,0.009977011999999922,5,0.03267168378558392,take_profit
2021-04-23 06:00:00+00:00,2021-04-23 06:00:00+00:00,2228.44,2201.5914424192038,2228.010539728234,1.232483599291231,2716.1414866082014,2743.2404628137892,27.09897620558786,0.009977011999999999,5,0.032565382060993416,take_profit
2021-04-23 07:00:00+00:00,2021-04-23 07:00:00+00:00,2210.43,2183.798429424476,2210.0040105775697,1.2442794526299767,2719.9754899083987,2747.11271801092,27.137228102521476,0.009977011999999818,5,0.04182896540492123,take_profit
2021-04-23 08:00:00+00:00,2021-04-23 08:00:00+00:00,2132.22,2129.081345729227,2154.6303218779776,0.578806721356677,1233.560153376572,1245.8673978295321,12.307244452960049,0.00997701200000012,2,0.011828047762425924,take_profit
2021-04-23 09:00:00+00:00,2021-04-23 09:00:00+00:00,2218.11,2191.385899707625,2217.6825305041166,1.2425153399648883,2725.556152321804,2752.749058760193,27.192906438388945,0.009977012000000176,5,0.03070632204895164,take_profit
2021-04-23 10:00:00+00:00,2021-04-23 10:00:00+00:00,2198.3,2198.3,2224.6796000000004,0.43834561786718623,964.5797515089445,974.2033752647063,9.623623755761855,0.009977012000000101,1,0.0032980030023199744,take_profit
2021-04-23 11:00:00+00:00,2021-04-23 11:00:00+00:00,2276.94,2273.588316095294,2300.8713758884373,0.5434013701126772,1236.7077137521092,1249.0463614527068,12.338647700597676,0.009977012000000257,2,0.008792502217888912,take_profit
2021-04-23 12:00:00+00:00,2021-04-23 12:00:00+00:00,2295.04,2275.8785585380006,2303.1891012404567,0.9608073987461981,2188.8698275186616,2210.7082080542536,21.838380535592023,0.009977012000000186,4,0.02481873954266594,take_profit
2021-04-23 13:00:00+00:00,2021-04-23 13:00:00+00:00,2244.09,2225.3539434735526,2252.058190795235,0.9837327251045447,2191.344843979362,2213.207917783882,21.8630738045199,0.009977011999999853,4,0.02242779924156336,take_profit
2021-04-23 14:00:00+00:00,2021-04-23 14:00:00+00:00,2235.33,2232.0395665310866,2258.8240413294598,0.5551237314738373,1240.2984314013845,1252.6729037350574,12.374472333672884,0.009977012000000075,2,0.009054591492083845,take_profit
2021-04-23 15:00:00+00:00,2021-04-23 15:00:00+00:00,2296.52,2286.3279097548957,2313.7638446719543,0.7209621072708725,1650.0057935226214,1666.4679211246662,16.462127602044802,0.009977012000000052,3,0.019790813927159274,take_profit
2021-04-23 16:00:00+00:00,2021-04-23 18:00:00+00:00,2333.69,2314.205867119765,2341.9763375252023,0.9484435880927018,2197.0908070032556,2219.0112083498166,21.920401346560993,0.009977011999999922,4,0.023473554756630145,take_profit
2021-04-23 19:00:00+00:00,2021-04-23 20:00:00+00:00,2345.68,2342.2271299631993,2370.333855522758,0.5303956532352098,1243.5506392613229,1255.957558911841,12.406919650518148,0.009977012000000209,2,0.013318099655536896,take_profit
2021-04-23 21:00:00+00:00,2021-04-23 21:00:00+00:00,2319.89,2316.4750931628896,2344.272794280844,0.5366348462877597,1244.3456011500411,1256.7604521448623,12.414850994821109,0.009977011999999947,2,0.006978779166253596,take_profit
2021-04-23 22:00:00+00:00,2021-04-23 23:00:00+00:00,2306.08,2306.08,2333.75296,0.4209178495623543,971.6418763951491,981.335959055646,9.69408266049686,0.00997701199999994,1,0.003091826823007055,take_profit
2021-04-24 00:00:00+00:00,2021-04-24 00:00:00+00:00,2367.39,2338.867353336324,2366.9337615763598,1.1749308544228008,2750.758176013055,2778.202523344235,27.44434733117987,0.00997701199999982,5,0.05169828376397631,take_profit
2021-04-24 01:00:00+00:00,2021-04-24 02:00:00+00:00,2264.44,2254.390282673513,2281.442966065595,0.7349636692240796,1658.5535075243597,1675.100915771572,16.54740824721239,0.009977011999999856,3,0.016441151013054007,take_profit
2021-04-24 03:00:00+00:00,2021-04-24 03:00:00+00:00,2285.97,2285.97,2313.40164,0.425793795254875,974.3261683070936,984.0470321802076,9.720863873114013,0.009977012000000124,1,0.0,take_profit
2021-04-24 04:00:00+00:00,2021-04-24 04:00:00+00:00,2296.81,2293.429067208987,2320.950216015495,0.5441435320613472,1249.2037969602193,1261.667118232937,12.463321272717621,0.00997701199999996,2,0.0069313526151488685,take_profit
2021-04-24 05:00:00+00:00,2021-04-24 15:00:00+00:00,2309.22,2233.6009100725873,2260.4041209934585,2.0941107703724624,4682.089812309047,4728.803078551534,46.7132662424865,0.009977012000000295,7,0.06687106468850938,take_profit
2021-04-24 16:00:00+00:00,2021-04-24 18:00:00+00:00,2250.6,2240.6117054039887,2267.4990458688367,0.7427285627215647,1665.8321437155341,1682.4521710033698,16.620027287835683,0.009977012000000044,3,0.01720874433484405,take_profit
2021-04-24 19:00:00+00:00,2021-04-24 20:00:00+00:00,2263.29,2263.29,2290.4494799999998,0.43194793428975525,978.602042240901,988.3655665595629,9.763524318661894,0.009977011999999915,1,0.006159175359763908,take_profit
2021-04-24 21:00:00+00:00,2021-04-25 11:00:00+00:00,2293.62,2265.9861446399877,2293.1779783756674,1.2214073930154148,2770.462692226004,2798.1036317518947,27.640939525890644,0.009977011999999818,5,0.048948823257557915,take_profit
2021-04-25 12:00:00+00:00,2021-04-25 12:00:00+00:00,2288.0,2288.0,2315.456,0.4280995599509158,980.4722654331285,990.2544489910221,9.782183557893518,0.009977012000000009,1,0.0035402097902097504,take_profit
2021-04-25 13:00:00+00:00,2021-04-25 14:00:00+00:00,2320.66,2317.243959713345,2345.050887229905,0.5419484411699078,1257.0838356126446,1269.625776125558,12.54194051291347,0.00997701200000007,2,0.008333836063878247,take_profit
2021-04-25 15:00:00+00:00,2021-04-25 23:00:00+00:00,2344.87,2268.083493994469,2295.3004959224027,2.075282083598477,4711.624663856011,4758.632599666798,47.007935810787785,0.009977012000000085,7,0.07542848857292724,take_profit
2021-04-26 00:00:00+00:00,2021-04-26 00:00:00+00:00,2320.44,2317.0242835560725,2344.8285749587453,0.5436449450703517,1260.8994387993112,1273.4794476310053,12.580008831694158,0.00997701200000013,2,0.007240006205719683,take_profit
2021-04-26 01:00:00+00:00,2021-04-26 01:00:00+00:00,2414.43,2414.43,2443.40316,0.40737702107740714,984.5678688687929,994.3909143113112,9.823045442518378,0.009977012000000006,1,0.0038725496286907924,take_profit
2021-04-26 02:00:00+00:00,2021-04-26 02:00:00+00:00,2447.26,2443.6576029440253,2472.9814941793534,0.5160594337542675,1262.3348937583628,1274.9292241414084,12.594330383045644,0.009977011999999789,2,0.01125340176360518,take_profit
2021-04-26 03:00:00+00:00,2021-04-26 04:00:00+00:00,2449.51,2449.51,2478.90412,0.40200001180742717,985.6887376600712,995.5229660239704,9.834228363899228,0.009977011999999844,1,0.006597237814910046,take_profit
2021-04-26 05:00:00+00:00,2021-04-26 06:00:00+00:00,2453.48,2449.8684470269222,2479.266868391245,0.5153371449157336,1263.7719828928891,1276.3806511314751,12.608668238586006,0.009977011999999886,2,0.010075484617767335,take_profit
2021-04-26 07:00:00+00:00,2021-04-26 09:00:00+00:00,2472.35,2451.7081855660144,2481.1286837928064,0.9114194647903915,2236.771333644443,2259.0876280814696,22.3162944370265,0.00997701199999995,4,0.023338119602806972,take_profit
2021-04-26 10:00:00+00:00,2021-04-26 11:00:00+00:00,2483.38,2483.38,2513.1805600000002,0.3974175400119333,987.9266972120471,997.783253725252,9.856556513204964,0.009977012000000004,1,0.006076395879809029,take_profit
2021-04-26 12:00:00+00:00,2021-04-26 16:00:00+00:00,2517.38,2496.3622271038375,2526.3185738290836,0.8965754841964632,2240.41759008547,2262.770263266764,22.352673181293994,0.00997701200000008,4,0.02628526483884041,take_profit
2021-04-26 17:00:00+00:00,2021-04-26 17:00:00+00:00,2483.52,2483.52,2513.32224,0.3980429477266441,989.5371586967719,999.4097828035354,9.87262410676351,0.009977011999999912,1,0.00031004380878752006,take_profit
2021-04-26 18:00:00+00:00,2021-04-26 22:00:00+00:00,2509.21,2478.978686091028,2508.7264303241204,1.128940338453769,2801.4204573526367,2829.3702628726905,27.949805520053815,0.009977012000000382,5,0.031567704576340776,take_profit
2021-04-26 23:00:00+00:00,2021-04-26 23:00:00+00:00,2510.18,2510.18,2540.3021599999997,0.39456805962039954,991.4282801781126,1001.3197720265889,9.891491848476335,0.009977011999999943,1,0.003294584452110997,take_profit
2021-04-27 00:00:00+00:00,2021-04-27 06:00:00+00:00,2532.06,2510.919662808373,2541.0506987620734,0.8945368287212381,2248.3584708132157,2270.7903702568206,22.431899443604834,0.00997701199999988,4,0.020445803022045284,take_profit
2021-04-27 07:00:00+00:00,2021-04-27 14:00:00+00:00,2560.39,2556.621074181677,2587.3005270718572,0.49725613130508284,1272.5680726332594,1285.2644995647381,12.696426931478754,0.009977011999999886,2,0.011373267353801527,take_profit
2021-04-27 15:00:00+00:00,2021-04-27 15:00:00+00:00,2635.65,2631.770290528763,2663.351534015108,0.4833659713488613,1273.381584432943,1286.0861277814097,12.704543348466586,0.009977012000000078,2,0.007095023997875391,take_profit
2021-04-27 16:00:00+00:00,2021-04-28 00:00:00+00:00,2663.01,2640.7763525569403,2672.4656687876236,0.8525999362545247,2253.7795293818854,2276.2655147918827,22.485985409997284,0.009977011999999938,4,0.022910165564530443,take_profit
2021-04-28 01:00:00+00:00,2021-04-28 11:00:00+00:00,2693.05,2660.6037559938954,2692.5310010658222,1.0576194920084088,2816.723115965894,2844.825596294563,28.102480328669117,0.009977012,5,0.04961289244536868,take_profit
2021-04-28 12:00:00+00:00,2021-04-28 12:00:00+00:00,2692.05,2692.05,2724.3546,0.3699214641712092,996.8439215436474,1006.7894453110154,9.945523767367945,0.009977011999999915,1,0.00397095150535839,take_profit
2021-04-28 13:00:00+00:00,2021-04-28 18:00:00+00:00,2723.56,2700.8208165834826,2733.2306663824843,0.8361826131809842,2260.6400481925684,2283.1944810810664,22.554432888498013,0.00997701200000008,4,0.024056749254651993,take_profit
2021-04-28 19:00:00+00:00,2021-04-28 20:00:00+00:00,2724.21,2701.465389690291,2733.8829743665747,0.8369283684568011,2263.196217253265,2285.7761530711555,22.5799358178906,0.009977012000000075,4,0.021532848055032413,take_profit
2021-04-28 21:00:00+00:00,2021-04-28 21:00:00+00:00,2704.46,2704.46,2736.91352,0.3692412970615826,999.597916167335,1009.5709165721115,9.973000404776485,0.00997701199999999,1,0.004777293803568946,take_profit
2021-04-28 22:00:00+00:00,2021-04-29 09:00:00+00:00,2755.66,2722.459421935032,2755.1289349982526,1.038426119603886,2829.902876175209,2858.136851129644,28.233974954435325,0.009977012000000266,5,0.03181089103880735,take_profit
2021-04-29 10:00:00+00:00,2021-04-29 12:00:00+00:00,2761.69,2761.69,2794.83028,0.36228061682171436,1001.5082649352956,1011.5003249126544,9.992059977358736,0.009977012000000111,1,0.0033023257498125754,take_profit
2021-04-29 13:00:00+00:00,2021-04-30 06:00:00+00:00,2786.58,2753.0068934395827,2786.0429761608575,1.0288662363418286,2835.3111522285217,2863.599085618039,28.287933389517548,0.009977011999999915,5,0.03788873816649797,take_profit
2021-04-30 07:00:00+00:00,2021-05-01 02:00:00+00:00,2787.49,2764.217060765429,2797.387665494614,0.8219865972968521,2274.423799768249,2297.115753311622,22.691953543373074,0.00997701199999985,4,0.02310322189496631,take_profit
2021-05-01 03:00:00+00:00,2021-05-01 05:00:00+00:00,2824.2,2824.2,2858.0904,0.35534038149512337,1004.5568622808081,1014.5793381504662,10.022475869658138,0.009977012000000167,1,0.0009383188159477503,take_profit
2021-05-01 06:00:00+00:00,2021-05-01 12:00:00+00:00,2850.31,2837.6601573047383,2871.7120791923953,0.6028236636776163,1712.3210133117545,1729.4048606094186,17.08384729766408,0.009977012000000318,3,0.015812315151685314,take_profit
2021-05-01 13:00:00+00:00,2021-05-01 16:00:00+00:00,2869.77,2865.5456629866358,2899.932210942475,0.44939740010830753,1289.057828666497,1301.9187740917966,12.860945425299633,0.009977012000000037,2,0.010770898016217277,take_profit
2021-05-01 17:00:00+00:00,2021-05-01 17:00:00+00:00,2897.98,2897.98,2932.75576,0.34698261219357224,1006.5552257104389,1016.5976392760147,10.042413565575771,0.009977012000000014,1,4.485883270419711e-05,take_profit
2021-05-01 18:00:00+00:00,2021-05-02 11:00:00+00:00,2933.17,2897.830756565461,2932.6047256442466,0.9823726593838848,2849.5993060777037,2878.0297925496334,28.430486471929726,0.009977012000000281,5,0.027584490500039156,take_profit
2021-05-02 12:00:00+00:00,2021-05-02 18:00:00+00:00,2936.03,2931.708127445284,2966.8886249746274,0.44037625649008266,1292.3469972831874,1305.2407587832458,12.893761500058417,0.00997701200000007,2,0.01166541213815935,take_profit
2021-05-02 19:00:00+00:00,2021-05-03 01:00:00+00:00,2966.54,2962.1732163470847,2997.7192949432497,0.4361257379649976,1293.1731531126356,1306.075157179318,12.902004066682366,0.009977011999999816,2,0.012876954296924975,take_profit
2021-05-03 02:00:00+00:00,2021-05-03 03:00:00+00:00,3020.64,3020.64,3056.88768,0.3339553506315418,1009.768658990651,1019.8431330186246,10.074474027973565,0.009977011999999933,1,0.004012394724296802,take_profit
2021-05-03 04:00:00+00:00,2021-05-03 05:00:00+00:00,3054.34,3054.34,3090.99208,0.330435416590608,1010.2723826920497,1020.3518823774368,10.079499685387077,0.009977011999999905,1,0.00583104696923065,take_profit
2021-05-03 06:00:00+00:00,2021-05-03 07:00:00+00:00,3102.29,3097.723390664343,3134.8960713523147,0.4177248029946635,1295.2911842815051,1308.214319970576,12.923135689070932,0.009977012000000111,2,0.006923917493206637,take_profit
2021-05-03 08:00:00+00:00,2021-05-03 08:00:00+00:00,3146.95,3146.95,3184.7133999999996,0.3210763094254157,1011.4225144607726,1021.5134890246179,10.090974563845293,0.009977011999999992,1,0.004715677084160756,take_profit
2021-05-03 09:00:00+00:00,2021-05-03 15:00:00+00:00,3184.06,3145.6979986669103,3183.446374650913,0.9093420358326832,2863.3788010235894,2891.946765681947,28.567964658357596,0.009977011999999872,5,0.03109237891245768,take_profit
2021-05-03 16:00:00+00:00,2021-05-03 16:00:00+00:00,3163.65,3163.6500000000005,3201.6138000000005,0.3199918151377241,1013.3554614218829,1023.4657210207547,10.110259598871835,0.00997701200000017,1,0.004033315948350867,take_profit
2021-05-03 17:00:00+00:00,2021-05-03 17:00:00+00:00,3254.82,3254.8199999999997,3293.8778399999997,0.31118375622228717,1013.8609744018265,1023.9762775097652,10.115303107938644,0.00997701199999993,1,0.0025316300133341432,take_profit
2021-05-03 18:00:00+00:00,2021-05-03 18:00:00+00:00,3284.33,3284.3300000000004,3323.7419600000003,0.3085415816369446,1014.3667395572236,1024.487088690187,10.120349132963383,0.009977012000000087,1,0.00334923713512345,take_profit
2021-05-03 19:00:00+00:00,2021-05-03 22:00:00+00:00,3331.07,3303.258675225346,3342.89777932805,0.6957002454025003,2300.3782492314426,2323.3291506285636,22.950901397121015,0.009977011999999966,4,0.025670430222120885,take_profit
2021-05-03 23:00:00+00:00,2021-05-03 23:00:00+00:00,3383.06,3383.06,3423.65672,0.3000255040648538,1016.020302083728,1026.157148829861,10.13684674613296,0.009977011999999981,1,0.004877241314076605,take_profit
2021-05-04 00:00:00+00:00,2021-05-04 00:00:00+00:00,3431.04,3356.062775132689,3396.335528434281,1.1117376166288933,3734.796026909875,3772.058131687907,37.26210477803215,0.009977012000000002,6,0.064423614997202,take_profit
2021-05-04 01:00:00+00:00,2021-05-04 01:00:00+00:00,3260.74,3260.74,3299.86888,0.31200643394146,1018.3902496599361,1028.5507414014764,10.16049174154034,0.00997701200000016,1,0.003444003508405934,take_profit
2021-05-04 02:00:00+00:00,2021-05-04 04:00:00+00:00,3282.13,3242.5864375560213,3281.497474806694,0.8882482231722142,2883.104746387844,2911.8695170398123,28.76477065196832,0.009977011999999947,5,0.030931133136103683,take_profit
2021-05-04 05:00:00+00:00,2021-05-04 05:00:00+00:00,3348.26,3348.2600000000007,3388.439120000001,0.30443160813880393,1020.3365127796114,1030.516422411652,10.179909632040562,0.00997701200000022,1,0.004121543727189699,take_profit
2021-05-04 06:00:00+00:00,2021-05-04 10:00:00+00:00,3379.02,3338.309093250586,3378.368802369593,0.8644274697592191,2888.614697450248,2917.434440950085,28.81974349983693,0.009977011999999806,5,0.03028096903836028,take_profit
2021-05-04 11:00:00+00:00,2021-05-04 11:00:00+00:00,3435.7,3420.4521622040716,3461.4975881505206,0.5086846804813209,1741.6732885209424,1759.0499838205951,17.376695299652738,0.009977011999999905,3,0.015545594784177856,take_profit
2021-05-04 12:00:00+00:00,2021-05-04 13:00:00+00:00,3480.01,3464.5655118292625,3506.140297971214,0.5026345629940105,1743.1535255279496,1760.5449891699845,17.391463642034978,0.009977012000000183,3,0.019255691793989158,take_profit
2021-05-04 14:00:00+00:00,2021-05-04 14:00:00+00:00,3479.98,3438.052713014477,3479.3093455706507,0.8419631223006481,2897.6112080919747,2926.520709886443,28.90950179446827,0.009977012000000049,5,0.040339312294898275,take_profit
2021-05-04 15:00:00+00:00,2021-05-04 15:00:00+00:00,3370.61,3330.0004181097947,3369.9604231271123,0.8705103008704594,2901.701367234748,2930.6516765960655,28.950309361317522,0.009977012000000013,5,0.04665624323193731,take_profit
2021-05-04 16:00:00+00:00,2021-05-04 16:00:00+00:00,3228.36,3201.406207840272,3239.8230823343556,0.7263535859165169,2327.68055959978,2350.903856475073,23.223296875293272,0.009977011999999808,4,0.02117483799824063,take_profit
2021-05-04 17:00:00+00:00,2021-05-04 17:00:00+00:00,3266.6,3266.6,3305.7992,0.31440977766670525,1028.0790587848442,1038.3362158912894,10.25715710644522,0.009977012000000122,1,0.002715361537990538,take_profit
2021-05-04 18:00:00+00:00,2021-05-04 18:00:00+00:00,3335.22,3330.3105148169666,3370.27424099477,0.3953995778544128,1318.1214931759168,1331.2724071307907,13.150913954873886,0.009977011999999882,2,0.0075467285516396575,take_profit
2021-05-04 19:00:00+00:00,2021-05-04 20:00:00+00:00,3381.23,3376.252787526632,3416.7678209769515,0.3902685150095855,1318.9641258108031,1332.123446721587,13.15932091078389,0.009977011999999999,2,0.012199702475134789,take_profit
2021-05-04 21:00:00+00:00,2021-05-05 01:00:00+00:00,3402.89,3328.5279264803894,3368.470261598154,1.1356889017109115,3783.956181319931,3821.7087575484343,37.75257622850313,0.009977012,6,0.059555260381616765,take_profit
2021-05-05 02:00:00+00:00,2021-05-05 08:00:00+00:00,3369.51,3328.913671064032,3368.8606351168005,0.8761651865685669,2919.597865544014,2948.7267284837217,29.128862939707687,0.009977012000000231,5,0.043481099625761674,take_profit
2021-05-05 09:00:00+00:00,2021-05-05 10:00:00+00:00,3352.29,3347.355387565369,3387.523652216153,0.3951682500314787,1324.0926634010498,1337.3031517929142,13.210488391864374,0.009977012000000104,2,0.008814869835247005,take_profit
2021-05-05 11:00:00+00:00,2021-05-05 14:00:00+00:00,3381.53,3340.7888524186465,3380.8783186476703,0.874842033036521,2925.58809969537,2954.776727273088,29.188627577717853,0.009977011999999983,5,0.029542840075350532,take_profit
2021-05-05 15:00:00+00:00,2021-05-05 16:00:00+00:00,3341.13,3326.3018694021275,3366.2174918349533,0.5297782003975473,1763.9661845353921,1781.565296326096,17.599111790703773,0.009977011999999973,3,0.01811063921487647,take_profit
2021-05-05 17:00:00+00:00,2021-05-05 19:00:00+00:00,3451.88,3436.560354416566,3477.799078669565,0.5132166238540203,1765.465368132378,1783.0794372958192,17.614069163441172,0.00997701200000001,3,0.01646059538570291,take_profit
2021-05-05 20:00:00+00:00,2021-05-05 22:00:00+00:00,3480.5,3465.0533371805664,3506.6339772267334,0.5094290587418073,1766.9658258759302,1784.5948651242843,17.629039248354047,0.009977011999999988,3,0.019609251544318345,take_profit
2021-05-05 23:00:00+00:00,2021-05-06 00:00:00+00:00,3521.03,3491.6326865627857,3533.532278801539,0.6731744523131254,2352.8307522077175,2376.304972856463,23.47422064874536,0.009977011999999973,4,0.020394600443620303,take_profit
2021-05-06 01:00:00+00:00,2021-05-06 10:00:00+00:00,3475.64,3433.7650019430093,3474.9701819663255,0.8554966913301247,2940.5151130805043,2969.85266764989,29.337554569385702,0.009977012000000052,5,0.02853287452095156,take_profit
2021-05-06 11:00:00+00:00,2021-05-06 12:00:00+00:00,3483.93,3483.9299999999994,3525.737159999999,0.29840252294261344,1040.6541559113705,1051.036774912748,10.382619001377407,0.009977011999999801,1,0.004552330270699949,take_profit
2021-05-06 13:00:00+00:00,2021-05-06 15:00:00+00:00,3492.12,3486.9795560720513,3528.823310744916,0.3822534719249936,1334.2442861261407,1347.5560573797525,13.311771253611823,0.009977011999999914,2,0.009197851162044801,take_profit
2021-05-06 16:00:00+00:00,2021-05-06 16:00:00+00:00,3551.26,3551.26,3593.87512,0.2930782416800503,1041.8388754241198,1052.2333143862925,10.394438962172671,0.009977011999999735,1,0.006558235668467084,take_profit
2021-05-06 17:00:00+00:00,2021-05-06 17:00:00+00:00,3538.72,3538.7199999999993,3581.1846399999995,0.2942635299698355,1042.3585973722284,1052.7582216065143,10.399624234285966,0.009977012000000072,1,0.00020346339919513268,take_profit
2021-05-06 18:00:00+00:00,2021-05-06 18:00:00+00:00,3543.44,3500.74813803643,3542.7571156928675,0.8421083293340339,2950.960126067155,2980.401890656449,29.441764589293598,0.009977012000000026,5,0.040423994762152096,take_profit
2021-05-06 19:00:00+00:00,2021-05-06 19:00:00+00:00,3457.15,3441.8069658479517,3483.108649438127,0.5164394321221043,1779.2640990154343,1797.0158382824807,17.751739267046332,0.009977012000000087,3,0.014338400127272511,take_profit
2021-05-06 20:00:00+00:00,2021-05-06 21:00:00+00:00,3482.06,3466.6064138092124,3508.205690774923,0.5131807005379737,1780.7762842122565,1798.5431105691575,17.766826356900992,0.009977011999999943,3,0.01364422209841294,take_profit
2021-05-06 22:00:00+00:00,2021-05-07 15:00:00+00:00,3516.99,3474.616811345118,3516.3122130812594,0.8510839668298903,2960.1508098232507,2989.684269974667,29.53346015141642,0.009977012000000044,5,0.046562543538650886,take_profit
2021-05-07 16:00:00+00:00,2021-05-08 04:00:00+00:00,3560.93,3518.0274160640683,3560.2437450568373,0.8417685731353318,2964.3292475187486,2993.9043959931932,29.57514847444463,0.009977011999999699,5,0.03926502346297167,take_profit
2021-05-08 05:00:00+00:00,2021-05-08 13:00:00+00:00,3562.84,3547.027907438704,3589.5922423279685,0.503389782668614,1787.3249323774555,1805.1570946756844,17.832162298228923,0.009977011999999922,3,0.01589181664065755,take_profit
2021-05-08 14:00:00+00:00,2021-05-08 16:00:00+00:00,3644.12,3638.755810187875,3682.4208799101293,0.3694054550249037,1345.5217675545186,1358.946054375671,13.424286821152464,0.009977011999999867,2,0.010685707386145367,take_profit
2021-05-08 17:00:00+00:00,2021-05-08 17:00:00+00:00,3780.8,3780.7999999999997,3826.1695999999997,0.2776116703168338,1050.644847981867,1061.1271442379202,10.482296256053132,0.009977011999999875,1,0.0053560093101989,take_profit
2021-05-08 18:00:00+00:00,2021-05-08 20:00:00+00:00,3833.74,3816.7256373746945,3862.526345023191,0.4687498512225099,1790.8804551316591,1808.748090923073,17.86763579141393,0.009977011999999948,3,0.015467924272381469,take_profit
2021-05-08 21:00:00+00:00,2021-05-08 21:00:00+00:00,3845.28,3845.28,3891.4233600000002,0.273324772770684,1052.0623445842402,1062.558783220905,10.496438636664834,0.009977011999999747,1,0.0019530437315358616,take_profit
2021-05-08 22:00:00+00:00,2021-05-08 22:00:00+00:00,3899.99,3882.681615995069,3929.27379538701,0.46140877223362625,1793.2966540644213,1811.1883963015819,17.891742237160543,0.00997701199999998,3,0.016056451426798502,take_profit
2021-05-08 23:00:00+00:00,2021-05-09 03:00:00+00:00,3875.79,3858.5890170122298,3904.8920852163765,0.4646843539877976,1794.8207654401795,1812.7277137548251,17.90694831464566,0.009977011999999891,3,0.01567938407395653,take_profit
2021-05-09 04:00:00+00:00,2021-05-09 04:00:00+00:00,3870.09,3864.3931795467747,3910.765897701336,0.3492950903392309,1351.164729485584,1364.6453162056384,13.480586720054362,0.009977011999999952,2,0.012945435377471936,take_profit
2021-05-09 05:00:00+00:00,2021-05-09 06:00:00+00:00,3897.23,3897.2299999999996,3943.9967599999995,0.27044749200054574,1055.0511303796666,1065.577388168078,10.526257788411385,0.009977011999999893,1,0.005175470783094678,take_profit
2021-05-09 07:00:00+00:00,2021-05-09 16:00:00+00:00,3962.01,3875.429687705029,3921.9348439574896,0.999732096821814,3878.2697174923496,3916.9632610030067,38.69354351065704,0.009977011999999808,6,0.059548057677794926,take_profit
2021-05-09 17:00:00+00:00,2021-05-09 21:00:00+00:00,3925.56,3892.785238712367,3939.4986615769158,0.615145788604274,2397.0274730078045,2420.942644870333,23.915171862528496,0.009977011999999981,4,0.021492474958986717,take_profit
2021-05-09 22:00:00+00:00,2021-05-10 01:00:00+00:00,3905.0,3899.251791594035,3946.042813093163,0.34759433326824096,1356.714541285408,1370.250498544387,13.535957258979124,0.009977012000000084,2,0.009649167733674734,take_profit
2021-05-10 02:00:00+00:00,2021-05-10 02:00:00+00:00,3928.23,3928.23,3975.36876,0.269415307205483,1059.3846769006952,1069.9541705347494,10.569493634054197,0.009977011999999848,1,2.545675787878581e-06,take_profit
2021-05-10 03:00:00+00:00,2021-05-10 03:00:00+00:00,3974.53,3974.5300000000007,4022.2243600000006,0.2664096732018164,1059.9131515823979,1070.4879178146934,10.574766232295588,0.009977012000000174,1,0.00015347726649443514,take_profit
2021-05-10 04:00:00+00:00,2021-05-10 05:00:00+00:00,4054.57,4054.5700000000006,4103.224840000001,0.2612808381663453,1060.4418898940128,1071.021931354788,10.580041460775192,0.00997701199999995,1,0.006276867830620823,take_profit
2021-05-10 06:00:00+00:00,2021-05-10 08:00:00+00:00,4127.83,4109.51044873267,4158.824574117462,0.4394130348749455,1807.5800381660877,1825.6142858978315,18.03424773174379,0.009977012000000153,3,0.01809183033215996,take_profit
2021-05-10 09:00:00+00:00,2021-05-10 15:00:00+00:00,4164.63,4114.453953816253,4163.827401262048,0.7295503878959971,3004.7061841710365,3034.684173826986,29.977989655949386,0.009977012000000248,5,0.04457298727618062,take_profit
2021-05-10 16:00:00+00:00,2021-05-10 16:00:00+00:00,4155.88,4155.88,4205.75056,0.2556156896572086,1063.3715038364364,1073.9807740906708,10.609270254234389,0.009977012000000203,1,0.00574366921085303,take_profit
2021-05-10 17:00:00+00:00,2021-05-10 17:00:00+00:00,4133.47,4133.47,4183.07164,0.2571297397542014,1063.9019673491482,1074.516530044214,10.614562695065842,0.009977011999999796,1,0.0032587632183130044,take_profit
2021-05-10 18:00:00+00:00,2021-05-10 19:00:00+00:00,4140.41,4090.5257597722602,4139.612068889527,0.7355871886164126,3011.9502938877795,3042.0005581133014,30.050264225521914,0.009977012000000004,5,0.041495890503597456,take_profit
2021-05-10 20:00:00+00:00,2021-05-10 20:00:00+00:00,3990.18,3822.2147535694507,3868.081330612284,1.6509633399280914,6316.653088564013,6379.674412228451,63.02132366443766,0.009977011999999594,8,0.08525429930479322,take_profit
2021-05-10 21:00:00+00:00,2021-05-10 21:00:00+00:00,3903.38,3897.6341762541156,3944.405786369165,0.35114743642120977,1370.0142633626892,1383.68291210843,13.668648745740711,0.009977012,2,0.009668543672407052,take_profit
2021-05-10 22:00:00+00:00,2021-05-10 22:00:00+00:00,4013.67,4007.7618280069723,4055.854969943056,0.3417167082472543,1370.8900693749163,1384.5674560477505,13.677386672834245,0.009977011999999908,2,0.009771605538073696,take_profit
2021-05-10 23:00:00+00:00,2021-05-10 23:00:00+00:00,4030.81,3982.2462359398273,4030.033190771105,0.7598621459323647,3028.9871576299493,3059.2073988494685,30.220241219519266,0.009977011999999792,5,0.03642444074516044,take_profit
2021-05-11 00:00:00+00:00,2021-05-11 00:00:00+00:00,3946.63,3913.6793238822975,3960.643475768885,0.620223685641091,2429.786401076688,2454.028409157667,24.24200808097885,0.009977011999999967,4,0.024484180173971238,take_profit
2021-05-11 01:00:00+00:00,2021-05-11 01:00:00+00:00,3856.28,3850.6035080379625,3896.810750134418,0.35679622545823786,1375.2560534576521,1388.9769996060716,13.720946148419443,0.00997701199999986,2,0.013297789579594894,take_profit
2021-05-11 02:00:00+00:00,2021-05-11 02:00:00+00:00,3901.5,3868.9261172511183,3915.353230658132,0.6285089729449682,2434.0888692226868,2458.373803079988,24.28493385730144,0.009977012000000108,4,0.023452518262206845,take_profit
2021-05-11 03:00:00+00:00,2021-05-11 03:00:00+00:00,3819.6,3813.9775014526444,3859.7452314700763,0.3608604280594625,1377.691245028389,1391.436487112332,13.74524208394314,0.009977011999999973,2,0.012556288616609079,take_profit
2021-05-11 04:00:00+00:00,2021-05-11 04:00:00+00:00,3855.53,3855.53,3901.7963600000003,0.2787394939148748,1075.764245218836,1086.4971580025554,10.732912783719257,0.009977011999999988,1,0.006012143596340915,take_profit
2021-05-11 05:00:00+00:00,2021-05-11 05:00:00+00:00,3907.36,3890.0189075034796,3936.6991343935215,0.47091393635821666,1833.6978140544074,1851.9926391496022,18.29482509519471,0.009977012000000065,3,0.016671102739445644,take_profit
2021-05-11 06:00:00+00:00,2021-05-11 06:00:00+00:00,3876.91,3876.9099999999994,3923.4329199999993,0.27757632147268546,1077.2156321127816,1087.9630254009583,10.747393288176681,0.009977011999999882,1,0.0015244099037635267,take_profit
2021-05-11 07:00:00+00:00,2021-05-11 09:00:00+00:00,3943.26,3937.455472399768,3984.7049380685653,0.35041396723002094,1381.1205133885476,1394.8999693240712,13.779455935523629,0.009977011999999948,2,0.010567398548409202,take_profit
2021-05-11 10:00:00+00:00,2021-05-11 10:00:00+00:00,4013.69,4013.6899999999996,4061.8542799999996,0.2684222081424805,1078.4419745739665,1089.2016030955947,10.759628521628201,0.00997701200000004,1,0.002663384566321777,take_profit
2021-05-11 11:00:00+00:00,2021-05-11 16:00:00+00:00,4039.4,3990.732742415381,4038.6215353243656,0.7642858433498841,3053.113653274209,3083.57460483029,30.460951556081,0.009977012000000124,5,0.03605238401742836,take_profit
2021-05-11 17:00:00+00:00,2021-05-11 18:00:00+00:00,4012.35,4012.3499999999995,4060.4981999999995,0.2690250104238848,1080.503003577852,1091.2831950105842,10.780191432732181,0.009977011999999915,1,0.001791967300958305,take_profit
2021-05-11 19:00:00+00:00,2021-05-11 20:00:00+00:00,4055.99,4055.9900000000002,4104.661880000001,0.26626322331572294,1081.0420131494886,1091.8275822871854,10.785569137696712,0.009977012000000098,1,0.0058037618435942805,take_profit
2021-05-11 21:00:00+00:00,2021-05-11 23:00:00+00:00,4134.79,4128.703537865583,4178.247980319969,0.3353692888858513,1386.0263959103895,1399.854797894704,13.828401984314496,0.009977011999999848,2,0.0132509752611378,take_profit
2021-05-12 00:00:00+00:00,2021-05-12 02:00:00+00:00,4173.46,4173.46,4223.54152,0.25906332850773295,1082.2727117055888,1093.0705595375478,10.797847831958961,0.00997701199999978,1,0.006431114710575912,take_profit
2021-05-12 03:00:00+00:00,2021-05-12 03:00:00+00:00,4268.51,4268.51,4319.732120000001,0.2534209341182496,1082.812604097187,1093.6158384420157,10.803234344828752,0.009977011999999879,1,0.005236019126112007,take_profit
2021-05-12 04:00:00+00:00,2021-05-12 06:00:00+00:00,4332.12,4312.893797749369,4364.648523322361,0.42752418535748693,1845.7121195356926,1864.1268115008456,18.414691965152997,0.009977011999999976,3,0.013566106202044155,take_profit
2021-05-12 07:00:00+00:00,2021-05-12 08:00:00+00:00,4294.47,4258.615184608847,4309.718566824153,0.576532231230467,2457.6866009354217,2482.206969645193,24.520368709771446,0.00997701199999981,4,0.026655210072488632,take_profit
2021-05-12 09:00:00+00:00,2021-05-12 14:00:00+00:00,4308.55,4272.577629753251,4323.84856131029,0.5752979403727676,2460.4655760558626,2485.013670633759,24.548094577896336,0.009977012000000033,4,0.02055215791855733,take_profit
2021-05-12 15:00:00+00:00,2021-05-12 15:00:00+00:00,4317.14,4265.126491952056,4316.308009855481,0.7202505420095265,3075.0347022699293,3105.7143603948925,30.679658124963225,0.009977011999999907,5,0.04425151836632584,take_profit
2021-05-12 16:00:00+00:00,2021-05-12 16:00:00+00:00,4188.94,4138.471063527624,4188.132716289956,0.7433411719507867,3079.375305752795,3110.0982701307953,30.722964378000142,0.009977012000000271,5,0.0294227179190916,take_profit
2021-05-12 17:00:00+00:00,2021-05-12 17:00:00+00:00,4145.66,4139.557537090838,4189.232227535928,0.3370307519412463,1396.5547441739532,1410.4881876152333,13.933443441280133,0.009977011999999764,2,0.009219279921653067,take_profit
2021-05-12 18:00:00+00:00,2021-05-12 18:00:00+00:00,4144.11,4094.1811816534637,4143.311355833305,0.7529240965059798,3085.6933604887076,3116.4793601746237,30.785999685916067,0.00997701199999997,5,0.04426040814553659,take_profit
2021-05-12 19:00:00+00:00,2021-05-12 19:00:00+00:00,4012.14,3994.333887727522,4042.265894380252,0.46531919062247606,1860.5007124257245,1879.0629503596042,18.562237933879715,0.009977011999999846,3,0.01967528550848177,take_profit
2021-05-12 20:00:00+00:00,2021-05-12 21:00:00+00:00,4084.45,4078.4376389695917,4127.3788906372265,0.34307471970761955,1400.609459293792,1414.5833566764798,13.97389738268771,0.009977012000000025,2,0.012550037336728267,take_profit
2021-05-12 22:00:00+00:00,2021-05-12 22:00:00+00:00,4124.67,4074.9753974992445,4123.875102269236,0.7586690264649734,3094.6522699594293,3125.527652792642,30.875382833212825,0.009977012000000117,5,0.04234763023466121,take_profit
2021-05-12 23:00:00+00:00,2021-05-12 23:00:00+00:00,4233.85,4055.6275492333752,4104.295079824175,1.598668824902497,6490.095423798912,6554.847183723299,64.75175992438744,0.009977012000000094,8,0.12571772736398323,take_profit
2021-05-13 00:00:00+00:00,2021-05-13 00:00:00+00:00,3810.15,3649.7630541260405,3693.560210775553,1.78169699042829,6509.281130443174,6574.224306392979,64.94317594980475,0.009977011999999945,8,0.08140099471149433,take_profit
2021-05-13 01:00:00+00:00,2021-05-13 01:00:00+00:00,3896.36,3896.36,3943.11632,0.2824653423221203,1101.6883495597763,1112.6799074435946,10.99155788381836,0.009977012000000252,1,0.002266217700623127,take_profit
2021-05-13 02:00:00+00:00,2021-05-13 05:00:00+00:00,3999.03,3950.8491258358617,3998.259315345892,0.7886421561764088,3118.9250984252994,3150.042651559389,31.117553134089576,0.009977011999999738,5,0.03479093680217455,take_profit
2021-05-13 06:00:00+00:00,2021-05-13 09:00:00+00:00,3987.99,3820.1169408616747,3865.958344152015,1.710539082288211,6541.000326581759,6606.259965332069,65.25963875031084,0.00997701200000011,8,0.08567975345976284,take_profit
2021-05-13 10:00:00+00:00,2021-05-13 10:00:00+00:00,3725.28,3680.397304219728,3724.562071870365,0.8502962769915621,3132.56068631413,3163.814281872215,31.253595558084726,0.009977012000000132,5,0.033629686896018605,take_profit
2021-05-13 11:00:00+00:00,2021-05-13 11:00:00+00:00,3637.12,3631.766114274646,3675.347307645942,0.3907891083218126,1420.6753167475106,1434.8494114308041,14.17409468329356,0.009977011999999893,2,0.011300149568889646,take_profit
2021-05-13 12:00:00+00:00,2021-05-13 12:00:00+00:00,3744.46,3738.948108464071,3783.81548576564,0.3798292685626043,1421.583508740181,1435.766664465884,14.183155725703045,0.009977012000000108,2,0.011873541178167222,take_profit
2021-05-13 13:00:00+00:00,2021-05-13 13:00:00+00:00,3807.84,3790.9405830914093,3836.4318700885065,0.4983680153085267,1891.1747092570718,1910.042982025426,18.868272768354245,0.009977011999999962,3,0.015171330728181852,take_profit
2021-05-13 14:00:00+00:00,2021-05-13 15:00:00+00:00,3856.89,3810.421648486027,3856.1467082678596,0.8241923477202814,3143.6640282981816,3175.028402032481,31.364373734299534,0.009977012000000075,5,0.0341959454379046,take_profit
2021-05-13 16:00:00+00:00,2021-05-13 16:00:00+00:00,3747.01,3730.3805501936376,3775.1451167959613,0.5076046015377436,1895.4537865517416,1914.3647517256138,18.910965173872228,0.009977012000000033,3,0.01989853242985751,take_profit
2021-05-13 17:00:00+00:00,2021-05-13 17:00:00+00:00,3693.39,3648.8915194111855,3692.6782176441197,0.8626253381133925,3150.777057728893,3182.2123982431795,31.43534051428651,0.009977012000000207,5,0.041122112747367504,take_profit
2021-05-13 18:00:00+00:00,2021-05-13 18:00:00+00:00,3699.4,3654.8291100884935,3698.6870594095553,0.8624395988854134,3155.2245762757284,3186.7042897359265,31.479713460198127,0.009977012000000085,5,0.03497053576255606,take_profit
2021-05-13 19:00:00+00:00,2021-05-13 19:00:00+00:00,3585.69,3585.6900000000005,3628.7182800000005,0.3111043125218474,1116.6402626290921,1127.7809959290257,11.140733299933572,0.009977011999999971,1,0.0005800836101280164,take_profit
2021-05-13 20:00:00+00:00,2021-05-13 20:00:00+00:00,3650.3,3644.926713151269,3688.665833709084,0.39239087507462206,1431.6676502064988,1445.9514155326208,14.283765326121966,0.009977011999999947,2,0.011026490973344657,take_profit
2021-05-13 21:00:00+00:00,2021-05-13 21:00:00+00:00,3715.26,3709.7910912260318,3754.308584320744,0.38577651710890365,1432.5828692440616,1446.875765721504,14.292896477442355,0.009977011999999945,2,0.007253866485791108,take_profit
2021-05-13 22:00:00+00:00,2021-05-13 22:00:00+00:00,3753.39,3722.052697482808,3766.717329852602,0.680543028282214,2535.5525667376714,2560.849805122644,25.29723838497239,0.009977011999999936,4,0.02452449652181088,take_profit
2021-05-13 23:00:00+00:00,2021-05-13 23:00:00+00:00,3663.51,3647.25112808343,3691.0181416204314,0.522600283163442,1907.9624347393228,1926.9981988462666,19.035764106943816,0.009977012000000196,3,0.01487917325188145,take_profit
2021-05-14 00:00:00+00:00,2021-05-14 00:00:00+00:00,3717.92,3712.447175673058,3756.996541781135,0.386511339358708,1436.3392694372837,1450.6696435645308,14.330374127247069,0.009977012000000039,2,0.007146468993415717,take_profit
2021-05-14 01:00:00+00:00,2021-05-14 01:00:00+00:00,3822.54,3822.5399999999995,3868.4104799999996,0.29311341200197,1121.5593012152256,1132.7491118221615,11.189810606935907,0.009977011999999988,1,0.005132712803528516,take_profit
2021-05-14 02:00:00+00:00,2021-05-14 07:00:00+00:00,3867.96,3821.3582755738466,3867.214574880733,0.8300727573182207,3175.180581087471,3206.8593958471483,31.678814759677152,0.009977012000000151,5,0.029690069183755816,take_profit
2021-05-14 08:00:00+00:00,2021-05-14 08:00:00+00:00,3882.09,3876.375515398025,3922.8920215828016,0.3711106502481707,1440.0042423678165,1454.3711819739715,14.366939606155029,0.009977012000000288,2,0.0066742399068543765,take_profit
2021-05-14 09:00:00+00:00,2021-05-14 10:00:00+00:00,3934.92,3934.9200000000005,3982.1390400000005,0.2854687410123713,1124.421079463864,1135.6394420667282,11.21836260286409,0.009977012000000146,1,0.0059670844642330766,take_profit
2021-05-14 11:00:00+00:00,2021-05-14 13:00:00+00:00,3989.99,3984.116685260508,4031.926085483634,0.3614858868586772,1441.6435969167646,1456.0268923829265,14.383295466161826,0.009977012000000072,2,0.009949899623808536,take_profit
2021-05-14 14:00:00+00:00,2021-05-14 15:00:00+00:00,4062.85,4056.869434437342,4105.55186765059,0.3552302215667708,1442.565193255893,1456.9576834997893,14.39249024389619,0.00997701199999988,2,0.008484192131139422,take_profit
2021-05-14 16:00:00+00:00,2021-05-14 16:00:00+00:00,4131.3,4112.965048669466,4162.3206292535,0.4661280017171858,1919.0872665354616,1938.234023222733,19.146756687271363,0.00997701199999993,3,0.015421295960109417,take_profit
2021-05-14 17:00:00+00:00,2021-05-15 00:00:00+00:00,4111.95,4062.4086498427796,4111.157553640893,0.7844785588137505,3190.062545486665,3221.8898377837354,31.82729229707047,0.009977011999999834,5,0.035231459526502,take_profit
2021-05-15 01:00:00+00:00,2021-05-15 01:00:00+00:00,4032.96,4032.9599999999996,4081.3555199999996,0.27965576644434825,1128.9694893287274,1140.2332314713938,11.263742142666388,0.009977011999999825,1,0.0021026739665159135,take_profit
2021-05-15 02:00:00+00:00,2021-08-11 07:00:00+00:00,4111.92,3204.8766855049134,3243.3352057309726,7.041788215209596,22590.653528717205,22816.040750061064,225.38722134385898,0.009977012000000226,13,0.5864510982703943,take_profit
2021-08-11 08:00:00+00:00,2021-08-11 14:00:00+00:00,3231.75,3226.9928239395704,3265.7167378268455,0.4525745324182221,1461.9166850965055,1476.5022454067139,14.585560310208393,0.009977012000000231,2,0.008571207550088904,take_profit
2021-08-11 15:00:00+00:00,2021-08-13 06:00:00+00:00,3255.87,3118.81527893583,3156.2410622830603,2.1668052717042436,6764.630017887785,6832.120812751812,67.49079486402752,0.00997701200000013,8,0.08494810910755034,take_profit
2021-08-13 07:00:00+00:00,2021-08-13 07:00:00+00:00,3184.53,3184.53,3222.74436,0.35916161863964324,1144.905855261765,1156.3285947185818,11.422739456816771,0.009977011999999893,1,0.0,take_profit
2021-08-13 08:00:00+00:00,2021-08-13 20:00:00+00:00,3222.99,3208.6861816404517,3247.190415820137,0.6076012830231216,1951.5533941774768,1971.024065809826,19.470671632349195,0.009977011999999886,3,0.0134967840421472,take_profit
2021-08-13 21:00:00+00:00,2021-08-13 23:00:00+00:00,3280.91,3280.91,3320.2809199999997,0.3490812229809435,1146.4505258162235,1157.8886764696983,11.43815065347485,0.009977012000000068,1,0.003258242377876886,take_profit
2021-08-14 00:00:00+00:00,2021-08-15 22:00:00+00:00,3322.33,3249.7283738186047,3288.725114304428,1.295502471308634,4214.24538474854,4256.29096152312,42.045576774579786,0.009977011999999758,6,0.06356984405522625,take_profit
2021-08-15 23:00:00+00:00,2021-08-17 11:00:00+00:00,3302.0,3229.842637651598,3268.600749303417,1.3058677517119424,4221.969312926389,4264.091951425087,42.12263849869851,0.00997701200000004,6,0.05644155057540881,take_profit
2021-08-17 12:00:00+00:00,2021-08-19 19:00:00+00:00,3257.71,3120.5778247725,3158.02475866977,2.183982255800082,6822.108705852211,6890.172966275802,68.0642604235909,0.00997701199999984,8,0.09445592149086322,take_profit
2021-08-19 20:00:00+00:00,2021-08-19 23:00:00+00:00,3147.59,3147.59,3185.36108,0.36646431812167624,1154.6340571337407,1166.1538549773727,11.519797843631977,0.009977011999999966,1,0.001772784892568577,take_profit
2021-08-20 00:00:00+00:00,2021-08-20 00:00:00+00:00,3184.11,3184.11,3222.31932,0.36244188705129415,1155.2100470259222,1166.7355915276203,11.52554450169805,0.009977011999999879,1,0.002182713536906788,take_profit
2021-08-20 01:00:00+00:00,2021-08-20 14:00:00+00:00,3229.66,3224.9059004454775,3263.6047712508234,0.4588157602061341,1481.1187710772165,1495.8959108296792,14.777139752462745,0.00997701200000007,2,0.01288061281992529,take_profit
2021-08-20 15:00:00+00:00,2021-08-21 08:00:00+00:00,3281.66,3267.095800744714,3306.3009503536505,0.6024940737946719,1970.3762347028514,1990.0347020409963,19.658467338144874,0.009977011999999853,3,0.019307301792385462,take_profit
2021-08-21 09:00:00+00:00,2021-08-23 02:00:00+00:00,3286.91,3247.308847445793,3286.276553615143,1.0076170958215434,3275.319229328261,3307.9971285831,32.6778992548393,0.00997701200000015,5,0.048827013821491856,take_profit
2021-08-23 03:00:00+00:00,2021-08-23 03:00:00+00:00,3295.75,3295.75,3335.299,0.3513564006883748,1159.1419995682795,1170.7067732076764,11.56477363939689,0.009977012000000146,1,0.0,take_profit
2021-08-23 04:00:00+00:00,2021-08-23 14:00:00+00:00,3340.22,3335.303154754987,3375.326792612047,0.4451391013411594,1486.160009016986,1500.9874452608685,14.82743624388263,0.009977012000000037,2,0.013065007694103944,take_profit
2021-08-23 15:00:00+00:00,2021-08-23 16:00:00+00:00,3310.73,3310.73,3350.45876,0.35016481212674566,1160.461610062443,1172.0395494715754,11.577939409132341,0.009977012000000023,1,0.0032409770654810324,take_profit
2021-08-23 17:00:00+00:00,2021-08-26 00:00:00+00:00,3351.32,3210.2473442131372,3248.770312343695,2.14106860458115,6880.240041676441,6948.884279135127,68.6442374586859,0.009977011999999933,8,0.0809591444565127,take_profit
2021-08-26 01:00:00+00:00,2021-08-27 14:00:00+00:00,3246.32,3175.3793917205144,3213.4839444211607,1.3460063004175855,4278.3590264984705,4321.044265846155,42.68523934768473,0.009977012000000273,6,0.059458094088075106,take_profit
2021-08-27 15:00:00+00:00,2021-08-27 20:00:00+00:00,3228.84,3228.84,3267.58608,0.36094708127139935,1166.6069808732184,1178.246232720674,11.639251847455625,0.00997701199999979,1,0.00290506807398326,take_profit
2021-08-27 21:00:00+00:00,2021-08-30 16:00:00+00:00,3262.4,3223.094147362464,3261.7712771308134,1.0236777315637893,3302.7124178063386,3335.6636192313417,32.95120142500309,0.009977012000000072,5,0.03659882295242769,take_profit
2021-08-30 17:00:00+00:00,2021-08-30 18:00:00+00:00,3268.61,3268.61,3307.83332,0.3572367664032432,1168.8365035368415,1180.497999358667,11.661495821825383,0.009977012000000233,1,0.003937453535294925,take_profit
2021-08-30 19:00:00+00:00,2021-08-31 07:00:00+00:00,3323.76,3283.71487347887,3323.119451960616,1.006699848003314,3309.0242883057062,3342.038463338423,33.014175032716594,0.009977011999999728,5,0.040613642380918066,take_profit
2021-08-31 08:00:00+00:00,2021-08-31 11:00:00+00:00,3358.11,3343.206511167773,3383.3249893017864,0.5961826234638494,1995.1567853948209,2015.0624885845866,19.905703189765745,0.009977012000000096,3,0.01424908653975001,take_profit
2021-08-31 12:00:00+00:00,2021-08-31 14:00:00+00:00,3429.9,3414.6779029437225,3455.654037779047,0.5842002263906507,1996.8524564072825,2016.7750773270873,19.922620919804785,0.009977011999999926,3,0.01710253943263661,take_profit
2021-08-31 15:00:00+00:00,2021-08-31 18:00:00+00:00,3377.58,3372.608160371877,3413.07945829634,0.4452795940516044,1503.2568493949127,1518.2548610204078,14.99801162549511,0.009977011999999915,2,0.011419418637012213,take_profit
2021-08-31 19:00:00+00:00,2021-09-01 04:00:00+00:00,3413.1,3408.0758744915743,3448.972784985473,0.44092727703541645,1504.2178331027685,1519.2254324742487,15.007599371480183,0.00997701199999991,2,0.012331897688318447,take_profit
2021-09-01 05:00:00+00:00,2021-09-01 05:00:00+00:00,3461.0,3461.0000000000005,3502.5320000000006,0.33903132674113307,1174.5619838348964,1186.280602842361,11.718619007464667,0.009977012000000085,1,0.0018751805836462819,take_profit
2021-09-01 06:00:00+00:00,2021-09-01 14:00:00+00:00,3525.84,3520.6499198140614,3562.89771885183,0.42731438648337866,1505.9302907989008,1520.9549753813649,15.024684582464033,0.00997701199999994,2,0.007277698364077868,take_profit
2021-09-01 15:00:00+00:00,2021-09-01 15:00:00+00:00,3529.5,3529.5,3571.854,0.3328299333801894,1175.8991490143928,1187.6311089348992,11.73195992050637,0.009977011999999987,1,2.8332625018326332e-06,take_profit
2021-09-01 16:00:00+00:00,2021-09-01 16:00:00+00:00,3580.56,3580.56,3623.52672,0.32824733037944004,1176.4857470104182,1188.2235594261701,11.737812415751932,0.009977012000000021,1,0.0013098509730321665,take_profit
2021-09-01 17:00:00+00:00,2021-09-01 21:00:00+00:00,3741.58,3724.97464885162,3769.674344637839,0.5378231580357029,2005.3830122605723,2025.3907426384922,20.00773037791987,0.009977011999999997,3,0.0160066068345458,take_profit
2021-09-01 22:00:00+00:00,2021-09-01 23:00:00+00:00,3768.7,3768.7000000000003,3813.9244000000003,0.3122814103340546,1178.0730241501017,1189.8266728489236,11.753648698821962,0.009977012000000092,1,0.004492265237349706,take_profit
2021-09-02 00:00:00+00:00,2021-09-02 14:00:00+00:00,3826.82,3780.713936062293,3826.0825032950406,0.8812721993044493,3335.173258633232,3368.4483222566946,33.275063623462756,0.00997701199999997,5,0.028687003830857004,take_profit
2021-09-02 15:00:00+00:00,2021-09-02 17:00:00+00:00,3764.43,3758.888712376525,3803.9953769250433,0.40199417674096566,1512.5639373300396,1527.6548058835488,15.090868553509154,0.009977012000000066,2,0.006691584117648636,take_profit
2021-09-02 18:00:00+00:00,2021-09-03 03:00:00+00:00,3798.76,3767.0439003380397,3812.2484271420963,0.709955966956545,2677.1124072394873,2703.821989851864,26.709582612376835,0.009977011999999844,4,0.024668576061662235,take_profit
2021-09-03 04:00:00+00:00,2021-09-03 08:00:00+00:00,3806.83,3801.2262990509394,3846.841014639551,0.3982207059468609,1515.2422625343727,1530.3598527705853,15.117590236212664,0.00997701200000005,2,0.0073394399014403205,take_profit
2021-09-03 09:00:00+00:00,2021-09-03 09:00:00+00:00,3890.18,3890.18,3936.8621599999997,0.30383868907723677,1183.1703618363213,1194.9748667344063,11.804504898085042,0.009977011999999766,1,0.0033905886102956815,take_profit
2021-09-03 10:00:00+00:00,2021-09-03 14:00:00+00:00,3966.62,3960.7810861902003,4008.3104592244827,0.38261400228990383,1516.967270852237,1532.1020715171373,15.13480066490024,0.009977012000000144,2,0.011180803807775867,take_profit
2021-09-03 15:00:00+00:00,2021-09-05 21:00:00+00:00,3979.37,3931.425992272489,3978.603104179759,0.8516995072191875,3351.7453256127974,3385.18572894738,33.4404033345827,0.009977011999999973,5,0.0375360923965351,take_profit
2021-09-05 22:00:00+00:00,2021-09-06 22:00:00+00:00,3951.35,3918.35991628866,3965.380235284124,0.6854927100539667,2688.695853837385,2715.521004635471,26.825150798085815,0.009977011999999992,4,0.022030445290849895,take_profit
2021-09-06 23:00:00+00:00,2021-09-07 14:00:00+00:00,3939.99,3621.849814183064,3665.312011953261,3.2318434684296418,11716.968634234887,11833.868970902267,116.90033666738054,0.009977011999999614,10,0.13881507313470334,take_profit
2021-09-07 15:00:00+00:00,2021-09-07 15:00:00+00:00,3399.09,3256.006482592361,3295.0785603834693,2.169769537611501,7071.8555357302075,7142.411523272454,70.55598754224684,0.009977012000000018,8,0.1159398544904666,take_profit
2021-09-07 16:00:00+00:00,2021-09-07 16:00:00+00:00,3453.89,3438.5614339188587,3479.824171125885,0.5924365935419925,2039.1687913871447,2059.51360288884,20.344811501695403,0.009977012000000179,3,0.014155054156328046,take_profit
2021-09-07 17:00:00+00:00,2021-09-07 17:00:00+00:00,3559.83,3516.940669018306,3559.1439570465254,0.9628488066518781,3389.6717980277617,3423.4905942327455,33.818796204983755,0.009977011999999764,5,0.040077756522081134,take_profit
2021-09-07 18:00:00+00:00,2021-09-07 18:00:00+00:00,3423.4,3394.817805920154,3435.555619591196,0.800160911584532,2719.1196298783498,2746.248319055081,27.128689176731314,0.009977011999999801,4,0.024358824560378533,take_profit
2021-09-07 19:00:00+00:00,2021-09-07 22:00:00+00:00,3445.49,3403.978253370493,3444.825992410939,0.9973320012993869,3398.294738552138,3432.199565938209,33.90482738607125,0.009977011999999914,5,0.037300935425730444,take_profit
2021-09-07 23:00:00+00:00,2021-09-08 00:00:00+00:00,3435.89,3420.6413189729456,3461.689014800621,0.5984061779636358,2048.9818797508415,2069.424596552898,20.442716802056566,0.009977011999999933,3,0.01711638032649472,take_profit
2021-09-08 01:00:00+00:00,2021-09-08 01:00:00+00:00,3458.61,3453.5188832074377,3494.961109805927,0.44619940354878496,1542.5005663980228,1557.8901130589825,15.389546660959695,0.009977011999999886,2,0.009717776794723928,take_profit
2021-09-08 02:00:00+00:00,2021-09-08 11:00:00+00:00,3523.01,3374.710113070768,3415.2066344276172,2.112884577451195,7137.510461737541,7208.721489264423,71.21102752688239,0.009977012000000196,8,0.0873826642558495,take_profit
2021-09-08 12:00:00+00:00,2021-09-08 12:00:00+00:00,3406.26,3406.26,3447.1351200000004,0.3542910483500261,1208.0154417945546,1220.0678263535242,12.052384558969607,0.009977012000000028,1,0.0041218227616213726,take_profit
2021-09-08 13:00:00+00:00,2021-09-08 13:00:00+00:00,3405.39,3400.377223707147,3441.1817503916327,0.4550297628550005,1548.8216633843924,1564.2742757058386,15.452612321446168,0.00997701200000008,2,0.013029344656559128,take_profit
2021-09-08 14:00:00+00:00,2021-09-08 15:00:00+00:00,3406.58,3391.46139846935,3432.1589352509823,0.6069309702589726,2060.4434005694247,2081.000469102226,20.557068532801168,0.009977011999999617,3,0.015960288617910014,take_profit
2021-09-08 16:00:00+00:00,2021-09-08 16:00:00+00:00,3419.44,3419.44,3460.47328,0.3536275315607673,1210.4185450652155,1222.4949054143538,12.076360349138213,0.009977012000000014,1,0.005685141426666371,take_profit
2021-09-08 17:00:00+00:00,2021-09-08 18:00:00+00:00,3489.49,3484.3534274646518,3526.1656685942276,0.444946490501835,1551.9027319503875,1567.386084129889,15.48335217950148,0.009977011999999794,2,0.011953036117025579,take_profit
2021-09-08 19:00:00+00:00,2021-09-08 22:00:00+00:00,3536.15,3493.545968978598,3535.4685206063414,0.9805242190531869,3428.9353683274758,3463.1458976445037,34.21052931702798,0.009977012000000096,5,0.026780538155904095,take_profit
2021-09-08 23:00:00+00:00,2021-09-09 08:00:00+00:00,3535.83,3493.2298243834666,3535.1485822760683,0.9819971549619557,3433.7755246975144,3468.0343443127276,34.25881961521327,0.009977011999999962,5,0.030782022891372083,take_profit
2021-09-09 09:00:00+00:00,2021-09-09 13:00:00+00:00,3528.85,3486.333920402167,3528.1699274469934,0.9853284192413112,3438.6225132504815,3472.929691328651,34.30717807816973,0.009977011999999858,5,0.03923374470436539,take_profit
2021-09-09 14:00:00+00:00,2021-09-09 16:00:00+00:00,3511.65,3511.6500000000005,3553.7898000000005,0.3461957830891819,1216.9353570421679,1229.076735702602,12.141378660434157,0.009977012000000134,1,0.003317528797004283,take_profit
2021-09-09 17:00:00+00:00,2021-09-12 08:00:00+00:00,3539.87,3390.860397204611,3431.5507219710667,2.1256702775835885,7215.066228001122,7287.051030338686,71.98480233756436,0.009977012000000337,8,0.11013681293380828,take_profit
2021-09-12 09:00:00+00:00,2021-09-12 23:00:00+00:00,3439.76,3398.3172892139255,3439.0970966844925,1.0157742694201255,3455.378640349407,3489.8529945087153,34.474354159308405,0.00997701199999962,5,0.03968881549875585,take_profit
2021-09-13 00:00:00+00:00,2021-09-13 13:00:00+00:00,3404.3,3292.820769853071,3332.334619091308,1.780808764960375,5869.7538422401585,5928.316446761235,58.56260452107654,0.009977012000000063,7,0.06974708456951503,take_profit
2021-09-13 14:00:00+00:00,2021-09-13 14:00:00+00:00,3312.96,3240.5631328995273,3279.4498904943216,1.3883860086551332,4503.6561700514,4548.589201703877,44.93303165247653,0.009977011999999926,6,0.06171822177146728,take_profit
2021-09-13 15:00:00+00:00,2021-09-13 15:00:00+00:00,3180.74,3180.74,3218.90888,0.38570022241462754,1228.040165608711,1240.2923370774713,12.252171468760253,0.009977012000000127,1,0.0026251752736784237,take_profit
2021-09-13 16:00:00+00:00,2021-09-13 19:00:00+00:00,3202.63,3202.63,3241.06156,0.3832550501956101,1228.652774182149,1240.9110576539977,12.2582834718487,0.009977012000000089,1,0.005735910798312602,take_profit
2021-09-13 20:00:00+00:00,2021-09-13 20:00:00+00:00,3253.7,3253.7,3292.7444,0.37742767393041327,1229.2656883557413,1241.5300868796548,12.264398523913542,0.00997701200000004,1,3.0734241017191294e-06,take_profit
2021-09-13 21:00:00+00:00,2021-09-14 00:00:00+00:00,3288.35,3283.5095080379624,3322.911622134418,0.47951467005903736,1576.0670454279634,1591.791485253003,15.724439825039553,0.009977012000000137,2,0.007538735231955225,take_profit
2021-09-14 01:00:00+00:00,2021-09-14 08:00:00+00:00,3315.44,3310.5596312221573,3350.286346796823,0.47590065586406927,1577.074574350086,1592.8090663032717,15.734491953185625,0.009977011999999952,2,0.013129479043505598,take_profit
2021-09-14 09:00:00+00:00,2021-09-14 15:00:00+00:00,3343.7,3328.8604635916286,3368.806789154728,0.6296241851870257,2098.0290860762593,2118.961147444392,20.93206136813251,0.009977012000000304,3,0.015452941352393942,take_profit
2021-09-14 16:00:00+00:00,2021-09-14 22:00:00+00:00,3388.55,3373.5114166651942,3413.9935536651765,0.6218186679463665,2099.8121876002115,2120.762038993645,20.94985139343362,0.009977012000000028,3,0.017266972598899297,take_profit
2021-09-14 23:00:00+00:00,2021-09-15 14:00:00+00:00,3419.54,3404.363881230409,3445.2162478051737,0.6167070504247598,2101.596804570763,2122.564461109128,20.967656538364736,0.009977012000000274,3,0.01806090877720388,take_profit
2021-09-15 15:00:00+00:00,2021-09-15 15:00:00+00:00,3435.46,3435.46,3476.68552,0.35900861573195686,1234.5943333358443,1246.911895814668,12.317562478823675,0.009977011999999964,1,0.0012400086160223721,take_profit
2021-09-15 16:00:00+00:00,2021-09-15 17:00:00+00:00,3498.07,3498.07,3540.0468400000004,0.35275880735614945,1235.2102114597856,1247.5339185620426,12.323707102257003,0.00997701200000015,1,0.0007489844399912939,take_profit
2021-09-15 18:00:00+00:00,2021-09-15 22:00:00+00:00,3539.54,3539.54,3582.01448,0.3487997226809369,1235.8263968148983,1248.156251605837,12.329854790938725,0.009977011999999777,1,0.005757810336936469,take_profit
2021-09-15 23:00:00+00:00,2021-09-16 04:00:00+00:00,3593.75,3577.8007270486037,3620.734335773187,0.5881897731508505,2106.532330352018,2127.5492286903286,21.01689833831051,0.009977012000000219,3,0.019197217391304287,take_profit
2021-09-16 05:00:00+00:00,2021-09-18 10:00:00+00:00,3650.59,3496.9196771155957,3538.882713240983,2.0949760316236987,7333.296204274731,7406.460588504335,73.16438422960346,0.009977012000000002,8,0.08232093990286501,take_profit
2021-09-18 11:00:00+00:00,2021-10-01 10:00:00+00:00,3523.24,3151.4571672360403,3189.274653242873,4.767915670338707,15040.922935000945,15190.986403614526,150.0634686135818,0.009977012000000143,11,0.24728375018448923,take_profit
2021-10-01 11:00:00+00:00,2021-10-01 11:00:00+00:00,3205.78,3205.78,3244.2493600000003,0.38911168950658076,1248.6551271135202,1261.1129743005931,12.457847187072957,0.009977011999999872,1,0.0018029933432737741,take_profit
2021-10-01 12:00:00+00:00,2021-10-01 12:00:00+00:00,3235.48,3235.48,3274.30576,0.38573217620056394,1249.2780194728737,1261.7420812644907,12.464061791617041,0.009977011999999957,1,0.005402598687057258,take_profit
2021-10-01 13:00:00+00:00,2021-10-01 16:00:00+00:00,3221.69,3207.391951116581,3245.88065452998,0.663259094374392,2129.461342143441,2150.7070035075426,21.24566136410158,0.00997701200000017,3,0.014051631286684933,take_profit
2021-10-01 17:00:00+00:00,2021-10-01 19:00:00+00:00,3276.55,3271.726877784234,3310.987600317645,0.48949180042588697,1603.0865664748453,1619.0805803856038,15.99401391075844,0.00997701200000007,2,0.006738795379286256,take_profit
2021-10-01 20:00:00+00:00,2021-10-02 01:00:00+00:00,3297.64,3292.785833042805,3332.2992630393187,0.48667217911890426,1604.111368106905,1620.1156064758443,16.00423836893924,0.009977012000000144,2,0.008205868439247446,take_profit
2021-10-02 02:00:00+00:00,2021-10-02 13:00:00+00:00,3296.34,3291.487746658919,3330.985599618826,0.4871753478847023,1605.1368248616554,1621.1512942249421,16.014469363286707,0.009977012000000045,2,0.01193444850955913,take_profit
2021-10-02 14:00:00+00:00,2021-10-02 14:00:00+00:00,3314.94,3314.94,3354.7192800000003,0.37771747831668023,1253.3641417128088,1265.8689707950473,12.50482908223853,0.009977012000000108,1,0.00035294756466182575,take_profit
2021-10-02 15:00:00+00:00,2021-10-02 16:00:00+00:00,3367.71,3367.71,3408.12252,0.37198434359958354,1253.9893831669206,1266.5004502906493,12.511067123728708,0.009977011999999796,1,0.0031623863099851505,take_profit
2021-10-02 17:00:00+00:00,2021-10-03 13:00:00+00:00,3433.99,3405.3193893064645,3446.1832219781422,0.8342683130352475,2843.793856119042,2872.1664215470687,28.37256542802652,0.009977012000000198,4,0.02663956505406235,take_profit
2021-10-03 14:00:00+00:00,2021-10-03 17:00:00+00:00,3437.06,3432.000605074569,3473.184612335464,0.46852385960316345,1609.5837534033328,1625.6425898260427,16.058836422709874,0.009977011999999863,2,0.012714354710130117,take_profit
2021-10-03 18:00:00+00:00,2021-10-04 18:00:00+00:00,3464.7,3388.9872158302524,3429.6550624202155,1.3612009783730974,4617.710424306365,4663.781376622195,46.070952315830255,0.009977012000000122,6,0.05619534158801623,take_profit
2021-10-04 19:00:00+00:00,2021-10-05 09:00:00+00:00,3421.29,3406.1061146279276,3446.9793880034626,0.629180741932347,2145.2015738757786,2166.604275720756,21.4027018449774,0.00997701199999994,3,0.01937573254532646,take_profit
2021-10-05 10:00:00+00:00,2021-10-05 19:00:00+00:00,3450.47,3445.39086538834,3486.735555773,0.46825487946208344,1614.936020392573,1631.048256447262,16.112236054688992,0.009977012000000028,2,0.012557709529426406,take_profit
2021-10-05 20:00:00+00:00,2021-10-05 21:00:00+00:00,3490.54,3490.54,3532.42648,0.36090541444168883,1261.0158011264189,1273.5969709064468,12.581169780027949,0.009977012000000044,1,0.00041540850412824894,take_profit
2021-10-05 22:00:00+00:00,2021-10-06 13:00:00+00:00,3536.47,3459.1888530514066,3500.6991192880237,1.338678369250521,4635.3766694018395,4681.623878056981,46.24720865514155,0.009977011999999863,6,0.05498986277276488,take_profit
2021-10-06 14:00:00+00:00,2021-10-06 15:00:00+00:00,3580.43,3575.15956265737,3618.0614774092583,0.45260022797498595,1619.7377708765534,1635.8979140534418,16.16014317688837,0.009977011999999843,2,0.009331281438262961,take_profit
2021-10-06 16:00:00+00:00,2021-10-07 07:00:00+00:00,3613.01,3569.47994892167,3612.31370830873,1.0016132308990497,3578.817161430239,3614.523063195634,35.70590176539508,0.009977011999999902,5,0.039360533184242506,take_profit
2021-10-07 08:00:00+00:00,2021-10-07 13:00:00+00:00,3611.4,3581.2481814278326,3624.2231596049664,0.8008316814117039,2870.8478505359944,2899.4903339909656,28.64248345497117,0.009977011999999773,4,0.02137952040759817,take_profit
2021-10-07 14:00:00+00:00,2021-10-07 14:00:00+00:00,3630.06,3586.3245281310037,3629.360422468576,0.9994447844640023,3587.921266302158,3623.71799983111,35.79673352895179,0.00997701199999999,5,0.030319058087194137,take_profit
2021-10-07 15:00:00+00:00,2021-10-07 16:00:00+00:00,3561.88,3561.88,3604.6225600000002,0.3561329159492581,1269.772483144488,1282.4410184460905,12.66853530160256,0.009977012000000162,1,0.0024930654598133875,take_profit
2021-10-07 17:00:00+00:00,2021-10-07 21:00:00+00:00,3596.17,3596.17,3639.32404,0.3529131003260854,1270.4059099095682,1283.0807649176068,12.674855008038548,0.009977011999999896,1,0.0036372029130991934,take_profit
2021-10-07 22:00:00+00:00,2021-10-08 08:00:00+00:00,3634.51,3604.1652345022085,3647.415217316235,0.7985599999498226,2881.0232126959318,2909.767215861278,28.744003165346385,0.00997701200000018,4,0.024052760894866177,take_profit
2021-10-08 09:00:00+00:00,2021-10-11 07:00:00+00:00,3662.22,3542.2947683139882,3584.802305533756,1.7225503250646332,6107.888893527539,6168.827374312928,60.9384807853894,0.009977011999999742,7,0.0795200725243158,take_profit
2021-10-11 08:00:00+00:00,2021-10-11 08:00:00+00:00,3577.07,3577.07,3619.9948400000003,0.3562268149856305,1275.5237768575068,1288.2496928854996,12.725916027992753,0.009977012000000066,1,0.0,take_profit
2021-10-11 09:00:00+00:00,2021-10-13 20:00:00+00:00,3601.72,3523.0129693768977,3565.2891250094203,1.3295488751821698,4688.706637324574,4735.485919709641,46.779282385066836,0.009977011999999981,6,0.05511533378496934,take_profit
2021-10-13 21:00:00+00:00,2021-10-14 00:00:00+00:00,3573.63,3573.63,3616.5135600000003,0.3574014483148456,1278.49903677816,1291.254637010084,12.755600231924063,0.009977011999999938,1,0.0016761668107779027,take_profit
2021-10-14 01:00:00+00:00,2021-10-14 01:00:00+00:00,3603.01,3603.01,3646.2461200000002,0.3546639282080722,1279.136816789756,1291.8987801605092,12.761963370753165,0.009977011999999974,1,0.0011240601608100398,take_profit
2021-10-14 02:00:00+00:00,2021-10-14 11:00:00+00:00,3645.15,3639.7842940151077,3683.461705543289,0.450127731147028,1640.007853983591,1656.3702320228797,16.362378039288615,0.009977012000000047,2,0.008819938822819387,take_profit
2021-10-14 12:00:00+00:00,2021-10-14 13:00:00+00:00,3735.74,3735.74,3780.56888,0.34245221584649843,1280.5930338602582,1293.3695259261985,12.776492065940374,0.009977012000000134,1,0.0042026479358841405,take_profit
2021-10-14 14:00:00+00:00,2021-10-14 15:00:00+00:00,3767.98,3767.98,3813.19576,0.33969145977555393,1281.2318584635552,1294.0147240902284,12.782865626673129,0.00997701199999995,1,0.0028184862976979416,take_profit
2021-10-14 16:00:00+00:00,2021-10-15 02:00:00+00:00,3808.41,3791.50805339803,3837.0061500388065,0.5754291997387361,2183.928373343144,2205.7174529311296,21.789079587985725,0.00997701200000032,3,0.019512079844344478,take_profit
2021-10-15 03:00:00+00:00,2021-10-15 16:00:00+00:00,3830.52,3798.538733987635,3844.1211987954866,0.7648034834943807,2908.0436996417193,2937.0572865295694,29.013586887850124,0.009977012000000101,4,0.022584401073483435,take_profit
2021-10-15 17:00:00+00:00,2021-10-15 20:00:00+00:00,3862.44,3856.754440441604,3903.035493726903,0.4263437458897823,1645.949084199124,1662.3707379635673,16.421653764443363,0.009977011999999813,2,0.007622124874431721,take_profit
2021-10-15 21:00:00+00:00,2021-10-16 08:00:00+00:00,3881.37,3864.144252645464,3910.5139836772096,0.566093057505467,2189.6548895117603,2211.5011026202774,21.846213108517077,0.009977011999999804,3,0.015587279749160734,take_profit
2021-10-16 09:00:00+00:00,2021-10-16 12:00:00+00:00,3940.63,3923.141253295175,3970.218948334717,0.5580539180226809,2191.515863221004,2213.380643286551,21.86478006554671,0.009977012000000179,3,0.016385704823848005,take_profit
2021-10-16 13:00:00+00:00,2021-10-17 07:00:00+00:00,3896.89,3864.3546064474463,3910.7268617248155,0.754389565510373,2918.1469394753726,2947.2613265082814,29.11438703290878,0.009977011999999902,4,0.023949867715024015,take_profit
2021-10-17 08:00:00+00:00,2021-10-17 23:00:00+00:00,3877.47,3792.7371084842343,3838.2499537860454,1.2473000660257025,4735.41666249301,4782.661971359703,47.24530886669254,0.009977011999999964,6,0.061243542825605304,take_profit
2021-10-18 00:00:00+00:00,2021-10-19 03:00:00+00:00,3847.0,3800.650804592753,3846.2586142478663,0.9603790013905249,3653.718943292176,3690.172141034029,36.45319774185327,0.009977011999999976,5,0.044450220951390694,take_profit
2021-10-19 04:00:00+00:00,2021-10-19 13:00:00+00:00,3823.01,3806.0432577430483,3851.715776835965,0.5782344730089315,2202.9884057960444,2224.967647556532,21.97924176048764,0.009977011999999834,3,0.014145921669051448,take_profit
2021-10-19 14:00:00+00:00,2021-10-19 19:00:00+00:00,3809.4,3792.493659720055,3838.0035836366956,0.5807935486506934,2204.8607115756417,2226.8586333533603,21.997921777718602,0.009977011999999948,3,0.01781120386412556,take_profit
2021-10-19 20:00:00+00:00,2021-10-19 22:00:00+00:00,3816.47,3816.47,3862.26764,0.3390468189201839,1295.2572702745888,1308.1800676032058,12.92279732861698,0.009977012000000127,1,0.004286683767984465,take_profit
2021-10-19 23:00:00+00:00,2021-10-20 12:00:00+00:00,3878.45,3872.740873523145,3919.213764005423,0.4283827913725812,1660.6762218844176,1677.2448084782732,16.56858659385557,0.009977012000000044,2,0.01299488197604704,take_profit
2021-10-20 13:00:00+00:00,2021-10-20 13:00:00+00:00,3933.5,3933.5,3980.702,0.3293339538912525,1296.7318394707124,1309.6693485938938,12.937509123181371,0.009977012,1,0.0013779077157747737,take_profit
2021-10-20 14:00:00+00:00,2021-10-20 14:00:00+00:00,3999.99,3999.99,4047.9898799999996,0.3240211441058465,1297.3787149268717,1310.3226779342415,12.943963007369803,0.009977011999999865,1,0.002497506243765555,take_profit
2021-10-20 15:00:00+00:00,2021-10-20 16:00:00+00:00,4048.63,4042.670366453612,4091.1824108510555,0.4110482981028254,1663.3961700915743,1679.9918936413321,16.59572354975785,0.009977012000000103,2,0.012011470546826978,take_profit
2021-10-20 17:00:00+00:00,2021-10-20 18:00:00+00:00,4077.09,4077.09,4126.01508,0.31825562927369105,1298.8556992547278,1311.8143981524606,12.958698897732802,0.009977011999999993,1,0.005756556759845933,take_profit
2021-10-20 19:00:00+00:00,2021-10-20 23:00:00+00:00,4122.38,4116.311805539415,4165.707547205889,0.40415416302126783,1665.289842344691,1681.904459085242,16.614616740551128,0.009977012000000023,2,0.013024029808023533,take_profit
2021-10-21 00:00:00+00:00,2021-10-21 01:00:00+00:00,4161.37,4161.37,4211.30644,0.31216499149837806,1300.334365036642,1313.3078166006253,12.97345156398319,0.009977012000000177,1,0.006065310222354605,take_profit
2021-10-21 02:00:00+00:00,2021-10-21 09:00:00+00:00,4197.1,4178.473024416192,4228.614700709186,0.529923997853219,2216.4896196401,2238.603563173124,22.113943533023757,0.009977011999999568,3,0.018367444187653414,take_profit
2021-10-21 10:00:00+00:00,2021-10-21 11:00:00+00:00,4297.29,4245.515647535324,4296.4618353057485,0.8669722929051966,3684.428864372964,3721.1884553659593,36.75959099299507,0.009977011999999902,5,0.031480305029448735,take_profit
2021-10-21 12:00:00+00:00,2021-10-21 13:00:00+00:00,4211.88,4193.1874299106685,4243.505679069596,0.5292592579998037,2221.5047725812055,2243.6687523553055,22.16397977409997,0.009977012000000006,3,0.015840907148351863,take_profit
2021-10-21 14:00:00+00:00,2021-10-21 14:00:00+00:00,4216.45,4165.649619190308,4215.637414620592,0.8855936120997787,3692.765458459272,3729.608223751505,36.84276529223325,0.009977011999999891,5,0.033473656749160995,take_profit
2021-10-21 15:00:00+00:00,2021-10-21 15:00:00+00:00,4114.37,4080.018851476224,4128.979077693939,0.725313412353418,2962.254650280774,2991.809100473681,29.554450192907098,0.009977012000000004,4,0.024606440354173247,take_profit
2021-10-21 16:00:00+00:00,2021-10-21 16:00:00+00:00,4090.0,4083.9794693007943,4132.987222932404,0.41012835505141226,1676.6324142222968,1693.3601959385815,16.727781716284653,0.009977011999999896,2,0.008481662591687054,take_profit
2021-10-21 17:00:00+00:00,2021-10-21 17:00:00+00:00,4057.5,4057.5,4106.19,0.3223369000682018,1309.1911631899188,1322.2529791353584,13.061815945439548,0.009977011999999823,1,0.0034849044978434683,take_profit
2021-10-21 18:00:00+00:00,2021-10-21 18:00:00+00:00,4046.31,4046.3099999999995,4094.8657199999993,0.32338955980466244,1309.8442539871908,1322.912585827352,13.068331840161136,0.009977011999999914,1,0.00015816880070975103,take_profit
2021-10-21 19:00:00+00:00,2021-10-21 19:00:00+00:00,4063.16,4063.16,4111.91792,0.3222091113587994,1310.4976705791987,1323.5725215645393,13.074850985340618,0.009977011999999928,1,0.0005020722787190176,take_profit
2021-10-21 20:00:00+00:00,2021-10-22 00:00:00+00:00,4080.51,4074.5034386984316,4123.397479962813,0.4119608841521206,1680.216255342404,1696.9797930845505,16.763537742146355,0.009977012000000075,2,0.009682613202761472,take_profit
2021-10-22 01:00:00+00:00,2021-10-22 04:00:00+00:00,4116.55,4116.55,4165.948600000001,0.3183922460374725,1311.9895900155732,1325.0793258990336,13.089735883460435,0.009977011999999985,1,0.004474620738239563,take_profit
2021-10-22 05:00:00+00:00,2021-10-23 16:00:00+00:00,4149.26,4058.587783980094,4107.290837387855,1.1870948901338638,4822.751571093586,4870.868221391405,48.11665029781943,0.009977011999999974,6,0.0629654444406955,take_profit
2021-10-23 17:00:00+00:00,2021-10-23 23:00:00+00:00,4086.05,4086.05,4135.082600000001,0.32151707869833035,1315.0499093246374,1328.1701780505684,13.120268725931055,0.009977012000000179,1,0.003927998923165449,take_profit
2021-10-24 00:00:00+00:00,2021-10-25 07:00:00+00:00,4167.13,4116.923833465714,4166.326919467302,0.9034020673949836,3722.960462923532,3760.1044841376442,37.1440212141124,0.009977011999999669,5,0.049345712756741475,take_profit
2021-10-25 08:00:00+00:00,2021-10-25 15:00:00+00:00,4149.33,4143.222134805345,4192.94080042301,0.4071093116024079,1688.4327438603234,1705.2782576070108,16.845513746687402,0.009977012000000018,2,0.01058484140813097,take_profit
2021-10-25 16:00:00+00:00,2021-10-26 00:00:00+00:00,4210.11,4203.912665891923,4254.3596178826265,0.40148850049749824,1689.5121045559442,1706.3683870972445,16.85628254130029,0.009977012000000224,2,0.009695708663194006,take_profit
2021-10-26 01:00:00+00:00,2021-10-26 20:00:00+00:00,4239.54,4204.1437988288635,4254.5935244148095,0.7105621971802228,2990.2959509083544,3020.130169494118,29.834218585763665,0.009977011999999867,4,0.025047528741325615,take_profit
2021-10-26 21:00:00+00:00,2021-10-27 04:00:00+00:00,4263.65,4212.280946972158,4262.8283183358235,0.8863292040016777,3737.204823584851,3774.4909609562146,37.286137371363566,0.0099770119999999,5,0.04067876115534803,take_profit
2021-10-27 05:00:00+00:00,2021-10-28 09:00:00+00:00,4279.51,4099.365507332502,4148.557893420491,1.9100070574540202,7837.654704793453,7915.851079835033,78.19637504157981,0.009977011999999882,8,0.09097770539150513,take_profit
2021-10-28 10:00:00+00:00,2021-10-28 17:00:00+00:00,4162.0,4155.873484408289,4205.743966221189,0.4086272821873145,1699.9031902383224,1716.8631447661685,16.959954527846094,0.00997701200000004,2,0.010735223450264366,take_profit
2021-10-28 18:00:00+00:00,2021-10-28 19:00:00+00:00,4223.35,4188.088970214665,4238.346037857241,0.7176730586835414,3008.6873086013634,3038.705017983526,30.017709382162593,0.009977011999999697,4,0.025430049605171378,take_profit
2021-10-28 20:00:00+00:00,2021-10-29 00:00:00+00:00,4259.04,4252.770640325392,4303.803888009297,0.40002400110267844,1702.9132405555188,1719.9032263915,16.989985835981315,0.00997701200000001,2,0.011892351327998712,take_profit
2021-10-29 01:00:00+00:00,2021-10-29 01:00:00+00:00,4353.01,4353.01,4405.246120000001,0.30516417840542515,1329.712432673273,1342.9789895706037,13.266556897330702,0.009977012000000198,1,0.0029864392684602146,take_profit
2021-10-29 02:00:00+00:00,2021-10-29 15:00:00+00:00,4353.11,4333.790642900186,4385.796130614988,0.5224755256951216,2266.566110512386,2289.1796677957614,22.613557283375485,0.009977012000000037,3,0.017093526237563456,take_profit
2021-10-29 16:00:00+00:00,2021-11-02 09:00:00+00:00,4440.77,4343.727525743213,4395.852256052131,1.1251076874584183,4892.053284723146,4940.861359049469,48.80807432632264,0.00997701200000008,6,0.06631057226562065,take_profit
2021-11-02 10:00:00+00:00,2021-11-02 13:00:00+00:00,4425.54,4425.54,4478.64648,0.3011187098651297,1333.9468420986245,1347.2556457496048,13.30880365098028,0.00997701200000015,1,0.0037554739082687966,take_profit
2021-11-02 14:00:00+00:00,2021-11-02 22:00:00+00:00,4488.38,4481.773049002518,4535.554325590548,0.381226497882713,1710.2809247010596,1727.3444180101733,17.06349330911371,0.009977012000000084,2,0.007550608460068071,take_profit
2021-11-02 23:00:00+00:00,2021-11-02 23:00:00+00:00,4544.33,4544.33,4598.86196,0.2935812301240629,1335.4654569466293,1348.7894118361714,13.323954889542165,0.00997701200000012,1,0.0005963475363805086,take_profit
2021-11-03 00:00:00+00:00,2021-11-03 01:00:00+00:00,4589.68,4582.923934146814,4637.919021356575,0.37323677392738464,1712.2279723078625,1729.3108913343135,17.08291902645101,0.00997701199999988,2,0.007926478534451227,take_profit
2021-11-03 02:00:00+00:00,2021-11-03 18:00:00+00:00,4610.97,4555.416386912672,4610.081383555625,0.8296478609757586,3783.17463589191,3820.919414632299,37.74477874038894,0.009977011999999926,5,0.033825854429762124,take_profit
2021-11-03 19:00:00+00:00,2021-11-07 01:00:00+00:00,4653.36,4500.978309080715,4554.990048789684,1.426393010257059,6426.59058998135,6490.708761416681,64.11817143533153,0.009977012000000082,7,0.07031263431155114,take_profit
2021-11-07 02:00:00+00:00,2021-11-07 10:00:00+00:00,4552.58,4545.878545806701,4600.429088356382,0.3779532277667329,1719.849318741927,1737.0082760332066,17.15895729127965,0.009977011999999778,2,0.00746170303432345,take_profit
2021-11-07 11:00:00+00:00,2021-11-08 00:00:00+00:00,4593.29,4593.29,4648.40948,0.2920769119998439,1342.9368960157788,1356.335393542571,13.398497526792198,0.009977012000000016,1,0.0046676782872406486,take_profit
2021-11-08 01:00:00+00:00,2021-11-08 06:00:00+00:00,4688.29,4688.29,4744.54948,0.2863012343671629,1343.6068208921183,1357.0120022674407,13.4051813753224,0.009977011999999914,1,0.002111644117577973,take_profit
2021-11-08 07:00:00+00:00,2021-11-08 17:00:00+00:00,4737.53,4730.556297114081,4787.32297267945,0.3637930530106579,1722.6661839498743,1739.8532451391363,17.187061189262067,0.00997701199999998,2,0.007113411419030554,take_profit
2021-11-08 18:00:00+00:00,2021-11-09 06:00:00+00:00,4782.45,4775.410174317258,4832.715096409065,0.36060643980155077,1723.7674289816307,1740.96547730579,17.198048324159345,0.009977012000000271,2,0.010546895419711572,take_profit
2021-11-09 07:00:00+00:00,2021-11-10 14:00:00+00:00,4812.54,4754.557843289528,4811.6125374090025,0.8002557895855971,3808.6711121241783,3846.6702695138956,37.99915738971731,0.009977012000000273,5,0.027974832416977336,take_profit
2021-11-10 15:00:00+00:00,2021-11-11 09:00:00+00:00,4845.25,4686.584565147193,4742.823579928959,1.3791348936126855,6469.902207868998,6534.452499835732,64.55029196673422,0.009977011999999804,7,0.07911253289303952,take_profit
2021-11-11 10:00:00+00:00,2021-11-11 16:00:00+00:00,4727.98,4721.020354832461,4777.672599090451,0.3663845035339969,1731.4401390182031,1748.7147380624695,17.274599044266324,0.009977012000000025,2,0.011450979065055145,take_profit
2021-11-11 17:00:00+00:00,2021-11-12 02:00:00+00:00,4767.31,4746.152399044473,4803.106227833006,0.48483120556667925,2303.386175607526,2326.3670871221966,22.980911514670424,0.009977012000000013,3,0.016006930533151904,take_profit
2021-11-12 03:00:00+00:00,2021-11-15 09:00:00+00:00,4786.72,4682.117610690388,4738.303022018672,1.0607492012781106,4971.524039869875,5021.124994873943,49.600955004068055,0.009977011999999563,6,0.058259100177156777,take_profit
2021-11-15 10:00:00+00:00,2021-11-20 19:00:00+00:00,4722.72,4341.377149291912,4393.473675083415,3.0778348783678737,13375.417427667611,13508.864127848456,133.44670018084435,0.00997701199999966,10,0.16225395534776574,take_profit
2021-11-20 20:00:00+00:00,2021-11-21 16:00:00+00:00,4398.38,4361.6576331141805,4413.997524711551,0.7072465091309101,3087.8549900342264,3118.6625563240577,30.807566289831357,0.009977012,4,0.021669341894061087,take_profit
2021-11-21 17:00:00+00:00,2021-11-22 13:00:00+00:00,4410.63,4266.196889856078,4317.391252534351,1.5329424875643967,6546.380853629098,6611.694173962325,65.31332033322724,0.00997701199999992,7,0.07162242128675497,take_profit
2021-11-22 14:00:00+00:00,2021-11-23 10:00:00+00:00,4276.19,4182.744030496483,4232.93695886244,1.1996396360948256,5022.808334957562,5072.9209539891335,50.11261903157174,0.009977012000000025,6,0.05927005114365822,take_profit
2021-11-23 11:00:00+00:00,2021-11-23 14:00:00+00:00,4155.9,4149.782463683905,4199.579853248112,0.42251919385164144,1755.1178590744762,1772.628691015877,17.51083194140074,0.009977012000000217,2,0.00838326234991199,take_profit
2021-11-23 15:00:00+00:00,2021-11-23 16:00:00+00:00,4309.01,4302.667083865969,4354.299088872361,0.407766526057033,1756.2398494173885,1773.7618754699038,17.52202605251523,0.009977011999999858,2,0.009853771515963072,take_profit
2021-11-23 17:00:00+00:00,2021-11-23 20:00:00+00:00,4352.76,4333.4421962206825,4385.443502575331,0.5386114507400441,2336.3779659705156,2359.6880369735386,23.31007100302304,0.009977011999999836,3,0.014418437956606892,take_profit
2021-11-23 21:00:00+00:00,2021-11-25 11:00:00+00:00,4383.21,4330.400471328049,4382.3652769839855,0.8959525357048828,3883.716999903889,3922.464891016534,38.74789111264499,0.009977011999999973,5,0.04917857004341576,take_profit
2021-11-25 12:00:00+00:00,2021-11-25 12:00:00+00:00,4387.37,4387.37,4440.01844,0.31296214527092586,1374.4551824797818,1388.1681383288446,13.712955849062837,0.009977011999999902,1,0.0011350763669349892,take_profit
2021-11-25 13:00:00+00:00,2021-11-25 16:00:00+00:00,4449.0,4449.0,4502.388,0.30878077982512087,1375.1408302722348,1388.860626837551,13.719796565316301,0.009977012000000183,1,0.003483928972802877,take_profit
2021-11-25 17:00:00+00:00,2021-11-25 23:00:00+00:00,4486.1,4486.1,4539.9332,0.30637992761650434,1375.8268201005008,1389.5534607945654,13.7266406940646,0.009977012000000045,1,0.0039566661465415395,take_profit
2021-11-26 00:00:00+00:00,2021-11-28 21:00:00+00:00,4524.48,4159.144324547777,4209.05405644235,3.2622130369187237,13581.596434400675,13717.10018500585,135.503750605174,0.00997701200000009,10,0.13514923261899703,take_profit
2021-11-28 22:00:00+00:00,2021-11-28 23:00:00+00:00,4251.93,4245.671106333528,4296.6191596095305,0.41710384249924265,1772.6583908305556,1790.344224867773,17.68583403721732,0.0099770120000001,2,0.008335038441366746,take_profit
2021-11-29 00:00:00+00:00,2021-11-29 00:00:00+00:00,4294.77,4294.77,4346.30724,0.32197031709170826,1384.1726313673234,1397.9825383205466,13.809906953223162,0.009977011999999855,1,0.0029570850127016643,take_profit
2021-11-29 01:00:00+00:00,2021-11-29 14:00:00+00:00,4343.61,4324.33280445651,4376.224798109988,0.5450637469992646,2359.3964381070105,2382.9361646827615,23.539726575751047,0.009977012000000061,3,0.015360495072071238,take_profit
2021-11-29 15:00:00+00:00,2021-11-29 16:00:00+00:00,4318.9,4318.9,4370.7267999999995,0.32060341126924186,1386.0401130437722,1399.8686518840914,13.828538840319197,0.00997701200000009,1,0.004042696056866341,take_profit
2021-11-29 17:00:00+00:00,2021-11-30 00:00:00+00:00,4409.61,4409.61,4462.52532,0.3141649280652489,1386.731539985788,1400.5669772010046,13.835437215216643,0.00997701199999997,1,0.006472227702676647,take_profit
2021-11-30 01:00:00+00:00,2021-11-30 10:00:00+00:00,4483.25,4429.235175380937,4482.385997485509,0.8854730134284448,3925.894112039864,3965.0628047064156,39.16869266655158,0.00997701200000013,5,0.030533653041878175,take_profit
2021-11-30 11:00:00+00:00,2021-11-30 11:00:00+00:00,4489.16,4489.16,4543.02992,0.3091875461630677,1389.3817464798767,1403.2436248370875,13.861878357210799,0.00997701200000008,1,0.006275116057347048,take_profit
2021-11-30 12:00:00+00:00,2021-11-30 13:00:00+00:00,4590.47,4590.47,4645.5556400000005,0.3025147241039238,1390.074840397737,1403.9436337612833,13.868793363546274,0.009977011999999976,1,0.0048818530564408115,take_profit
2021-11-30 14:00:00+00:00,2021-11-30 15:00:00+00:00,4649.23,4642.386275808638,4698.094911118342,0.38352292255780723,1782.2437959363197,1800.025263675302,17.78146773898243,0.009977012000000122,2,0.00804864461426928,take_profit
2021-11-30 16:00:00+00:00,2021-11-30 16:00:00+00:00,4613.85,4593.3734635111505,4648.4939450732845,0.5156560498275329,2370.9717873641375,2394.6270013383305,23.655213974192975,0.009977011999999801,3,0.018468307378870147,take_profit
2021-11-30 17:00:00+00:00,2021-11-30 17:00:00+00:00,4557.49,4550.781318225838,4605.390694044548,0.3918258842707929,1784.8988129497932,1802.706769825379,17.807956875585887,0.009977012000000025,2,0.008223824956280665,take_profit
2021-11-30 18:00:00+00:00,2021-11-30 18:00:00+00:00,4596.27,4596.27,4651.4252400000005,0.3029275437438089,1393.7305119953521,1407.635778038296,13.905266042943822,0.009977012000000035,1,0.00429261118254595,take_profit
2021-11-30 19:00:00+00:00,2021-12-01 00:00:00+00:00,4691.27,4670.449869017405,4726.4952674456135,0.5081550463265445,2375.6883579142577,2399.3906291694284,23.702271255170672,0.009977011999999928,3,0.019817661315592632,take_profit
2021-12-01 01:00:00+00:00,2021-12-01 07:00:00+00:00,4723.91,4716.956345922913,4773.559822073988,0.37877413503374846,1788.4495094283307,1806.2928916452909,17.843382216960208,0.0099770119999998,2,0.012428263874629288,take_profit
2021-12-01 08:00:00+00:00,2021-12-06 21:00:00+00:00,4766.69,4263.694600564356,4314.858935771128,3.9652522530069536,16923.548169190584,17092.394612357177,168.8464431665925,0.009977012,11,0.26496583583157285,take_profit
2021-12-06 22:00:00+00:00,2021-12-06 22:00:00+00:00,4317.74,4317.74,4369.55288,0.32506367561486016,1404.9453801294358,1418.9625370463318,14.017156916896056,0.00997701200000008,1,0.00012274940130710635,take_profit
2021-12-06 23:00:00+00:00,2021-12-07 01:00:00+00:00,4334.14,4327.76009219446,4379.693213300794,0.41580593090211804,1801.3096234794334,1819.281311208603,17.971687729169616,0.009977011999999905,2,0.007415542645138442,take_profit
2021-12-07 02:00:00+00:00,2021-12-07 07:00:00+00:00,4337.39,4331.005308154174,4382.977371852024,0.41575998029771954,1802.4611427302282,1820.4443191807813,17.983176450553174,0.009977011999999987,2,0.008945471815999986,take_profit
2021-12-07 08:00:00+00:00,2021-12-07 08:00:00+00:00,4352.91,4352.91,4405.14492,0.32301070713685376,1407.4439811842665,1421.4860666738693,14.042085489602869,0.009977011999999764,1,0.0015323082719376402,take_profit
2021-12-07 09:00:00+00:00,2021-12-08 14:00:00+00:00,4407.71,4354.605291892781,4406.860555395494,0.9141006101713967,3984.5318862610447,4024.285608704654,39.75372244360915,0.009977012000000018,5,0.04191745827198255,take_profit
2021-12-08 15:00:00+00:00,2021-12-09 00:00:00+00:00,4409.48,4402.989190780553,4455.82506106992,0.41000628803675776,1807.060314692595,1825.0893771370067,18.029062444411693,0.009977011999999943,2,0.011221277792392657,take_profit
2021-12-09 01:00:00+00:00,2021-12-12 18:00:00+00:00,4433.29,4075.3175928668957,4124.221403981299,3.4128118081393026,13922.21421707105,14061.116315381341,138.90209831029097,0.009977012000000179,10,0.13648328893440315,take_profit
2021-12-12 19:00:00+00:00,2021-12-15 20:00:00+00:00,4148.86,3974.215173875403,4021.9057559619077,2.1122267376269783,8402.846397740215,8486.681697084627,83.8352993444114,0.00997701200000006,8,0.12175151728426596,take_profit
2021-12-15 21:00:00+00:00,2021-12-16 13:00:00+00:00,4055.0,4037.0036725376235,4085.447716608075,0.5995874914484891,2422.9598648500214,2447.1337644971486,24.1738996471272,0.009977012000000066,3,0.018875462392108498,take_profit
2021-12-16 14:00:00+00:00,2021-12-18 10:00:00+00:00,4077.24,3905.609992993677,3952.4773129096016,2.1575155454231787,8434.849123367338,8519.003714289365,84.15459092202764,0.009977012000000264,8,0.09252337365472717,take_profit
2021-12-18 11:00:00+00:00,2021-12-19 03:00:00+00:00,3975.8,3942.6057816139946,3989.9170509933624,0.8199225643501087,3235.8673099925036,3268.151596974706,32.2842869822025,0.009977011999999869,4,0.022865838321847253,take_profit
2021-12-19 04:00:00+00:00,2021-12-20 21:00:00+00:00,3988.58,3901.4190635022446,3948.2360922642715,1.3445737634232044,5250.996709613861,5303.3859667976385,52.38925718377777,0.009977011999999955,6,0.05906362665409743,take_profit
2021-12-20 22:00:00+00:00,2021-12-21 00:00:00+00:00,3911.75,3911.75,3958.6910000000003,0.3656650793446198,1431.822196322639,1446.1075035572167,14.285307234577658,0.009977012000000233,1,0.005235508404166938,take_profit
2021-12-21 01:00:00+00:00,2021-12-21 03:00:00+00:00,3940.11,3934.3101092388147,3981.5218305496805,0.4661384403689382,1835.7689471955234,1854.0844360109206,18.315488815397202,0.009977012000000054,2,0.006827220559832109,take_profit
2021-12-21 04:00:00+00:00,2021-12-21 12:00:00+00:00,4007.48,4007.48,4055.56976,0.3573364767607107,1433.452236125138,1447.7538062863853,14.301570161247355,0.009977012000000014,1,0.004531526046293395,take_profit
2021-12-21 13:00:00+00:00,2021-12-22 02:00:00+00:00,4017.07,3999.2420080988195,4047.2329121960056,0.6103538531958209,2443.396165671378,2467.773958537036,24.37779286565774,0.009977012000000169,3,0.01429151097690613,take_profit
2021-12-22 03:00:00+00:00,2021-12-23 18:00:00+00:00,4054.36,4005.5125022377647,4053.578652264618,1.0129914012206744,4061.611333582345,4102.134078596833,40.52274501448801,0.009977012000000233,5,0.03974240077348832,take_profit
2021-12-23 19:00:00+00:00,2021-12-23 19:00:00+00:00,4094.09,4094.0900000000006,4143.219080000001,0.35074337134398126,1437.4123415272077,1451.7534217075727,14.341080180364997,0.009977011999999964,1,0.0013898082357740192,take_profit
2021-12-23 20:00:00+00:00,2021-12-25 21:00:00+00:00,4133.64,4083.837325681516,4132.843373589694,0.9954618294261709,4069.3735488506536,4109.97373758002,40.60018872936598,0.009977012000000104,5,0.02817613531899252,take_profit
2021-12-25 22:00:00+00:00,2021-12-27 17:00:00+00:00,4117.92,4068.306722445697,4117.126403115045,1.000672487036442,4075.1177237005118,4115.775222131285,40.6574984307731,0.009977012000000101,5,0.028635816140187297,take_profit
2021-12-27 18:00:00+00:00,2022-02-09 19:00:00+00:00,4115.58,3207.729330660691,3246.2220826286193,8.982990390386767,28843.845597884647,29131.620991540894,287.7753936562476,0.009977012000000184,13,0.47540808342931007,take_profit
2022-02-09 20:00:00+00:00,2022-02-10 10:00:00+00:00,3246.94,3207.820411610189,3246.314256549511,1.2835703944154406,4121.584895840231,4162.705997805048,41.12110196481717,0.009977012000000106,5,0.027869316956888712,take_profit
2022-02-10 11:00:00+00:00,2022-02-10 13:00:00+00:00,3246.93,3207.8105320915906,3246.30425847669,1.2853861929331583,4127.402770266365,4168.581917234146,41.17914696778098,0.00997701200000005,5,0.038149883120362896,take_profit
2022-02-10 14:00:00+00:00,2022-02-10 14:00:00+00:00,3125.69,3121.088945574278,3158.5420129211693,0.5991444432413103,1871.8549535562656,1890.5304728901556,18.67551933388995,0.009977011999999811,2,0.012857960962219559,take_profit
2022-02-10 15:00:00+00:00,2022-02-10 15:00:00+00:00,3169.96,3169.96,3207.99952,0.46062669817675295,1461.62983799037,1476.212536423558,14.582698433187943,0.009977011999999976,1,0.004078915822281618,take_profit
2022-02-10 16:00:00+00:00,2022-02-10 17:00:00+00:00,3209.9,3205.1749874104207,3243.6370872593457,0.5840904051964191,1873.985943065045,1892.6827233068364,18.69678024179143,0.009977012000000085,2,0.00847689959188761,take_profit
2022-02-10 18:00:00+00:00,2022-02-15 10:00:00+00:00,3210.99,3075.824487006595,3112.7343808506744,2.8163828603306813,8671.370737328112,8757.885107230884,86.51436990277216,0.009977012000000085,8,0.1189601960765993,take_profit
2022-02-15 11:00:00+00:00,2022-02-15 14:00:00+00:00,3106.78,3106.78,3144.06136,0.4719200944028346,1467.619530419258,1482.2619880856853,14.64245766642739,0.009977012000000061,1,0.006019093724048781,take_profit
2022-02-15 15:00:00+00:00,2022-02-15 23:00:00+00:00,3119.17,3114.5785430951,3151.9534856122414,0.6035435486850603,1881.6654520099717,1900.438850804661,18.77339879468923,0.009977012000000169,2,0.010772096423086882,take_profit
2022-02-16 00:00:00+00:00,2022-02-16 19:00:00+00:00,3183.53,3145.174384181224,3182.9164767913985,1.3205594915916286,4157.547433174545,4199.027333805896,41.479900631350574,0.009977011999999744,5,0.04381928236894265,take_profit
2022-02-16 20:00:00+00:00,2022-02-24 20:00:00+00:00,3169.28,2705.271694197049,2737.7349545274133,8.419818529574712,22800.69743577006,23028.1802676951,227.48283192504095,0.00997701199999973,12,0.27428311793214866,take_profit
2022-02-24 21:00:00+00:00,2022-02-25 12:00:00+00:00,2651.47,2619.5247176640364,2650.959014276005,1.6000631908900558,4195.600679039931,4237.46023736192,41.859558321989425,0.009977011999999974,5,0.040366287380207866,take_profit
2022-02-25 13:00:00+00:00,2022-02-25 15:00:00+00:00,2708.22,2696.200761045584,2728.555170178131,0.9373126599564228,2529.7128199320996,2554.9517950931163,25.238975161016697,0.009977012000000118,3,0.01950727784301125,take_profit
2022-02-25 16:00:00+00:00,2022-02-25 22:00:00+00:00,2732.79,2709.973754700163,2742.4934397565653,1.2417499832440986,3368.478342833708,3402.0856916819002,33.60734884819203,0.009977012000000004,4,0.024429246301398852,take_profit
2022-02-25 23:00:00+00:00,2022-02-25 23:00:00+00:00,2791.58,2779.1908044839897,2812.5410941377977,0.9111252545884487,2534.725654940291,2560.0146432163383,25.28898827604735,0.009977012000000082,3,0.014855386555284032,take_profit
2022-02-26 00:00:00+00:00,2022-02-26 00:00:00+00:00,2768.05,2768.05,2801.2666000000004,0.5373996731262422,1489.0382034004951,1503.8943554242803,14.856152023785171,0.009977011999999993,1,0.0024349271147559603,take_profit
2022-02-26 01:00:00+00:00,2022-02-26 19:00:00+00:00,2832.2,2798.077257282973,2831.6541843703685,1.5050738684709826,4215.528490389951,4257.586868724913,42.05837833496207,0.009977011999999915,5,0.03696772826777764,take_profit
2022-02-26 20:00:00+00:00,2022-02-26 21:00:00+00:00,2809.02,2809.02,2842.72824,0.5305736683927184,1491.8839299184322,1506.7684737898355,14.884543871403366,0.009977012000000006,1,0.00020291774355474997,take_profit
2022-02-26 22:00:00+00:00,2022-02-27 11:00:00+00:00,2824.5,2790.470027962629,2823.9556682981806,1.5120611338745815,4223.584859383592,4265.72361620868,42.13875682508842,0.009977012000000004,5,0.05179323774119312,take_profit
2022-02-27 12:00:00+00:00,2022-02-27 13:00:00+00:00,2820.97,2786.982557897588,2820.426348592359,1.516090279948258,4229.5467131269925,4271.744951438422,42.19823831142912,0.009977012000000132,5,0.038192536609747633,take_profit
2022-02-27 14:00:00+00:00,2022-02-27 15:00:00+00:00,2779.42,2775.328659306605,2808.632603218284,0.6904627210069734,1918.1791569504244,1937.3168534174686,19.13769646704418,0.009977011999999954,2,0.01166430406343772,take_profit
2022-02-27 16:00:00+00:00,2022-02-28 14:00:00+00:00,2809.14,2690.89022370973,2723.180906394247,3.2951872657939396,8875.863061879587,8964.417654158317,88.55459227872961,0.009977012000000026,8,0.08940814626540503,take_profit
2022-02-28 15:00:00+00:00,2022-02-28 15:00:00+00:00,2757.65,2753.5907050164633,2786.6337934766607,0.6984169280105821,1925.079440636728,1944.2859813169136,19.206540680185753,0.009977011999999912,2,0.007074864467934734,take_profit
2022-02-28 16:00:00+00:00,2022-02-28 22:00:00+00:00,2815.44,2811.295637420105,2845.031185069146,0.6845184641025572,1926.3100819469767,1945.5289007502827,19.21881880330602,0.009977012000000026,2,0.009391072088199377,take_profit
2022-02-28 23:00:00+00:00,2022-03-01 00:00:00+00:00,2897.25,2897.25,2932.017,0.5186458670777501,1504.1508892802917,1519.1578207524517,15.006931472159977,0.00997701199999989,1,0.001449650530675578,take_profit
2022-03-01 01:00:00+00:00,2022-03-01 12:00:00+00:00,2947.68,2912.1659380509404,2947.1119293075517,1.4607872298509763,4258.313126638442,4300.79836780267,42.48524116422868,0.009977011999999867,5,0.03175039352982675,take_profit
2022-03-01 13:00:00+00:00,2022-03-01 13:00:00+00:00,2950.44,2950.44,2985.84528,0.5102691369470991,1507.0254979121112,1522.0611093890861,15.035611476974964,0.009977011999999905,1,0.0020878241889344825,take_profit
2022-03-01 14:00:00+00:00,2022-03-02 03:00:00+00:00,3019.63,2983.249074362469,3019.0480632548188,1.4287056509805354,4266.451262086197,4309.017697525446,42.56643543924929,0.009977012000000037,5,0.04055794915271085,take_profit
2022-03-02 04:00:00+00:00,2022-03-02 10:00:00+00:00,3016.65,2991.4637886980877,3027.361354162465,1.1429288411049199,3422.4526939179564,3456.5985455146083,34.14585159665194,0.009977012000000047,4,0.021881888850214713,take_profit
2022-03-02 11:00:00+00:00,2022-03-02 14:00:00+00:00,3007.22,2970.9885917825372,3006.6404548839278,1.4382510041581913,4277.304630103868,4319.979349726071,42.674719622203156,0.009977012000000306,5,0.027128045171287744,take_profit
2022-03-02 15:00:00+00:00,2022-03-02 15:00:00+00:00,3011.41,2986.2675378062772,3022.1027482599525,1.14783013340307,3431.15902532276,3465.391740092313,34.232714769552786,0.009977011999999797,4,0.02187015384819725,take_profit
2022-03-02 16:00:00+00:00,2022-03-02 22:00:00+00:00,2952.7,2948.353588998644,2983.733832066628,0.6580247625405156,1942.0317019882978,1961.4073755834158,19.375673595118087,0.009977012000000214,2,0.013001659498086455,take_profit
2022-03-02 23:00:00+00:00,2022-03-09 08:00:00+00:00,2960.8,2721.725925657989,2754.386636765885,5.4917793111185125,14962.080209272699,15111.357063065578,149.27685379287868,0.009977012000000163,10,0.17420967306133484,take_profit
2022-03-09 09:00:00+00:00,2022-03-11 12:00:00+00:00,2755.31,2639.3261789336434,2670.998093080847,3.41808229172008,9030.464538825136,9120.561591894566,90.09705306943033,0.009977011999999721,8,0.08446962410763209,take_profit
2022-03-11 13:00:00+00:00,2022-03-15 18:00:00+00:00,2653.83,2595.836852537535,2626.986894767985,2.161084866236099,5615.439176413229,5671.464480461573,56.02530404834397,0.009977011999999834,6,0.06060297758334179,take_profit
2022-03-15 19:00:00+00:00,2022-03-15 19:00:00+00:00,2626.52,2626.52,2658.03824,0.5823926000083183,1531.1970087826307,1546.473779713619,15.276770930988278,0.009977011999999912,1,0.000182751321139766,take_profit
2022-03-15 20:00:00+00:00,2022-03-16 02:00:00+00:00,2659.43,2637.2262422148256,2668.8729571214035,1.3153866312883506,3472.444587279475,3507.0892085960973,34.644621316622306,0.009977011999999981,4,0.021075944845323897,take_profit
2022-03-16 03:00:00+00:00,2022-03-16 03:00:00+00:00,2691.14,2658.716767941706,2690.6213691570065,1.6306526690932106,4339.783377384401,4383.081448217966,43.29807083356445,0.009977011999999943,5,0.03172633159181598,take_profit
2022-03-16 04:00:00+00:00,2022-03-16 08:00:00+00:00,2620.41,2620.41,2651.8549199999998,0.5855275029307448,1535.8579819366896,1551.1812554527678,15.323273516078189,0.009977012000000035,1,0.005323594399349651,take_profit
2022-03-16 09:00:00+00:00,2022-03-16 14:00:00+00:00,2675.18,2675.18,2707.2821599999997,0.5738258814236354,1536.6241456124935,1551.955063152759,15.330917540265546,0.009977011999999967,1,0.004908080951562009,take_profit
2022-03-16 15:00:00+00:00,2022-03-16 18:00:00+00:00,2711.25,2678.5844798419816,2710.7274936000854,1.6224599371078694,4350.246252955492,4393.6487120241845,43.402459068692224,0.009977012000000056,5,0.028894421392346756,take_profit
2022-03-16 19:00:00+00:00,2022-03-16 19:00:00+00:00,2676.37,2676.37,2708.48644,0.5746669009249463,1539.5608144429414,1554.9210311633685,15.360216720427161,0.009977012000000104,1,0.0023800894495155343,take_profit
2022-03-16 20:00:00+00:00,2022-03-16 20:00:00+00:00,2753.16,2753.16,2786.19792,0.5589172065748754,1540.3288252789628,1555.696704452717,15.367879173754318,0.009977012000000132,1,0.004485754551133937,take_profit
2022-03-16 21:00:00+00:00,2022-03-17 12:00:00+00:00,2772.82,2768.7383745884176,2801.9632350834786,0.7125673838219979,1974.8875476156554,1994.5910243768672,19.703476761211732,0.009977011999999882,2,0.010797671684422376,take_profit
2022-03-17 13:00:00+00:00,2022-03-18 14:00:00+00:00,2806.51,2794.0545442696834,2827.5831988009195,0.9393604138464984,2627.251484499359,2653.4636040872265,26.21211958786762,0.009977011999999886,3,0.014580386316100804,take_profit
2022-03-18 15:00:00+00:00,2022-03-18 15:00:00+00:00,2844.49,2844.49,2878.6238799999996,0.5420478208944481,1543.392999055104,1558.7914495273924,15.39845047228846,0.009977011999999804,1,0.0007242071513698222,take_profit
2022-03-18 16:00:00+00:00,2022-03-18 17:00:00+00:00,2896.66,2896.66,2931.41992,0.5325508546592074,1544.1629215787182,1559.5690535772642,15.406131998546016,0.009977012000000056,1,0.005061001291142162,take_profit
2022-03-18 18:00:00+00:00,2022-03-18 20:00:00+00:00,2935.41,2935.41,2970.63492,0.5257828701784306,1544.9332281786455,1560.347045535383,15.413817356737354,0.009977012000000174,1,0.004530883249699268,take_profit
2022-03-18 21:00:00+00:00,2022-03-19 16:00:00+00:00,2947.58,2943.2411257021113,2978.5600192105367,0.6723234939479383,1980.790948111418,2000.5533231702173,19.762375058799307,0.009977012000000158,2,0.009207553314922708,take_profit
2022-03-19 17:00:00+00:00,2022-03-22 02:00:00+00:00,2973.96,2938.1293129260894,2973.3868646812025,1.488085984921179,4376.565618069476,4420.230665759743,43.665047690266874,0.009977012000000068,5,0.0527075011096316,take_profit
2022-03-22 03:00:00+00:00,2022-03-22 03:00:00+00:00,2963.99,2963.9900000000002,2999.5578800000003,0.5220417123181089,1548.8752901839357,1564.3284375406045,15.453147356668751,0.009977012000000092,1,0.0,take_profit
2022-03-22 04:00:00+00:00,2022-03-22 04:00:00+00:00,3006.91,3006.91,3042.9929199999997,0.5148469025026414,1549.6479475517692,1565.1088037202685,15.460856168499276,0.009977011999999938,1,9.977019598107474e-06,take_profit
2022-03-22 05:00:00+00:00,2022-03-23 15:00:00+00:00,3027.73,2991.251484426727,3027.146502239848,1.4651827431989208,4387.117172722919,4430.887493400582,43.77032067766231,0.009977011999999926,5,0.035366429635403394,take_profit
2022-03-23 16:00:00+00:00,2022-03-24 00:00:00+00:00,3031.59,3006.279053645347,3042.3544022890915,1.1694619506514718,3519.2482144932414,3554.3597961602195,35.111581666978054,0.009977012000000117,4,0.02607212716759191,take_profit
2022-03-24 01:00:00+00:00,2022-03-24 06:00:00+00:00,3048.35,3034.8212441874384,3071.2390991176876,0.8717249427950768,2648.1775530356144,2674.5984522603812,26.4208992247668,0.009977011999999938,3,0.016153000803713412,take_profit
2022-03-24 07:00:00+00:00,2022-03-24 14:00:00+00:00,3056.87,3043.3034319285043,3079.8230731116464,0.8700341103774663,2650.4282222288352,2676.8715764071508,26.44335417831553,0.009977011999999915,3,0.017838508016369603,take_profit
2022-03-24 15:00:00+00:00,2022-03-24 15:00:00+00:00,3078.56,3078.56,3115.50272,0.5052528746717402,1557.00829814758,1572.542588622298,15.534290474717864,0.009977011999999922,1,0.0021341146510057184,take_profit
2022-03-24 16:00:00+00:00,2022-03-25 10:00:00+00:00,3114.68,3110.095152430757,3147.416294259926,0.6412268035153691,1996.2726458676864,2016.1894820107802,19.91683614309386,0.009977012000000101,2,0.009480909756379387,take_profit
2022-03-25 11:00:00+00:00,2022-03-25 12:00:00+00:00,3147.56,3147.56,3185.33072,0.49473944059016894,1558.7808544784707,1574.3328297689725,15.551975290501787,0.009977011999999891,1,0.0019125926114196335,take_profit
2022-03-25 13:00:00+00:00,2022-03-27 16:00:00+00:00,3183.15,3144.798962474506,3182.5365500242,1.4018574440632592,4412.972808435736,4457.001091101173,44.02828266543747,0.0099770120000001,5,0.033661624491462885,take_profit
2022-03-27 17:00:00+00:00,2022-03-27 20:00:00+00:00,3181.48,3181.48,3219.65776,0.4904000991704777,1561.7598673762677,1577.341564314199,15.581696937931383,0.00997701199999997,1,0.00517997912921031,take_profit
2022-03-27 21:00:00+00:00,2022-03-27 21:00:00+00:00,3238.35,3238.35,3277.2102,0.48202832098783066,1562.5389522231644,1578.1284220999623,15.58946987679792,0.009977011999999988,1,0.004588756619883622,take_profit
2022-03-27 22:00:00+00:00,2022-03-28 00:00:00+00:00,3277.18,3277.18,3316.50616,0.47655457048172134,1563.3184257170044,1578.9156724102043,15.59724669319985,0.00997701200000012,1,0.004644236813357765,take_profit
2022-03-28 01:00:00+00:00,2022-03-28 05:00:00+00:00,3291.39,3291.39,3330.88668,0.4747338327465334,1564.0982880516642,1579.7033154407352,15.605027389070983,0.009977012000000047,1,0.002239175545893951,take_profit
2022-03-28 06:00:00+00:00,2022-03-28 13:00:00+00:00,3323.87,3323.87,3363.75644,0.4703293633269944,1564.878539421118,1580.4913513874649,15.612811966346953,0.009977011999999992,1,0.00644128681326281,take_profit
2022-03-28 14:00:00+00:00,2022-03-28 18:00:00+00:00,3378.51,3363.515974773141,3403.878166470419,0.7922519008023465,2667.419343736815,2694.0322185383093,26.6128748014944,0.009977012000000026,3,0.013390518305406891,take_profit
2022-03-28 19:00:00+00:00,2022-03-29 06:00:00+00:00,3416.68,3375.5153602900878,3416.021544613569,1.3122638652198904,4434.00083463802,4478.238914173213,44.23807953519281,0.009977011999999836,5,0.02960183570015333,take_profit
2022-03-29 07:00:00+00:00,2022-03-29 11:00:00+00:00,3416.11,3411.0814437342638,3452.014421059075,0.5889311307820162,2010.902954802775,2030.9657577136782,20.0628029109032,0.009977012000000228,2,0.009106849603789142,take_profit
2022-03-29 12:00:00+00:00,2022-04-01 14:00:00+00:00,3464.92,3351.4556713213583,3391.6731393772147,2.246619714202661,7536.983365832711,7612.179939317423,75.19657348471264,0.009977011999999907,7,0.07337543146739325,take_profit
2022-04-01 15:00:00+00:00,2022-04-01 17:00:00+00:00,3422.07,3422.07,3463.13484,0.45948526238782217,1573.9646965560507,1589.6681612211669,15.703464665116144,0.009977012000000042,1,0.005131397078376522,take_profit
2022-04-01 18:00:00+00:00,2022-04-02 00:00:00+00:00,3469.71,3464.602543869843,3506.177774396281,0.5818834217712237,2018.0127961003705,2038.1465339832175,20.133737882847072,0.009977012000000061,2,0.012479429116554462,take_profit
2022-04-02 01:00:00+00:00,2022-04-03 13:00:00+00:00,3511.32,3469.0151243001383,3510.6433057917397,1.2840384013406174,4458.807441874647,4503.293017227919,44.485575353272,0.009977011999999851,5,0.028254331704316335,take_profit
2022-04-03 14:00:00+00:00,2022-04-03 22:00:00+00:00,3498.62,3498.62,3540.60344,0.45057847225925124,1577.9808354511126,1593.7243691821784,15.743533731065781,0.009977012000000004,1,0.0054993111569704,take_profit
2022-04-03 23:00:00+00:00,2022-04-04 22:00:00+00:00,3544.47,3501.7657284520087,3543.786917193433,1.2744603045400205,4467.32874545621,4511.899337957572,44.570592501362626,0.009977012000000242,5,0.03907495337807909,take_profit
2022-04-04 23:00:00+00:00,2024-02-14 21:00:00+00:00,3527.16,2749.1081660259706,2782.097464018282,11.490384880010941,31619.93083525468,31935.403264637178,315.4724293824984,0.009977011999999761,13,0.7500652082695426,take_profit
2024-02-14 22:00:00+00:00,2024-02-15 00:00:00+00:00,2778.39,2778.39,2811.73068,0.5741358819563228,1596.7701632318594,1612.701158311666,15.930995079806507,0.009977012000000179,1,0.0053016315204129074,take_profit
2024-02-15 01:00:00+00:00,2024-02-15 14:00:00+00:00,2817.95,2794.422748201407,2827.955821179824,1.294553612982693,3621.151216101259,3657.2794852381157,36.12826913685694,0.009977012000000025,4,0.020830745754892677,take_profit
2024-02-15 15:00:00+00:00,2024-02-18 22:00:00+00:00,2852.59,2818.2215957039884,2852.040254852436,1.6042414694146276,4525.633587415618,4570.785888024867,45.152300609248414,0.009977011999999943,5,0.046827619812170665,take_profit
2024-02-18 23:00:00+00:00,2024-02-19 05:00:00+00:00,2879.99,2875.750619019949,2910.2596264481886,0.7129991250537253,2052.4601353693024,2072.937554769403,20.477419400100644,0.00997701199999975,2,0.008006972246431394,take_profit
2024-02-19 06:00:00+00:00,2024-02-19 17:00:00+00:00,2907.01,2902.730845245013,2937.563615387953,0.7068235204137753,2053.77220705679,2074.2627170118626,20.49050995507241,0.009977012000000162,2,0.007217037437091726,take_profit
2024-02-19 18:00:00+00:00,2024-02-19 22:00:00+00:00,2942.56,2938.2285152043382,2973.48725738679,0.6987305520207914,2055.0851175094667,2075.58872638788,20.50360887841316,0.009977011999999903,2,0.007656598336142592,take_profit
2024-02-19 23:00:00+00:00,2024-02-20 13:00:00+00:00,2961.52,2925.8391917903646,2960.949262091849,1.5503853321598624,4540.718886096344,4586.021692911554,45.302806815209806,0.009977011999999988,5,0.029363299927064494,take_profit
2024-02-20 14:00:00+00:00,2024-02-20 22:00:00+00:00,2997.61,2961.4943744100033,2997.032306902923,1.533881443496071,4547.1283943198305,4592.495148875499,45.366754555668194,0.009977011999999673,5,0.037409803143170835,take_profit
2024-02-20 23:00:00+00:00,2024-02-20 23:00:00+00:00,2995.05,2995.0499999999997,3030.9905999999996,0.5367618432603546,1609.2377964533782,1625.293181259447,16.055384806068787,0.009977011999999922,1,0.0001368925393567083,take_profit
2024-02-21 00:00:00+00:00,2024-02-22 08:00:00+00:00,3014.81,2978.487146398306,3014.2289921550855,1.5280450938344488,4555.8184895924915,4601.271945332977,45.45345574048588,0.009977011999999938,5,0.048696269416646475,take_profit
2024-02-22 09:00:00+00:00,2024-02-22 20:00:00+00:00,3020.77,2984.375339482623,3020.1878435564145,1.527182925766766,4562.2493118491075,4607.766927980417,45.517616131309296,0.009977011999999784,5,0.030250565253230173,take_profit
2024-02-22 21:00:00+00:00,2024-02-25 01:00:00+00:00,3013.02,2976.7187125692894,3012.439337120121,1.533272358966641,4568.689211612871,4614.271078701402,45.581867088531,0.009977011999999747,5,0.03550258544583169,take_profit
2024-02-25 02:00:00+00:00,2024-02-25 14:00:00+00:00,3017.08,3017.0799999999995,3053.2849599999995,0.5353690801798613,1616.8682126416975,1632.9997262016423,16.13151355994478,0.009977012000000007,1,0.002214061277791718,take_profit
2024-02-25 15:00:00+00:00,2024-02-25 20:00:00+00:00,3067.6,3063.0844547743554,3099.841468231648,0.6760986497708014,2073.020284291164,2093.7028325437805,20.68254825261647,0.009977012000000056,2,0.012948233146433629,take_profit
2024-02-25 21:00:00+00:00,2024-02-26 15:00:00+00:00,3098.61,3072.739499211967,3109.6123732025108,1.1928783646398613,3669.0735423266046,3705.6799330872796,36.60639076067491,0.009977011999999964,4,0.02001542627177992,take_profit
2024-02-26 16:00:00+00:00,2024-02-26 19:00:00+00:00,3145.59,3140.9596525276006,3178.651168357932,0.6605033360818964,2076.6910200131274,2097.4101912400906,20.719171226963226,0.009977012000000007,2,0.008135198802132555,take_profit
2024-02-26 20:00:00+00:00,2024-02-27 01:00:00+00:00,3179.11,3179.11,3217.25932,0.5095619901915555,1621.5751938317076,1637.7536689994688,16.178475167761235,0.009977011999999976,1,0.006004825249834119,take_profit
2024-02-27 02:00:00+00:00,2024-02-27 02:00:00+00:00,3221.61,3221.61,3260.2693200000003,0.5030906079483567,1622.3841175900957,1638.5706633999016,16.18654580980592,0.009977012000000077,1,0.0028495069235569452,take_profit
2024-02-27 03:00:00+00:00,2024-02-27 12:00:00+00:00,3239.95,3235.1807534379236,3274.002922479179,0.6423172015745608,2080.092340476603,2100.845446718646,20.75310624204303,0.009977011999999941,2,0.011598944428154734,take_profit
2024-02-27 13:00:00+00:00,2024-02-28 07:00:00+00:00,3257.09,3242.6348438435434,3281.546461969666,0.8525293366832578,2767.2085410690242,2794.8170138897726,27.608472820748375,0.009977012000000082,3,0.016385792225575697,take_profit
2024-02-28 08:00:00+00:00,2024-02-28 09:00:00+00:00,3303.0,3303.0,3342.636,0.4916699704238244,1625.6115238337256,1641.830269514353,16.218745680627308,0.009977011999999964,1,0.006115652437178268,take_profit
2024-02-28 10:00:00+00:00,2024-02-28 15:00:00+00:00,3359.58,3331.530643340898,3371.509011060989,1.1054591463285541,3686.557578533582,3723.338407733302,36.7808291997203,0.00997701199999995,4,0.0244197191315581,take_profit
2024-02-28 16:00:00+00:00,2024-02-28 16:00:00+00:00,3348.38,3348.38,3388.5605600000004,0.48579708428409113,1628.261502577743,1644.5066871280992,16.24518455035627,0.009977012000000061,1,0.00026281365914266274,take_profit
2024-02-28 17:00:00+00:00,2024-02-28 17:00:00+00:00,3423.38,3311.27596483847,3351.0112764165315,2.35913121876861,7819.554056665251,7897.569841323247,78.01578465799594,0.00997701199999975,7,0.07221517915043035,take_profit
2024-02-28 18:00:00+00:00,2024-02-28 18:00:00+00:00,3342.02,3301.7548744385426,3341.375932931805,1.398072430092082,4620.713174048719,4666.814084834761,46.10091078604182,0.009977011999999928,5,0.04112782089873784,take_profit
2024-02-28 19:00:00+00:00,2024-02-28 22:00:00+00:00,3318.34,3303.6130127567194,3343.2563689098,0.8424854432487977,2786.031905280121,2813.8281790314836,27.796273751362605,0.009977011999999992,3,0.019551944647022337,take_profit
2024-02-28 23:00:00+00:00,2024-02-28 23:00:00+00:00,3340.33,3340.33,3380.41396,0.489482398701555,1636.6694102650304,1652.9984806112773,16.32907034624691,0.009977011999999863,1,0.0003382899294381421,take_profit
2024-02-29 00:00:00+00:00,2024-02-29 00:00:00+00:00,3383.11,3383.11,3423.70732,0.4835339016226373,1637.485863782343,1653.8230798951297,16.33721611278679,0.009977011999999993,1,0.0026395831054858666,take_profit
2024-02-29 01:00:00+00:00,2024-02-29 06:00:00+00:00,3449.39,3434.08140518238,3475.2903820445686,0.8119758701819876,2791.1824196684142,2819.030080163635,27.84766049522068,0.009977011999999955,3,0.017229133267041372,take_profit
2024-02-29 07:00:00+00:00,2024-02-29 11:00:00+00:00,3479.78,3474.6577207050163,3516.3536133534767,0.6041279013634511,2101.2389156815157,2122.203001558137,20.96408587662154,0.009977012000000033,2,0.010707573467288223,take_profit
2024-02-29 12:00:00+00:00,2024-03-03 16:00:00+00:00,3513.88,3437.0925038132027,3478.337613858961,1.7521158494689089,6028.212464486375,6088.3560125831045,60.14354809672932,0.009977011999999863,6,0.06086718954545975,take_profit
2024-03-03 17:00:00+00:00,2024-03-04 00:00:00+00:00,3480.51,3465.063292799981,3506.6440523135807,0.8073916971794588,2800.4637966046257,2828.404057508915,27.94026090428906,0.009977011999999697,3,0.01629933544221968,take_profit
2024-03-04 01:00:00+00:00,2024-03-04 08:00:00+00:00,3485.52,3480.3892713538644,3522.153942610111,0.6051385831613245,2108.2260585755275,2129.2598552606487,21.03379668512116,0.009977012000000198,2,0.008366040074364759,take_profit
2024-03-04 09:00:00+00:00,2024-03-04 15:00:00+00:00,3534.01,3504.504315680284,3546.5583674684476,1.0636749494410114,3731.3848356326644,3768.61290691439,37.22807128172553,0.009977012000000111,4,0.021216691520397513,take_profit
2024-03-04 16:00:00+00:00,2024-03-04 19:00:00+00:00,3560.42,3555.1790176254117,3597.841165836917,0.5934573657825892,2111.9591338193295,2133.0301754409547,21.071041621625227,0.00997701200000008,2,0.00898770369787834,take_profit
2024-03-04 20:00:00+00:00,2024-03-04 23:00:00+00:00,3593.0,3587.7110594615533,3630.763592175092,0.5884520512018491,2113.3092413010113,2134.393752961182,21.084511660170847,0.009977011999999888,2,0.009657667687169446,take_profit
2024-03-05 00:00:00+00:00,2024-03-05 03:00:00+00:00,3627.75,3627.75,3671.283,0.4544189111834164,1650.1683734190578,1666.6321230826802,16.463749663622366,0.009977011999999966,1,0.005653642064640678,take_profit
2024-03-05 04:00:00+00:00,2024-03-05 04:00:00+00:00,3689.81,3689.81,3734.08772,0.44699878024649964,1650.991560902239,1667.4635235172595,16.47196261502063,0.009977012000000158,1,0.0048105458004612705,take_profit
2024-03-05 05:00:00+00:00,2024-03-05 05:00:00+00:00,3695.65,3679.2484888812996,3723.399470747875,0.7641205559152028,2814.203604278427,2842.2809474087558,28.0773431303287,0.009977011999999851,3,0.014652361560212707,take_profit
2024-03-05 06:00:00+00:00,2024-03-05 12:00:00+00:00,3715.8,3699.309062001307,3743.700770745323,0.7606227907468481,2816.595377952492,2844.696583837468,28.101205884976025,0.009977011999999815,3,0.01720490876796391,take_profit
2024-03-05 13:00:00+00:00,2024-03-05 14:00:00+00:00,3759.0,3759.0,3804.108,0.4397364890655152,1654.6240864837555,1671.132290850093,16.508204366337623,0.009977012000000094,1,0.00347166799680771,take_profit
2024-03-05 15:00:00+00:00,2024-03-05 19:00:00+00:00,3803.95,3496.7945605602217,3538.7560952869444,4.666397844224158,16333.768367460443,16496.730570467815,162.9622030073715,0.009977011999999893,10,0.15876917414792513,take_profit
2024-03-05 20:00:00+00:00,2024-03-05 20:00:00+00:00,3376.46,3361.4750727931896,3401.812773666708,0.8423216193925516,2834.2774042671217,2862.555023940824,28.277619673702247,0.009977012000000113,3,0.01533558816038105,take_profit
2024-03-05 21:00:00+00:00,2024-03-05 21:00:00+00:00,3387.81,3387.81,3428.46372,0.49097985906774283,1665.011487836126,1681.623327430405,16.61183959427899,0.009977012000000065,1,0.0007674574430088786,take_profit
2024-03-05 22:00:00+00:00,2024-03-05 23:00:00+00:00,3520.05,3490.660868647905,3532.5487990716797,1.080635715550365,3775.908714249237,3813.5810008022054,37.67228655296822,0.009977011999999737,4,0.024170111220011187,take_profit
2024-03-06 00:00:00+00:00,2024-03-06 04:00:00+00:00,3553.66,3537.888648816289,3580.3433126020846,0.8023059551017568,2841.3104418740904,2869.658230248394,28.34778837430349,0.009977012000000137,3,0.015268765160426086,take_profit
2024-03-06 05:00:00+00:00,2024-03-06 05:00:00+00:00,3649.28,3649.28,3693.0713600000004,0.45693231006627094,1669.1430835622034,1685.7961441366208,16.653060574417395,0.009977012000000174,1,0.0006247807786742042,take_profit
2024-03-06 06:00:00+00:00,2024-03-06 08:00:00+00:00,3769.44,3763.8913375944217,3809.0580336455546,0.5680033630700076,2140.0429809646657,2161.394215466266,21.351234501600175,0.00997701199999997,2,0.007589986841546789,take_profit
2024-03-06 09:00:00+00:00,2024-03-06 09:00:00+00:00,3825.38,3819.7489932209955,3865.5859811396476,0.5600550283017979,2141.4110415456944,2162.7759252041283,21.364883658433882,0.009977011999999995,2,0.009761121770909072,take_profit
2024-03-06 10:00:00+00:00,2024-03-06 10:00:00+00:00,3792.23,3792.23,3837.7367600000002,0.44049001008810834,1672.111542498926,1688.7942194237764,16.68267692485051,0.00997701200000013,1,0.00011338974692986351,take_profit
2024-03-06 11:00:00+00:00,2024-03-06 11:00:00+00:00,3839.8,3839.8,3885.8776000000003,0.43524994287953106,1672.9456763451685,1689.6366754334124,16.69099908824387,0.009977012000000006,1,0.001122454294494609,take_profit
2024-03-06 12:00:00+00:00,2024-03-06 12:00:00+00:00,3879.74,3832.996348482114,3878.9923046638996,1.2343977174873464,4736.17812182548,4783.431027781071,47.252905955590904,0.009977012000000132,5,0.03215163902735745,take_profit
2024-03-06 13:00:00+00:00,2024-03-06 14:00:00+00:00,3817.42,3811.8007104396665,3857.5423189649428,0.5629355433882157,2147.9460502692095,2169.3761337880983,21.43008351888875,0.009977012000000113,2,0.012702296315312498,take_profit
2024-03-06 15:00:00+00:00,2024-03-06 16:00:00+00:00,3781.96,3765.175440046952,3810.3575453275157,0.7581635737883619,2857.476343910075,2885.9854196829824,28.509075772907636,0.009977012000000243,3,0.015325386836455181,take_profit
2024-03-06 17:00:00+00:00,2024-03-06 18:00:00+00:00,3816.01,3810.392785977145,3856.117499408871,0.5639824633601692,2151.1458556608695,2172.607863676548,21.462008015678293,0.009977011999999782,2,0.006889394943933694,take_profit
2024-03-06 19:00:00+00:00,2024-03-07 17:00:00+00:00,3862.11,3815.578757194104,3861.365702280433,1.2444278607710852,4752.96547589455,4800.385869483135,47.420393588585284,0.009977011999999926,5,0.03291206102363737,take_profit
2024-03-07 18:00:00+00:00,2024-03-07 20:00:00+00:00,3858.61,3858.61,3904.91332,0.43549409390752647,1682.083949642163,1698.86612139275,16.782171750587167,0.009977011999999948,1,0.0038148452421986816,take_profit
2024-03-07 21:00:00+00:00,2024-03-08 07:00:00+00:00,3928.87,3896.0676033024224,3942.8204145420514,0.9781172610621947,3814.6255986539686,3852.684164027246,38.05856537327736,0.009977011999999877,4,0.022619735445560656,take_profit
2024-03-08 08:00:00+00:00,2024-03-08 13:00:00+00:00,3908.16,3908.16,3955.0579199999997,0.43067355494960746,1684.825986498356,1701.635515583562,16.809529085205895,0.009977011999999976,1,2.558748874089989e-06,take_profit
2024-03-08 14:00:00+00:00,2024-03-08 15:00:00+00:00,3971.08,3937.9251892076313,3985.180291478123,0.9692980326723641,3820.8439826925974,3858.964588958049,38.12060626545144,0.009977011999999896,4,0.02142490204176192,take_profit
2024-03-08 16:00:00+00:00,2024-03-08 17:00:00+00:00,3900.76,3868.192295560291,3914.6106031070144,0.9878875872166986,3825.1643180693472,3863.328028372697,38.163710303349944,0.009977012000000065,4,0.020703657748746454,take_profit
2024-03-08 18:00:00+00:00,2024-03-11 07:00:00+00:00,3942.38,3856.228654701668,3902.503398558088,1.6080659210488972,6207.277160558547,6269.207239276765,61.93007871821828,0.009977011999999957,6,0.0556592718104293,take_profit
2024-03-11 08:00:00+00:00,2024-03-11 11:00:00+00:00,4001.4,4001.4,4049.4168,0.42257325074580143,1692.577182716967,1709.46404557986,16.886862862893167,0.009977011999999879,1,0.003633728195131695,take_profit
2024-03-11 12:00:00+00:00,2024-03-11 18:00:00+00:00,4034.25,4028.3115339918654,4076.651272399768,0.5381704515931047,2170.0883257318465,2191.739322998733,21.650997266886407,0.009977011999999938,2,0.008757513788188617,take_profit
2024-03-11 19:00:00+00:00,2024-03-13 01:00:00+00:00,4058.44,3969.7524392340256,4017.389468504834,1.5667243372827153,6225.7334930284,6287.847710797146,62.11421776874613,0.00997701199999998,6,0.05653896571096284,take_profit
2024-03-13 02:00:00+00:00,2024-03-13 07:00:00+00:00,4021.4,4021.4,4069.6568,0.42172183240296446,1697.609786611893,1714.5468598242376,16.937073212344558,0.009977012000000155,1,0.0021286119261948438,take_profit
2024-03-13 08:00:00+00:00,2024-03-25 17:00:00+00:00,4038.36,3612.2201626569113,3655.5668046087944,5.692398177266947,20582.778248043156,20788.132873617225,205.35462557406936,0.009977012000000186,11,0.24311849364593552,take_profit
2024-03-25 18:00:00+00:00,2024-03-26 07:00:00+00:00,3638.91,3622.7603043240156,3666.233427975904,0.8027715432646672,2911.1600404205856,2940.2047190777826,29.044678657196982,0.009977012000000108,3,0.01990706008117817,take_profit
2024-03-26 08:00:00+00:00,2024-03-27 13:00:00+00:00,3635.14,3591.3433235787115,3634.439443461656,1.3461055635207426,4839.166394777156,4887.446815967844,48.280421190687775,0.009977011999999867,5,0.02810895866459059,take_profit
2024-03-27 14:00:00+00:00,2024-03-28 06:00:00+00:00,3565.86,3522.8980187328098,3565.1727949576034,1.3741956642999384,4845.997180293764,4894.345752313521,48.34857201975683,0.009977011999999955,5,0.02968147936262224,take_profit
2024-03-28 07:00:00+00:00,2024-03-31 05:00:00+00:00,3574.39,3531.3252480967744,3573.7011510739358,1.3728513885532319,4852.837607890634,4901.25442693861,48.41681904797588,0.009977011999999943,5,0.035944594742039905,take_profit
2024-03-31 06:00:00+00:00,2024-03-31 18:00:00+00:00,3604.2,3604.2,3647.4503999999997,0.4760311489930906,1717.4288960969943,1734.5637048025005,17.134808705506202,0.009977011999999846,1,0.0010598745907551494,take_profit
2024-03-31 19:00:00+00:00,2024-04-08 08:00:00+00:00,3629.18,3476.410923657374,3518.1278547412626,2.926078415830448,10182.433401672708,10284.023661910396,101.5902602376882,0.009977011999999879,8,0.11748935021134248,take_profit
2024-04-08 09:00:00+00:00,2024-04-08 11:00:00+00:00,3596.32,3596.32,3639.47584,0.47872319048210676,1723.3651495441545,1740.5591843215382,17.19403477738365,0.009977011999999898,1,0.0030030698046892884,take_profit
2024-04-08 12:00:00+00:00,2024-04-08 17:00:00+00:00,3633.07,3633.07,3676.6668400000003,0.47411710383552774,1724.2248512830238,1741.4274633149728,17.202612031949002,0.009977012000000033,1,0.0057995028997514944,take_profit
2024-04-08 18:00:00+00:00,2024-04-08 22:00:00+00:00,3668.2,3668.2,3712.2183999999997,0.4698107782843729,1725.0849818846214,1742.2961754499038,17.21119356528243,0.009977011999999872,1,2.726132708075768e-06,take_profit
2024-04-08 23:00:00+00:00,2024-04-11 08:00:00+00:00,3721.24,3564.5956898116847,3607.370838089425,2.866411367565804,10227.825431483763,10329.868568547583,102.04313706381981,0.00997701200000011,8,0.08314970278724286,take_profit
2024-04-11 09:00:00+00:00,2024-04-15 10:00:00+00:00,3608.18,3227.434044140545,3266.163252670232,6.493318087832559,20977.733589694086,21187.028689451265,209.29509975717883,0.009977011999999898,11,0.20957380175046697,take_profit
2024-04-15 11:00:00+00:00,2024-04-20 17:00:00+00:00,3260.64,3123.3844874363303,3160.865101285566,3.300827600835506,10320.073797949248,10423.037298072273,102.96350012302537,0.009977012000000014,8,0.12128293831885767,take_profit
2024-04-20 18:00:00+00:00,2024-04-21 02:00:00+00:00,3154.28,3149.6368607398804,3187.432503068759,0.7099469035186863,2238.313249740334,2260.6449278927525,22.33167815241859,0.009977012000000125,2,0.00868978023510922,take_profit
2024-04-21 03:00:00+00:00,2024-04-22 03:00:00+00:00,3181.8,3155.2349403741155,3193.097759658605,1.254317600547032,3961.6283479201384,4001.1535614868776,39.52521356673924,0.00997701199999996,4,0.020526117292098935,take_profit
2024-04-22 04:00:00+00:00,2024-04-22 05:00:00+00:00,3190.09,3190.0899999999997,3228.37108,0.5479480890893517,1749.7534729960457,1767.210784393169,17.45731139712325,0.009977012000000014,1,0.0017428975358061826,take_profit
2024-04-22 06:00:00+00:00,2024-04-23 14:00:00+00:00,3227.66,3200.7120521867864,3239.120596813028,1.238511373848912,3968.0863674160437,4007.67601272079,39.58964530474623,0.009977011999999988,4,0.023441130726284634,take_profit
2024-04-23 15:00:00+00:00,2024-04-24 04:00:00+00:00,3247.84,3233.425895885227,3272.2270066358496,0.9225308397667635,2985.921028082681,3015.7115980109143,29.790569928233253,0.009977012000000002,3,0.01890795113059766,take_profit
2024-04-24 05:00:00+00:00,2024-04-27 17:00:00+00:00,3271.47,3199.9797982429054,3238.3795558218203,2.011960067281376,6444.676246418259,6508.974858664889,64.29861224663,0.00997701200000001,6,0.062580430204159,take_profit
2024-04-27 18:00:00+00:00,2024-04-28 02:00:00+00:00,3257.75,3252.9545516172775,3291.990006236685,0.6915893181663253,2251.960580959997,2274.4284186997625,22.4678377397654,0.00997701200000024,2,0.01064538408410708,take_profit
2024-04-28 03:00:00+00:00,2024-04-28 18:00:00+00:00,3310.6,3305.726755762153,3345.3954768312988,0.6809839266808201,2253.400186859619,2275.8823875647195,22.48220070510024,0.009977011999999813,2,0.010750317163051921,take_profit
2024-04-28 19:00:00+00:00,2024-05-03 20:00:00+00:00,3344.29,3074.250471466751,3111.141477124352,5.641573224182939,17360.97011437297,17534.18072153571,173.21060716274224,0.009977012000000101,10,0.15766874284227742,take_profit
2024-05-03 21:00:00+00:00,2024-05-04 10:00:00+00:00,3112.99,3112.99,3150.34588,0.5674448340367437,1768.218312220263,1785.8598475399044,17.641535319641434,0.00997701200000007,1,0.006469664213505304,take_profit
2024-05-04 11:00:00+00:00,2024-05-05 08:00:00+00:00,3165.34,3127.203539851736,3164.729982329957,1.5991581346903356,5005.898878464781,5055.842791646011,49.94391318123053,0.009977012000000174,5,0.029175380843764132,take_profit
2024-05-05 09:00:00+00:00,2024-05-06 06:00:00+00:00,3155.79,3151.1446380011625,3188.9583736571767,0.7197382184594233,2270.2694973602815,2292.920003378679,22.650506018397664,0.009977012000000073,2,0.01042528178364216,take_profit
2024-05-06 07:00:00+00:00,2024-05-06 08:00:00+00:00,3176.42,3176.42,3214.53704,0.5575324987993652,1772.7301099462259,1790.4166595259207,17.686549579694884,0.009977012000000039,1,0.0024492982666020867,take_profit
2024-05-06 09:00:00+00:00,2024-05-17 15:00:00+00:00,3197.61,3063.0077134768894,3099.763806038612,3.4279369991003668,10510.30777733458,10615.16924415274,104.8614668181599,0.00997701199999995,8,0.10495651439669007,take_profit
2024-05-17 16:00:00+00:00,2024-05-18 10:00:00+00:00,3111.54,3097.7308032670076,3134.9035729062116,0.9773655864902374,3030.6461294533865,3060.8829222546965,30.236792801310003,0.009977012000000004,3,0.014263033738920313,take_profit
2024-05-18 11:00:00+00:00,2024-05-20 05:00:00+00:00,3137.2,3099.4025745173867,3136.5954054115955,1.6237800539711622,5037.785865593795,5088.047915628255,50.26205003446012,0.009977012000000085,5,0.02853818691827099,take_profit
2024-05-20 06:00:00+00:00,2024-05-20 16:00:00+00:00,3124.94,3111.0713332822984,3148.404189281686,0.9753765213887852,3037.5034382875456,3067.8086465413817,30.3052082538361,0.009977011999999999,3,0.019181168278430964,take_profit
2024-05-20 17:00:00+00:00,2024-05-20 19:00:00+00:00,3135.4,3135.4,3173.0248,0.5685441460761875,1784.3977133205992,1802.2006707191713,17.80295739857206,0.009977011999999934,1,0.002998022580850957,take_profit
2024-05-20 20:00:00+00:00,2024-05-20 20:00:00+00:00,3438.86,3438.8599999999997,3480.12632,0.5186319225933412,1785.2878611905278,1803.09969960508,17.811838414552312,0.009977012000000045,1,0.00537678184049372,take_profit
2024-05-20 21:00:00+00:00,2024-05-20 21:00:00+00:00,3500.07,3500.0700000000006,3542.0708400000008,0.5098161678646839,1786.1784531112555,1803.9991769720882,17.820723860832686,0.009977012000000141,1,0.0042999140017200175,take_profit
2024-05-20 22:00:00+00:00,2024-05-20 23:00:00+00:00,3646.09,3640.722910323456,3684.4115852473374,0.6283934307991881,2290.096456664025,2312.9447764933198,22.848319829294724,0.009977012000000117,2,0.010781412417137247,take_profit
2024-05-21 00:00:00+00:00,2024-05-21 00:00:00+00:00,3661.79,3661.79,3705.73148,0.4878553093952592,1788.2119052957619,1806.0529169334407,17.841011637678776,0.009977012000000054,1,2.730904830632978e-06,take_profit
2024-05-21 01:00:00+00:00,2024-05-21 10:00:00+00:00,3688.9,3672.528445776582,3716.598787125901,0.829144001976506,3048.1030359396923,3078.513996506499,30.410960566806807,0.009977012000000021,3,0.017517417116213477,take_profit
2024-05-21 11:00:00+00:00,2024-05-21 11:00:00+00:00,3717.0,3717.0,3761.604,0.48125743325318265,1790.6245039059859,1808.4895860689498,17.865082162963972,0.009977011999999947,1,0.0015577078288942598,take_profit
2024-05-21 12:00:00+00:00,2024-05-21 13:00:00+00:00,3777.98,3772.418766608561,3817.6877918078635,0.6079656516690413,2295.796830640335,2318.7020231691954,22.905192528860425,0.009977011999999928,2,0.007784583295835302,take_profit
2024-05-21 14:00:00+00:00,2024-05-21 14:00:00+00:00,3768.75,3768.75,3813.975,0.4751894804969649,1792.663017640577,1810.5484380795333,17.885420438956317,0.009977012000000039,1,0.0007907131011608672,take_profit
2024-05-21 15:00:00+00:00,2024-05-21 16:00:00+00:00,3775.99,3775.99,3821.30188,0.4745149567064167,1793.5572886625248,1811.4516312541984,17.89434259167365,0.009977012000000098,1,0.0024470403788145047,take_profit
2024-05-21 17:00:00+00:00,2024-05-21 22:00:00+00:00,3774.11,3742.5997048259956,3787.5109012839075,1.0857044414009986,4067.4245464621117,4108.005289971259,40.580743509147396,0.009977012000000085,4,0.024755505271441554,take_profit
2024-05-21 23:00:00+00:00,2024-05-23 07:00:00+00:00,3813.79,3767.840923329295,3813.0550144092467,1.3477991018191644,5083.375988248964,5134.092891484235,50.716903235271275,0.009977011999999902,5,0.042120829935575865,take_profit
2024-05-23 08:00:00+00:00,2024-05-23 11:00:00+00:00,3813.99,3813.99,3859.7578799999997,0.47121724787983205,1799.0168881293298,1816.9657012103987,17.94881308106892,0.009977011999999966,1,0.006043539705138118,take_profit
2024-05-23 12:00:00+00:00,2024-05-23 12:00:00+00:00,3918.45,3871.239964974389,3917.6948445540816,1.3143070103220862,5093.090915520388,5143.904744701625,50.81382918123654,0.009977011999999733,5,0.049879416606055924,take_profit
2024-05-23 13:00:00+00:00,2024-05-23 13:00:00+00:00,3865.45,3818.878516405787,3864.7050586026567,1.334208414677923,5100.280131352696,5151.165687426564,50.88555607386752,0.009977012000000018,5,0.03504119830808827,take_profit
2024-05-23 14:00:00+00:00,2024-05-23 14:00:00+00:00,3781.62,3776.05340848344,3821.3660493852412,0.6119511170491434,2313.0731745331996,2336.1507333523955,23.07755881919593,0.009977012000000044,2,0.007626361189119925,take_profit
2024-05-23 15:00:00+00:00,2024-05-23 15:00:00+00:00,3763.98,3763.98,3809.14776,0.4793721068685571,1806.1531759870984,1824.17318789776,18.02001191066165,0.009977012000000143,1,0.0013230676039723958,take_profit
2024-05-23 16:00:00+00:00,2024-05-23 19:00:00+00:00,3812.96,3767.020923285673,3812.225174365101,1.3560266455616925,5113.294040404186,5164.309436404827,51.015396000640976,0.009977011999999987,5,0.03355922957492343,take_profit
2024-05-23 20:00:00+00:00,2024-05-23 20:00:00+00:00,3791.33,3667.1768555553385,3711.1829778220026,2.366239202712267,8686.10374263678,8772.765103910311,86.66136127353093,0.009977011999999869,7,0.07736862789575161,take_profit
2024-05-23 21:00:00+00:00,2024-05-23 21:00:00+00:00,3756.01,3750.4811067208984,3795.4868800015493,0.6191748151811225,2324.5279740682727,2347.7198175598874,23.19184349161469,0.009977011999999933,2,0.009587301418260393,take_profit
2024-05-23 22:00:00+00:00,2024-05-26 08:00:00+00:00,3843.4,3759.411627362251,3804.5245668905977,1.772121522115906,6668.803058399826,6735.3377865391185,66.53472813929238,0.009977012000000092,6,0.05653848155279184,take_profit
2024-05-26 09:00:00+00:00,2024-05-26 14:00:00+00:00,3794.45,3794.45,3839.9834,0.4787534210978818,1818.4243430278855,1836.566784519367,18.142441491481577,0.009977012000000136,1,0.0014758397132654032,take_profit
2024-05-26 15:00:00+00:00,2024-05-27 02:00:00+00:00,3862.4,3856.7144993221,3902.9950733139653,0.6039099191899113,2331.439581205374,2354.700381884335,23.260800678961004,0.009977012000000006,2,0.011653376139188126,take_profit
2024-05-27 03:00:00+00:00,2024-05-27 15:00:00+00:00,3914.49,3908.7278221963975,3955.6325560627542,0.5962546310441275,2332.9299954711,2356.205666031075,23.27567055997497,0.00997701199999994,2,0.007745581161275086,take_profit
2024-05-27 16:00:00+00:00,2024-07-15 19:00:00+00:00,3963.39,3383.117547223232,3423.714957789911,8.335722079270436,28228.956591747687,28510.597230411033,281.6406386633462,0.009977012000000014,12,0.2910109779759246,take_profit
2024-07-15 20:00:00+00:00,2024-07-15 22:00:00+00:00,3406.0,3406.0,3446.872,0.5384335232756831,1835.740320597574,1854.0555238050597,18.315203207485638,0.009977011999999888,1,0.0008191426893716863,take_profit
2024-07-15 23:00:00+00:00,2024-07-16 15:00:00+00:00,3472.75,3430.9098210682314,3472.0807389210504,1.5132602370382489,5197.056465552119,5248.907560273611,51.85109472149179,0.009977012000000136,5,0.03634007630840107,take_profit
2024-07-16 16:00:00+00:00,2024-07-17 01:00:00+00:00,3476.21,3460.7823764517907,3502.311764969212,0.9045356908053572,3133.5347123231495,3164.798025750414,31.26331342726462,0.009977012000000004,3,0.017806749304558726,take_profit
2024-07-17 02:00:00+00:00,2024-07-18 13:00:00+00:00,3482.33,3440.374399884971,3481.6588926835907,1.5125117777031176,5208.815615149464,5260.784031047597,51.96841589813266,0.009977011999999823,5,0.030534153856756806,take_profit
2024-07-18 14:00:00+00:00,2024-07-19 14:00:00+00:00,3467.38,3425.604519581187,3466.7117738161614,1.5211773529754817,5216.168183620976,5268.209956182983,52.04177256200637,0.009977012000000323,5,0.028892131811338904,take_profit
2024-07-19 15:00:00+00:00,2024-07-19 17:00:00+00:00,3468.01,3462.905046290916,3504.4599068464067,0.6824515626111467,2365.630590605867,2389.2325153959086,23.60192479004172,0.009977011999999957,2,0.008168949916522842,take_profit
2024-07-19 18:00:00+00:00,2024-07-21 20:00:00+00:00,3500.61,3471.383174499665,3513.039772593661,1.2049325227901286,4186.969455476563,4228.742899977487,41.77344450092369,0.009977012000000132,4,0.025484129908787335,take_profit
2024-07-21 21:00:00+00:00,2024-07-21 22:00:00+00:00,3497.8,3497.7999999999997,3539.7736,0.5281696489147147,1849.281079052942,1867.7313785700262,18.450299517084204,0.009977012000000028,1,0.0021013208302362524,take_profit
2024-07-21 23:00:00+00:00,2024-07-23 09:00:00+00:00,3533.48,3490.908137512972,3532.799035163128,1.4982220423957417,5235.390910511111,5287.624468449972,52.23355793886094,0.009977012000000127,5,0.031453411367829975,take_profit
2024-07-23 10:00:00+00:00,2024-08-14 12:00:00+00:00,3522.0,2745.086404003069,2778.027440851106,13.485640772214776,37056.305438514755,37426.01664255047,369.71120403571695,0.00997701199999973,13,0.40062464508801815,take_profit
2024-08-14 13:00:00+00:00,2024-08-14 13:00:00+00:00,2732.03,2699.114119488313,2731.503488922173,1.9598256902382851,5295.088280538624,5347.9174398546165,52.82915931599291,0.009977011999999943,5,0.02964096294696618,take_profit
2024-08-14 14:00:00+00:00,2024-08-15 13:00:00+00:00,2659.19,2636.9882459907735,2668.632104942663,1.6091671732472972,4247.602524211533,4289.980905566822,42.37838135528909,0.00997701200000008,4,0.026395255698163745,take_profit
2024-08-15 14:00:00+00:00,2024-08-18 02:00:00+00:00,2662.74,2604.55214566336,2635.8067714113204,2.643792359300632,6892.787849954812,6961.557277047265,68.76942709245304,0.009977011999999954,6,0.055217557853939836,take_profit
2024-08-18 03:00:00+00:00,2024-08-18 09:00:00+00:00,2631.1,2619.423024121761,2650.856100411222,1.2212263642716772,3202.1105668045448,3234.05806235488,31.947495550335134,0.00997701199999981,3,0.01389912964159466,take_profit
2024-08-18 10:00:00+00:00,2024-08-18 12:00:00+00:00,2645.22,2645.22,2676.9626399999997,0.7104195334368917,1881.0970552932276,1899.8647831870528,18.767727893825167,0.009977011999999985,1,0.0010811955149286913,take_profit
2024-08-18 13:00:00+00:00,2024-08-20 00:00:00+00:00,2666.8,2634.6700196745405,2666.2860599106352,2.019280496925609,5325.463249813221,5378.595460562169,53.13221074894773,0.009977012000000417,5,0.03870556472176401,take_profit
2024-08-20 01:00:00+00:00,2024-08-20 05:00:00+00:00,2659.39,2659.39,2691.30268,0.7079846732420371,1884.692052225366,1903.4956474467233,18.803595221357227,0.009977012000000065,1,0.005531343653995855,take_profit
2024-08-20 06:00:00+00:00,2024-08-21 20:00:00+00:00,2684.01,2625.357340364405,2656.861628448778,2.636221910775146,6927.952496779786,6997.072761975589,69.12026519580286,0.009977012000000141,6,0.05506313314779021,take_profit
2024-08-21 21:00:00+00:00,2024-08-23 00:00:00+00:00,2630.59,2618.9152875316267,2650.342270982006,1.2276946141467147,3218.4466400491224,3250.557120798251,32.11048074912878,0.009977011999999692,3,0.01763482716804988,take_profit
2024-08-23 01:00:00+00:00,2024-08-23 05:00:00+00:00,2638.51,2638.51,2670.17212,0.7158597373193192,1890.6937692836807,1909.5572437081491,18.86347442446845,0.009977011999999966,1,0.0024900417280966014,take_profit
2024-08-23 06:00:00+00:00,2024-08-23 14:00:00+00:00,2674.7,2662.829524768528,2694.7834790657503,1.2090770539560598,3222.7888658602064,3254.9426690483606,32.15380318815414,0.009977012000000146,3,0.015654092047706247,take_profit
2024-08-23 15:00:00+00:00,2024-08-23 17:00:00+00:00,2650.25,2650.25,2682.053,0.7136501796174503,1893.244633164312,1912.1335575883277,18.888924424015613,0.009977011999999827,1,0.001150834826903191,take_profit
2024-08-23 18:00:00+00:00,2024-08-23 20:00:00+00:00,2726.99,2726.99,2759.71388,0.6939133954675768,1894.1890793855127,1913.0874265608109,18.898347175298113,0.009977011999999947,1,0.005419895195801872,take_profit
2024-08-23 21:00:00+00:00,2024-08-23 22:00:00+00:00,2752.97,2748.9175940344758,2781.9046051628893,0.8825839479135715,2428.579121753778,2452.8090847944645,24.22996304068647,0.009977011999999822,2,0.010686640246715227,take_profit
2024-08-23 23:00:00+00:00,2024-08-24 16:00:00+00:00,2759.87,2755.8074371489442,2788.8771263947315,0.8809401810301623,2430.131634200459,2454.377086676456,24.245452475997354,0.009977011999999903,2,0.007417016018870382,take_profit
2024-08-24 17:00:00+00:00,2024-09-20 04:00:00+00:00,2813.93,2516.995681986044,2547.1996301698764,9.1269895777409,22995.58894565112,23225.016212508956,229.42726685783418,0.009977012000000243,11,0.23574857938896834,take_profit
2024-09-20 05:00:00+00:00,2024-09-20 07:00:00+00:00,2538.45,2538.45,2568.9114,0.7512931520148676,1909.0291308630035,1928.0755374099733,19.04640654696982,0.009977012000000033,1,0.00035454706612288454,take_profit
2024-09-20 08:00:00+00:00,2024-09-21 00:00:00+00:00,2561.0,2549.6341320268443,2580.2297416111664,1.2750019263908068,3254.042472398377,3286.5080931940056,32.46562079562864,0.009977012000000111,3,0.017493166731745485,take_profit
2024-09-21 01:00:00+00:00,2024-09-21 23:00:00+00:00,2568.15,2556.7523999081377,2587.4334287070355,1.272532785878126,3256.808062318005,3289.3012754374486,32.49321311944368,0.009977012000000061,3,0.015256118217393956,take_profit
2024-09-22 00:00:00+00:00,2024-09-23 01:00:00+00:00,2612.4,2580.9254385022377,2611.8965437642646,2.0954951922009015,5413.730578388831,5467.7434333341835,54.012854945352046,0.009977011999999952,5,0.033616597764507795,take_profit
2024-09-23 02:00:00+00:00,2024-09-23 03:00:00+00:00,2614.0,2614.0,2645.368,0.7322165667933206,1915.9300356333733,1935.045292590048,19.115256956674557,0.009977011999999981,1,0.0019166029074216596,take_profit
2024-09-23 04:00:00+00:00,2024-09-23 16:00:00+00:00,2676.71,2664.8306042708214,2696.8085715220714,1.2242953168528863,3265.8054344494635,3298.388414458631,32.582980009167386,0.009977011999999962,3,0.016908817167343573,take_profit
2024-09-23 17:00:00+00:00,2024-09-24 22:00:00+00:00,2663.41,2631.3208628698694,2662.896713224308,2.061040190904828,5428.686740281454,5482.848813033484,54.16207275202942,0.009977012000000085,5,0.02697669528912181,take_profit
2024-09-24 23:00:00+00:00,2024-09-26 17:00:00+00:00,2666.18,2634.057489521473,2665.666179395731,2.0618051589643067,5436.349670574518,5490.5881964740365,54.23852589951821,0.009977012000000035,5,0.04205642529761669,take_profit
2024-09-26 18:00:00+00:00,2024-09-27 06:00:00+00:00,2629.93,2629.93,2661.48916,0.7308221292721968,1923.934977414243,1943.1300997711244,19.195122356881484,0.009977011999999924,1,0.005597107147338447,take_profit
2024-09-27 07:00:00+00:00,2024-09-27 14:00:00+00:00,2656.76,2656.76,2688.6411200000002,0.7238026162688969,1924.8947335320865,1944.0994313872732,19.204697855186623,0.009977012000000101,1,0.005819118023457156,take_profit
2024-09-27 15:00:00+00:00,2024-09-27 16:00:00+00:00,2681.97,2681.97,2714.15364,0.7173566868594433,1925.854968424846,1945.0692465550803,19.214278130234334,0.009977012000000013,1,0.0012975536639112362,take_profit
2024-09-27 17:00:00+00:00,2024-10-14 04:00:00+00:00,2718.19,2498.705820678293,2528.690290526433,7.600829461568284,19011.248065669395,19200.92351575556,189.67545008616435,0.00997701200000021,10,0.15016978209764587,take_profit
2024-10-14 05:00:00+00:00,2024-10-14 13:00:00+00:00,2542.16,2538.4179089676545,2568.8789238752665,0.9765336721441348,2481.331893974594,2506.088172056762,24.756278082167682,0.009977012000000174,2,0.012123548478459149,take_profit
2024-10-14 14:00:00+00:00,2024-10-14 14:00:00+00:00,2569.0,2569.0,2599.828,0.7534448156757628,1937.5372687397746,1956.8681013204384,19.33083258066381,0.009977011999999924,1,0.00039314908524726283,take_profit
2024-10-14 15:00:00+00:00,2024-10-15 13:00:00+00:00,2622.59,2610.95079200011,2642.2822015041115,1.2636521129991374,3302.63612136908,3335.5865615836124,32.95044021453259,0.009977011999999947,3,0.01623585844527735,take_profit
2024-10-15 14:00:00+00:00,2024-10-15 14:00:00+00:00,2671.19,2639.007128338996,2670.6752138790644,2.0782133278368176,5489.909696066535,5544.682590983108,54.77289491657302,0.009977012000000155,5,0.040745884792920066,take_profit
2024-10-15 15:00:00+00:00,2024-10-15 16:00:00+00:00,2568.02,2564.2398427270964,2595.0107208398217,0.9699902900153963,2489.777526242133,2514.6180664987805,24.840540256647728,0.009977011999999862,2,0.011939159352341437,take_profit
2024-10-15 17:00:00+00:00,2024-10-16 01:00:00+00:00,2592.84,2589.0233073794307,2620.0915870679837,0.9613191911419761,2491.369160858577,2516.2255808728924,24.856420014315518,0.009977011999999825,2,0.011277209546289102,take_profit
2024-10-16 02:00:00+00:00,2024-10-16 12:00:00+00:00,2619.49,2615.6340782490797,2647.021687188069,0.9521472716129957,2492.9618129557903,2517.834122879192,24.872309923401644,0.009977011999999988,2,0.007909936667061069,take_profit
2024-10-16 13:00:00+00:00,2024-10-17 04:00:00+00:00,2628.05,2616.38656020037,2647.7831989227743,1.2663054597357273,3316.461047007916,3349.549418671446,33.08837166352987,0.009977011999999797,3,0.01387720933772198,take_profit
2024-10-17 05:00:00+00:00,2024-10-18 01:00:00+00:00,2627.86,2616.1974034314967,2647.5917722726745,1.2674733191158065,3319.2796860755498,3352.396179334881,33.11649325933104,0.009977011999999712,3,0.01996301172817427,take_profit
2024-10-18 02:00:00+00:00,2024-10-18 18:00:00+00:00,2643.88,2639.9881758667443,2671.668033977145,0.9455719248762068,2498.7974986033464,2523.728031232482,24.93053262913554,0.009977011999999988,2,0.013283507572204445,take_profit
2024-10-18 19:00:00+00:00,2024-10-20 14:00:00+00:00,2663.5,2659.579294983537,2691.4942465233394,0.9392066291122921,2500.3948993977315,2525.341369313762,24.94646991603031,0.00997701200000014,2,0.012194480946123529,take_profit
2024-10-20 15:00:00+00:00,2024-10-20 22:00:00+00:00,2711.0,2707.0093743947314,2739.493486887468,0.9233404773843931,2501.993321359018,2526.9557387501363,24.96241739111838,0.00997701199999984,2,0.00949465142014009,take_profit
2024-10-20 23:00:00+00:00,2024-10-29 16:00:00+00:00,2747.41,2631.75872670011,2663.3398314205115,4.394677277798916,11577.307584462447,11692.814521160317,115.5069366978696,0.00997701199999972,8,0.13278687927902996,take_profit
2024-10-29 17:00:00+00:00,2024-10-30 06:00:00+00:00,2669.41,2647.1229185316697,2678.88839355405,1.6761479020172971,4441.410937215978,4485.722947433514,44.31201021753532,0.009977012000000058,4,0.026129369411218212,take_profit
2024-10-30 07:00:00+00:00,2024-10-30 09:00:00+00:00,2657.39,2657.39,2689.27868,0.7374528919810734,1961.6616022238086,1981.2331235691347,19.57152134532612,0.009977011999999976,1,0.0,take_profit
2024-10-30 10:00:00+00:00,2024-10-30 14:00:00+00:00,2692.19,2680.241903124306,2712.404805961798,1.2463104839744328,3343.757340792202,3377.1180479063732,33.36070711417142,0.00997701199999986,3,0.014545778715469507,take_profit
2024-10-30 15:00:00+00:00,2024-11-06 03:00:00+00:00,2709.5,2595.4445350326123,2626.5898694530038,4.480428869824736,11640.344969758715,11756.480831206134,116.1358614474193,0.00997701199999974,8,0.12988005167004976,take_profit
2024-11-06 04:00:00+00:00,2024-11-06 06:00:00+00:00,2579.31,2575.513223707147,2606.419382391633,0.9792771430509437,2524.66589749936,2549.8545194547023,25.188621955342114,0.00997701200000009,2,0.00709879774048096,take_profit
2024-11-06 07:00:00+00:00,2024-11-06 07:00:00+00:00,2583.95,2583.95,2614.9574,0.7621676361303835,1971.3744378169213,1991.042864239514,19.668426422592802,0.009977012000000063,1,0.0002012422840999175,take_profit
2024-11-06 08:00:00+00:00,2024-11-06 09:00:00+00:00,2593.99,2590.1716145651744,2621.2536739399566,0.9748437196476725,2527.540071339872,2552.7573689621104,25.21729762223822,0.009977011999999787,2,0.008862794382399232,take_profit
2024-11-06 10:00:00+00:00,2024-11-06 15:00:00+00:00,2622.03,2622.03,2653.49436,0.7519536791322539,1973.618724019163,1993.3095417121267,19.69081769296372,0.00997701199999992,1,0.005350815970831836,take_profit
2024-11-06 16:00:00+00:00,2024-11-06 18:00:00+00:00,2634.2,2634.2,2665.8104,0.7488530338011189,1974.6032649038111,1994.3039053729956,19.700640469184464,0.00997701199999998,1,0.0002923088603750596,take_profit
2024-11-06 19:00:00+00:00,2024-11-06 22:00:00+00:00,2677.39,2673.448848731358,2705.5302349161343,0.9460245102226131,2531.6798175438353,2556.9384174636284,25.25859991979314,0.009977012000000193,2,0.007062848520387338,take_profit
2024-11-06 23:00:00+00:00,2024-11-07 01:00:00+00:00,2735.31,2731.283589773387,2764.058992850668,0.9265844638700198,2533.298238946103,2558.5729858756476,25.274746929544563,0.009977012000000167,2,0.013095407833115868,take_profit
2024-11-07 02:00:00+00:00,2024-11-07 02:00:00+00:00,2813.46,2813.46,2847.22152,0.702386687319339,1978.1149642697371,1997.8506410056357,19.73567673589855,0.009977011999999905,1,0.0009063572967094545,take_profit
2024-11-07 03:00:00+00:00,2024-11-07 17:00:00+00:00,2871.81,2837.2100304490555,2871.2565508144444,1.9718402097507313,5600.124946494037,5655.997460286709,55.87251379267127,0.009977012000000162,5,0.033362234966797924,take_profit
2024-11-07 18:00:00+00:00,2024-11-07 19:00:00+00:00,2861.0,2856.788572535348,2891.070035405772,0.8881379889034324,2539.7622197536048,2565.1014578972336,25.33923814362879,0.009977012000000172,2,0.00824886403355467,take_profit
2024-11-07 20:00:00+00:00,2024-11-08 00:00:00+00:00,2885.0,2880.753244237846,2915.3222831687003,0.8813127008520025,2541.3858079754,2566.7412446782,25.355436702800034,0.00997701199999991,2,0.0071923743500866555,take_profit
2024-11-08 01:00:00+00:00,2024-11-08 12:00:00+00:00,2907.08,2902.800742204145,2937.6343511105947,0.8751780260817187,2543.010434104876,2568.382079722066,25.371645617190097,0.009977012000000212,2,0.007113667322536647,take_profit
2024-11-08 13:00:00+00:00,2024-11-08 18:00:00+00:00,2936.49,2923.4576854180036,2958.5391776430197,1.1560486019448903,3383.042212284813,3416.794865033285,33.752652748471974,0.009977011999999955,3,0.015818204727412598,take_profit
2024-11-08 19:00:00+00:00,2024-11-09 00:00:00+00:00,2957.93,2944.802533442469,2980.1401638437787,1.148644597526629,3385.917438259682,3419.6987771722083,33.78133891252628,0.00997701200000005,3,0.01424306863245569,take_profit
2024-11-09 01:00:00+00:00,2024-11-09 05:00:00+00:00,2982.45,2978.059796629866,3013.796514189424,0.8550581544382045,2548.963276789738,2574.394313989828,25.43103720009003,0.009977011999999803,2,0.009636372780767417,take_profit
2024-11-09 06:00:00+00:00,2024-11-09 19:00:00+00:00,3039.61,3026.1200328192563,3062.4334732130874,1.1194435307553243,3390.961455484091,3424.7931186169926,33.83166313290167,0.00997701199999983,3,0.016130358828928777,take_profit
2024-11-09 20:00:00+00:00,2024-11-09 22:00:00+00:00,3070.4,3070.4,3107.2448,0.6481391629411891,1992.0385244190463,2011.9131166816373,19.874592262591023,0.009977011999999952,1,0.0015763418447108342,take_profit
2024-11-09 23:00:00+00:00,2024-11-10 04:00:00+00:00,3134.36,3129.746183226807,3167.3031374255283,0.8152354032049285,2554.033925537529,2579.5155526610242,25.4816271234954,0.009977012000000144,2,0.009781901249377962,take_profit
2024-11-10 05:00:00+00:00,2024-11-10 11:00:00+00:00,3181.02,3181.02,3219.19224,0.6263123240510787,1994.3063353883506,2014.2035536281962,19.897218239845643,0.009977012000000023,1,0.005658562347926137,take_profit
2024-11-10 12:00:00+00:00,2024-11-10 18:00:00+00:00,3220.01,3205.7194070549626,3244.1880399396223,1.0593574186903123,3399.4020381413247,3433.317913068686,33.915874927361074,0.009977012000000183,3,0.016288769289536452,take_profit
2024-11-10 19:00:00+00:00,2024-11-10 19:00:00+00:00,3218.26,3191.3905334114024,3229.687219812339,1.4169372055597438,4526.5265107725445,4571.68772008884,45.16120931629575,0.009977011999999988,4,0.021210219186765585,take_profit
2024-11-10 20:00:00+00:00,2024-11-10 21:00:00+00:00,3164.27,3126.1464313617657,3163.660188538107,1.807814925139955,5657.151328116925,5713.592794803363,56.441466686438616,0.009977012000000021,5,0.03010805019799195,take_profit
2024-11-10 22:00:00+00:00,2024-11-10 22:00:00+00:00,3169.34,3164.6746922331977,3202.650788539996,0.8098965559521935,2565.624758707442,2591.2220277125634,25.597269005121234,0.009977011999999992,2,0.006676468917818949,take_profit
2024-11-10 23:00:00+00:00,2024-11-11 10:00:00+00:00,3184.38,3157.7933997826785,3195.686920580071,1.436573261046071,4540.942504540102,4586.247542399209,45.30503785910696,0.009977012000000068,4,0.024927929455655452,take_profit
2024-11-11 11:00:00+00:00,2024-11-11 15:00:00+00:00,3190.98,3176.8182438949702,3214.94006282171,1.0745245050331365,3416.9860371386194,3451.077347834984,34.09131069636442,0.00997701199999999,3,0.016132974822781723,take_profit
2024-11-11 16:00:00+00:00,2024-11-11 16:00:00+00:00,3236.97,3236.97,3275.81364,0.6195051167975462,2007.3268047248778,2027.3539283435396,20.02712361866179,0.009977012000000014,1,0.001031829148864429,take_profit
2024-11-11 17:00:00+00:00,2024-11-11 17:00:00+00:00,3276.71,3276.71,3316.0305200000003,0.6122970396357641,2008.3281609058106,2028.3652750671058,20.03711416129522,0.009977012000000009,1,0.0012817734862101981,take_profit
2024-11-11 18:00:00+00:00,2024-11-11 19:00:00+00:00,3294.29,3289.4407642843307,3328.9140534557428,0.7820004893229129,2574.919206475559,2600.609206297596,25.689999822036953,0.009977011999999931,2,0.007145697555467176,take_profit
2024-11-11 20:00:00+00:00,2024-11-11 20:00:00+00:00,3300.21,3300.2100000000005,3339.8125200000004,0.6086291181738047,2010.6145166049773,2030.6744417645193,20.05992515954199,0.009977011999999966,1,0.0025816538947521467,take_profit
2024-11-11 21:00:00+00:00,2024-11-11 23:00:00+00:00,3353.78,3325.7790679263,3365.6884167414155,1.3696359869650294,4559.666362489363,4605.158208503915,45.49184601455272,0.009977012,4,0.021999057779580115,take_profit
2024-11-12 00:00:00+00:00,2024-11-12 00:00:00+00:00,3371.59,3330.9686109323843,3370.940234263573,1.7090735061844913,5698.568771648343,5755.423460665904,56.85468901756121,0.009977012000000077,5,0.036531725387725096,take_profit
2024-11-12 01:00:00+00:00,2024-11-12 06:00:00+00:00,3342.45,3327.6160111648287,3367.547403298807,1.0315140585654423,3435.9186156396204,3470.1988168988805,34.28020125926014,0.009977012000000075,3,0.018360783257789913,take_profit
2024-11-12 07:00:00+00:00,2024-11-12 08:00:00+00:00,3379.87,3374.8947894634903,3415.3935269370522,0.7656588956267726,2586.6048221793444,2612.411409529486,25.8065873501414,0.009977012000000082,2,0.009251835129753506,take_profit
2024-11-12 09:00:00+00:00,2024-11-12 09:00:00+00:00,3420.64,3392.0808493435525,3432.7858195356753,1.348286671266885,4578.075472502068,4623.750986428127,45.675513926059466,0.009977012000000144,4,0.021253332709668313,take_profit
2024-11-12 10:00:00+00:00,2024-11-12 10:00:00+00:00,3358.54,3318.0758391621903,3357.892749232137,1.7226413034326684,5721.5760645273285,5778.660297582031,57.084233054702054,0.009977012000000021,5,0.044921305090902565,take_profit
2024-11-12 11:00:00+00:00,2024-11-12 19:00:00+00:00,3281.14,3253.745544113119,3292.7904906424765,1.4091857502128389,4589.7215771598885,4635.51328441187,45.79170725198128,0.009977011999999596,4,0.022190458194408024,take_profit
2024-11-12 20:00:00+00:00,2024-11-13 14:00:00+00:00,3272.94,3233.5071599645976,3272.309245884173,1.7721918308442794,5736.1311049707165,5793.360553838584,57.22944886786718,0.009977012000000188,5,0.04773995245864574,take_profit
2024-11-13 15:00:00+00:00,2024-11-16 12:00:00+00:00,3320.19,3180.427750791633,3218.5928838011328,3.778663761273319,12029.796884148505,12149.818312019213,120.02142787070807,0.009977011999999652,8,0.09207003213671508,take_profit
2024-11-16 13:00:00+00:00,2024-11-18 16:00:00+00:00,3175.83,3137.56715486088,3175.21796071921,1.8343663509695214,5761.208821605582,5818.688471153246,57.47964954766394,0.00997701199999986,5,0.04434746192333977,take_profit
2024-11-18 17:00:00+00:00,2024-11-18 20:00:00+00:00,3168.0,3141.550157491105,3179.2487593809983,1.4696224320515237,4621.514096960886,4667.622998564434,46.108901603548475,0.00997701200000012,4,0.024526515151515094,take_profit
2024-11-18 21:00:00+00:00,2024-11-18 23:00:00+00:00,3155.2,3155.2,3193.0624,0.6462878785585717,2041.2087231511566,2061.5738870765404,20.36516392538374,0.009977011999999987,1,0.004785750507099363,take_profit
2024-11-19 00:00:00+00:00,2024-11-21 12:00:00+00:00,3207.81,3137.710936246266,3175.3634674812215,2.3889357766349946,7503.293205543134,7578.153651894356,74.86044635122198,0.009977011999999955,6,0.05561426643099189,take_profit
2024-11-21 13:00:00+00:00,2024-11-21 13:00:00+00:00,3284.99,3284.9900000000002,3324.40988,0.6222009910719126,2045.9700036649872,2066.382670943193,20.412667278205618,0.009977011999999999,1,0.00018569310713264657,take_profit
2024-11-21 14:00:00+00:00,2024-11-21 17:00:00+00:00,3348.0,3307.6628265600575,3347.354780478778,1.7494023533139655,5792.225358111398,5850.014460015981,57.78910190458282,0.009977012000000191,5,0.03318996415770606,take_profit
2024-11-21 18:00:00+00:00,2024-11-22 03:00:00+00:00,3349.27,3334.4057436054463,3374.418612528712,1.046332145836208,3492.388305100364,3527.23190512901,34.84360002864605,0.009977012000000016,3,0.013399934911189635,take_profit
2024-11-22 04:00:00+00:00,2024-11-22 04:00:00+00:00,3365.8,3365.7999999999997,3406.1895999999997,0.608940118204716,2051.622272125559,2072.0913321540224,20.469060028463446,0.009977011999999745,1,0.00248380771287662,take_profit
2024-11-22 05:00:00+00:00,2024-11-23 08:00:00+00:00,3390.0,3349.1568046710254,3389.346686327078,1.7325014247455939,5808.227162951905,5866.175915055402,57.9487521034971,0.009977011999999999,5,0.03907374631268438,take_profit
2024-11-23 09:00:00+00:00,2024-11-23 12:00:00+00:00,3369.28,3364.320378074763,3404.6922226116603,0.7821806668827391,2634.140497427134,2660.4213487796505,26.280851352516493,0.009977012000000002,2,0.007918605755532425,take_profit
2024-11-23 13:00:00+00:00,2024-11-23 13:00:00+00:00,3399.82,3399.8200000000006,3440.617840000001,0.6043850404122815,2056.857205299783,2077.3784943193455,20.521289019562573,0.009977012000000085,1,0.0022971804389643998,take_profit
2024-11-23 14:00:00+00:00,2024-11-23 14:00:00+00:00,3435.02,3435.02,3476.24024,0.5984900776359411,2057.883269750761,2078.4147958276635,20.531526076902537,0.00997701199999998,1,0.002541469918661323,take_profit
2024-11-23 15:00:00+00:00,2024-11-25 09:00:00+00:00,3472.19,3396.3135396812545,3437.06930215743,2.2250662698438775,7564.587286245071,7640.059264374985,75.47197812991453,0.009977012000000004,6,0.054948029917717627,take_profit
2024-11-25 10:00:00+00:00,2024-11-25 10:00:00+00:00,3477.55,3477.55,3519.2806,0.5925495712545157,2062.6834449611024,2083.26286244368,20.57941748257781,0.009977011999999784,1,0.005040905235007462,take_profit
2024-11-25 11:00:00+00:00,2024-11-25 14:00:00+00:00,3500.77,3458.592232179405,3500.095338965558,1.6867273923780735,5839.541798881912,5897.802977483856,58.261178601944266,0.009977011999999631,5,0.027739611571168665,take_profit
2024-11-25 15:00:00+00:00,2024-11-25 15:00:00+00:00,3407.75,3392.6262059408355,3433.3377204121257,1.036776922813149,3520.917475526114,3556.0457114304477,35.128235904333906,0.009977012000000045,3,0.017322280096838148,take_profit
2024-11-25 16:00:00+00:00,2024-11-25 16:00:00+00:00,3518.41,3502.7950903805427,3544.828631465109,1.0050219553504036,3523.909880806853,3559.067971974582,35.15809116772925,0.009977012000000202,3,0.01660124885957005,take_profit
2024-11-25 17:00:00+00:00,2024-11-27 10:00:00+00:00,3483.81,3407.679612197763,3448.5717675441365,2.2297404550959183,7605.846936259182,7681.730562412404,75.88362615322148,0.00997701200000005,6,0.0665392199919054,take_profit
2024-11-27 11:00:00+00:00,2024-11-27 13:00:00+00:00,3455.5,3455.5,3496.966,0.5995832841713691,2073.9339724265924,2094.6256365567,20.69166413010771,0.009977011999999966,1,0.005981768195630176,take_profit
2024-11-27 14:00:00+00:00,2024-11-27 15:00:00+00:00,3504.99,3499.8306112725154,3541.8285786077854,0.7590009460359715,2659.0337787001918,2685.5629906186887,26.529211918496912,0.009977011999999908,2,0.010522141289989318,take_profit
2024-11-27 16:00:00+00:00,2024-11-27 19:00:00+00:00,3552.79,3552.79,3595.42348,0.5838281241539167,2076.2950162290226,2097.01023652148,20.71522029245716,0.009977012000000004,1,0.005336650913788892,take_profit
2024-11-27 20:00:00+00:00,2024-11-27 21:00:00+00:00,3589.6,3589.6,3632.6752,0.5781294424076224,2077.330777243645,2098.0563313361745,20.725554092529364,0.009977012000000092,1,0.0004457321149988603,take_profit
2024-11-27 22:00:00+00:00,2024-11-27 23:00:00+00:00,3632.79,3632.79,3676.38348,0.5715410711583448,2078.3670549482717,2099.102947995895,20.73589304762345,0.009977011999999943,1,0.00010735550362114867,take_profit
2024-11-28 00:00:00+00:00,2024-11-30 03:00:00+00:00,3653.27,3609.2548907966125,3652.565949486172,1.6286072831929463,5883.9427447959215,5942.646912168063,58.704167372141455,0.009977011999999933,5,0.033808067840592065,take_profit
2024-11-30 04:00:00+00:00,2024-11-30 06:00:00+00:00,3657.12,3657.1200000000003,3701.0054400000004,0.5688237517257543,2082.33905796926,2103.114579738688,20.775521769427996,0.009977011999999997,1,0.005933630835192671,take_profit
2024-11-30 07:00:00+00:00,2024-11-30 21:00:00+00:00,3696.19,3679.786092329677,3723.943525437633,0.9636182605715918,3549.458532098357,3584.8715224666043,35.41299036824739,0.009977011999999915,3,0.017574854106525917,take_profit
2024-11-30 22:00:00+00:00,2024-12-02 03:00:00+00:00,3720.21,3703.6994901630555,3748.1438840450123,0.9582102242561678,3552.475194240837,3587.9182818834797,35.443087642642695,0.009977011999999869,3,0.01639961184986875,take_profit
2024-12-02 04:00:00+00:00,2024-12-04 00:00:00+00:00,3685.0,3640.60260330759,3684.2898345472813,1.620420546318559,5905.212471852305,5964.128847546526,58.91637569422164,0.00997701200000026,5,0.050203527815468114,take_profit
2024-12-04 01:00:00+00:00,2024-12-04 07:00:00+00:00,3691.87,3675.485264742657,3719.591087919569,0.9677505018172361,3560.5132225991624,3596.0365057471927,35.52328314803026,0.009977011999999928,3,0.0170726488202455,take_profit
2024-12-04 08:00:00+00:00,2024-12-04 14:00:00+00:00,3715.0,3709.531473949254,3754.0458516366452,0.721848810848857,2680.4012845612383,2707.143680342121,26.742395780882816,0.009977011999999973,2,0.006729475100942127,take_profit
2024-12-04 15:00:00+00:00,2024-12-04 15:00:00+00:00,3778.9,3778.9000000000005,3824.246800000001,0.5533056606284218,2092.9797406894327,2113.861424678048,20.88168398861535,0.009977011999999997,1,0.0039852867236497246,take_profit
2024-12-04 16:00:00+00:00,2024-12-04 18:00:00+00:00,3820.99,3789.0883005908886,3834.5573601979795,1.2514112031484979,4746.454003081422,4793.809431627614,47.35542854619143,0.009977012000000009,4,0.023033297653225936,take_profit
2024-12-04 19:00:00+00:00,2024-12-04 20:00:00+00:00,3823.11,3823.1099999999997,3868.9873199999997,0.5477988351681894,2096.3915963161726,2117.307320429318,20.915724113145643,0.009977012000000016,1,0.0015720185921933238,take_profit
2024-12-04 21:00:00+00:00,2024-12-05 02:00:00+00:00,3879.01,3832.2751436244716,3878.2624453479652,1.547132126662798,5934.9709638765835,5994.184240402834,59.21327652625041,0.009977012000000366,5,0.029208483607930935,take_profit
2024-12-05 03:00:00+00:00,2024-12-05 03:00:00+00:00,3856.0,3850.323920201434,3896.527807243851,0.6983645102758569,2691.621200135027,2718.4755371482283,26.85433701320153,0.009977011999999987,2,0.009922199170124537,take_profit
2024-12-05 04:00:00+00:00,2024-12-05 04:00:00+00:00,3832.67,3832.6699999999996,3878.6620399999997,0.5478267167367928,2101.7407631988026,2122.7098560141258,20.969092815323165,0.009977011999999787,1,0.0004905196638375099,take_profit
2024-12-05 05:00:00+00:00,2024-12-05 08:00:00+00:00,3855.99,3850.3139349215576,3896.517702140616,0.6991613676647018,2694.685442120336,2721.570351112596,26.88490899226008,0.009977012000000066,2,0.009694008542553185,take_profit
2024-12-05 09:00:00+00:00,2024-12-05 14:00:00+00:00,3907.3,3907.3000000000006,3954.1876000000007,0.5379749007820982,2104.1334632891817,2125.1264281020194,20.992964812837727,0.009977012,1,0.0018682978015509895,take_profit
2024-12-05 15:00:00+00:00,2024-12-06 01:00:00+00:00,3927.19,3841.3705960505695,3887.467043203176,2.011486238922974,7734.598691250313,7811.766875208101,77.16818395778773,0.009977011999999879,6,0.06370712901591215,take_profit
2024-12-06 02:00:00+00:00,2024-12-06 06:00:00+00:00,3869.47,3869.47,3915.90364,0.5445015671931777,2109.041520727713,2130.0834532885115,21.041932560798614,0.009977011999999988,1,0.005062708846431085,take_profit
2024-12-06 07:00:00+00:00,2024-12-06 14:00:00+00:00,3907.02,3889.6804164433897,3936.3565814407107,0.9233096173035583,3594.9743110505415,3630.841412891585,35.86710184104368,0.009977012000000193,3,0.019226929987560825,take_profit
2024-12-06 15:00:00+00:00,2024-12-06 15:00:00+00:00,3984.48,3984.48,4032.29376,0.529498224479821,2111.886972447805,2132.95729411456,21.070321666755262,0.009977011999999926,1,0.002479620929205344,take_profit
2024-12-06 16:00:00+00:00,2024-12-06 17:00:00+00:00,3993.01,3993.01,4040.92612,0.5286306691049136,2112.9404885311424,2134.0213211405035,21.080832609361096,0.009977012000000013,1,0.003230645553104072,take_profit
2024-12-06 18:00:00+00:00,2024-12-06 19:00:00+00:00,4016.42,4016.4199999999996,4064.6170399999996,0.5258116769738845,2113.994530161611,2135.0858789569675,21.09134879535668,0.009977011999999966,1,0.0019544768724386167,take_profit
2024-12-06 20:00:00+00:00,2024-12-11 15:00:00+00:00,4067.61,3739.1649528727676,3784.034932307241,5.575473724212198,20868.48442966693,21076.689549243525,208.2051195765962,0.009977011999999813,10,0.1373312584048127,take_profit
2024-12-11 16:00:00+00:00,2024-12-11 20:00:00+00:00,3787.34,3781.7649885725355,3827.146168435406,0.7195087671168205,2723.7368012546367,2750.9115560055952,27.174754750958527,0.00997701199999978,2,0.008935030918797928,take_profit
2024-12-11 21:00:00+00:00,2024-12-12 02:00:00+00:00,3832.22,3826.5789246562067,3872.497871752081,0.7115370084127071,2725.4779985034943,2752.6701252002995,27.19212669680519,0.009977011999999943,2,0.009242684397033475,take_profit
2024-12-12 03:00:00+00:00,2024-12-12 03:00:00+00:00,3880.39,3874.6780178190966,3921.174154032926,0.7031534171369322,2727.220308843697,2754.429818591674,27.209509747977336,0.009977012000000025,2,0.007914152958852083,take_profit
2024-12-12 04:00:00+00:00,2024-12-12 13:00:00+00:00,3935.0,3929.207631222158,3976.358122796824,0.6938383066322817,2728.963732986808,2756.190636898382,27.226903911574027,0.009977011999999945,2,0.011100381194409106,take_profit
2024-12-12 14:00:00+00:00,2024-12-13 14:00:00+00:00,3942.6,3895.0990023881964,3941.840190416855,1.5464630692923955,6029.656414845844,6089.814369252638,60.15795440679449,0.009977012000000087,5,0.027020240450464098,take_profit
2024-12-13 15:00:00+00:00,2024-12-15 23:00:00+00:00,3951.0,3903.3977980103896,3950.2385715865144,1.5453535088792396,6038.1676513582115,6098.410522473824,60.242871115612616,0.009977011999999987,5,0.03188306757782835,take_profit
2024-12-16 00:00:00+00:00,2024-12-16 00:00:00+00:00,3959.09,3959.09,4006.5990800000004,0.5392104347342651,2136.9195596116933,2158.239631700974,21.32007208928053,0.009977011999999976,1,0.0026117112770864376,take_profit
2024-12-16 01:00:00+00:00,2024-12-16 17:00:00+00:00,4000.28,3952.0840656605933,3999.5090744485206,1.5292330551903968,6049.70729739683,6110.065299699447,60.358002302617024,0.009977012000000212,5,0.029067965242433078,take_profit
2024-12-16 18:00:00+00:00,2024-12-16 18:00:00+00:00,4033.7,4033.7,4082.1043999999997,0.5302482732647339,2141.0034633312885,2162.364280576986,21.36081724569749,0.009977011999999844,1,0.0004933435803356179,take_profit
2024-12-16 19:00:00+00:00,2025-01-06 14:00:00+00:00,4086.66,3655.423402055164,3699.288482879826,7.094328510286678,25958.733191560626,26217.72378411763,258.99059255700195,0.009977012000000127,11,0.2409693979924926,take_profit
2025-01-06 15:00:00+00:00,2025-01-06 16:00:00+00:00,3685.48,3685.48,3729.7057600000003,0.5841480655946041,2155.021033821423,2176.521704536112,21.500670714689022,0.00997701200000013,1,0.003899085058119944,take_profit
2025-01-06 17:00:00+00:00,2025-01-15 16:00:00+00:00,3710.18,3318.670698770396,3358.4947471556407,7.865366527484626,26128.690119972664,26389.376374843905,260.68625487124154,0.009977011999999726,11,0.21297618983445543,take_profit
2025-01-15 17:00:00+00:00,2025-01-15 19:00:00+00:00,3339.49,3339.49,3379.5638799999997,0.6488898753164762,2169.13038010072,2190.771819932549,21.641439831829302,0.009977011999999936,1,0.004665383037529661,take_profit
2025-01-15 20:00:00+00:00,2025-01-16 00:00:00+00:00,3434.99,3419.745313225649,3460.782256984357,1.0801101412950125,3697.398992453567,3734.2879865700634,36.88899411649618,0.009977011999999737,3,0.013534246096786245,take_profit
2025-01-16 01:00:00+00:00,2025-01-17 08:00:00+00:00,3398.82,3357.870540074329,3398.164986555221,1.828531021885989,6146.11656656954,6207.436445307603,61.31987873806338,0.009977012000000045,5,0.039243031405017066,take_profit
2025-01-17 09:00:00+00:00,2025-01-17 15:00:00+00:00,3407.33,3407.33,3448.21796,0.6377274208366387,2175.122895735039,2196.8241229672626,21.701227232223573,0.009977012000000157,1,0.003577581273313725,take_profit
2025-01-17 16:00:00+00:00,2025-01-17 20:00:00+00:00,3421.8,3421.8,3462.8616,0.6353474046231672,2176.2079570966503,2197.920009999099,21.712052902448704,0.009977011999999973,1,0.004141095329943326,take_profit
2025-01-17 21:00:00+00:00,2025-01-19 15:00:00+00:00,3514.8,3366.8457101799695,3407.247858702129,3.8283838890206523,12902.480354025316,13031.208555347192,128.72820132187553,0.009977012000000054,8,0.10934334812791628,take_profit
2025-01-19 16:00:00+00:00,2025-01-19 16:00:00+00:00,3383.68,3383.68,3424.2841599999997,0.6447259314823088,2183.7299698078664,2205.517069921399,21.787100113532688,0.009977011999999985,1,0.0016461367505200579,take_profit
2025-01-19 17:00:00+00:00,2025-01-19 17:00:00+00:00,3410.74,3405.719348440829,3446.587980622119,0.8212672312258478,2799.805505131429,2827.739198253792,27.93369312236291,0.009977012000000207,2,0.0073942898022129515,take_profit
2025-01-19 18:00:00+00:00,2025-01-19 21:00:00+00:00,3442.38,3329.6537795513946,3369.6096249060115,3.148478401265294,10493.836845454372,10598.533981587516,104.69713613314343,0.009977012000000287,7,0.06808661449346094,take_profit
2025-01-19 22:00:00+00:00,2025-01-19 22:00:00+00:00,3233.0,3206.0074681719507,3244.479557790014,1.5478196451069357,4967.2886302263205,5016.847328497552,49.55869827123115,0.009977011999999917,4,0.023600371172285858,take_profit
2025-01-19 23:00:00+00:00,2025-01-19 23:00:00+00:00,3266.66,3227.3028222851476,3266.0304561525695,1.9216659472978312,6208.005941144698,6269.943290915569,61.93734977087115,0.009977011999999872,5,0.032418433507007044,take_profit
2025-01-20 00:00:00+00:00,2025-01-20 02:00:00+00:00,3215.2,3188.356081554735,3226.6163545333916,1.5603479651901038,4979.924849004427,5029.609618982043,49.68476997761536,0.009977012,4,0.022524259766110857,take_profit
2025-01-20 03:00:00+00:00,2025-01-20 04:00:00+00:00,3245.07,3245.07,3284.0108400000004,0.6771226498257749,2199.5099071773047,2221.454443915332,21.944536738027182,0.009977012000000148,1,0.005241797557525791,take_profit
2025-01-20 05:00:00+00:00,2025-01-20 05:00:00+00:00,3270.73,3270.73,3309.97876,0.672145523134038,2200.607134014206,2222.5626177975514,21.955483783345244,0.009977011999999955,1,0.0010242361796907447,take_profit
2025-01-20 06:00:00+00:00,2025-01-20 06:00:00+00:00,3291.33,3291.33,3330.82596,0.6682718546287276,2201.704908203373,2223.6713444929774,21.96643628960419,0.009977012000000108,1,0.0015586404280336853,take_profit
2025-01-20 07:00:00+00:00,2025-01-20 07:00:00+00:00,3416.02,3400.85950319654,3441.669817234899,1.1024186956169348,3752.9240215118984,3790.3669895096114,37.44296799771291,0.009977012000000118,3,0.0190074999560892,take_profit
2025-01-20 08:00:00+00:00,2025-01-20 16:00:00+00:00,3382.58,3341.826201871421,3381.928116293878,1.8649013991874408,6238.414774485749,6300.655513551771,62.24073906602189,0.009977012000000044,5,0.03706638128292608,take_profit
2025-01-20 17:00:00+00:00,2025-01-20 17:00:00+00:00,3379.96,3339.2377679987844,3379.30862121477,1.8689814560617797,6247.220686457312,6309.549282212745,62.328595755433525,0.00997701200000011,5,0.051639664374726314,take_profit
2025-01-20 18:00:00+00:00,2025-01-20 18:00:00+00:00,3292.98,3292.9800000000005,3332.4957600000007,0.6707277120764935,2210.903845158811,2232.9620593528066,22.05821419399581,0.009977012000000096,1,0.002720939695959294,take_profit
2025-01-20 19:00:00+00:00,2025-01-21 14:00:00+00:00,3330.53,3290.4033075696148,3329.8881472604503,1.9003447641522326,6259.159857346452,6321.607570353116,62.447713006664344,0.009977012000000082,5,0.03781079888185973,take_profit
2025-01-21 15:00:00+00:00,2025-01-21 16:00:00+00:00,3289.42,3284.577932984699,3323.9928681805154,0.8633706932310545,2838.64697394637,2866.9681888691966,28.321214922826584,0.009977011999999987,2,0.0073903606106851495,take_profit
2025-01-21 17:00:00+00:00,2025-01-21 17:00:00+00:00,3313.85,3313.85,3353.6162,0.6682042509657107,2216.545202264985,2238.6597003465254,22.114498081540205,0.009977012000000009,1,0.0018226534091766264,take_profit
2025-01-21 18:00:00+00:00,2025-01-24 05:00:00+00:00,3351.0,3310.626682139412,3350.3542023250848,1.8935555841259666,6275.130771693199,6337.73782670395,62.60705501075154,0.009977011999999877,5,0.04953745150701283,take_profit
2025-01-24 06:00:00+00:00,2025-01-31 11:00:00+00:00,3409.97,3266.4284927570243,3305.6256346701084,4.02489300049771,13160.185362486518,13291.48468977027,131.29932728375206,0.00997701199999998,8,0.11435877734994725,take_profit
2025-01-31 12:00:00+00:00,2025-01-31 15:00:00+00:00,3335.16,3335.16,3375.18192,0.6671700608179228,2227.3462462837874,2249.5685065111156,22.222260227328206,0.009977011999999957,1,0.0029563799038126127,take_profit
2025-01-31 16:00:00+00:00,2025-05-13 19:00:00+00:00,3427.65,2671.54895306108,2703.607540497813,16.666203322870274,44569.14718590307,45013.81410220659,444.6669163035185,0.00997701199999994,13,0.5959184864265605,take_profit
2025-05-13 20:00:00+00:00,2025-05-14 01:00:00+00:00,2690.93,2678.9874950780927,2711.13534501903,1.4298967752315384,3834.5100901879696,3872.7670433718963,38.256953183926726,0.00997701200000007,3,0.013645839914081675,take_profit
2025-05-14 02:00:00+00:00,2025-05-16 07:00:00+00:00,2671.71,2584.220597193005,2615.231244359321,4.179861644928177,10812.497053293724,10920.373466144401,107.8764128506773,0.009977012000000108,7,0.07324148204707841,take_profit
2025-05-16 08:00:00+00:00,2025-05-16 10:00:00+00:00,2601.5,2589.954390655149,2621.0338433430106,1.4838529757179166,3846.9584880353614,3885.339639033992,38.3811509986308,0.009977012000000037,3,0.016674995195079804,take_profit
2025-05-16 11:00:00+00:00,2025-05-18 14:00:00+00:00,2625.06,2539.098225805746,2569.567404515415,4.267952755671772,10847.598868617559,10955.825492700942,108.22662408338329,0.009977011999999952,7,0.06805177786412496,take_profit
2025-05-18 15:00:00+00:00,2025-05-18 17:00:00+00:00,2557.94,2527.121580218349,2557.4470391809696,2.5339613923672064,6410.038556647951,6473.99158824809,63.953031600139184,0.009977011999999985,5,0.029508119815163773,take_profit
2025-05-18 18:00:00+00:00,2025-05-18 22:00:00+00:00,2489.9,2408.3642554584376,2437.2646265239387,4.516772344275208,10888.921985981606,10997.560891302805,108.63890532119876,0.009977011999999674,7,0.06694646371340217,take_profit
2025-05-18 23:00:00+00:00,2025-05-18 23:00:00+00:00,2454.9,2451.2863567693203,2480.701793050552,1.1875887951516908,2914.034245252707,2943.107599886005,29.073354633298095,0.009977012000000307,2,0.007845533422950107,take_profit
2025-05-19 00:00:00+00:00,2025-05-19 00:00:00+00:00,2497.78,2467.686396333686,2497.29863308969,2.6065434813581025,6438.5704608604965,6502.8081556113475,64.237694750851,0.009977012000000047,5,0.028080935871053623,take_profit
2025-05-19 01:00:00+00:00,2025-05-19 14:00:00+00:00,2443.11,2413.675068159242,2442.639168977153,2.6686322989979048,6447.6589050808025,6511.9872753487025,64.32837026790003,0.009977012000000311,5,0.03877434908784296,take_profit
2025-05-19 15:00:00+00:00,2025-05-19 16:00:00+00:00,2447.29,2447.29,2476.65748,0.9314619398047781,2281.83932999483,2304.6052683722605,22.765938377430302,0.009977011999999966,1,0.0016303748227630489,take_profit
2025-05-19 17:00:00+00:00,2025-05-19 17:00:00+00:00,2509.99,2509.99,2540.10988,0.9086469066756395,2282.977626913702,2305.7549220931514,22.77729517944954,0.009977012000000006,1,0.0030079801114744394,take_profit
2025-05-19 18:00:00+00:00,2025-05-19 20:00:00+00:00,2505.0,2501.3126089482857,2531.3283602556653,1.16903657790653,2927.052985624983,2956.2562283872,29.203242762216632,0.009977012000000118,2,0.013093812375249574,take_profit
2025-05-19 21:00:00+00:00,2025-05-20 00:00:00+00:00,2520.53,2516.8197485957776,2547.021585578927,1.1625763958031095,2928.9241563649325,2958.146067820075,29.221911455142617,0.009977011999999934,2,0.011148448937326817,take_profit
2025-05-20 01:00:00+00:00,2025-05-20 01:00:00+00:00,2515.33,2515.33,2545.5139599999998,0.9083304026247685,2287.0377493835426,2309.8555524535946,22.817803070051923,0.009977011999999705,1,0.0018327615064425453,take_profit
2025-05-20 02:00:00+00:00,2025-05-20 02:00:00+00:00,2540.66,2540.66,2571.14792,0.8997230880548788,2288.178639537045,2311.00782528185,22.829185744804818,0.00997701200000002,1,0.00018105531633513984,take_profit
2025-05-20 03:00:00+00:00,2025-05-21 05:00:00+00:00,2567.0,2536.0724240680006,2566.5052931568166,2.551760743873365,6477.927983339828,6542.558348564747,64.63036522491893,0.009977012000000259,5,0.04853915075964157,take_profit
2025-05-21 06:00:00+00:00,2025-05-21 16:00:00+00:00,2593.62,2562.371702575476,2593.1201630063815,2.529135372773455,6487.07198316054,6551.793578181395,64.72159502085469,0.009977011999999721,5,0.030166331228167496,take_profit
2025-05-21 17:00:00+00:00,2025-05-21 17:00:00+00:00,2586.09,2554.9324250712957,2585.5916141721514,2.540079963655606,6496.228890307933,6561.041843901283,64.81295359334945,0.009977012000000078,5,0.05177314014593472,take_profit
2025-05-21 18:00:00+00:00,2025-05-21 19:00:00+00:00,2472.8,2472.8,2502.4736000000003,0.9287970382447932,2299.028344516241,2321.96577789782,22.937433381579012,0.00997701200000015,1,0.005439178259463067,take_profit
2025-05-21 20:00:00+00:00,2025-05-21 22:00:00+00:00,2512.75,2509.0512008522173,2539.1598152624438,1.1736246397683165,2947.63194370415,2977.040502978069,29.408559273918854,0.009977011999999737,2,0.010546214307034125,take_profit
2025-05-21 23:00:00+00:00,2025-05-21 23:00:00+00:00,2536.11,2536.11,2566.54332,0.9066420614661297,2301.6456441490154,2324.609190360438,22.963546211422454,0.009977011999999999,1,0.004183572479111761,take_profit
2025-05-22 00:00:00+00:00,2025-05-22 00:00:00+00:00,2551.0,2551.0,2581.612,0.9017996972317236,2302.7938214595865,2325.7688230498143,22.97500159022775,0.009977011999999825,1,0.0024186593492748227,take_profit
2025-05-22 01:00:00+00:00,2025-05-22 03:00:00+00:00,2586.1,2582.2932287429785,2613.280747487894,1.1422046293015797,2952.4597398241776,2981.91646607792,29.456726253742545,0.009977011999999948,2,0.009380921078071135,take_profit
2025-05-22 04:00:00+00:00,2025-05-22 08:00:00+00:00,2629.24,2625.369726128219,2656.874162841758,1.124181777430808,2954.3471522841396,2983.822709274644,29.475556990504174,0.009977011999999825,2,0.010063744656250317,take_profit
2025-05-22 09:00:00+00:00,2025-05-23 01:00:00+00:00,2663.49,2651.66927540499,2683.48930670985,1.4806995089777786,3930.255649713344,3969.4678574936024,39.21220778025827,0.009977012000000111,3,0.01514929659957421,take_profit
2025-05-23 02:00:00+00:00,2025-05-23 02:00:00+00:00,2675.63,2675.63,2707.73756,0.8620552715787436,2308.849796090324,2331.885218212115,23.035422121790816,0.009977012000000042,1,0.001315578013402444,take_profit
2025-05-23 03:00:00+00:00,2025-05-27 08:00:00+00:00,2705.3,2591.4213325793417,2622.5183885702936,5.277107626566963,13688.898175978744,13825.472477347263,136.57430136851872,0.009977012000000049,8,0.08956492810409203,take_profit
2025-05-27 09:00:00+00:00,2025-05-27 13:00:00+00:00,2635.19,2635.19,2666.81228,0.8783098949155752,2316.8302822648393,2339.9453257929595,23.115043528120168,0.009977012000000207,1,0.004929435828156693,take_profit
2025-05-27 14:00:00+00:00,2025-05-27 16:00:00+00:00,2655.58,2651.670953321712,2683.4910047615726,1.1191002856422865,2970.4561774691515,3000.092454397235,29.63627692808359,0.00997701199999991,2,0.008367286995684483,take_profit
2025-05-27 17:00:00+00:00,2025-05-27 17:00:00+00:00,2670.37,2670.37,2702.41444,0.8677255887533794,2319.4678482876493,2342.609206843629,23.141358555979878,0.009977011999999922,1,9.736478465522138e-05,take_profit
2025-05-27 18:00:00+00:00,2025-05-29 00:00:00+00:00,2695.75,2663.271226015315,2695.2304807274986,2.4631147023551803,6566.509022180007,6632.023161492407,65.5141393123995,0.009977012000000196,5,0.03236576091996662,take_profit
2025-05-29 01:00:00+00:00,2025-05-29 02:00:00+00:00,2721.5,2717.4939182645744,2750.1038452837493,1.0947798476385597,2978.035613409814,3007.74751046123,29.711897051416145,0.009977011999999688,2,0.008774572845857104,take_profit
2025-05-29 03:00:00+00:00,2025-06-09 18:00:00+00:00,2770.7,2546.9758248515905,2577.5395347498097,8.999247912080023,22943.810684598568,23172.721359124538,228.91067452597053,0.009977012000000104,10,0.1404735265456383,take_profit
2025-06-09 19:00:00+00:00,2025-06-09 21:00:00+00:00,2584.19,2584.19,2615.20028,0.903375881807521,2336.8317517599376,2360.1463501892276,23.314598429290072,0.009977012000000066,1,0.004241174217066096,take_profit
2025-06-09 22:00:00+00:00,2025-06-09 23:00:00+00:00,2643.42,2643.42,2675.14104,0.8835748705085538,2337.9974816814024,2361.323710612108,23.326228930705383,0.009977012000000108,1,0.0006052764978701489,take_profit
2025-06-10 00:00:00+00:00,2025-06-10 00:00:00+00:00,2680.13,2680.13,2712.29156,0.8719071945520589,2339.163793127938,2362.5016583619404,23.337865234002493,0.009977011999999803,1,0.0009701021965352087,take_profit
2025-06-10 01:00:00+00:00,2025-06-10 11:00:00+00:00,2699.09,2687.1112805202397,2719.356615886483,1.4823512733212838,3987.2300582934568,4027.010700431811,39.780642138354324,0.009977011999999952,3,0.016109133078185615,take_profit
2025-06-10 12:00:00+00:00,2025-06-10 19:00:00+00:00,2773.64,2740.2227963739656,2773.105469930453,2.416325194070986,6627.897277523586,6694.023888196207,66.1266106726207,0.009977012000000084,5,0.03015531936372416,take_profit
2025-06-10 20:00:00+00:00,2025-06-10 22:00:00+00:00,2773.69,2761.380201351635,2794.5167637678546,1.44574641822059,3996.2517872366147,4036.1224392728955,39.87065203628072,0.009977011999999891,3,0.01397416438030213,take_profit
2025-06-10 23:00:00+00:00,2025-06-11 14:00:00+00:00,2803.62,2791.177370258923,2824.67149870203,1.4315279890532395,3999.6481761137793,4039.5527139626447,39.9045378488654,0.009977012000000028,3,0.01769854687867824,take_profit
2025-06-11 15:00:00+00:00,2025-06-11 15:00:00+00:00,2840.59,2840.59,2874.6770800000004,0.8263301615917535,2349.614808524444,2373.05694366447,23.44213514002604,0.009977011999999983,1,0.004083658676542677,take_profit
2025-06-11 16:00:00+00:00,2025-06-16 19:00:00+00:00,2865.2,2633.8452857995367,2665.451429229131,8.79749338029634,23194.430897443595,23425.842012840552,231.41111539695703,0.009977011999999634,10,0.14945553539019957,take_profit
2025-06-16 20:00:00+00:00,2025-06-23 22:00:00+00:00,2660.54,2379.7918540088594,2408.3493562569656,12.017708371998195,28628.272760295673,28913.897381164414,285.62462086874075,0.009977011999999919,11,0.20621753478617127,take_profit
2025-06-23 23:00:00+00:00,2025-06-24 06:00:00+00:00,2407.36,2403.816336238621,2432.662132273484,1.2657260126547563,3045.618484906581,3076.004657077916,30.386172171334692,0.009977011999999971,2,0.007497839957463853,take_profit
2025-06-24 07:00:00+00:00,2025-06-24 09:00:00+00:00,2425.76,2405.507168571851,2434.373254594713,2.2386551450743255,5390.491490927474,5444.272489218356,53.78099829088205,0.00997701200000014,4,0.02046781214959439,take_profit
2025-06-24 10:00:00+00:00,2025-06-24 15:00:00+00:00,2415.84,2412.283853573504,2441.2312598163862,1.2635164814819697,3051.011418421382,3081.4513959551095,30.439977533727415,0.009977012000000087,2,0.007500496721637337,take_profit
2025-06-24 16:00:00+00:00,2025-06-24 16:00:00+00:00,2438.11,2438.11,2467.3673200000003,0.9761605056519326,2382.369059494528,2406.1379841895337,23.768924695005808,0.00997701200000008,1,0.0016488181419213987,take_profit
2025-06-24 17:00:00+00:00,2025-06-26 02:00:00+00:00,2478.91,2449.043744739543,2478.4322696764175,2.7512127423890074,6744.584942137661,6811.875747040386,67.29080490272554,0.009977011999999822,5,0.03599162535146488,take_profit
2025-06-26 03:00:00+00:00,2025-06-29 22:00:00+00:00,2493.3,2463.260372001849,2492.8194964658715,2.739195302393883,6754.10534490538,6821.491134980764,67.38579007538465,0.009977011999999931,5,0.04442706453294829,take_profit
2025-06-29 23:00:00+00:00,2025-06-30 19:00:00+00:00,2501.72,2471.578926661238,2501.2378737811728,2.7338295671007904,6763.639186316046,6831.12009564159,67.48090932554351,0.009977011999999716,5,0.02826855123674904,take_profit
2025-06-30 20:00:00+00:00,2025-07-02 15:00:00+00:00,2515.71,2460.735136876591,2490.26395851911,3.5703596386932737,8794.503918136685,8882.246789261982,87.74287112529782,0.009977012000000125,6,0.05672752423769037,take_profit
2025-07-02 16:00:00+00:00,2025-07-02 16:00:00+00:00,2498.82,2498.82,2528.80584,0.9587143019410063,2398.052524500726,2421.9779233143,23.925398813573793,0.009977011999999898,1,0.0015167158899000181,take_profit
2025-07-02 17:00:00+00:00,2025-07-02 19:00:00+00:00,2560.7,2560.7,2591.4284,0.936013412600837,2399.2487944414047,2423.186128454532,23.937334013127384,0.009977011999999981,1,0.003288163392822126,take_profit
2025-07-02 20:00:00+00:00,2025-07-03 13:00:00+00:00,2604.73,2593.1700557259987,2624.288096394711,1.5755073625975415,4089.648163427215,4130.4506322295065,40.802468802291514,0.009977012000000056,3,0.018662202992248765,take_profit
2025-07-03 14:00:00+00:00,2025-07-06 21:00:00+00:00,2624.69,2567.3336379823663,2598.141641638155,3.434724530256392,8826.910734464882,8914.976928785567,88.0661943206851,0.009977012000000018,6,0.05732105505793075,take_profit
2025-07-06 22:00:00+00:00,2025-07-08 13:00:00+00:00,2587.7,2556.52302756555,2587.2013038963364,2.661346687825885,6810.604696458638,6878.554181242463,67.94948478382503,0.009977012000000124,5,0.029253777485798133,take_profit
2025-07-08 14:00:00+00:00,2025-07-08 17:00:00+00:00,2588.1,2584.290284718187,2615.3017681348056,1.194002424297341,3088.7376026442253,3119.5539747706584,30.81637212643318,0.009977012000000165,2,0.01168424713109995,take_profit
2025-07-08 18:00:00+00:00,2025-07-09 05:00:00+00:00,2616.64,2612.788273484408,2644.1417327662207,1.1817342615763313,3090.7121331545486,3121.5482051955773,30.83607204102873,0.009977012000000065,2,0.01026507276507264,take_profit
2025-07-09 06:00:00+00:00,2025-07-09 12:00:00+00:00,2628.2,2624.3312570211115,2655.8232321053647,1.1772885872265042,3092.687925918659,3123.5437104678044,30.855784549145483,0.009977011999999971,2,0.009067042082033303,take_profit
2025-07-09 13:00:00+00:00,2025-07-09 18:00:00+00:00,2660.0,2656.0844470269226,2687.9574603912456,1.1639578403549136,3094.664981743475,3125.5404914023097,30.875509658834744,0.009977012000000101,2,0.011462406015037513,take_profit
2025-07-09 19:00:00+00:00,2025-07-09 19:00:00+00:00,2718.34,2718.34,2750.9600800000003,0.8880564240311063,2416.455755456174,2440.564763525829,24.109008069655374,0.009977012000000026,1,0.0004855904706549452,take_profit
2025-07-09 20:00:00+00:00,2025-07-10 02:00:00+00:00,2765.01,2760.9398710052296,2794.0711494572924,1.1210276283976592,3098.188063805337,3129.0987232961797,30.91065949084259,0.009977011999999992,2,0.012039739458446955,take_profit
2025-07-10 03:00:00+00:00,2025-07-10 07:00:00+00:00,2783.42,2783.42,2816.8210400000003,0.8682798614996527,2419.206738834198,2443.343193498027,24.136454663829227,0.009977011999999822,1,0.006427344777288326,take_profit
2025-07-10 08:00:00+00:00,2025-07-10 17:00:00+00:00,2791.08,2786.9714956420685,2820.415153589773,1.1118210022469952,3101.7151566752473,3132.6610060139774,30.945849338730113,0.009977011999999771,2,0.011572581223039013,take_profit
2025-07-10 18:00:00+00:00,2025-07-10 21:00:00+00:00,2830.38,2826.21364555491,2860.128209301569,1.0970841819447665,3103.6979833180626,3134.6636153420027,30.96563202394009,0.009977011999999993,2,0.01222450695666303,take_profit
2025-07-10 22:00:00+00:00,2025-07-11 05:00:00+00:00,2972.17,2958.9793354885696,2994.4870875144325,1.3939984302629798,4128.941490342003,4170.135989138443,41.1944987964398,0.009977011999999941,3,0.019655672454805772,take_profit
2025-07-11 06:00:00+00:00,2025-07-11 09:00:00+00:00,3004.88,2991.5441665930593,3027.442696592176,1.3799957382547359,4132.450651350588,4173.680161088521,41.22950973793377,0.009977012000000276,3,0.01376760469636055,take_profit
2025-07-11 10:00:00+00:00,2025-07-13 14:00:00+00:00,3015.0,2978.6748572516644,3014.4189555386843,2.3038518008348525,6869.294728709454,6937.829764649325,68.5350359398708,0.009977011999999974,5,0.036865671641791074,take_profit
2025-07-13 15:00:00+00:00,2025-07-14 02:00:00+00:00,2987.86,2974.599702349757,3010.294898777954,1.3909969668415934,4141.80096450092,4183.123762425357,41.32279792443751,0.009977012000000063,3,0.01593782841230859,take_profit
2025-07-14 03:00:00+00:00,2025-07-14 03:00:00+00:00,3000.6,3000.6,3036.6072,0.8100680212383198,2433.1232277554577,2457.3985273962526,24.275299640794856,0.009977011999999967,1,0.0011997600479903717,take_profit
2025-07-14 04:00:00+00:00,2025-07-14 09:00:00+00:00,3037.35,3032.878983149332,3069.2735309471236,1.0275511273009794,3119.5577758784225,3150.6816412430544,31.12386536463191,0.009977011999999865,2,0.006729550430473951,take_profit
2025-07-14 10:00:00+00:00,2025-07-14 11:00:00+00:00,3044.71,3044.71,3081.24652,0.7992410747886411,2435.893186005729,2460.196121553227,24.302935547497782,0.00997701200000016,1,0.004962705807778123,take_profit
2025-07-14 12:00:00+00:00,2025-07-15 13:00:00+00:00,3051.71,3014.9425700243705,3051.121880864663,2.2850245651795587,6896.113949060338,6964.916560683482,68.802611623144,0.009977012000000235,5,0.0390764522185922,take_profit
2025-07-15 14:00:00+00:00,2025-07-15 14:00:00+00:00,3051.7,3014.9326905057724,3051.1118827918417,2.2882575183065708,6905.848244482573,6974.747975287955,68.8997308053822,0.009977012000000092,5,0.027755021791132754,take_profit
2025-07-15 15:00:00+00:00,2025-07-15 15:00:00+00:00,2977.94,2977.94,3013.67528,0.81987865989732,2443.99344990453,2468.3772018821483,24.38375197761843,0.009977011999999811,1,0.003337877861877692,take_profit
2025-07-15 16:00:00+00:00,2025-07-15 17:00:00+00:00,3039.94,3039.94,3076.41928,0.8035577757672544,2445.212637503411,2469.608553330334,24.3959158269231,0.009977011999999967,1,0.0018388520826069414,take_profit
2025-07-15 18:00:00+00:00,2025-07-15 23:00:00+00:00,3096.3,3070.4487855554626,3107.294170982128,1.8041993170553665,5545.246848801448,5600.571843154901,55.324994353452894,0.009977011999999758,4,0.02153215127733103,take_profit
2025-07-16 00:00:00+00:00,2025-07-16 07:00:00+00:00,3137.9,3133.280972302924,3170.8803439705594,1.000696771757428,3138.602756749261,3169.9166341165815,31.3138773673204,0.009977011999999981,2,0.011759456961662286,take_profit
2025-07-16 08:00:00+00:00,2025-07-16 14:00:00+00:00,3162.44,3162.44,3200.38928,0.7741850003490705,2450.764376880795,2475.2156824781073,24.451305597312057,0.009977011999999934,1,0.005891020857312742,take_profit
2025-07-16 15:00:00+00:00,2025-07-16 16:00:00+00:00,3251.65,3237.218986882112,3276.0656147246973,1.2891564619101934,4177.459234792236,4219.137795707269,41.678560915032904,0.009977011999999987,3,0.013596174249996167,take_profit
2025-07-16 17:00:00+00:00,2025-07-16 18:00:00+00:00,3285.24,3285.24,3324.66288,0.7462519631248267,2454.070870206412,2478.5551647273114,24.48429452089931,0.009977011999999794,1,0.0035005052903288652,take_profit
2025-07-16 19:00:00+00:00,2025-07-16 19:00:00+00:00,3335.98,3335.98,3376.01176,0.7352681340558169,2455.2950849324566,2479.791593458369,24.496508525912304,0.009977012000000068,1,0.00014988099449037465,take_profit
2025-07-16 20:00:00+00:00,2025-07-16 20:00:00+00:00,3384.22,3384.22,3424.8306399999997,0.7251488941169292,2456.5199103587524,2481.028638982641,24.5087286238886,0.009977012000000163,1,0.004931712477321096,take_profit
2025-07-16 21:00:00+00:00,2025-07-17 01:00:00+00:00,3380.3,3352.0776506840853,3392.3025824922943,1.66025944003278,5570.88945272388,5626.470283644379,55.580830920499466,0.00997701199999998,4,0.020569180250273704,take_profit
2025-07-17 02:00:00+00:00,2025-07-17 05:00:00+00:00,3338.21,3333.296113499903,3373.295666861902,0.9449995484020483,3153.1164383860973,3184.575118929273,31.458680543175433,0.009977012000000025,2,0.007237411666731528,take_profit
2025-07-17 06:00:00+00:00,2025-07-17 06:00:00+00:00,3374.08,3374.0799999999995,3414.5689599999996,0.7289795218372913,2462.097322363131,2486.6616968935155,24.56437453038461,0.009977011999999914,1,0.0030763941578149036,take_profit
2025-07-17 07:00:00+00:00,2025-07-17 09:00:00+00:00,3441.29,3436.224378462134,3477.4590710036796,0.9177367396230178,3156.7060637667364,3188.20055804541,31.494494278673756,0.009977012000000082,2,0.00954293302802151,take_profit
2025-07-17 10:00:00+00:00,2025-07-17 21:00:00+00:00,3466.01,3424.251025533281,3465.3420378396804,2.0348333166632933,6974.754826199769,7044.342038797822,69.58721259805316,0.009977012000000021,5,0.030239381882914473,take_profit
2025-07-17 22:00:00+00:00,2025-07-17 23:00:00+00:00,3468.0,3468.0,3509.616,0.7110470723203727,2468.379626433486,2493.0066795869684,24.627053153482393,0.009977011999999995,1,0.004780853517877718,take_profit
2025-07-18 00:00:00+00:00,2025-07-18 00:00:00+00:00,3476.88,3476.88,3518.6025600000003,0.709584848517081,2469.61097909116,2494.2503174648846,24.639338373724513,0.009977012000000104,1,0.005234578127516702,take_profit
2025-07-18 01:00:00+00:00,2025-07-18 01:00:00+00:00,3538.18,3538.1799999999994,3580.6381599999995,0.6976389282240691,2470.8429460098464,2495.494575732302,24.65162972245571,0.009977012000000049,1,0.003558326597290045,take_profit
2025-07-18 02:00:00+00:00,2025-07-18 05:00:00+00:00,3614.89,3609.568837110207,3652.8836631555296,0.8767670691755015,3167.9190093096495,3199.5253752805597,31.606365970910247,0.009977011999999924,2,0.010758280334947917,take_profit
2025-07-18 06:00:00+00:00,2025-07-18 14:00:00+00:00,3669.91,3625.6944097434343,3669.2027426603554,1.9286044422554482,6999.5298747667,7069.364268321605,69.83439355490464,0.009977011999999825,5,0.031453087405413166,take_profit
2025-07-18 15:00:00+00:00,2025-07-18 17:00:00+00:00,3585.23,3569.318539307538,3612.150361779228,1.181207311704863,4220.325481915701,4262.431719892679,42.106237976978264,0.00997701199999989,3,0.015404869422603298,take_profit
2025-07-18 18:00:00+00:00,2025-07-19 04:00:00+00:00,3600.2,3556.8242855978247,3599.5061770249986,1.9703959124803088,7015.367401153801,7085.359805899522,69.9924047457207,0.00997701200000006,5,0.03405921893228151,take_profit
2025-07-19 05:00:00+00:00,2025-07-20 01:00:00+00:00,3589.67,3573.7388343275293,3616.6237003394594,1.1824156567738187,4229.874625555041,4272.076135452699,42.20150989765807,0.00997701199999998,3,0.017614432524438183,take_profit
2025-07-20 02:00:00+00:00,2025-07-20 03:00:00+00:00,3604.81,3604.8099999999995,3648.0677199999996,0.6886292788053111,2484.8625731032766,2509.6540768134787,24.79150371020205,0.009977011999999912,1,0.0024189901825615776,take_profit
2025-07-20 04:00:00+00:00,2025-07-20 08:00:00+00:00,3658.01,3652.625363935697,3696.456868302925,0.8713480450702296,3185.8938641034088,3217.6795654162947,31.785701312885976,0.009977011999999967,2,0.006787843663631422,take_profit
2025-07-20 09:00:00+00:00,2025-07-20 11:00:00+00:00,3711.5,3711.5000000000005,3756.0380000000005,0.6695955117664224,2487.6914333544314,2512.5111606373057,24.819727282874283,0.009977011999999967,1,0.004464502222821006,take_profit
2025-07-20 12:00:00+00:00,2025-07-20 16:00:00+00:00,3756.7,3751.1700910323457,3796.184132124734,0.8494233016362158,3189.5208045282475,3221.3426918692758,31.821887341028287,0.009977012000000096,2,0.008454228445177887,take_profit
2025-07-20 17:00:00+00:00,2025-07-21 06:00:00+00:00,3809.2,3763.3062242928813,3808.465898984396,1.8707517937741274,7047.259128745993,7117.5697176406,70.31058889460746,0.009977011999999879,5,0.03349784731702193,take_profit
2025-07-21 07:00:00+00:00,2025-07-21 11:00:00+00:00,3787.36,3781.7849591322874,3827.166378641875,0.8442756047821797,3196.0648483759387,3227.9520257209633,31.88717734502461,0.009977011999999903,2,0.008459718643065344,take_profit
2025-07-21 12:00:00+00:00,2025-07-21 14:00:00+00:00,3808.69,3803.0835611078824,3848.720563841177,0.8400840608452745,3198.1079897391573,3230.0155515300803,31.907561790922955,0.009977011999999846,2,0.008743163659946119,take_profit
2025-07-21 15:00:00+00:00,2025-07-24 14:00:00+00:00,3841.03,3679.343171211041,3723.4952892655733,4.017998238424166,14798.392773257208,14946.036515536705,147.64374227949702,0.009977011999999768,8,0.08804409233981517,take_profit
2025-07-24 15:00:00+00:00,2025-07-25 10:00:00+00:00,3734.45,3689.4568227739564,3733.730304647244,1.9189909581030618,7087.121404619491,7157.829699918838,70.7082952993469,0.009977012000000195,5,0.04302909397635518,take_profit
2025-07-25 11:00:00+00:00,2025-07-25 21:00:00+00:00,3718.89,3674.084291835702,3718.1733033377304,1.929740210214408,7097.125318991473,7167.933423464555,70.80810447308158,0.009977011999999976,5,0.03154973661495767,take_profit
2025-07-25 22:00:00+00:00,2025-07-26 02:00:00+00:00,3719.81,3719.8099999999995,3764.4477199999997,0.6745438882099252,2511.6867875897515,2536.7459168097757,25.05912922002426,0.009977011999999943,1,0.005954605208330558,take_profit
2025-07-26 03:00:00+00:00,2025-07-26 22:00:00+00:00,3742.67,3737.1607433662602,3782.0066722866554,0.86083143895919,3220.285746079853,3252.4145756119215,32.128829532068266,0.009977012000000191,2,0.008892047655817959,take_profit
2025-07-26 23:00:00+00:00,2025-07-27 05:00:00+00:00,3750.17,3750.1700000000005,3795.1720400000004,0.6698447375297197,2514.5461855273566,2539.6338429949174,25.087657467560803,0.009977012000000056,1,0.005111768266505271,take_profit
2025-07-27 06:00:00+00:00,2025-07-27 10:00:00+00:00,3790.93,3785.349704048034,3830.77390049661,0.8508402497720066,3223.9518395061264,3256.117245696301,32.16540619017451,0.009977011999999941,2,0.010533035429300947,take_profit
2025-07-27 11:00:00+00:00,2025-07-27 18:00:00+00:00,3817.06,3811.441240364129,3857.1785352484985,0.8455559438216504,3226.012808124978,3258.1987766237944,32.18596849881624,0.009977011999999886,2,0.006701492771923922,take_profit
2025-07-27 19:00:00+00:00,2025-07-28 00:00:00+00:00,3846.26,3840.5982576021697,3886.685436693396,0.8396730933200641,3228.0750942547174,3260.2816382069977,32.2065439522803,0.009977011999999954,2,0.007864782931991077,take_profit
2025-07-28 01:00:00+00:00,2025-07-28 05:00:00+00:00,3862.01,3862.0100000000007,3908.354120000001,0.6520200195930266,2520.6284643327976,2545.776804768988,25.14834043619021,0.009977012000000125,1,0.0049223072959418065,take_profit
2025-07-28 06:00:00+00:00,2025-08-04 14:00:00+00:00,3929.79,3612.4734279220165,3655.8231090570807,6.8810816885744845,24882.60736269879,25130.86143494772,248.25407224893206,0.009977011999999915,10,0.14644802902954096,take_profit
2025-08-04 15:00:00+00:00,2025-08-04 16:00:00+00:00,3639.05,3639.05,3682.7186,0.6957212147077085,2534.298584967054,2559.583312360853,25.28472739379913,0.009977011999999926,1,0.001233838501806855,take_profit
2025-08-04 17:00:00+00:00,2025-08-04 21:00:00+00:00,3685.62,3685.62,3729.84744,0.6872730391400652,2535.562821336744,2560.860162031974,25.297340695230105,0.009977011999999823,1,0.0066230376435985954,take_profit
2025-08-04 22:00:00+00:00,2025-08-07 01:00:00+00:00,3710.02,3665.3211588394097,3709.3050127454826,1.9564737164148627,7178.282792280852,7249.900605838831,71.61781355797939,0.009977011999999974,5,0.04421000425873715,take_profit
2025-08-07 02:00:00+00:00,2025-08-07 08:00:00+00:00,3667.55,3667.55,3711.5606000000002,0.6919791606032243,2540.4085790494046,2565.7542659274836,25.34568687807905,0.009977012000000075,1,0.005431418794563147,take_profit
2025-08-07 09:00:00+00:00,2025-08-07 10:00:00+00:00,3721.26,3721.2600000000007,3765.9151200000006,0.6823318412392348,2541.6758633933086,2567.034193982494,25.358330589185243,0.009977011999999938,1,0.0016741641272042312,take_profit
2025-08-07 11:00:00+00:00,2025-08-07 19:00:00+00:00,3821.47,3815.8447487894628,3861.6348857749363,0.8531470333246377,3258.735362419547,3291.2478042352313,32.51244181568427,0.00997701200000003,2,0.010710538091362706,take_profit
2025-08-07 20:00:00+00:00,2025-08-07 22:00:00+00:00,3867.6,3867.6,3914.0112,0.6572615659870562,2544.569402013552,2569.956601472274,25.38719945872208,0.009977012000000018,1,0.00423518461061126,take_profit
2025-08-07 23:00:00+00:00,2025-08-08 03:00:00+00:00,3916.8,3911.0344218477635,3957.9668349099366,0.8333301197475285,3262.445228323426,3294.9946835157516,32.549455192325695,0.009977012000000042,2,0.009395424836601354,take_profit
2025-08-08 04:00:00+00:00,2025-08-08 13:00:00+00:00,3939.19,3921.7076440995015,3968.7681358286954,1.105586628330488,4340.127659197067,4383.429164934408,43.30150573734045,0.009977011999999862,3,0.013898796453077917,take_profit
2025-08-08 14:00:00+00:00,2025-08-08 17:00:00+00:00,3999.76,3982.0088308924996,4029.79293686321,1.089769680069619,4343.816305982099,4387.154613392679,43.338307410579546,0.009977012000000108,3,0.018641118467108125,take_profit
2025-08-08 18:00:00+00:00,2025-08-09 04:00:00+00:00,4032.7,4032.7000000000003,4081.0924000000005,0.6321438309762931,2551.798225403501,2577.2575469199305,25.459321516429554,0.009977012000000047,1,0.006464651474198356,take_profit
2025-08-09 05:00:00+00:00,2025-08-09 05:00:00+00:00,4080.91,4080.91,4129.88092,0.6249875935239549,2553.0711914793224,2578.5432133935656,25.472021914243214,0.00997701199999989,1,0.0013722429556152695,take_profit
2025-08-09 06:00:00+00:00,2025-08-09 09:00:00+00:00,4181.95,4175.794117760992,4225.903647174124,0.783101875053153,3273.345549003563,3306.0037568261178,32.65820782255469,0.009977011999999863,2,0.009404703547388163,take_profit
2025-08-09 10:00:00+00:00,2025-08-09 18:00:00+00:00,4219.62,4200.893079337413,4251.303796289462,1.0355593366195734,4354.628679127535,4398.074861714736,43.44618258720038,0.009977012000000188,3,0.015747863551694184,take_profit
2025-08-09 19:00:00+00:00,2025-08-09 20:00:00+00:00,4241.97,4241.97,4292.873640000001,0.6024540159603736,2558.150012095522,2583.672705463999,25.52269336847712,0.009977011999999981,1,0.001152766285475929,take_profit
2025-08-09 21:00:00+00:00,2025-08-11 01:00:00+00:00,4290.29,4238.599984516831,4289.463184331033,1.7069281975418724,7242.228059732053,7314.4838559907375,72.25579625868431,0.009977012000000125,5,0.031983851907446875,take_profit
2025-08-11 02:00:00+00:00,2025-08-11 13:00:00+00:00,4303.81,4251.957093661123,4302.980578785056,1.7039679155551135,7252.450916832355,7324.8087066590015,72.3577898266467,0.009977011999999902,5,0.0318415543437094,take_profit
2025-08-11 14:00:00+00:00,2025-08-11 15:00:00+00:00,4279.72,4279.72,4331.07664,0.5991256832788463,2566.6568260682125,2592.2643920217765,25.607565953564063,0.009977011999999843,1,0.004736291159234818,take_profit
2025-08-11 16:00:00+00:00,2025-08-12 08:00:00+00:00,4329.74,4277.574685385346,4328.90558160997,1.6970001515350668,7266.311200502001,7338.807274545142,72.49607404314065,0.009977011999999695,5,0.03227445527906982,take_profit
2025-08-12 09:00:00+00:00,2025-08-12 12:00:00+00:00,4310.65,4304.30466976564,4355.956325802827,0.7648421604198299,3295.409091820535,3328.2874278745376,32.878336054002375,0.009977011999999938,2,0.012464477514991839,take_profit
2025-08-12 13:00:00+00:00,2025-08-12 15:00:00+00:00,4407.26,4400.772458648073,4453.581728151849,0.74855454490631,3297.5157407602915,3330.4150948760457,32.89935411575425,0.00997701199999998,2,0.012352345901989106,take_profit
2025-08-12 16:00:00+00:00,2025-08-12 20:00:00+00:00,4472.62,4466.0362479178775,4519.628682892892,0.738087182837638,3299.623736412894,3332.54412202657,32.920385613676444,0.00997701200000005,2,0.007208302963363707,take_profit
2025-08-12 21:00:00+00:00,2025-08-13 04:00:00+00:00,4621.83,4615.026608948287,4670.406928255666,0.714715564188543,3301.733079639252,3334.67451019561,32.94143055635777,0.009977012,2,0.01265948769210469,take_profit
2025-08-13 05:00:00+00:00,2025-08-13 09:00:00+00:00,4673.8,4653.057401900455,4708.894090723261,0.94303609019075,4392.393453174509,4436.216415365553,43.8229621910441,0.009977012000000132,3,0.014033548718387637,take_profit
2025-08-13 10:00:00+00:00,2025-08-13 18:00:00+00:00,4706.82,4685.93085720679,4742.162027493272,0.9372162175738192,4396.126520324116,4439.986727370909,43.86020704679231,0.009977012000000082,3,0.019295405390475886,take_profit
2025-08-13 19:00:00+00:00,2025-08-13 21:00:00+00:00,4716.44,4716.44,4773.03728,0.5470112232330069,2582.52814184693,2608.2940561084743,25.765914261544367,0.00997701199999994,1,0.004049664577520218,take_profit
2025-08-13 22:00:00+00:00,2025-08-13 22:00:00+00:00,4721.16,4721.16,4777.81392,0.5467369504787907,2583.816437560007,2609.5952051633403,25.778767603333108,0.00997701199999987,1,0.00327673707309226,take_profit
2025-08-13 23:00:00+00:00,2025-08-14 12:00:00+00:00,4734.31,4677.27036929855,4733.397613730132,1.5623590897533681,7314.890767475159,7387.871520440946,72.98075296578736,0.009977011999999794,5,0.04671852920488947,take_profit
2025-08-14 13:00:00+00:00,2025-08-14 13:00:00+00:00,4567.33,4529.197058337705,4583.547423037758,1.2942637334223572,5867.843337467182,5926.386880859213,58.5435433920311,0.009977012000000165,4,0.025397770688783163,take_profit
2025-08-14 14:00:00+00:00,2025-08-14 14:00:00+00:00,4612.71,4605.920033701337,4661.191074105754,0.720349191521291,3321.191964452928,3354.327536536579,33.135572083650914,0.009977012000000144,2,0.007032742140737137,take_profit
2025-08-14 15:00:00+00:00,2025-08-15 12:00:00+00:00,4670.58,4614.308197274453,4669.679895641747,1.5887211233188396,7338.187089602802,7411.400270254015,73.2131806512125,0.009977012000000037,5,0.04655738687700453,take_profit
2025-08-15 13:00:00+00:00,2025-08-22 14:00:00+00:00,4628.38,4433.549945397396,4486.752544742165,3.4677029552938103,15389.623871969228,15543.166334015355,153.54246204612718,0.009977012000000243,8,0.12280322704704456,take_profit
2025-08-22 15:00:00+00:00,2025-08-22 16:00:00+00:00,4613.93,4613.93,4669.29716,0.563959894351587,2604.676151497115,2630.6630367167154,25.98688521960048,0.00997701199999998,1,0.00014954713227129785,take_profit
2025-08-22 17:00:00+00:00,2025-08-22 17:00:00+00:00,4745.95,4745.95,4802.9014,0.5485455009560439,2605.975495758095,2631.975344550979,25.999848792884222,0.009977011999999908,1,0.0,take_profit
2025-08-22 18:00:00+00:00,2025-08-22 19:00:00+00:00,4799.51,4792.445061785784,4849.9544025272135,0.6964783188869744,3341.175255245991,3374.510200861683,33.33494561569205,0.00997701199999992,2,0.009642651020625158,take_profit
2025-08-22 20:00:00+00:00,2025-08-24 16:00:00+00:00,4833.0,4774.771338340727,4832.0685944008155,1.5445677685192665,7382.340251502192,7455.993948779511,73.65369727731922,0.009977011999999843,5,0.0358576453548521,take_profit
2025-08-24 17:00:00+00:00,2025-08-24 17:00:00+00:00,4821.8,4821.800000000001,4879.661600000001,0.541294183794858,2612.6249203423895,2638.6911105241447,26.066190181755246,0.00997701200000007,1,7.880874362273614e-05,take_profit
2025-08-24 18:00:00+00:00,2025-08-24 19:00:00+00:00,4905.56,4846.4571252867245,4904.614610790165,1.5246296684626102,7396.448768913068,7470.243227037897,73.79445812482845,0.009977011999999667,5,0.032893288431901875,take_profit
2025-08-24 20:00:00+00:00,2025-09-12 20:00:00+00:00,4813.01,4610.408009432483,4665.732905545672,3.3611555091483547,15511.810090416111,15666.571605829906,154.76151541379477,0.009977011999999494,8,0.12516076218416344,take_profit
2025-09-12 21:00:00+00:00,2025-09-12 22:00:00+00:00,4670.48,4670.48,4726.5257599999995,0.5615548450051987,2625.356028528409,2651.549237129309,26.193208600900107,0.009977011999999934,1,0.005579726280810429,take_profit
2025-09-12 23:00:00+00:00,2025-09-13 03:00:00+00:00,4695.17,4695.17,4751.5120400000005,0.5588805140749952,2626.6656889584538,2652.871964057181,26.20627509872702,0.0099770120000001,1,0.005039221157061374,take_profit
2025-09-13 04:00:00+00:00,2025-10-02 15:00:00+00:00,4756.8,4372.705310446474,4425.1777741718315,5.923891967213421,25929.363226772104,26188.06079483797,258.6975680658652,0.009977012000000045,10,0.19799024554322237,take_profit
2025-10-02 16:00:00+00:00,2025-10-02 18:00:00+00:00,4437.1,4437.1,4490.345200000001,0.5945933087457046,2640.910881116683,2667.2592806685147,26.34839955183179,0.009977012000000026,1,0.002474589258750191,take_profit
2025-10-02 19:00:00+00:00,2025-10-03 03:00:00+00:00,4487.3,4480.694638775905,4534.462974441216,0.7549232750181315,3385.966637698589,3419.748467474507,33.78182977591814,0.009977011999999902,2,0.006692220266084225,take_profit
2025-10-03 04:00:00+00:00,2025-10-03 15:00:00+00:00,4500.59,4480.616118023699,4534.383511439983,1.0043144254369225,4504.451854030416,4549.392824231499,44.940970201082564,0.009977011999999745,3,0.016128996420469346,take_profit
2025-10-03 16:00:00+00:00,2025-10-03 16:00:00+00:00,4534.75,4534.75,4589.167,0.5829468607204434,2646.1644410931244,2672.5652554758835,26.40081438275911,0.009977011999999891,1,0.0033651248690667003,take_profit
2025-10-03 17:00:00+00:00,2025-10-05 03:00:00+00:00,4525.42,4505.335921029646,4559.399952082002,1.0001515241098091,4510.529117161632,4555.530720289904,45.00160312827211,0.009977012000000245,3,0.01887559607727019,take_profit
2025-10-05 04:00:00+00:00,2025-10-05 04:00:00+00:00,4531.55,4531.55,4585.9286,0.5841455633076337,2649.734561968676,2676.170995490252,26.436433521575964,0.009977011999999902,1,0.0005627213646545181,take_profit
2025-10-05 05:00:00+00:00,2025-10-06 11:00:00+00:00,4574.63,4536.43611015263,4590.873343474462,1.3232969514748016,6009.061136261444,6069.013611326658,59.95247506521446,0.009977012000000066,4,0.021997407440601777,take_profit
2025-10-06 12:00:00+00:00,2025-10-06 13:00:00+00:00,4571.71,4571.71,4626.57052,0.579958036137598,2654.054007398016,2680.5335360784743,26.479528680458316,0.009977012000000084,1,0.0003193553396869085,take_profit
2025-10-06 14:00:00+00:00,2025-10-06 15:00:00+00:00,4637.88,4637.88,4693.53456,0.5719687887242031,2655.377983832039,2681.8707218412674,26.49273800922856,0.00997701200000019,1,0.0016968959955841658,take_profit
2025-10-06 16:00:00+00:00,2025-10-06 19:00:00+00:00,4673.39,4673.39,4729.47068,0.5679059351160008,2656.7026207325002,2683.2085746599796,26.505953927479368,0.009977011999999912,1,0.0028672976147936604,take_profit
2025-10-06 20:00:00+00:00,2025-10-10 21:00:00+00:00,4722.61,4031.1815793277733,4079.5557582797064,10.207527939358037,41189.588187801506,41600.537203426255,410.9490156247484,0.009977011999999867,12,0.27264796373191935,take_profit
2025-10-10 22:00:00+00:00,2025-10-10 22:00:00+00:00,3950.0,3902.409846150605,3949.238764304412,1.9402874511379355,7579.376229913054,7654.99575751141,75.6195275983564,0.00997701199999988,5,0.029483544303797477,take_profit
2025-10-10 23:00:00+00:00,2025-10-10 23:00:00+00:00,3855.08,3837.9709292050165,3884.0265803554767,1.1895271184713958,4569.940440634863,4615.534791250363,45.594350615499934,0.009977012000000136,3,0.016412110773317282,take_profit
2025-10-11 00:00:00+00:00,2025-10-11 00:00:00+00:00,3829.72,3829.7199999999993,3875.676639999999,0.7002996112137919,2684.6360631208036,2711.4207093381924,26.784646217388854,0.00997701199999994,1,0.00610227379547327,take_profit
2025-10-11 01:00:00+00:00,2025-10-11 01:00:00+00:00,3838.47,3792.2235752287875,3837.730258131533,2.0021802023284394,7600.3152804066585,7676.143717163059,75.82843675640015,0.009977011999999941,5,0.029259053737556877,take_profit
2025-10-11 02:00:00+00:00,2025-10-11 02:00:00+00:00,3733.34,3733.34,3778.14008,0.7197514693417219,2689.7667172694933,2716.6025520848916,26.835834815398357,0.009977012000000006,1,0.0008678555931150756,take_profit
2025-10-11 03:00:00+00:00,2025-10-11 09:00:00+00:00,3841.16,3794.881165731609,3840.4197397203884,2.0046017783019634,7614.840373643855,7690.813727429785,75.97335378593016,0.009977012000000122,5,0.027975923939643245,take_profit
2025-10-11 10:00:00+00:00,2025-10-12 06:00:00+00:00,3829.36,3783.223333786147,3828.622013791581,2.0136172081256603,7625.589196290604,7701.669791209068,76.08059491846325,0.009977012000000202,5,0.04857991935989309,take_profit
2025-10-12 07:00:00+00:00,2025-10-12 14:00:00+00:00,3832.84,3827.1980120085223,3873.1243881526248,0.9027204956867056,3458.348434926434,3492.8524187618764,34.50398383544234,0.009977012000000026,2,0.010248275430229334,take_profit
2025-10-12 15:00:00+00:00,2025-10-12 15:00:00+00:00,3975.19,3975.19,4022.89228,0.6786432772349543,2700.4364056372556,2727.378692061535,26.942286424279246,0.009977011999999808,1,0.002369698052168594,take_profit
2025-10-12 16:00:00+00:00,2025-10-12 16:00:00+00:00,4034.59,4034.59,4083.0050800000004,0.6689853830100483,2701.7835199584692,2728.739246558497,26.9557266000279,0.009977012000000006,1,2.4785665954206695e-06,take_profit
2025-10-12 17:00:00+00:00,2025-10-12 17:00:00+00:00,4106.28,4106.28,4155.555359999999,0.6576337159137182,2703.131306288471,2730.100479768887,26.969173480415975,0.009977012000000084,1,0.0018946589126897693,take_profit
2025-10-12 18:00:00+00:00,2025-10-12 20:00:00+00:00,4127.85,4121.77375363161,4171.23503867519,0.8399963709930568,3465.7407358408223,3500.318472751196,34.577736910373915,0.009977012000000347,2,0.007812783894763727,take_profit
2025-10-12 21:00:00+00:00,2025-10-13 00:00:00+00:00,4136.24,4117.883124660177,4167.297722156099,1.1185278906519074,4610.577703080314,4656.577492150878,45.999789070564475,0.009977011999999945,3,0.013427654101309394,take_profit
2025-10-13 01:00:00+00:00,2025-10-13 01:00:00+00:00,4139.78,4139.78,4189.457359999999,0.6536096441405769,2708.5086412615387,2735.5314644775085,27.022823215969765,0.00997701199999989,1,0.0031982375875045975,take_profit
2025-10-13 02:00:00+00:00,2025-10-13 17:00:00+00:00,4198.77,4148.18263030931,4197.960821873022,1.8466476323826353,7667.899532483944,7744.402258134331,76.50272565038631,0.009977011999999948,5,0.037268057073857455,take_profit
2025-10-13 18:00:00+00:00,2025-10-13 20:00:00+00:00,4234.62,4228.3865868681,4279.127225910517,0.8216040235571596,3477.536969895852,3512.2323979749463,34.6954280790942,0.009977011999999898,2,0.008175467928645284,take_profit
2025-10-13 21:00:00+00:00,2025-10-14 16:00:00+00:00,4286.21,4105.783473150816,4155.052874828625,3.9152782095222953,16091.37594138554,16251.919792249257,160.54385086371622,0.009977012000000085,8,0.09273227396697788,take_profit
2025-10-14 17:00:00+00:00,2025-10-14 17:00:00+00:00,4096.23,4090.2002986635675,4139.28270224753,0.8524171054190878,3490.046745917003,3524.8669841815786,34.82023826457544,0.009977012000000157,2,0.011654619003327397,take_profit
2025-10-14 18:00:00+00:00,2025-10-14 19:00:00+00:00,4101.42,4095.382658919233,4144.527250826264,0.8518826769518744,3492.2778204428446,3527.1203181647365,34.84249772189196,0.009977011999999959,2,0.012741928405284077,take_profit
2025-10-14 20:00:00+00:00,2025-10-15 08:00:00+00:00,4102.96,4096.9203920201435,4146.083436724385,0.8521073091147375,3494.5103212228023,3529.3750926317666,34.864771408964316,0.009977012000000162,2,0.010443679684910384,take_profit
2025-10-15 09:00:00+00:00,2025-10-20 04:00:00+00:00,4181.8,4005.7685759731976,4053.837798884876,4.03262080200535,16169.915603091958,16331.243045102992,161.32744201103378,0.00997701199999988,8,0.12131139700607398,take_profit
2025-10-20 05:00:00+00:00,2025-10-21 15:00:00+00:00,4054.41,4005.5618998307523,4053.6286426287215,1.9313683772448134,7743.959545975748,7821.221123293462,77.261577317714,0.009977011999999924,5,0.05282396205613149,take_profit
2025-10-21 16:00:00+00:00,2025-10-24 04:00:00+00:00,4081.66,3909.8439346230716,3956.7620618385486,4.149620370659189,16240.608645856033,16402.64139320304,162.0327473470079,0.009977011999999908,8,0.09105608992419748,take_profit
2025-10-24 05:00:00+00:00,2025-10-24 12:00:00+00:00,3974.35,3968.499707534379,4016.1217040247916,0.8867056982576076,3522.4137179223058,3557.5568818549805,35.143163932674724,0.00997701199999979,2,0.012208285631612713,take_profit
2025-10-24 13:00:00+00:00,2025-10-26 09:00:00+00:00,3963.98,3930.884467579416,3978.055081190369,1.5844131472892622,6234.379410318296,6296.579888507596,62.20047818929925,0.00997701200000011,4,0.02460910499043895,take_profit
2025-10-26 10:00:00+00:00,2025-10-26 11:00:00+00:00,3987.91,3987.91,4035.76492,0.6897893776271764,2753.5715284616545,2781.043944643975,27.472416182320558,0.009977012000000104,1,0.003312512067724707,take_profit
2025-10-26 12:00:00+00:00,2025-10-26 13:00:00+00:00,4044.98,4044.98,4093.51976,0.6803964924725214,2754.945149270771,2782.431270084387,27.486120813616253,0.009977011999999993,1,0.0010679904474188164,take_profit
2025-10-26 14:00:00+00:00,2025-10-26 22:00:00+00:00,4083.52,4077.5090079411198,4126.439116036413,0.8653911394965764,3532.172339028749,3567.412864841307,35.24052581255819,0.009977012000000084,2,0.009117134237128757,take_profit
2025-10-26 23:00:00+00:00,2025-10-27 02:00:00+00:00,4160.65,4160.65,4210.5778,0.6622338817541676,2758.0814816020793,2785.5988936410013,27.517412038921975,0.00997701200000009,1,0.0030403903236272305,take_profit
2025-10-27 03:00:00+00:00,2025-11-10 00:00:00+00:00,4205.5,3589.780678875231,3632.858047021734,11.900060532774635,42761.36874674681,43187.99943586954,426.63068912272865,0.009977012000000252,12,0.2730947568660088,take_profit
2025-11-10 01:00:00+00:00,2025-11-11 01:00:00+00:00,3635.97,3592.163323622334,3635.269283505802,2.1883008417568806,7868.602627438385,7947.107770275569,78.5051428371844,0.009977012000000013,5,0.03538808075974214,take_profit
2025-11-11 02:00:00+00:00,2025-11-11 02:00:00+00:00,3581.07,3581.07,3624.04284,0.7768430747397341,2784.7141438020217,2812.4972702313044,27.783126429282675,0.009977012000000065,1,0.00601216954709073,take_profit
2025-11-11 03:00:00+00:00,2025-11-12 13:00:00+00:00,3615.65,3536.6385623334345,3579.078225081436,2.8914782702663757,10236.349902675916,10338.478088491114,102.12818581519787,0.00997701200000014,6,0.058194238933525176,take_profit
2025-11-12 14:00:00+00:00,2025-11-12 14:00:00+00:00,3576.9,3533.8050072648352,3576.2106673520134,2.2327750372053488,7898.089696268459,7976.889031945206,78.79933567674652,0.00997701199999997,5,0.026959098660851655,take_profit
2025-11-12 15:00:00+00:00,2025-11-12 15:00:00+00:00,3502.27,3473.0293150493594,3514.705666829952,1.8224254253647114,6335.672599382323,6398.883680934433,63.211081552110045,0.009977012000000224,4,0.02389021977174806,take_profit
2025-11-12 16:00:00+00:00,2025-11-12 18:00:00+00:00,3427.85,3412.6370009637717,3453.588644975337,1.3956140106856283,4767.491503432656,4815.0568233723025,47.56531993964654,0.009977012000000188,3,0.016395116472424354,take_profit
2025-11-12 19:00:00+00:00,2025-11-13 01:00:00+00:00,3423.86,3408.6647088174273,3449.5686853232364,1.3984278970957604,4771.543364020108,4819.149109421456,47.60574540134803,0.0099770119999998,3,0.014910072257627409,take_profit
2025-11-13 02:00:00+00:00,2025-11-13 03:00:00+00:00,3424.25,3409.0529779745884,3449.9616137102835,1.3994570047498116,4775.5986682580005,4823.244873478395,47.64620522039422,0.009977012000000028,3,0.013600058406950475,take_profit
2025-11-13 04:00:00+00:00,2025-11-13 05:00:00+00:00,3452.86,3452.86,3494.29432,0.811688178121892,2805.4510938037597,2833.441113032053,27.990019228293477,0.009977012000000085,1,0.005453450183326265,take_profit
2025-11-13 06:00:00+00:00,2025-12-03 22:00:00+00:00,3529.18,3156.7703606527193,3194.651604980552,10.764437117129718,34014.87091137648,34354.23768663772,339.3667752612455,0.009977011999999749,11,0.2566063504836817,take_profit
2025-12-03 23:00:00+00:00,2025-12-04 01:00:00+00:00,3189.23,3189.23,3227.50076,0.8845379965053346,2823.818933528237,2851.992208913875,28.173275385638135,0.009977011999999898,1,0.004715871856216066,take_profit
2025-12-04 02:00:00+00:00,2025-12-07 17:00:00+00:00,3203.0,3068.1708232919204,3104.9888731714236,5.4512438645955985,16742.089465466775,16909.12549296881,167.03602750203572,0.009977012000000007,8,0.09225101467374337,take_profit
2025-12-07 18:00:00+00:00,2025-12-07 21:00:00+00:00,3112.95,3099.1345456044373,3136.3241601516906,1.5561609428609682,4827.579716257056,4875.74453701711,48.16482076005377,0.00997701200000011,3,0.013989945228802175,take_profit
2025-12-07 22:00:00+00:00,2025-12-08 01:00:00+00:00,3085.34,3059.580291323739,3096.295254819624,2.0989187404466887,6428.238650010746,6492.373264160768,64.13461415002166,0.009977012000000101,4,0.023209759702334305,take_profit
2025-12-08 02:00:00+00:00,2025-12-08 04:00:00+00:00,3098.26,3098.26,3135.4391200000005,0.9154671254341813,2839.194370418125,2867.521046722119,28.32667630399419,0.00997701200000004,1,0.0018913841962908623,take_profit
2025-12-08 05:00:00+00:00,2025-12-08 09:00:00+00:00,3128.45,3128.45,3165.9914,0.9070850080803885,2840.6107042333247,2868.951511316789,28.34080708346437,0.009977012000000014,1,0.0021927791717942344,take_profit
2025-12-08 10:00:00+00:00,2025-12-09 15:00:00+00:00,3158.69,3132.3178872997405,3169.9057019473375,2.054544863066799,6441.929554398328,6506.200762865715,64.27120846738671,0.009977011999999992,4,0.02637485793161087,take_profit
2025-12-09 16:00:00+00:00,2025-12-09 16:00:00+00:00,3245.88,3245.88,3284.8305600000003,0.8756935141489693,2845.2413050108676,2873.6283116538566,28.387006642989036,0.009977011999999983,1,7.702071549163862e-05,take_profit
2025-12-09 17:00:00+00:00,2025-12-10 17:00:00+00:00,3366.02,3337.91687535297,3377.9718778572055,1.9311380806261371,6452.430818777504,6516.806798485618,64.37597970811385,0.009977012000000134,4,0.024069969875401803,take_profit
2025-12-10 18:00:00+00:00,2025-12-10 18:00:00+00:00,3370.47,3370.47,3410.9156399999997,0.8446980910300623,2849.8794543284225,2878.3127358428105,28.433281514388,0.009977011999999957,1,0.0031775983764874283,take_profit
2025-12-10 19:00:00+00:00,2025-12-10 19:00:00+00:00,3381.55,3376.5723164826654,3417.0911842804576,1.0810476867213639,3653.889581362345,3690.344481562272,36.454900199927124,0.009977012000000009,2,0.010276352560216468,take_profit
2025-12-10 20:00:00+00:00,2025-12-10 20:00:00+00:00,3390.67,3385.6788917296153,3426.3070384303705,1.0788291762887239,3656.2253953381182,3692.7035999821114,36.478204643993195,0.009977012000000013,2,0.013227474216010377,take_profit
2025-12-10 21:00:00+00:00,2026-01-02 16:00:00+00:00,3355.44,3084.5001486050533,3121.5141503883137,9.123244564602683,28168.818033310527,28449.858668854682,281.0406355441555,0.009977012,10,0.17292814057172828,take_profit
2026-01-02 17:00:00+00:00,2026-01-04 00:00:00+00:00,3132.21,3118.3090685965644,3155.7287774197234,1.5659248526729739,4887.9255944253,4936.692486735988,48.76689231068758,0.009977011999999843,3,0.017945795460713055,take_profit
2026-01-04 01:00:00+00:00,2026-01-05 01:00:00+00:00,3157.75,3153.1017528568664,3190.9389738911486,1.1658409426049692,3679.694814494524,3716.4071738150737,36.712359320549695,0.009977012000000014,2,0.012350566067611432,take_profit
2026-01-05 02:00:00+00:00,2026-01-05 17:00:00+00:00,3197.92,3183.7274437685614,3221.932173093784,1.5360334826137174,4895.207160304997,4944.046700885845,48.839540580847824,0.009977011999999784,3,0.019669034872667263,take_profit
2026-01-05 18:00:00+00:00,2026-01-05 20:00:00+00:00,3213.39,3208.6598500871582,3247.163768288204,1.1473610381894224,3685.176473265984,3721.9435231618763,36.76704989589234,0.009977011999999983,2,0.008402341452484759,take_profit
2026-01-05 21:00:00+00:00,2026-01-06 14:00:00+00:00,3241.94,3237.1678241332565,3276.0138380228555,1.1379838660798796,3687.5322879444993,3724.322841831709,36.790553887209626,0.009977011999999973,2,0.011906451075590513,take_profit
2026-01-06 15:00:00+00:00,2026-01-06 21:00:00+00:00,3278.1,3238.604991561088,3277.468251459821,2.5132641742325634,8147.617517298535,8228.906395040032,81.28887774149734,0.009977011999999957,5,0.02892834263750341,take_profit
2026-01-06 22:00:00+00:00,2026-01-13 18:00:00+00:00,3276.18,3168.8962634836034,3206.9230186454065,4.363272566643811,13840.598731729819,13978.686551363468,138.0878196336489,0.009977011999999692,7,0.06761838482623048,take_profit
2026-01-13 19:00:00+00:00,2026-01-13 22:00:00+00:00,3201.15,3201.15,3239.5638,0.9020108703534572,2890.3624600920616,2919.199641040749,28.837180948687546,0.009977011999999836,1,0.00330818612061295,take_profit
2026-01-13 23:00:00+00:00,2026-01-14 14:00:00+00:00,3331.19,3316.405983704218,3356.202855508669,1.484091807625441,4926.777728904326,4975.932249426937,49.154520522611165,0.009977011999999992,3,0.015222788252846592,take_profit
2026-01-14 15:00:00+00:00,2026-01-14 16:00:00+00:00,3349.22,3349.22,3389.41064,0.8632958668348037,2894.262045165627,2923.138132321389,28.87608715576198,0.009977011999999992,1,0.00644926281343116,take_profit
2026-01-14 17:00:00+00:00,2026-01-14 19:00:00+00:00,3370.26,3355.3025887562644,3395.5662198213395,1.4688664361910004,4933.424780669521,4982.645618907358,49.22083823783669,0.0099770119999999,3,0.01624503747485357,take_profit
2026-01-14 20:00:00+00:00,2026-01-15 13:00:00+00:00,3367.42,3339.3051866599417,3379.376848899861,1.9652618560240664,6569.178287253362,6634.719057855429,65.54077060206691,0.009977012000000103,4,0.026554454151843272,take_profit
2026-01-15 14:00:00+00:00,2026-07-31 23:00:00+00:00,3371.29,2627.6213353070725,1862.6,22.06210192532716,58028.87859930819,41051.77817506825,-16977.100424239943,-0.29256295889271833,13,0.5533816432285564,eod_close
