entry_time,exit_time,p0,avg_entry,exit_price,qty,cost_quote,proceeds,pnl,pnl_pct,fills,hold_bars,max_dd_from_p0,reason
2021-01-01 00:00:00+00:00,2021-01-01 01:14:00+00:00,736.42,733.0132940728904,741.8094536017651,2.215921611700648,1625.9259259259263,1642.1478084000005,16.221882474074164,0.009977012000000052,2,75,0.00962765812987143,take_profit
2021-01-01 01:15:00+00:00,2021-01-01 12:30:00+00:00,743.43,733.3732743034377,742.173753595079,7.5952060788596265,5575.696847910569,5631.325642270535,55.62879435996638,0.009977012000000082,4,676,0.024655986441225037,take_profit
2021-01-01 12:31:00+00:00,2021-01-02 06:50:00+00:00,742.38,731.4306478528739,740.2078156271084,8.432101908860549,6173.671433392718,6235.266227367735,61.59479397501673,0.009977012000000061,5,1100,0.03783776502599751,take_profit
2021-01-02 06:51:00+00:00,2021-01-02 12:22:00+00:00,739.89,729.8811615409259,738.639735479417,7.720860131359402,5640.951312083709,5697.231151015784,56.27983893207511,0.009977012000000035,4,332,0.022814202111124622,take_profit
2021-01-02 12:23:00+00:00,2021-01-02 12:38:00+00:00,737.54,737.54,746.39048,0.6901005765403502,509.48626548705687,514.5694160716565,5.08315058459965,0.009977012000000193,1,16,0.00414892751579568,take_profit
2021-01-02 12:39:00+00:00,2021-01-02 12:46:00+00:00,746.56,746.56,755.5187199999999,0.6821028217333778,509.7404230162868,514.8261093336054,5.085686317318562,0.009977011999999985,1,8,0.0014600300042862172,take_profit
2021-01-02 12:47:00+00:00,2021-01-02 13:16:00+00:00,753.65,753.65,762.6938,0.6760229717041341,509.99470733215276,515.0829306471421,5.088223314989364,0.009977011999999976,1,30,0.006024016453260749,take_profit
2021-01-02 13:17:00+00:00,2021-01-02 15:35:00+00:00,765.29,758.3400207757832,767.4401010250925,4.45628586020621,3382.762674486092,3416.512538282592,33.749863796499994,0.009977012000000049,3,139,0.016059271648656018,take_profit
2021-01-02 15:36:00+00:00,2021-01-02 16:35:00+00:00,767.49,767.49,776.69988,0.6663600503928905,511.93661168772724,517.0442094057751,5.107597718047828,0.009977012000000065,1,60,0.005837209605336901,take_profit
2021-01-02 16:36:00+00:00,2021-01-02 17:00:00+00:00,777.4,773.8037190900097,783.0893637190899,2.150295821507347,1665.5724763023952,1682.189912885334,16.617436582938808,0.009977012000000058,2,25,0.010869565217391217,take_profit
2021-01-02 17:01:00+00:00,2021-01-02 19:32:00+00:00,783.36,776.2459181159005,785.5608691332914,4.377157219149812,3401.1515758924807,3435.0849059789784,33.93333008649779,0.009977011999999882,3,152,0.014501633986928122,take_profit
2021-01-02 19:33:00+00:00,2021-01-03 05:06:00+00:00,785.44,773.8555565203283,783.1418231985722,8.145925980188625,6310.0801629352045,6373.0359084417705,62.95574550656602,0.009977011999999926,5,574,0.04496842534121008,take_profit
2021-01-03 05:07:00+00:00,2021-01-03 06:09:00+00:00,783.67,783.67,793.07404,0.6601623768489892,517.8673171824297,523.0340856203667,5.16676843793698,0.009977012000000141,1,63,0.0010591192721425182,take_profit
2021-01-03 06:10:00+00:00,2021-01-03 07:22:00+00:00,793.94,793.9399999999999,803.46728,0.6519479179141021,518.1256556043265,523.2950014877988,5.1693458834722605,0.009977012000000052,1,73,0.00013854951255764118,take_profit
2021-01-03 07:23:00+00:00,2021-01-03 08:35:00+00:00,805.15,797.8380322853061,807.4120886727297,4.303201786611542,3436.694740697463,3470.982685365739,34.28794466827594,0.009977012000000134,3,73,0.016953362727442065,take_profit
2021-01-03 08:36:00+00:00,2021-01-03 08:56:00+00:00,807.81,807.81,817.5037199999999,0.643193847082584,520.098520131914,525.2875493084524,5.189029176538384,0.009977012000000068,1,21,0.0031690620319133776,take_profit
2021-01-03 08:57:00+00:00,2021-01-03 10:06:00+00:00,817.3,817.3,827.1075999999999,0.6360425958878627,520.3579715907409,525.5495893175973,5.191617726856407,0.009977011999999856,1,70,0.0052612259880092434,take_profit
2021-01-03 10:07:00+00:00,2021-01-03 12:14:00+00:00,826.93,823.1045914935708,832.9818465914936,2.054754885898683,1692.9711521291829,1709.8619456296299,16.89079350044699,0.00997701200000018,2,128,0.012625010581306691,take_profit
2021-01-03 12:15:00+00:00,2021-01-03 13:21:00+00:00,833.47,833.4700000000001,843.4716400000002,0.6250262517666549,521.462092152106,526.6647257030528,5.202633550946757,0.009977012000000172,1,67,0.0056390751916686205,take_profit
2021-01-03 13:22:00+00:00,2021-01-03 13:35:00+00:00,843.74,843.7399999999999,853.8648799999999,0.6177264342164929,521.7222238296533,526.9274527174684,5.20522888781511,0.009977011999999948,1,14,0.0008651954393533768,take_profit
2021-01-03 13:36:00+00:00,2021-01-03 13:38:00+00:00,860.49,860.49,870.81588,0.606004140418564,521.9824852740442,527.1903107934131,5.207825519368953,0.009977011999999983,1,3,0.004055828655765911,take_profit
2021-01-03 13:39:00+00:00,2021-01-03 13:43:00+00:00,878.98,870.9975453246456,881.4495158685413,3.971095659174946,3462.276848238972,3496.8200259011746,34.54317766220265,0.009977012000000072,3,5,0.016428132608250535,take_profit
2021-01-03 13:44:00+00:00,2021-01-03 14:20:00+00:00,879.09,871.1065463599202,881.5598249162393,3.9837303016200116,3473.727271945517,3508.384690622445,34.657418676928046,0.009977012000000104,3,37,0.019099295862767266,take_profit
2021-01-03 14:21:00+00:00,2021-01-03 14:24:00+00:00,882.51,882.51,893.10012,0.5950949036958245,525.702906366969,530.9478505722271,5.2449442052580935,0.009977011999999936,1,4,0.0020622995773418276,take_profit
2021-01-03 14:25:00+00:00,2021-01-03 14:28:00+00:00,889.92,889.92,900.59904,0.5904341833239559,525.9651535772321,531.2127142260539,5.247560648821832,0.009977011999999895,1,4,0.0,take_profit
2021-01-03 14:29:00+00:00,2021-01-03 14:32:00+00:00,902.88,902.8800000000001,913.7145600000001,0.5822493621279278,526.2275316096732,531.4777100072732,5.2501783976000524,0.009977011999999931,1,4,0.006368509657983342,take_profit
2021-01-03 14:33:00+00:00,2021-01-03 14:36:00+00:00,913.06,908.8361509548808,919.7421847663394,1.8819184776786202,1712.0676132775836,1729.1489324000652,17.081319122481545,0.009977011999999844,2,4,0.009911725406873542,take_profit
2021-01-03 14:37:00+00:00,2021-01-03 15:00:00+00:00,917.46,903.9283954027557,914.7755361475887,7.144795212736381,6464.848120250337,6529.347987524252,64.49986727391479,0.009977011999999959,5,24,0.029930460183550275,take_profit
2021-01-03 15:01:00+00:00,2021-01-03 15:58:00+00:00,918.07,904.529398521361,915.3837513036174,7.183713184422071,6504.384150005273,6569.278468722485,64.89431871721172,0.009977011999999893,5,58,0.04199026218044383,take_profit
2021-01-03 15:59:00+00:00,2021-01-03 16:00:00+00:00,918.23,918.2299999999999,929.24876,0.5807695261203055,533.8138157852334,539.1396826310884,5.325866845854989,0.009977011999999862,1,2,0.002439475948291832,take_profit
2021-01-03 16:01:00+00:00,2021-01-03 16:02:00+00:00,929.98,929.98,941.13976,0.5737177455626987,534.0801091275262,539.4086327852527,5.328523657726578,0.009977011999999888,1,2,0.0066453042000903925,take_profit
2021-01-03 16:03:00+00:00,2021-01-03 16:05:00+00:00,944.11,935.5360673922627,946.7625002009698,3.782833422152817,3542.519622983845,3577.8633837725906,35.34376078874584,0.009977012000000153,3,3,0.013345902490175957,take_profit
2021-01-03 16:06:00+00:00,2021-01-03 16:09:00+00:00,948.76,948.76,960.14512,0.5645027294853281,536.1137233498498,541.4625364010759,5.348813051226102,0.009977011999999945,1,4,0.0026139381930098426,take_profit
2021-01-03 16:10:00+00:00,2021-01-03 16:24:00+00:00,964.96,951.9065342693264,963.3294126805583,6.267147422038503,5971.710292560175,6031.290117809572,59.57982524939689,0.009977012000000087,4,15,0.024063173603050932,take_profit
2021-01-03 16:25:00+00:00,2021-01-03 20:18:00+00:00,970.01,941.113933847034,952.4073010531984,9.597385297628396,9041.27430640315,9131.479208653425,90.20490225027606,0.009977012000000018,8,234,0.0835867671467305,take_profit
2021-01-03 20:19:00+00:00,2021-01-03 21:30:00+00:00,954.06,945.3957064921058,956.740454970011,3.8101015658987034,3605.659321020504,3641.633027334237,35.97370631373269,0.009977011999999797,3,72,0.01845795861895468,take_profit
2021-01-03 21:31:00+00:00,2021-01-03 22:16:00+00:00,953.46,949.049259073271,960.4378501821502,1.8678278022296904,1774.435026809353,1792.1385863650505,17.70355955569744,0.009977012000000113,2,46,0.008715625196652255,take_profit
2021-01-03 22:17:00+00:00,2021-01-03 22:25:00+00:00,961.75,961.75,973.291,0.5677231186973698,546.5542636708662,552.0072421181617,5.452978447295436,0.009977012000000072,1,9,0.00013517026254223597,take_profit
2021-01-03 22:26:00+00:00,2021-01-03 22:31:00+00:00,974.42,974.4200000000001,986.1130400000001,0.5606207648453825,546.8269125932309,552.2826112620965,5.45569866886558,0.009977011999999934,1,6,0.0018062026641489203,take_profit
2021-01-03 22:32:00+00:00,2021-01-03 22:35:00+00:00,985.3,985.3,997.1236,0.55470678760697,547.0996975266742,552.5581177740943,5.458420247420122,0.009977012000000226,1,4,0.0,take_profit
2021-01-03 22:36:00+00:00,2021-01-03 22:44:00+00:00,991.94,978.5215631768318,990.2638219349539,6.221618375122908,6094.0818197347035,6154.882547179179,60.80072744447534,0.009977012000000061,4,9,0.02276347359719342,take_profit
2021-01-03 22:45:00+00:00,2021-01-03 23:38:00+00:00,990.99,986.405643916914,998.2425116439169,1.8127132197302793,1789.8604111559043,1807.717869956332,17.857458800427594,0.009977012000000113,2,54,0.011725648089284457,take_profit
2021-01-03 23:39:00+00:00,2021-01-03 23:41:00+00:00,998.68,994.0600696948945,1005.9887905312332,1.801672949530507,1792.7639016793812,1810.6503286396035,17.886426960222252,0.009977012000000137,2,3,0.008951816397644833,take_profit
2021-01-03 23:42:00+00:00,2021-01-04 03:41:00+00:00,1007.29,992.433494000002,1004.3426959280021,6.81435239139947,6769.561114258102,6837.1011067297895,67.53999247168758,0.009977012000000167,5,240,0.05268591964578219,take_profit
2021-01-04 03:42:00+00:00,2021-01-04 03:56:00+00:00,1004.09,1004.09,1016.13908,0.5527604816043014,555.5768488228858,561.119845710514,5.542996887628192,0.009977012000000134,1,15,0.004073340039239542,take_profit
2021-01-04 03:57:00+00:00,2021-01-04 04:14:00+00:00,1018.25,1018.2500000000001,1030.469,0.5453455876931991,555.8539986672673,561.3997606822186,5.545762014951265,0.009977011999999919,1,18,0.0023668057942548178,take_profit
2021-01-04 04:15:00+00:00,2021-01-04 05:15:00+00:00,1031.05,1021.6865219993352,1033.9467602633272,3.6050759532941727,3686.9444567212827,3723.729145809324,36.78468908804143,0.009977011999999922,3,61,0.016779011687115035,take_profit
2021-01-04 05:16:00+00:00,2021-01-04 05:19:00+00:00,1035.2,1035.2,1047.6224,0.538458800909191,557.9705212224169,563.5373998082991,5.56687858588225,0.009977011999999896,1,4,0.00018353941267393214,take_profit
2021-01-04 05:20:00+00:00,2021-01-04 05:28:00+00:00,1046.4,1046.4,1058.9568000000002,0.5329612158701829,558.248865151711,563.8185207783162,5.56965562660514,0.009977012000000247,1,9,0.006106651376146884,take_profit
2021-01-04 05:29:00+00:00,2021-01-04 05:46:00+00:00,1060.31,1055.4049670547058,1068.0698266593622,1.7191807875973626,1816.2481906859634,1834.3689206794156,18.120729993452187,0.009977012000000023,2,18,0.007837330591996629,take_profit
2021-01-04 05:47:00+00:00,2021-01-04 05:54:00+00:00,1073.69,1073.69,1086.57428,0.5205170496589157,559.4333844327139,565.0148580223997,5.5814735896858565,0.009977012000000103,1,8,0.004405368402425298,take_profit
2021-01-04 05:55:00+00:00,2021-01-04 06:20:00+00:00,1087.96,1082.9270571406832,1095.9221818263713,1.6790437356179875,1820.1019934167034,1838.2611728462455,18.159179429542064,0.009977011999999832,2,26,0.008612448987095222,take_profit
2021-01-04 06:21:00+00:00,2021-01-04 06:22:00+00:00,1097.0,1097.0,1110.164,0.5105376450926085,560.6204170836752,566.2137337123639,5.59331662868874,0.009977011999999836,1,2,0.0023336371923427033,take_profit
2021-01-04 06:23:00+00:00,2021-01-04 06:24:00+00:00,1109.77,1109.77,1123.08724,0.5049146965877566,560.9000829151097,566.4961897731548,5.596106858045118,0.009977012000000132,1,2,0.005965199996395551,take_profit
2021-01-04 06:25:00+00:00,2021-01-04 06:27:00+00:00,1123.2,1118.0040356083086,1131.4200840356084,1.6306282687101858,1824.873858853831,1843.0806472421023,18.206788388271207,0.009977012000000125,2,3,0.007300569800569841,take_profit
2021-01-04 06:28:00+00:00,2021-01-04 06:36:00+00:00,1134.18,1118.837416097646,1132.2634650908176,5.587657188011174,6257.937868142002,6320.373389347708,62.43552120570621,0.009977011999999846,4,9,0.021319367296196427,take_profit
2021-01-04 06:37:00+00:00,2021-01-04 06:38:00+00:00,1145.65,1140.3501810849882,1154.0343832580081,1.6101612871191209,1837.9857010433705,1856.3233064385088,18.337605395138326,0.009977012000000111,2,2,0.0092960328197967,take_profit
2021-01-04 06:39:00+00:00,2021-01-05 00:38:00+00:00,1159.27,1103.0362015223163,1116.2726359405842,9.74951777646754,10764.835890719773,10872.236787579517,107.40089685974453,0.009977012000000248,11,1080,0.23227548370957585,take_profit
2021-01-05 00:39:00+00:00,2021-01-05 00:43:00+00:00,1114.2,1109.0456699383703,1122.3542179776307,1.6740261204633322,1858.429850113701,1876.9714270294435,18.541576915742553,0.009977011999999978,2,5,0.00968407826243041,take_profit
2021-01-05 00:44:00+00:00,2021-01-05 02:00:00+00:00,1124.69,1102.6601916140812,1115.8921139134502,7.233686803153031,7984.282759200171,8063.942044100106,79.65928489993439,0.009977012000000146,6,77,0.05581093456863667,take_profit
2021-01-05 02:01:00+00:00,2021-01-05 18:03:00+00:00,1108.45,1075.429882138065,1088.335040723722,8.97562926811359,9662.322248170538,9758.7233531884,96.40110501786148,0.009977011999999695,8,963,0.12088953042536875,take_profit
2021-01-05 18:04:00+00:00,2021-01-05 19:38:00+00:00,1087.17,1071.1353450068818,1083.9889691469643,6.645576517668082,7125.4373333553895,7196.527907135523,71.09057378013313,0.009977011999999777,5,95,0.04338787862063897,take_profit
2021-01-05 19:39:00+00:00,2021-01-05 19:40:00+00:00,1087.82,1082.7877047858174,1095.7811572432472,1.754478602997477,1901.6294891245902,1920.60206935714,18.972580232549717,0.0099770119999999,2,2,0.009119155742677874,take_profit
2021-01-05 19:41:00+00:00,2021-01-05 19:42:00+00:00,1089.31,1089.31,1102.3817199999999,0.537171652429403,585.7321848927658,591.576041930227,5.843857037461248,0.009977011999999839,1,2,0.00017442234074786293,take_profit
2021-01-05 19:43:00+00:00,2021-01-05 19:51:00+00:00,1103.66,1093.6371144656287,1106.7607598392162,3.5489280698919834,3885.124578381123,3923.8865129211263,38.761934540003494,0.009977012000000023,3,9,0.016907380896290597,take_profit
2021-01-05 19:52:00+00:00,2021-01-05 20:46:00+00:00,1096.86,1086.89886864865,1099.9416550724338,3.5827394624738167,3897.9734418675316,3936.863569672725,38.890127805193515,0.009977011999999962,3,55,0.018060645843589837,take_profit
2021-01-05 20:47:00+00:00,2021-01-05 22:21:00+00:00,1098.74,1083.8768295712564,1096.8833515261115,6.053329348444079,6567.631053595804,6633.1563874291005,65.52533383329683,0.009977011999999825,4,95,0.022116242241112506,take_profit
2021-01-05 22:22:00+00:00,2021-01-05 22:39:00+00:00,1097.0,1097.0,1110.164,0.5401914897958158,593.1832475535635,599.1014439326043,5.918196379040751,0.009977011999999792,1,18,0.003327256153145024,take_profit
2021-01-05 22:40:00+00:00,2021-01-06 00:01:00+00:00,1110.44,1095.4185581931174,1108.5635808914349,6.025818929904327,6607.4012854140055,6673.323407327397,65.92212191339149,0.00997701200000008,4,82,0.026412953423868155,take_profit
2021-01-06 00:02:00+00:00,2021-01-06 04:21:00+00:00,1105.71,1089.4018988084288,1102.47472159413,6.708916754862474,7316.022674369231,7389.014720383685,72.99204601445399,0.00997701200000001,5,260,0.04381799929457095,take_profit
2021-01-06 04:22:00+00:00,2021-01-06 04:26:00+00:00,1106.0,1106.0,1119.272,0.5423367458437062,600.4248657689079,606.4153118597827,5.990446090874798,0.009977012000000025,1,5,0.0005786618444847197,take_profit
2021-01-06 04:27:00+00:00,2021-01-06 04:28:00+00:00,1121.07,1121.07,1134.5228399999999,0.5353132843492184,600.7243880734517,606.7178225019532,5.993434428501473,0.009977011999999981,1,2,0.0001159606447410793,take_profit
2021-01-06 04:29:00+00:00,2021-01-06 11:07:00+00:00,1135.0,1118.2599010116276,1131.679019823767,6.582317450217968,7368.109770077931,7441.621489671316,73.51171959338535,0.00997701200000008,5,399,0.04284581497797366,take_profit
2021-01-06 11:08:00+00:00,2021-01-06 11:09:00+00:00,1132.89,1132.89,1146.48468,0.5332335408810841,604.699645774546,610.7327413968343,6.033095622288329,0.009977011999999891,1,2,0.0005737538507711172,take_profit
2021-01-06 11:10:00+00:00,2021-01-06 11:15:00+00:00,1146.67,1141.3654625275813,1155.0618480779121,1.7219788836370395,1967.3745995847025,1987.003119573254,19.62851998855149,0.009977011999999856,2,6,0.007142421097613136,take_profit
2021-01-06 11:16:00+00:00,2021-01-06 12:00:00+00:00,1154.25,1143.7676815069422,1157.4928936850254,3.5089499929623478,4017.441039013359,4057.523096468887,40.08205745552823,0.00997701199999987,3,45,0.018826077539527846,take_profit
2021-01-06 12:01:00+00:00,2021-01-06 15:31:00+00:00,1151.39,1135.8146083696315,1149.444383670067,5.953569415671719,6768.920034296887,6836.453630706107,67.53359640922008,0.009977011999999945,4,211,0.026394184420570004,take_profit
2021-01-06 15:32:00+00:00,2021-01-06 16:02:00+00:00,1150.55,1145.2275135052878,1158.9702436673513,1.734219159706679,1988.063559703813,2007.898493695741,19.834933991927983,0.009977012000000162,2,31,0.009143453131111192,take_profit
2021-01-06 16:03:00+00:00,2021-01-06 16:04:00+00:00,1159.76,1159.76,1173.67712,0.5274737020521261,612.3552559479217,618.4647316847771,6.109475736855416,0.009977011999999884,1,2,0.0005432158377594345,take_profit
2021-01-06 16:05:00+00:00,2021-01-06 16:22:00+00:00,1177.04,1166.3507141788443,1180.3469227489904,3.478929590993638,4061.7137267601042,4102.237493352555,40.52376659245101,0.009977012000000179,3,18,0.014476993135322474,take_profit
2021-01-06 16:23:00+00:00,2021-01-06 17:05:00+00:00,1181.5,1170.7702106999802,1184.81945322838,3.4772591761678164,4075.1466049453797,4115.804391524679,40.65778657929923,0.00997701199999998,3,43,0.01819720694033009,take_profit
2021-01-06 17:06:00+00:00,2021-01-06 17:33:00+00:00,1186.32,1180.8320401734761,1195.0020246555578,1.6966646382695645,2005.4814477457885,2025.4901602157254,20.00871246993688,0.00997701199999989,2,28,0.009592689999325547,take_profit
2021-01-06 17:34:00+00:00,2021-01-06 18:05:00+00:00,1195.5,1189.9695731568133,1204.2492080346951,1.6863674725236772,2008.7347161807154,2028.7758865488668,20.04117036815137,0.00997701199999989,2,32,0.009619406106231703,take_profit
2021-01-06 18:06:00+00:00,2021-01-06 20:49:00+00:00,1204.35,1178.4537234809668,1192.5951681627384,7.6111344363543525,8978.348064500497,9067.925150880195,89.57708637969881,0.009977012000000065,7,164,0.07285257607838254,take_profit
2021-01-06 20:50:00+00:00,2021-01-06 20:57:00+00:00,1193.74,1188.217714981359,1202.4763275611353,1.7038386563188461,2026.5578327408293,2046.7768245567784,20.21899181594904,0.009977011999999898,2,8,0.006735134954010055,take_profit
2021-01-06 20:58:00+00:00,2021-01-06 23:49:00+00:00,1204.45,1188.1568409060376,1202.41472299691,5.843177971257289,6949.561440621432,7018.897298509249,69.33585788781693,0.009977011999999945,4,172,0.02601187263896397,take_profit
2021-01-06 23:50:00+00:00,2021-01-07 00:00:00+00:00,1201.54,1201.54,1215.95848,0.5218729459203109,627.6788983394298,633.9412582403089,6.262359900879119,0.009977011999999758,1,11,0.0025633769995172255,take_profit
2021-01-07 00:01:00+00:00,2021-01-07 00:04:00+00:00,1215.64,1204.6001683752213,1219.055370395724,3.4527565522369,4163.35447866188,4204.892316255744,41.537837593863514,0.009977012000000045,3,4,0.014033759994735424,take_profit
2021-01-07 00:05:00+00:00,2021-01-07 00:29:00+00:00,1205.95,1194.998168086027,1209.3381461030592,3.4920106913519713,4177.123502605032,4218.798713916003,41.67521131097146,0.009977011999999768,3,25,0.014884530867780625,take_profit
2021-01-07 00:30:00+00:00,2021-01-07 03:17:00+00:00,1206.85,1190.5243749823169,1204.8106674821047,5.905740831897022,7037.966379080831,7108.184254100517,70.21787501968629,0.009977012000000042,4,168,0.022322575299332834,take_profit
2021-01-07 03:18:00+00:00,2021-01-07 03:28:00+00:00,1205.19,1205.19,1219.65228,0.5269110256209968,635.6635625306998,642.0055855220313,6.3420229913315325,0.009977011999999985,1,11,0.0002738157468948088,take_profit
2021-01-07 03:29:00+00:00,2021-01-07 12:05:00+00:00,1216.55,1198.6071212120662,1212.990406666611,6.49825539182172,7796.651839932152,7874.439128898977,77.78728896682514,0.009977011999999999,5,517,0.04728124614689078,take_profit
2021-01-07 12:06:00+00:00,2021-01-07 12:57:00+00:00,1212.28,1206.671948261432,1221.152011640569,1.7226569129857958,2080.7625359145086,2101.5223287044782,20.75979278996965,0.00997701200000008,2,52,0.010129673012835296,take_profit
2021-01-07 12:58:00+00:00,2021-01-07 15:32:00+00:00,1222.92,1217.2627272312259,1231.8698799580006,1.7104391188065775,2084.137924445915,2104.9313935277673,20.793469081852436,0.009977012000000215,2,155,0.011382592483563988,take_profit
2021-01-07 15:33:00+00:00,2021-01-07 15:47:00+00:00,1232.33,1232.33,1247.11796,0.5204009831221966,641.9476912221987,648.3524110408949,6.404719818696208,0.009977012000000056,1,15,0.001890727321415471,take_profit
2021-01-07 15:48:00+00:00,2021-01-07 16:10:00+00:00,1245.3,1245.3,1260.2436,0.5152378216380956,642.2679272131335,648.6758420301542,6.407914817020696,0.009977012000000214,1,23,0.005315988115313491,take_profit
2021-01-07 16:11:00+00:00,2021-01-07 16:26:00+00:00,1264.86,1259.0087112531382,1274.116815788176,1.6580603512032375,2089.60202797629,2110.450012484634,20.84798450834387,0.009977012000000042,2,16,0.009313283683569703,take_profit
2021-01-07 16:27:00+00:00,2021-01-07 18:09:00+00:00,1273.97,1262.4004446258602,1277.5492499613706,3.376714806415915,4267.033306300477,4309.605548801837,42.57224250136005,0.00997701200000012,3,103,0.013705189290171697,take_profit
2021-01-07 18:10:00+00:00,2021-01-07 21:16:00+00:00,1279.4,1241.2873753506615,1256.1828238548694,8.711935027192691,10824.83980393344,10932.839360555365,107.99955662192406,0.009977012000000228,8,187,0.11599187118962019,take_profit
2021-01-07 21:17:00+00:00,2021-01-08 10:02:00+00:00,1256.41,1209.8843037517186,1224.4029153967392,9.618165994128566,11648.516583758457,11764.733973496812,116.21738973835454,0.009977011999999777,10,766,0.1523467657850543,take_profit
2021-01-08 10:03:00+00:00,2021-01-08 10:36:00+00:00,1224.49,1224.49,1239.18388,0.5359890333451979,656.9701816224838,663.5247810081736,6.554599385689812,0.00997701200000017,1,34,0.0012086664652222706,take_profit
2021-01-08 10:37:00+00:00,2021-01-08 10:39:00+00:00,1239.93,1239.93,1254.80916,0.5295787775762959,657.2979115917683,663.8557807432943,6.557869151526006,0.009977011999999992,1,3,0.0015887993677062633,take_profit
2021-01-08 10:40:00+00:00,2021-01-08 10:47:00+00:00,1254.18,1248.3781173248117,1263.3586547327095,1.7113109887422406,2138.5016919752757,2159.8375490181334,21.335857042857697,0.009977012000000032,2,8,0.0071201900843579575,take_profit
2021-01-08 10:48:00+00:00,2021-01-08 11:07:00+00:00,1265.85,1248.7262543575139,1263.710969409804,5.866866966891235,7333.444256636558,7406.610117986351,73.16586134979298,0.009977011999999858,4,20,0.02576924596121175,take_profit
2021-01-08 11:08:00+00:00,2021-01-08 12:10:00+00:00,1259.01,1247.576303828508,1262.54721947445,3.5162177555197762,4391.1410919795135,4434.951559347887,43.81046736837379,0.009977012000000247,3,63,0.013510615483594245,take_profit
2021-01-08 12:11:00+00:00,2021-01-08 12:25:00+00:00,1259.23,1253.4047558396103,1268.4456129096857,1.7223719860312339,2160.9902288453086,2182.5504542903814,21.560225445072774,0.009977012000000177,2,15,0.007329876194182173,take_profit
2021-01-08 12:26:00+00:00,2021-01-09 20:24:00+00:00,1268.28,1230.49863405482,1245.264617663478,9.058600892886252,11157.753778923234,11269.074822268592,111.3210433453587,0.009977011999999664,8,1919,0.10468508531239157,take_profit
2021-01-09 20:25:00+00:00,2021-01-09 20:31:00+00:00,1245.33,1245.3300000000002,1260.2739600000002,0.5384229821004397,671.1854777769175,677.8819033429236,6.696425566006042,0.009977012000000004,1,7,0.0013088900130888053,take_profit
2021-01-09 20:32:00+00:00,2021-01-09 21:04:00+00:00,1260.26,1260.26,1275.38312,0.5323098239697861,671.5202990552178,678.2200651371353,6.69976608191746,0.009977011999999945,1,33,0.00449113674955968,take_profit
2021-01-09 21:05:00+00:00,2021-01-09 21:21:00+00:00,1274.1,1274.1,1289.3891999999998,0.5267902300227254,671.8552873593137,678.5583956235611,6.703108264247362,0.009977012000000061,1,17,0.00241739266933516,take_profit
2021-01-09 21:22:00+00:00,2021-01-09 21:49:00+00:00,1290.02,1272.5692954507088,1287.8401269961173,5.874915078755463,7483.720262867454,7558.385429734724,74.66516686727027,0.009977011999999803,4,28,0.022108184369234573,take_profit
2021-01-09 21:50:00+00:00,2021-01-09 22:15:00+00:00,1287.78,1287.78,1303.23336,0.5243502596831553,675.9237011158896,682.6673999930072,6.743698877117595,0.009977011999999928,1,26,0.004146671015235458,take_profit
2021-01-09 22:16:00+00:00,2021-01-10 01:08:00+00:00,1298.67,1281.1022828506323,1296.4755102448398,5.871122803869562,7529.037864798498,7604.155165924048,75.1173011255496,0.00997701200000008,4,173,0.024501990497971127,take_profit
2021-01-10 01:09:00+00:00,2021-01-10 01:13:00+00:00,1298.44,1298.44,1314.0212800000002,0.523194552204882,680.016751116023,686.8012864021086,6.7845352860856565,0.00997701200000012,1,5,0.0010474107390407931,take_profit
2021-01-10 01:14:00+00:00,2021-01-10 01:35:00+00:00,1313.37,1313.3699999999997,1329.1304399999997,0.5175050609519382,680.3559778803273,687.143897635911,6.787919755583744,0.009977011999999976,1,22,0.0023451121922991444,take_profit
2021-01-10 01:36:00+00:00,2021-01-10 02:19:00+00:00,1328.81,1316.742415302785,1332.5433242864185,3.4237869219788113,4512.758219347816,4557.782062255347,45.023842907531616,0.009977011999999962,3,44,0.014208201322988149,take_profit
2021-01-10 02:20:00+00:00,2021-01-10 07:46:00+00:00,1335.19,1317.1282597113475,1332.9337988278837,5.766992121313848,7603.471768283443,7679.33169735727,75.8599290738266,0.009977012000000193,4,327,0.02297800313064063,take_profit
2021-01-10 07:47:00+00:00,2021-01-10 09:48:00+00:00,1332.99,1326.823539374572,1342.7454218470668,1.681415860079229,2233.1753179488114,2255.4557348940903,22.28041694527883,0.009977011999999875,2,122,0.011087855122694073,take_profit
2021-01-10 09:49:00+00:00,2021-01-16 16:01:00+00:00,1343.93,1270.5282836743015,1285.7746230783932,10.512529245504266,13369.835574941379,13503.226584910595,133.3910099692166,0.00997701199999997,12,9013,0.3191609682051893,take_profit
2021-01-16 16:02:00+00:00,2021-01-16 16:08:00+00:00,1285.75,1274.0734645852726,1289.3623461602958,3.6103308349963426,4604.431146389221,4650.369611189919,45.93846480069806,0.009977011999999792,3,7,0.013486292047443062,take_profit
2021-01-16 16:09:00+00:00,2021-01-16 20:32:00+00:00,1290.62,1265.3400461469075,1280.5241267006704,7.673534136972768,9719.349388375369,9816.319453855382,96.97006548001264,0.00997701199999989,6,264,0.05595760177279122,take_profit
2021-01-16 20:33:00+00:00,2021-01-17 21:13:00+00:00,1274.62,1236.6497689303264,1251.4895661574903,9.501705608298973,11762.044089035951,11879.394144056789,117.35005502083732,0.009977011999999707,8,1481,0.08600210258743775,take_profit
2021-01-17 21:14:00+00:00,2021-01-18 12:09:00+00:00,1254.93,1230.3491222134624,1245.113311680024,8.01313125855235,9868.817827969113,9967.279141864574,98.46131389546099,0.00997701199999992,6,896,0.05765261807431501,take_profit
2021-01-18 12:10:00+00:00,2021-01-18 16:00:00+00:00,1247.15,1230.2792180131719,1245.04256862933,6.440906101651666,7932.044967003281,8011.183074823613,79.13810782033215,0.009977012000000103,4,231,0.020967806599045895,take_profit
2021-01-18 16:01:00+00:00,2021-01-18 22:57:00+00:00,1245.86,1227.4848284355471,1242.2146463767738,7.147906814934903,8782.729900303952,8870.355301912043,87.62540160809112,0.009977011999999976,5,417,0.027450917438556356,take_profit
2021-01-18 22:58:00+00:00,2021-01-18 23:38:00+00:00,1242.34,1236.592889599026,1251.4320042742143,1.89357559974883,2343.92604861623,2367.311426930387,23.385378314156696,0.009977011999999993,2,41,0.007477824106122289,take_profit
2021-01-18 23:39:00+00:00,2021-01-19 00:01:00+00:00,1252.97,1252.97,1268.00564,0.5756279931576327,721.966573159879,729.169642323894,7.203069164015005,0.009977012000000021,1,23,0.0018276574858136776,take_profit
2021-01-19 00:02:00+00:00,2021-01-19 01:11:00+00:00,1269.98,1258.446679800898,1273.5480399585088,3.801487967013767,4788.7586690606,4836.536171766923,47.77750270632259,0.0099770120000002,3,70,0.014559284398179505,take_profit
2021-01-19 01:12:00+00:00,2021-01-19 01:22:00+00:00,1273.53,1273.53,1288.81236,0.5684914263124091,724.7156017533957,731.9460980086766,7.230496255280855,0.009977012000000006,1,11,0.003290067764402923,take_profit
2021-01-19 01:23:00+00:00,2021-01-19 01:29:00+00:00,1291.97,1291.97,1307.47364,0.5606570194660817,725.0771265661598,732.3112297588358,7.234103192676002,0.009977011999999872,1,7,0.0024923179330789626,take_profit
2021-01-19 01:30:00+00:00,2021-01-19 01:35:00+00:00,1304.68,1304.68,1320.33616,0.5554721409802156,725.4388317257935,732.6765436551877,7.237711929394209,0.009977011999999981,1,6,0.0006208418922649023,take_profit
2021-01-19 01:36:00+00:00,2021-01-19 01:42:00+00:00,1321.0,1314.8890055542875,1330.667673620939,1.7931826947622589,2360.196406699804,2383.744114571805,23.547707872000956,0.009977012000000056,2,7,0.007123391370174172,take_profit
2021-01-19 01:43:00+00:00,2021-01-19 02:51:00+00:00,1331.57,1319.4773503696763,1335.3110785741123,3.6490023666857265,4819.595569857018,4867.680732692627,48.08516283560948,0.009977011999999829,3,69,0.018376803322393886,take_profit
2021-01-19 02:52:00+00:00,2021-01-19 06:10:00+00:00,1335.25,1317.1874480632544,1332.9936974400134,6.158832219255486,8120.456950881765,8201.474847326197,81.01789644443215,0.009977012000000169,4,199,0.024766897584721913,take_profit
2021-01-19 06:11:00+00:00,2021-01-19 07:47:00+00:00,1330.89,1330.89,1346.86068,0.5505337198597822,733.4332556798654,740.7507280729825,7.3174723931171,0.009977012000000021,1,97,0.006243942023758667,take_profit
2021-01-19 07:48:00+00:00,2021-01-19 07:50:00+00:00,1347.54,1347.54,1363.71048,0.5440026493983271,733.7991292995213,741.1202520181321,7.321122718610809,0.00997701199999991,1,3,0.0008237232289949834,take_profit
2021-01-19 07:51:00+00:00,2021-01-19 08:19:00+00:00,1364.94,1364.94,1381.3192800000002,0.5373357218998757,734.1651854354518,741.4899603005235,7.324774865071731,0.009977012000000004,1,29,0.001714361070816406,take_profit
2021-01-19 08:20:00+00:00,2021-01-19 09:42:00+00:00,1385.67,1373.0860413547537,1389.5630738510108,3.5429692501539916,4869.671293629193,4918.256062561788,48.58476893259467,0.009977012000000141,3,83,0.013935496907633255,take_profit
2021-01-19 09:43:00+00:00,2021-01-19 11:09:00+00:00,1389.68,1377.059624549766,1393.5843400443632,3.5444292908982895,4885.776244812405,4934.521693036213,48.745448223808125,0.009977011999999964,3,87,0.019292211156525366,take_profit
2021-01-19 11:10:00+00:00,2021-01-19 11:37:00+00:00,1393.86,1387.411952522255,1404.060895952522,1.73128689528219,2404.41254430396,2428.401397111431,23.98885280747072,0.009977011999999825,2,28,0.008924856154850436,take_profit
2021-01-19 11:38:00+00:00,2021-01-19 11:54:00+00:00,1407.35,1407.35,1424.2382,0.525709155717641,740.5973776768989,747.9863266011498,7.38894892425094,0.009977011999999983,1,17,0.005222581447401079,take_profit
2021-01-19 11:55:00+00:00,2021-01-19 14:01:00+00:00,1426.95,1405.903934580213,1422.7747817951756,6.45465204561955,9083.70441169444,9174.33263961437,90.62822791992949,0.009977012000000124,5,127,0.03920950278566176,take_profit
2021-01-19 14:02:00+00:00,2021-01-19 16:00:00+00:00,1421.19,1400.228888738956,1417.0316354038234,6.520446032842591,9139.25615880832,9230.438627175829,91.18246836750768,0.009977012000000346,5,119,0.027040719397124987,take_profit
2021-01-19 16:01:00+00:00,2021-01-19 16:07:00+00:00,1414.23,1414.23,1431.20076,0.5298341164998237,750.0573599374832,757.5406912182677,7.483331280784569,0.009977011999999973,1,7,0.006328532134094203,take_profit
2021-01-19 16:08:00+00:00,2021-01-19 21:47:00+00:00,1430.55,1399.7899066929854,1416.5873855733012,7.771670316428411,10889.595262344314,10998.240884951867,108.64562260755338,0.009977012000000092,7,340,0.06720492118415985,take_profit
2021-01-19 21:48:00+00:00,2021-01-24 17:36:00+00:00,1416.28,1347.5791761125759,1363.7501262259268,10.65483792828702,14372.610327341388,14516.006033048596,143.39570570720753,0.0099770119999999,11,6949,0.26405089389103853,take_profit
2021-01-24 17:37:00+00:00,2021-01-24 22:34:00+00:00,1362.66,1342.5621468832637,1358.672892645863,6.960476603747289,9354.226639096785,9447.553870525773,93.32723142898794,0.009977011999999962,5,298,0.03864500315559279,take_profit
2021-01-24 22:35:00+00:00,2021-01-24 22:48:00+00:00,1359.98,1359.9800000000002,1376.2997600000003,0.563929068467346,767.6999544887101,775.3593061470435,7.659351658333435,0.009977012000000157,1,14,0.0018162031794585415,take_profit
2021-01-24 22:49:00+00:00,2021-01-24 23:22:00+00:00,1376.01,1369.6445272768774,1386.0802616042,1.8217823171993563,2497.691872514401,2522.6113742987795,24.919501784378554,0.009977011999999962,2,34,0.008793540744616616,take_profit
2021-01-24 23:23:00+00:00,2021-01-24 23:53:00+00:00,1386.45,1380.036231454006,1396.596666231454,1.8109972755450938,2501.743598915639,2526.7035248229436,24.95992590730475,0.009977012000000094,2,31,0.008107035955137227,take_profit
2021-01-24 23:54:00+00:00,2021-01-25 00:09:00+00:00,1396.3,1389.8406649927715,1406.5187529726848,1.8011389068795636,2505.8018979798267,2530.8023135855938,25.000415605767103,0.009977011999999839,2,16,0.00943923225667841,take_profit
2021-01-25 00:10:00+00:00,2021-01-25 00:21:00+00:00,1406.82,1406.82,1423.70184,0.5480836832873167,771.8269142364993,779.52744062176,7.700526385260673,0.009977012000000193,1,12,0.004023258128260797,take_profit
2021-01-25 00:22:00+00:00,2021-01-25 00:24:00+00:00,1424.86,1424.8600000000001,1441.9583200000002,0.5414144046539355,772.2119405557623,779.9163083532306,7.704367797468308,0.009977012000000233,1,3,0.00020352876773855932,take_profit
2021-01-25 00:25:00+00:00,2021-01-25 00:45:00+00:00,1443.87,1437.1906044282127,1454.4368916813512,1.7463648334587751,2512.371502052845,2537.4374626772837,25.065960624438958,0.00997701199999988,2,21,0.010735038472992722,take_profit
2021-01-25 00:46:00+00:00,2021-01-25 00:51:00+00:00,1456.48,1456.48,1473.95776,0.5307842239645452,773.8504569768577,781.5711722723212,7.720715295463492,0.00997701199999987,1,6,0.003302482698011607,take_profit
2021-01-25 00:52:00+00:00,2021-01-29 14:01:00+00:00,1473.49,1418.9256872638068,1435.9527955109725,9.751307264348101,13850.23059237806,13988.414509200982,138.18391682292167,0.009977011999999903,10,6550,0.18085633428119635,take_profit
2021-01-29 14:02:00+00:00,2021-01-29 22:23:00+00:00,1432.15,1389.4870365862514,1406.1608810252865,9.414425313591538,13094.316246391289,13224.95839671333,130.64215032204083,0.009977011999999999,8,502,0.0831128024299132,take_profit
2021-01-29 22:24:00+00:00,2021-01-30 00:05:00+00:00,1405.18,1386.1714722108395,1402.8055298773695,6.320076671177105,8769.479463234185,8856.972665072624,87.49320183843884,0.00997701199999975,4,102,0.026089184303790317,take_profit
2021-01-30 00:06:00+00:00,2021-02-02 00:01:00+00:00,1403.96,1362.136801232855,1378.4824428476493,9.73754532573924,13277.145987850241,13409.612232696772,132.46624484653148,0.009977011999999832,8,4316,0.09542294652269297,take_profit
2021-02-02 00:02:00+00:00,2021-02-02 00:11:00+00:00,1380.05,1380.05,1396.6106,0.5781508587838808,798.6757684331278,806.6441661588944,7.968397725766636,0.009977012000000124,1,10,0.0,take_profit
2021-02-02 00:12:00+00:00,2021-02-02 05:46:00+00:00,1399.13,1378.4942513677518,1395.0361823841647,7.099240040092941,9796.057641989877,9893.7930266367,97.73538464682315,0.00997701199999984,5,335,0.02776725536583458,take_profit
2021-02-02 05:47:00+00:00,2021-02-02 07:01:00+00:00,1394.73,1394.73,1411.46676,0.5758512375830487,803.9609575517572,811.9820856727825,8.0211281210253,0.009977011999999908,1,75,0.005743047041362838,take_profit
2021-02-02 07:02:00+00:00,2021-02-02 08:05:00+00:00,1412.95,1412.95,1429.9054,0.5687091913683079,804.3620139578085,812.3871434234097,8.025129465601253,0.009977012000000039,1,64,0.006305955624756773,take_profit
2021-02-02 08:06:00+00:00,2021-02-02 08:53:00+00:00,1428.07,1415.1009858606183,1432.0821976909458,3.7664782890555313,5335.282422487586,5388.512599240133,53.23017675254687,0.00997701199999984,3,48,0.015720517901783557,take_profit
2021-02-02 08:54:00+00:00,2021-02-02 08:59:00+00:00,1433.21,1433.2099999999998,1450.4085199999997,0.562804721212835,807.4247792687158,815.480465980577,8.055686711861199,0.009977011999999839,1,6,9.768282387096101e-05,take_profit
2021-02-02 09:00:00+00:00,2021-02-02 15:20:00+00:00,1451.26,1429.8553867331582,1447.013651373956,6.919206140185912,9903.36753900097,10002.173555777992,98.8060167770218,0.009977011999999863,5,381,0.029808580130369466,take_profit
2021-02-02 15:21:00+00:00,2021-02-02 16:27:00+00:00,1445.66,1432.5312423195373,1449.7216172273718,3.7576573600524217,5388.349916123172,5442.109547896532,53.759631773359615,0.00997701199999995,3,67,0.01704411825740499,take_profit
2021-02-02 16:28:00+00:00,2021-02-02 16:30:00+00:00,1453.05,1453.05,1470.4866,0.560641677977906,815.4558460318281,823.5916587931578,8.135812761329703,0.009977012000000002,1,3,0.001548467017652524,take_profit
2021-02-02 16:31:00+00:00,2021-02-02 16:37:00+00:00,1478.11,1471.2722089325111,1488.9274754397013,1.8014418714595566,2653.0644259117307,2679.5340815258246,26.46965561409388,0.009977011999999787,2,7,0.007015716015722708,take_profit
2021-02-02 16:38:00+00:00,2021-02-02 19:01:00+00:00,1489.37,1475.8442900636728,1493.554421544437,3.6672050741124025,5417.641310431749,5471.693182797623,54.05187236587426,0.00997701200000018,3,144,0.016993762463323382,take_profit
2021-02-02 19:02:00+00:00,2021-02-02 19:55:00+00:00,1495.21,1488.2931037053943,1506.152620949859,1.7896276389673031,2666.1566299055103,2692.756906595957,26.600276690446663,0.009977011999999936,2,54,0.010092227847593411,take_profit
2021-02-02 19:56:00+00:00,2021-02-02 20:05:00+00:00,1507.02,1507.02,1525.10424,0.5443839552073042,821.218726903415,829.412035996355,8.193309092940012,0.0099770119999999,1,10,0.0004445860041672126,take_profit
2021-02-02 20:06:00+00:00,2021-02-02 20:58:00+00:00,1524.06,1510.2192529152874,1528.3418839502708,3.6032151173301736,5447.091934521966,5501.437636117796,54.34570159582927,0.009977012000000073,3,53,0.017676469430337426,take_profit
2021-02-02 20:59:00+00:00,2021-02-02 22:26:00+00:00,1536.07,1522.1201841302739,1540.3856263398372,3.586866187436109,5465.106528199102,5519.631961612224,54.52543341312139,0.009977012000000111,3,88,0.014849583677827148,take_profit
2021-02-02 22:27:00+00:00,2021-02-03 03:10:00+00:00,1540.17,1519.3353992762275,1537.567424067542,6.054528602938341,9208.067700074738,9299.936702015197,91.86900194045847,0.009977012000000044,4,284,0.02063408584766615,take_profit
2021-02-03 03:11:00+00:00,2021-02-03 04:23:00+00:00,1538.76,1538.76,1557.22512,0.5399371791613552,831.6653992055325,839.962934873391,8.297535667858483,0.009977012000000115,1,73,0.004666094777613185,take_profit
2021-02-03 04:24:00+00:00,2021-02-03 06:42:00+00:00,1558.59,1551.379905501027,1569.9964643670394,1.7423817177164236,2705.8017863639866,2732.7976032561614,26.995816892174844,0.009977011999999967,2,139,0.012690957852931159,take_profit
2021-02-03 06:43:00+00:00,2021-02-03 15:20:00+00:00,1569.81,1546.656894455562,1565.2167771890288,6.599406801275896,10217.235263774068,10319.172742607563,101.93747883349533,0.009977011999999834,5,518,0.03658404520292254,take_profit
2021-02-03 15:21:00+00:00,2021-02-03 15:33:00+00:00,1570.0,1570.0,1588.84,0.5335594992576013,838.5269407752091,846.8929341256467,8.36599335043752,0.009977011999999964,1,13,0.0007133757961782744,take_profit
2021-02-03 15:34:00+00:00,2021-02-03 16:04:00+00:00,1590.42,1590.42,1609.50504,0.5269716774199823,838.945240442731,847.3154071739709,8.37016673123992,0.00997701199999989,1,31,0.0052816237220357455,take_profit
2021-02-03 16:05:00+00:00,2021-02-03 17:11:00+00:00,1609.16,1594.5464174777658,1613.680974487499,3.486324416292994,5564.670778944201,5620.189566081776,55.5187871375756,0.009977011999999993,3,67,0.01805911158616929,take_profit
2021-02-03 17:12:00+00:00,2021-02-03 17:34:00+00:00,1613.19,1613.19,1632.54828,0.521511755247699,842.1396881361718,850.5417259103825,8.402037774210726,0.00997701199999986,1,23,0.002572542601925434,take_profit
2021-02-03 17:35:00+00:00,2021-02-03 18:52:00+00:00,1633.84,1626.281796241345,1645.7971777962412,1.6830660837506124,2739.8796134883205,2767.2154252706487,27.335811782328165,0.009977011999999938,2,78,0.007809822259217543,take_profit
2021-02-03 18:53:00+00:00,2021-02-03 21:36:00+00:00,1645.62,1621.3487738350257,1640.804959121046,6.374673358115665,10345.914747527166,10449.136063114222,103.22131558705587,0.009977012000000035,5,164,0.027454697925401877,take_profit
2021-02-03 21:37:00+00:00,2021-02-03 23:19:00+00:00,1644.0,1636.394795708742,1656.031533257247,1.685623869806288,2761.1072353087493,2788.654835328711,27.54760001996192,0.009977011999999893,2,103,0.010954987834549873,take_profit
2021-02-03 23:20:00+00:00,2021-02-03 23:56:00+00:00,1657.08,1649.4142871490528,1669.2072585948415,1.6750313770593737,2765.586271015699,2793.1785584286577,27.59228741295874,0.00997701199999995,2,37,0.007477007748569697,take_profit
2021-02-03 23:57:00+00:00,2021-02-04 01:02:00+00:00,1664.51,1664.5100000000002,1684.4841200000003,0.5112572445489858,851.8446407649974,860.3435049680455,8.498864203048129,0.009977012000000072,1,66,0.0019585343434404064,take_profit
2021-02-04 01:03:00+00:00,2021-02-04 03:00:00+00:00,1681.94,1659.1876101071034,1679.0978614283886,5.7131048406735125,9488.601368256666,9583.269257970978,94.66788971431197,0.009977011999999872,4,118,0.021368181980332267,take_profit
2021-02-04 03:01:00+00:00,2021-02-04 06:27:00+00:00,1678.19,1653.4383993644963,1673.2796601568702,6.347811615627334,10506.221698909125,10611.042398873802,104.82069996467726,0.00997701200000005,5,207,0.027219802286987803,take_profit
2021-02-04 06:28:00+00:00,2021-02-04 19:00:00+00:00,1674.3,1638.2987248093848,1657.9583095070975,7.6296260115599495,12512.118684195371,12636.952242453015,124.83355825764374,0.009977012000000184,7,753,0.07158812638117416,take_profit
2021-02-04 19:01:00+00:00,2021-02-05 06:24:00+00:00,1658.6,1634.1373319981365,1653.7469799821142,6.5088435677722964,10646.99125348614,10753.216412986065,106.22515949992521,0.009977011999999902,5,684,0.04256601953454715,take_profit
2021-02-05 06:25:00+00:00,2021-02-05 08:56:00+00:00,1653.42,1653.42,1673.26104,0.5279500383433311,873.7969493469776,882.5148319961758,8.717882649198145,0.009977011999999952,1,152,0.006169031462060484,take_profit
2021-02-05 08:57:00+00:00,2021-02-05 12:25:00+00:00,1669.53,1654.3681674734983,1674.2205854831802,3.4998522313244798,5795.83996232664,5853.665127180852,57.825164854212744,0.009977012000000054,3,209,0.01695686810060313,take_profit
2021-02-05 12:26:00+00:00,2021-02-05 13:45:00+00:00,1674.77,1667.0224525602982,1687.0267219910218,1.7092903292803747,2852.277634489059,2880.734842675688,28.457208186629032,0.009977012000000026,2,80,0.010222299181380064,take_profit
2021-02-05 13:46:00+00:00,2021-02-05 13:49:00+00:00,1687.15,1687.15,1707.3958,0.5202076965114827,878.5469621314795,887.3122357152289,8.765273583749376,0.009977012000000068,1,4,0.0011083780339626696,take_profit
2021-02-05 13:50:00+00:00,2021-02-05 14:09:00+00:00,1706.85,1706.85,1727.3321999999998,0.5144601110729451,878.985225810667,887.7548719564026,8.769646145735578,0.009977011999999822,1,20,0.0038667721240881795,take_profit
2021-02-05 14:10:00+00:00,2021-02-05 14:45:00+00:00,1727.03,1719.0406958837402,1739.669184234345,1.6619128709592794,2859.7556138057903,2888.2874298817974,28.53181607600709,0.009977011999999775,2,36,0.00861594760947979,take_profit
2021-02-05 14:46:00+00:00,2021-02-05 16:03:00+00:00,1740.71,1732.6574117020466,1753.4493006424711,1.6515268752789596,2864.394675752964,2892.972775805687,28.57810005272313,0.009977011999999896,2,78,0.012460432811898623,take_profit
2021-02-05 16:04:00+00:00,2021-02-08 13:00:00+00:00,1756.5,1691.4556391145356,1711.7531067839102,9.321682040438729,15782.994647980757,15940.4617749796,157.467126998843,0.009977012000000205,10,4137,0.15146029035012806,take_profit
2021-02-08 13:01:00+00:00,2021-02-08 13:24:00+00:00,1719.16,1695.904117740067,1716.2549671529478,5.837862354551245,9910.365171054233,10009.241003290223,98.87583223598995,0.009977011999999981,4,24,0.02129528374322351,take_profit
2021-02-08 13:25:00+00:00,2021-02-08 14:07:00+00:00,1711.93,1688.7719213352757,1709.037184391299,5.895077078896707,9965.406050998936,10064.831026754622,99.42497575568632,0.009977011999999731,4,43,0.021431951072765857,take_profit
2021-02-08 14:08:00+00:00,2021-02-08 15:11:00+00:00,1706.99,1699.0934016586775,1719.4825224785816,1.720893980692807,2926.8864940433277,2956.0880757170353,29.20158167370755,0.009977011999999775,2,64,0.006936185917902225,take_profit
2021-02-08 15:12:00+00:00,2021-02-08 15:29:00+00:00,1719.23,1711.276778969794,1731.8121003174315,1.7114138732272481,2931.63445491546,2960.883407051765,29.24895213630498,0.009977011999999992,2,18,0.007788370375109845,take_profit
2021-02-08 15:30:00+00:00,2021-02-08 15:43:00+00:00,1734.92,1734.9200000000003,1755.7390400000004,0.5199589244674409,902.990127364417,911.9992707010134,9.009143336596367,0.009977012000000054,1,14,0.0048244299448966625,take_profit
2021-02-08 15:44:00+00:00,2021-02-08 16:03:00+00:00,1748.5,1740.4113748763596,1761.2963113748758,1.6863352683595894,2937.854937846054,2967.1659518152032,29.31101396914937,0.009977012000000013,2,20,0.010580497569345154,take_profit
2021-02-08 16:04:00+00:00,2021-02-09 00:01:00+00:00,1763.41,1737.4014907867083,1758.250308676149,6.378712978506769,11093.478917075261,11204.158689352667,110.6797722774063,0.009977011999999947,5,478,0.047498880010887985,take_profit
2021-02-09 00:02:00+00:00,2021-02-09 04:29:00+00:00,1750.25,1726.5735487532004,1747.2924313382389,5.864851313588869,10136.233378791794,10237.362700846801,101.12932205500692,0.009977012000000065,4,268,0.023859448650192825,take_profit
2021-02-09 04:30:00+00:00,2021-02-09 06:49:00+00:00,1745.56,1737.48497542418,1758.33479512927,1.7117167999530785,2977.0592813810117,3006.761437556061,29.702156175049367,0.009977011999999877,2,140,0.009131739957377606,take_profit
2021-02-09 06:50:00+00:00,2021-02-09 08:04:00+00:00,1758.69,1750.554235562657,1771.5608863894088,1.70169348815958,2981.888631959104,3011.6389706228238,29.75033866371996,0.009977012000000132,2,75,0.010018820826865518,take_profit
2021-02-09 08:05:00+00:00,2021-02-09 08:25:00+00:00,1778.63,1778.63,1799.9735600000001,0.515874996752318,918.4692146882636,927.632793064839,9.163578376575401,0.009977012000000021,1,21,0.004565311503797933,take_profit
2021-02-09 08:26:00+00:00,2021-02-09 09:13:00+00:00,1799.23,1799.23,1820.82076,0.5102229654982884,918.9273936070925,928.0955432402392,9.16814963314664,0.009977011999999952,1,48,0.004424114760202996,take_profit
2021-02-09 09:14:00+00:00,2021-02-10 01:59:00+00:00,1818.47,1782.8508110185546,1804.2450207507773,7.18562963897798,12823.729358889745,12951.671860588141,127.94250169839688,0.009977012000000124,6,1006,0.05844473650926327,take_profit
2021-02-10 02:00:00+00:00,2021-02-10 05:43:00+00:00,1803.52,1779.1229405212805,1800.472415807536,5.787538695033551,10307.049911400189,10409.883472050826,102.83356065063708,0.009977011999999851,4,224,0.02034909510290989,take_profit
2021-02-10 05:44:00+00:00,2021-02-10 06:08:00+00:00,1798.17,1798.17,1819.7480400000002,0.517188964114625,930.9246042062015,940.212450153462,9.287845947260507,0.009977011999999983,1,25,0.003308919623839818,take_profit
2021-02-10 06:09:00+00:00,2021-02-10 08:05:00+00:00,1818.54,1810.127367267747,1831.84889567496,1.6715455214671247,3028.7390330745543,3058.9567987524074,30.217765677853095,0.009977011999999957,2,117,0.010194991586657409,take_profit
2021-02-10 08:06:00+00:00,2021-02-11 13:11:00+00:00,1827.39,1772.953053651747,1794.228490295568,8.811585855840928,15638.166216844562,15794.188388848015,156.0221720034533,0.009977012000000033,8,1667,0.08065601759887057,take_profit
2021-02-11 13:12:00+00:00,2021-02-11 13:21:00+00:00,1795.76,1795.76,1817.3091200000001,0.523321764820601,940.7009933876301,950.0863784870704,9.385385099440327,0.009977012000000023,1,10,0.0018265247026328533,take_profit
2021-02-11 13:22:00+00:00,2021-02-12 00:43:00+00:00,1811.0,1784.2895865480677,1805.7010615866445,6.460000828051365,11538.050256840786,11653.165522709889,115.11526586910259,0.009977011999999912,5,682,0.031247929320817183,take_profit
2021-02-12 00:44:00+00:00,2021-02-12 14:23:00+00:00,1806.96,1780.3091724510753,1801.6728825204882,6.514038808030456,11608.61165129018,11724.430909038441,115.8192577482605,0.009977011999999875,5,820,0.03712312392083938,take_profit
2021-02-12 14:24:00+00:00,2021-02-12 16:00:00+00:00,1801.99,1775.4124749109624,1796.717424609894,6.571951660250776,11679.604566687725,11796.132121604825,116.52755491710013,0.009977012000000162,5,97,0.028357538055150087,take_profit
2021-02-12 16:01:00+00:00,2021-02-12 16:59:00+00:00,1798.78,1798.7799999999997,1820.3653599999998,0.532352385062518,958.5433665693254,968.106765240108,9.56339867078259,0.009977012000000033,1,59,0.006504408543568444,take_profit
2021-02-12 17:00:00+00:00,2021-02-12 17:47:00+00:00,1823.87,1823.87,1845.7564399999999,0.5252910103057573,959.0215365028644,968.589705880812,9.568169377947584,0.009977012000000072,1,48,0.005746023565275919,take_profit
2021-02-12 17:48:00+00:00,2021-02-12 20:03:00+00:00,1843.48,1826.7384409828182,1848.6593022746122,3.4787509765924653,6361.129264812789,6424.594327821378,63.46506300858891,0.009977012000000085,3,136,0.016360361924186908,take_profit
2021-02-12 20:04:00+00:00,2021-02-13 00:16:00+00:00,1856.62,1839.759110105626,1861.8362194268934,3.4655540261448783,6382.166757921192,6445.841712250973,63.67495432978103,0.009977012000000032,3,253,0.01542049530867915,take_profit
2021-02-13 00:17:00+00:00,2021-02-15 16:07:00+00:00,1861.1,1805.6588512311364,1827.32675744591,8.957635366933035,16190.624210614318,16352.158262651108,161.53405203678994,0.009977012000000023,8,3831,0.11038095749825363,take_profit
2021-02-15 16:08:00+00:00,2021-02-16 03:21:00+00:00,1825.68,1798.7530714351612,1820.3381082923831,6.631129965456737,11939.705097548589,12058.827678583293,119.12258103470413,0.009977012000000058,5,674,0.04423557249901406,take_profit
2021-02-16 03:22:00+00:00,2021-02-16 12:30:00+00:00,1819.63,1792.792302799813,1814.3058104334107,6.693865254890971,12012.722827775415,12132.573907580805,119.85107980539033,0.00997701200000009,5,549,0.027274775641201843,take_profit
2021-02-16 12:31:00+00:00,2021-02-17 08:00:00+00:00,1814.61,1787.8463427089944,1809.3004988215023,6.7534332370932155,12086.18710076724,12206.771134505836,120.58403373859619,0.009977011999999688,5,1170,0.04993359454648652,take_profit
2021-02-17 08:01:00+00:00,2021-02-17 09:43:00+00:00,1804.45,1796.102548124477,1817.6557787019706,1.7940644925976508,3225.5493560102977,3257.7307006418046,32.18134463150682,0.00997701199999994,2,103,0.008423619385408322,take_profit
2021-02-17 09:44:00+00:00,2021-02-17 12:25:00+00:00,1817.54,1809.1319933044206,1830.8415772240737,1.7840329143522515,3230.78180426705,3263.0153530976045,32.233548830554355,0.009977012000000106,2,162,0.00908920849059717,take_profit
2021-02-17 12:26:00+00:00,2021-02-17 19:37:00+00:00,1831.75,1815.1149669485305,1836.896346551913,3.631043320209778,6597.35843458584,6663.180358856004,65.82192427016435,0.009977012000000032,3,432,0.017333151357990993,take_profit
2021-02-17 19:38:00+00:00,2021-02-17 21:50:00+00:00,1837.15,1828.6512767252532,1850.5950920459563,1.7736996737655475,3246.72489785639,3279.117511123002,32.39261326661199,0.009977012000000004,2,133,0.007903546253708179,take_profit
2021-02-17 21:51:00+00:00,2021-02-18 00:52:00+00:00,1850.5,1841.9395191356612,1864.042793365289,1.7637602491182314,3251.9916968282573,3284.436857011413,32.44516018315562,0.009977011999999919,2,182,0.011024047554714991,take_profit
2021-02-18 00:53:00+00:00,2021-02-18 01:08:00+00:00,1864.25,1864.2499999999998,1886.6209999999999,0.5367647029453266,1001.6652627285537,1011.6588890747796,9.993626346225938,0.009977012000000006,1,16,0.0021724554110231753,take_profit
2021-02-18 01:09:00+00:00,2021-02-18 01:40:00+00:00,1886.01,1886.01,1908.64212,0.5308364107835161,1002.164944045865,1012.1635557185899,9.998611672724905,0.009977011999999981,1,32,0.0042523634551248305,take_profit
2021-02-18 01:41:00+00:00,2021-02-18 10:07:00+00:00,1909.83,1892.4858836234812,1915.195714226963,3.5089558776293486,6647.296761432619,6713.616920988993,66.32015955637416,0.009977011999999967,3,507,0.01601713241492694,take_profit
2021-02-18 10:08:00+00:00,2021-02-18 14:38:00+00:00,1918.38,1900.9582368198292,1923.769735661667,3.5048699421478946,6669.280666174453,6735.820159412243,66.53949323779034,0.009977011999999974,3,271,0.019448701508564606,take_profit
2021-02-18 14:39:00+00:00,2021-02-18 18:37:00+00:00,1924.9,1915.9953420071522,1938.987286111238,1.711297221469192,3282.1196247495027,3314.8653716310646,32.7457468815619,0.009977012000000188,2,239,0.013299392176217017,take_profit
2021-02-18 18:38:00+00:00,2021-02-19 09:12:00+00:00,1938.33,1912.1093025309476,1935.054614161319,5.8803825035184785,11255.1892766946,11367.482435170454,112.29315847585349,0.009977012000000013,4,875,0.02441792677201505,take_profit
2021-02-19 09:13:00+00:00,2021-02-19 16:04:00+00:00,1930.99,1922.0571694438104,1945.121855477136,1.718157101163427,3305.7018763983574,3338.6829036876056,32.98102728924823,0.009977011999999789,2,412,0.008741629941118344,take_profit
2021-02-19 16:05:00+00:00,2021-02-19 18:45:00+00:00,1945.96,1945.96,1969.31152,0.5227191951775171,1018.2088539015427,1028.3675358554246,10.15868195388191,0.009977011999999973,1,161,0.004337190898065764,take_profit
2021-02-19 18:46:00+00:00,2021-02-20 02:41:00+00:00,1969.43,1942.788598269399,1966.1020614486317,5.832014800569655,11341.713573058169,11454.869985477131,113.15641241896265,0.009977011999999862,4,476,0.023824152165855133,take_profit
2021-02-20 02:42:00+00:00,2021-02-20 03:01:00+00:00,1965.6,1965.6000000000001,1989.1872,0.5206299521833357,1024.374608620185,1034.594806382884,10.220197762698945,0.009977012000000054,1,20,0.00013227513227512765,take_profit
2021-02-20 03:02:00+00:00,2021-02-20 03:58:00+00:00,1989.71,1989.7099999999998,2013.5865199999998,0.5145778695839152,1024.88561850832,1035.110914622805,10.22529611448499,0.009977012000000058,1,57,0.006588899889933773,take_profit
2021-02-20 03:59:00+00:00,2021-02-20 04:07:00+00:00,2021.08,2011.7304097998936,2035.8711747174923,1.6558403148388794,3334.438753887891,3367.7064893486963,33.2677354608054,0.009977012000000259,2,9,0.006669701347794258,take_profit
2021-02-20 04:08:00+00:00,2021-02-20 13:25:00+00:00,2039.35,2009.2716556194382,2033.3829154868715,6.260182436047318,12590.998125882403,12716.61866527631,125.62053939390717,0.009977012000000073,5,558,0.029102410081643618,take_profit
2021-02-20 13:26:00+00:00,2021-03-31 21:25:00+00:00,2033.66,1922.587150652995,1945.658196460831,10.436462119761263,20085.09306279252,20285.482277301115,200.38921450859561,0.009977011999999895,12,56550,0.36411199512209513,take_profit
2021-03-31 21:26:00+00:00,2021-04-01 01:59:00+00:00,1946.13,1919.8037882788547,1942.841433738201,6.044610960273675,11616.083103308598,11731.976903823303,115.89380051470471,0.009977011999999792,4,274,0.022871031226074423,take_profit
2021-04-01 02:00:00+00:00,2021-04-01 08:17:00+00:00,1940.0,1913.756711659025,1936.7217921989334,6.097387745537311,11680.59731892845,11797.134778546568,116.53745961811728,0.009977012000000026,4,378,0.020680412371133966,take_profit
2021-04-01 08:18:00+00:00,2021-04-01 08:26:00+00:00,1939.23,1939.2299999999998,1962.50076,0.5434772247067454,1054.9823207888508,1065.507892063149,10.525571274298272,0.009977012000000056,1,9,0.0005517653914182105,take_profit
2021-04-01 08:27:00+00:00,2021-04-01 17:19:00+00:00,1964.09,1935.1216642977333,1958.3431242693061,6.6801039204747275,12939.753569840708,13068.853646484053,129.10007664334444,0.009977012000000066,5,533,0.029576037757943843,take_profit
2021-04-01 17:20:00+00:00,2021-04-01 18:31:00+00:00,1957.85,1928.9736979697045,1952.121382345341,6.742377183210137,13018.887135338759,13148.776728514677,129.88959317591798,0.009977011999999813,5,72,0.037198968255995064,take_profit
2021-04-01 18:32:00+00:00,2021-04-01 18:49:00+00:00,1952.12,1952.1199999999997,1975.5454399999996,0.5467848414855057,1068.4580828435287,1079.1181019575556,10.660019114026909,0.009977012000000026,1,18,0.003606335676085468,take_profit
2021-04-01 18:50:00+00:00,2021-04-02 01:50:00+00:00,1969.77,1960.657771741612,1984.1856650025113,1.7712037688991633,3476.2006354656432,3510.8827309200924,34.682095454449154,0.009977012000000231,2,421,0.010808368489722131,take_profit
2021-04-02 01:51:00+00:00,2021-04-02 03:02:00+00:00,1984.5,1984.4999999999998,2008.3139999999999,0.5390045166960851,1070.7251885719527,1081.4078266270374,10.68263805508468,0.009977012000000042,1,72,0.0012093726379441123,take_profit
2021-04-02 03:03:00+00:00,2021-04-02 14:02:00+00:00,2008.68,1990.4381775952907,2014.3234357264341,3.564516878427045,7102.0525320360175,7172.909795372771,70.85726333675393,0.009977012000000028,3,660,0.013844913077244843,take_profit
2021-04-02 14:03:00+00:00,2021-04-02 14:37:00+00:00,2015.72,2015.7199999999998,2039.9086399999999,0.5326768506825864,1074.8021836415446,1085.5254979253623,10.723314283817672,0.009977011999999792,1,35,0.0012799396741610576,take_profit
2021-04-02 14:38:00+00:00,2021-04-02 14:54:00+00:00,2037.84,2037.84,2062.29408,0.5271576821567836,1075.3383493557355,1086.0670129713183,10.728663615582718,0.009977012000000328,1,17,0.002527185647548318,take_profit
2021-04-02 14:55:00+00:00,2021-04-02 20:06:00+00:00,2066.29,2047.5249925241321,2072.095292434422,3.4800643268120472,7132.651336075412,7203.813884047252,71.16254797184047,0.009977012000000007,3,312,0.017025683713321974,take_profit
2021-04-02 20:07:00+00:00,2021-04-02 20:36:00+00:00,2071.51,2071.51,2096.36812,0.5205639736352572,1079.4329099351069,1090.2024250307243,10.769515095617407,0.009977011999999933,1,30,0.0008496217734890096,take_profit
2021-04-02 20:37:00+00:00,2021-04-02 22:53:00+00:00,2096.36,2086.6621617591113,2111.7021077002205,1.6813431075946186,3511.906950502672,3546.94528829072,35.03833778804801,0.009977011999999843,2,137,0.008562460646072368,take_profit
2021-04-02 22:54:00+00:00,2021-04-02 23:23:00+00:00,2111.99,2111.99,2137.3338799999997,0.5116698371094138,1081.7233025792902,1092.5156689498033,10.792366370513037,0.00997701199999984,1,30,0.002220654453856126,take_profit
2021-04-02 23:24:00+00:00,2021-04-05 14:31:00+00:00,2135.1,2089.1904720423563,2114.2607577068648,7.509670788298137,15704.837496583861,15861.52484874533,156.68735216146888,0.009977012000000111,7,3788,0.07487237131750266,take_profit
2021-04-05 14:32:00+00:00,2021-04-05 20:31:00+00:00,2111.65,2101.8814296583732,2127.104006814274,1.6848191346434849,3544.8348863265583,3580.2017465254567,35.366860198898394,0.009977011999999912,2,360,0.011204508322875622,take_profit
2021-04-05 20:32:00+00:00,2021-04-06 00:28:00+00:00,2126.61,2107.29719659474,2132.5847629538766,3.43161187193477,7238.66474227164,7310.88498726926,72.22024499762028,0.009977011999999893,3,237,0.019980156211059027,take_profit
2021-04-06 00:29:00+00:00,2021-04-06 10:29:00+00:00,2131.83,2102.9917374309584,2128.22763828013,5.793703375256861,12196.30663392496,12317.989331567309,121.68269764234901,0.009977012000000007,4,601,0.022328234427698226,take_profit
2021-04-06 10:30:00+00:00,2021-04-06 17:39:00+00:00,2126.52,2095.1559865191593,2120.2978583573895,6.439050334630841,13504.31917527528,13639.051929738833,134.73275446355365,0.009977012000000155,5,430,0.038499520343095714,take_profit
2021-04-06 17:40:00+00:00,2021-04-09 00:02:00+00:00,2123.3,2060.048056965812,2084.7686336494016,9.009387004965497,18578.348542574786,18763.70494892423,185.35640634944502,0.00997701199999967,8,3263,0.09103282626100889,take_profit
2021-04-09 00:03:00+00:00,2021-04-10 01:53:00+00:00,2084.94,2066.005622595698,2090.7976900668464,3.582582003474182,7409.0436061940145,7482.963723161536,73.92011696752161,0.009977012000000087,3,1551,0.017923777183036498,take_profit
2021-04-10 01:54:00+00:00,2021-04-10 02:58:00+00:00,2090.99,2090.99,2116.0818799999997,0.5356983922899307,1121.2612425368588,1132.448079408784,11.186836871925152,0.009977012,1,65,0.0014203798200851272,take_profit
2021-04-10 02:59:00+00:00,2021-04-10 03:34:00+00:00,2117.22,2117.22,2142.62664,0.5293256080124289,1121.820584380455,1133.013001812666,11.19241743221096,0.00997701200000013,1,36,0.001927055289483345,take_profit
2021-04-10 03:35:00+00:00,2021-04-10 03:55:00+00:00,2142.99,2142.99,2168.70588,0.5232212119733708,1122.3802052520657,1133.5782060284282,11.198000776362505,0.009977012000000163,1,21,0.003803097541285604,take_profit
2021-04-10 03:56:00+00:00,2021-04-10 04:17:00+00:00,2149.34,2149.34,2175.1320800000003,0.5219356477735458,1122.9401052908838,1134.1436921966526,11.203586905768816,0.00997701200000036,1,22,0.0032661189016163013,take_profit
2021-04-10 04:18:00+00:00,2021-04-10 04:57:00+00:00,2175.8,2165.7346694057674,2191.7234854386365,1.6852493872993684,3653.4564811502196,3689.907060304133,36.45057915391362,0.00997701200000003,2,40,0.006962956154058318,take_profit
2021-04-10 04:58:00+00:00,2021-04-12 06:57:00+00:00,2193.0,2160.655473937003,2186.583339624247,6.378540523617939,13795.624122206305,13933.263229621045,137.63910741473956,0.009977011999999839,5,3000,0.049917920656634654,take_profit
2021-04-12 06:58:00+00:00,2021-04-13 06:12:00+00:00,2188.2,2155.9262690692885,2181.79738429812,6.431626166647851,13879.991797306819,14018.47264202845,138.480844721631,0.00997701199999995,5,1395,0.039393108490997086,take_profit
2021-04-13 06:13:00+00:00,2021-04-13 08:16:00+00:00,2179.53,2159.7366037468714,2185.653442991834,3.493226953459729,7552.002118700846,7627.34853446315,75.34641576230388,0.009977012000000014,3,124,0.01354420448445306,take_profit
2021-04-13 08:17:00+00:00,2021-04-13 08:33:00+00:00,2186.9,2186.9,2213.1428,0.5220875375448409,1142.8961319888017,1154.2988204124074,11.402688423605696,0.009977011999999858,1,17,0.0012391970369015667,take_profit
2021-04-13 08:34:00+00:00,2021-04-13 14:13:00+00:00,2209.29,2209.29,2235.80148,0.5170542573150524,1143.4662664099822,1154.8746430715496,11.408376661567445,0.009977011999999874,1,340,0.006463615007536242,take_profit
2021-04-13 14:14:00+00:00,2021-04-13 14:57:00+00:00,2235.29,2235.29,2262.11348,0.5112950214772212,1144.0366852430607,1155.450752980171,11.414067737110372,0.009977012000000117,1,44,1.3421077354502253e-05,take_profit
2021-04-13 14:58:00+00:00,2021-04-13 16:00:00+00:00,2262.15,2251.6852111390094,2278.7054336726774,1.651372733767797,3722.093656359505,3759.2290294341274,37.135373074622294,0.009977011999999902,2,63,0.008465397962115727,take_profit
2021-04-13 16:01:00+00:00,2021-04-13 17:20:00+00:00,2281.9,2271.3438469147072,2298.599973077684,1.6397356421445044,3728.131592944601,3765.3272065849883,37.195613640387364,0.00997701199999999,2,80,0.00692405451597361,take_profit
2021-04-13 17:21:00+00:00,2021-04-13 19:49:00+00:00,2298.72,2267.624138260224,2294.8356279193467,5.632277539892761,12784.673176017754,12912.22601371096,127.55283769320704,0.009977011999999985,4,149,0.021194403842138148,take_profit
2021-04-13 19:50:00+00:00,2021-04-14 00:03:00+00:00,2293.27,2282.661248877729,2310.053183864262,1.6433290546926453,3754.918470772545,3792.381337414464,37.462866641918936,0.009977011999999895,2,254,0.011062805513524308,take_profit
2021-04-14 00:04:00+00:00,2021-04-14 03:17:00+00:00,2309.2,2298.51755611352,2326.0997667868824,1.6346399598893706,3761.0096553858048,3798.5332938497045,37.523638463899715,0.009977011999999914,2,194,0.012069114844967909,take_profit
2021-04-14 03:18:00+00:00,2021-04-14 04:01:00+00:00,2324.5,2324.5,2352.3940000000002,0.49786726358378675,1158.450905105618,1170.0087836872676,11.557878581649675,0.009977012000000054,1,44,0.0001935900193589237,take_profit
2021-04-14 04:02:00+00:00,2021-04-14 05:35:00+00:00,2352.38,2352.38,2380.60856,0.49221204492287196,1159.0287990347003,1170.592443271015,11.563644236314758,0.00997701199999997,1,94,0.006112957940468848,take_profit
2021-04-14 05:36:00+00:00,2021-04-14 06:14:00+00:00,2382.48,2371.4585601460853,2399.9160628678383,1.5885157356683364,3770.870109386819,3808.492125718613,37.62201633179393,0.009977012000000085,2,39,0.012373661059064511,take_profit
2021-04-14 06:15:00+00:00,2021-04-14 11:42:00+00:00,2397.33,2361.9718136495194,2390.315475413314,6.022402324542554,14238.98352455141,14381.046034043662,142.0625094922525,0.009977012000000056,5,328,0.036428026179124245,take_profit
2021-04-14 11:43:00+00:00,2021-04-14 16:35:00+00:00,2390.67,2355.4100418955663,2383.6749623983133,6.076112551170396,14326.062581295733,14468.993879582074,142.9312982863412,0.009977012000000188,5,293,0.04081700945759972,take_profit
2021-04-14 16:36:00+00:00,2021-04-14 21:04:00+00:00,2385.61,2350.4246717641836,2378.6297678253536,6.126237812340639,14413.67417339347,14557.479573585504,143.80540019203363,0.009977011999999785,5,269,0.03509374960701885,take_profit
2021-04-14 21:05:00+00:00,2021-04-14 21:36:00+00:00,2380.63,2380.63,2409.19756,0.49640016063780423,1182.9280424616375,1194.7301297364138,11.80208727477634,0.009977012000000063,1,32,0.0021800951848880566,take_profit
2021-04-14 21:37:00+00:00,2021-04-14 23:07:00+00:00,2416.0,2416.0,2444.992,0.4893769158437711,1183.5181468253763,1195.3261215784707,11.807974753094413,0.009977011999999891,1,91,0.004540562913907202,take_profit
2021-04-14 23:08:00+00:00,2021-04-15 03:30:00+00:00,2446.57,2424.3514806536186,2453.443698421462,3.2348242240640825,7850.201098362315,7928.522648923088,78.32155056077318,0.009977011999999895,3,263,0.01903481200210914,take_profit
2021-04-15 03:31:00+00:00,2021-04-15 08:09:00+00:00,2457.16,2457.16,2486.64592,0.48301152487749216,1188.0246230910695,1199.8775590119449,11.852935920875325,0.009977012000000209,1,279,0.004908105292288636,take_profit
2021-04-15 08:10:00+00:00,2021-04-15 16:12:00+00:00,2485.22,2448.5655252793977,2477.9483115827506,5.945111761975993,14571.567271579052,14716.947973106406,145.38070152735418,0.009977012000000186,5,483,0.03224664214838118,take_profit
2021-04-15 16:13:00+00:00,2021-04-15 19:51:00+00:00,2478.11,2455.6050502223684,2485.0723108250368,3.225418923558535,7928.283281054188,8007.383858488664,79.10057743447669,0.00997701199999996,3,219,0.018025834204292816,take_profit
2021-04-15 19:52:00+00:00,2021-04-15 22:14:00+00:00,2485.48,2485.48,2515.30576,0.4822575488442353,1199.841333835205,1211.812165220975,11.970831385769998,0.009977012000000127,1,143,0.003625054315464304,take_profit
2021-04-15 22:15:00+00:00,2021-04-16 00:51:00+00:00,2515.99,2515.99,2546.1818799999996,0.47664713910988876,1200.4398754044935,1212.4166784466825,11.976803042188976,0.009977011999999867,1,157,0.005162977595300372,take_profit
2021-04-16 00:52:00+00:00,2021-04-21 15:00:00+00:00,2544.09,2420.681437396732,2449.729614645493,9.424904442405966,22837.528761731846,23065.379060237992,227.85029850614592,0.009977012000000094,11,7899,0.23477549929444327,take_profit
2021-04-21 15:01:00+00:00,2021-04-21 16:02:00+00:00,2446.56,2424.3415714685934,2453.4336703262165,3.3122115026957184,8037.9700094911805,8118.164932731514,80.19492324033399,0.009977012000000045,3,62,0.0165783794388856,take_profit
2021-04-21 16:03:00+00:00,2021-04-22 01:13:00+00:00,2457.52,2409.3834515248077,2438.296052943105,7.035049504479952,16967.098955707508,17136.37990559378,169.28094988627345,0.009977011999999539,6,551,0.05862007226797745,take_profit
2021-04-22 01:14:00+00:00,2021-04-22 04:27:00+00:00,2437.83,2401.8744797208597,2430.69697347751,6.245710155663279,15016.428258879907,15166.24734381589,149.81908493598348,0.00997701199999997,5,194,0.03889934901121076,take_profit
2021-04-22 04:28:00+00:00,2021-04-22 04:56:00+00:00,2427.51,2416.2802497146777,2445.275612711254,1.6569111036910527,4007.5691445261646,4047.5527099719325,39.98356544576791,0.009977012000000157,2,29,0.007295541521971088,take_profit
2021-04-22 04:57:00+00:00,2021-04-22 05:51:00+00:00,2441.16,2429.867104314083,2459.025509565852,1.6503191054347708,4014.0701760930874,4054.11860240881,40.048426315722736,0.009977011999999973,2,55,0.00668944272395088,take_profit
2021-04-22 05:52:00+00:00,2021-04-22 06:16:00+00:00,2461.81,2461.81,2491.35172,0.5017288825681677,1236.397577973114,1248.733131445323,12.335553472208858,0.009977012000000132,1,25,0.002295059326268108,take_profit
2021-04-22 06:17:00+00:00,2021-04-22 09:39:00+00:00,2491.1,2454.358801242348,2483.811106857256,6.17257542211715,15164.879693298728,15316.179879977326,151.30018667859804,0.009977012000000021,5,203,0.03256794187306817,take_profit
2021-04-22 09:40:00+00:00,2021-04-22 10:43:00+00:00,2482.45,2482.45,2512.2394,0.5008498804067247,1244.5793649806544,1256.996548240019,12.417183259364492,0.0099770120000001,1,64,0.0050152067513947185,take_profit
2021-04-22 10:44:00+00:00,2021-04-22 11:17:00+00:00,2511.64,2511.64,2541.77968,0.49527600449088205,1245.2002241436226,1257.6236017223064,12.423377578683812,0.009977012000000162,1,34,0.0041208134923794455,take_profit
2021-04-22 11:18:00+00:00,2021-04-22 11:35:00+00:00,2542.93,2542.93,2573.4451599999998,0.48942580866541113,1245.8213930225565,1258.250968010599,12.429574988042532,0.009977011999999815,1,18,0.0028864341527292106,take_profit
2021-04-22 11:36:00+00:00,2021-04-22 12:08:00+00:00,2571.0,2547.6514699192967,2578.223287558328,3.2403141627560164,8263.45459434002,8345.899179989205,82.44458564918386,0.0099770119999998,3,33,0.013341112407623564,take_profit
2021-04-22 12:09:00+00:00,2021-04-22 13:28:00+00:00,2580.74,2557.303016133616,2587.9906523272193,3.2387607616424354,8290.783447731137,8373.500693678552,82.717245947415,0.009977012000000007,3,80,0.015588552120709396,take_profit
2021-04-22 13:29:00+00:00,2021-04-22 14:51:00+00:00,2586.8,2563.307982258747,2594.067678045852,3.241859557179062,8318.202682961855,8401.1934909482,82.99080798634532,0.009977012000000323,3,83,0.01807252203494665,take_profit
2021-04-22 14:52:00+00:00,2021-04-22 16:00:00+00:00,2596.37,2584.359097161987,2615.371406327931,1.5824046089325305,4093.5953418276695,4134.437191676228,40.84184984855892,0.00997701200000004,2,69,0.008230722123580187,take_profit
2021-04-22 16:01:00+00:00,2021-04-22 16:29:00+00:00,2612.63,2612.63,2643.98156,0.48213168479550883,1260.892596243534,1273.4725368069667,12.579940563432729,0.00997701199999987,1,29,0.003881146584093548,take_profit
2021-04-22 16:30:00+00:00,2021-04-26 22:18:00+00:00,2640.0,2511.9390409644993,2542.0823094560733,9.539885917083977,23987.599480951612,24226.924048824254,239.32456787264164,0.009977011999999735,11,5825,0.2018939393939394,take_profit
2021-04-26 22:19:00+00:00,2021-04-26 23:58:00+00:00,2534.22,2511.205487397464,2541.3399532462336,3.3586697246471013,8442.752595485015,8526.986039443202,84.2334439581864,0.00997701200000015,3,100,0.013436086843288952,take_profit
2021-04-26 23:59:00+00:00,2021-04-27 05:25:00+00:00,2534.34,2500.056796198935,2530.057477753322,5.684202587817936,14225.054365010814,14366.977903111178,141.92353810036366,0.009977011999999886,4,327,0.02132705161896201,take_profit
2021-04-27 05:26:00+00:00,2021-04-27 06:23:00+00:00,2531.99,2531.99,2562.3738799999996,0.5069178294928087,1284.795670768265,1297.6140925930679,12.818421824802954,0.009977011999999941,1,58,0.0042061777495170346,take_profit
2021-04-27 06:24:00+00:00,2021-04-27 11:50:00+00:00,2558.14,2546.3059505440156,2576.861621950544,1.6399715483611141,4180.049361676464,4221.753764318502,41.704402642038076,0.009977011999999917,2,327,0.010503725362958983,take_profit
2021-04-27 11:51:00+00:00,2021-04-27 14:25:00+00:00,2575.66,2552.2691501409317,2582.896379942623,3.3410492621240793,8535.792753573984,8620.954460305904,85.16170673192028,0.009977011999999954,3,155,0.017180062585900314,take_profit
2021-04-27 14:26:00+00:00,2021-04-27 14:42:00+00:00,2595.21,2595.21,2626.35252,0.4972576852859209,1291.779897328203,1304.6680008652052,12.888103537002053,0.009977011999999848,1,17,0.004408121115439619,take_profit
2021-04-27 14:43:00+00:00,2021-04-27 15:42:00+00:00,2625.88,2625.88,2657.3905600000003,0.49169492825359423,1292.424302505053,1305.3188352802376,12.894532775184643,0.009977012000000077,1,60,0.003400764696025824,take_profit
2021-04-27 15:43:00+00:00,2021-04-27 23:54:00+00:00,2657.71,2621.7579124450044,2653.2190073943443,5.485545514204675,14396.168524467774,14539.799270590413,143.6307461226388,0.009977012000000106,4,492,0.020961654958592185,take_profit
2021-04-27 23:55:00+00:00,2021-04-28 00:09:00+00:00,2654.24,2654.24,2686.0908799999997,0.4893869114637315,1300.2505664499445,1313.2231819544224,12.972615504477972,0.00997701200000006,1,15,0.00117547772620407,take_profit
2021-04-28 00:10:00+00:00,2021-04-28 01:53:00+00:00,2682.18,2682.18,2714.36616,0.4845306049660885,1300.8991972251683,1313.8782841266743,12.97908690150598,0.009977012000000084,1,104,0.003113139312052103,take_profit
2021-04-28 01:54:00+00:00,2021-04-28 11:35:00+00:00,2715.22,2662.035765832705,2693.9801950226974,6.812843195567282,18154.186440050136,18335.31097601275,181.12453596261548,0.00997701199999989,6,582,0.057372883228614904,take_profit
2021-04-28 11:36:00+00:00,2021-04-28 12:13:00+00:00,2693.84,2693.84,2726.16608,0.48603249413105676,1310.6043783683745,1323.6802939786082,13.075915610233778,0.009977011999999974,1,38,0.00463279185103793,take_profit
2021-04-28 12:14:00+00:00,2021-04-28 16:40:00+00:00,2721.45,2684.635671620852,2716.8512996803024,5.432422663040003,14598.674338857596,14744.325487920469,145.65114906287272,0.009977011999999891,4,267,0.023300079002002556,take_profit
2021-04-28 16:41:00+00:00,2021-04-28 20:10:00+00:00,2715.37,2715.37,2747.95444,0.4850986019844175,1318.5407316020298,1331.695828303712,13.155096701682169,0.009977011999999954,1,210,0.005594081101286401,take_profit
2021-04-28 20:11:00+00:00,2021-04-28 20:36:00+00:00,2745.61,2705.115036842762,2737.5764172848753,5.972472018140807,16172.396259654986,16333.748451206324,161.35219155133746,0.009977012000000281,5,26,0.02915927608072521,take_profit
2021-04-28 20:37:00+00:00,2021-04-28 21:45:00+00:00,2728.66,2703.8796810229437,2736.326237195219,3.2510630615706892,8799.282636541771,8887.073184997942,87.79054845617065,0.0099770120000002,3,69,0.014256081739754912,take_profit
2021-04-28 21:46:00+00:00,2021-04-28 23:45:00+00:00,2740.72,2715.8301581630553,2748.420120061012,3.247461984144067,8828.383577604094,8916.464466498453,88.0808888943593,0.009977012000000037,3,120,0.013755509501152917,take_profit
2021-04-28 23:46:00+00:00,2021-04-29 09:11:00+00:00,2748.45,2707.9131497228254,2740.4081075194995,6.042558179618217,16379.101854407796,16542.516350158447,163.41449575065053,0.009977012000000103,5,566,0.029271043679164555,take_profit
2021-04-29 09:12:00+00:00,2021-04-29 12:16:00+00:00,2742.25,2742.25,2775.157,0.4897023109771429,1344.2303926697398,1357.6417954281708,13.411402758430995,0.009977012000000215,1,185,0.0007840277144680795,take_profit
2021-04-29 12:17:00+00:00,2021-04-29 15:20:00+00:00,2779.28,2754.039975619332,2787.088455326764,3.23425918124956,8916.195271947086,9005.152259169645,88.95698722255838,0.009977011999999893,3,184,0.014079185976224096,take_profit
2021-04-29 15:21:00+00:00,2021-04-30 06:24:00+00:00,2786.07,2744.978292873537,2777.9180323880196,6.020257043756703,16542.01691955071,16707.05682086127,165.0399013105598,0.009977011999999959,5,904,0.037712620285922524,take_profit
2021-04-30 06:25:00+00:00,2021-04-30 16:59:00+00:00,2778.98,2741.3874363743284,2774.2840856108205,5.5079801920270155,15114.622320542065,15265.42108880958,150.7987682675157,0.009977011999999978,4,635,0.02011169565811912,take_profit
2021-04-30 17:00:00+00:00,2021-05-01 01:59:00+00:00,2772.01,2759.186580080651,2792.2968190416186,1.607283921401744,4439.235461772869,4483.525767245802,44.29030547293314,0.00997701199999993,2,540,0.01226907550838569,take_profit
2021-05-01 02:00:00+00:00,2021-05-01 02:05:00+00:00,2797.0,2797.0,2830.564,0.48837608353965634,1367.3552609213402,1380.9973807678155,13.642119846475225,0.009977011999999914,1,6,0.001991419377904957,take_profit
2021-05-01 02:06:00+00:00,2021-05-01 05:15:00+00:00,2832.85,2819.7451320094347,2853.582073593548,1.5761020879885885,4448.6548450007285,4493.03912777316,44.384282772431106,0.009977012000000157,2,190,0.008051961805249112,take_profit
2021-05-01 05:16:00+00:00,2021-05-01 12:05:00+00:00,2854.69,2828.7651398926164,2862.7103215713278,3.208187632237928,9084.293629939224,9174.927736496651,90.634106557427,0.009977011999999978,3,410,0.017322371255723133,take_profit
2021-05-01 12:06:00+00:00,2021-05-01 16:45:00+00:00,2868.81,2855.538779730655,2889.805245087423,1.564026116134847,4470.607834969546,4515.211142986332,44.60330801678538,0.009977012000000044,2,280,0.010439868795772399,take_profit
2021-05-01 16:46:00+00:00,2021-05-01 17:04:00+00:00,2889.23,2889.23,2923.90076,0.4761273534226127,1377.0184517809962,1390.7569813986368,13.738529617640552,0.009977012000000096,1,19,0.0012148565534762612,take_profit
2021-05-01 17:05:00+00:00,2021-05-01 20:53:00+00:00,2929.87,2916.3163139313697,2951.312109698546,1.5346804701675658,4480.093785607144,4524.791735067272,44.69794946012826,0.009977012000000078,2,229,0.01087420260967199,take_profit
2021-05-01 20:54:00+00:00,2021-05-02 12:00:00+00:00,2947.87,2904.3919069560757,2939.2446098395485,5.8188182236870265,16917.045602527654,17085.82716950862,168.78156698096427,0.009977011999999919,5,907,0.032433587641245945,take_profit
2021-05-02 12:01:00+00:00,2021-05-02 18:50:00+00:00,2937.5,2923.911017271552,2958.9979494788104,1.5425534987332963,4514.803973650714,4559.848227073476,45.04425342276136,0.00997701200000011,2,410,0.012159999999999931,take_profit
2021-05-02 18:51:00+00:00,2021-05-03 00:17:00+00:00,2962.58,2948.8749962717793,2984.261496227041,1.5319759954125107,4522.127835596119,4567.245159277396,45.1173236812765,0.009977011999999999,2,327,0.011557493806074362,take_profit
2021-05-03 00:18:00+00:00,2021-05-03 01:41:00+00:00,2984.95,2984.95,3020.7693999999997,0.4661701353477263,1392.8874329391347,1406.7842875722174,13.89685463308274,0.009977011999999855,1,84,0.0025494564398062525,take_profit
2021-05-03 01:42:00+00:00,2021-05-03 05:08:00+00:00,3025.67,3025.67,3061.97804,0.46012575508734205,1393.582275670789,1407.4860627581438,13.903787087354885,0.009977012000000084,1,207,0.005668166059087769,take_profit
2021-05-03 05:09:00+00:00,2021-05-03 05:54:00+00:00,3068.57,3068.57,3105.39284,0.453919313413131,1394.2774650251567,1408.1881880250423,13.910722999885593,0.009977012000000018,1,46,0.002066108969324521,take_profit
2021-05-03 05:55:00+00:00,2021-05-03 07:24:00+00:00,3104.0,3089.6407821654116,3126.7164715513964,1.4667430977013103,4536.245537154749,4581.503713313889,45.25817615914002,0.009977012000000141,2,90,0.007471005154639193,take_profit
2021-05-03 07:25:00+00:00,2021-05-03 08:16:00+00:00,3128.21,3128.21,3165.74852,0.44621002876185584,1397.235909983108,1411.1761494238406,13.940239440732512,0.009977012000000089,1,52,0.0026245041093788577,take_profit
2021-05-03 08:17:00+00:00,2021-05-03 08:39:00+00:00,3161.68,3161.68,3199.62016,0.441706620857642,1397.9329219551446,1411.8801154926862,13.94719353754158,0.009977012000000028,1,23,0.0027580273778496874,take_profit
2021-05-03 08:40:00+00:00,2021-05-03 15:27:00+00:00,3196.35,3149.2070789414224,3186.9975638887195,5.439154882410951,17146.17123037775,17317.238786497277,171.06755611952758,0.00997701199999965,5,408,0.03481783909772083,take_profit
2021-05-03 15:28:00+00:00,2021-05-03 16:39:00+00:00,3185.02,3170.2859806741235,3208.329412442213,1.4419446270516685,4575.95278883912,4621.607124724803,45.654335885682485,0.009977012000000243,2,72,0.011783285505271615,take_profit
2021-05-03 16:40:00+00:00,2021-05-03 16:50:00+00:00,3225.39,3225.39,3264.0946799999997,0.4365540011769275,1409.4663762322825,1423.5286391815484,14.062262949265914,0.009977011999999941,1,11,0.0021206737789847712,take_profit
2021-05-03 16:51:00+00:00,2021-05-03 18:05:00+00:00,3267.15,3267.15,3306.3558000000003,0.43118905464712853,1410.1694893797458,1424.2387672973214,14.069277917575619,0.009977012000000016,1,75,0.006632692101678855,take_profit
2021-05-03 18:06:00+00:00,2021-05-03 18:49:00+00:00,3305.41,3290.1190521189983,3329.6004807444265,1.3930687015897747,4587.94982583703,4633.723856304805,45.77403046777454,0.009977012000000125,2,44,0.006731388844349113,take_profit
2021-05-03 18:50:00+00:00,2021-05-03 21:54:00+00:00,3323.58,3278.620377183352,3317.963821709552,4.793926941462002,15733.199756762344,15890.170079533957,156.9703227716127,0.009977011999999855,4,185,0.02347468693396879,take_profit
2021-05-03 21:55:00+00:00,2021-05-03 22:14:00+00:00,3321.18,3321.18,3361.0341599999997,0.42743517688491933,1421.0101709375938,1435.1876064651603,14.177435527566558,0.009977012000000094,1,20,0.00104179839695531,take_profit
2021-05-03 22:15:00+00:00,2021-05-03 23:13:00+00:00,3369.64,3369.64,3410.07568,0.42149823828992367,1421.7190427139722,1435.903550663758,14.184507949785939,0.009977012000000089,1,59,0.0034603103002100685,take_profit
2021-05-03 23:14:00+00:00,2021-05-03 23:32:00+00:00,3414.71,3398.9134263105834,3439.7003874263105,1.3595228510432344,4625.525997784678,4671.674926170887,46.14892838620926,0.009977011999999905,2,19,0.007239267756266346,take_profit
2021-05-03 23:33:00+00:00,2021-05-04 10:46:00+00:00,3443.87,3369.8189269601,3410.256754083621,6.129060405598267,20674.49825752431,20880.767974733608,206.26971720929942,0.009977012000000014,7,674,0.07644307131221555,take_profit
2021-05-04 10:47:00+00:00,2021-05-04 11:33:00+00:00,3419.26,3403.4423778437185,3444.283686377843,1.369760470381332,4666.567399790762,4713.125798737282,46.558398946520356,0.009977011999999813,2,47,0.01081228101986987,take_profit
2021-05-04 11:34:00+00:00,2021-05-04 12:43:00+00:00,3447.87,3431.9200269344897,3473.1030672577035,1.3605979383216518,4674.137450582437,4720.771376016547,46.6339254341101,0.00997701199999994,2,70,0.010113490357815084,take_profit
2021-05-04 12:44:00+00:00,2021-05-04 13:26:00+00:00,3476.57,3460.48725968196,3502.013106798144,1.351554769795617,4681.719781421539,4728.429355861419,46.70957443988027,0.009977012000000044,2,43,0.007035670215183366,take_profit
2021-05-04 13:27:00+00:00,2021-05-05 16:58:00+00:00,3511.67,3407.059275752429,3447.9439870614583,7.087860886470785,24172.935113606734,24414.108777310405,241.17366370367017,0.00997701199999977,8,1652,0.1001432366936529,take_profit
2021-05-05 16:59:00+00:00,2021-05-05 19:23:00+00:00,3447.58,3416.27081083795,3457.2660605680057,2.819016570983975,9640.164190911953,9736.344224726654,96.18003381470044,0.009977012000000165,3,145,0.01523387419581271,take_profit
2021-05-05 19:24:00+00:00,2021-05-05 19:59:00+00:00,3455.76,3439.773527505136,3481.0508098351975,1.377829505636609,4744.165624528825,4791.498221894737,47.33259736591208,0.009977012000000104,2,36,0.007483158552677306,take_profit
2021-05-05 20:00:00+00:00,2021-05-05 22:22:00+00:00,3480.5,3448.891847940145,3490.2785501154267,2.8061327119656503,9687.735970507008,9784.390628537589,96.65465803058032,0.009977012000000026,3,143,0.019609251544318345,take_profit
2021-05-05 22:23:00+00:00,2021-05-05 22:53:00+00:00,3484.94,3484.94,3526.75928,0.4202784643738565,1466.1113429780055,1480.7387534402333,14.627410462227772,0.009977012000000065,1,31,0.001351529725045492,take_profit
2021-05-05 22:54:00+00:00,2021-05-06 11:47:00+00:00,3529.53,3477.473011821647,3519.202687963507,5.165941662574586,17982.40511736554,18161.815789010358,179.41067164481865,0.00997701200000007,5,774,0.043365547254167094,take_profit
2021-05-06 11:48:00+00:00,2021-05-06 15:01:00+00:00,3516.4,3484.4658221797804,3526.279412045938,2.805110348110274,9784.095230663741,9881.711266189215,97.61603552547422,0.00997701199999993,3,194,0.0160391309293596,take_profit
2021-05-06 15:02:00+00:00,2021-05-06 15:31:00+00:00,3523.31,3523.31,3565.58972,0.41983627748076996,1480.6940488596313,1495.4669511534323,14.772902293801053,0.00997701199999995,1,30,0.004316963310069235,take_profit
2021-05-06 15:32:00+00:00,2021-05-06 16:02:00+00:00,3568.35,3535.9440383844894,3578.375366845103,2.7747975153686664,9821.350082274203,9919.337809901255,97.98772762705266,0.0099770120000002,3,31,0.014132582285930426,take_profit
2021-05-06 16:03:00+00:00,2021-05-06 17:15:00+00:00,3581.62,3549.0935269126226,3591.682649235574,2.7736596101368347,9853.831199395023,9952.142991517361,98.31179212233837,0.009977011999999983,3,73,0.014979255197368814,take_profit
2021-05-06 17:16:00+00:00,2021-05-07 15:48:00+00:00,3590.16,3519.8379229167226,3562.0759779917234,5.903494347706422,20800.14342620779,21007.66670677279,207.5232805650012,0.009977012000000238,6,1353,0.06599427323573319,take_profit
2021-05-07 15:49:00+00:00,2021-05-08 01:21:00+00:00,3563.96,3511.395204237356,3553.5319466882047,5.237344709215168,18408.795890766796,18592.46066827453,183.66477750773265,0.009977012000000089,5,573,0.040081819100102105,take_profit
2021-05-08 01:22:00+00:00,2021-05-08 04:20:00+00:00,3550.59,3534.1648404473867,3576.574818532755,1.3887320140645527,4912.920777688316,4961.937047242362,49.01626955404572,0.009977012000000013,2,179,0.011471332933399806,take_profit
2021-05-08 04:21:00+00:00,2021-05-08 13:35:00+00:00,3576.99,3544.5055742460627,3587.0396411370157,2.8275613541339553,10032.339320571118,10132.432090360531,100.09276978941307,0.009977012000000316,3,555,0.01978479112326285,take_profit
2021-05-08 13:36:00+00:00,2021-05-08 13:56:00+00:00,3601.14,3601.14,3644.3536799999997,0.4211844755571203,1518.2625248326008,1533.4102482620058,15.147723429405005,0.0099770119999999,1,21,0.00015550631189010855,take_profit
2021-05-08 13:57:00+00:00,2021-05-08 16:06:00+00:00,3648.55,3631.67167389485,3675.251733981588,1.3587924586793751,4939.627710598423,4988.910435542596,49.282724944173424,0.009977012000000087,2,130,0.011886913979526207,take_profit
2021-05-08 16:07:00+00:00,2021-05-08 16:10:00+00:00,3689.54,3689.54,3733.81448,0.4119653298796133,1521.48404725128,1536.6639118485145,15.179864597234655,0.009977012000000045,1,4,0.0010136765016776567,take_profit
2021-05-08 16:11:00+00:00,2021-05-08 16:38:00+00:00,3729.93,3729.93,3774.68916,0.4077075970435532,1522.2430404811414,1537.4304775629382,15.187437081796816,0.009977011999999988,1,28,0.00593040620065253,take_profit
2021-05-08 16:39:00+00:00,2021-05-08 16:54:00+00:00,3774.63,3774.63,3819.92556,0.40308041050987675,1523.0024123352314,1538.197425679129,15.195013343897699,0.009977012000000098,1,16,0.0031420298148428128,take_profit
2021-05-08 16:55:00+00:00,2021-05-08 17:25:00+00:00,3810.25,3792.6236437647417,3838.1351274899184,1.3051898178370207,4955.048811541223,5004.485392994555,49.43658145333211,0.009977011999999917,2,31,0.013043763532576556,take_profit
2021-05-08 17:26:00+00:00,2021-05-08 20:20:00+00:00,3834.42,3799.597724343816,3845.1928970359418,2.6603468216517623,10118.366095608948,10219.317155565233,100.95105995628546,0.009977012000000183,3,175,0.015642522206748354,take_profit
2021-05-08 20:21:00+00:00,2021-05-08 21:20:00+00:00,3849.62,3831.8115167009055,3877.7932549013162,1.2982165760613364,4979.500728051898,5029.18126656968,49.680538517782225,0.009977011999999941,2,60,0.006904577594671663,take_profit
2021-05-08 21:21:00+00:00,2021-05-08 22:01:00+00:00,3880.0,3862.050977706763,3908.3955894392443,1.2901411363953272,4987.578415610899,5037.339545314389,49.76112970349004,0.009977011999999822,2,41,0.00954639175257731,take_profit
2021-05-08 22:02:00+00:00,2021-05-08 22:52:00+00:00,3918.51,3865.5024805170137,3911.888510283218,4.420258476833025,17103.62373045487,17274.2667896571,170.64305920222978,0.009977011999999811,4,51,0.020706850307897727,take_profit
2021-05-08 22:53:00+00:00,2021-05-09 03:11:00+00:00,3911.47,3858.5577138932604,3904.8604064599795,4.452807938187201,17198.61503341078,17370.205821982498,171.59078857171698,0.009977011999999839,4,259,0.02465824868911172,take_profit
2021-05-09 03:12:00+00:00,2021-05-09 03:46:00+00:00,3908.12,3908.12,3955.01744,0.3970737734644268,1553.3653208726682,1568.8632653193988,15.497944446730571,0.00997701200000007,1,35,0.0020777253513197882,take_profit
2021-05-09 03:47:00+00:00,2021-05-09 06:26:00+00:00,3956.36,3898.0077021730062,3944.7837945990823,4.882893186793592,19052.60785886839,19242.69595610761,190.0880972392224,0.009977011999999905,5,160,0.03446855190124264,take_profit
2021-05-09 06:27:00+00:00,2021-05-09 16:03:00+00:00,3950.34,3872.962915417377,3919.438470402386,5.6257024353301635,21809.94685205901,22027.544953521363,217.59810146235395,0.009977011999999954,6,577,0.056769797030129104,take_profit
2021-05-09 16:04:00+00:00,2021-05-09 16:07:00+00:00,3921.65,3921.65,3968.7098,0.4010939281940137,1574.5245280300837,1590.2335781405343,15.709050110450562,0.00997701200000005,1,4,0.00037484222202395793,take_profit
2021-05-09 16:08:00+00:00,2021-05-10 02:10:00+00:00,3968.18,3909.6533691597533,3956.56920958967,4.9346628741580485,19312.13346508465,19504.810852411403,192.67738732675207,0.009977012000000047,5,603,0.032002076518706256,take_profit
2021-05-10 02:11:00+00:00,2021-05-10 03:13:00+00:00,3956.35,3956.35,4003.8262,0.4002069852394358,1584.9438499019438,1600.7568537117418,15.81300380979792,0.009977012000000018,1,63,0.003831814677670038,take_profit
2021-05-10 03:14:00+00:00,2021-05-10 03:34:00+00:00,4004.17,4004.17,4052.22004,0.3956247525935066,1585.7345000924338,1601.5553922286701,15.820892136236353,0.009977012000000089,1,21,0.0017381879390735249,take_profit
2021-05-10 03:35:00+00:00,2021-05-10 05:00:00+00:00,4049.19,4049.19,4097.78028,0.39142125194286914,1586.5255446992455,1602.3543290970165,15.82878439777096,0.009977012000000032,1,86,0.004986182421669532,take_profit
2021-05-10 05:01:00+00:00,2021-05-10 08:30:00+00:00,4110.94,4073.606508654233,4122.489786758084,2.580710817837302,10523.323708204629,10628.31503512127,104.9913269166409,0.009977011999999888,3,210,0.014057612127639788,take_profit
2021-05-10 08:31:00+00:00,2021-05-10 12:11:00+00:00,4119.91,4059.145505530232,4107.855251596595,4.804992211913151,19523.68622732236,19718.474279096587,194.78805177422691,0.009977011999999846,5,221,0.03420220344619175,take_profit
2021-05-10 12:12:00+00:00,2021-05-10 12:58:00+00:00,4110.72,4091.7036585254505,4140.804102427756,1.2721476316093479,5210.4615800204765,5262.44641772988,51.98483770940311,0.009977011999999973,2,47,0.007307722248170738,take_profit
2021-05-10 12:59:00+00:00,2021-05-10 15:38:00+00:00,4134.94,4079.0047305708094,4127.952787337659,4.376086260245606,17867.944501429178,18046.213198135272,178.2686967060945,0.009977012000000087,4,160,0.026360721074549946,take_profit
2021-05-10 15:39:00+00:00,2021-05-10 16:01:00+00:00,4128.0,4128.0,4177.536,0.39055349102346854,1613.8186295744526,1629.9197174075405,16.10108783308783,0.009977011999999976,1,23,0.001937984496124031,take_profit
2021-05-10 16:02:00+00:00,2021-05-11 20:39:00+00:00,4183.47,4058.846722024568,4107.552882688863,6.661698011337111,27065.877013446665,27335.91359320035,270.0365797536833,0.009977012000000066,8,1718,0.12751854321890685,take_profit
2021-05-11 20:40:00+00:00,2021-05-11 23:02:00+00:00,4108.99,4089.9816615688956,4139.0614415077225,1.2931912607531848,5294.422964346032,5347.245485794388,52.822521448355474,0.009977011999999914,2,143,0.007055261755321815,take_profit
2021-05-11 23:03:00+00:00,2021-05-12 00:52:00+00:00,4139.83,4139.83,4189.50796,0.3935272396178546,1630.766639026209,1647.0368173529732,16.270178326764153,0.009977011999999999,1,110,0.0035822727020191477,take_profit
2021-05-12 00:53:00+00:00,2021-05-12 02:22:00+00:00,4190.0,4170.616906337975,4220.66430921403,1.270879437656179,5305.65692553169,5358.5915283456025,52.934602813912534,0.009977011999999954,2,90,0.010353221957040599,take_profit
2021-05-12 02:23:00+00:00,2021-05-12 03:12:00+00:00,4226.3,4226.3,4277.015600000001,0.3862936022537822,1634.2268780832428,1650.531579256602,16.304701173359263,0.00997701200000013,1,50,0.002983697323900476,take_profit
2021-05-12 03:13:00+00:00,2021-05-12 03:47:00+00:00,4274.58,4274.58,4325.87496,0.3821210671057201,1635.042113141911,1651.354947925233,16.31283478332216,0.009977011999999973,1,35,0.005513992017929179,take_profit
2021-05-12 03:48:00+00:00,2021-05-12 06:01:00+00:00,4320.73,4300.7421445636455,4352.351050298409,1.235658247780361,5319.567069576242,5372.64045406421,53.073384487967814,0.009977012000000153,2,134,0.010965739585671682,take_profit
2021-05-12 06:02:00+00:00,2021-05-12 14:24:00+00:00,4360.17,4295.861914179619,4347.412257149775,4.671204478147645,20086.93634736712,20287.343952348037,200.40760498091913,0.009977012000000061,5,503,0.041321783324962114,take_profit
2021-05-12 14:25:00+00:00,2021-10-20 16:13:00+00:00,4348.47,4045.420149949263,4093.965191748654,8.141964055678226,32970.63608709042,33299.58451897894,328.94843188852246,0.009977011999999646,13,231559,0.6089475148730473,take_profit
2021-10-20 16:14:00+00:00,2021-10-20 18:57:00+00:00,4080.02,4080.02,4128.98024,0.4076730620739601,1664.9792259489475,1681.5907436659909,16.611517717043398,0.009977012000000023,1,164,0.006470556516879842,take_profit
2021-10-20 18:58:00+00:00,2021-10-20 21:22:00+00:00,4123.74,4086.2902654861923,4135.325748672027,2.699920368050309,11043.702019571447,11153.885167145134,110.18314757368717,0.009977011999999874,3,145,0.013349532220751,take_profit
2021-10-20 21:23:00+00:00,2021-10-20 23:50:00+00:00,4134.77,4115.642402343453,4165.030111171574,1.3192221869930651,5434.881652553477,5489.105532019582,54.223879466105245,0.009977011999999886,2,148,0.010022322886158239,take_profit
2021-10-20 23:51:00+00:00,2021-10-21 00:30:00+00:00,4166.85,4147.573999086967,4197.34488707601,1.3111892293759586,5443.698053696298,5498.009894502403,54.311840806104556,0.00997701199999999,2,40,0.007372475611073173,take_profit
2021-10-21 00:31:00+00:00,2021-10-21 09:05:00+00:00,4198.33,4160.202876587428,4210.125311106478,2.6693619037512972,11116.203273912955,11227.109767371225,110.90649345826932,0.009977012000000044,3,515,0.01865503664552327,take_profit
2021-10-21 09:06:00+00:00,2021-10-21 09:33:00+00:00,4209.0,4209.0,4259.508,0.3992893273533162,1682.2910699000079,1699.0753080918928,16.784238191884924,0.009977011999999825,1,28,0.00021145165122364633,take_profit
2021-10-21 09:34:00+00:00,2021-10-21 10:50:00+00:00,4262.23,4262.23,4313.376759999999,0.39449939386841926,1683.130281809602,1699.9228928287798,16.79261101917791,0.009977012000000078,1,77,0.002869389967223628,take_profit
2021-10-21 10:51:00+00:00,2021-10-21 11:28:00+00:00,4308.65,4308.65,4360.3538,0.3904438611741962,1683.9699123605608,1700.7709003838213,16.800988023260516,0.00997701200000015,1,38,0.0031634038503937896,take_profit
2021-10-21 11:29:00+00:00,2021-10-26 20:30:00+00:00,4372.04,4241.799325096223,4292.700916997377,6.651461424572261,28242.406988642815,28524.181822077393,281.7748334345779,0.009977012000000165,8,7742,0.1107126192807019,take_profit
2021-10-26 20:31:00+00:00,2021-10-27 04:22:00+00:00,4279.3,4216.184664668773,4266.778880644798,4.934891157710726,20827.2396606101,21035.03328063088,207.7936200207805,0.009977011999999886,5,472,0.044187133409669836,take_profit
2021-10-27 04:23:00+00:00,2021-10-28 12:44:00+00:00,4264.7,4137.656924853812,4187.308807952058,6.91794550956595,28652.737881298184,28938.60659097275,285.86870967456707,0.009977012000000018,8,1942,0.0878209487185499,take_profit
2021-10-28 12:45:00+00:00,2021-10-28 17:05:00+00:00,4182.73,4163.38053762459,4213.341104076085,1.3448753601997092,5604.832732919249,5660.752216353576,55.91948343432705,0.009977011999999804,2,261,0.010120184664083012,take_profit
2021-10-28 17:06:00+00:00,2021-10-28 18:51:00+00:00,4207.22,4150.306965168085,4200.110648750102,4.6264334813243035,19220.339440867956,19412.10099811357,191.7615572456125,0.00997701199999998,4,106,0.02169365994647307,take_profit
2021-10-28 18:52:00+00:00,2021-10-28 19:39:00+00:00,4189.47,4170.089358137411,4220.130430435061,1.3523592055933449,5645.103835459431,5701.425104167056,56.32126870762477,0.009977012,2,48,0.009421239440788513,take_profit
2021-10-28 19:40:00+00:00,2021-10-28 20:00:00+00:00,4224.87,4224.87,4275.56844,0.4111471248706376,1738.7819353875982,1756.1297836223434,17.347848234745243,0.009977011999999971,1,21,0.0009704440610005644,take_profit
2021-10-28 20:01:00+00:00,2021-10-28 23:24:00+00:00,4275.29,4236.463964539584,4287.301532114058,2.719649593258648,11533.230728743742,11648.297910123187,115.06718137944517,0.00997701200000001,3,204,0.015648061301104636,take_profit
2021-10-28 23:25:00+00:00,2021-10-29 00:49:00+00:00,4288.87,4288.87,4340.33644,0.4065540070418175,1745.4026868683081,1762.8165904200255,17.41390355171734,0.009977011999999992,1,85,0.005672822911396225,take_profit
2021-10-29 00:50:00+00:00,2021-10-29 01:16:00+00:00,4340.06,4340.06,4392.14072,0.4019592145416994,1746.273382045894,1763.6959725338463,17.42259048795222,0.009977011999999856,1,27,0.0005668124403810169,take_profit
2021-10-29 01:17:00+00:00,2021-10-29 15:11:00+00:00,4391.39,4331.98561134656,4383.969438682719,4.485723737329495,19451.54222881591,19645.61049905131,194.0682702353988,0.00997701199999978,4,835,0.025661578680099127,take_profit
2021-10-29 15:12:00+00:00,2021-10-29 15:46:00+00:00,4382.99,4382.99,4435.58588,0.40043237086029854,1756.8479250820617,1774.3760179127805,17.528092830718833,0.009977012000000002,1,35,0.003365282603884563,take_profit
2021-10-29 15:47:00+00:00,2021-10-29 22:00:00+00:00,4435.29,4375.291755491833,4427.795256557735,4.468218951459198,19569.330870922713,19764.574319853884,195.24344893117086,0.00997701200000023,4,374,0.020458639683087188,take_profit
2021-10-29 22:01:00+00:00,2021-11-02 09:39:00+00:00,4427.62,4340.894217601594,4392.984948212814,5.673602991446999,24653.163582121506,24899.1284910183,245.96490889679262,0.009977012000000137,6,5019,0.06353752128683124,take_profit
2021-11-02 09:40:00+00:00,2021-11-02 10:13:00+00:00,4394.99,4394.99,4447.72988,0.4045526754025336,1779.784747614996,1797.541681399368,17.756933784371995,0.009977012000000118,1,34,0.0018248050621274513,take_profit
2021-11-02 10:14:00+00:00,2021-11-02 13:57:00+00:00,4447.31,4426.7365808415125,4479.85741981161,1.3067624161085756,5790.4834733299995,5848.255196429214,57.771723099214796,0.00997701199999995,2,224,0.008632184399108747,take_profit
2021-11-02 13:58:00+00:00,2021-11-02 15:46:00+00:00,4485.75,4464.998755991783,4518.578741063684,1.2976659496409362,5799.876727567243,5857.742167276701,57.86543970945877,0.009977011999999941,2,109,0.0069687343253637,take_profit
2021-11-02 15:47:00+00:00,2021-11-02 22:03:00+00:00,4517.92,4497.0199363919955,4550.9841756287,1.2905159452923998,5809.2852194311145,5867.244527776802,57.95930834568753,0.009977012000000115,2,377,0.009843025108899726,take_profit
2021-11-02 22:04:00+00:00,2021-11-02 23:34:00+00:00,4526.93,4526.93,4581.25316,0.3948731403940575,1789.3524178619327,1807.2048084071703,17.85239054523754,0.009977012000000013,1,91,0.00016567519268024906,take_profit
2021-11-02 23:35:00+00:00,2021-11-03 00:59:00+00:00,4577.06,4577.06,4631.98472,0.39074313912245096,1790.2450373891947,1808.1063336101672,17.861296220972463,0.00997701200000001,1,85,0.005191105207272838,take_profit
2021-11-03 01:00:00+00:00,2021-11-03 09:28:00+00:00,4632.4,4564.076797750011,4618.8457193230115,4.806244353394836,21958.026364010384,22177.101856540434,219.07549253004981,0.009977012000000084,5,509,0.02681979103704339,take_profit
2021-11-03 09:29:00+00:00,2021-11-03 18:18:00+00:00,4611.69,4543.672249247853,4598.196316238827,4.85735282054083,22092.311527024172,22312.72678423704,220.41525721286598,0.009977012000000339,5,530,0.03397669834702671,take_profit
2021-11-03 18:19:00+00:00,2021-11-03 18:50:00+00:00,4589.89,4589.89,4644.96868,0.3946280906618026,1813.1126396873888,1831.2020862509014,18.089446563512638,0.009977011999999936,1,32,0.0033660937408087617,take_profit
2021-11-03 18:51:00+00:00,2021-11-07 10:04:00+00:00,4646.37,4546.462429667669,4601.019978823681,5.784075173357817,26323.403869914742,26586.032786205727,262.6289162909852,0.009977011999999978,7,5234,0.06891401244412301,take_profit
2021-11-07 10:05:00+00:00,2021-11-07 21:01:00+00:00,4602.63,4581.3380648253815,4636.314121603286,1.2956203451868913,5941.616421388294,6000.895999723883,59.27957833558867,0.009977012000000101,2,657,0.006687480853338145,take_profit
2021-11-07 21:02:00+00:00,2021-11-08 00:22:00+00:00,4622.0,4600.618458495016,4655.825879996956,1.2922835572026163,5951.254841717674,6010.630582688549,59.375740970875086,0.009977011999999959,2,201,0.0075443530938987214,take_profit
2021-11-08 00:23:00+00:00,2021-11-08 03:11:00+00:00,4657.17,4657.17,4713.05604,0.39321052108289833,1833.081323795437,1851.3699981599202,18.288674364483313,0.009977012000000193,1,169,0.0038070330264947322,take_profit
2021-11-08 03:12:00+00:00,2021-11-08 15:47:00+00:00,4713.27,4713.27,4769.829240000001,0.38872412608574247,1833.9957575136611,1852.2935551943242,18.297797680663052,0.00997701200000009,1,756,0.0020028557668031978,take_profit
2021-11-08 15:48:00+00:00,2021-11-08 23:20:00+00:00,4771.24,4749.16806878186,4806.158085607242,1.2551441942683428,5966.857586722872,6026.388996467897,59.531409745025485,0.00997701200000006,2,453,0.00822218123590504,take_profit
2021-11-08 23:21:00+00:00,2021-11-10 13:45:00+00:00,4802.51,4737.544198613188,4794.394728996546,4.314756413405852,20461.811025785726,20665.95875993172,204.14773414599404,0.009977011999999879,4,2305,0.025944766382579185,take_profit
2021-11-10 13:46:00+00:00,2021-11-10 14:16:00+00:00,4793.19,4793.19,4850.70828,0.38518116535911434,1848.0946045922453,1866.5330666393975,18.438462047152143,0.00997701200000003,1,31,0.00523033720757986,take_profit
2021-11-10 14:17:00+00:00,2021-11-11 16:34:00+00:00,4865.22,4720.28776325117,4776.931216410184,6.559769685471979,30994.995571651,31304.233014409318,309.2374427583163,0.00997701200000024,8,1578,0.08289244885123385,take_profit
2021-11-11 16:35:00+00:00,2021-11-12 01:46:00+00:00,4775.54,4732.170945413613,4788.956996758576,2.609466264962129,12360.8012433341,12484.12510566846,123.32386233436046,0.0099770120000001,3,552,0.017702710060014146,take_profit
2021-11-12 01:47:00+00:00,2021-11-15 12:49:00+00:00,4786.91,4693.146642932151,4749.464402647337,5.554042494352563,26092.027914988234,26352.348390600404,260.3204756121704,0.009977011999999917,6,4983,0.05829647935724706,take_profit
2021-11-15 12:50:00+00:00,2021-11-30 12:05:00+00:00,4738.48,4563.010940410728,4617.767071695656,7.377343451766737,33696.59547705611,34032.78681448985,336.1913374337455,0.009977012000000327,10,21556,0.174207762826898,take_profit
2021-11-30 12:06:00+00:00,2021-11-30 14:01:00+00:00,4623.3,4601.912444647341,4657.135393983109,1.341587331942614,6180.047485933872,6241.705893861604,61.65840792773179,0.009977011999999954,2,116,0.011948175545605904,take_profit
2021-11-30 14:02:00+00:00,2021-11-30 15:10:00+00:00,4660.17,4660.17,4716.09204,0.40806441629681356,1903.5531039979196,1922.5448761591442,18.991772161224617,0.009977012000000066,1,69,0.004351772574820177,take_profit
2021-11-30 15:11:00+00:00,2021-12-01 00:29:00+00:00,4717.62,4648.039889172223,4703.81636784229,5.0181248510109775,23347.792268614056,23580.733472251526,232.9412036374706,0.00997701200000004,5,559,0.041887646737125854,take_profit
2021-12-01 00:30:00+00:00,2021-12-01 02:49:00+00:00,4708.06,4686.280341778894,4742.515705880241,1.328303821564314,6231.035122028652,6293.202234213553,62.16711218490127,0.009977011999999992,2,140,0.009103537338096919,take_profit
2021-12-01 02:50:00+00:00,2021-12-01 14:27:00+00:00,4746.47,4682.262277932068,4738.449425267253,4.5589869311297715,21367.740273487703,21580.926474609172,213.1862011214689,0.009977011999999945,4,698,0.020016981040647093,take_profit
2021-12-01 14:28:00+00:00,2025-08-12 15:54:00+00:00,4740.46,4410.091918313448,4463.0130213332095,8.743525245034073,38598.348369063446,38983.44455392176,385.09618485831743,0.009977011999999766,13,1944007,0.8140349248807078,take_profit
2025-08-12 15:55:00+00:00,2025-08-12 17:20:00+00:00,4470.29,4449.6102745187545,4503.005597812979,1.4230641580353587,6338.419318211725,6401.6578038105545,63.23848559882936,0.009977011999999867,2,86,0.00669084108637244,take_profit
2025-08-12 17:21:00+00:00,2025-08-12 20:15:00+00:00,4504.0,4483.164330822491,4536.962302792361,1.4147044939897953,6348.701427536867,6412.04249786382,63.34107032695283,0.00997701200000006,2,175,0.007784191829484991,take_profit
2025-08-12 20:16:00+00:00,2025-08-12 20:18:00+00:00,4546.8,4546.8,4601.3616,0.4296528776913182,1955.501205492378,1975.0112644855901,19.51005899321217,0.009977012000000127,1,3,0.0014075833553269432,take_profit
2025-08-12 20:19:00+00:00,2025-08-13 03:50:00+00:00,4621.5,4600.120771513352,4655.322220771513,1.3816616021048214,6362.172407452257,6425.647877907478,63.4754704552206,0.009977012000000085,2,452,0.0125889862598724,take_profit
2025-08-13 03:51:00+00:00,2025-08-13 09:51:00+00:00,4648.38,4626.876423647569,4682.39894073134,1.3759002775985434,6372.493048759607,6436.071488376997,63.57843961739036,0.00997701199999987,2,361,0.008641720341280204,take_profit
2025-08-13 09:52:00+00:00,2025-08-13 16:20:00+00:00,4691.02,4648.418513582584,4704.199535745574,2.796611170949207,13012.831974306468,13142.661155068108,129.8291807616406,0.0099770120000001,3,389,0.015992257547399163,take_profit
2025-08-13 16:21:00+00:00,2025-08-13 21:19:00+00:00,4728.89,4707.013981434985,4763.498149212205,1.3591495119244694,6403.939695184197,6467.831878370327,63.89218318612984,0.009977012000000118,2,299,0.009530777835813608,take_profit
2025-08-13 21:20:00+00:00,2025-08-22 14:17:00+00:00,4768.99,4592.391134859567,4647.499828477881,7.6759193560603665,35286.11011278136,35638.1600568099,352.0499440285421,0.009977012000000032,10,12538,0.14866669881882744,take_profit
2025-08-22 14:18:00+00:00,2025-08-22 14:34:00+00:00,4601.26,4559.473668798469,4614.18735282405,2.8908054456298498,13193.745056024549,13325.379208773445,131.63415274889667,0.00997701199999993,3,17,0.013735368138292514,take_profit
2025-08-22 14:35:00+00:00,2025-08-22 16:07:00+00:00,4619.85,4619.85,4675.288200000001,0.4317679096301716,1996.6996769819302,2016.6207736195754,19.921096637645178,0.009977012000000169,1,93,0.006236133207788218,take_profit
2025-08-22 16:08:00+00:00,2025-08-22 16:14:00+00:00,4696.15,4696.15,4752.5037999999995,0.4249647128141134,1997.6957318138122,2017.6267661024676,19.931034288655383,0.009977012000000098,1,7,0.000598362488421258,take_profit
2025-08-22 16:15:00+00:00,2025-08-22 17:14:00+00:00,4765.5,4743.454622232367,4800.376077699156,1.368823414445175,6499.451203473329,6564.296306123798,64.84510265046902,0.00997701200000018,2,60,0.006880705067673899,take_profit
2025-08-22 17:15:00+00:00,2025-08-22 19:56:00+00:00,4812.04,4789.779326485581,4847.256678403408,1.3577837513999194,6509.9945368302015,6574.94483044409,64.95029361388879,0.009977011999999912,2,162,0.012221427918305001,take_profit
2025-08-22 19:57:00+00:00,2025-08-22 21:06:00+00:00,4846.42,4824.000283344746,4881.888286744883,1.3503387304879124,6520.554973458534,6585.6106286753875,65.05565521685367,0.009977011999999723,2,70,0.00695771311607336,take_profit
2025-08-22 21:07:00+00:00,2025-08-24 17:14:00+00:00,4880.02,4808.044653863226,4865.741189709584,5.115863767608978,24621.923361106037,24867.57658594287,245.6532248368312,0.009977011999999836,5,2648,0.04514735595345933,take_profit
2025-08-24 17:15:00+00:00,2025-08-24 17:44:00+00:00,4872.16,4872.16,4930.6259199999995,0.4143330226935903,2020.717497344147,2040.8782200637593,20.160722719612295,0.009977011999999888,1,30,0.003887392860661308,take_profit
2025-08-24 17:45:00+00:00,2025-10-07 12:59:00+00:00,4929.88,4690.74168154169,4747.030581720191,8.187254062615445,38442.736625507314,38826.28027013284,383.5436446255262,0.009977012000000006,11,63075,0.22614749243389293,take_profit
2025-10-07 13:00:00+00:00,2026-07-31 23:59:00+00:00,4747.46,4416.604080303676,1862.6,9.232712626826647,40818.05431422807,17179.653688188584,-23638.40062603949,-0.5791163009403851,13,428340,0.6828451424551233,eod_close
