mode,entry_time,exit_time,p0,avg_entry,exit_price,budget,spent,pnl,pnl_pct,fills,hold_bars,reason
normal,2021-01-01 00:00:00+00:00,2021-01-02 12:45:00+00:00,736.42,736.42,751.1483999999999,10000.0,1500.0,26.94152999999983,0.017961019999999887,1,2206,take_profit
normal,2021-01-02 12:46:00+00:00,2021-01-02 13:18:00+00:00,754.61,754.61,769.7022000000001,10026.94153,1504.0412294999999,27.014114603874077,0.017961019999999994,1,33,take_profit
normal,2021-01-02 13:19:00+00:00,2021-01-02 16:58:00+00:00,766.2,766.2,781.5240000000001,10053.955644603873,1508.093346690581,27.08689476177642,0.017961019999999973,1,220,take_profit
normal,2021-01-02 16:59:00+00:00,2021-01-03 06:15:00+00:00,781.37,781.37,796.9974,10081.04253936565,1512.1563809048473,27.159871000559406,0.017961019999999883,1,797,take_profit
normal,2021-01-03 06:16:00+00:00,2021-01-03 08:41:00+00:00,798.28,798.28,814.2456,10108.202410366208,1516.230361554931,27.2330438484953,0.017961019999999966,1,146,take_profit
normal,2021-01-03 08:42:00+00:00,2021-01-03 11:07:00+00:00,815.19,815.19,831.4938000000001,10135.435454214703,1520.3153181322054,27.306413835279045,0.01796102000000009,1,146,take_profit
normal,2021-01-03 11:08:00+00:00,2021-01-03 13:26:00+00:00,831.02,831.02,847.6404,10162.741868049983,1524.4112802074974,27.379981492032357,0.01796101999999993,1,139,take_profit
normal,2021-01-03 13:27:00+00:00,2021-01-03 13:37:00+00:00,847.1,847.1,864.042,10190.121849542014,1528.518277431302,27.453747351309403,0.017961020000000154,1,11,take_profit
normal,2021-01-03 13:38:00+00:00,2021-01-03 13:43:00+00:00,865.03,865.03,882.3306,10217.575596893324,1532.6363395339986,27.527711947097032,0.01796102000000006,1,6,take_profit
normal,2021-01-03 13:44:00+00:00,2021-01-03 14:25:00+00:00,879.09,879.09,896.6718000000001,10245.10330884042,1536.765496326063,27.60187581482228,0.01796101999999996,1,42,take_profit
normal,2021-01-03 14:26:00+00:00,2021-01-03 14:32:00+00:00,894.72,894.72,912.6144,10272.705184655242,1540.9057776982863,27.67623949135441,0.017961019999999956,1,7,take_profit
normal,2021-01-03 14:33:00+00:00,2021-01-03 16:01:00+00:00,913.06,913.06,931.3212,10300.381424146597,1545.0572136219896,27.75080351500901,0.01796102000000012,1,89,take_profit
normal,2021-01-03 16:02:00+00:00,2021-01-03 16:06:00+00:00,932.62,932.62,951.2724000000001,10328.132227661607,1549.219834149241,27.82556842555141,0.017961020000000136,1,5,take_profit
normal,2021-01-03 16:07:00+00:00,2021-01-03 16:24:00+00:00,951.59,951.59,970.6218,10355.95779608716,1553.393669413074,27.90053476420144,0.01796101999999989,1,18,take_profit
normal,2021-01-03 16:25:00+00:00,2021-01-03 17:22:00+00:00,970.01,939.1179617834395,957.9003210191082,10383.85833085136,4153.543332340544,74.60187486303494,0.017961019999999946,2,58,take_profit
normal,2021-01-03 17:23:00+00:00,2021-01-03 20:06:00+00:00,956.24,925.7864968152866,944.3022267515923,10458.460205714395,4183.384082285758,75.1378451696155,0.017961019999999845,2,164,take_profit
normal,2021-01-03 20:07:00+00:00,2021-01-03 20:39:00+00:00,944.95,944.9500000000002,963.8490000000002,10533.598050884011,1580.0397076326017,28.37912478958333,0.01796102000000001,1,33,take_profit
normal,2021-01-03 20:40:00+00:00,2021-01-03 22:28:00+00:00,961.57,961.57,980.8014000000001,10561.977175673595,1584.2965763510392,28.455582493772454,0.017961019999999946,1,109,take_profit
normal,2021-01-03 22:29:00+00:00,2021-01-03 23:41:00+00:00,981.8,981.7999999999998,1001.4359999999998,10590.432758167368,1588.564913725105,28.5322461867147,0.017961019999999883,1,73,take_profit
normal,2021-01-03 23:42:00+00:00,2021-01-04 03:24:00+00:00,1007.29,975.2107006369428,994.7149146496816,10618.965004354082,4247.586001741633,76.29097712900239,0.01796102000000021,2,223,take_profit
normal,2021-01-04 03:25:00+00:00,2021-01-04 03:47:00+00:00,994.44,994.44,1014.3288000000001,10695.255981483086,1604.288397222463,28.81465598828072,0.017961020000000074,1,23,take_profit
normal,2021-01-04 03:48:00+00:00,2021-01-04 04:14:00+00:00,1011.8,1011.8000000000001,1032.036,10724.070637471366,1608.610595620705,28.892287080155484,0.017961020000000057,1,27,take_profit
normal,2021-01-04 04:15:00+00:00,2021-01-04 05:23:00+00:00,1031.05,1031.05,1051.671,10752.962924551523,1612.9444386827283,28.970127322069402,0.01796102000000009,1,69,take_profit
normal,2021-01-04 05:24:00+00:00,2021-01-04 05:46:00+00:00,1053.9,1053.9,1074.978,10781.933051873591,1617.2899577810388,29.048177277504465,0.017961020000000043,1,23,take_profit
normal,2021-01-04 05:47:00+00:00,2021-01-04 05:56:00+00:00,1073.69,1073.69,1095.1638,10810.981229151097,1621.6471843726645,29.126437511460836,0.017961019999999828,1,10,take_profit
normal,2021-01-04 05:57:00+00:00,2021-01-04 06:24:00+00:00,1095.73,1095.73,1117.6446,10840.107666662558,1626.0161499993835,29.204908590461855,0.017961019999999956,1,28,take_profit
normal,2021-01-04 06:25:00+00:00,2021-01-04 06:36:00+00:00,1123.2,1123.2,1145.664,10869.31257525302,1630.3968862879528,29.28359108255563,0.01796101999999999,1,12,take_profit
normal,2021-01-04 06:37:00+00:00,2021-01-04 07:20:00+00:00,1145.65,1109.164331210191,1053.998,10898.596166335574,4359.4384665342295,-225.10578759157215,-0.05163641815789457,2,44,stop_loss
recovery,2021-01-04 07:21:00+00:00,2021-01-04 07:27:00+00:00,1051.58,1051.58,1064.19896,10673.490378744002,5336.745189372001,53.24477079530698,0.009977012000000047,1,7,take_profit
normal,2021-01-04 07:28:00+00:00,2021-01-04 09:26:00+00:00,1063.9,1030.0178343949044,978.7880000000001,10726.735149539309,4290.694059815723,-221.55607266023935,-0.05163641815789465,2,119,stop_loss
recovery,2021-01-04 09:27:00+00:00,2021-01-04 10:00:00+00:00,981.38,971.365918367347,983.0223093877552,10505.179076879069,7878.884307659302,78.60772328412804,0.009977011999999936,2,34,take_profit
normal,2021-01-04 10:01:00+00:00,2021-01-04 10:16:00+00:00,981.5,950.2420382165604,902.98,10583.786800163198,4233.514720065279,-218.60353636289346,-0.05163641815789474,2,16,stop_loss
recovery,2021-01-04 10:17:00+00:00,2021-01-04 10:17:00+00:00,895.46,895.46,906.2055200000001,10365.183263800305,5182.591631900153,51.70677890256775,0.009977012000000066,1,1,take_profit
normal,2021-01-04 10:18:00+00:00,2021-01-04 10:19:00+00:00,906.55,906.55,924.6809999999999,10416.890042702873,1562.533506405431,28.06469555921808,0.017961020000000005,1,2,take_profit
normal,2021-01-04 10:20:00+00:00,2021-01-04 10:35:00+00:00,927.51,927.5100000000001,946.0602000000001,10444.954738262091,1566.7432107393136,28.140306142953023,0.017961019999999998,1,16,take_profit
normal,2021-01-04 10:36:00+00:00,2021-01-04 10:52:00+00:00,947.0,947.0,965.94,10473.095044405043,1570.9642566607565,28.216120433168953,0.017961019999999984,1,17,take_profit
normal,2021-01-04 10:53:00+00:00,2021-01-04 12:18:00+00:00,965.0,964.9999999999999,984.3,10501.311164838213,1575.1966747257318,28.292138978682488,0.017961020000000077,1,86,take_profit
normal,2021-01-04 12:19:00+00:00,2021-01-04 12:40:00+00:00,980.88,980.88,1000.4976,10529.603303816895,1579.4404955725342,28.368362329788397,0.017961020000000126,1,22,take_profit
normal,2021-01-04 12:41:00+00:00,2021-01-04 12:47:00+00:00,999.33,999.3299999999999,1019.3166,10557.971666146683,1583.6957499220023,28.44479103826393,0.017961019999999904,1,7,take_profit
normal,2021-01-04 12:48:00+00:00,2021-01-04 14:53:00+00:00,1015.78,1015.78,1036.0955999999999,10586.416457184947,1587.962468577742,28.52142565737404,0.0179610199999999,1,126,take_profit
normal,2021-01-04 14:54:00+00:00,2021-01-04 15:29:00+00:00,1036.56,1036.56,1057.2912,10614.937882842321,1592.2406824263483,28.598266741873204,0.017961019999999946,1,36,take_profit
normal,2021-01-04 15:30:00+00:00,2021-01-04 19:34:00+00:00,1056.51,1022.8631847133759,1043.3204484076434,10643.536149584193,4257.414459833677,76.46750626136327,0.017961020000000327,2,245,take_profit
normal,2021-01-04 19:35:00+00:00,2021-01-05 00:04:00+00:00,1043.51,1043.51,1064.3802,10720.003655845558,1608.0005483768336,28.88133000940752,0.01796102000000015,1,270,take_profit
normal,2021-01-05 00:05:00+00:00,2021-01-05 00:10:00+00:00,1064.39,1064.39,1085.6778000000002,10748.884985854966,1612.3327478782448,28.959140731296202,0.017961020000000057,1,6,take_profit
normal,2021-01-05 00:11:00+00:00,2021-01-05 00:33:00+00:00,1088.02,1088.02,1109.7804,10777.844126586262,1616.6766189879393,29.03716108717481,0.017961020000000032,1,23,take_profit
normal,2021-01-05 00:34:00+00:00,2021-01-05 00:45:00+00:00,1110.98,1110.98,1133.1996000000001,10806.881287673436,1621.0321931510152,29.115391641829547,0.017961020000000185,1,12,take_profit
normal,2021-01-05 00:46:00+00:00,2021-01-05 01:31:00+00:00,1122.2,1086.4611464968152,1108.1903694267514,10835.996679315265,4334.398671726106,77.85022123084491,0.017961019999999744,2,46,take_profit
normal,2021-01-05 01:32:00+00:00,2021-01-05 03:43:00+00:00,1107.3,1072.0356687898088,1018.716,10913.846900546112,4365.538760218445,-225.4207849071363,-0.05163641815789458,2,132,stop_loss
recovery,2021-01-05 03:44:00+00:00,2021-01-05 04:26:00+00:00,1019.3,1008.8989795918367,1021.0057673469387,10688.426115638977,8016.3195867292325,79.97891671263187,0.00997701199999991,2,43,take_profit
normal,2021-01-05 04:27:00+00:00,2021-01-05 08:17:00+00:00,1019.94,1019.94,1040.3388,10768.40503235161,1615.2607548527415,29.01173072312531,0.017961020000000077,1,231,take_profit
normal,2021-01-05 08:18:00+00:00,2021-01-05 15:23:00+00:00,1041.01,1041.01,1061.8302,10797.416763074734,1619.6125144612101,29.089892764488013,0.017961019999999956,1,426,take_profit
normal,2021-01-05 15:24:00+00:00,2021-01-05 16:25:00+00:00,1061.3,1061.3,1082.526,10826.506655839221,1623.9759983758831,29.168265386349503,0.017961020000000185,1,62,take_profit
normal,2021-01-05 16:26:00+00:00,2021-01-05 19:50:00+00:00,1082.99,1082.99,1104.6498000000001,10855.67492122557,1628.3512381838357,29.246849156044846,0.01796102000000013,1,205,take_profit
normal,2021-01-05 19:51:00+00:00,2021-01-06 04:27:00+00:00,1105.44,1105.44,1127.5488,10884.921770381616,1632.7382655572424,29.325644642438647,0.01796101999999982,1,517,take_profit
normal,2021-01-06 04:28:00+00:00,2021-01-06 11:15:00+00:00,1127.32,1127.32,1149.8663999999999,10914.247415024054,1637.1371122536082,29.40465241592915,0.017961019999999907,1,408,take_profit
normal,2021-01-06 11:16:00+00:00,2021-01-06 16:04:00+00:00,1154.25,1154.25,1177.335,10943.652067439984,1641.5478101159974,29.483873048449823,0.017961020000000116,1,289,take_profit
normal,2021-01-06 16:05:00+00:00,2021-01-06 17:47:00+00:00,1177.04,1177.04,1200.5808,10973.135940488433,1645.9703910732649,29.56330711347482,0.017961020000000053,1,103,take_profit
normal,2021-01-06 17:48:00+00:00,2021-01-06 20:49:00+00:00,1201.1,1162.848407643312,1186.1053757961781,11002.69924760191,4401.079699040763,79.04788049606486,0.01796101999999994,2,182,take_profit
normal,2021-01-06 20:50:00+00:00,2021-01-07 00:02:00+00:00,1193.74,1193.74,1217.6148,11081.747128097973,1662.2620692146959,29.855922270406836,0.01796102000000018,1,193,take_profit
normal,2021-01-07 00:03:00+00:00,2021-01-07 15:38:00+00:00,1216.69,1216.69,1241.0238000000002,11111.60305036838,1666.7404575552569,29.936358692959175,0.017961020000000032,1,936,take_profit
normal,2021-01-07 15:39:00+00:00,2021-01-07 16:11:00+00:00,1240.43,1240.43,1265.2386000000001,11141.539409061339,1671.2309113592007,30.017011823540997,0.0179610200000001,1,33,take_profit
normal,2021-01-07 16:12:00+00:00,2021-01-07 18:16:00+00:00,1262.27,1262.27,1287.5154,11171.556420884881,1675.7334631327321,30.097882245996516,0.01796102000000015,1,125,take_profit
normal,2021-01-07 18:17:00+00:00,2021-01-07 18:47:00+00:00,1287.59,1246.5839490445858,1184.5828,11201.654303130877,4480.661721252351,-231.36532226265808,-0.05163641815789458,2,31,stop_loss
recovery,2021-01-07 18:48:00+00:00,2021-01-07 18:50:00+00:00,1180.3,1168.2561224489793,1182.2751959183672,10970.28898086822,8227.716735651164,82.08802860419382,0.009977012000000162,2,3,take_profit
normal,2021-01-07 18:51:00+00:00,2021-01-07 18:52:00+00:00,1187.42,1187.42,1211.1684,11052.377009472413,1657.856551420862,29.776794677200996,0.01796101999999992,1,2,take_profit
normal,2021-01-07 18:53:00+00:00,2021-01-07 19:00:00+00:00,1200.04,1200.04,1224.0408,11082.153804149613,1662.323070622442,29.85701791791098,0.017961019999999932,1,8,take_profit
normal,2021-01-07 19:01:00+00:00,2021-01-07 19:43:00+00:00,1214.41,1214.41,1238.6982,11112.010822067525,1666.8016233101287,29.937457292305453,0.01796101999999986,1,43,take_profit
normal,2021-01-07 19:44:00+00:00,2021-01-07 21:39:00+00:00,1239.65,1239.65,1264.4430000000002,11141.94827935983,1671.2922419039746,30.01811338268203,0.017961019999999942,1,116,take_profit
normal,2021-01-07 21:40:00+00:00,2021-01-08 01:35:00+00:00,1264.32,1224.0550318471337,1163.1744,11171.966392742512,4468.786557097004,-230.7521313206389,-0.05163641815789457,2,236,stop_loss
recovery,2021-01-08 01:36:00+00:00,2021-01-08 01:48:00+00:00,1164.0,1164.0,1177.968,10941.214261421872,5470.607130710936,54.58031299038885,0.009977012000000049,1,13,take_profit
normal,2021-01-08 01:49:00+00:00,2021-01-08 02:41:00+00:00,1178.55,1141.016560509554,1084.266,10995.79457441226,4398.317829764905,-227.11337864906454,-0.0516364181578947,2,53,stop_loss
recovery,2021-01-08 02:42:00+00:00,2021-01-08 02:47:00+00:00,1085.01,1085.01,1098.03012,10768.681195763196,5384.340597881598,53.71963075715212,0.009977012000000044,1,6,take_profit
normal,2021-01-08 02:48:00+00:00,2021-01-08 03:01:00+00:00,1098.0,1098.0,1119.96,10822.400826520348,1623.3601239780521,29.157203653972374,0.01796102000000006,1,14,take_profit
normal,2021-01-08 03:02:00+00:00,2021-01-08 03:10:00+00:00,1123.63,1123.63,1146.1026000000002,10851.55803017432,1627.733704526148,29.2357576216682,0.01796101999999998,1,9,take_profit
normal,2021-01-08 03:11:00+00:00,2021-01-08 04:07:00+00:00,1142.11,1142.11,1164.9522,10880.793787795987,1632.119068169398,29.314523225772064,0.017961020000000088,1,57,take_profit
normal,2021-01-08 04:08:00+00:00,2021-01-08 07:29:00+00:00,1167.6,1167.6,1190.952,10910.108311021759,1636.5162466532638,29.393501036464386,0.017961020000000112,1,202,take_profit
normal,2021-01-08 07:30:00+00:00,2021-01-08 09:54:00+00:00,1191.22,1191.22,1215.0444,10939.501812058223,1640.9252718087334,29.472691625461948,0.017961019999999907,1,145,take_profit
normal,2021-01-08 09:55:00+00:00,2021-01-08 10:37:00+00:00,1216.77,1216.77,1241.1054,10968.974503683685,1645.3461755525527,29.5520955660229,0.017961019999999994,1,43,take_profit
normal,2021-01-08 10:38:00+00:00,2021-01-08 10:47:00+00:00,1240.65,1240.65,1265.4630000000002,10998.526599249708,1649.7789898874562,29.6317134329488,0.017961020000000244,1,10,take_profit
normal,2021-01-08 10:48:00+00:00,2021-01-08 20:02:00+00:00,1265.85,1225.536305732484,1164.5819999999999,11028.158312682657,4411.263325073063,-227.78183765805807,-0.05163641815789479,2,555,stop_loss
recovery,2021-01-08 20:03:00+00:00,2021-01-08 20:16:00+00:00,1167.52,1167.52,1181.53024,10800.3764750246,5400.1882375123,53.87774284791976,0.009977012000000129,1,14,take_profit
normal,2021-01-08 20:17:00+00:00,2021-01-08 22:43:00+00:00,1188.18,1188.18,1211.9436,10854.25421787252,1628.138132680878,29.243021563843968,0.01796102000000004,1,147,take_profit
normal,2021-01-08 22:44:00+00:00,2021-01-09 00:06:00+00:00,1210.33,1210.33,1234.5366,10883.497239436363,1632.5245859154545,29.32180673811922,0.017961020000000015,1,83,take_profit
normal,2021-01-09 00:07:00+00:00,2021-01-09 03:15:00+00:00,1233.79,1194.4973248407641,1218.3872713375795,10912.819046174482,4365.127618469793,78.40214445788843,0.017961020000000025,2,189,take_profit
normal,2021-01-09 03:16:00+00:00,2021-01-09 20:23:00+00:00,1215.64,1215.64,1239.9528,10991.22119063237,1648.6831785948555,29.61203154440568,0.017961019999999946,1,1028,take_profit
normal,2021-01-09 20:24:00+00:00,2021-01-09 20:43:00+00:00,1241.08,1241.08,1265.9016,11020.833222176774,1653.124983326516,29.69181088802725,0.017961020000000015,1,20,take_profit
normal,2021-01-09 20:44:00+00:00,2021-01-09 21:22:00+00:00,1266.49,1266.49,1291.8198,11050.525033064801,1657.57875495972,29.77180516940666,0.01796102000000002,1,39,take_profit
normal,2021-01-09 21:23:00+00:00,2021-01-10 01:16:00+00:00,1293.3,1293.3,1319.166,11080.296838234208,1662.0445257351312,29.85201496761897,0.01796101999999986,1,234,take_profit
normal,2021-01-10 01:17:00+00:00,2021-01-10 08:00:00+00:00,1321.6,1321.6,1348.032,11110.148853201827,1666.522327980274,29.93244086330037,0.017961020000000067,1,404,take_profit
normal,2021-01-10 08:01:00+00:00,2021-01-10 12:07:00+00:00,1347.5,1304.5859872611463,1239.7,11140.081294065127,4456.03251762605,-230.09355840531498,-0.051636418157894694,2,247,stop_loss
recovery,2021-01-10 12:08:00+00:00,2021-01-10 12:10:00+00:00,1256.51,1256.51,1271.5881200000001,10909.987735659812,5454.993867829906,54.424539279265446,0.00997701200000001,1,3,take_profit
normal,2021-01-10 12:11:00+00:00,2021-01-10 13:03:00+00:00,1272.59,1272.59,1298.0418,10964.412274939077,1644.6618412408616,29.539804223764122,0.017961020000000112,1,53,take_profit
normal,2021-01-10 13:04:00+00:00,2021-01-10 20:27:00+00:00,1299.42,1258.0371974522295,1195.4664,10993.952079162842,4397.580831665136,-227.0753227070045,-0.051636418157894964,2,444,stop_loss
recovery,2021-01-10 20:28:00+00:00,2021-01-10 20:29:00+00:00,1182.72,1182.72,1196.91264,10766.876756455837,5383.438378227918,53.71062930084099,0.009977012000000096,1,2,take_profit
normal,2021-01-10 20:30:00+00:00,2021-01-10 20:32:00+00:00,1196.49,1196.49,1220.4198000000001,10820.587385756677,1623.0881078635014,29.152317967098725,0.017961020000000136,1,3,take_profit
normal,2021-01-10 20:33:00+00:00,2021-01-10 20:36:00+00:00,1216.76,1216.76,1241.0952,10849.739703723775,1627.4609555585662,29.23085877200674,0.017961020000000136,1,4,take_profit
normal,2021-01-10 20:37:00+00:00,2021-01-10 21:00:00+00:00,1235.24,1235.24,1259.9448,10878.970562495782,1631.8455843743673,29.30961117785955,0.01796101999999991,1,24,take_profit
normal,2021-01-10 21:01:00+00:00,2021-01-11 03:11:00+00:00,1265.12,1224.8295541401271,1163.9104,10908.280173673642,4363.312069469457,-225.30580657251357,-0.05163641815789465,2,371,stop_loss
recovery,2021-01-11 03:12:00+00:00,2021-01-11 10:03:00+00:00,1161.31,1128.0647044737127,1141.6014809273972,10682.974367101127,10682.974367101127,106.58416345626028,0.009977011999999993,3,412,take_profit
normal,2021-01-11 10:04:00+00:00,2021-01-11 12:04:00+00:00,1144.07,1107.6346496815286,1052.5444,10789.558530557388,4315.823412222955,-222.8536624091762,-0.05163641815789464,2,121,stop_loss
recovery,2021-01-11 12:05:00+00:00,2021-01-11 12:10:00+00:00,1050.29,1050.29,1062.89348,10566.704868148212,5283.352434074106,52.71207063498605,0.009977011999999902,1,6,take_profit
normal,2021-01-11 12:11:00+00:00,2021-01-11 12:21:00+00:00,1063.74,1063.74,1085.0148,10619.416938783197,1592.9125408174796,28.61033400387373,0.017961020000000102,1,11,take_profit
normal,2021-01-11 12:22:00+00:00,2021-01-11 14:06:00+00:00,1086.25,1051.6560509554138,999.35,10648.02727278707,4259.210909114829,-219.93039552572054,-0.0516364181578948,2,105,stop_loss
recovery,2021-01-11 14:07:00+00:00,2021-01-11 14:19:00+00:00,1001.6,991.3795918367347,1003.2761469387755,10428.096877261352,7821.072657946014,78.03093576119772,0.009977011999999801,2,13,take_profit
normal,2021-01-11 14:20:00+00:00,2021-01-11 14:21:00+00:00,1003.38,1003.38,1023.4476,10506.127813022551,1575.9191719533826,28.30511576583808,0.01796101999999996,1,2,take_profit
normal,2021-01-11 14:22:00+00:00,2021-01-11 14:47:00+00:00,1020.27,1020.27,1040.6754,10534.432928788388,1580.1649393182581,28.381374078393947,0.017961019999999953,1,26,take_profit
normal,2021-01-11 14:48:00+00:00,2021-01-11 16:03:00+00:00,1034.86,1001.9026751592355,952.0712,10562.814302866782,4225.125721146713,-218.1703585068076,-0.05163641815789459,2,76,stop_loss
recovery,2021-01-11 16:04:00+00:00,2021-01-11 16:04:00+00:00,963.97,963.97,975.53764,10344.643944359974,5172.321972179987,51.60431838430304,0.009977011999999931,1,1,take_profit
normal,2021-01-11 16:05:00+00:00,2021-01-11 16:24:00+00:00,986.72,955.295796178344,974.4017121019108,10396.248262744277,4158.499305097711,74.69088918884518,0.01796101999999978,2,20,take_profit
normal,2021-01-11 16:25:00+00:00,2021-01-11 16:56:00+00:00,978.12,946.9696815286624,965.9090751592356,10470.939151933122,4188.3756607732485,75.22749901066163,0.017961020000000025,2,32,take_profit
normal,2021-01-11 16:57:00+00:00,2021-01-11 17:28:00+00:00,962.73,962.73,981.9846,10546.166650943782,1581.9249976415672,28.41298652113983,0.017961019999999803,1,32,take_profit
normal,2021-01-11 17:29:00+00:00,2021-01-11 17:33:00+00:00,984.99,984.99,1004.6898,10574.579637464922,1586.1869456197383,28.489535454014913,0.017961019999999925,1,5,take_profit
normal,2021-01-11 17:34:00+00:00,2021-01-11 19:45:00+00:00,1006.56,974.5039490445859,993.9940280254776,10603.069172918937,4241.227669167574,76.17677499047295,0.01796102000000018,2,132,take_profit
normal,2021-01-11 19:46:00+00:00,2021-01-11 20:51:00+00:00,997.34,997.34,1017.2868000000001,10679.24594790941,1601.8868921864116,28.771522508298176,0.01796102000000012,1,66,take_profit
normal,2021-01-11 20:52:00+00:00,2021-01-11 21:21:00+00:00,1014.52,1014.52,1034.8104,10708.017470417708,1606.2026205626562,28.849037391978527,0.017961020000000154,1,30,take_profit
normal,2021-01-11 21:22:00+00:00,2021-01-11 22:17:00+00:00,1034.47,1034.47,1055.1594,10736.866507809686,1610.5299761714527,28.92676111261494,0.01796101999999997,1,56,take_profit
normal,2021-01-11 22:18:00+00:00,2021-01-11 23:16:00+00:00,1056.45,1056.45,1077.5790000000002,10765.793268922302,1614.8689903383452,29.004694232846987,0.017961020000000102,1,59,take_profit
normal,2021-01-11 23:17:00+00:00,2021-01-12 04:02:00+00:00,1076.2,1076.2,1097.7240000000002,10794.797963155148,1619.219694473272,29.082837316828773,0.017961020000000275,1,286,take_profit
normal,2021-01-12 04:03:00+00:00,2021-01-12 05:46:00+00:00,1097.42,1097.42,1119.3684,10823.880800471978,1623.5821200707967,29.161190930233943,0.017961019999999977,1,104,take_profit
normal,2021-01-12 05:47:00+00:00,2021-01-12 06:22:00+00:00,1118.03,1118.03,1140.3906,10853.041991402213,1627.956298710332,29.239755640262047,0.017961019999999876,1,36,take_profit
normal,2021-01-12 06:23:00+00:00,2021-01-12 13:41:00+00:00,1140.3,1103.984713375796,1049.076,10882.281747042474,4352.91269881699,-224.76882032092453,-0.05163641815789481,2,439,stop_loss
recovery,2021-01-12 13:42:00+00:00,2021-01-12 15:19:00+00:00,1049.94,1039.2263265306124,1051.6970424489798,10657.51292672155,7993.134695041163,79.74760077004339,0.009977012000000172,2,98,take_profit
normal,2021-01-12 15:20:00+00:00,2021-01-12 16:01:00+00:00,1051.09,1051.09,1072.1118,10737.260527491593,1610.5890791237389,28.927822661923074,0.01796102000000001,1,42,take_profit
normal,2021-01-12 16:02:00+00:00,2021-01-12 16:22:00+00:00,1070.41,1070.41,1091.8182000000002,10766.188350153518,1614.9282525230276,29.005758642131468,0.0179610200000002,1,21,take_profit
normal,2021-01-12 16:23:00+00:00,2021-01-12 17:06:00+00:00,1088.87,1088.87,1110.6473999999998,10795.194108795647,1619.2791163193472,29.083904593793932,0.017961019999999883,1,44,take_profit
normal,2021-01-12 17:07:00+00:00,2021-01-13 00:24:00+00:00,1111.11,1075.7243312101912,1022.2212,10824.278013389441,4329.711205355777,-223.57077830267372,-0.051636418157894826,2,438,stop_loss
recovery,2021-01-13 00:25:00+00:00,2021-01-13 01:14:00+00:00,1021.52,1011.096326530612,1023.2294824489794,10600.707235086767,7950.530426315076,79.32253746971037,0.009977011999999967,2,50,take_profit
normal,2021-01-13 01:15:00+00:00,2021-01-13 02:01:00+00:00,1023.15,1023.15,1043.613,10680.029772556478,1602.0044658834715,28.773634251822386,0.017961020000000022,1,47,take_profit
normal,2021-01-13 02:02:00+00:00,2021-01-13 07:27:00+00:00,1043.63,1043.63,1064.5026,10708.8034068083,1606.320511021245,28.85115482486276,0.017961019999999973,1,326,take_profit
normal,2021-01-13 07:28:00+00:00,2021-01-13 10:06:00+00:00,1063.98,1063.98,1085.2596,10737.654561633162,1610.6481842449743,28.92888425018782,0.017961020000000095,1,159,take_profit
normal,2021-01-13 10:07:00+00:00,2021-01-13 18:40:00+00:00,1081.4,1081.4,1103.028,10766.58344588335,1614.9875168825026,29.006823090476928,0.017961019999999977,1,514,take_profit
normal,2021-01-13 18:41:00+00:00,2021-01-13 21:51:00+00:00,1105.51,1105.51,1127.6202,10795.590268973829,1619.3385403460743,29.084971909926708,0.017961020000000036,1,191,take_profit
normal,2021-01-13 21:52:00+00:00,2021-01-14 07:25:00+00:00,1127.43,1127.43,1149.9786000000001,10824.675240883755,1623.7012861325632,29.163331274253096,0.01796102000000025,1,574,take_profit
normal,2021-01-14 07:26:00+00:00,2021-01-14 11:02:00+00:00,1149.23,1149.23,1172.2146,10853.838572158007,1628.075785823701,29.24190175069498,0.01796101999999986,1,217,take_profit
normal,2021-01-14 11:03:00+00:00,2021-01-14 13:53:00+00:00,1173.14,1173.14,1196.6028000000001,10883.080473908702,1632.4620710863053,29.320683908022602,0.017961020000000032,1,171,take_profit
normal,2021-01-14 13:54:00+00:00,2021-01-14 15:33:00+00:00,1194.42,1194.42,1218.3084000000001,10912.401157816725,1636.8601736725086,29.399678316535528,0.017961020000000077,1,100,take_profit
normal,2021-01-14 15:34:00+00:00,2021-01-14 16:17:00+00:00,1216.79,1216.79,1241.1258,10941.80083613326,1641.270125419989,29.47888554807082,0.017961019999999932,1,44,take_profit
normal,2021-01-14 16:18:00+00:00,2021-01-14 23:59:00+00:00,1244.01,1204.3918471337577,1228.479684076433,10971.27972168133,4388.511888672532,78.82214980268509,0.01796101999999999,2,462,take_profit
normal,2021-01-15 00:00:00+00:00,2021-01-15 00:37:00+00:00,1231.89,1231.89,1256.5278,11050.101871484017,1657.5152807226025,29.770665107364266,0.017961019999999994,1,38,take_profit
normal,2021-01-15 00:38:00+00:00,2021-01-15 07:34:00+00:00,1254.66,1214.702675159236,1238.9967286624208,11079.872536591382,4431.949014636552,79.60232489086775,0.017961020000000077,2,417,take_profit
normal,2021-01-15 07:35:00+00:00,2021-01-15 15:56:00+00:00,1238.65,1199.2025477707004,1139.5580000000002,11159.47486148225,4463.7899445929,-230.49412414800372,-0.051636418157894506,2,502,stop_loss
recovery,2021-01-15 15:57:00+00:00,2021-01-15 15:59:00+00:00,1133.29,1133.29,1146.88948,10928.980737334245,5464.490368667122,54.519285982078145,0.009977012000000337,1,3,take_profit
normal,2021-01-15 16:00:00+00:00,2021-01-15 16:14:00+00:00,1141.66,1105.3014012738856,1127.4074292993635,10983.500023316323,4393.4000093265295,78.9099454355146,0.01796102000000014,2,15,take_profit
normal,2021-01-15 16:15:00+00:00,2021-01-15 16:25:00+00:00,1128.16,1128.16,1150.7232000000001,11062.409968751837,1659.3614953127756,29.803825004542887,0.017961020000000133,1,11,take_profit
normal,2021-01-15 16:26:00+00:00,2021-01-16 00:01:00+00:00,1152.97,1152.97,1176.0294000000001,11092.21379375638,1663.832069063457,29.88412106909027,0.01796102000000008,1,456,take_profit
normal,2021-01-16 00:02:00+00:00,2021-01-16 08:35:00+00:00,1177.6,1177.6,1201.1519999999998,11122.09791482547,1668.3146872238206,29.96463346352084,0.017961020000000032,1,514,take_profit
normal,2021-01-16 08:36:00+00:00,2021-01-16 13:12:00+00:00,1209.65,1209.65,1233.843,11152.06254828899,1672.8093822433484,30.045362770660404,0.017961019999999987,1,277,take_profit
normal,2021-01-16 13:13:00+00:00,2021-01-16 15:38:00+00:00,1234.44,1234.44,1259.1288000000002,11182.10791105965,1677.3161866589473,30.126309574905235,0.017961020000000088,1,146,take_profit
normal,2021-01-16 15:39:00+00:00,2021-01-16 16:01:00+00:00,1258.65,1258.65,1283.823,11212.234220634555,1681.8351330951832,30.20747446222549,0.017961020000000143,1,23,take_profit
normal,2021-01-16 16:02:00+00:00,2021-01-16 20:27:00+00:00,1285.75,1244.8025477707004,1269.6985987261144,11242.44169509678,4496.976678038713,80.7702880537854,0.01796101999999967,2,266,take_profit
normal,2021-01-16 20:28:00+00:00,2021-01-17 02:08:00+00:00,1269.19,1228.7699363057325,1253.345335031847,11323.211983150568,4529.284793260227,81.3505747574427,0.017961019999999977,2,341,take_profit
normal,2021-01-17 02:09:00+00:00,2021-01-17 15:16:00+00:00,1253.7,1213.7732484076435,1238.0487133757963,11404.562557908012,4561.825023163205,81.93503047753529,0.017961020000000112,2,788,take_profit
normal,2021-01-17 15:17:00+00:00,2021-01-17 21:27:00+00:00,1237.96,1237.96,1262.7192,11486.497588385546,1722.9746382578319,30.946381937241767,0.01796102000000005,1,371,take_profit
normal,2021-01-17 21:28:00+00:00,2021-01-18 12:09:00+00:00,1261.65,1221.4700636942675,1245.8994649681529,11517.443970322787,4606.977588129115,82.74601659993823,0.017961019999999876,2,882,take_profit
normal,2021-01-18 12:10:00+00:00,2021-01-19 00:02:00+00:00,1247.15,1247.15,1272.093,11600.189986922727,1740.028498038409,31.252686653837827,0.01796102,1,713,take_profit
normal,2021-01-19 00:03:00+00:00,2021-01-19 01:24:00+00:00,1271.97,1271.97,1297.4094,11631.442673576565,1744.7164010364847,31.33688617334451,0.01796102000000011,1,82,take_profit
normal,2021-01-19 01:25:00+00:00,2021-01-19 01:30:00+00:00,1289.63,1289.63,1315.4226,11662.77955974991,1749.4169339624864,31.421312539238897,0.01796102,1,6,take_profit
normal,2021-01-19 01:31:00+00:00,2021-01-19 02:53:00+00:00,1313.86,1313.86,1340.1372,11694.20087228915,1754.1301308433724,31.50596636268051,0.017961020000000046,1,83,take_profit
normal,2021-01-19 02:54:00+00:00,2021-01-19 07:51:00+00:00,1341.4,1341.4,1368.228,11725.70683865183,1758.8560257977745,31.590848256474374,0.01796102000000002,1,298,take_profit
normal,2021-01-19 07:52:00+00:00,2021-01-19 11:24:00+00:00,1369.89,1369.89,1397.2878,11757.297686908303,1763.5946530362455,31.675958835076926,0.01796101999999992,1,213,take_profit
normal,2021-01-19 11:25:00+00:00,2021-01-19 11:54:00+00:00,1398.0,1398.0,1425.96,11788.973645743381,1768.3460468615071,31.76129871460057,0.01796102000000006,1,30,take_profit
normal,2021-01-19 11:55:00+00:00,2021-01-19 21:44:00+00:00,1426.95,1381.5057324840764,1409.1358471337578,11820.734944457981,4728.2939777831925,84.92498270084343,0.01796101999999999,2,590,take_profit
normal,2021-01-19 21:45:00+00:00,2021-01-20 10:00:00+00:00,1409.0,1364.127388535032,1296.28,11905.659927158824,4762.26397086353,-245.90625377778542,-0.05163641815789473,2,736,stop_loss
recovery,2021-01-20 10:01:00+00:00,2021-01-20 10:48:00+00:00,1299.48,1299.4800000000002,1315.0737600000002,11659.753673381038,5829.876836690519,58.16475115818321,0.009977011999999976,1,48,take_profit
normal,2021-01-20 10:49:00+00:00,2021-01-20 12:33:00+00:00,1314.46,1272.5982165605096,1298.05018089172,11717.91842453922,4687.167369815688,84.18630687260611,0.017961019999999817,2,105,take_profit
normal,2021-01-20 12:34:00+00:00,2021-01-20 19:03:00+00:00,1298.34,1298.34,1324.3067999999998,11802.104731411828,1770.3157097117742,31.796675868447437,0.01796102000000004,1,390,take_profit
normal,2021-01-20 19:04:00+00:00,2021-01-20 20:00:00+00:00,1323.53,1323.53,1350.0006,11833.901407280275,1775.0852110920412,31.88234097812824,0.017961019999999925,1,57,take_profit
normal,2021-01-20 20:01:00+00:00,2021-01-20 23:49:00+00:00,1349.87,1349.87,1376.8673999999999,11865.783748258404,1779.8675622387605,31.96823688272184,0.017961020000000123,1,229,take_profit
normal,2021-01-20 23:50:00+00:00,2021-01-21 08:39:00+00:00,1379.24,1335.3151592356687,1268.9008000000001,11897.751985141125,4759.1007940564505,-245.74291865746818,-0.051636418157894826,2,530,stop_loss
recovery,2021-01-21 08:40:00+00:00,2021-01-21 08:47:00+00:00,1270.91,1270.91,1286.16092,11652.009066483657,5826.0045332418285,58.12611714020841,0.009977012000000049,1,8,take_profit
normal,2021-01-21 08:48:00+00:00,2021-01-21 16:00:00+00:00,1283.17,1242.3047133757962,1180.5164000000002,11710.135183623865,4684.054073449546,-241.86777481083118,-0.051636418157894784,2,433,stop_loss
recovery,2021-01-21 16:01:00+00:00,2021-01-21 16:03:00+00:00,1178.71,1178.71,1192.85452,11468.267408813033,5734.133704406517,57.209520778468686,0.009977012000000073,1,3,take_profit
normal,2021-01-21 16:04:00+00:00,2021-01-21 19:20:00+00:00,1198.94,1198.94,1222.9188000000001,11525.476929591503,1728.8215394387255,31.05139824629009,0.017961020000000206,1,197,take_profit
normal,2021-01-21 19:21:00+00:00,2021-01-21 22:26:00+00:00,1224.85,1185.8420382165602,1126.8619999999999,11556.528327837792,4622.611331135116,-238.69509167591514,-0.05163641815789471,2,186,stop_loss
recovery,2021-01-21 22:27:00+00:00,2021-01-21 22:42:00+00:00,1123.6,1112.1346938775507,1125.4803102040814,11317.833236161878,8488.374927121407,84.68861850838948,0.009977012000000009,2,16,take_profit
normal,2021-01-21 22:43:00+00:00,2021-01-21 23:01:00+00:00,1119.78,1119.78,1142.1756,11402.521854670267,1710.37827820054,30.720138462325394,0.01796101999999996,1,19,take_profit
normal,2021-01-21 23:02:00+00:00,2021-01-22 00:26:00+00:00,1146.87,1110.3454777070062,1055.1204,11433.241993132593,4573.296797253037,-236.1486657831174,-0.051636418157894486,2,85,stop_loss
recovery,2021-01-22 00:27:00+00:00,2021-01-22 00:30:00+00:00,1059.08,1059.08,1071.7889599999999,11197.093327349476,5598.546663674738,55.85676724604218,0.009977011999999886,1,4,take_profit
normal,2021-01-22 00:31:00+00:00,2021-01-22 00:40:00+00:00,1062.85,1062.85,1084.107,11252.950094595519,1687.9425141893278,30.317169256205034,0.01796102000000014,1,10,take_profit
normal,2021-01-22 00:41:00+00:00,2021-01-22 01:43:00+00:00,1085.08,1085.08,1106.7816,11283.267263851723,1692.4900895777585,30.398848348708043,0.017961020000000077,1,63,take_profit
normal,2021-01-22 01:44:00+00:00,2021-01-22 02:01:00+00:00,1116.38,1116.38,1138.7076000000002,11313.66611220043,1697.0499168300644,30.4807474971833,0.017961020000000105,1,18,take_profit
normal,2021-01-22 02:02:00+00:00,2021-01-22 02:14:00+00:00,1137.4,1137.4,1160.1480000000001,11344.146859697612,1701.6220289546418,30.562867294494936,0.017961020000000022,1,13,take_profit
normal,2021-01-22 02:15:00+00:00,2021-01-22 04:08:00+00:00,1148.69,1148.69,1171.6638,11374.709726992107,1706.206459048816,30.645208335104826,0.017961019999999918,1,114,take_profit
normal,2021-01-22 04:09:00+00:00,2021-01-22 11:15:00+00:00,1175.66,1175.66,1199.1732000000002,11405.354935327212,1710.8032402990818,30.7277712150767,0.01796102000000005,1,427,take_profit
normal,2021-01-22 11:16:00+00:00,2021-01-22 13:27:00+00:00,1201.54,1201.54,1225.5708,11436.082706542289,1715.4124059813432,30.81055653207909,0.01796102000000004,1,132,take_profit
normal,2021-01-22 13:28:00+00:00,2021-01-22 16:29:00+00:00,1222.64,1222.64,1247.0928000000001,11466.893263074367,1720.033989461155,30.893564885391697,0.01796102000000006,1,182,take_profit
normal,2021-01-22 16:30:00+00:00,2021-01-22 19:34:00+00:00,1246.61,1246.61,1271.5421999999999,11497.786827959759,1724.6680241939637,30.97679687590812,0.017961019999999918,1,185,take_profit
normal,2021-01-22 19:35:00+00:00,2021-01-23 05:37:00+00:00,1270.97,1230.493248407643,1255.1031133757958,11528.763624835668,4611.505449934268,82.82734161637745,0.0179610199999998,2,603,take_profit
normal,2021-01-23 05:38:00+00:00,2021-01-24 03:56:00+00:00,1255.36,1255.36,1280.4671999999998,11611.590966452048,1741.7386449678072,31.283402637039444,0.017961019999999862,1,1339,take_profit
normal,2021-01-24 03:57:00+00:00,2021-01-24 04:45:00+00:00,1282.99,1282.99,1308.6498000000001,11642.874369089088,1746.4311553633631,31.367684910104572,0.017961020000000057,1,49,take_profit
normal,2021-01-24 04:46:00+00:00,2021-01-24 09:27:00+00:00,1310.4,1310.4,1336.6080000000002,11674.242053999193,1751.1363080998788,31.452194252508434,0.0179610200000002,1,282,take_profit
normal,2021-01-24 09:28:00+00:00,2021-01-24 17:36:00+00:00,1337.04,1337.04,1363.7808,11705.694248251702,1755.8541372377554,31.536931276010137,0.01796102000000004,1,489,take_profit
normal,2021-01-24 17:37:00+00:00,2021-01-24 23:49:00+00:00,1362.66,1362.66,1389.9132000000002,11737.231179527713,1760.5846769291568,31.621896594018608,0.017961020000000275,1,373,take_profit
normal,2021-01-24 23:50:00+00:00,2021-01-25 00:15:00+00:00,1389.53,1389.5299999999997,1417.3205999999998,11768.853076121732,1765.3279614182597,31.7070908215926,0.017961020000000005,1,26,take_profit
normal,2021-01-25 00:16:00+00:00,2021-01-25 00:28:00+00:00,1418.89,1418.89,1447.2678,11800.560166943325,1770.0840250414988,31.792514575450923,0.017961020000000036,1,13,take_profit
normal,2021-01-25 00:29:00+00:00,2021-01-25 21:09:00+00:00,1451.3,1405.0802547770702,1335.196,11832.352681518776,4732.94107260751,-244.39212434183628,-0.05163641815789475,2,1241,stop_loss
recovery,2021-01-25 21:10:00+00:00,2021-01-25 23:11:00+00:00,1336.99,1323.3472448979594,1339.227411836735,11587.960557176939,8690.970417882705,86.70991615086132,0.009977012000000065,2,122,take_profit
normal,2021-01-25 23:12:00+00:00,2021-01-26 00:42:00+00:00,1335.6,1335.6,1362.312,11674.670473327802,1751.2005709991702,31.453348479727538,0.01796102000000001,1,91,take_profit
normal,2021-01-26 00:43:00+00:00,2021-01-26 14:39:00+00:00,1360.59,1317.2591082802546,1251.7428,11706.12382180753,4682.449528723012,-241.78492186837775,-0.051636418157894555,2,837,stop_loss
recovery,2021-01-26 14:40:00+00:00,2021-01-26 15:03:00+00:00,1251.99,1251.99,1267.01388,11464.338899939152,5732.169449969576,57.18992338838052,0.009977012000000115,1,24,take_profit
normal,2021-01-26 15:04:00+00:00,2021-01-26 16:02:00+00:00,1268.03,1268.03,1293.3906,11521.528823327531,1728.2293234991296,31.040761443954352,0.017961020000000008,1,59,take_profit
normal,2021-01-26 16:03:00+00:00,2021-01-26 17:28:00+00:00,1293.88,1293.88,1319.7576000000001,11552.569584771485,1732.8854377157227,31.124390004520592,0.017961019999999852,1,86,take_profit
normal,2021-01-26 17:29:00+00:00,2021-01-26 19:09:00+00:00,1320.47,1320.47,1346.8794,11583.693974776006,1737.554096216401,31.208243873224546,0.01796101999999991,1,101,take_profit
normal,2021-01-26 19:10:00+00:00,2021-01-27 13:56:00+00:00,1349.16,1306.1931210191085,1241.2272,11614.90221864923,4645.960887459692,-239.90077913009281,-0.05163641815789483,2,1127,stop_loss
recovery,2021-01-27 13:57:00+00:00,2021-01-27 15:45:00+00:00,1240.93,1240.93,1255.8211600000002,11375.001439519136,5687.500719759568,56.7442629310508,0.009977012000000167,1,109,take_profit
normal,2021-01-27 15:46:00+00:00,2021-01-27 15:58:00+00:00,1258.34,1258.34,1283.5067999999999,11431.745702450185,1714.7618553675277,30.798871979493242,0.017961019999999984,1,13,take_profit
normal,2021-01-27 15:59:00+00:00,2021-01-28 02:00:00+00:00,1284.38,1243.4761783439492,1268.3457019108282,11462.54457442968,4585.017829771872,82.35159694088816,0.017961019999999776,2,602,take_profit
normal,2021-01-28 02:01:00+00:00,2021-01-28 05:50:00+00:00,1270.33,1270.33,1295.7366,11544.896171370568,1731.7344257055852,31.103716654786467,0.017961019999999963,1,230,take_profit
normal,2021-01-28 05:51:00+00:00,2021-01-28 06:13:00+00:00,1292.66,1292.66,1318.5132,11575.999888025355,1736.3999832038032,31.187514826322968,0.01796101999999988,1,23,take_profit
normal,2021-01-28 06:14:00+00:00,2021-01-28 13:59:00+00:00,1316.45,1316.45,1342.779,11607.18740285168,1741.0781104277519,31.27153876295506,0.01796102,1,466,take_profit
normal,2021-01-28 14:00:00+00:00,2021-01-29 00:31:00+00:00,1342.65,1342.65,1369.5030000000002,11638.458941614634,1745.768841242195,31.35578907292802,0.017961020000000074,1,632,take_profit
normal,2021-01-29 00:32:00+00:00,2021-01-29 08:55:00+00:00,1372.23,1328.5284076433118,1355.0989757961781,11669.814730687562,4667.925892275025,83.8407103096688,0.017961019999999835,2,504,take_profit
normal,2021-01-29 08:56:00+00:00,2021-01-29 09:00:00+00:00,1363.19,1363.1900000000003,1390.4538000000002,11753.65544099723,1763.0483161495845,31.666146067329237,0.01796102000000013,1,5,take_profit
normal,2021-01-29 09:01:00+00:00,2021-01-29 11:34:00+00:00,1395.92,1395.92,1423.8384,11785.32158706456,1767.7982380596839,31.751459509754795,0.01796102000000003,1,154,take_profit
normal,2021-01-29 11:35:00+00:00,2021-01-29 19:32:00+00:00,1427.67,1382.2028025477707,1313.4564,11817.073046574315,4726.829218629726,-244.07653009411843,-0.05163641815789454,2,478,stop_loss
recovery,2021-01-29 19:33:00+00:00,2021-01-29 19:36:00+00:00,1319.9,1319.9,1335.7388,11572.996516480194,5786.498258240097,57.73196256043957,0.00997701199999983,1,4,take_profit
normal,2021-01-29 19:37:00+00:00,2021-01-29 21:19:00+00:00,1336.01,1336.01,1362.7302,11630.728479040634,1744.6092718560951,31.334962023993057,0.01796102000000017,1,103,take_profit
normal,2021-01-29 21:20:00+00:00,2021-01-29 22:09:00+00:00,1361.04,1361.04,1388.2608,11662.063441064627,1749.309516159694,31.419383205934764,0.017961020000000102,1,50,take_profit
normal,2021-01-29 22:10:00+00:00,2021-02-01 00:08:00+00:00,1392.01,1347.6784713375796,1280.6492,11693.482824270563,4677.393129708225,-241.5238275344782,-0.0516364181578948,2,2999,stop_loss
recovery,2021-02-01 00:09:00+00:00,2021-02-01 01:24:00+00:00,1284.66,1284.66,1300.07592,11451.958996736084,5725.979498368042,57.128166166970914,0.009977011999999822,1,76,take_profit
normal,2021-02-01 01:25:00+00:00,2021-02-01 04:17:00+00:00,1300.19,1300.19,1326.1938,11509.087162903055,1726.3630744354582,31.0072417071965,0.017961019999999852,1,173,take_profit
normal,2021-02-01 04:18:00+00:00,2021-02-01 22:07:00+00:00,1326.57,1326.57,1353.1014,11540.094404610252,1731.0141606915379,31.090779960464033,0.017961020000000064,1,1070,take_profit
normal,2021-02-01 22:08:00+00:00,2021-02-02 00:02:00+00:00,1353.5,1353.5,1380.57,11571.185184570715,1735.6777776856072,31.17454327856649,0.017961019999999852,1,115,take_profit
normal,2021-02-02 00:03:00+00:00,2021-02-02 07:01:00+00:00,1384.19,1384.19,1411.8738,11602.359727849282,1740.3539591773922,31.25853226786444,0.017961020000000067,1,419,take_profit
normal,2021-02-02 07:02:00+00:00,2021-02-02 08:54:00+00:00,1412.95,1412.95,1441.209,11633.618260117146,1745.0427390175719,31.342747536349407,0.01796102000000001,1,113,take_profit
normal,2021-02-02 08:55:00+00:00,2021-02-02 16:30:00+00:00,1444.74,1444.74,1473.6348,11664.961007653495,1749.7441511480242,31.427189693652736,0.01796102000000003,1,456,take_profit
normal,2021-02-02 16:31:00+00:00,2021-02-02 19:55:00+00:00,1478.11,1478.1100000000001,1507.6722000000002,11696.388197347147,1754.458229602072,31.511859351047633,0.01796102000000013,1,205,take_profit
normal,2021-02-02 19:56:00+00:00,2021-02-02 20:08:00+00:00,1507.02,1507.02,1537.1604,11727.900056698194,1759.185008504729,31.596757121453265,0.017961019999999807,1,13,take_profit
normal,2021-02-02 20:09:00+00:00,2021-02-03 06:39:00+00:00,1535.87,1535.87,1566.5874,11759.49681381965,1763.9245220729474,31.681883619442488,0.017961019999999907,1,631,take_profit
normal,2021-02-03 06:40:00+00:00,2021-02-03 15:59:00+00:00,1568.38,1568.38,1599.7476000000001,11791.17869743909,1768.6768046158636,31.767239461241843,0.017961020000000126,1,560,take_profit
normal,2021-02-03 16:00:00+00:00,2021-02-03 17:18:00+00:00,1597.56,1597.56,1629.5112,11822.945936900333,1773.4418905350499,31.85282526473793,0.01796102000000005,1,79,take_profit
normal,2021-02-03 17:19:00+00:00,2021-02-03 23:39:00+00:00,1626.18,1626.18,1658.7036,11854.79876216507,1778.2198143247604,31.938641649483316,0.017961020000000005,1,381,take_profit
normal,2021-02-03 23:40:00+00:00,2021-02-04 01:13:00+00:00,1659.4,1659.4,1692.5880000000002,11886.737403814554,1783.010610572183,32.02468923669949,0.017961020000000168,1,94,take_profit
normal,2021-02-04 01:14:00+00:00,2021-02-04 15:23:00+00:00,1690.78,1636.9335031847133,1555.5176000000001,11918.762093051253,4767.504837220501,-246.1768733445033,-0.05163641815789466,2,850,stop_loss
recovery,2021-02-04 15:24:00+00:00,2021-02-04 15:35:00+00:00,1561.73,1561.73,1580.47076,11672.58521970675,5836.292609853375,58.22876140401786,0.0099770119999999,1,12,take_profit
normal,2021-02-04 15:36:00+00:00,2021-02-04 16:48:00+00:00,1583.72,1583.72,1615.3944000000001,11730.813981110769,1759.6220971666153,31.604607679651735,0.017961020000000123,1,73,take_profit
normal,2021-02-04 16:49:00+00:00,2021-02-04 17:25:00+00:00,1615.31,1615.3100000000002,1647.6162000000002,11762.41858879042,1764.362788318563,31.68975532824561,0.017961020000000077,1,37,take_profit
normal,2021-02-04 17:26:00+00:00,2021-02-05 13:44:00+00:00,1646.43,1646.4300000000003,1679.3586000000003,11794.108344118666,1769.1162516178,31.775132377632417,0.017961020000000046,1,1219,take_profit
normal,2021-02-05 13:45:00+00:00,2021-02-05 13:55:00+00:00,1685.92,1685.92,1719.6384,11825.8834764963,1773.882521474445,31.860739445852914,0.017961019999999987,1,11,take_profit
normal,2021-02-05 13:56:00+00:00,2021-02-05 16:03:00+00:00,1715.57,1715.5700000000002,1749.8814000000002,11857.744215942152,1778.6616323913227,31.946577152613372,0.017961020000000102,1,128,take_profit
normal,2021-02-05 16:04:00+00:00,2021-02-07 02:19:00+00:00,1756.5,1700.5605095541403,1615.98,11889.690793094765,4755.876317237906,-245.57641822412552,-0.05163641815789485,2,2056,stop_loss
recovery,2021-02-07 02:20:00+00:00,2021-02-07 02:46:00+00:00,1611.94,1611.94,1631.28328,11644.11437487064,5822.05718743532,58.08673442372856,0.009977012000000021,1,27,take_profit
normal,2021-02-07 02:47:00+00:00,2021-02-07 16:17:00+00:00,1634.0,1581.9617834394905,1503.28,11702.201109294369,4680.880443717748,-241.7038999389215,-0.05163641815789474,2,811,stop_loss
recovery,2021-02-07 16:18:00+00:00,2021-02-07 16:25:00+00:00,1504.42,1504.42,1522.47304,11460.497209355448,5730.248604677724,57.17075909185314,0.00997701200000004,1,8,take_profit
normal,2021-02-07 16:26:00+00:00,2021-02-07 16:58:00+00:00,1523.1,1523.1,1553.562,11517.667968447302,1727.6501952670953,31.030359710195853,0.017961019999999796,1,33,take_profit
normal,2021-02-07 16:59:00+00:00,2021-02-07 19:04:00+00:00,1555.39,1555.39,1586.4978,11548.698328157498,1732.3047492236246,31.11396024690066,0.017961020000000088,1,126,take_profit
normal,2021-02-07 19:05:00+00:00,2021-02-07 23:36:00+00:00,1585.03,1585.03,1616.7306,11579.812288404397,1736.9718432606594,31.197786016241707,0.01796102000000008,1,272,take_profit
normal,2021-02-07 23:37:00+00:00,2021-02-08 08:16:00+00:00,1616.05,1616.05,1648.371,11611.01007442064,1741.6515111630958,31.281837625030676,0.01796102000000005,1,520,take_profit
normal,2021-02-08 08:17:00+00:00,2021-02-08 12:46:00+00:00,1650.17,1650.1699999999998,1683.1734,11642.29191204567,1746.3437868068504,31.36611568171361,0.01796102000000002,1,270,take_profit
normal,2021-02-08 12:47:00+00:00,2021-02-08 13:00:00+00:00,1684.0,1684.0,1717.68,11673.658027727384,1751.0487041591075,31.450620796375915,0.017961020000000057,1,14,take_profit
normal,2021-02-08 13:01:00+00:00,2021-02-08 15:43:00+00:00,1719.16,1719.16,1753.5432,11705.10864852376,1755.7662972785638,31.535353580746232,0.01796102,1,163,take_profit
normal,2021-02-08 15:44:00+00:00,2021-02-09 08:06:00+00:00,1748.5,1748.4999999999998,1783.4699999999998,11736.644002104505,1760.4966003156758,31.620314648201884,0.017961020000000015,1,983,take_profit
normal,2021-02-09 08:07:00+00:00,2021-02-09 09:08:00+00:00,1781.25,1781.25,1816.875,11768.264316752708,1765.239647512906,31.705504613772064,0.01796101999999989,1,62,take_profit
normal,2021-02-09 09:09:00+00:00,2021-02-09 20:15:00+00:00,1814.05,1756.2777070063692,1791.4032611464966,11799.96982136648,4719.987928546592,84.77579758438242,0.017961019999999682,2,667,take_profit
normal,2021-02-09 20:16:00+00:00,2021-02-10 02:38:00+00:00,1784.13,1784.13,1819.8126000000002,11884.745618950863,1782.7118428426295,32.01932306353342,0.017961020000000053,1,383,take_profit
normal,2021-02-10 02:39:00+00:00,2021-02-11 13:12:00+00:00,1819.97,1762.0091719745221,1797.2493554140126,11916.764942014397,4766.705976805759,85.61490138352838,0.017961020000000126,2,1995,take_profit
normal,2021-02-11 13:13:00+00:00,2021-02-12 17:30:00+00:00,1797.62,1797.6200000000001,1833.5724000000002,12002.379843397926,1800.3569765096888,32.336247662230335,0.017961020000000157,1,1698,take_profit
normal,2021-02-12 17:31:00+00:00,2021-02-13 03:53:00+00:00,1833.83,1833.83,1870.5066,12034.716091060156,1805.2074136590234,32.423366460878015,0.01796102000000001,1,623,take_profit
normal,2021-02-13 03:54:00+00:00,2021-02-14 06:05:00+00:00,1870.85,1811.268789808917,1847.4941656050955,12067.139457521034,4826.855783008414,86.69525325573068,0.017961020000000185,2,1572,take_profit
normal,2021-02-14 06:06:00+00:00,2021-02-15 02:21:00+00:00,1846.43,1787.6264968152864,1698.7156000000002,12153.834710776766,4861.5338843107065,-251.03219653904125,-0.051636418157894604,2,1216,stop_loss
recovery,2021-02-15 02:22:00+00:00,2021-02-15 02:23:00+00:00,1680.77,1680.77,1700.93924,11902.802514237725,5951.401257118862,59.377201759089985,0.009977012000000002,1,2,take_profit
normal,2021-02-15 02:24:00+00:00,2021-02-15 02:54:00+00:00,1691.92,1691.9199999999998,1725.7584,11962.179715996816,1794.3269573995224,32.22794236839195,0.01796101999999999,1,31,take_profit
normal,2021-02-15 02:55:00+00:00,2021-02-15 08:15:00+00:00,1730.18,1730.18,1764.7836000000002,11994.407658365208,1799.1611487547812,32.314769376007916,0.017961020000000175,1,321,take_profit
normal,2021-02-15 08:16:00+00:00,2021-02-15 12:48:00+00:00,1761.76,1761.76,1796.9952,12026.722427741215,1804.0083641611823,32.40183030886601,0.017961019999999852,1,273,take_profit
normal,2021-02-15 12:49:00+00:00,2021-02-15 16:18:00+00:00,1797.59,1797.59,1833.5418,12059.124258050082,1808.8686387075122,32.48912579719854,0.017961020000000077,1,210,take_profit
normal,2021-02-15 16:19:00+00:00,2021-02-17 08:00:00+00:00,1830.94,1772.6298089171974,1808.0824050955414,12091.613383847282,4836.645353538913,86.8710839278192,0.017961019999999942,2,2382,take_profit
normal,2021-02-17 08:01:00+00:00,2021-02-17 12:38:00+00:00,1804.45,1804.45,1840.539,12178.484467775103,1826.7726701662652,32.81070046430955,0.01796101999999992,1,278,take_profit
normal,2021-02-17 12:39:00+00:00,2021-02-18 01:05:00+00:00,1841.71,1841.71,1878.5442,12211.295168239412,1831.6942752359118,32.89909751139771,0.017961019999999998,1,747,take_profit
normal,2021-02-18 01:06:00+00:00,2021-02-18 01:45:00+00:00,1879.99,1879.99,1917.5898,12244.19426575081,1836.6291398626215,32.987732713655305,0.01796101999999998,1,40,take_profit
normal,2021-02-18 01:46:00+00:00,2021-02-19 16:33:00+00:00,1916.77,1916.77,1955.1054,12277.181998464464,1841.5772997696697,33.076606712709236,0.01796102000000011,1,2328,take_profit
normal,2021-02-19 16:34:00+00:00,2021-02-20 03:09:00+00:00,1955.55,1955.55,1994.661,12310.258605177174,1846.538790776576,33.165720151914,0.017961020000000057,1,636,take_profit
normal,2021-02-20 03:10:00+00:00,2021-02-20 04:06:00+00:00,1995.0,1995.0,2034.9,12343.424325329088,1851.5136487993632,33.255073676358506,0.01796102000000009,1,57,take_profit
normal,2021-02-20 04:07:00+00:00,2021-02-20 22:40:00+00:00,2035.29,1970.471847133758,1872.4668000000001,12376.679399005447,4950.671759602179,-255.6349571412984,-0.05163641815789469,2,1114,stop_loss
recovery,2021-02-20 22:41:00+00:00,2021-02-20 22:44:00+00:00,1864.69,1845.6625510204078,1867.8105016326526,12121.04444186415,9090.783331398112,90.69885438675738,0.009977011999999829,2,4,take_profit
normal,2021-02-20 22:45:00+00:00,2021-02-20 22:52:00+00:00,1856.93,1856.93,1894.0686,12211.743296250906,1831.761494437636,32.90030483682426,0.017961019999999998,1,8,take_profit
normal,2021-02-20 22:53:00+00:00,2021-02-21 01:08:00+00:00,1893.81,1893.81,1931.6861999999999,12244.64360108773,1836.6965401631594,32.988943291801434,0.017961020000000067,1,136,take_profit
normal,2021-02-21 01:09:00+00:00,2021-02-21 10:54:00+00:00,1932.04,1932.04,1970.6808,12277.632544379532,1841.6448816569298,33.077820552337926,0.017961020000000095,1,586,take_profit
normal,2021-02-21 10:55:00+00:00,2021-02-22 09:58:00+00:00,1972.79,1909.9622929936306,1814.9668000000001,12310.71036493187,4924.284145972748,-254.2723952897395,-0.05163641815789456,2,1384,stop_loss
recovery,2021-02-22 09:59:00+00:00,2021-02-22 21:09:00+00:00,1818.16,1766.1107913355831,1787.3041208316101,12056.437969642131,12056.437969642131,120.28722630037555,0.009977012000000032,3,671,take_profit
normal,2021-02-22 21:10:00+00:00,2021-02-23 04:38:00+00:00,1786.23,1729.3436942675157,1643.3316,12176.725195942507,4870.6900783770025,-251.5049896045839,-0.05163641815789472,2,449,stop_loss
recovery,2021-02-23 04:39:00+00:00,2021-02-23 06:16:00+00:00,1640.86,1624.1165306122448,1643.6059289795917,11925.220206337923,8943.915154753442,89.23354882595777,0.009977012000000092,2,98,take_profit
normal,2021-02-23 06:17:00+00:00,2021-02-23 08:17:00+00:00,1643.74,1591.391592356688,1512.2408,12014.45375516388,4805.781502065553,-248.15334321613227,-0.05163641815789472,2,121,stop_loss
recovery,2021-02-23 08:18:00+00:00,2021-02-23 08:20:00+00:00,1507.63,1507.63,1525.7215600000002,11766.300411947748,5883.150205973874,58.6962602028043,0.009977012000000082,1,3,take_profit
normal,2021-02-23 08:21:00+00:00,2021-02-23 09:09:00+00:00,1530.25,1481.515923566879,1407.8300000000002,11824.996672150552,4729.99866886022,-244.24018915155102,-0.05163641815789457,2,49,stop_loss
recovery,2021-02-23 09:10:00+00:00,2021-02-23 09:10:00+00:00,1402.81,1402.81,1419.64372,11580.756482999,5790.3782414995,57.77067319997877,0.00997701199999989,1,1,take_profit
normal,2021-02-23 09:11:00+00:00,2021-02-23 09:14:00+00:00,1402.0,1402.0000000000002,1430.0400000000002,11638.52715619898,1745.779073429847,31.355972853454887,0.017961019999999963,1,4,take_profit
normal,2021-02-23 09:15:00+00:00,2021-02-23 09:17:00+00:00,1426.08,1426.08,1454.6016,11669.883129052434,1750.482469357865,31.44045064178613,0.017961020000000074,1,3,take_profit
normal,2021-02-23 09:18:00+00:00,2021-02-23 09:21:00+00:00,1451.3,1451.3,1480.326,11701.32357969422,1755.198536954133,31.52515602620406,0.017961020000000077,1,4,take_profit
normal,2021-02-23 09:22:00+00:00,2021-02-23 09:29:00+00:00,1478.19,1478.19,1507.7538000000002,11732.848735720425,1759.9273103580638,31.610089619887503,0.017961020000000064,1,8,take_profit
normal,2021-02-23 09:30:00+00:00,2021-02-23 11:45:00+00:00,1506.56,1458.5803821656052,1386.0352,11764.458825340313,4705.783530136125,-242.98980612264313,-0.05163641815789477,2,136,stop_loss
recovery,2021-02-23 11:46:00+00:00,2021-02-23 11:46:00+00:00,1379.82,1379.82,1396.3778399999999,11521.46901921767,5760.734509608835,57.47491733118113,0.009977011999999943,1,1,take_profit
normal,2021-02-23 11:47:00+00:00,2021-02-23 11:58:00+00:00,1408.38,1408.38,1436.5476,11578.94393654885,1736.8415904823275,31.195446543484877,0.01796101999999999,1,12,take_profit
normal,2021-02-23 11:59:00+00:00,2021-02-23 12:15:00+00:00,1444.24,1444.24,1473.1248,11610.139383092337,1741.5209074638506,31.279491849376427,0.017961020000000032,1,17,take_profit
normal,2021-02-23 12:16:00+00:00,2021-02-23 12:46:00+00:00,1476.47,1476.47,1505.9994000000002,11641.418874941712,1746.2128312412567,31.363763586180767,0.01796101999999996,1,31,take_profit
normal,2021-02-23 12:47:00+00:00,2021-02-23 12:52:00+00:00,1506.25,1506.25,1536.375,11672.782638527893,1750.9173957791838,31.44826236393783,0.017961019999999994,1,6,take_profit
normal,2021-02-23 12:53:00+00:00,2021-02-23 14:08:00+00:00,1537.54,1537.5399999999997,1568.2907999999998,11704.230900891831,1755.6346351337745,31.53298879433055,0.01796102000000007,1,76,take_profit
normal,2021-02-23 14:09:00+00:00,2021-02-23 15:07:00+00:00,1569.57,1519.5836942675155,1549.975368152866,11735.76388968616,4694.3055558744645,84.31451597517207,0.017961019999999935,2,59,take_profit
normal,2021-02-23 15:08:00+00:00,2021-02-23 15:37:00+00:00,1536.7,1536.7,1567.434,11820.078405661334,1773.0117608492,31.845099696847683,0.01796101999999999,1,30,take_profit
normal,2021-02-23 15:38:00+00:00,2021-02-23 15:46:00+00:00,1567.95,1567.95,1599.309,11851.923505358182,1777.7885258037272,31.930895267731103,0.01796101999999991,1,9,take_profit
normal,2021-02-23 15:47:00+00:00,2021-02-23 19:33:00+00:00,1598.22,1547.3212738853501,1470.3624,11883.854400625913,4753.541760250365,-245.45587006330243,-0.051636418157894645,2,227,stop_loss
recovery,2021-02-23 19:34:00+00:00,2021-02-23 19:36:00+00:00,1464.86,1464.86,1482.43832,11638.398530562612,5819.199265281306,58.05822090010406,0.00997701200000022,1,3,take_profit
normal,2021-02-23 19:37:00+00:00,2021-02-23 20:46:00+00:00,1481.15,1481.15,1510.7730000000001,11696.456751462716,1754.4685127194073,31.51204404632358,0.01796102000000003,1,70,take_profit
normal,2021-02-23 20:47:00+00:00,2021-02-23 21:02:00+00:00,1512.28,1512.28,1542.5256,11727.96879550904,1759.195319326356,31.596942314326952,0.017961019999999935,1,16,take_profit
normal,2021-02-23 21:03:00+00:00,2021-02-23 23:15:00+00:00,1545.04,1545.04,1575.9408,11759.565737823366,1763.934860673505,31.682069311254054,0.017961020000000008,1,133,take_profit
normal,2021-02-23 23:16:00+00:00,2021-02-24 02:03:00+00:00,1576.49,1576.4900000000002,1608.0198000000003,11791.24780713462,1768.6871710701928,31.767425653335295,0.01796102000000008,1,168,take_profit
normal,2021-02-24 02:04:00+00:00,2021-02-24 04:07:00+00:00,1611.81,1611.81,1644.0462,11823.015232787955,1773.4522849181933,31.853011958461366,0.017961019999999998,1,124,take_profit
normal,2021-02-24 04:08:00+00:00,2021-02-24 08:57:00+00:00,1644.44,1644.44,1677.3288,11854.868244746416,1778.2302367119623,31.938828846188244,0.017961019999999973,1,290,take_profit
normal,2021-02-24 08:58:00+00:00,2021-02-24 09:39:00+00:00,1677.87,1677.87,1711.4273999999998,11886.807073592605,1783.0210610388906,32.0248769377406,0.017961019999999925,1,42,take_profit
normal,2021-02-24 09:40:00+00:00,2021-02-24 21:17:00+00:00,1712.2,1657.6713375796178,1575.2240000000002,11918.831950530344,4767.532780212137,-246.1783162205038,-0.05163641815789462,2,698,stop_loss
recovery,2021-02-24 21:18:00+00:00,2021-02-24 21:58:00+00:00,1570.04,1570.04,1588.88048,11672.653634309841,5836.326817154921,58.22910269067597,0.009977011999999919,1,41,take_profit
normal,2021-02-24 21:59:00+00:00,2021-02-24 23:46:00+00:00,1589.15,1589.15,1620.9330000000002,11730.882737000516,1759.6324105500773,31.60479291853835,0.017961020000000116,1,108,take_profit
normal,2021-02-24 23:47:00+00:00,2021-02-25 00:43:00+00:00,1618.97,1618.97,1651.3494,11762.487529919055,1764.3731294878583,31.68994106619425,0.017961020000000136,1,57,take_profit
normal,2021-02-25 00:44:00+00:00,2021-02-25 22:00:00+00:00,1653.17,1600.5212738853504,1520.9164,11794.17747098525,4717.6709883941,-243.60363188808697,-0.051636418157894874,2,1277,stop_loss
recovery,2021-02-25 22:01:00+00:00,2021-02-26 04:25:00+00:00,1527.4,1511.8142857142857,1529.9560571428572,11550.573839097164,8662.930379322872,86.4301603496715,0.009977012000000306,2,385,take_profit
normal,2021-02-26 04:26:00+00:00,2021-02-26 07:42:00+00:00,1525.64,1477.0527388535033,1403.5888000000002,11637.003999446835,4654.801599778734,-240.35728184821073,-0.051636418157894444,2,197,stop_loss
recovery,2021-02-26 07:43:00+00:00,2021-02-26 07:57:00+00:00,1401.92,1401.9199999999998,1418.7430399999998,11396.646717598625,5698.323358799313,56.8522405306212,0.009977012000000026,1,15,take_profit
normal,2021-02-26 07:58:00+00:00,2021-02-26 08:24:00+00:00,1420.95,1420.95,1449.3690000000001,11453.498958129247,1718.024843719387,30.85747857854085,0.017961020000000036,1,27,take_profit
normal,2021-02-26 08:25:00+00:00,2021-02-26 09:10:00+00:00,1451.54,1451.54,1480.5708,11484.356436707787,1722.653465506168,30.940613347025646,0.01796102000000003,1,46,take_profit
normal,2021-02-26 09:11:00+00:00,2021-02-26 14:32:00+00:00,1482.61,1482.6099999999997,1512.2621999999997,11515.297050054813,1727.294557508222,31.023972093296152,0.0179610199999999,1,322,take_profit
normal,2021-02-26 14:33:00+00:00,2021-02-26 16:07:00+00:00,1514.28,1514.28,1544.5656,11546.32102214811,1731.9481533222163,31.10755542078323,0.017961019999999904,1,95,take_profit
normal,2021-02-26 16:08:00+00:00,2021-02-26 22:02:00+00:00,1544.05,1494.8764331210189,1420.526,11577.428577568891,4630.971431027557,-239.1267772898036,-0.051636418157894846,2,355,stop_loss
recovery,2021-02-26 22:03:00+00:00,2021-02-26 22:41:00+00:00,1422.42,1422.42,1439.4890400000002,11338.301800279089,5669.150900139544,56.5611865605033,0.009977012000000047,1,39,take_profit
normal,2021-02-26 22:42:00+00:00,2021-02-27 00:27:00+00:00,1439.13,1439.1299999999999,1467.9125999999999,11394.862986839591,1709.2294480259386,30.699504300582703,0.017961019999999918,1,106,take_profit
normal,2021-02-27 00:28:00+00:00,2021-02-27 01:08:00+00:00,1468.02,1468.02,1497.3804,11425.562491140174,1713.834373671026,30.782213462192658,0.017961019999999935,1,41,take_profit
normal,2021-02-27 01:09:00+00:00,2021-02-27 06:42:00+00:00,1498.34,1498.34,1528.3067999999998,11456.344704602365,1718.4517056903546,30.865145454938556,0.01796101999999999,1,334,take_profit
normal,2021-02-27 06:43:00+00:00,2021-02-27 19:10:00+00:00,1528.03,1479.3666242038216,1508.9539566878982,11487.209850057303,4594.883940022921,82.52880234443091,0.017961020000000095,2,748,take_profit
normal,2021-02-27 19:11:00+00:00,2021-02-28 03:40:00+00:00,1508.7,1460.6522292993632,1388.0040000000001,11569.738652401735,4627.8954609606935,-238.96794521318952,-0.05163641815789476,2,510,stop_loss
recovery,2021-02-28 03:41:00+00:00,2021-02-28 19:56:00+00:00,1388.86,1374.6879591836732,1391.1842146938773,11330.770707188545,8498.078030391409,84.78542648615075,0.009977011999999919,2,976,take_profit
normal,2021-02-28 19:57:00+00:00,2021-02-28 21:41:00+00:00,1393.35,1393.35,1421.2169999999999,11415.556133674696,1712.3334200512043,30.755254804208107,0.017961020000000015,1,105,take_profit
normal,2021-02-28 21:42:00+00:00,2021-03-01 02:26:00+00:00,1422.06,1422.06,1450.5012,11446.311388478905,1716.9467082718359,30.838114166204605,0.017961019999999998,1,285,take_profit
normal,2021-03-01 02:27:00+00:00,2021-03-01 09:06:00+00:00,1450.01,1450.01,1479.0102,11477.149502645108,1721.5724253967662,30.92119676399966,0.017961019999999904,1,400,take_profit
normal,2021-03-01 09:07:00+00:00,2021-03-01 09:42:00+00:00,1478.8,1478.8000000000002,1508.3760000000002,11508.070699409109,1726.2106049113663,31.00450319902552,0.017961020000000216,1,36,take_profit
normal,2021-03-01 09:43:00+00:00,2021-03-01 14:32:00+00:00,1509.63,1509.63,1539.8226000000002,11539.075202608134,1730.86128039122,31.088034074332427,0.017961020000000067,1,290,take_profit
normal,2021-03-01 14:33:00+00:00,2021-03-02 00:01:00+00:00,1541.32,1541.32,1572.1463999999999,11570.163236682465,1735.5244855023698,31.171789994597702,0.01796101999999996,1,569,take_profit
normal,2021-03-02 00:02:00+00:00,2021-03-03 05:30:00+00:00,1573.01,1522.9141401273882,1553.372422929936,11601.335026677063,4640.534010670825,83.34872417633869,0.017961019999999953,2,1769,take_profit
normal,2021-03-03 05:31:00+00:00,2021-03-03 08:18:00+00:00,1553.0,1552.9999999999998,1584.0599999999997,11684.6837508534,1752.7025626280101,31.48032578141283,0.017961019999999935,1,168,take_profit
normal,2021-03-03 08:19:00+00:00,2021-03-03 12:34:00+00:00,1587.18,1587.18,1618.9236,11716.164076634814,1757.424611495222,31.565138595557983,0.01796102000000004,1,256,take_profit
normal,2021-03-03 12:35:00+00:00,2021-03-03 12:47:00+00:00,1618.45,1618.45,1650.8190000000002,11747.72921523037,1762.1593822845555,31.650179908400787,0.017961020000000136,1,13,take_profit
normal,2021-03-03 12:48:00+00:00,2021-03-04 18:47:00+00:00,1655.5,1602.777070063694,1523.0600000000002,11779.379395138772,4711.751758055509,-243.29798403514906,-0.051636418157894555,2,1800,stop_loss
recovery,2021-03-04 18:48:00+00:00,2021-03-04 23:20:00+00:00,1523.65,1523.65,1541.9338,11536.081411103623,5768.040705551812,57.54781133577853,0.009977011999999938,1,273,take_profit
normal,2021-03-04 23:21:00+00:00,2021-03-05 18:13:00+00:00,1540.85,1491.7783439490445,1521.6139108280254,11593.629222439402,4637.451688975761,83.29336253472775,0.01796102000000007,2,1133,take_profit
normal,2021-03-05 18:14:00+00:00,2021-03-06 05:33:00+00:00,1519.96,1519.96,1550.3592,11676.92258497413,1751.5383877461195,31.459416013075725,0.017961019999999953,1,590,take_profit
normal,2021-03-06 05:34:00+00:00,2021-03-06 06:02:00+00:00,1551.31,1551.31,1582.3362,11708.382000987207,1756.257300148081,31.544172493105634,0.01796101999999997,1,29,take_profit
normal,2021-03-06 06:03:00+00:00,2021-03-06 18:05:00+00:00,1580.03,1580.03,1611.6306,11739.926173480311,1760.9889260220466,31.629157320060585,0.01796102000000005,1,723,take_profit
normal,2021-03-06 18:06:00+00:00,2021-03-06 20:15:00+00:00,1611.1,1611.1000000000001,1643.3220000000001,11771.555330800373,1765.733299620056,31.714371109141894,0.017961020000000043,1,130,take_profit
normal,2021-03-06 20:16:00+00:00,2021-03-07 00:12:00+00:00,1642.0,1642.0000000000002,1674.8400000000004,11803.269701909514,1770.490455286427,31.799814477208884,0.017961020000000147,1,237,take_profit
normal,2021-03-07 00:13:00+00:00,2021-03-07 23:27:00+00:00,1674.49,1674.49,1707.9798,11835.069516386724,1775.2604274580085,31.88548804278207,0.01796102000000013,1,1395,take_profit
normal,2021-03-07 23:28:00+00:00,2021-03-08 00:03:00+00:00,1710.35,1710.35,1744.557,11866.955004429507,1780.0432506644258,31.971392426048624,0.01796101999999992,1,36,take_profit
normal,2021-03-08 00:04:00+00:00,2021-03-08 19:32:00+00:00,1736.91,1736.9099999999999,1771.6481999999999,11898.926396855555,1784.8389595283331,32.057528248867584,0.01796102,1,1169,take_profit
normal,2021-03-08 19:33:00+00:00,2021-03-08 23:17:00+00:00,1770.93,1770.93,1806.3486,11930.983925104423,1789.6475887656634,32.14389613477192,0.017961020000000036,1,225,take_profit
normal,2021-03-08 23:18:00+00:00,2021-03-09 01:32:00+00:00,1809.04,1809.04,1845.2208,11963.127821239195,1794.4691731858793,32.230496708975124,0.017961020000000046,1,135,take_profit
normal,2021-03-09 01:33:00+00:00,2021-03-11 21:02:00+00:00,1844.93,1786.1742675159235,1821.897752866242,11995.35831794817,4798.143327179268,86.1795482623329,0.0179610199999999,2,4050,take_profit
normal,2021-03-11 21:03:00+00:00,2021-03-13 10:12:00+00:00,1825.56,1767.4211464968153,1802.7695694267516,12081.537866210503,4832.615146484201,86.79869729830625,0.01796102000000012,2,2230,take_profit
normal,2021-03-13 10:13:00+00:00,2021-03-13 10:31:00+00:00,1809.61,1809.6099999999997,1845.8021999999996,12168.336563508808,1825.2504845263213,32.78336045758692,0.017961019999999987,1,19,take_profit
normal,2021-03-13 10:32:00+00:00,2021-03-13 11:36:00+00:00,1848.57,1848.57,1885.5414,12201.119923966395,1830.167988594959,32.87168384651409,0.01796102000000014,1,65,take_profit
normal,2021-03-13 11:37:00+00:00,2021-03-13 19:44:00+00:00,1887.87,1887.87,1925.6273999999999,12233.991607812908,1835.0987411719361,32.96024519216394,0.017961019999999984,1,488,take_profit
normal,2021-03-13 19:45:00+00:00,2021-03-15 07:25:00+00:00,1925.62,1864.294522292993,1771.5704,12266.951853005072,4906.780741202028,-253.368582161811,-0.05163641815789441,2,2141,stop_loss
recovery,2021-03-15 07:26:00+00:00,2021-03-15 07:31:00+00:00,1781.66,1781.66,1803.0399200000002,12013.58327084326,6006.79163542163,59.929832228101986,0.009977012000000125,1,6,take_profit
normal,2021-03-15 07:32:00+00:00,2021-03-16 06:35:00+00:00,1804.36,1746.8963057324838,1781.8342318471334,12073.513103071364,4829.4052412285455,86.74104412581073,0.01796102,2,1384,take_profit
normal,2021-03-16 06:36:00+00:00,2021-03-16 08:19:00+00:00,1783.26,1783.2599999999998,1818.9251999999997,12160.254147197174,1824.0381220795762,32.76158519143337,0.017961019999999814,1,104,take_profit
normal,2021-03-16 08:20:00+00:00,2021-03-20 13:05:00+00:00,1817.68,1817.6800000000003,1854.0336000000004,12193.015732388609,1828.9523598582912,32.84984991446231,0.01796102000000019,1,6046,take_profit
normal,2021-03-20 13:06:00+00:00,2021-03-22 20:44:00+00:00,1854.65,1795.5847133757961,1706.2780000000002,12225.865582303071,4890.346232921229,-252.5199630200059,-0.05163641815789474,2,3339,stop_loss
recovery,2021-03-22 20:45:00+00:00,2021-03-23 12:14:00+00:00,1704.49,1687.097244897959,1707.3424118367345,11973.345619283065,8980.0092144623,89.59365969280043,0.009977011999999943,2,930,take_profit
normal,2021-03-23 12:15:00+00:00,2021-03-24 12:12:00+00:00,1705.58,1705.5799999999997,1739.6915999999997,12062.939278975866,1809.4408918463798,32.499404047270446,0.01796101999999988,1,1438,take_profit
normal,2021-03-24 12:13:00+00:00,2021-03-24 20:27:00+00:00,1737.19,1681.8654777070064,1598.2148000000002,12095.438683023136,4838.175473209254,-249.82605185590273,-0.051636418157894624,2,495,stop_loss
recovery,2021-03-24 20:28:00+00:00,2021-03-24 20:44:00+00:00,1594.83,1594.83,1613.96796,11845.612631167234,5922.806315583617,59.09190968425355,0.009977012000000002,1,17,take_profit
normal,2021-03-24 20:45:00+00:00,2021-03-26 13:44:00+00:00,1613.41,1613.41,1645.6782,11904.704540851488,1785.7056811277232,32.07309545284852,0.01796101999999992,1,2460,take_profit
normal,2021-03-26 13:45:00+00:00,2021-03-26 21:43:00+00:00,1646.44,1646.44,1679.3688000000002,11936.777636304336,1790.5166454456503,32.15950527918244,0.017961020000000116,1,479,take_profit
normal,2021-03-26 21:44:00+00:00,2021-03-27 00:02:00+00:00,1678.7,1678.6999999999998,1712.274,11968.937141583518,1795.3405712375277,32.246147906808574,0.017961019999999953,1,139,take_profit
normal,2021-03-27 00:03:00+00:00,2021-03-29 09:13:00+00:00,1712.85,1712.8499999999997,1747.1069999999997,12001.183289490325,1800.1774934235489,32.333023962930156,0.01796101999999996,1,3431,take_profit
normal,2021-03-29 09:14:00+00:00,2021-03-29 12:06:00+00:00,1747.17,1747.17,1782.1134000000002,12033.516313453256,1805.0274470179884,32.42013407643935,0.017961020000000178,1,173,take_profit
normal,2021-03-29 12:07:00+00:00,2021-03-29 17:07:00+00:00,1783.15,1783.1499999999999,1818.8129999999999,12065.936447529695,1809.8904671294542,32.507478877921585,0.017961020000000064,1,301,take_profit
normal,2021-03-29 17:08:00+00:00,2021-03-30 19:59:00+00:00,1820.38,1820.38,1856.7876,12098.443926407615,1814.7665889611424,32.5950589996628,0.017961019999999966,1,1612,take_profit
normal,2021-03-30 20:00:00+00:00,2021-03-31 19:00:00+00:00,1858.27,1858.27,1895.4354,12131.038985407278,1819.6558478110917,32.682875075651964,0.017961019999999994,1,1381,take_profit
normal,2021-03-31 19:01:00+00:00,2021-03-31 20:51:00+00:00,1895.69,1895.69,1933.6038,12163.72186048293,1824.5582790724395,32.770927741585865,0.01796102000000011,1,111,take_profit
normal,2021-03-31 20:52:00+00:00,2021-04-01 18:49:00+00:00,1932.39,1932.39,1971.0378,12196.492788224516,1829.4739182336773,32.85921763487363,0.017961020000000102,1,1318,take_profit
normal,2021-04-01 18:50:00+00:00,2021-04-02 03:03:00+00:00,1969.77,1969.77,2009.1654,12229.35200585939,1834.4028008789085,32.9477453946422,0.017961020000000057,1,494,take_profit
normal,2021-04-02 03:04:00+00:00,2021-04-02 14:42:00+00:00,2010.0,2010.0,2050.2,12262.299751254031,1839.3449626881047,33.03651166173995,0.01796101999999981,1,699,take_profit
normal,2021-04-02 14:43:00+00:00,2021-04-02 20:35:00+00:00,2051.87,2051.87,2092.9074,12295.336262915771,1844.3004394373656,33.125517078743314,0.01796102,1,353,take_profit
normal,2021-04-02 20:36:00+00:00,2021-04-02 23:22:00+00:00,2091.62,2091.62,2133.4524,12328.461779994514,1849.269266999177,33.21476228995789,0.017961020000000178,1,167,take_profit
normal,2021-04-02 23:23:00+00:00,2021-04-05 14:26:00+00:00,2135.24,2067.238726114649,2108.583500636942,12361.676542284471,4944.670616913789,88.81132784379952,0.01796101999999972,2,3784,take_profit
normal,2021-04-05 14:27:00+00:00,2021-04-06 01:01:00+00:00,2105.86,2105.86,2147.9772000000003,12450.487870128272,1867.5731805192409,33.543519246770074,0.017961020000000202,1,635,take_profit
normal,2021-04-06 01:02:00+00:00,2021-04-07 11:27:00+00:00,2149.72,2081.2575796178344,1977.7423999999999,12484.031389375043,4993.612555750017,-257.85226604722175,-0.05163641815789482,2,2066,stop_loss
recovery,2021-04-07 11:28:00+00:00,2021-04-07 13:40:00+00:00,1982.48,1982.48,2006.2697600000001,12226.179123327822,6113.089561663911,60.990367913796035,0.009977012000000075,1,133,take_profit
normal,2021-04-07 13:41:00+00:00,2021-04-08 14:22:00+00:00,2006.07,2006.07,2046.1914,12287.169491241617,1843.0754236862424,33.10351454633701,0.017961019999999966,1,1482,take_profit
normal,2021-04-08 14:23:00+00:00,2021-04-09 00:11:00+00:00,2046.81,2046.81,2087.7462,12320.273005787953,1848.0409508681928,33.19270047936266,0.017961020000000015,1,589,take_profit
normal,2021-04-09 00:12:00+00:00,2021-04-10 03:03:00+00:00,2087.42,2087.42,2129.1684,12353.465706267314,1853.019855940097,33.28212669293703,0.017961019999999907,1,1612,take_profit
normal,2021-04-10 03:04:00+00:00,2021-04-10 04:16:00+00:00,2129.62,2129.62,2172.2124,12386.747832960253,1858.0121749440377,33.37179383441321,0.017961019999999918,1,73,take_profit
normal,2021-04-10 04:17:00+00:00,2021-04-13 08:34:00+00:00,2171.24,2171.24,2214.6648,12420.119626794667,1863.0179440192,33.4617025528878,0.017961020000000036,1,4578,take_profit
normal,2021-04-13 08:35:00+00:00,2021-04-13 14:56:00+00:00,2213.73,2213.73,2258.0046,12453.581329347555,1868.0371994021332,33.55185349920589,0.017961020000000102,1,382,take_profit
normal,2021-04-13 14:57:00+00:00,2021-04-13 17:53:00+00:00,2258.7,2258.7,2303.874,12487.133182846761,1873.069977427014,33.64224732596608,0.017961019999999966,1,177,take_profit
normal,2021-04-13 17:54:00+00:00,2021-04-14 03:38:00+00:00,2301.87,2301.87,2347.9074,12520.775430172727,1878.116314525909,33.732884687526166,0.01796102000000001,1,585,take_profit
normal,2021-04-14 03:39:00+00:00,2021-04-14 06:11:00+00:00,2348.76,2348.76,2395.7352,12554.508314860253,1883.176247229038,33.8237662400054,0.01796101999999984,1,153,take_profit
normal,2021-04-14 06:12:00+00:00,2021-04-14 22:11:00+00:00,2385.42,2385.42,2433.1284,12588.33208110026,1888.2498121650387,33.91489264129268,0.017961020000000095,1,960,take_profit
normal,2021-04-14 22:12:00+00:00,2021-04-15 08:08:00+00:00,2432.83,2432.83,2481.4866,12622.246973741552,1893.3370460612327,34.006264551047025,0.01796102000000016,1,597,take_profit
normal,2021-04-15 08:09:00+00:00,2021-04-15 22:32:00+00:00,2483.94,2483.94,2533.6188,12656.253238292598,1898.4379857438896,34.09788263070595,0.017961020000000126,1,864,take_profit
normal,2021-04-15 22:33:00+00:00,2021-04-16 11:20:00+00:00,2539.99,2459.0985987261147,2336.7907999999998,12690.351120923306,5076.140448369322,-262.11371082020196,-0.051636418157894805,2,768,stop_loss
recovery,2021-04-16 11:21:00+00:00,2021-04-16 11:28:00+00:00,2335.21,2335.21,2363.23252,12428.237410103104,6214.118705051552,61.99833688972285,0.009977011999999848,1,8,take_profit
normal,2021-04-16 11:29:00+00:00,2021-04-16 14:32:00+00:00,2366.85,2366.85,2414.187,12490.235746992827,1873.5353620489238,33.65060610846808,0.017961020000000064,1,184,take_profit
normal,2021-04-16 14:33:00+00:00,2021-04-16 20:49:00+00:00,2408.31,2408.31,2456.4762,12523.886353101294,1878.582952965194,33.74126598986709,0.017961020000000095,1,377,take_profit
normal,2021-04-16 20:50:00+00:00,2021-04-18 00:30:00+00:00,2454.67,2376.4957961783443,2258.2964,12557.62761909116,5023.051047636463,-259.3723643242074,-0.05163641815789469,2,1661,stop_loss
recovery,2021-04-18 00:31:00+00:00,2021-04-18 00:34:00+00:00,2251.0,2251.0,2278.012,12298.255254766951,6149.127627383476,61.34992012793646,0.009977011999999999,1,4,take_profit
normal,2021-04-18 00:35:00+00:00,2021-04-18 03:21:00+00:00,2282.61,2209.915414012739,2100.0012,12359.605174894888,4943.842069957956,-255.28229643094073,-0.05163641815789471,2,167,stop_loss
recovery,2021-04-18 03:22:00+00:00,2021-04-18 03:22:00+00:00,2084.11,2084.11,2109.1193200000002,12104.322878463949,6052.161439231974,60.38248730515534,0.009977012000000108,1,1,take_profit
normal,2021-04-18 03:23:00+00:00,2021-04-18 03:45:00+00:00,2105.01,2037.971464968153,2078.7308942675163,12164.705365769103,4865.882146307641,87.39620654747523,0.017961020000000157,2,23,take_profit
normal,2021-04-18 03:46:00+00:00,2021-04-18 03:53:00+00:00,2085.42,2085.42,2127.1284,12252.101572316578,1837.8152358474867,33.00903620736153,0.017961020000000057,1,8,take_profit
normal,2021-04-18 03:54:00+00:00,2021-04-18 04:00:00+00:00,2134.33,2134.33,2177.0166,12285.110608523939,1842.7665912785908,33.09796760128643,0.017961019999999907,1,7,take_profit
normal,2021-04-18 04:01:00+00:00,2021-04-18 04:28:00+00:00,2154.38,2154.38,2197.4676,12318.208576125226,1847.7312864187838,33.18713858999331,0.017961019999999894,1,28,take_profit
normal,2021-04-18 04:29:00+00:00,2021-04-18 07:30:00+00:00,2182.27,2182.27,2225.9154,12351.395714715218,1852.7093572072827,33.27654981898718,0.017961020000000015,1,182,take_profit
normal,2021-04-18 07:31:00+00:00,2021-04-18 11:53:00+00:00,2225.6,2154.7210191082804,2047.552,12384.672264534205,4953.868905813682,-255.8000463199878,-0.05163641815789475,2,263,stop_loss
recovery,2021-04-18 11:54:00+00:00,2021-04-18 12:01:00+00:00,2049.13,2049.13,2073.71956,12128.87221821422,6064.43610910711,60.50495183379462,0.009977011999999947,1,8,take_profit
normal,2021-04-18 12:02:00+00:00,2021-04-18 13:12:00+00:00,2070.44,2070.44,2111.8488,12189.377170048014,1828.406575507202,32.84004707081658,0.01796102000000012,1,71,take_profit
normal,2021-04-18 13:13:00+00:00,2021-04-18 16:09:00+00:00,2114.73,2114.73,2157.0246,12222.21721711883,1833.3325825678246,32.9285231821525,0.017961020000000084,1,177,take_profit
normal,2021-04-18 16:10:00+00:00,2021-04-18 20:27:00+00:00,2156.32,2156.32,2199.4464000000003,12255.145740300984,1838.2718610451477,33.01723766166924,0.017961020000000067,1,258,take_profit
normal,2021-04-18 20:28:00+00:00,2021-04-18 23:46:00+00:00,2204.49,2204.49,2248.5798,12288.162977962653,1843.2244466943978,33.106191151567145,0.01796102000000007,1,199,take_profit
normal,2021-04-18 23:47:00+00:00,2021-04-19 01:14:00+00:00,2247.6,2247.6,2292.552,12321.26916911422,1848.1903753671331,33.1953842957771,0.01796102000000028,1,88,take_profit
normal,2021-04-19 01:15:00+00:00,2021-04-19 15:46:00+00:00,2267.36,2195.151082802548,2085.9712000000004,12354.464553409998,4941.785821363999,-255.17611911870517,-0.051636418157894416,2,872,stop_loss
recovery,2021-04-19 15:47:00+00:00,2021-04-19 15:53:00+00:00,2080.2,2080.2,2105.1623999999997,12099.288434291293,6049.6442171456465,60.35737295019226,0.009977011999999924,1,7,take_profit
normal,2021-04-19 15:54:00+00:00,2021-04-19 18:02:00+00:00,2110.0,2110.0,2152.2,12159.645807241486,1823.946871086223,32.75994623051679,0.017961019999999845,1,129,take_profit
normal,2021-04-19 18:03:00+00:00,2021-04-19 20:30:00+00:00,2155.25,2155.25,2198.355,12192.405753472001,1828.8608630208003,32.84820653793395,0.01796102000000005,1,148,take_profit
normal,2021-04-19 20:31:00+00:00,2021-04-20 10:20:00+00:00,2198.37,2128.3582165605094,2170.9253808917197,12225.253960009935,4890.1015840039745,87.83121235232647,0.01796101999999988,2,680,take_profit
normal,2021-04-20 10:21:00+00:00,2021-04-20 13:33:00+00:00,2171.68,2171.68,2215.1135999999997,12313.085172362264,1846.9627758543395,33.17333535637522,0.017961019999999953,1,193,take_profit
normal,2021-04-20 13:34:00+00:00,2021-04-20 16:53:00+00:00,2215.76,2215.76,2260.0752,12346.25850771864,1851.938776157796,33.262709397345816,0.017961020000000064,1,200,take_profit
normal,2021-04-20 16:54:00+00:00,2021-04-20 19:35:00+00:00,2254.97,2254.97,2300.0694,12379.521217115986,1856.9281825673977,33.35232422565696,0.01796102000000015,1,162,take_profit
normal,2021-04-20 19:36:00+00:00,2021-04-21 00:14:00+00:00,2303.63,2303.63,2349.7026,12412.873541341643,1861.9310312012465,33.4421804900262,0.017961019999999994,1,279,take_profit
normal,2021-04-21 00:15:00+00:00,2021-04-21 14:33:00+00:00,2350.62,2350.62,2397.6324,12446.31572183167,1866.9473582747505,33.53227884092007,0.01796102000000006,1,859,take_profit
normal,2021-04-21 14:34:00+00:00,2021-04-21 16:02:00+00:00,2402.66,2402.66,2450.7131999999997,12479.84800067259,1871.9772001008882,33.62261993055586,0.017961019999999894,1,89,take_profit
normal,2021-04-21 16:03:00+00:00,2021-04-22 01:01:00+00:00,2457.52,2379.2550318471335,2426.840132484076,12513.470620603146,5005.388248241258,89.90187843442527,0.017961019999999814,2,539,take_profit
normal,2021-04-22 01:02:00+00:00,2021-04-22 05:57:00+00:00,2427.16,2427.16,2475.7032,12603.37249903757,1890.5058748556355,33.95541382839974,0.01796102000000009,1,296,take_profit
normal,2021-04-22 05:58:00+00:00,2021-04-22 11:00:00+00:00,2474.01,2474.01,2523.4902,12637.32791286597,1895.5991869298955,34.04689490843134,0.01796101999999987,1,303,take_profit
normal,2021-04-22 11:01:00+00:00,2021-04-22 12:05:00+00:00,2525.0,2525.0,2575.5,12671.374807774402,1900.7062211661603,34.138622452489926,0.017961020000000053,1,65,take_profit
normal,2021-04-22 12:06:00+00:00,2021-04-22 16:23:00+00:00,2576.75,2576.75,2628.285,12705.513430226893,1905.8270145340339,34.230597124585984,0.017961019999999953,1,258,take_profit
normal,2021-04-22 16:24:00+00:00,2021-04-22 20:46:00+00:00,2625.81,2542.185477707006,2415.7452,12739.744027351479,5095.897610940591,-263.13389992834436,-0.05163641815789458,2,263,stop_loss
recovery,2021-04-22 20:47:00+00:00,2021-04-22 21:24:00+00:00,2423.53,2398.8001020408165,2427.585703265306,12476.610127423133,9357.45759556735,93.3594667204652,0.009977011999999851,2,38,take_profit
normal,2021-04-22 21:25:00+00:00,2021-04-23 02:15:00+00:00,2428.62,2351.2754140127386,2234.3304,12569.969594143598,5027.98783765744,-259.627282478089,-0.05163641815789483,2,291,stop_loss
recovery,2021-04-23 02:16:00+00:00,2021-04-23 02:47:00+00:00,2235.74,2212.9263265306117,2239.481442448979,12310.34231166551,9232.756733749133,92.11532472569525,0.00997701199999993,2,32,take_profit
normal,2021-04-23 02:48:00+00:00,2021-04-23 03:42:00+00:00,2244.94,2244.94,2289.8388,12402.457636391206,1860.3686454586807,33.41411844845629,0.01796102000000001,1,55,take_profit
normal,2021-04-23 03:43:00+00:00,2021-04-23 08:10:00+00:00,2290.83,2217.873630573248,2107.5636,12435.871754839662,4974.3487019358645,-256.857549636341,-0.0516364181578947,2,268,stop_loss
recovery,2021-04-23 08:11:00+00:00,2021-04-23 08:29:00+00:00,2152.05,2152.05,2177.8746,12179.014205203322,6089.507102601661,60.755085436741865,0.009977011999999976,1,19,take_profit
normal,2021-04-23 08:30:00+00:00,2021-04-23 08:58:00+00:00,2172.4,2172.4,2215.848,12239.769290640064,1835.9653935960096,32.975811153685754,0.017961019999999977,1,29,take_profit
normal,2021-04-23 08:59:00+00:00,2021-04-23 10:15:00+00:00,2215.36,2215.36,2259.6672000000003,12272.74510179375,1840.9117652690622,33.06465303423306,0.01796102000000007,1,77,take_profit
normal,2021-04-23 10:16:00+00:00,2021-04-23 11:24:00+00:00,2255.86,2255.86,2300.9772000000003,12305.809754827982,1845.8714632241972,33.15373426839915,0.017961020000000043,1,69,take_profit
normal,2021-04-23 11:25:00+00:00,2021-04-23 16:06:00+00:00,2303.01,2303.01,2349.0702,12338.96348909638,1850.844523364457,33.24305550103941,0.01796101999999996,1,282,take_profit
normal,2021-04-23 16:07:00+00:00,2021-04-24 03:04:00+00:00,2347.76,2272.990573248408,2318.4503847133765,12372.206544597419,4948.882617838967,88.88697967665848,0.017961020000000088,2,658,take_profit
normal,2021-04-24 03:05:00+00:00,2021-04-24 18:22:00+00:00,2315.55,2241.8063694267516,2286.642496815287,12461.093524274078,4984.4374097096315,89.52558000454246,0.017961019999999914,2,918,take_profit
normal,2021-04-24 18:23:00+00:00,2021-04-25 14:31:00+00:00,2285.41,2285.41,2331.1182,12550.619104278621,1882.5928656417932,33.813288111649626,0.017961020000000036,1,925,take_profit
normal,2021-04-25 14:32:00+00:00,2021-04-25 23:27:00+00:00,2330.73,2256.5029299363055,2301.6329885350315,12584.432392390272,5033.772956956109,90.4116967553473,0.017961019999999897,2,536,take_profit
normal,2021-04-25 23:28:00+00:00,2021-04-26 00:09:00+00:00,2301.87,2301.87,2347.9074,12674.84408914562,1901.2266133718429,34.1479692273042,0.01796102000000014,1,42,take_profit
normal,2021-04-26 00:10:00+00:00,2021-04-26 00:16:00+00:00,2367.36,2367.36,2414.7072000000003,12708.992058372924,1906.3488087559385,34.239969081041636,0.017961020000000025,1,7,take_profit
normal,2021-04-26 00:17:00+00:00,2021-04-26 02:00:00+00:00,2407.56,2407.56,2455.7112,12743.232027453965,1911.4848041180946,34.33221679646135,0.01796102000000009,1,104,take_profit
normal,2021-04-26 02:01:00+00:00,2021-04-26 11:22:00+00:00,2457.35,2457.35,2506.497,12777.564244250427,1916.634636637564,34.424713041340055,0.01796102000000002,1,562,take_profit
normal,2021-04-26 11:23:00+00:00,2021-04-27 06:13:00+00:00,2509.99,2509.99,2560.1897999999997,12811.988957291767,1921.798343593765,34.51745848525411,0.017961019999999807,1,1131,take_profit
normal,2021-04-27 06:14:00+00:00,2021-04-27 14:27:00+00:00,2550.04,2550.04,2601.0408,12846.506415777023,1926.9759623665534,34.61045379958546,0.017961020000000282,1,494,take_profit
normal,2021-04-27 14:28:00+00:00,2021-04-27 15:39:00+00:00,2600.09,2600.09,2652.0918,12881.116869576608,1932.1675304364912,34.703699657520474,0.017961020000000025,1,72,take_profit
normal,2021-04-27 15:40:00+00:00,2021-04-28 01:31:00+00:00,2651.77,2651.77,2704.8054,12915.820569234129,1937.3730853851193,34.79719673406407,0.017961020000000123,1,592,take_profit
normal,2021-04-28 01:32:00+00:00,2021-04-28 11:13:00+00:00,2705.11,2618.96,2671.3392,12950.617765968193,5180.247106387277,93.04252188276314,0.01796101999999983,2,582,take_profit
normal,2021-04-28 11:14:00+00:00,2021-04-28 12:13:00+00:00,2668.12,2668.12,2721.4824,13043.660287850957,1956.5490431776434,35.141616495494645,0.017961020000000067,1,60,take_profit
normal,2021-04-28 12:14:00+00:00,2021-04-29 12:16:00+00:00,2721.45,2721.45,2775.879,13078.801904346452,1961.8202856519677,35.23629338700084,0.01796102000000007,1,1443,take_profit
normal,2021-04-29 12:17:00+00:00,2021-05-01 02:10:00+00:00,2779.28,2779.28,2834.8656,13114.038197733453,1967.105729660018,35.33122535253801,0.017961019999999918,1,2274,take_profit
normal,2021-05-01 02:11:00+00:00,2021-05-01 16:48:00+00:00,2834.69,2834.69,2891.3838,13149.369423085991,1972.4054134628987,35.42641307931558,0.017961020000000095,1,878,take_profit
normal,2021-05-01 16:49:00+00:00,2021-05-01 20:52:00+00:00,2891.85,2891.85,2949.687,13184.795836165307,1977.719375424796,35.521857256392195,0.017961019999999963,1,244,take_profit
normal,2021-05-01 20:53:00+00:00,2021-05-03 01:40:00+00:00,2950.17,2950.17,3009.1734,13220.317693421699,1983.0476540132547,35.61755857468529,0.01796102000000007,1,1728,take_profit
normal,2021-05-03 01:41:00+00:00,2021-05-03 05:22:00+00:00,3016.75,3016.75,3077.085,13255.935251996383,1988.3902877994574,35.71351772697176,0.017961019999999973,1,222,take_profit
normal,2021-05-03 05:23:00+00:00,2021-05-03 07:28:00+00:00,3076.47,3076.47,3137.9993999999997,13291.648769723355,1993.7473154585032,35.80973540789637,0.017961019999999942,1,126,take_profit
normal,2021-05-03 07:29:00+00:00,2021-05-03 08:39:00+00:00,3136.23,3136.23,3198.9546,13327.45850513125,1999.1187757696873,35.90621231397495,0.01796102000000004,1,71,take_profit
normal,2021-05-03 08:40:00+00:00,2021-05-03 16:50:00+00:00,3196.35,3196.35,3260.277,13363.364717445224,2004.5047076167834,36.00294914359915,0.017961019999999977,1,491,take_profit
normal,2021-05-03 16:51:00+00:00,2021-05-03 18:56:00+00:00,3267.15,3267.1499999999996,3332.4929999999995,13399.367666588823,2009.9051499883235,36.09994659704307,0.017961019999999897,1,126,take_profit
normal,2021-05-03 18:57:00+00:00,2021-05-03 22:27:00+00:00,3328.0,3328.0,3394.56,13435.467613185865,2015.3201419778798,36.19720537646754,0.017961019999999998,1,211,take_profit
normal,2021-05-03 22:28:00+00:00,2021-05-04 04:58:00+00:00,3394.98,3286.8596178343946,3352.5968101910826,13471.664818562333,5388.665927424933,96.78593649579761,0.01796101999999997,2,391,take_profit
normal,2021-05-04 04:59:00+00:00,2021-05-04 10:48:00+00:00,3352.98,3352.9800000000005,3420.0396000000005,13568.45075505813,2035.2676132587194,36.55548230709246,0.017961020000000164,1,350,take_profit
normal,2021-05-04 10:49:00+00:00,2021-05-04 13:22:00+00:00,3426.55,3426.55,3495.081,13605.006237365222,2040.750935604783,36.65396836941591,0.017961019999999845,1,154,take_profit
normal,2021-05-04 13:23:00+00:00,2021-05-04 15:23:00+00:00,3498.23,3386.8214012738854,3218.3716,13641.660205734637,5456.664082293855,-281.7625883004903,-0.05163641815789471,2,121,stop_loss
recovery,2021-05-04 15:24:00+00:00,2021-05-04 15:26:00+00:00,3252.07,3252.0699999999997,3291.0948399999997,13359.897617434148,6679.948808717074,66.64592942395575,0.00997701199999997,1,3,take_profit
normal,2021-05-04 15:27:00+00:00,2021-05-04 18:42:00+00:00,3283.27,3283.27,3348.9354,13426.543546858104,2013.9815320287155,36.173162576398454,0.017961020000000025,1,196,take_profit
normal,2021-05-04 18:43:00+00:00,2021-05-05 01:09:00+00:00,3380.33,3272.676178343949,3338.129701910828,13462.716709434502,5385.086683773801,96.72164962899478,0.017961019999999973,2,387,take_profit
normal,2021-05-05 01:10:00+00:00,2021-05-05 16:45:00+00:00,3349.89,3349.89,3416.8878,13559.438359063497,2033.9157538595246,36.53120153338568,0.017961019999999845,1,936,take_profit
normal,2021-05-05 16:46:00+00:00,2021-05-05 22:22:00+00:00,3422.12,3422.12,3490.5624,13595.969560596883,2039.3954340895323,36.6296221795908,0.01796102000000001,1,337,take_profit
normal,2021-05-05 22:23:00+00:00,2021-05-06 15:22:00+00:00,3484.94,3484.94,3554.6388,13632.599182776474,2044.8898774164709,36.728307986074924,0.01796102000000007,1,1020,take_profit
normal,2021-05-06 15:23:00+00:00,2021-05-07 15:11:00+00:00,3559.68,3446.3143949044584,3515.240682802548,13669.32749076255,5467.730996305019,98.20602577925547,0.0179610200000002,2,1429,take_profit
normal,2021-05-07 15:12:00+00:00,2021-05-08 13:35:00+00:00,3517.7,3517.7000000000003,3588.0540000000005,13767.533516541804,2065.1300274812706,37.09184172619189,0.017961020000000116,1,1344,take_profit
normal,2021-05-08 13:36:00+00:00,2021-05-08 14:30:00+00:00,3601.14,3601.14,3673.1628,13804.625358267995,2070.693803740199,37.191772822853636,0.017961019999999925,1,55,take_profit
normal,2021-05-08 14:31:00+00:00,2021-05-08 16:14:00+00:00,3669.82,3669.82,3743.2164000000002,13841.817131090847,2076.272569663627,37.291973149180194,0.01796102000000019,1,104,take_profit
normal,2021-05-08 16:15:00+00:00,2021-05-08 16:53:00+00:00,3739.7,3739.7000000000003,3814.494,13879.10910424003,2081.8663656360045,37.392443430515414,0.017961019999999914,1,39,take_profit
normal,2021-05-08 16:54:00+00:00,2021-05-08 21:57:00+00:00,3818.58,3818.5799999999995,3894.9515999999994,13916.501547670545,2087.4752321505816,37.49318439416129,0.017961020000000025,1,304,take_profit
normal,2021-05-08 21:58:00+00:00,2021-05-09 06:32:00+00:00,3894.99,3894.99,3972.8898,13953.994732064706,2093.099209809706,37.59419676937614,0.017961019999999914,1,515,take_profit
normal,2021-05-09 06:33:00+00:00,2021-05-09 16:02:00+00:00,3961.0,3834.853503184713,3911.5505732484075,13991.58892883408,5596.635571533632,100.52128343302684,0.01796101999999997,2,570,take_profit
normal,2021-05-09 16:03:00+00:00,2021-05-10 03:03:00+00:00,3910.01,3910.01,3988.2102000000004,14092.110212267107,2113.816531840066,37.96630100470975,0.017961019999999852,1,661,take_profit
normal,2021-05-10 03:04:00+00:00,2021-05-10 03:44:00+00:00,3986.0,3986.0000000000005,4065.7200000000007,14130.076513271817,2119.5114769907723,38.06858802846136,0.017961020000000265,1,41,take_profit
normal,2021-05-10 03:45:00+00:00,2021-05-10 08:54:00+00:00,4062.44,4062.44,4143.6888,14168.145101300279,2125.221765195042,38.17115062910352,0.017961020000000032,1,310,take_profit
normal,2021-05-10 08:55:00+00:00,2021-05-10 20:04:00+00:00,4149.99,4017.824713375796,3817.9908,14206.316251929384,5682.5265007717535,-293.42531458716803,-0.05163641815789463,2,670,stop_loss
recovery,2021-05-10 20:05:00+00:00,2021-05-10 20:05:00+00:00,3719.32,3719.32,3763.95184,13912.890937342216,6956.445468671108,69.4045399182769,0.009977011999999947,1,1,take_profit
normal,2021-05-10 20:06:00+00:00,2021-05-10 20:06:00+00:00,3692.98,3692.98,3766.8396000000002,13982.295477260493,2097.344321589074,37.67044330694807,0.017961020000000136,1,1,take_profit
normal,2021-05-10 20:07:00+00:00,2021-05-10 20:07:00+00:00,3778.84,3778.8399999999997,3854.4168,14019.965920567443,2102.9948880851166,37.77193324479458,0.01796102000000002,1,1,take_profit
normal,2021-05-10 20:08:00+00:00,2021-05-10 20:23:00+00:00,3849.13,3849.13,3926.1126000000004,14057.737853812238,2108.6606780718357,37.87369661206185,0.017961020000000022,1,16,take_profit
normal,2021-05-10 20:24:00+00:00,2021-05-10 21:53:00+00:00,3926.95,3926.9500000000003,4005.4890000000005,14095.611550424299,2114.3417325636447,37.97573414541057,0.01796102000000014,1,90,take_profit
normal,2021-05-10 21:54:00+00:00,2021-05-11 06:49:00+00:00,4011.48,3883.725859872611,3961.4003770700633,14133.58728456971,5653.434913827884,101.54145755595982,0.01796101999999981,2,536,take_profit
normal,2021-05-11 06:50:00+00:00,2021-05-11 10:07:00+00:00,3962.2,3962.1999999999994,4041.4439999999995,14235.128742125671,2135.2693113188507,38.3516148059839,0.017961019999999904,1,198,take_profit
normal,2021-05-11 10:08:00+00:00,2021-05-11 20:49:00+00:00,4042.49,4042.49,4123.3398,14273.480356931655,2141.0220535397484,38.454939924068185,0.017961019999999855,1,642,take_profit
normal,2021-05-11 20:50:00+00:00,2021-05-12 02:22:00+00:00,4128.74,4128.74,4211.3148,14311.935296855725,2146.7902945283586,38.55854341583017,0.017961020000000202,1,333,take_profit
normal,2021-05-12 02:23:00+00:00,2021-05-12 03:46:00+00:00,4226.3,4226.3,4310.826,14350.493840271556,2152.5740760407334,38.66242603124874,0.017961019999999817,1,84,take_profit
normal,2021-05-12 03:47:00+00:00,2021-05-12 18:42:00+00:00,4318.99,4181.442547770699,3973.4708,14389.156266302805,5755.662506521122,-297.20179596243906,-0.05163641815789437,2,896,stop_loss
recovery,2021-05-12 18:43:00+00:00,2021-05-12 18:45:00+00:00,3979.95,3979.95,4027.7093999999997,14091.954470340366,7045.977235170183,70.29779942701953,0.00997701199999997,1,3,take_profit
normal,2021-05-12 18:46:00+00:00,2021-05-12 21:20:00+00:00,4036.8,4036.8000000000006,4117.536000000001,14162.252269767385,2124.3378404651075,38.15527443935116,0.01796102000000026,1,155,take_profit
normal,2021-05-12 21:21:00+00:00,2021-05-12 22:50:00+00:00,4116.3,4116.3,4198.626,14200.407544206735,2130.06113163101,38.25807058644705,0.017961019999999925,1,90,take_profit
normal,2021-05-12 22:51:00+00:00,2021-05-12 23:56:00+00:00,4188.29,4054.904968152866,3853.2268,14238.665614793183,5695.466245917272,-294.09347667835937,-0.05163641815789476,2,66,stop_loss
recovery,2021-05-12 23:57:00+00:00,2021-05-12 23:59:00+00:00,3851.37,3812.070306122448,3857.8151497959175,13944.572138114823,10458.429103586117,104.34387266762678,0.00997701199999989,2,3,take_profit
normal,2021-05-13 00:00:00+00:00,2021-05-13 00:03:00+00:00,3810.15,3688.8076433121014,3505.338,14048.91601078245,5619.56640431298,-290.1742807191613,-0.05163641815789461,2,4,stop_loss
recovery,2021-05-13 00:04:00+00:00,2021-05-13 00:04:00+00:00,3599.99,3599.99,3643.18988,13758.741730063288,6879.370865031644,68.63556567287196,0.009977012000000127,1,1,take_profit
normal,2021-05-13 00:05:00+00:00,2021-05-13 00:05:00+00:00,3635.1,3635.0999999999995,3707.8019999999997,13827.37729573616,2074.106594360424,37.253070023439705,0.017961020000000116,1,1,take_profit
normal,2021-05-13 00:06:00+00:00,2021-05-13 00:07:00+00:00,3730.9,3730.9,3805.518,13864.6303657596,2079.69455486394,37.35343549380195,0.01796101999999982,1,2,take_profit
normal,2021-05-13 00:08:00+00:00,2021-05-13 00:19:00+00:00,3822.88,3822.8800000000006,3899.3376000000007,13901.983801253402,2085.29757018801,37.45407136409813,0.01796101999999994,1,12,take_profit
normal,2021-05-13 00:20:00+00:00,2021-05-13 01:59:00+00:00,3913.39,3913.39,3991.6578,13939.4378726175,2090.915680892625,37.554978362826205,0.01796102000000007,1,100,take_profit
normal,2021-05-13 02:00:00+00:00,2021-05-13 09:53:00+00:00,3999.03,3871.6723566878986,3679.1076000000003,13976.992850980325,5590.797140392129,-288.68873897724916,-0.05163641815789457,2,474,stop_loss
recovery,2021-05-13 09:54:00+00:00,2021-05-13 09:55:00+00:00,3688.96,3688.96,3733.22752,13688.304112003076,6844.152056001538,68.28418719255114,0.009977011999999872,1,2,take_profit
normal,2021-05-13 09:56:00+00:00,2021-05-13 10:07:00+00:00,3730.58,3730.58,3805.1916,13756.588299195628,2063.488244879344,37.062353636042644,0.017961019999999925,1,12,take_profit
normal,2021-05-13 10:08:00+00:00,2021-05-13 11:33:00+00:00,3804.93,3683.753885350318,3757.4289630573244,13793.650652831671,5517.460261132668,99.09921409941035,0.01796102000000023,2,86,take_profit
normal,2021-05-13 11:34:00+00:00,2021-05-13 12:24:00+00:00,3754.51,3754.5100000000007,3829.6002000000008,13892.74986693108,2083.912480039662,37.42919373224231,0.017961020000000164,1,51,take_profit
normal,2021-05-13 12:25:00+00:00,2021-05-13 14:10:00+00:00,3823.08,3823.08,3899.5416,13930.179060663322,2089.5268590994983,37.53003370682336,0.017961020000000043,1,106,take_profit
normal,2021-05-13 14:11:00+00:00,2021-05-13 17:27:00+00:00,3895.73,3771.662165605095,3584.0716,13967.709094370146,5587.083637748058,-288.49698700188947,-0.05163641815789457,2,197,stop_loss
recovery,2021-05-13 17:28:00+00:00,2021-05-13 17:41:00+00:00,3587.08,3587.08,3630.12496,13679.212107368256,6839.606053684128,68.23883167287931,0.009977012000000018,1,14,take_profit
normal,2021-05-13 17:42:00+00:00,2021-05-13 17:58:00+00:00,3629.55,3629.55,3702.141,13747.450939041135,2062.11764085617,37.037736189770385,0.01796101999999995,1,17,take_profit
normal,2021-05-13 17:59:00+00:00,2021-05-13 21:17:00+00:00,3700.48,3700.4800000000005,3774.4896000000003,13784.488675230907,2067.6733012846357,37.13752151783956,0.01796102000000009,1,199,take_profit
normal,2021-05-13 21:18:00+00:00,2021-05-14 01:07:00+00:00,3776.47,3776.47,3851.9993999999997,13821.626196748746,2073.2439295123118,37.23757568284918,0.01796101999999998,1,230,take_profit
normal,2021-05-14 01:08:00+00:00,2021-05-14 08:52:00+00:00,3849.15,3849.15,3926.1330000000003,13858.863772431596,2078.8295658647394,37.33789940908764,0.017961019999999873,1,465,take_profit
normal,2021-05-14 08:53:00+00:00,2021-05-14 11:06:00+00:00,3924.02,3924.0200000000004,4002.5004000000004,13896.201671840683,2084.430250776102,37.438493422794636,0.017961020000000022,1,134,take_profit
normal,2021-05-14 11:07:00+00:00,2021-05-14 14:58:00+00:00,4011.86,4011.86,4092.0972,13933.640165263478,2090.0460247895217,37.539358452164834,0.017961019999999876,1,232,take_profit
normal,2021-05-14 14:59:00+00:00,2021-05-15 16:29:00+00:00,4093.18,3962.8239490445853,3765.7256,13971.179523715644,5588.471809486257,-288.56866721823826,-0.0516364181578946,2,1531,stop_loss
recovery,2021-05-15 16:30:00+00:00,2021-05-15 20:28:00+00:00,3759.4,3759.4,3804.5128,13682.610856497406,6841.305428248703,68.25578635330203,0.009977011999999938,1,239,take_profit
normal,2021-05-15 20:29:00+00:00,2021-05-16 06:17:00+00:00,3787.02,3787.0200000000004,3862.7604000000006,13750.866642850708,2062.629996427606,37.04693861843634,0.01796102000000009,1,589,take_profit
normal,2021-05-16 06:18:00+00:00,2021-05-16 16:43:00+00:00,3869.49,3746.257834394904,3559.9308,13787.913581469144,5515.165432587657,-284.78338848706153,-0.05163641815789453,2,626,stop_loss
recovery,2021-05-16 16:44:00+00:00,2021-05-16 17:41:00+00:00,3561.88,3525.534285714286,3567.8406971428576,13503.13019298208,10127.347644736561,101.04066897970915,0.009977012000000073,2,58,take_profit
normal,2021-05-16 17:42:00+00:00,2021-05-16 18:06:00+00:00,3567.06,3567.06,3638.4012,13604.17086196179,2040.6256292942683,36.65171774026726,0.017961020000000157,1,25,take_profit
normal,2021-05-16 18:07:00+00:00,2021-05-16 19:54:00+00:00,3642.16,3526.167643312102,3350.7872,13640.822579702057,5456.329031880823,-281.7452874972587,-0.05163641815789465,2,108,stop_loss
recovery,2021-05-16 19:55:00+00:00,2021-05-16 19:57:00+00:00,3376.5,3376.5,3417.018,13359.077292204798,6679.538646102399,66.6418372266271,0.009977011999999957,1,3,take_profit
normal,2021-05-16 19:58:00+00:00,2021-05-16 21:45:00+00:00,3423.03,3423.0300000000007,3491.4906000000005,13425.719129431425,2013.8578694147136,36.17094146971476,0.017961019999999852,1,108,take_profit
normal,2021-05-16 21:46:00+00:00,2021-05-16 22:16:00+00:00,3495.92,3495.92,3565.8384,13461.89007090114,2019.2835106351708,36.26839152018829,0.017961019999999887,1,31,take_profit
normal,2021-05-16 22:17:00+00:00,2021-05-17 03:23:00+00:00,3572.22,3458.4550318471333,3286.4424,13498.158462421328,5399.263384968532,-278.7986218908454,-0.05163641815789476,2,307,stop_loss
recovery,2021-05-17 03:24:00+00:00,2021-05-17 04:30:00+00:00,3299.89,3266.2176530612246,3305.412264897959,13219.359840530484,9914.519880397864,98.9172838209688,0.009977012000000077,2,67,take_profit
normal,2021-05-17 04:31:00+00:00,2021-05-17 06:01:00+00:00,3306.13,3306.1299999999997,3372.2526,13318.277124351454,1997.7415686527181,35.88147626940258,0.01796101999999987,1,91,take_profit
normal,2021-05-17 06:02:00+00:00,2021-05-17 07:15:00+00:00,3386.36,3386.36,3454.0872000000004,13354.158600620856,2003.1237900931283,35.978146456338436,0.01796101999999998,1,74,take_profit
normal,2021-05-17 07:16:00+00:00,2021-05-17 07:58:00+00:00,3453.06,3453.06,3522.1212,13390.136747077195,2008.5205120615792,36.07507708754838,0.017961020000000057,1,43,take_profit
normal,2021-05-17 07:59:00+00:00,2021-05-17 16:48:00+00:00,3525.6,3413.319745222929,3243.552,13426.211824164744,5370.484729665897,-277.3125952116152,-0.051636418157894486,2,530,stop_loss
recovery,2021-05-17 16:49:00+00:00,2021-05-17 17:36:00+00:00,3231.94,3198.9610204081628,3237.348552653061,13148.899228953127,9861.674421714844,98.39004404554362,0.009977012000000158,2,48,take_profit
normal,2021-05-17 17:37:00+00:00,2021-05-17 18:37:00+00:00,3247.75,3247.75,3312.705,13247.28927299867,1987.0933909498006,35.690224136717234,0.017961020000000022,1,61,take_profit
normal,2021-05-17 18:38:00+00:00,2021-05-17 18:53:00+00:00,3310.18,3310.1799999999994,3376.383599999999,13282.979497135388,1992.446924570308,35.78637906114568,0.017961019999999942,1,16,take_profit
normal,2021-05-17 18:54:00+00:00,2021-05-17 20:36:00+00:00,3370.17,3370.17,3437.5734,13318.765876196534,1997.81488142948,35.88279304165235,0.017961019999999914,1,103,take_profit
normal,2021-05-17 20:37:00+00:00,2021-05-18 01:26:00+00:00,3442.5,3332.8662420382166,3399.523566878981,13354.648669238186,5341.859467695274,95.9452447364647,0.0179610200000001,2,290,take_profit
normal,2021-05-18 01:27:00+00:00,2021-05-18 04:37:00+00:00,3401.95,3401.95,3469.989,13450.593913974652,2017.5890870961975,36.237957945116705,0.017961020000000077,1,191,take_profit
normal,2021-05-18 04:38:00+00:00,2021-05-18 05:45:00+00:00,3480.05,3480.0499999999997,3549.651,13486.831871919769,2023.0247807879653,36.33558854822809,0.017961019999999914,1,68,take_profit
normal,2021-05-18 05:46:00+00:00,2021-05-18 14:35:00+00:00,3544.88,3431.9857324840764,3261.2896,13523.167460467996,5409.266984187198,-279.3151719231846,-0.051636418157894784,2,530,stop_loss
recovery,2021-05-18 14:36:00+00:00,2021-05-18 14:55:00+00:00,3261.97,3261.9699999999993,3301.1136399999996,13243.852288544811,6621.9261442724055,66.06703660451967,0.009977012000000023,1,20,take_profit
normal,2021-05-18 14:56:00+00:00,2021-05-18 15:24:00+00:00,3303.08,3303.0800000000004,3369.1416000000004,13309.91932514933,1996.4878987723996,35.85895907960912,0.01796102000000004,1,29,take_profit
normal,2021-05-18 15:25:00+00:00,2021-05-18 20:30:00+00:00,3378.88,3378.88,3446.4576,13345.778284228938,2001.8667426343407,35.95556860179022,0.017961019999999987,1,306,take_profit
normal,2021-05-18 20:31:00+00:00,2021-05-19 01:51:00+00:00,3433.94,3324.5788535031843,3159.2248000000004,13381.733852830728,5352.693541132291,-276.3939219609683,-0.051636418157894555,2,321,stop_loss
recovery,2021-05-19 01:52:00+00:00,2021-05-19 01:53:00+00:00,3168.77,3168.77,3206.79524,13105.339930869759,6552.6699654348795,65.3760668771838,0.009977012000000065,1,2,take_profit
normal,2021-05-19 01:54:00+00:00,2021-05-19 04:29:00+00:00,3203.09,3101.08076433121,2946.8428000000004,13170.715997746942,5268.286399098777,-272.035439479414,-0.051636418157894735,2,156,stop_loss
recovery,2021-05-19 04:30:00+00:00,2021-05-19 04:30:00+00:00,2942.82,2942.8199999999997,2978.13384,12898.680558267528,6449.340279133764,64.34514535700146,0.009977012000000084,1,1,take_profit
normal,2021-05-19 04:31:00+00:00,2021-05-19 04:31:00+00:00,2989.33,2989.33,3049.1166,12963.02570362453,1944.4538555436793,34.9243745884969,0.01796101999999988,1,1,take_profit
normal,2021-05-19 04:32:00+00:00,2021-05-19 05:01:00+00:00,3010.2,2914.3337579617837,2972.6204331210192,12997.950078213027,5199.180031285211,93.3825765255142,0.01796101999999998,2,30,take_profit
normal,2021-05-19 05:02:00+00:00,2021-05-19 05:25:00+00:00,2967.0,2967.0,3026.34,13091.332654738542,1963.6998982107812,35.27005314576172,0.01796101999999996,1,24,take_profit
normal,2021-05-19 05:26:00+00:00,2021-05-19 07:43:00+00:00,3028.39,2931.9444585987258,2990.5833477707,13126.602707884304,5250.641083153721,94.30686950734525,0.017961019999999925,2,138,take_profit
normal,2021-05-19 07:44:00+00:00,2021-05-19 11:18:00+00:00,2987.51,2892.366369426752,2748.5092000000004,13220.909577391649,5288.3638309566595,-273.0721661463649,-0.05163641815789487,2,215,stop_loss
recovery,2021-05-19 11:19:00+00:00,2021-05-19 11:37:00+00:00,2742.78,2664.2613170784807,2696.2324528834224,12947.837411245284,12947.837411245284,129.18072922604188,0.009977011999999903,3,19,take_profit
normal,2021-05-19 11:38:00+00:00,2021-05-19 12:03:00+00:00,2690.13,2690.13,2743.9326,13077.018140471326,1961.5527210706987,35.23148765420524,0.017961019999999998,1,26,take_profit
normal,2021-05-19 12:04:00+00:00,2021-05-19 12:34:00+00:00,2752.6,2664.937579617834,2532.392,13112.249628125532,5244.899851250213,-270.8278419154367,-0.05163641815789489,2,31,stop_loss
recovery,2021-05-19 12:35:00+00:00,2021-05-19 12:35:00+00:00,2558.25,2558.25,2588.949,12841.421786210096,6420.710893105048,64.0595096290399,0.009977012000000018,1,1,take_profit
normal,2021-05-19 12:36:00+00:00,2021-05-19 12:45:00+00:00,2584.44,2502.1329936305733,2552.175653503185,12905.481295839136,5162.192518335654,92.71824306567851,0.017961020000000282,2,10,take_profit
normal,2021-05-19 12:46:00+00:00,2021-05-19 12:49:00+00:00,2544.79,2463.7457324840766,2341.2068,12998.199538904813,5199.279815561926,-268.4721866762584,-0.05163641815789492,2,4,stop_loss
recovery,2021-05-19 12:50:00+00:00,2021-05-19 12:50:00+00:00,2347.29,2323.33806122449,2351.218117959184,12729.727352228556,9547.295514171417,95.25348191243393,0.00997701199999995,2,1,take_profit
normal,2021-05-19 12:51:00+00:00,2021-05-19 12:51:00+00:00,2231.96,2231.96,2276.5992,12824.98083414099,1923.7471251211484,34.55246058924354,0.017961020000000046,1,1,take_profit
normal,2021-05-19 12:52:00+00:00,2021-05-19 12:52:00+00:00,2205.98,2205.98,2250.0996,12859.533294730234,1928.929994209535,34.645550204597384,0.017961020000000022,1,1,take_profit
normal,2021-05-19 12:53:00+00:00,2021-05-19 12:53:00+00:00,2161.51,2092.672101910828,2134.5255439490447,12894.178844934831,5157.671537973933,92.63704164697992,0.017961019999999876,2,1,take_profit
normal,2021-05-19 12:54:00+00:00,2021-05-19 12:54:00+00:00,2013.44,2013.44,2053.7088,12986.815886581811,1948.0223829872716,34.988468981281585,0.017961019999999765,1,1,take_profit
normal,2021-05-19 12:55:00+00:00,2021-05-19 12:55:00+00:00,2006.68,2006.68,2046.8136000000002,13021.804355563092,1953.2706533344638,35.082733269953906,0.017961020000000275,1,1,take_profit
normal,2021-05-19 12:56:00+00:00,2021-05-19 12:56:00+00:00,2088.86,2088.86,2130.6372,13056.887088833046,1958.5330633249569,35.177251521040944,0.017961020000000064,1,1,take_profit
normal,2021-05-19 12:57:00+00:00,2021-05-19 12:57:00+00:00,2152.65,2152.65,2195.703,13092.064340354085,1963.8096510531127,35.27202441875784,0.01796101999999993,1,1,take_profit
normal,2021-05-19 12:58:00+00:00,2021-05-19 12:58:00+00:00,2231.96,2231.96,2276.5992,13127.336364772844,1969.1004547159264,35.367052649161906,0.01796102000000003,1,1,take_profit
normal,2021-05-19 12:59:00+00:00,2021-05-19 12:59:00+00:00,2304.07,2304.07,2350.1514,13162.703417422006,1974.4055126133007,35.46233690015765,0.017961019999999953,1,1,take_profit
normal,2021-05-19 13:00:00+00:00,2021-05-19 13:00:00+00:00,2365.18,2289.8557961783436,2335.6529121019103,13198.165754322165,5279.266301728866,94.82100763067774,0.017961019999999914,2,1,take_profit
normal,2021-05-19 13:01:00+00:00,2021-05-19 13:08:00+00:00,2258.94,2186.99923566879,2078.2248,13292.986761952841,5317.194704781136,-274.5608892030232,-0.05163641815789488,2,8,stop_loss
recovery,2021-05-19 13:09:00+00:00,2021-05-19 13:09:00+00:00,2000.77,1980.3539795918366,2004.1182273469387,13018.425872749818,9763.819404562364,97.41374336515219,0.009977012000000065,2,1,take_profit
normal,2021-05-19 13:10:00+00:00,2021-05-19 13:10:00+00:00,1920.02,1920.0200000000002,1958.4204000000002,13115.83961611497,1967.3759424172454,35.33607864927512,0.017961020000000067,1,1,take_profit
normal,2021-05-19 13:11:00+00:00,2021-05-19 13:11:00+00:00,1981.07,1981.07,2020.6914,13151.175694764244,1972.6763542146366,35.431279451576074,0.01796101999999995,1,1,take_profit
normal,2021-05-19 13:12:00+00:00,2021-05-19 13:15:00+00:00,2111.14,2111.14,2153.3628,13186.606974215822,1977.9910461323732,35.52673673940467,0.0179610200000001,1,4,take_profit
normal,2021-05-19 13:16:00+00:00,2021-05-19 13:16:00+00:00,2160.06,2160.06,2203.2612,13222.133710955226,1983.3200566432838,35.62245120377111,0.017961019999999977,1,1,take_profit
normal,2021-05-19 13:17:00+00:00,2021-05-19 13:17:00+00:00,2210.99,2210.99,2255.2097999999996,13257.756162158996,1988.6634243238493,35.71842353754914,0.017961019999999998,1,1,take_profit
normal,2021-05-19 13:18:00+00:00,2021-05-19 13:18:00+00:00,2258.71,2258.71,2303.8842,13293.474585696546,1994.0211878544817,35.81465443547813,0.017961020000000015,1,1,take_profit
normal,2021-05-19 13:19:00+00:00,2021-05-19 13:19:00+00:00,2322.15,2322.15,2368.5930000000003,13329.289240132024,1999.3933860198035,35.91114459416963,0.01796102000000011,1,1,take_profit
normal,2021-05-19 13:20:00+00:00,2021-05-19 13:20:00+00:00,2401.84,2401.84,2449.8768,13365.200384726195,2004.7800577089292,36.00789471211101,0.01796101999999989,1,1,take_profit
normal,2021-05-19 13:21:00+00:00,2021-05-19 13:21:00+00:00,2414.57,2337.672866242038,2221.4044000000004,13401.208279438306,5360.483311775322,-276.79615781524626,-0.051636418157894604,2,1,stop_loss
recovery,2021-05-19 13:22:00+00:00,2021-05-19 13:22:00+00:00,2199.1,2199.1,2225.4892,13124.41212162306,6562.20606081153,65.47120861518943,0.009977012000000009,1,1,take_profit
normal,2021-05-19 13:23:00+00:00,2021-05-19 13:26:00+00:00,2341.39,2341.39,2388.2178,13189.883330238248,1978.4824995357371,35.535563743811736,0.01796102000000019,1,4,take_profit
normal,2021-05-19 13:27:00+00:00,2021-05-19 13:32:00+00:00,2439.55,2439.55,2488.3410000000003,13225.41889398206,1983.812834097309,35.631301989478516,0.017961020000000032,1,6,take_profit
normal,2021-05-19 13:33:00+00:00,2021-05-19 13:33:00+00:00,2496.92,2496.92,2546.8584,13261.050195971538,1989.1575293957308,35.72729816862716,0.017961019999999925,1,1,take_profit
normal,2021-05-19 13:34:00+00:00,2021-05-19 13:38:00+00:00,2537.08,2456.28127388535,2505.406899363057,13296.777494140166,5318.710997656066,95.52947460312043,0.017961019999999977,2,5,take_profit
normal,2021-05-19 13:39:00+00:00,2021-05-19 13:39:00+00:00,2500.0,2500.0,2550.0,13392.306968743287,2008.846045311493,36.0809239967607,0.017961020000000036,1,1,take_profit
normal,2021-05-19 13:40:00+00:00,2021-05-19 13:41:00+00:00,2532.39,2532.39,2583.0378,13428.387892740047,2014.258183911007,36.178131526389734,0.017961020000000227,1,2,take_profit
normal,2021-05-19 13:42:00+00:00,2021-05-19 13:46:00+00:00,2579.25,2497.1082802547767,2372.9100000000003,13464.566024266438,5385.826409706575,-278.1047846174406,-0.05163641815789455,2,5,stop_loss
recovery,2021-05-19 13:47:00+00:00,2021-05-19 13:47:00+00:00,2364.03,2364.03,2392.39836,13186.461239648997,6593.230619824499,65.78074101275615,0.009977011999999954,1,1,take_profit
normal,2021-05-19 13:48:00+00:00,2021-05-19 13:53:00+00:00,2450.23,2450.23,2499.2346000000002,13252.241980661754,1987.836297099263,35.70356748892618,0.01796102000000019,1,6,take_profit
normal,2021-05-19 13:54:00+00:00,2021-05-19 14:05:00+00:00,2515.95,2435.824203821656,2314.674,13287.94554815068,5315.178219260271,-274.45676511345664,-0.05163641815789454,2,12,stop_loss
recovery,2021-05-19 14:06:00+00:00,2021-05-19 14:06:00+00:00,2294.85,2294.85,2322.3882,13013.488783037223,6506.744391518611,64.91786687511376,0.009977011999999981,1,1,take_profit
normal,2021-05-19 14:07:00+00:00,2021-05-19 14:07:00+00:00,2379.7,2379.7,2427.294,13078.406649912336,1961.7609974868503,35.23522851108123,0.01796101999999998,1,1,take_profit
normal,2021-05-19 14:08:00+00:00,2021-05-19 14:08:00+00:00,2392.22,2392.22,2440.0643999999998,13113.641878423417,1967.0462817635125,35.33015760768035,0.017961020000000133,1,1,take_profit
normal,2021-05-19 14:09:00+00:00,2021-05-19 14:09:00+00:00,2411.3,2411.3,2459.5260000000003,13148.972036031098,1972.3458054046646,35.425342457789384,0.01796102000000005,1,1,take_profit
normal,2021-05-19 14:10:00+00:00,2021-05-19 14:10:00+00:00,2436.0,2436.0,2484.7200000000003,13184.397378488888,1977.659606773333,35.52078375044812,0.017961020000000074,1,1,take_profit
normal,2021-05-19 14:11:00+00:00,2021-05-19 14:16:00+00:00,2411.87,2411.87,2460.1074,13219.918162239335,1982.9877243359,35.61648217655147,0.017961019999999942,1,6,take_profit
normal,2021-05-19 14:17:00+00:00,2021-05-19 14:21:00+00:00,2444.89,2444.89,2493.7878,13255.534644415886,1988.3301966623828,35.71243842885701,0.01796102000000001,1,5,take_profit
normal,2021-05-19 14:22:00+00:00,2021-05-19 14:23:00+00:00,2472.01,2472.01,2521.4502,13291.247082844744,1993.6870624267115,35.808653201987454,0.017961020000000022,1,2,take_profit
normal,2021-05-19 14:24:00+00:00,2021-05-19 14:46:00+00:00,2507.33,2427.4787261146494,2476.0283006369423,13327.05573604673,5330.822294418692,95.74700584650054,0.0179610200000001,2,23,take_profit
normal,2021-05-19 14:47:00+00:00,2021-05-19 14:56:00+00:00,2467.03,2467.03,2516.3706,13422.802741893232,2013.4204112839848,36.16308427547983,0.017961019999999977,1,10,take_profit
normal,2021-05-19 14:57:00+00:00,2021-05-19 14:57:00+00:00,2514.41,2514.41,2564.6982,13458.965826168711,2018.8448739253065,36.260513157470314,0.017961020000000202,1,1,take_profit
normal,2021-05-19 14:58:00+00:00,2021-05-19 14:59:00+00:00,2558.95,2558.95,2610.129,13495.22633932618,2024.2839508989268,36.35820452777443,0.017961019999999897,1,2,take_profit
normal,2021-05-19 15:00:00+00:00,2021-05-19 15:11:00+00:00,2612.22,2612.22,2664.4644,13531.584543853955,2029.737681578093,36.45615909357775,0.017961019999999994,1,12,take_profit
normal,2021-05-19 15:12:00+00:00,2021-05-19 15:14:00+00:00,2613.18,2613.18,2665.4436,13568.040702947532,2035.2061054421297,36.5543775639685,0.017961020000000147,1,3,take_profit
normal,2021-05-19 15:15:00+00:00,2021-05-19 15:19:00+00:00,2659.47,2659.47,2712.6594,13604.595080511499,2040.6892620767248,36.65286064994507,0.01796101999999989,1,5,take_profit
normal,2021-05-19 15:20:00+00:00,2021-05-19 15:35:00+00:00,2729.14,2642.2247133757955,2695.0692076433115,13641.247941161444,5456.499176464577,98.00429083846484,0.01796102000000019,2,16,take_profit
normal,2021-05-19 15:36:00+00:00,2021-05-19 15:37:00+00:00,2689.03,2689.03,2742.8106000000002,13739.252231999908,2060.887834799986,37.015647618599814,0.017961020000000275,1,2,take_profit
normal,2021-05-19 15:38:00+00:00,2021-05-19 15:44:00+00:00,2688.14,2688.14,2741.9028,13776.267879618508,2066.4401819427762,37.1153734366776,0.017961019999999883,1,7,take_profit
normal,2021-05-19 15:45:00+00:00,2021-05-19 16:35:00+00:00,2731.5,2731.5,2786.13,13813.383253055184,2072.0074879582776,37.215367931368746,0.017961020000000175,1,51,take_profit
normal,2021-05-19 16:36:00+00:00,2021-05-19 16:40:00+00:00,2747.33,2747.33,2802.2766,13850.598620986553,2077.589793147983,37.3156318265269,0.017961020000000053,1,5,take_profit
normal,2021-05-19 16:41:00+00:00,2021-05-19 16:47:00+00:00,2808.97,2808.97,2865.1494,13887.91425281308,2083.187137921962,37.41616584795929,0.017961020000000084,1,7,take_profit
normal,2021-05-19 16:48:00+00:00,2021-05-19 18:09:00+00:00,2874.86,2783.303949044586,2644.8712,13925.330418661038,5570.132167464415,-287.62167379393213,-0.05163641815789456,2,82,stop_loss
recovery,2021-05-19 18:10:00+00:00,2021-05-19 18:12:00+00:00,2648.61,2648.61,2680.39332,13637.708744867105,6818.854372433552,68.03179190002174,0.009977011999999959,1,3,take_profit
normal,2021-05-19 18:13:00+00:00,2021-05-19 21:15:00+00:00,2681.4,2596.005095541401,2466.8880000000004,13705.740536767127,5482.29621470685,-283.0861398080442,-0.05163641815789434,2,183,stop_loss
recovery,2021-05-19 21:16:00+00:00,2021-05-19 21:21:00+00:00,2451.0,2451.0,2480.412,13422.654396959082,6711.327198479541,66.95899199515588,0.009977011999999869,1,6,take_profit
normal,2021-05-19 21:22:00+00:00,2021-05-19 21:23:00+00:00,2476.19,2476.19,2525.7138,13489.613388954238,2023.4420083431355,36.34308238069116,0.017961019999999966,1,2,take_profit
normal,2021-05-19 21:24:00+00:00,2021-05-19 21:44:00+00:00,2513.34,2513.34,2563.6068,13525.956471334928,2028.893470700239,36.440996205116335,0.017961019999999963,1,21,take_profit
normal,2021-05-19 21:45:00+00:00,2021-05-19 22:05:00+00:00,2568.52,2568.52,2619.8904,13562.397467540044,2034.3596201310065,36.53917382436566,0.017961020000000123,1,21,take_profit
normal,2021-05-19 22:06:00+00:00,2021-05-19 22:47:00+00:00,2644.9,2644.9,2697.7980000000002,13598.93664136441,2039.8404962046613,36.63761594914172,0.01796101999999994,1,42,take_profit
normal,2021-05-19 22:48:00+00:00,2021-05-19 23:51:00+00:00,2689.2,2603.556687898089,2474.064,13635.574257313552,5454.2297029254205,-281.6368856694671,-0.051636418157894756,2,64,stop_loss
recovery,2021-05-19 23:52:00+00:00,2021-05-20 00:01:00+00:00,2474.5,2474.5,2504.194,13353.937371644086,6676.968685822043,66.61619670206983,0.009977011999999862,1,10,take_profit
normal,2021-05-20 00:02:00+00:00,2021-05-20 00:07:00+00:00,2453.65,2453.65,2502.723,13420.553568346157,2013.0830352519233,36.15702465782033,0.017961019999999914,1,6,take_profit
normal,2021-05-20 00:08:00+00:00,2021-05-20 00:37:00+00:00,2517.91,2437.7217834394896,2316.4772,13456.710593003978,5382.684237201591,-277.94253408404893,-0.051636418157894534,2,30,stop_loss
recovery,2021-05-20 00:38:00+00:00,2021-05-20 00:39:00+00:00,2310.0,2310.0,2337.72,13178.76805891993,6589.384029459965,65.74236353452943,0.00997701199999985,1,2,take_profit
normal,2021-05-20 00:40:00+00:00,2021-05-20 01:00:00+00:00,2333.43,2259.116942675159,2304.299281528662,13244.51042245446,5297.804168981784,95.15396663516458,0.017961019999999883,2,21,take_profit
normal,2021-05-20 01:01:00+00:00,2021-05-20 01:15:00+00:00,2306.9,2233.431847133758,2278.100484076433,13339.664389089625,5335.86575563585,95.83759155429016,0.017961019999999914,2,15,take_profit
normal,2021-05-20 01:16:00+00:00,2021-05-20 01:20:00+00:00,2262.8,2262.8,2308.056,13435.501980643916,2015.3252970965873,36.19729796765796,0.017961020000000105,1,5,take_profit
normal,2021-05-20 01:21:00+00:00,2021-05-20 01:27:00+00:00,2322.47,2322.47,2368.9193999999998,13471.699278611573,2020.7548917917359,36.29481902656903,0.017961019999999914,1,7,take_profit
normal,2021-05-20 01:28:00+00:00,2021-05-20 02:07:00+00:00,2358.86,2358.86,2406.0372,13507.994097638142,2026.1991146457212,36.392602822133995,0.017961019999999953,1,40,take_profit
normal,2021-05-20 02:08:00+00:00,2021-05-20 02:55:00+00:00,2417.68,2417.68,2466.0335999999998,13544.386700460276,2031.6580050690413,36.49065006220508,0.017961019999999963,1,48,take_profit
normal,2021-05-20 02:56:00+00:00,2021-05-20 04:02:00+00:00,2463.62,2463.62,2512.8923999999997,13580.877350522482,2037.1316025783722,36.588961456542165,0.017961019999999987,1,67,take_profit
normal,2021-05-20 04:03:00+00:00,2021-05-20 04:16:00+00:00,2526.71,2526.71,2577.2442,13617.466311979024,2042.6199467968536,36.68753771681759,0.017961020000000178,1,14,take_profit
normal,2021-05-20 04:17:00+00:00,2021-05-20 05:08:00+00:00,2585.35,2585.35,2637.057,13654.15384969584,2048.123077454376,36.78637955661907,0.01796101999999974,1,52,take_profit
normal,2021-05-20 05:09:00+00:00,2021-05-20 05:09:00+00:00,2631.27,2631.27,2683.8954,13690.94022925246,2053.641034387869,36.885487691461094,0.01796101999999995,1,1,take_profit
normal,2021-05-20 05:10:00+00:00,2021-05-20 07:04:00+00:00,2657.52,2657.52,2710.6704,13727.82571694392,2059.173857541588,36.98486283878174,0.01796102000000006,1,115,take_profit
normal,2021-05-20 07:05:00+00:00,2021-05-20 07:28:00+00:00,2700.0,2700.0,2754.0,13764.810579782703,2064.7215869674055,37.08450571795311,0.0179610199999999,1,24,take_profit
normal,2021-05-20 07:29:00+00:00,2021-05-20 10:47:00+00:00,2753.2,2665.5184713375793,2718.828840764331,13801.895085500655,5520.758034200262,99.15844546743119,0.01796101999999993,2,199,take_profit
normal,2021-05-20 10:48:00+00:00,2021-05-20 12:17:00+00:00,2716.8,2716.8,2771.1360000000004,13901.053530968085,2085.1580296452125,37.45156507361844,0.017961020000000088,1,90,take_profit
normal,2021-05-20 12:18:00+00:00,2021-05-20 12:37:00+00:00,2799.4,2799.4,2855.388,13938.505096041705,2090.775764406256,37.55246532001547,0.017961019999999724,1,20,take_profit
normal,2021-05-20 12:38:00+00:00,2021-05-20 13:00:00+00:00,2856.18,2856.18,2913.3035999999997,13976.057561361718,2096.408634204258,37.653637407115184,0.017961019999999918,1,23,take_profit
normal,2021-05-20 13:01:00+00:00,2021-05-20 13:20:00+00:00,2913.6,2913.6,2971.872,14013.711198768833,2102.056679815325,37.755082067296826,0.017961020000000084,1,20,take_profit
normal,2021-05-20 13:21:00+00:00,2021-05-20 16:07:00+00:00,2979.0,2884.127388535032,2740.6800000000003,14051.46628083613,5620.586512334452,-290.2269554435252,-0.05163641815789478,2,167,stop_loss
recovery,2021-05-20 16:08:00+00:00,2021-05-20 16:08:00+00:00,2674.12,2674.12,2706.20944,13761.239325392606,6880.619662696303,68.64802494215746,0.009977012000000072,1,1,take_profit
normal,2021-05-20 16:09:00+00:00,2021-05-20 16:30:00+00:00,2712.8,2712.8,2767.056,13829.887350334764,2074.4831025502144,37.25983249456658,0.017961020000000064,1,22,take_profit
normal,2021-05-20 16:31:00+00:00,2021-05-20 17:00:00+00:00,2769.4,2681.2025477707007,2734.8265987261148,13867.147182829332,5546.858873131732,99.62724315749801,0.017961020000000272,2,30,take_profit
normal,2021-05-20 17:01:00+00:00,2021-05-20 18:27:00+00:00,2733.89,2733.89,2788.5678,13966.77442598683,2095.0161638980244,37.62862722009595,0.017961020000000123,1,87,take_profit
normal,2021-05-20 18:28:00+00:00,2021-05-20 21:59:00+00:00,2782.31,2782.31,2837.9562,14004.403053206926,2100.6604579810387,37.730004499006554,0.01796101999999998,1,212,take_profit
normal,2021-05-20 22:00:00+00:00,2021-05-20 22:53:00+00:00,2836.39,2746.059108280255,2800.9802904458597,14042.133057705933,5616.853223082373,100.88441307684661,0.01796101999999994,2,54,take_profit
normal,2021-05-20 22:54:00+00:00,2021-05-21 00:41:00+00:00,2829.35,2829.35,2885.937,14143.01747078278,2121.452620617417,38.10345294796207,0.01796102000000011,1,108,take_profit
normal,2021-05-21 00:42:00+00:00,2021-05-21 08:03:00+00:00,2898.02,2805.7263694267517,2666.1784000000002,14181.120923730741,5672.4483694922965,-292.90491598617245,-0.05163641815789474,2,442,stop_loss
recovery,2021-05-21 08:04:00+00:00,2021-05-21 08:20:00+00:00,2663.5,2663.5,2695.462,13888.21600774457,6944.108003872285,69.28144888393035,0.009977012000000075,1,17,take_profit
normal,2021-05-21 08:21:00+00:00,2021-05-21 09:05:00+00:00,2695.18,2695.18,2749.0836,13957.4974566285,2093.6246184942747,37.603633645268474,0.01796102000000021,1,45,take_profit
normal,2021-05-21 09:06:00+00:00,2021-05-21 14:18:00+00:00,2738.07,2650.870318471338,2519.0244000000002,13995.101090273769,5598.040436109508,-289.0627568237551,-0.05163641815789494,2,313,stop_loss
recovery,2021-05-21 14:19:00+00:00,2021-05-21 14:19:00+00:00,2523.95,2523.95,2554.2374,13706.038333450015,6853.019166725007,68.37265446264519,0.00997701199999997,1,1,take_profit
normal,2021-05-21 14:20:00+00:00,2021-05-21 14:50:00+00:00,2563.73,2482.0825477707003,2531.7241987261145,13774.410987912659,5509.764395165063,98.96098849684768,0.01796102000000001,2,31,take_profit
normal,2021-05-21 14:51:00+00:00,2021-05-21 16:33:00+00:00,2537.78,2456.95898089172,2506.0981605095544,13873.371976409506,5549.348790563802,99.67196461429194,0.017961019999999942,2,103,take_profit
normal,2021-05-21 16:34:00+00:00,2021-05-21 18:58:00+00:00,2506.85,2427.014012738853,2475.55429299363,13973.043941023796,5589.217576409518,100.38804867424278,0.01796101999999998,2,145,take_profit
normal,2021-05-21 18:59:00+00:00,2021-05-21 20:15:00+00:00,2475.65,2396.807643312102,2277.598,14073.43198969804,5629.372795879215,-290.68064765469535,-0.05163641815789459,2,77,stop_loss
recovery,2021-05-21 20:16:00+00:00,2021-05-21 20:19:00+00:00,2268.0,2268.0,2295.216,13782.751342043344,6891.375671021672,68.75533776629163,0.009977012000000052,1,4,take_profit
normal,2021-05-21 20:20:00+00:00,2021-05-21 20:26:00+00:00,2285.0,2285.0,2330.7,13851.506679809636,2077.7260019714454,37.31807827592911,0.01796101999999997,1,7,take_profit
normal,2021-05-21 20:27:00+00:00,2021-05-21 21:18:00+00:00,2331.15,2256.9095541401275,2144.6580000000004,13888.824758085566,5555.529903234226,-286.8676651720898,-0.05163641815789452,2,52,stop_loss
recovery,2021-05-21 21:19:00+00:00,2021-05-21 21:20:00+00:00,2108.51,2108.51,2133.81212,13601.957092913475,6800.978546456738,67.85344456974144,0.009977012000000002,1,2,take_profit
normal,2021-05-21 21:21:00+00:00,2021-05-21 21:21:00+00:00,2168.28,2168.28,2211.6456000000003,13669.810537483216,2050.471580622482,36.82856106899226,0.01796102000000012,1,1,take_profit
normal,2021-05-21 21:22:00+00:00,2021-05-21 21:22:00+00:00,2189.99,2189.99,2233.7898,13706.639098552208,2055.995864782831,36.92778284728229,0.017961020000000272,1,1,take_profit
normal,2021-05-21 21:23:00+00:00,2021-05-21 21:28:00+00:00,2247.43,2247.43,2292.3786,13743.56688139949,2061.5350322099234,37.02727194422323,0.017961020000000074,1,6,take_profit
normal,2021-05-21 21:29:00+00:00,2021-05-21 21:35:00+00:00,2293.89,2293.89,2339.7678,13780.594153343714,2067.0891230015573,37.12702908001347,0.01796102000000002,1,7,take_profit
normal,2021-05-21 21:36:00+00:00,2021-05-21 21:54:00+00:00,2331.9,2331.9,2378.538,13817.721182423727,2072.658177363559,37.22705497679044,0.017961020000000005,1,19,take_profit
normal,2021-05-21 21:55:00+00:00,2021-05-21 22:33:00+00:00,2377.46,2377.46,2425.0092,13854.948237400518,2078.242235610078,37.32735035863698,0.017961019999999835,1,39,take_profit
normal,2021-05-21 22:34:00+00:00,2021-05-22 01:35:00+00:00,2427.54,2427.54,2476.0908,13892.275587759155,2083.8413381638734,37.42791595158815,0.017961020000000025,1,182,take_profit
normal,2021-05-22 01:36:00+00:00,2021-05-22 04:24:00+00:00,2475.89,2397.04,2277.8188,13929.703503710743,5571.881401484297,-287.7119979732397,-0.05163641815789473,2,169,stop_loss
recovery,2021-05-22 04:25:00+00:00,2021-05-22 08:02:00+00:00,2275.4,2252.1816326530607,2279.2078122448975,13641.991505737504,10231.493629303128,102.07973471747937,0.009977011999999855,2,218,take_profit
normal,2021-05-22 08:03:00+00:00,2021-05-22 08:08:00+00:00,2279.82,2279.82,2325.4164,13744.071240454983,2061.6106860682476,37.028630764685204,0.01796101999999985,1,6,take_profit
normal,2021-05-22 08:09:00+00:00,2021-05-22 08:41:00+00:00,2316.08,2316.08,2362.4016,13781.099871219669,2067.16498068295,37.128391561346234,0.017961020000000074,1,33,take_profit
normal,2021-05-22 08:42:00+00:00,2021-05-22 10:44:00+00:00,2365.52,2365.52,2412.8304,13818.228262781015,2072.734239417152,37.22842112885655,0.017961020000000143,1,123,take_profit
normal,2021-05-22 10:45:00+00:00,2021-05-22 10:47:00+00:00,2420.47,2420.47,2468.8794,13855.456683909872,2078.3185025864805,37.32872019132583,0.01796102,1,3,take_profit
normal,2021-05-22 10:48:00+00:00,2021-05-22 19:55:00+00:00,2456.73,2378.490191082803,2260.1916,13892.785404101198,5557.114161640478,-286.9494706016267,-0.05163641815789479,2,548,stop_loss
recovery,2021-05-22 19:56:00+00:00,2021-05-22 20:03:00+00:00,2257.55,2257.55,2284.6406,13605.835933499571,6802.917966749786,67.87279418927847,0.009977012000000037,1,8,take_profit
normal,2021-05-22 20:04:00+00:00,2021-05-22 20:21:00+00:00,2286.77,2286.77,2332.5054,13673.708727688849,2051.056309153327,36.83906338982888,0.017961019999999897,1,18,take_profit
normal,2021-05-22 20:22:00+00:00,2021-05-22 21:53:00+00:00,2328.18,2328.18,2374.7436,13710.547791078678,2056.5821686618015,36.938313462977476,0.01796101999999975,1,92,take_profit
normal,2021-05-22 21:54:00+00:00,2021-05-23 07:18:00+00:00,2369.58,2294.1156687898088,2180.0136,13747.486104541655,5498.9944418166615,-283.94837644558265,-0.05163641815789447,2,565,stop_loss
recovery,2021-05-23 07:19:00+00:00,2021-05-23 10:33:00+00:00,2181.02,2118.583049961903,2144.0060465614456,13463.537728096071,13463.537728096071,134.32587747566686,0.009977011999999971,3,195,take_profit
normal,2021-05-23 10:34:00+00:00,2021-05-23 12:41:00+00:00,2162.63,2093.756433121019,1989.6196000000002,13597.863605571738,5439.145442228695,-280.8579884765277,-0.051636418157894645,2,128,stop_loss
recovery,2021-05-23 12:42:00+00:00,2021-05-23 12:46:00+00:00,1985.69,1965.427857142857,1989.0129914285712,13317.00561709521,9987.754212821408,99.64794363436886,0.009977011999999912,2,5,take_profit
normal,2021-05-23 12:47:00+00:00,2021-05-23 13:13:00+00:00,1982.79,1919.6438216560507,1958.0366980891718,13416.65356072958,5366.661424291831,96.39071317493381,0.017961019999999953,2,27,take_profit
normal,2021-05-23 13:14:00+00:00,2021-05-23 14:41:00+00:00,1950.22,1950.2200000000003,1989.2244000000003,13513.044273904514,2026.956641085677,36.40620876967296,0.017961020000000143,1,88,take_profit
normal,2021-05-23 14:42:00+00:00,2021-05-23 16:16:00+00:00,1988.14,1924.823439490446,1829.0888000000002,13549.450482674187,5419.780193069675,-279.8580363732217,-0.051636418157894826,2,95,stop_loss
recovery,2021-05-23 16:17:00+00:00,2021-05-23 16:17:00+00:00,1815.89,1815.89,1837.6806800000002,13269.592446300965,6634.796223150483,66.19544153592778,0.009977012000000111,1,1,take_profit
normal,2021-05-23 16:18:00+00:00,2021-05-23 16:54:00+00:00,1815.51,1815.51,1851.8202,13335.787887836894,2000.3681831755339,35.928652945379554,0.017961020000000064,1,37,take_profit
normal,2021-05-23 16:55:00+00:00,2021-05-23 16:55:00+00:00,1851.93,1851.93,1888.9686000000002,13371.716540782272,2005.7574811173408,36.025450233498304,0.01796102000000006,1,1,take_profit
normal,2021-05-23 16:56:00+00:00,2021-05-23 17:03:00+00:00,1863.58,1863.5800000000002,1900.8516000000002,13407.741991015771,2011.1612986523655,36.12250830832136,0.017961020000000123,1,8,take_profit
normal,2021-05-23 17:04:00+00:00,2021-05-23 17:05:00+00:00,1927.38,1927.38,1965.9276000000002,13443.864499324092,2016.5796748986138,36.21982787244792,0.01796102000000021,1,2,take_profit
normal,2021-05-23 17:06:00+00:00,2021-05-23 18:30:00+00:00,1964.1,1901.549044585987,1939.5800254777068,13480.08432719654,5392.033730878617,96.8464256809848,0.01796101999999988,2,85,take_profit
normal,2021-05-23 18:31:00+00:00,2021-05-23 19:24:00+00:00,1936.57,1936.5699999999997,1975.3013999999998,13576.930752877524,2036.5396129316287,36.5783287186573,0.017961020000000032,1,54,take_profit
normal,2021-05-23 19:25:00+00:00,2021-05-23 20:03:00+00:00,1980.02,1980.0200000000002,2019.6204000000002,13613.509081596181,2042.026362239427,36.6768763327093,0.017961019999999855,1,39,take_profit
normal,2021-05-23 20:04:00+00:00,2021-05-23 20:36:00+00:00,2023.63,2023.63,2064.1026,13650.18595792889,2047.5278936893335,36.77568944911195,0.01796101999999998,1,33,take_profit
normal,2021-05-23 20:37:00+00:00,2021-05-23 21:10:00+00:00,2056.16,2056.16,2097.2832,13686.961647378002,2053.0442471067004,36.87476878316829,0.017961019999999953,1,34,take_profit
normal,2021-05-23 21:11:00+00:00,2021-05-23 21:21:00+00:00,2099.79,2099.79,2141.7858,13723.836416161172,2058.575462424176,36.97411505210994,0.017961020000000032,1,11,take_profit
normal,2021-05-23 21:22:00+00:00,2021-05-24 00:17:00+00:00,2146.57,2146.57,2189.5014,13760.810531213281,2064.121579681992,37.07372897510004,0.01796102000000009,1,176,take_profit
normal,2021-05-24 00:18:00+00:00,2021-05-24 07:07:00+00:00,2188.54,2188.54,2232.3108,13797.88426018838,2069.682639028257,37.17361127323966,0.017961020000000168,1,410,take_profit
normal,2021-05-24 07:08:00+00:00,2021-05-24 07:39:00+00:00,2238.37,2238.37,2283.1374,13835.05787146162,2075.258680719243,37.27376266957208,0.01796102000000007,1,32,take_profit
normal,2021-05-24 07:40:00+00:00,2021-05-24 11:33:00+00:00,2276.52,2276.52,2322.0504,13872.331634131193,2080.849745119679,37.37418388908918,0.017961019999999866,1,234,take_profit
normal,2021-05-24 11:34:00+00:00,2021-05-24 11:48:00+00:00,2330.13,2330.13,2376.7326000000003,13909.70581802028,2086.455872703042,37.47487565873689,0.017961020000000046,1,15,take_profit
normal,2021-05-24 11:49:00+00:00,2021-05-24 12:31:00+00:00,2374.24,2374.24,2421.7248,13947.180693679018,2092.0771040518525,37.57583870741746,0.017961020000000025,1,43,take_profit
normal,2021-05-24 12:32:00+00:00,2021-05-24 14:25:00+00:00,2425.21,2425.21,2473.7142,13984.756532386436,2097.7134798579655,37.6770737659981,0.017961019999999803,1,114,take_profit
normal,2021-05-24 14:26:00+00:00,2021-05-24 15:30:00+00:00,2456.73,2456.73,2505.8646,14022.433606152435,2103.3650409228653,37.77858156731645,0.017961020000000022,1,65,take_profit
normal,2021-05-24 15:31:00+00:00,2021-05-24 18:19:00+00:00,2514.54,2514.54,2564.8308,14060.212187719753,2109.031828157963,37.88036284618147,0.017961019999999873,1,169,take_profit
normal,2021-05-24 18:20:00+00:00,2021-05-24 19:45:00+00:00,2559.64,2559.64,2610.8328,14098.092550565934,2114.71388258489,37.982418339385276,0.017961020000000195,1,86,take_profit
normal,2021-05-24 19:46:00+00:00,2021-05-24 20:00:00+00:00,2618.1,2618.1,2670.462,14136.07496890532,2120.411245335798,38.08474878570178,0.017961020000000286,1,15,take_profit
normal,2021-05-24 20:01:00+00:00,2021-05-24 23:34:00+00:00,2664.34,2579.4884076433123,2631.0781757961786,14174.159717691022,5669.663887076409,101.83294646905688,0.017961019999999956,2,214,take_profit
normal,2021-05-24 23:35:00+00:00,2021-05-25 00:05:00+00:00,2624.59,2624.59,2677.0818000000004,14275.99266416008,2141.398899624012,38.46170846412497,0.017961020000000046,1,31,take_profit
normal,2021-05-25 00:06:00+00:00,2021-05-25 00:22:00+00:00,2680.72,2680.72,2734.3343999999997,14314.454372624205,2147.1681558936307,38.5653301913685,0.017961019999999946,1,17,take_profit
normal,2021-05-25 00:23:00+00:00,2021-05-25 10:05:00+00:00,2732.43,2645.4099363057317,2513.8356,14353.019702815573,5741.207881126229,-296.45541088123446,-0.05163641815789468,2,583,stop_loss
recovery,2021-05-25 10:06:00+00:00,2021-05-25 13:19:00+00:00,2497.9,2472.411224489796,2502.0801591836735,14056.564291934337,10542.423218950753,105.18188296455082,0.00997701200000005,2,194,take_profit
normal,2021-05-25 13:20:00+00:00,2021-05-25 13:28:00+00:00,2513.64,2513.64,2563.9128,14161.746174898888,2124.261926234833,38.15391094234292,0.01796102000000026,1,9,take_profit
normal,2021-05-25 13:29:00+00:00,2021-05-25 14:21:00+00:00,2552.12,2552.12,2603.1623999999997,14199.900085841231,2129.9850128761846,38.25670341596924,0.01796101999999992,1,53,take_profit
normal,2021-05-25 14:22:00+00:00,2021-05-25 22:27:00+00:00,2613.25,2613.25,2665.515,14238.1567892572,2135.72351838858,38.359772828247515,0.017961019999999935,1,486,take_profit
normal,2021-05-25 22:28:00+00:00,2021-05-25 22:46:00+00:00,2663.53,2663.53,2716.8006,14276.516562085448,2141.477484312817,38.46311992529172,0.01796101999999978,1,19,take_profit
normal,2021-05-25 22:47:00+00:00,2021-05-26 02:00:00+00:00,2718.21,2718.21,2772.5742,14314.97968201074,2147.246952301611,38.5667454552281,0.017961019999999914,1,194,take_profit
normal,2021-05-26 02:01:00+00:00,2021-05-26 02:27:00+00:00,2774.99,2774.99,2830.4898,14353.546427465968,2153.0319641198953,38.67065016819697,0.017961020000000116,1,27,take_profit
normal,2021-05-26 02:28:00+00:00,2021-05-26 06:36:00+00:00,2835.47,2835.47,2892.1794,14392.217077634166,2158.8325616451248,38.774834816359544,0.017961020000000105,1,249,take_profit
normal,2021-05-26 06:37:00+00:00,2021-05-26 23:30:00+00:00,2892.96,2800.827515923567,2856.844066242038,14430.991912450525,5772.39676498021,103.6781337437451,0.017961020000000043,2,1014,take_profit
normal,2021-05-26 23:31:00+00:00,2021-05-27 11:30:00+00:00,2857.63,2766.6226751592358,2821.9551286624205,14534.67004619427,5813.868018477708,104.42299975723927,0.017961020000000136,2,720,take_profit
normal,2021-05-27 11:31:00+00:00,2021-05-28 05:45:00+00:00,2818.74,2728.9712101910827,2593.2408,14639.093045951508,5855.637218380603,-302.3641319892322,-0.0516364181578947,2,1095,stop_loss
recovery,2021-05-28 05:46:00+00:00,2021-05-28 13:00:00+00:00,2576.62,2550.327959183673,2580.931894693877,14336.728913962275,10752.546685471707,107.27828731151021,0.009977011999999886,2,435,take_profit
normal,2021-05-28 13:01:00+00:00,2021-05-28 21:23:00+00:00,2585.41,2503.0721019108278,2378.5772,14444.007201273786,5777.602880509514,-298.3347182882453,-0.05163641815789455,2,503,stop_loss
recovery,2021-05-28 21:24:00+00:00,2021-05-28 22:15:00+00:00,2372.15,2372.15,2400.6158,14145.672482985537,7072.836241492769,70.56577205540816,0.009977011999999987,1,52,take_profit
normal,2021-05-28 22:16:00+00:00,2021-05-29 00:16:00+00:00,2407.64,2407.64,2455.7927999999997,14216.238255040946,2132.4357382561416,38.30072094353363,0.017961020000000147,1,121,take_profit
normal,2021-05-29 00:17:00+00:00,2021-05-29 01:01:00+00:00,2455.09,2455.09,2504.1918,14254.53897598448,2138.1808463976718,38.40390894576558,0.017961020000000032,1,45,take_profit
normal,2021-05-29 01:02:00+00:00,2021-05-29 05:18:00+00:00,2509.14,2509.14,2559.3228,14292.942884930246,2143.9414327395366,38.507374952263035,0.017961019999999796,1,257,take_profit
normal,2021-05-29 05:19:00+00:00,2021-05-29 13:29:00+00:00,2556.41,2474.9956687898084,2351.8972,14331.45025988251,5732.580103953003,-296.0099033713441,-0.05163641815789458,2,491,stop_loss
recovery,2021-05-29 13:30:00+00:00,2021-05-29 13:46:00+00:00,2348.71,2348.71,2376.8945200000003,14035.440356511164,7017.720178255582,70.01587843109883,0.009977012000000106,1,17,take_profit
normal,2021-05-29 13:47:00+00:00,2021-05-29 14:04:00+00:00,2374.5,2374.5,2421.9900000000002,14105.456234942263,2115.8184352413396,38.002257231738895,0.01796102000000023,1,18,take_profit
normal,2021-05-29 14:05:00+00:00,2021-05-29 19:22:00+00:00,2423.64,2346.454012738853,2229.7488,14143.458492174002,5657.383396869601,-292.12701476028997,-0.05163641815789479,2,318,stop_loss
recovery,2021-05-29 19:23:00+00:00,2021-05-29 19:35:00+00:00,2230.78,2230.78,2257.5493600000004,13851.33147741371,6925.665738706855,69.09745018306785,0.0099770120000001,1,13,take_profit
normal,2021-05-29 19:36:00+00:00,2021-05-29 23:29:00+00:00,2251.05,2251.05,2296.0710000000004,13920.428927596779,2088.0643391395165,37.50376535657142,0.017961019999999897,1,234,take_profit
normal,2021-05-29 23:30:00+00:00,2021-05-30 02:33:00+00:00,2296.85,2223.701910828025,2268.1759490445856,13957.932692953349,5583.17307718134,100.27948330271556,0.017961019999999994,2,184,take_profit
normal,2021-05-30 02:34:00+00:00,2021-05-30 03:20:00+00:00,2262.46,2262.46,2307.7092000000002,14058.212176256064,2108.7318264384094,37.87497450929732,0.017961020000000244,1,47,take_profit
normal,2021-05-30 03:21:00+00:00,2021-05-30 05:24:00+00:00,2304.47,2304.47,2350.5593999999996,14096.087150765361,2114.413072614804,37.97701548549594,0.017961019999999994,1,124,take_profit
normal,2021-05-30 05:25:00+00:00,2021-05-30 06:05:00+00:00,2351.54,2351.54,2398.5708,14134.064166250857,2120.1096249376283,38.079331375697166,0.017961019999999966,1,41,take_profit
normal,2021-05-30 06:06:00+00:00,2021-05-30 07:41:00+00:00,2405.23,2405.23,2453.3346,14172.143497626555,2125.821524643983,38.18192292056119,0.017961020000000057,1,96,take_profit
normal,2021-05-30 07:42:00+00:00,2021-05-31 07:03:00+00:00,2450.48,2372.43923566879,2419.888020382166,14210.325420547117,5684.130168218846,102.09277563398336,0.01796102000000023,2,1402,take_profit
normal,2021-05-31 07:04:00+00:00,2021-05-31 08:30:00+00:00,2425.05,2425.05,2473.5510000000004,14312.418196181101,2146.862729427165,38.55984442049612,0.017961020000000102,1,87,take_profit
normal,2021-05-31 08:31:00+00:00,2021-05-31 10:11:00+00:00,2479.46,2479.46,2529.0492,14350.978040601598,2152.6467060902396,38.66373054102087,0.017961019999999977,1,101,take_profit
normal,2021-05-31 10:12:00+00:00,2021-05-31 11:16:00+00:00,2526.66,2526.66,2577.1931999999997,14389.641771142618,2158.4462656713927,38.767896546649354,0.017961020000000074,1,65,take_profit
normal,2021-05-31 11:17:00+00:00,2021-05-31 15:36:00+00:00,2569.25,2569.25,2620.635,14428.409667689268,2164.26145015339,38.87234319143454,0.01796102000000023,1,260,take_profit
normal,2021-05-31 15:37:00+00:00,2021-05-31 16:23:00+00:00,2623.85,2623.85,2676.3269999999998,14467.282010880703,2170.0923016321053,38.977071231460286,0.017961020000000005,1,47,take_profit
normal,2021-05-31 16:24:00+00:00,2021-06-01 00:03:00+00:00,2675.1,2675.1,2728.602,14506.259082112163,2175.9388623168243,39.08208142484955,0.017961019999999918,1,460,take_profit
normal,2021-06-01 00:04:00+00:00,2021-06-02 07:37:00+00:00,2725.57,2638.768407643312,2691.543775796178,14545.341163537014,5818.136465414806,104.49966541804406,0.0179610199999999,2,1894,take_profit
normal,2021-06-02 07:38:00+00:00,2021-06-02 13:29:00+00:00,2687.19,2687.19,2740.9338000000002,14649.840828955057,2197.4761243432586,39.468912618851846,0.017961020000000043,1,352,take_profit
normal,2021-06-02 13:30:00+00:00,2021-06-02 15:13:00+00:00,2738.47,2738.47,2793.2394,14689.309741573908,2203.396461236086,39.575247908190704,0.017961020000000064,1,104,take_profit
normal,2021-06-02 15:14:00+00:00,2021-06-03 06:41:00+00:00,2789.0,2789.0,2844.78,14728.8849894821,2209.332748422315,39.68186968106875,0.01796102000000026,1,928,take_profit
normal,2021-06-03 06:42:00+00:00,2021-06-04 06:49:00+00:00,2839.21,2748.7892993630576,2612.0732000000003,14768.566859163167,5907.426743665266,-305.0383575730293,-0.0516364181578946,2,1448,stop_loss
recovery,2021-06-04 06:50:00+00:00,2021-06-04 09:54:00+00:00,2613.96,2613.96,2645.3275200000003,14463.528501590135,7231.764250795068,72.15139871135489,0.009977012000000205,1,185,take_profit
normal,2021-06-04 09:55:00+00:00,2021-06-04 17:26:00+00:00,2646.51,2646.51,2699.4402000000005,14535.67990030149,2180.3519850452235,39.161345610437365,0.017961020000000185,1,452,take_profit
normal,2021-06-04 17:27:00+00:00,2021-06-05 00:34:00+00:00,2697.33,2697.33,2751.2766,14574.841245911928,2186.226186886789,39.266852267197464,0.01796102000000005,1,428,take_profit
normal,2021-06-05 00:35:00+00:00,2021-06-05 07:19:00+00:00,2754.95,2754.95,2810.049,14614.108098179124,2192.1162147268683,39.37264317503377,0.01796102000000009,1,405,take_profit
normal,2021-06-05 07:20:00+00:00,2021-06-05 15:00:00+00:00,2812.15,2722.591082802548,2587.1780000000003,14653.480741354158,5861.392296541663,-302.6613036116878,-0.05163641815789466,2,461,stop_loss
recovery,2021-06-05 15:01:00+00:00,2021-06-05 15:37:00+00:00,2594.24,2594.24,2625.37088,14350.819437742472,7175.409718871236,71.58914887009541,0.009977012000000065,1,37,take_profit
normal,2021-06-05 15:38:00+00:00,2021-06-06 01:23:00+00:00,2624.51,2624.51,2677.0002000000004,14422.408586612568,2163.361287991885,38.85617536084828,0.017961020000000126,1,586,take_profit
normal,2021-06-06 01:24:00+00:00,2021-06-06 08:57:00+00:00,2676.17,2676.17,2729.6934,14461.264761973416,2169.1897142960124,38.96085984226511,0.017961020000000067,1,454,take_profit
normal,2021-06-06 08:58:00+00:00,2021-06-07 01:45:00+00:00,2726.78,2726.78,2781.3156000000004,14500.225621815682,2175.033843272352,39.06582635969153,0.017961019999999977,1,1008,take_profit
normal,2021-06-07 01:46:00+00:00,2021-06-07 13:01:00+00:00,2785.66,2785.66,2841.3732,14539.291448175372,2180.893717226306,39.17107567297626,0.01796102000000011,1,676,take_profit
normal,2021-06-07 13:02:00+00:00,2021-06-07 21:13:00+00:00,2842.39,2751.868025477707,2614.9988,14578.462523848348,5831.385009539339,-301.111834792252,-0.05163641815789469,2,492,stop_loss
recovery,2021-06-07 21:14:00+00:00,2021-06-07 22:11:00+00:00,2603.95,2603.95,2635.1974,14277.350689056097,7138.675344528048,71.22264957646257,0.009977012000000294,1,58,take_profit
normal,2021-06-07 22:12:00+00:00,2021-06-08 03:24:00+00:00,2638.76,2554.7230573248407,2427.6592000000005,14348.57333863256,5739.429335453024,-296.36357315313944,-0.0516364181578946,2,313,stop_loss
recovery,2021-06-08 03:25:00+00:00,2021-06-08 03:30:00+00:00,2432.96,2432.96,2462.1555200000003,14052.20976547942,7026.10488273971,70.09953272835355,0.009977012000000124,1,6,take_profit
normal,2021-06-08 03:31:00+00:00,2021-06-08 04:03:00+00:00,2451.79,2451.79,2500.8258,14122.309298207772,2118.3463947311657,38.04766196269429,0.017961019999999966,1,33,take_profit
normal,2021-06-08 04:04:00+00:00,2021-06-08 15:24:00+00:00,2509.94,2430.0056050955413,2309.1448,14160.356960170468,5664.142784068186,-292.4760453041663,-0.051636418157894624,2,681,stop_loss
recovery,2021-06-08 15:25:00+00:00,2021-06-08 15:29:00+00:00,2314.88,2314.88,2342.6585600000003,13867.880914866302,6933.940457433151,69.18000715109702,0.009977012000000141,1,5,take_profit
normal,2021-06-08 15:30:00+00:00,2021-06-08 15:49:00+00:00,2343.8,2343.8,2390.6760000000004,13937.0609220174,2090.55913830261,37.54857449423616,0.017961020000000105,1,20,take_profit
normal,2021-06-08 15:50:00+00:00,2021-06-08 16:20:00+00:00,2385.4,2385.4,2433.108,13974.609496511635,2096.1914244767454,37.649736098855556,0.017961020000000116,1,31,take_profit
normal,2021-06-08 16:21:00+00:00,2021-06-08 18:56:00+00:00,2429.51,2429.51,2478.1002000000003,14012.259232610491,2101.838884891574,37.7511702483157,0.017961020000000213,1,156,take_profit
normal,2021-06-08 18:57:00+00:00,2021-06-08 20:29:00+00:00,2476.85,2476.85,2526.387,14050.010402858808,2107.501560428821,37.85287767689351,0.01796102000000012,1,93,take_profit
normal,2021-06-08 20:30:00+00:00,2021-06-09 12:03:00+00:00,2523.24,2523.24,2573.7048,14087.863280535701,2113.179492080355,37.95485912084541,0.01796102000000015,1,934,take_profit
normal,2021-06-09 12:04:00+00:00,2021-06-09 17:19:00+00:00,2573.24,2573.24,2624.7048,14125.818139656547,2118.872720948482,38.057115318410524,0.0179610200000002,1,316,take_profit
normal,2021-06-09 17:20:00+00:00,2021-06-11 01:19:00+00:00,2620.81,2537.344713375796,2411.1452,14163.875254974957,5665.550101989982,-292.54871416085734,-0.05163641815789464,2,1920,stop_loss
recovery,2021-06-11 01:20:00+00:00,2021-06-11 03:00:00+00:00,2413.16,2413.16,2442.1179199999997,13871.3265408141,6935.66327040705,69.19719567681113,0.009977012000000108,1,101,take_profit
normal,2021-06-11 03:01:00+00:00,2021-06-12 02:22:00+00:00,2459.42,2381.0945222929936,2262.6664,13940.523736490912,5576.2094945963645,-287.93548519900105,-0.05163641815789479,2,1402,stop_loss
recovery,2021-06-12 02:23:00+00:00,2021-06-12 03:16:00+00:00,2265.34,2265.34,2292.52408,13652.588251291909,6826.294125645954,68.10601840709842,0.009977011999999886,1,54,take_profit
normal,2021-06-12 03:17:00+00:00,2021-06-12 10:30:00+00:00,2298.92,2298.92,2344.8984,13720.694269699008,2058.104140454851,36.96564962879256,0.017961020000000084,1,434,take_profit
normal,2021-06-12 10:31:00+00:00,2021-06-12 12:12:00+00:00,2361.46,2361.46,2408.6892000000003,13757.659919327802,2063.64898789917,37.06524074463687,0.017961020000000057,1,102,take_profit
normal,2021-06-12 12:13:00+00:00,2021-06-13 20:06:00+00:00,2410.74,2410.74,2458.9548,13794.725160072438,2069.2087740108655,37.16510017418477,0.017961020000000067,1,1914,take_profit
normal,2021-06-13 20:07:00+00:00,2021-06-13 20:40:00+00:00,2457.04,2457.04,2506.1808,13831.890260246622,2074.7835390369933,37.265228640314035,0.01796101999999991,1,34,take_profit
normal,2021-06-13 20:41:00+00:00,2021-06-14 13:37:00+00:00,2503.7,2503.7,2553.774,13869.155488886936,2080.3733233330404,37.365626867851006,0.017961019999999904,1,1017,take_profit
normal,2021-06-14 13:38:00+00:00,2021-06-14 16:21:00+00:00,2555.7,2555.7,2606.814,13906.521115754787,2085.978167363218,37.466295583574265,0.017961020000000077,1,164,take_profit
normal,2021-06-14 16:22:00+00:00,2021-06-16 16:52:00+00:00,2607.35,2524.313375796178,2398.762,13943.987411338361,5577.594964535345,-288.0070259041149,-0.0516364181578947,2,2911,stop_loss
recovery,2021-06-16 16:53:00+00:00,2021-06-16 17:36:00+00:00,2393.12,2393.12,2421.83744,13655.980385434246,6827.990192717123,68.12294008862045,0.009977011999999912,1,44,take_profit
normal,2021-06-16 17:37:00+00:00,2021-06-18 15:26:00+00:00,2422.96,2345.795668789809,2229.1232,13724.103325522867,5489.641330209146,-283.4654152635403,-0.05163641815789462,2,2750,stop_loss
recovery,2021-06-18 15:27:00+00:00,2021-06-18 23:34:00+00:00,2229.95,2207.1954081632653,2233.6817530612243,13440.637910259324,10080.478432694494,100.57305428873224,0.00997701199999981,2,488,take_profit
normal,2021-06-18 23:35:00+00:00,2021-06-19 12:15:00+00:00,2233.1,2233.1,2277.762,13541.210964548056,2031.1816446822083,36.48209414377038,0.01796102000000017,1,761,take_profit
normal,2021-06-19 12:16:00+00:00,2021-06-20 10:27:00+00:00,2275.01,2202.5574522292995,2093.0092000000004,13577.693058691826,5431.07722347673,-280.44137455926193,-0.05163641815789466,2,1332,stop_loss
recovery,2021-06-20 10:28:00+00:00,2021-06-20 15:31:00+00:00,2099.16,2099.16,2124.3499199999997,13297.251684132563,6648.625842066282,66.33341980980458,0.009977011999999877,1,304,take_profit
normal,2021-06-20 15:32:00+00:00,2021-06-20 19:00:00+00:00,2123.72,2123.72,2166.1944,13363.585103942369,2004.5377655913553,36.00354289854181,0.01796102000000008,1,209,take_profit
normal,2021-06-20 19:01:00+00:00,2021-06-20 19:37:00+00:00,2171.66,2171.66,2215.0932,13399.588646840912,2009.9382970261368,36.1005419516523,0.01796101999999996,1,37,take_profit
normal,2021-06-20 19:38:00+00:00,2021-06-20 20:42:00+00:00,2215.65,2215.65,2259.963,13435.689188792565,2015.3533783188846,36.19780233505344,0.017961020000000192,1,65,take_profit
normal,2021-06-20 20:43:00+00:00,2021-06-21 04:38:00+00:00,2255.87,2184.0270063694265,2075.4004,13471.886991127618,5388.754796451047,-278.2559960199069,-0.05163641815789468,2,476,stop_loss
recovery,2021-06-21 04:39:00+00:00,2021-06-21 04:45:00+00:00,2074.45,2074.45,2099.3433999999997,13193.630995107711,6596.8154975538555,65.81650738088047,0.009977011999999952,1,7,take_profit
normal,2021-06-21 04:46:00+00:00,2021-06-21 06:05:00+00:00,2096.63,2096.63,2138.5626,13259.44750248859,1988.9171253732884,35.72298026717226,0.01796102000000006,1,80,take_profit
normal,2021-06-21 06:06:00+00:00,2021-06-21 09:20:00+00:00,2141.19,2072.99923566879,1969.8948,13295.170482755762,5318.068193102305,-274.60599301122966,-0.05163641815789462,2,195,stop_loss
recovery,2021-06-21 09:21:00+00:00,2021-06-21 09:31:00+00:00,1977.16,1977.16,2000.8859200000002,13020.564489744533,6510.282244872266,64.95316408047802,0.009977012000000073,1,11,take_profit
normal,2021-06-21 09:32:00+00:00,2021-06-21 11:48:00+00:00,2002.74,1938.9584713375796,1977.7376407643312,13085.51765382501,5234.2070615300045,94.01169771628247,0.017961020000000157,2,137,take_profit
normal,2021-06-21 11:49:00+00:00,2021-06-21 13:58:00+00:00,1973.32,1973.3200000000002,2012.7864000000002,13179.529351541294,1976.929402731194,35.50766854104313,0.017961020000000053,1,130,take_profit
normal,2021-06-21 13:59:00+00:00,2021-06-22 01:15:00+00:00,2011.16,1947.1103184713377,1986.0525248407644,13215.037020082338,5286.014808032935,94.94221768737589,0.017961020000000032,2,677,take_profit
normal,2021-06-22 01:16:00+00:00,2021-06-22 12:07:00+00:00,1993.64,1930.148280254777,1834.1488000000002,13309.979237769716,5323.991695107887,-274.9118614377494,-0.05163641815789469,2,652,stop_loss
recovery,2021-06-22 12:08:00+00:00,2021-06-22 12:16:00+00:00,1829.11,1829.11,1851.0593199999998,13035.067376331966,6517.533688165983,65.02551181723538,0.009977011999999863,1,9,take_profit
normal,2021-06-22 12:17:00+00:00,2021-06-22 14:57:00+00:00,1845.11,1786.3485350318472,1822.075505732484,13100.092888149202,5240.037155259681,94.11641214636256,0.017961020000000064,2,161,take_profit
normal,2021-06-22 14:58:00+00:00,2021-06-22 15:26:00+00:00,1815.46,1815.4600000000003,1851.7692000000004,13194.209300295564,1979.1313950443346,35.547218569019606,0.01796102000000021,1,29,take_profit
normal,2021-06-22 15:27:00+00:00,2021-06-22 16:02:00+00:00,1856.17,1856.1700000000003,1893.2934000000002,13229.756518864584,1984.4634778296875,35.64298821456873,0.01796102000000008,1,36,take_profit
normal,2021-06-22 16:03:00+00:00,2021-06-22 18:33:00+00:00,1901.16,1901.16,1939.1832000000002,13265.399507079153,1989.8099260618728,35.73901587819569,0.017961019999999935,1,151,take_profit
normal,2021-06-22 18:34:00+00:00,2021-06-23 00:42:00+00:00,1935.4,1873.7630573248407,1911.2383184713376,13301.13852295735,5320.45540918294,95.56080601344365,0.01796102000000013,2,369,take_profit
normal,2021-06-23 00:43:00+00:00,2021-06-23 01:06:00+00:00,1913.89,1913.89,1952.1678000000002,13396.699328970793,2009.504899345619,36.092757687244784,0.017961020000000067,1,24,take_profit
normal,2021-06-23 01:07:00+00:00,2021-06-23 01:57:00+00:00,1956.57,1956.57,1995.7014,13432.792086658039,2014.9188129987058,36.18999709864579,0.01796101999999989,1,51,take_profit
normal,2021-06-23 01:58:00+00:00,2021-06-23 02:47:00+00:00,1991.44,1991.44,2031.2688,13468.982083756686,2020.3473125635028,36.287498487899484,0.017961020000000077,1,50,take_profit
normal,2021-06-23 02:48:00+00:00,2021-06-24 15:24:00+00:00,2030.7,1966.0280254777067,2005.3485859872608,13505.269582244586,5402.107832897835,97.02736682883369,0.01796101999999982,2,2197,take_profit
normal,2021-06-24 15:25:00+00:00,2021-06-25 12:03:00+00:00,2005.83,1941.9500636942678,1845.3636,13602.296949073421,5440.918779629368,-280.9495572680853,-0.05163641815789491,2,1239,stop_loss
recovery,2021-06-25 12:04:00+00:00,2021-06-25 12:17:00+00:00,1846.99,1846.99,1869.15388,13321.347391805335,6660.6736959026675,66.45362139210465,0.009977011999999908,1,14,take_profit
normal,2021-06-25 12:18:00+00:00,2021-06-26 08:13:00+00:00,1873.17,1813.5149044585987,1723.3164000000002,13387.80101319744,5355.120405278976,-276.5192365328603,-0.051636418157894805,2,1196,stop_loss
recovery,2021-06-26 08:14:00+00:00,2021-06-26 08:32:00+00:00,1722.27,1722.27,1742.93724,13111.281776664582,6555.640888332291,65.4057078105825,0.009977012000000087,1,19,take_profit
normal,2021-06-26 08:33:00+00:00,2021-06-26 09:40:00+00:00,1744.14,1744.14,1779.0228000000002,13176.687484475166,1976.5031226712747,35.500012116361404,0.017961020000000095,1,68,take_profit
normal,2021-06-26 09:41:00+00:00,2021-06-26 12:26:00+00:00,1776.0,1775.9999999999998,1811.5199999999998,13212.187496591527,1981.828124488729,35.595654580504515,0.017961019999999984,1,166,take_profit
normal,2021-06-26 12:27:00+00:00,2021-06-27 00:15:00+00:00,1809.22,1809.22,1845.4044000000001,13247.78315117203,1987.1674726758044,35.691554720079694,0.01796102000000006,1,709,take_profit
normal,2021-06-27 00:16:00+00:00,2021-06-27 02:23:00+00:00,1844.05,1844.05,1880.931,13283.47470589211,1992.5212058838163,35.78771322930356,0.017961020000000112,1,128,take_profit
normal,2021-06-27 02:24:00+00:00,2021-06-27 22:17:00+00:00,1881.7,1881.7,1919.334,13319.262419121413,1997.8893628682117,35.88413080426335,0.01796102000000007,1,1194,take_profit
normal,2021-06-27 22:18:00+00:00,2021-06-27 22:57:00+00:00,1918.95,1918.9499999999998,1957.329,13355.146549925676,2003.2719824888513,35.98080814292189,0.01796101999999999,1,40,take_profit
normal,2021-06-27 22:58:00+00:00,2021-06-28 00:02:00+00:00,1953.78,1953.7800000000002,1992.8556000000003,13391.127358068597,2008.6691037102896,36.07774594512284,0.017961020000000126,1,65,take_profit
normal,2021-06-28 00:03:00+00:00,2021-06-28 07:37:00+00:00,1990.57,1990.5700000000002,2030.3814000000002,13427.20510401372,2014.080765602058,36.17494491259413,0.017961020000000126,1,455,take_profit
normal,2021-06-28 07:38:00+00:00,2021-06-28 08:16:00+00:00,2032.14,2032.14,2072.7828,13463.380048926312,2019.5070073389468,36.272405748954725,0.01796101999999988,1,39,take_profit
normal,2021-06-28 08:17:00+00:00,2021-06-28 15:58:00+00:00,2075.45,2075.45,2116.959,13499.652454675266,2024.9478682012898,36.37012915972059,0.017961019999999932,1,462,take_profit
normal,2021-06-28 15:59:00+00:00,2021-06-29 06:37:00+00:00,2117.85,2117.85,2160.207,13536.022583834987,2030.403387575248,36.468115852307164,0.01796102000000019,1,879,take_profit
normal,2021-06-29 06:38:00+00:00,2021-06-29 13:16:00+00:00,2155.83,2155.83,2198.9465999999998,13572.490699687294,2035.873604953094,36.566366536034366,0.017961019999999876,1,399,take_profit
normal,2021-06-29 13:17:00+00:00,2021-06-29 17:17:00+00:00,2195.97,2195.97,2239.8894,13609.057066223328,2041.358559933499,36.664881922137056,0.017961020000000136,1,241,take_profit
normal,2021-06-29 17:18:00+00:00,2021-06-30 18:56:00+00:00,2234.05,2162.9019108280254,2206.159949044586,13645.721948145465,5458.288779258186,98.03643393003222,0.017961020000000064,2,1539,take_profit
normal,2021-06-30 18:57:00+00:00,2021-06-30 20:01:00+00:00,2209.97,2209.97,2254.1693999999998,13743.758382075497,2061.5637573113245,37.027787876344064,0.017961020000000105,1,65,take_profit
normal,2021-06-30 20:02:00+00:00,2021-07-01 14:31:00+00:00,2254.59,2182.7877707006373,2074.2228,13780.78616995184,5512.314467980736,-284.6361748864665,-0.05163641815789477,2,1110,stop_loss
recovery,2021-07-01 14:32:00+00:00,2021-07-01 15:02:00+00:00,2082.83,2082.83,2107.82396,13496.149995065374,6748.074997532687,67.32562522728495,0.009977012000000202,1,31,take_profit
normal,2021-07-01 15:03:00+00:00,2021-07-02 22:58:00+00:00,2110.77,2110.77,2152.9854,13563.475620292658,2034.5213430438987,36.542078532838104,0.01796101999999989,1,1916,take_profit
normal,2021-07-02 22:59:00+00:00,2021-07-03 07:54:00+00:00,2153.45,2153.45,2196.519,13600.017698825497,2040.0026548238245,36.640528483343815,0.017961020000000005,1,536,take_profit
normal,2021-07-03 07:55:00+00:00,2021-07-03 13:59:00+00:00,2192.21,2192.21,2236.0542,13636.658227308842,2045.4987340963262,36.73924367307927,0.017961020000000234,1,365,take_profit
normal,2021-07-03 14:00:00+00:00,2021-07-04 05:46:00+00:00,2236.09,2236.09,2280.8118000000004,13673.397470981921,2051.009620647288,36.83822481663856,0.0179610200000001,1,947,take_profit
normal,2021-07-04 05:47:00+00:00,2021-07-04 06:55:00+00:00,2279.76,2279.76,2325.3552000000004,13710.23569579856,2056.535354369784,36.93747263054274,0.017961019999999984,1,69,take_profit
normal,2021-07-04 06:56:00+00:00,2021-07-04 16:27:00+00:00,2328.03,2328.03,2374.5906000000004,13747.173168429103,2062.0759752643653,37.036987833243074,0.017961020000000147,1,572,take_profit
normal,2021-07-04 16:28:00+00:00,2021-07-05 11:56:00+00:00,2372.63,2297.068535031847,2182.8196000000003,13784.210156262345,5513.684062504937,-284.7068958420241,-0.05163641815789462,2,1169,stop_loss
recovery,2021-07-05 11:57:00+00:00,2021-07-05 12:15:00+00:00,2187.38,2187.38,2213.62856,13499.50326042032,6749.75163021016,67.34235301162698,0.009977012000000096,1,19,take_profit
normal,2021-07-05 12:16:00+00:00,2021-07-06 04:04:00+00:00,2218.39,2218.39,2262.7578,13566.845613431948,2035.026842014792,36.55115780996471,0.01796102000000009,1,949,take_profit
normal,2021-07-06 04:05:00+00:00,2021-07-06 04:41:00+00:00,2273.38,2273.38,2318.8476,13603.396771241913,2040.5095156862867,36.6496322214316,0.01796101999999995,1,37,take_profit
normal,2021-07-06 04:42:00+00:00,2021-07-07 04:22:00+00:00,2315.36,2315.36,2361.6672000000003,13640.046403463344,2046.0069605195015,36.748371938030004,0.017961020000000015,1,1421,take_profit
normal,2021-07-07 04:23:00+00:00,2021-07-08 07:42:00+00:00,2366.54,2291.172484076433,2177.2168,13676.794775401373,5470.717910160549,-282.4882776329341,-0.051636418157894735,2,1640,stop_loss
recovery,2021-07-08 07:43:00+00:00,2021-07-10 00:37:00+00:00,2185.98,2163.6740816326533,2189.638170612245,13394.306497768439,10045.729873326329,100.22636749493904,0.009977012000000377,2,2455,take_profit
normal,2021-07-10 00:38:00+00:00,2021-07-11 21:35:00+00:00,2188.11,2118.4249681528663,2160.7934675159236,13494.532865263378,5397.813146105351,96.95022987346147,0.017961020000000064,2,2698,take_profit
normal,2021-07-11 21:36:00+00:00,2021-07-13 05:15:00+00:00,2169.34,2100.252738853503,1995.7928000000002,13591.483095136839,5436.593238054736,-280.7262017945777,-0.05163641815789482,2,1900,stop_loss
recovery,2021-07-13 05:16:00+00:00,2021-07-13 07:10:00+00:00,1997.69,1997.6900000000003,2021.6622800000002,13310.75689334226,6655.37844667113,66.40079062697896,0.00997701199999996,1,115,take_profit
normal,2021-07-13 07:11:00+00:00,2021-07-14 13:44:00+00:00,2020.73,1956.3755414012737,1995.5030522292993,13377.157683969239,5350.863073587696,96.10695868196945,0.017961019999999883,2,1834,take_profit
normal,2021-07-14 13:45:00+00:00,2021-07-15 01:01:00+00:00,1993.46,1993.4600000000003,2033.3292000000004,13473.26464265121,2020.9896963976812,36.29903635679284,0.017961020000000077,1,677,take_profit
normal,2021-07-15 01:02:00+00:00,2021-07-16 08:41:00+00:00,2034.47,1969.6779617834395,1871.7124000000001,13509.563679008003,5403.825471603201,-279.034191703985,-0.05163641815789463,2,1900,stop_loss
recovery,2021-07-16 08:42:00+00:00,2021-07-16 12:20:00+00:00,1869.39,1869.39,1891.8226800000002,13230.529487304018,6615.264743652009,66.00057573059348,0.00997701200000007,1,219,take_profit
normal,2021-07-16 12:21:00+00:00,2021-07-16 15:34:00+00:00,1885.93,1885.93,1923.6486,13296.530063034612,1994.4795094551916,35.82288635891473,0.01796101999999992,1,194,take_profit
normal,2021-07-16 15:35:00+00:00,2021-07-18 00:55:00+00:00,1925.98,1925.98,1964.4996,13332.352949393526,1999.8529424090289,35.919398695667496,0.01796102000000004,1,2001,take_profit
normal,2021-07-18 00:56:00+00:00,2021-07-19 12:35:00+00:00,1978.2,1915.2,1819.9440000000002,13368.272348089195,5347.308939235678,-276.11588040582046,-0.05163641815789445,2,2140,stop_loss
recovery,2021-07-19 12:36:00+00:00,2021-07-20 00:17:00+00:00,1818.55,1818.55,1840.3726,13092.156467683373,6546.078233841687,65.31030109197673,0.00997701199999991,1,702,take_profit
normal,2021-07-20 00:18:00+00:00,2021-07-20 16:02:00+00:00,1836.3,1777.8191082802546,1813.3754904458597,13157.46676877535,5262.98670751014,94.52860951332332,0.01796101999999991,2,945,take_profit
normal,2021-07-20 16:03:00+00:00,2021-07-21 04:16:00+00:00,1807.47,1807.47,1843.6194,13251.995378288673,1987.7993067433008,35.702903104402594,0.01796102000000002,1,734,take_profit
normal,2021-07-21 04:17:00+00:00,2021-07-21 06:47:00+00:00,1840.9,1840.9,1877.718,13287.698281393075,1993.1547422089611,35.79909218790999,0.017961019999999998,1,151,take_profit
normal,2021-07-21 06:48:00+00:00,2021-07-21 10:09:00+00:00,1875.4,1875.4,1912.9080000000001,13323.497373580985,1998.5246060371478,35.89554041952533,0.01796102,1,202,take_profit
normal,2021-07-21 10:10:00+00:00,2021-07-21 15:09:00+00:00,1906.02,1906.0200000000002,1944.1404000000002,13359.39291400051,2003.9089371000764,35.992248497433366,0.017961020000000074,1,300,take_profit
normal,2021-07-21 15:10:00+00:00,2021-07-21 16:18:00+00:00,1939.09,1939.09,1977.8718,13395.385162497942,2009.3077743746912,36.08921712169945,0.017961020000000067,1,69,take_profit
normal,2021-07-21 16:19:00+00:00,2021-07-21 18:13:00+00:00,1975.69,1975.69,2015.2038,13431.474379619642,2014.7211569429462,36.18644699427546,0.01796102000000003,1,115,take_profit
normal,2021-07-21 18:14:00+00:00,2021-07-23 01:38:00+00:00,2022.37,2022.37,2062.8174,13467.660826613917,2020.1491239920874,36.28393881900456,0.0179610200000001,1,1885,take_profit
normal,2021-07-23 01:39:00+00:00,2021-07-23 23:26:00+00:00,2060.55,2060.55,2101.7610000000004,13503.944765432923,2025.5917148149383,36.381693301625546,0.01796102000000007,1,1308,take_profit
normal,2021-07-23 23:27:00+00:00,2021-07-24 03:57:00+00:00,2095.22,2095.22,2137.1243999999997,13540.32645873455,2031.0489688101823,36.47971114977895,0.017961019999999946,1,271,take_profit
normal,2021-07-24 03:58:00+00:00,2021-07-24 15:25:00+00:00,2132.76,2132.76,2175.4152000000004,13576.806169884328,2036.520925482649,36.577993073012294,0.017961019999999963,1,688,take_profit
normal,2021-07-24 15:26:00+00:00,2021-07-26 00:13:00+00:00,2169.54,2169.54,2212.9308,13613.38416295734,2042.007624443601,36.6765397827844,0.017961020000000195,1,1968,take_profit
normal,2021-07-26 00:14:00+00:00,2021-07-26 00:58:00+00:00,2211.8,2211.8,2256.036,13650.060702740124,2047.5091054110185,36.77535199246904,0.01796101999999982,1,45,take_profit
normal,2021-07-26 00:59:00+00:00,2021-07-26 01:01:00+00:00,2255.28,2255.28,2300.3856,13686.836054732594,2053.025408209889,36.8744304173656,0.017961019999999814,1,3,take_profit
normal,2021-07-26 01:02:00+00:00,2021-07-26 06:14:00+00:00,2323.94,2323.94,2370.4188,13723.710485149959,2058.556572772494,36.973775774698424,0.017961020000000102,1,313,take_profit
normal,2021-07-26 06:15:00+00:00,2021-07-26 19:21:00+00:00,2368.0,2368.0,2415.36,13760.684260924658,2064.1026391386986,37.07338878362316,0.017961020000000102,1,787,take_profit
normal,2021-07-26 19:22:00+00:00,2021-07-26 21:35:00+00:00,2413.23,2336.375541401274,2220.1716,13797.757649708281,5519.103059883312,-284.98671345665116,-0.051636418157894756,2,134,stop_loss
recovery,2021-07-26 21:36:00+00:00,2021-07-26 22:03:00+00:00,2222.77,2222.77,2249.44324,13512.770936251629,6756.385468125814,67.40853889211667,0.009977011999999971,1,28,take_profit
normal,2021-07-26 22:04:00+00:00,2021-07-27 12:39:00+00:00,2249.29,2249.29,2294.2758,13580.179475143745,2037.0269212715616,36.587081273497006,0.017961020000000032,1,876,take_profit
normal,2021-07-27 12:40:00+00:00,2021-07-28 11:31:00+00:00,2295.47,2295.47,2341.3794,13616.766556417242,2042.5149834625863,36.6856524682712,0.017961020000000008,1,1372,take_profit
normal,2021-07-28 11:32:00+00:00,2021-07-29 23:18:00+00:00,2337.16,2337.16,2383.9031999999997,13653.452208885514,2048.017831332827,36.78448922892585,0.017961020000000154,1,2147,take_profit
normal,2021-07-29 23:19:00+00:00,2021-07-30 02:01:00+00:00,2397.77,2397.77,2445.7254,13690.23669811444,2053.535504717166,36.88359227093497,0.01796101999999993,1,163,take_profit
normal,2021-07-30 02:02:00+00:00,2021-07-30 20:47:00+00:00,2444.69,2366.8336305732487,2414.1703031847137,13727.120290385377,5490.848116154151,98.62123283120673,0.017961019999999942,2,1126,take_profit
normal,2021-07-30 20:48:00+00:00,2021-07-30 21:49:00+00:00,2413.19,2413.19,2461.4538000000002,13825.741523216584,2073.8612284824876,37.248663001998466,0.01796101999999997,1,62,take_profit
normal,2021-07-30 21:50:00+00:00,2021-07-31 21:07:00+00:00,2459.0,2459.0,2508.18,13862.990186218582,2079.4485279327873,37.34901659917114,0.017961019999999897,1,1398,take_profit
normal,2021-07-31 21:08:00+00:00,2021-08-01 00:44:00+00:00,2507.02,2507.02,2557.1604,13900.339202817753,2085.050880422663,37.449640564288984,0.017961019999999966,1,217,take_profit
normal,2021-08-01 00:45:00+00:00,2021-08-01 03:45:00+00:00,2557.81,2557.81,2608.9662,13937.788843382043,2090.668326507306,37.55053562576404,0.017961019999999897,1,181,take_profit
normal,2021-08-01 03:46:00+00:00,2021-08-01 19:48:00+00:00,2602.53,2602.53,2654.5806000000002,13975.339379007806,2096.300906851171,37.65170251397194,0.017961019999999963,1,963,take_profit
normal,2021-08-01 19:49:00+00:00,2021-08-02 06:57:00+00:00,2652.98,2568.490191082802,2619.8599949044583,14012.991081521777,5605.196432608711,100.67504523001298,0.01796101999999987,2,669,take_profit
normal,2021-08-02 06:58:00+00:00,2021-08-04 12:58:00+00:00,2621.76,2538.264458598726,2589.0297477707004,14113.66612675179,5645.466450700716,101.39833583036307,0.01796101999999973,2,3241,take_profit
normal,2021-08-04 12:59:00+00:00,2021-08-04 14:52:00+00:00,2587.09,2587.09,2638.8318000000004,14215.064462582153,2132.259669387323,38.29755856705924,0.017961020000000067,1,114,take_profit
normal,2021-08-04 14:53:00+00:00,2021-08-04 15:12:00+00:00,2640.78,2640.78,2693.5956,14253.362021149213,2138.0043031723817,38.40073804936537,0.017961020000000074,1,20,take_profit
normal,2021-08-04 15:13:00+00:00,2021-08-04 22:10:00+00:00,2695.49,2695.49,2749.3997999999997,14291.762759198578,2143.764413879787,38.50419551298319,0.01796102000000003,1,418,take_profit
normal,2021-08-04 22:11:00+00:00,2021-08-05 14:05:00+00:00,2749.41,2661.8491719745225,2715.086155414013,14330.266954711562,5732.106781884624,102.95448455156566,0.01796102000000005,2,955,take_profit
normal,2021-08-05 14:06:00+00:00,2021-08-05 14:15:00+00:00,2740.51,2740.51,2795.3202,14433.221439263129,2164.983215889469,38.88530684025454,0.017961019999999755,1,10,take_profit
normal,2021-08-05 14:16:00+00:00,2021-08-06 16:04:00+00:00,2815.15,2815.15,2871.453,14472.106746103382,2170.8160119155073,38.990069806334304,0.017961019999999835,1,1549,take_profit
normal,2021-08-06 16:05:00+00:00,2021-08-06 18:10:00+00:00,2871.14,2871.14,2928.5627999999997,14511.096815909716,2176.664522386457,39.09511501987345,0.01796101999999993,1,126,take_profit
normal,2021-08-06 18:11:00+00:00,2021-08-07 09:04:00+00:00,2931.75,2931.75,2990.385,14550.19193092959,2182.5287896394384,39.20044324129003,0.01796102000000013,1,894,take_profit
normal,2021-08-07 09:05:00+00:00,2021-08-07 10:02:00+00:00,2993.94,2993.94,3053.8188,14589.39237417088,2188.408856125632,39.30605523304985,0.017961020000000112,1,58,take_profit
normal,2021-08-07 10:03:00+00:00,2021-08-07 12:01:00+00:00,3053.5,3053.5,3114.57,14628.69842940393,2194.3047644105895,39.41195175967414,0.017961020000000116,1,119,take_profit
normal,2021-08-07 12:02:00+00:00,2021-08-08 00:23:00+00:00,3111.39,3111.3899999999994,3173.6177999999995,14668.110381163604,2200.2165571745404,39.51813358774325,0.017961020000000084,1,742,take_profit
normal,2021-08-08 00:24:00+00:00,2021-08-09 00:46:00+00:00,3184.63,3083.208662420382,2929.8596000000002,14707.628514751346,5883.051405900538,-303.7797024394695,-0.05163641815789453,2,1463,stop_loss
recovery,2021-08-09 00:47:00+00:00,2021-08-09 03:45:00+00:00,2926.84,2926.84,2961.9620800000002,14403.848812311875,7201.9244061559375,71.85368622331134,0.009977012000000094,1,179,take_profit
normal,2021-08-09 03:46:00+00:00,2021-08-09 09:25:00+00:00,2958.11,2958.11,3017.2722000000003,14475.702498535185,2171.3553747802775,38.999757313536065,0.01796102,1,340,take_profit
normal,2021-08-09 09:26:00+00:00,2021-08-09 10:08:00+00:00,3014.88,3014.88,3075.1776,14514.70225584872,2177.205338377308,39.10482862670142,0.017961019999999918,1,43,take_profit
normal,2021-08-09 10:09:00+00:00,2021-08-09 11:25:00+00:00,3076.25,3076.25,3137.775,14553.807084475422,2183.071062671313,39.210183018060434,0.017961019999999876,1,77,take_profit
normal,2021-08-09 11:26:00+00:00,2021-08-10 13:30:00+00:00,3138.44,3138.44,3201.2088000000003,14593.017267493482,2188.952590124022,39.31582125026944,0.017961020000000032,1,1565,take_profit
normal,2021-08-10 13:31:00+00:00,2021-08-11 14:41:00+00:00,3208.02,3208.02,3272.1804,14632.333088743751,2194.8499633115625,39.42174408803794,0.017961019999999862,1,1511,take_profit
normal,2021-08-11 14:42:00+00:00,2021-08-12 16:03:00+00:00,3265.96,3161.9485350318473,3004.6832,14671.75483283179,5868.701933132716,-303.0387470632868,-0.05163641815789485,2,1522,stop_loss
recovery,2021-08-12 16:04:00+00:00,2021-08-12 18:51:00+00:00,3014.68,3014.68,3050.85616,14368.716085768501,7184.358042884251,71.67842640615254,0.00997701199999998,1,168,take_profit
normal,2021-08-12 18:52:00+00:00,2021-08-13 06:30:00+00:00,3058.78,3058.7800000000007,3119.9556000000007,14440.394512174655,2166.059176826198,38.90463219615867,0.017961019999999904,1,429,take_profit
normal,2021-08-13 06:31:00+00:00,2021-08-13 07:03:00+00:00,3140.02,3140.02,3202.8204,14479.299144370812,2171.894871655622,39.00944722770373,0.01796101999999985,1,33,take_profit
normal,2021-08-13 07:04:00+00:00,2021-08-13 20:07:00+00:00,3204.25,3204.25,3268.335,14518.308591598516,2177.7462887397774,39.1145446469809,0.017961019999999994,1,784,take_profit
normal,2021-08-13 20:08:00+00:00,2021-08-17 22:22:00+00:00,3269.9,3165.7630573248407,3008.308,14557.423136245496,5822.969254498198,-300.67727534583264,-0.05163641815789458,2,5895,stop_loss
recovery,2021-08-17 22:23:00+00:00,2021-08-17 22:33:00+00:00,3006.42,3006.4199999999996,3042.4970399999997,14256.745860899664,7128.372930449832,71.1198622675729,0.009977011999999966,1,11,take_profit
normal,2021-08-17 22:34:00+00:00,2021-08-18 15:46:00+00:00,3034.27,3034.2699999999995,3094.9553999999994,14327.865723167237,2149.1798584750854,38.60146242166775,0.0179610199999998,1,1033,take_profit
normal,2021-08-18 15:47:00+00:00,2021-08-19 19:08:00+00:00,3095.1,3095.1,3157.002,14366.467185588905,2154.970077838336,38.705460667456464,0.017961020000000258,1,1642,take_profit
normal,2021-08-19 19:09:00+00:00,2021-08-20 00:23:00+00:00,3156.0,3156.0,3219.12,14405.17264625636,2160.775896938454,38.80973910042894,0.017961019999999737,1,315,take_profit
normal,2021-08-20 00:24:00+00:00,2021-08-20 14:44:00+00:00,3223.09,3223.09,3287.5518,14443.982385356789,2166.597357803518,38.91429847545669,0.01796102000000025,1,861,take_profit
normal,2021-08-20 14:45:00+00:00,2021-08-23 03:44:00+00:00,3289.0,3288.9999999999995,3354.7799999999997,14482.896683832247,2172.434502574837,39.01913954943666,0.01796101999999998,1,3660,take_profit
normal,2021-08-23 03:45:00+00:00,2021-08-25 09:03:00+00:00,3350.06,3243.3701910828026,3082.0552000000002,14521.915823381683,5808.766329352673,-299.94388716395224,-0.051636418157894444,2,3199,stop_loss
recovery,2021-08-25 09:04:00+00:00,2021-08-25 09:18:00+00:00,3083.24,3083.24,3120.23888,14221.971936217731,7110.985968108866,70.9463923356534,0.009977011999999948,1,15,take_profit
normal,2021-08-25 09:19:00+00:00,2021-08-25 14:39:00+00:00,3117.97,3117.97,3180.3294,14292.918328553384,2143.9377492830076,38.507308793627544,0.017961020000000213,1,321,take_profit
normal,2021-08-25 14:40:00+00:00,2021-08-25 19:08:00+00:00,3179.07,3179.07,3242.6514,14331.42563734701,2149.7138456020516,38.611053375135725,0.01796102000000017,1,269,take_profit
normal,2021-08-25 19:09:00+00:00,2021-08-27 14:12:00+00:00,3246.58,3143.185732484076,3206.049447133758,14370.036690722147,5748.014676288858,103.24020656111861,0.017961020000000157,2,2584,take_profit
normal,2021-08-27 14:13:00+00:00,2021-08-27 23:00:00+00:00,3212.87,3212.87,3277.1274,14473.276897283265,2170.9915345924896,38.993222372646414,0.017961020000000008,1,528,take_profit
normal,2021-08-27 23:01:00+00:00,2021-08-30 20:01:00+00:00,3278.69,3278.6899999999996,3344.2637999999997,14512.270119655912,2176.8405179483866,39.098276079681455,0.017961020000000057,1,4141,take_profit
normal,2021-08-30 20:02:00+00:00,2021-08-31 11:34:00+00:00,3345.38,3345.3799999999997,3412.2875999999997,14551.368395735593,2182.705259360339,39.20361281747637,0.01796102000000006,1,933,take_profit
normal,2021-08-31 11:35:00+00:00,2021-09-01 05:11:00+00:00,3415.85,3415.85,3484.167,14590.57200855307,2188.5858012829603,39.309233348559246,0.017961019999999987,1,1057,take_profit
normal,2021-09-01 05:12:00+00:00,2021-09-01 09:16:00+00:00,3487.81,3487.81,3557.5662,14629.88124190163,2194.4821862852446,39.415138437512724,0.017961019999999873,1,245,take_profit
normal,2021-09-01 09:17:00+00:00,2021-09-01 16:31:00+00:00,3554.0,3554.0,3625.08,14669.296380339143,2200.3944570508716,39.5213288509799,0.017961020000000025,1,435,take_profit
normal,2021-09-01 16:32:00+00:00,2021-09-01 16:43:00+00:00,3618.43,3618.4299999999994,3690.7985999999996,14708.817709190123,2206.3226563785183,39.62780535766751,0.017961019999999918,1,12,take_profit
normal,2021-09-01 16:44:00+00:00,2021-09-01 16:46:00+00:00,3696.68,3696.68,3770.6135999999997,14748.445514547791,2212.2668271821685,39.73456872835504,0.017961019999999807,1,3,take_profit
normal,2021-09-01 16:47:00+00:00,2021-09-03 08:49:00+00:00,3790.0,3790.0,3865.8,14788.180083276147,2218.227012491422,39.84161973589926,0.017961020000000258,1,2403,take_profit
normal,2021-09-03 08:50:00+00:00,2021-09-03 09:16:00+00:00,3860.94,3860.9399999999996,3938.1587999999997,14828.021703012048,2224.203255451807,39.948959155235116,0.017961020000000046,1,27,take_profit
normal,2021-09-03 09:17:00+00:00,2021-09-07 14:29:00+00:00,3950.15,3824.349044585987,3634.1380000000004,14867.970662167283,5947.1882648669125,-307.0915001083913,-0.05163641815789456,2,6073,stop_loss
recovery,2021-09-07 14:30:00+00:00,2021-09-15 23:58:00+00:00,3675.62,3570.3965255251987,3613.2412838315013,14560.879162058893,14560.879162058893,145.27406613041057,0.009977011999999934,3,12089,take_profit
normal,2021-09-15 23:59:00+00:00,2021-09-19 11:47:00+00:00,3614.07,3498.972229299363,3324.9444000000003,14706.153228189303,5882.461291275721,-303.7492310339421,-0.05163641815789466,2,5029,stop_loss
recovery,2021-09-19 11:48:00+00:00,2021-09-19 15:42:00+00:00,3336.42,3336.42,3376.4570400000002,14402.403997155361,7201.201998577681,71.84647875423434,0.009977012000000117,1,235,take_profit
normal,2021-09-19 15:43:00+00:00,2021-09-20 07:34:00+00:00,3377.07,3269.52,3106.9044000000004,14474.250475909595,5789.7001903638375,-298.95938003846913,-0.05163641815789461,2,952,stop_loss
recovery,2021-09-20 07:35:00+00:00,2021-09-20 08:39:00+00:00,3108.1,3108.0999999999995,3145.3971999999994,14175.291095871125,7087.645547935563,70.7135246834996,0.009977011999999988,1,65,take_profit
normal,2021-09-20 08:40:00+00:00,2021-09-20 16:28:00+00:00,3146.49,3046.2833121019107,3107.208978343949,14246.004620554624,5698.401848221849,102.34910956395015,0.0179610200000001,2,469,take_profit
normal,2021-09-20 16:29:00+00:00,2021-09-21 00:19:00+00:00,3101.65,3002.871337579618,2853.518,14348.353730118575,5739.34149204743,-296.35903723431693,-0.0516364181578948,2,471,stop_loss
recovery,2021-09-21 00:20:00+00:00,2021-09-21 00:32:00+00:00,2851.42,2851.42,2885.63704,14051.994692884256,7025.997346442128,70.09845983742161,0.009977012000000049,1,13,take_profit
normal,2021-09-21 00:33:00+00:00,2021-09-21 01:37:00+00:00,2886.67,2886.67,2944.4034,14122.093152721678,2118.313972908252,38.04707963368446,0.01796101999999995,1,65,take_profit
normal,2021-09-21 01:38:00+00:00,2021-09-21 02:01:00+00:00,2945.59,2945.59,3004.5018,14160.140232355363,2124.021034853304,38.149584287420566,0.017961019999999845,1,24,take_profit
normal,2021-09-21 02:02:00+00:00,2021-09-21 07:56:00+00:00,3003.29,3003.29,3063.3558,14198.289816642784,2129.7434724964173,38.25236510437753,0.017961019999999966,1,355,take_profit
normal,2021-09-21 07:57:00+00:00,2021-09-21 20:36:00+00:00,3063.66,2966.091210191083,2818.5672,14236.542181747162,5694.616872698864,-294.04961808768167,-0.051636418157894784,2,760,stop_loss
recovery,2021-09-21 20:37:00+00:00,2021-09-21 21:31:00+00:00,2810.04,2781.3661224489797,2814.7425159183676,13942.492563659478,10456.869422744609,104.32831171315775,0.009977012000000163,2,55,take_profit
normal,2021-09-21 21:32:00+00:00,2021-09-21 21:44:00+00:00,2816.5,2816.5,2872.83,14046.820875372636,2107.0231313058953,37.8442846018479,0.017961020000000043,1,13,take_profit
normal,2021-09-21 21:45:00+00:00,2021-09-22 00:13:00+00:00,2859.73,2768.6557961783437,2824.0289121019105,14084.665159974484,5633.8660639897935,101.18998105264109,0.017961019999999845,2,149,take_profit
normal,2021-09-22 00:14:00+00:00,2021-09-22 01:46:00+00:00,2820.73,2820.73,2877.1446,14185.855141027125,2127.8782711540684,38.21886418576378,0.01796102000000006,1,93,take_profit
normal,2021-09-22 01:47:00+00:00,2021-09-22 07:36:00+00:00,2887.48,2887.48,2945.2296,14224.07400521289,2133.611100781933,38.321831653366644,0.017961020000000154,1,350,take_profit
normal,2021-09-22 07:37:00+00:00,2021-09-22 15:35:00+00:00,2943.7,2943.7,3002.574,14262.395836866257,2139.3593755299385,38.42507653108032,0.017961019999999807,1,479,take_profit
normal,2021-09-22 15:36:00+00:00,2021-09-22 17:01:00+00:00,2994.33,2994.33,3054.2166,14300.820913397336,2145.1231370096,38.52859956629254,0.017961020000000175,1,86,take_profit
normal,2021-09-22 17:02:00+00:00,2021-09-23 03:19:00+00:00,3035.86,3035.86,3096.5772,14339.349512963629,2150.902426944544,38.63240150840011,0.017961020000000286,1,618,take_profit
normal,2021-09-23 03:20:00+00:00,2021-09-23 17:27:00+00:00,3097.21,3097.21,3159.1542,14377.98191447203,2156.6972871708044,38.73648310881981,0.01796101999999965,1,848,take_profit
normal,2021-09-23 17:28:00+00:00,2021-09-24 09:16:00+00:00,3163.02,3062.2868789808917,2909.9784,14416.71839758085,5766.687359032339,-297.7710798568378,-0.05163641815789444,2,949,stop_loss
recovery,2021-09-24 09:17:00+00:00,2021-09-24 09:18:00+00:00,2899.13,2899.13,2933.9195600000003,14118.94731772401,7059.473658862005,70.43245340815065,0.009977012000000073,1,2,take_profit
normal,2021-09-24 09:19:00+00:00,2021-09-24 14:08:00+00:00,2934.34,2840.8896815286625,2897.707475159236,14189.37977113216,5675.751908452864,101.94229354276013,0.01796102000000001,2,290,take_profit
normal,2021-09-24 14:09:00+00:00,2021-09-24 21:06:00+00:00,2901.08,2901.08,2959.1016,14291.322064674921,2143.698309701238,38.50300821450992,0.0179610199999999,1,418,take_profit
normal,2021-09-24 21:07:00+00:00,2021-09-25 09:28:00+00:00,2964.08,2869.6825477707007,2927.076198726115,14329.82507288943,5731.930029155772,102.95130989226891,0.01796102000000026,2,742,take_profit
normal,2021-09-25 09:29:00+00:00,2021-09-26 09:39:00+00:00,2935.56,2842.0708280254776,2898.912244585987,14432.776382781698,5773.11055311268,103.69095410666796,0.01796102000000001,2,1451,take_profit
normal,2021-09-26 09:40:00+00:00,2021-09-26 09:47:00+00:00,2902.11,2902.11,2960.1522,14536.467336888367,2180.470100533255,39.1634670850799,0.017961020000000046,1,8,take_profit
normal,2021-09-26 09:48:00+00:00,2021-09-26 14:56:00+00:00,2981.35,2981.35,3040.977,14575.630803973447,2186.3446205960167,39.26897945741712,0.017961019999999838,1,309,take_profit
normal,2021-09-26 14:57:00+00:00,2021-09-26 20:27:00+00:00,3036.35,3036.35,3097.0769999999998,14614.899783430863,2192.2349675146293,39.37477609622965,0.017961020000000022,1,331,take_profit
normal,2021-09-26 20:28:00+00:00,2021-09-27 01:36:00+00:00,3094.34,3094.3400000000006,3156.226800000001,14654.274559527094,2198.141183929064,39.48085776737389,0.017961020000000133,1,309,take_profit
normal,2021-09-27 01:37:00+00:00,2021-09-28 00:04:00+00:00,3157.51,3056.9523566878984,2904.9092000000005,14693.75541729447,5877.502166917788,-303.493159614899,-0.05163641815789469,2,1348,stop_loss
recovery,2021-09-28 00:05:00+00:00,2021-09-28 00:32:00+00:00,2912.35,2912.35,2947.2981999999997,14390.26225767957,7195.131128839785,71.78590961400823,0.009977012000000021,1,28,take_profit
normal,2021-09-28 00:33:00+00:00,2021-09-29 04:06:00+00:00,2945.66,2851.8491719745225,2908.886155414013,14462.048167293578,5784.819266917431,103.90125454948975,0.017961020000000074,2,1654,take_profit
normal,2021-09-29 04:07:00+00:00,2021-09-30 01:15:00+00:00,2917.97,2917.97,2976.3293999999996,14565.949421843068,2184.89241327646,39.242896332707005,0.01796102000000011,1,1149,take_profit
normal,2021-09-30 01:16:00+00:00,2021-09-30 04:00:00+00:00,2978.27,2978.27,3037.8354,14605.192318175774,2190.778847726366,39.34862269959012,0.017961019999999956,1,165,take_profit
normal,2021-09-30 04:01:00+00:00,2021-10-01 07:54:00+00:00,3032.24,3032.24,3092.8848,14644.540940875364,2196.6811411313047,39.454633909482254,0.017961020000000032,1,1674,take_profit
normal,2021-10-01 07:55:00+00:00,2021-10-01 10:28:00+00:00,3088.43,3088.43,3150.1985999999997,14683.995574784847,2202.599336217727,39.5609307297932,0.017961019999999946,1,154,take_profit
normal,2021-10-01 10:29:00+00:00,2021-10-01 10:41:00+00:00,3158.96,3158.96,3222.1392,14723.55650551464,2208.533475827196,39.66751393000186,0.017961020000000032,1,13,take_profit
normal,2021-10-01 10:42:00+00:00,2021-10-01 12:02:00+00:00,3197.2,3197.2,3261.144,14763.224019444642,2214.4836029166963,39.77438428165897,0.017961020000000057,1,81,take_profit
normal,2021-10-01 12:03:00+00:00,2021-10-01 21:26:00+00:00,3260.86,3260.86,3326.0772,14802.998403726302,2220.4497605589454,39.88154255839436,0.017961019999999966,1,564,take_profit
normal,2021-10-01 21:27:00+00:00,2021-10-02 15:41:00+00:00,3323.15,3323.15,3389.6130000000003,14842.879946284696,2226.4319919427044,39.98898953592288,0.01796102000000006,1,1095,take_profit
normal,2021-10-02 15:42:00+00:00,2021-10-02 19:58:00+00:00,3392.33,3392.33,3460.1766,14882.868935820617,2232.4303403730923,40.09672599204805,0.01796102000000006,1,257,take_profit
normal,2021-10-02 19:59:00+00:00,2021-10-04 18:00:00+00:00,3461.19,3350.96101910828,3417.980239490446,14922.965661812666,5969.186264725066,107.21267388445358,0.01796102000000023,2,2762,take_profit
normal,2021-10-04 18:01:00+00:00,2021-10-05 19:50:00+00:00,3417.13,3417.13,3485.4726,15030.17833569712,2254.526750354568,40.493600053653154,0.01796101999999989,1,1550,take_profit
normal,2021-10-05 19:51:00+00:00,2021-10-06 13:13:00+00:00,3489.38,3489.38,3559.1676,15070.671935750772,2260.6007903626155,40.602696007718805,0.017961020000000025,1,1043,take_profit
normal,2021-10-06 13:14:00+00:00,2021-10-07 21:16:00+00:00,3575.23,3575.23,3646.7346000000002,15111.27463175849,2266.691194763773,40.712085882976226,0.017961020000000088,1,1923,take_profit
normal,2021-10-07 21:17:00+00:00,2021-10-11 08:02:00+00:00,3647.48,3531.3182165605094,3601.94458089172,15151.986717641466,6060.794687056587,108.85805459011681,0.017961019999999953,2,4966,take_profit
normal,2021-10-11 08:03:00+00:00,2021-10-13 20:17:00+00:00,3599.76,3485.11796178344,3554.820321019109,15260.844772231583,6104.337908892633,109.64013526837971,0.017961020000000154,2,3615,take_profit
normal,2021-10-13 20:18:00+00:00,2021-10-14 00:06:00+00:00,3555.88,3555.88,3626.9976,15370.484907499964,2305.5727361249947,41.41043802499553,0.017961019999999904,1,229,take_profit
normal,2021-10-14 00:07:00+00:00,2021-10-14 11:13:00+00:00,3620.43,3620.43,3692.8386,15411.895345524961,2311.784301828744,41.52200408083263,0.017961020000000227,1,667,take_profit
normal,2021-10-14 11:14:00+00:00,2021-10-14 13:31:00+00:00,3703.26,3703.2600000000007,3777.3252000000007,15453.417349605794,2318.012602440869,41.63387071269244,0.017961019999999973,1,138,take_profit
normal,2021-10-14 13:32:00+00:00,2021-10-15 05:32:00+00:00,3772.47,3772.4699999999993,3847.9193999999993,15495.051220318486,2324.257683047773,41.74603873037495,0.017961020000000102,1,961,take_profit
normal,2021-10-15 05:33:00+00:00,2021-10-16 08:37:00+00:00,3849.3,3849.3,3926.286,15536.797259048863,2330.5195888573294,41.858508945858375,0.017961020000000046,1,1625,take_profit
normal,2021-10-16 08:38:00+00:00,2021-10-18 00:31:00+00:00,3921.77,3796.872866242038,3872.810323566879,15578.655767994722,6231.462307197889,111.92341912882785,0.017961020000000067,2,2394,take_profit
normal,2021-10-18 00:32:00+00:00,2021-10-19 03:32:00+00:00,3875.09,3751.6794904458607,3826.713080254778,15690.57918712355,6276.2316748494195,112.7275226366055,0.01796102000000025,2,1621,take_profit
normal,2021-10-19 03:33:00+00:00,2021-10-20 12:32:00+00:00,3825.56,3825.56,3902.0712,15803.306709760156,2370.496006464023,42.57652618202064,0.01796102000000008,1,1980,take_profit
normal,2021-10-20 12:33:00+00:00,2021-10-20 13:49:00+00:00,3910.6,3910.6,3988.812,15845.883235942176,2376.882485391326,42.691233857763564,0.017961020000000105,1,77,take_profit
normal,2021-10-20 13:50:00+00:00,2021-10-20 14:50:00+00:00,3983.39,3983.39,4063.0578,15888.57446979994,2383.286170469991,42.80625057353518,0.017961020000000112,1,61,take_profit
normal,2021-10-20 14:51:00+00:00,2021-10-20 23:33:00+00:00,4069.75,4069.75,4151.145,15931.380720373476,2389.7071080560213,42.92157716193651,0.017961020000000064,1,523,take_profit
normal,2021-10-20 23:34:00+00:00,2021-10-21 01:18:00+00:00,4152.08,4152.08,4235.1216,15974.302297535412,2396.1453446303117,43.03721445781184,0.017961019999999966,1,105,take_profit
normal,2021-10-21 01:19:00+00:00,2021-10-21 10:55:00+00:00,4234.01,4234.01,4318.6902,16017.339511993225,2402.6009267989834,43.15316329825464,0.017961019999999817,1,577,take_profit
normal,2021-10-21 10:56:00+00:00,2021-10-22 15:29:00+00:00,4316.0,4178.547770700637,3970.7200000000003,16060.49267529148,6424.197070116592,-331.7225262412612,-0.05163641815789453,2,1714,stop_loss
recovery,2021-10-22 15:30:00+00:00,2021-10-23 02:09:00+00:00,3975.45,3975.45,4023.1553999999996,15728.770149050219,7864.385074525109,78.46306426115734,0.009977011999999928,1,640,take_profit
normal,2021-10-23 02:10:00+00:00,2021-10-23 16:02:00+00:00,4023.33,4023.3300000000004,4103.796600000001,15807.233213311376,2371.084981996706,42.58710478334251,0.017961020000000015,1,833,take_profit
normal,2021-10-23 16:03:00+00:00,2021-10-25 15:51:00+00:00,4106.67,4106.67,4188.8034,15849.820318094718,2377.4730477142075,42.701840959455694,0.017961019999999942,1,2869,take_profit
normal,2021-10-25 15:52:00+00:00,2021-10-26 20:22:00+00:00,4189.67,4189.67,4273.463400000001,15892.522159054173,2383.878323858126,42.816886252382574,0.017961020000000126,1,1711,take_profit
normal,2021-10-26 20:23:00+00:00,2021-10-27 08:10:00+00:00,4275.99,4139.811974522293,3933.9108,15935.339045306557,6374.135618122622,-329.13753217250905,-0.0516364181578945,2,708,stop_loss
recovery,2021-10-27 08:11:00+00:00,2021-10-27 08:13:00+00:00,3972.31,3972.31,4019.97772,15606.201513134049,7803.100756567024,77.85162988547836,0.00997701200000001,1,3,take_profit
normal,2021-10-27 08:14:00+00:00,2021-10-28 08:40:00+00:00,4022.13,4022.1299999999997,4102.5725999999995,15684.053143019526,2352.6079714529287,42.25523882742527,0.01796101999999991,1,1467,take_profit
normal,2021-10-28 08:41:00+00:00,2021-10-28 12:44:00+00:00,4104.67,4104.67,4186.7634,15726.30838184695,2358.946257277042,42.36908090587758,0.01796101999999978,1,244,take_profit
normal,2021-10-28 12:45:00+00:00,2021-10-28 19:59:00+00:00,4182.73,4182.73,4266.384599999999,15768.677462752827,2365.301619412924,42.48322969230776,0.017961019999999932,1,435,take_profit
normal,2021-10-28 20:00:00+00:00,2021-10-29 00:51:00+00:00,4259.04,4259.04,4344.2208,15811.160692445133,2371.67410386677,42.59768601303358,0.01796102000000019,1,292,take_profit
normal,2021-10-29 00:52:00+00:00,2021-10-29 15:46:00+00:00,4347.7,4347.7,4434.6539999999995,15853.758378458167,2378.063756768725,42.7124506965979,0.017961019999999873,1,895,take_profit
normal,2021-10-29 15:47:00+00:00,2021-11-01 14:00:00+00:00,4435.29,4294.038726114649,4379.919500636942,15896.470829154765,6358.588331661906,114.206732196747,0.017961020000000136,2,4214,take_profit
normal,2021-11-01 14:01:00+00:00,2021-11-02 10:20:00+00:00,4364.02,4364.02,4451.3004,16010.677561351513,2401.601634202727,43.13521498394766,0.017961019999999918,1,1220,take_profit
normal,2021-11-02 10:21:00+00:00,2021-11-02 22:03:00+00:00,4449.88,4449.88,4538.8776,16053.81277633546,2408.071916450319,43.25142785280241,0.01796101999999996,1,703,take_profit
normal,2021-11-02 22:04:00+00:00,2021-11-03 00:54:00+00:00,4526.93,4526.93,4617.4686,16097.064204188264,2414.5596306282396,43.36795381690581,0.017961019999999744,1,171,take_profit
normal,2021-11-03 00:55:00+00:00,2021-11-07 01:02:00+00:00,4617.01,4469.971464968152,4559.370894267515,16140.432158005171,6456.172863202068,115.95944991942997,0.017961020000000057,2,5768,take_profit
normal,2021-11-07 01:03:00+00:00,2021-11-08 00:21:00+00:00,4559.27,4559.27,4650.455400000001,16256.391607924601,2438.45874118869,43.797206219664986,0.01796102000000004,1,1399,take_profit
normal,2021-11-08 00:22:00+00:00,2021-11-08 06:17:00+00:00,4648.22,4648.219999999999,4741.184399999999,16300.188814144267,2445.02832212164,43.91520259419258,0.017961019999999737,1,356,take_profit
normal,2021-11-08 06:18:00+00:00,2021-11-09 06:00:00+00:00,4740.57,4740.57,4835.3814,16344.10401673846,2451.615602510769,44.03351686900851,0.01796102000000022,1,1423,take_profit
normal,2021-11-09 06:01:00+00:00,2021-11-11 16:34:00+00:00,4836.26,4682.23898089172,4775.883760509554,16388.13753360747,6555.255013442988,117.73906640155019,0.017961020000000064,2,3514,take_profit
normal,2021-11-11 16:35:00+00:00,2021-11-15 01:57:00+00:00,4775.54,4623.452738853503,4715.921793630574,16505.87660000902,6602.3506400036085,118.58495189211862,0.017961020000000154,2,4883,take_profit
normal,2021-11-15 01:58:00+00:00,2021-11-16 01:05:00+00:00,4713.64,4563.524076433121,4336.5488000000005,16624.46155190114,6649.784620760455,-343.37105933752446,-0.051636418157894756,2,1388,stop_loss
recovery,2021-11-16 01:06:00+00:00,2021-11-16 01:06:00+00:00,4277.64,4277.64,4328.971680000001,16281.090492563613,8140.545246281807,81.21831760869645,0.00997701199999999,1,1,take_profit
normal,2021-11-16 01:07:00+00:00,2021-11-16 11:48:00+00:00,4337.64,4199.498598726114,4283.488570700637,16362.30881017231,6544.923524068923,117.55350231427292,0.017961020000000077,2,642,take_profit
normal,2021-11-16 11:49:00+00:00,2021-11-17 10:54:00+00:00,4283.8,4147.373248407644,4230.320713375797,16479.86231248658,6591.944924994632,118.39805463672838,0.017961020000000195,2,1386,take_profit
normal,2021-11-17 10:55:00+00:00,2021-11-18 00:20:00+00:00,4231.44,4231.44,4316.0688,16598.26036712331,2489.7390550684963,44.718252962866245,0.017961019999999953,1,806,take_profit
normal,2021-11-18 00:21:00+00:00,2021-11-18 17:11:00+00:00,4314.98,4177.56025477707,3969.7816,16642.978620086174,6657.191448034469,-343.7535213678693,-0.05163641815789484,2,1011,stop_loss
recovery,2021-11-18 17:12:00+00:00,2021-11-18 17:17:00+00:00,3966.6,3966.6,4014.1992,16299.225098718303,8149.612549359152,81.30878220030536,0.009977011999999816,1,6,take_profit
normal,2021-11-18 17:18:00+00:00,2021-11-19 00:44:00+00:00,4014.38,4014.3799999999997,4094.6675999999998,16380.533880918609,2457.080082137791,44.13166449687833,0.01796101999999993,1,447,take_profit
normal,2021-11-19 00:45:00+00:00,2021-11-19 13:25:00+00:00,4095.14,4095.14,4177.0428,16424.665545415486,2463.699831812323,44.25056195317757,0.017961019999999918,1,761,take_profit
normal,2021-11-19 13:26:00+00:00,2021-11-19 17:01:00+00:00,4178.05,4178.05,4261.611,16468.916107368663,2470.3374161052993,44.36977973741523,0.01796101999999985,1,216,take_profit
normal,2021-11-19 17:02:00+00:00,2021-11-20 18:23:00+00:00,4261.94,4261.94,4347.1788,16513.285887106078,2476.9928830659114,44.48931871260402,0.017961019999999807,1,1522,take_profit
normal,2021-11-20 18:24:00+00:00,2021-11-21 16:54:00+00:00,4350.49,4350.49,4437.4998,16557.77520581868,2483.666280872802,44.60917974408176,0.017961019999999897,1,1351,take_profit
normal,2021-11-21 16:55:00+00:00,2021-11-22 19:40:00+00:00,4409.71,4269.273375796179,4056.9332000000004,16602.384385562764,6640.9537542251055,-342.9150650204083,-0.051636418157894715,2,1606,stop_loss
recovery,2021-11-22 19:41:00+00:00,2021-11-22 22:44:00+00:00,4056.76,4056.7599999999998,4105.4411199999995,16259.469320542355,8129.734660271178,81.1104602623409,0.00997701199999993,1,184,take_profit
normal,2021-11-22 22:45:00+00:00,2021-11-23 03:08:00+00:00,4105.63,4105.63,4187.7426000000005,16340.579780804695,2451.0869671207042,44.02402203819429,0.01796101999999999,1,264,take_profit
normal,2021-11-23 03:09:00+00:00,2021-11-23 10:24:00+00:00,4178.92,4178.92,4262.4984,16384.60380284289,2457.690570426433,44.142629489240335,0.017961019999999904,1,436,take_profit
normal,2021-11-23 10:25:00+00:00,2021-11-23 14:53:00+00:00,4211.86,4211.86,4296.0972,16428.74643233213,2464.311964849819,44.26155648690701,0.017961020000000046,1,269,take_profit
normal,2021-11-23 14:54:00+00:00,2021-11-23 20:54:00+00:00,4294.66,4294.66,4380.5532,16473.007988819038,2470.9511983228554,44.38080389210063,0.017961019999999942,1,361,take_profit
normal,2021-11-23 20:55:00+00:00,2021-11-25 13:30:00+00:00,4380.04,4380.04,4467.6408,16517.38879271114,2477.608318906671,44.50037256804899,0.01796101999999996,1,2436,take_profit
normal,2021-11-25 13:31:00+00:00,2021-11-26 08:26:00+00:00,4468.01,4325.716687898089,4110.569200000001,16561.88916527919,6624.755666111676,-342.078653769222,-0.051636418157894284,2,1136,stop_loss
recovery,2021-11-26 08:27:00+00:00,2021-11-26 08:31:00+00:00,4110.27,4110.27,4159.59324,16219.810511509968,8109.905255754984,80.91262205552994,0.009977011999999926,1,5,take_profit
normal,2021-11-26 08:32:00+00:00,2021-11-26 14:32:00+00:00,4169.99,4037.187770700637,4117.931526114649,16300.723133565498,6520.289253426199,117.11104568657265,0.017961019999999942,2,361,take_profit
normal,2021-11-26 14:33:00+00:00,2021-11-28 21:32:00+00:00,4110.85,4110.85,4193.067,16417.83417925207,2462.67512688781,44.23215720753433,0.017961019999999932,1,3300,take_profit
normal,2021-11-28 21:33:00+00:00,2021-11-28 22:00:00+00:00,4183.54,4183.54,4267.2108,16462.066336459604,2469.3099504689403,44.351325406571505,0.017961019999999942,1,28,take_profit
normal,2021-11-28 22:01:00+00:00,2021-11-29 00:33:00+00:00,4273.31,4273.31,4358.7762,16506.417661866177,2475.9626492799266,44.47081466296959,0.017961019999999935,1,153,take_profit
normal,2021-11-29 00:34:00+00:00,2021-11-29 17:15:00+00:00,4353.73,4353.73,4440.8045999999995,16550.888476529144,2482.6332714793716,44.5906258417067,0.01796102000000011,1,1002,take_profit
normal,2021-11-29 17:16:00+00:00,2021-11-30 11:32:00+00:00,4440.0,4440.0,4528.8,16595.47910237085,2489.3218653556273,44.71075981008971,0.017961019999999994,1,1097,take_profit
normal,2021-11-30 11:33:00+00:00,2021-11-30 12:05:00+00:00,4527.97,4527.97,4618.5294,16640.189862180938,2496.0284793271408,44.83121743776428,0.017961019999999966,1,33,take_profit
normal,2021-11-30 12:06:00+00:00,2021-11-30 15:10:00+00:00,4623.3,4623.3,4715.7660000000005,16685.021079618702,2502.753161942805,44.95199959671754,0.017961019999999835,1,185,take_profit
normal,2021-11-30 15:11:00+00:00,2021-12-03 16:55:00+00:00,4717.62,4567.377324840764,4340.2104,16729.97307921542,6691.989231686168,-345.5503542754759,-0.05163641815789477,2,4425,stop_loss
recovery,2021-12-03 16:56:00+00:00,2021-12-06 21:30:00+00:00,4344.01,4219.652252095352,4270.288079120496,16384.422724939945,16384.422724939945,163.46758213979774,0.009977011999999952,3,4595,take_profit
normal,2021-12-06 21:31:00+00:00,2021-12-06 22:11:00+00:00,4273.4,4273.4,4358.8679999999995,16547.890307079742,2482.1835460619614,44.58254831448994,0.017961020000000053,1,41,take_profit
normal,2021-12-06 22:12:00+00:00,2021-12-09 00:03:00+00:00,4364.63,4364.63,4451.9226,16592.472855394233,2488.870928309135,44.70266052077886,0.01796101999999997,1,2992,take_profit
normal,2021-12-09 00:04:00+00:00,2021-12-09 18:28:00+00:00,4467.66,4325.377834394904,4110.2472,16637.175515915013,6654.870206366005,-343.63366076243074,-0.051636418157894805,2,1105,stop_loss
recovery,2021-12-09 18:29:00+00:00,2021-12-09 21:44:00+00:00,4120.25,4120.25,4169.693,16293.541855152584,8146.770927576292,81.28043130567858,0.009977011999999851,1,196,take_profit
normal,2021-12-09 21:45:00+00:00,2021-12-11 00:17:00+00:00,4171.42,4038.5722292993632,3837.7064,16374.822286458262,6549.9289145833045,-338.21486833790823,-0.051636418157894604,2,1593,stop_loss
recovery,2021-12-11 00:18:00+00:00,2021-12-11 00:23:00+00:00,3838.69,3838.69,3884.75428,16036.607418120355,8018.303709060177,79.99871232493751,0.009977011999999952,1,6,take_profit
normal,2021-12-11 00:24:00+00:00,2021-12-11 00:35:00+00:00,3883.33,3883.3299999999995,3960.9965999999995,16116.606130445292,2417.4909195667938,43.42060275615768,0.017961020000000043,1,12,take_profit
normal,2021-12-11 00:36:00+00:00,2021-12-11 04:52:00+00:00,3968.9,3968.9,4048.2780000000002,16160.02673320145,2424.0040099802172,43.53758450333498,0.017961020000000043,1,257,take_profit
normal,2021-12-11 04:53:00+00:00,2021-12-12 18:10:00+00:00,4044.19,4044.1899999999996,4125.073799999999,16203.564317704786,2430.534647655718,43.65488141723699,0.017961019999999873,1,2238,take_profit
normal,2021-12-12 18:11:00+00:00,2021-12-13 15:54:00+00:00,4124.89,3993.5240764331206,3794.8988000000004,16247.219199122024,6498.887679648809,-335.57928178753536,-0.05163641815789461,2,1304,stop_loss
recovery,2021-12-13 15:55:00+00:00,2021-12-13 17:09:00+00:00,3794.83,3794.8300000000004,3840.3679600000005,15911.639917334489,7955.8199586672445,79.3753111974629,0.009977012000000039,1,75,take_profit
normal,2021-12-13 17:10:00+00:00,2021-12-15 18:44:00+00:00,3860.0,3737.0700636942674,3811.811464968153,15991.015228531953,6396.40609141278,114.88597773598758,0.017961020000000126,2,2975,take_profit
normal,2021-12-15 18:45:00+00:00,2021-12-15 19:03:00+00:00,3812.34,3812.34,3888.5868,16105.90120626794,2415.885180940191,43.39176205257036,0.017961019999999987,1,19,take_profit
normal,2021-12-15 19:04:00+00:00,2021-12-15 19:10:00+00:00,3896.65,3896.65,3974.583,16149.29296832051,2422.3939452480763,43.50866609847935,0.017961019999999897,1,7,take_profit
normal,2021-12-15 19:11:00+00:00,2021-12-15 20:29:00+00:00,3983.18,3983.18,4062.8435999999997,16192.80163441899,2428.9202451628485,43.62588510177466,0.017961019999999932,1,79,take_profit
normal,2021-12-15 20:30:00+00:00,2021-12-17 14:36:00+00:00,4057.29,3928.076942675159,3732.7068,16236.427519520765,6494.571007808306,-335.3563843153297,-0.05163641815789476,2,2527,stop_loss
recovery,2021-12-17 14:37:00+00:00,2021-12-17 15:27:00+00:00,3729.89,3729.8899999999994,3774.6486799999993,15901.071135205435,7950.5355676027175,79.32258876439846,0.009977011999999917,1,51,take_profit
normal,2021-12-17 15:28:00+00:00,2021-12-17 16:01:00+00:00,3769.8,3769.8000000000006,3845.196000000001,15980.393723969833,2397.059058595475,43.05362569261479,0.01796102000000012,1,34,take_profit
normal,2021-12-17 16:02:00+00:00,2021-12-17 16:29:00+00:00,3845.29,3845.29,3922.1958,16023.447349662447,2403.517102449367,43.169618747434924,0.017961019999999914,1,28,take_profit
normal,2021-12-17 16:30:00+00:00,2021-12-19 03:23:00+00:00,3937.39,3937.3899999999994,4016.1377999999995,16066.616968409882,2409.992545261482,43.285924305292156,0.017961019999999904,1,2094,take_profit
normal,2021-12-19 03:24:00+00:00,2021-12-20 21:15:00+00:00,4015.41,3887.5307006369426,3965.2813146496815,16109.902892715174,6443.961157086069,115.74011522164619,0.017961020000000025,2,2512,take_profit
normal,2021-12-20 21:16:00+00:00,2021-12-21 04:05:00+00:00,3958.45,3958.4499999999994,4037.6189999999992,16225.64300793682,2433.846451190523,43.71436478676196,0.01796101999999998,1,410,take_profit
normal,2021-12-21 04:06:00+00:00,2021-12-23 19:16:00+00:00,4033.77,4033.7700000000004,4114.4454000000005,16269.357372723582,2440.403605908537,43.8321379737954,0.01796102000000002,1,3791,take_profit
normal,2021-12-23 19:17:00+00:00,2021-12-28 17:33:00+00:00,4116.26,3985.168917197452,3786.9592000000002,16313.189510697377,6525.27580427895,-336.94187002534,-0.05163641815789462,2,7097,stop_loss
recovery,2021-12-28 17:34:00+00:00,2021-12-28 17:59:00+00:00,3786.65,3786.65,3832.0898,15976.247640672038,7988.123820336019,79.69760721297826,0.009977011999999993,1,26,take_profit
normal,2021-12-28 18:00:00+00:00,2021-12-31 08:24:00+00:00,3827.54,3705.6438216560514,3779.7566980891725,16055.945247885016,6422.378099154006,115.3524614864682,0.017961020000000175,2,3745,take_profit
normal,2021-12-31 08:25:00+00:00,2022-01-04 13:52:00+00:00,3782.91,3782.91,3858.5681999999997,16171.297709371484,2425.6946564057225,43.567950237596506,0.01796102000000008,1,6088,take_profit
normal,2022-01-04 13:53:00+00:00,2022-01-05 21:37:00+00:00,3863.14,3740.1100636942674,3554.0888,16214.86565960908,6485.946263843633,-334.91103342946553,-0.05163641815789484,2,1905,stop_loss
recovery,2022-01-05 21:38:00+00:00,2022-01-05 23:28:00+00:00,3558.93,3522.6143877551017,3564.885760408163,15879.954626179615,11909.965969634712,118.82587339863676,0.009977011999999967,2,111,take_profit
normal,2022-01-05 23:29:00+00:00,2022-01-07 03:31:00+00:00,3559.97,3446.5951592356682,3275.1724,15998.780499578252,6399.512199831301,-330.447887957037,-0.0516364181578946,2,1683,stop_loss
recovery,2022-01-07 03:32:00+00:00,2022-01-07 08:26:00+00:00,3277.94,3244.491632653061,3283.425532244898,15668.332611621216,11751.249458715913,117.24235686460088,0.009977011999999891,2,295,take_profit
normal,2022-01-07 08:27:00+00:00,2022-01-08 00:55:00+00:00,3269.98,3165.84050955414,3229.157319745223,15785.574968485816,6314.229987394327,113.4100110881891,0.017961019999999977,2,989,take_profit
normal,2022-01-08 00:56:00+00:00,2022-01-09 19:24:00+00:00,3230.19,3127.3177070063693,3189.8640611464966,15898.984979574005,6359.593991829602,114.22479487913097,0.017961019999999946,2,2549,take_profit
normal,2022-01-09 19:25:00+00:00,2022-01-10 14:34:00+00:00,3189.55,3087.9719745222933,2934.3860000000004,16013.209774453135,6405.283909781254,-330.74591838549895,-0.05163641815789462,2,1150,stop_loss
recovery,2022-01-10 14:35:00+00:00,2022-01-10 14:41:00+00:00,2935.46,2935.46,2970.68552,15682.463856067636,7841.231928033818,78.23206504077552,0.00997701199999987,1,7,take_profit
normal,2022-01-10 14:42:00+00:00,2022-01-10 16:18:00+00:00,2982.81,2982.81,3042.4662,15760.69592110841,2364.1043881662613,42.46172619794197,0.017961019999999994,1,97,take_profit
normal,2022-01-10 16:19:00+00:00,2022-01-11 07:57:00+00:00,3071.57,3071.57,3133.0014,15803.157647306352,2370.473647095953,42.57612458496351,0.017961020000000067,1,939,take_profit
normal,2022-01-11 07:58:00+00:00,2022-01-11 16:27:00+00:00,3131.86,3131.86,3194.4972000000002,15845.733771891317,2376.8600657836973,42.69083117874288,0.017961020000000244,1,510,take_profit
normal,2022-01-11 16:28:00+00:00,2022-01-11 17:10:00+00:00,3191.64,3191.6400000000003,3255.4728000000005,15888.42460307006,2383.2636904605088,42.80584680963557,0.017961020000000237,1,43,take_profit
normal,2022-01-11 17:11:00+00:00,2022-01-12 12:25:00+00:00,3250.0,3250.0,3315.0,15931.230449879695,2389.684567481954,42.9211723102344,0.017961019999999862,1,1155,take_profit
normal,2022-01-12 12:26:00+00:00,2022-01-12 13:42:00+00:00,3298.39,3298.39,3364.3577999999998,15974.15162218993,2396.1227433284894,43.03680851537774,0.01796101999999995,1,77,take_profit
normal,2022-01-12 13:43:00+00:00,2022-01-14 19:35:00+00:00,3367.12,3259.8868789808917,3325.0846165605094,16017.188430705308,6406.875372282123,115.0740166990663,0.017961019999999946,2,3233,take_profit
normal,2022-01-14 19:36:00+00:00,2022-01-16 16:21:00+00:00,3321.22,3321.2199999999993,3387.644399999999,16132.262447404373,2419.839367110656,43.4627832694614,0.01796101999999982,1,2686,take_profit
normal,2022-01-16 16:22:00+00:00,2022-01-18 13:28:00+00:00,3387.77,3279.87923566879,3116.7484,16175.725230673834,6470.2900922695335,-334.1026048073136,-0.05163641815789483,2,2707,stop_loss
recovery,2022-01-18 13:29:00+00:00,2022-01-18 21:20:00+00:00,3117.6,3117.5999999999995,3155.0111999999995,15841.62262586652,7920.81131293326,79.02602951887002,0.009977011999999891,1,472,take_profit
normal,2022-01-18 21:21:00+00:00,2022-01-20 14:33:00+00:00,3153.99,3153.99,3217.0697999999998,15920.64865538539,2388.0972983078086,42.892663336852365,0.017961019999999935,1,2473,take_profit
normal,2022-01-20 14:34:00+00:00,2022-01-20 16:02:00+00:00,3207.67,3207.67,3271.8234,15963.541318722244,2394.5311978083364,43.00822273445965,0.017961020000000067,1,89,take_profit
normal,2022-01-20 16:03:00+00:00,2022-01-20 23:23:00+00:00,3270.17,3166.0244585987257,3008.5564000000004,16006.549541456703,6402.619816582681,-330.60835415508427,-0.051636418157894375,2,441,stop_loss
recovery,2022-01-20 23:24:00+00:00,2022-01-21 23:11:00+00:00,3013.94,2927.6587090453904,2411.152,15675.941187301618,15675.941187301618,-2791.406363524282,-0.17806945880770947,3,1428,stop_loss
recovery,2022-01-21 23:12:00+00:00,2022-01-21 23:12:00+00:00,2475.48,2475.48,2505.18576,12884.534823777336,6442.267411888668,64.27457927562136,0.009977011999999872,1,1,take_profit
normal,2022-01-21 23:13:00+00:00,2022-01-21 23:15:00+00:00,2508.66,2508.66,2558.8332,12948.809403052957,1942.3214104579436,34.886073699663484,0.017961020000000077,1,3,take_profit
normal,2022-01-21 23:16:00+00:00,2022-01-22 00:02:00+00:00,2553.87,2553.87,2604.9474,12983.69547675262,1947.554321512893,34.98006211977963,0.017961020000000067,1,47,take_profit
normal,2022-01-22 00:03:00+00:00,2022-01-22 09:48:00+00:00,2597.72,2514.9900636942675,2389.9024,13018.6755388724,5207.4702155489595,-268.8951095948678,-0.05163641815789464,2,586,stop_loss
recovery,2022-01-22 09:49:00+00:00,2022-01-22 09:50:00+00:00,2383.82,2383.82,2412.4258400000003,12749.780429277533,6374.890214638766,63.602356170134044,0.009977012000000078,1,2,take_profit
normal,2022-01-22 09:51:00+00:00,2022-01-22 10:34:00+00:00,2410.52,2410.52,2458.7304,12813.382785447666,1922.0074178171499,34.52121367156201,0.017961019999999907,1,44,take_profit
normal,2022-01-22 10:35:00+00:00,2022-01-22 13:16:00+00:00,2458.12,2458.12,2507.2824,12847.90399911923,1927.1855998678843,34.61421910293916,0.017961020000000046,1,162,take_profit
normal,2022-01-22 13:17:00+00:00,2022-01-23 05:58:00+00:00,2510.52,2430.5671337579615,2479.178476433121,12882.518218222169,5153.007287288868,92.55326694714131,0.01796102000000004,2,1002,take_profit
normal,2022-01-23 05:59:00+00:00,2022-01-23 09:03:00+00:00,2474.15,2474.15,2523.6330000000003,12975.071485169312,1946.2607227753967,34.95682776698345,0.01796102000000005,1,185,take_profit
normal,2022-01-23 09:04:00+00:00,2022-01-23 23:11:00+00:00,2524.87,2444.460127388535,2493.349329936306,13010.028312936296,5204.011325174519,93.46935149168621,0.017961020000000032,2,848,take_profit
normal,2022-01-23 23:12:00+00:00,2022-01-24 10:06:00+00:00,2515.31,2435.2045859872615,2314.0852,13103.497664427981,5241.399065771193,-270.6470738925609,-0.05163641815789489,2,655,stop_loss
recovery,2022-01-24 10:07:00+00:00,2022-01-24 17:41:00+00:00,2306.08,2282.548571428571,2309.939154285714,12832.850590535421,9624.637942901565,96.0251282519821,0.009977011999999778,2,455,take_profit
normal,2022-01-24 17:42:00+00:00,2022-01-24 17:49:00+00:00,2303.82,2303.82,2349.8964,12928.875718787403,1939.3313578181105,34.832369304397844,0.017961019999999796,1,8,take_profit
normal,2022-01-24 17:50:00+00:00,2022-01-24 18:13:00+00:00,2338.99,2338.99,2385.7698,12963.7080880918,1944.55621321377,34.926213036657145,0.017961020000000185,1,24,take_profit
normal,2022-01-24 18:14:00+00:00,2022-01-24 20:35:00+00:00,2377.58,2377.58,2425.1316,12998.634301128459,1949.7951451692688,35.02030959828835,0.01796102000000011,1,142,take_profit
normal,2022-01-24 20:36:00+00:00,2022-01-24 20:54:00+00:00,2419.01,2419.01,2467.3902000000003,13033.654610726748,1955.048191609012,35.11465967045365,0.017961020000000178,1,19,take_profit
normal,2022-01-24 20:55:00+00:00,2022-01-26 09:22:00+00:00,2463.91,2463.91,2513.1882,13068.7692703972,1960.31539055958,35.20926393614877,0.017961020000000175,1,2188,take_profit
normal,2022-01-26 09:23:00+00:00,2022-01-26 13:09:00+00:00,2512.6,2512.6,2562.852,13103.978534333348,1965.5967801500021,35.30412308020982,0.017961020000000015,1,227,take_profit
normal,2022-01-26 13:10:00+00:00,2022-01-26 13:45:00+00:00,2558.12,2558.12,2609.2824,13139.282657413558,1970.8923986120335,35.39923778931916,0.01796102000000023,1,36,take_profit
normal,2022-01-26 13:46:00+00:00,2022-01-26 14:21:00+00:00,2605.95,2605.95,2658.069,13174.681895202877,1976.2022842804315,35.49460875200657,0.01796102000000003,1,36,take_profit
normal,2022-01-26 14:22:00+00:00,2022-01-26 19:08:00+00:00,2656.76,2656.76,2709.8952000000004,13210.176503954885,1981.5264755932326,35.590236658659705,0.01796102000000007,1,287,take_profit
normal,2022-01-26 19:09:00+00:00,2022-01-26 20:17:00+00:00,2712.66,2626.2695541401267,2495.6472,13245.766740613544,5298.306696245418,-273.5855800961017,-0.05163641815789465,2,69,stop_loss
recovery,2022-01-26 20:18:00+00:00,2022-01-26 20:28:00+00:00,2489.33,2489.33,2519.20196,12972.181160517443,6486.090580258721,64.71180355232809,0.00997701199999998,1,11,take_profit
normal,2022-01-26 20:29:00+00:00,2022-01-27 14:12:00+00:00,2523.01,2442.659363057325,2491.5125503184718,13036.892964069772,5214.757185627908,93.66235810620765,0.017961020000000206,2,1064,take_profit
normal,2022-01-27 14:13:00+00:00,2022-01-28 06:04:00+00:00,2493.73,2414.311847133758,2462.598084076433,13130.555322175978,5252.222128870391,94.33526670108404,0.01796102000000007,2,952,take_profit
normal,2022-01-28 06:05:00+00:00,2022-01-28 20:43:00+00:00,2461.04,2461.04,2510.2608,13224.890588877062,1983.7335883315593,35.629878654695176,0.017961020000000136,1,879,take_profit
normal,2022-01-28 20:44:00+00:00,2022-01-28 23:39:00+00:00,2508.15,2508.15,2558.313,13260.520467531758,1989.0780701297635,35.725870999162,0.017961019999999956,1,176,take_profit
normal,2022-01-28 23:40:00+00:00,2022-01-29 13:46:00+00:00,2554.97,2554.97,2606.0694,13296.24633853092,1994.436950779638,35.82212196169212,0.01796102000000001,1,847,take_profit
normal,2022-01-29 13:47:00+00:00,2022-01-31 14:30:00+00:00,2607.05,2524.022929936306,2574.503388535032,13332.068460492612,5332.827384197045,95.7830193041109,0.017961020000000015,2,2924,take_profit
normal,2022-01-31 14:31:00+00:00,2022-01-31 15:18:00+00:00,2575.62,2575.62,2627.1324,13427.851479796722,2014.1777219695082,36.17668634784877,0.017961019999999998,1,48,take_profit
normal,2022-01-31 15:19:00+00:00,2022-01-31 16:54:00+00:00,2625.82,2625.82,2678.3364,13464.02816614457,2019.6042249216853,36.274151875903044,0.017961020000000077,1,96,take_profit
normal,2022-01-31 16:55:00+00:00,2022-02-01 03:09:00+00:00,2677.83,2677.83,2731.3866,13500.302318020473,2025.0453477030708,36.37187999100138,0.01796101999999979,1,615,take_profit
normal,2022-02-01 03:10:00+00:00,2022-02-01 09:04:00+00:00,2733.38,2733.38,2788.0476000000003,13536.674198011473,2030.5011297017209,36.469871400595366,0.01796102000000008,1,355,take_profit
normal,2022-02-01 09:05:00+00:00,2022-02-04 05:20:00+00:00,2789.5,2700.6624203821652,2754.6756687898087,13573.144069412068,5429.257627764828,97.5150048374353,0.017961019999999755,2,4096,take_profit
normal,2022-02-04 05:21:00+00:00,2022-02-04 06:20:00+00:00,2751.89,2751.89,2806.9278,13670.659074249503,2050.5988611374255,36.830847156866184,0.017961019999999835,1,60,take_profit
normal,2022-02-04 06:21:00+00:00,2022-02-04 10:06:00+00:00,2807.25,2807.25,2863.395,13707.48992140637,2056.123488210955,36.930075094226595,0.017961019999999935,1,226,take_profit
normal,2022-02-04 10:07:00+00:00,2022-02-04 15:35:00+00:00,2865.0,2865.0,2922.3,13744.419996500597,2061.6629994750897,37.029570366832104,0.017961020000000015,1,329,take_profit
normal,2022-02-04 15:36:00+00:00,2022-02-04 18:01:00+00:00,2910.13,2910.13,2968.3326,13781.44956686743,2067.2174350301143,37.1293336949243,0.017961019999999862,1,146,take_profit
normal,2022-02-04 18:02:00+00:00,2022-02-05 00:42:00+00:00,2952.91,2952.91,3011.9682,13818.578900562356,2072.7868350843532,37.22936580068699,0.017961020000000105,1,401,take_profit
normal,2022-02-05 00:43:00+00:00,2022-02-06 23:45:00+00:00,3010.96,3010.96,3071.1792,13855.808266363043,2078.3712399544565,37.32966740824713,0.017961020000000164,1,2823,take_profit
normal,2022-02-06 23:46:00+00:00,2022-02-07 14:51:00+00:00,3065.85,3065.85,3127.167,13893.13793377129,2083.9706900656934,37.430239243683445,0.01796101999999987,1,906,take_profit
normal,2022-02-07 14:52:00+00:00,2022-02-08 05:50:00+00:00,3125.89,3125.89,3188.4078,13930.568173014974,2089.5852259522458,37.531082035032796,0.017961019999999994,1,899,take_profit
normal,2022-02-08 05:51:00+00:00,2022-02-09 11:46:00+00:00,3186.47,3084.9900636942675,3146.689864968153,13968.099255050007,5587.239702020002,100.35252403277627,0.017961020000000175,2,1796,take_profit
normal,2022-02-09 11:47:00+00:00,2022-02-09 14:42:00+00:00,3148.38,3148.38,3211.3476,14068.451779082783,2110.2677668624174,37.902561565971155,0.01796101999999997,1,176,take_profit
normal,2022-02-09 14:43:00+00:00,2022-02-10 11:33:00+00:00,3213.09,3213.0900000000006,3277.351800000001,14106.354340648753,2115.953151097313,38.00467686592219,0.017961020000000157,1,1251,take_profit
normal,2022-02-10 11:34:00+00:00,2022-02-10 15:04:00+00:00,3268.19,3164.1075159235666,3227.389666242038,14144.359017514676,5657.74360700587,101.61884608030505,0.017961020000000084,2,211,take_profit
normal,2022-02-10 15:05:00+00:00,2022-02-11 20:06:00+00:00,3221.74,3119.136815286624,2964.0008,14245.97786359498,5698.391145437992,-294.2445080130801,-0.0516364181578946,2,1742,stop_loss
recovery,2022-02-11 20:07:00+00:00,2022-02-12 18:13:00+00:00,2963.45,2933.210714285714,2968.4092428571425,13951.7333555819,10463.800016686426,104.39745833207962,0.0099770119999999,2,1327,take_profit
normal,2022-02-12 18:14:00+00:00,2022-02-15 02:03:00+00:00,2969.29,2969.29,3028.6758,14056.13081391398,2108.4196220870967,37.86936700069873,0.017961019999999973,1,3350,take_profit
normal,2022-02-15 02:04:00+00:00,2022-02-15 09:37:00+00:00,3029.91,3029.91,3090.5081999999998,14094.00018091468,2114.100027137202,37.97139286941183,0.01796102,1,454,take_profit
normal,2022-02-15 09:38:00+00:00,2022-02-15 23:26:00+00:00,3088.8,3088.8,3150.576,14131.971573784092,2119.7957360676137,38.073693611424915,0.017961019999999897,1,829,take_profit
normal,2022-02-15 23:27:00+00:00,2022-02-17 18:16:00+00:00,3162.39,3061.676942675159,2909.3988,14170.045267395517,5668.018106958207,-292.6761530974127,-0.0516364181578947,2,2570,stop_loss
recovery,2022-02-17 18:17:00+00:00,2022-02-18 08:55:00+00:00,2904.74,2904.74,2939.5968799999996,13877.369114298104,6938.684557149052,69.22733909089038,0.009977011999999943,1,879,take_profit
normal,2022-02-18 08:56:00+00:00,2022-02-19 12:07:00+00:00,2942.09,2848.392866242038,2706.7228000000005,13946.596453388995,5578.638581355597,-288.06091453864065,-0.051636418157894444,2,1632,stop_loss
recovery,2022-02-19 12:08:00+00:00,2022-02-19 12:17:00+00:00,2702.79,2702.79,2735.22348,13658.535538850354,6829.267769425177,68.13568648676937,0.009977012000000169,1,10,take_profit
normal,2022-02-19 12:18:00+00:00,2022-02-19 16:16:00+00:00,2731.89,2731.89,2786.5278,13726.671225337122,2059.0006838005684,36.981752461755605,0.01796101999999996,1,239,take_profit
normal,2022-02-19 16:17:00+00:00,2022-02-21 05:27:00+00:00,2790.54,2701.6692993630572,2755.7026853503185,13763.652977798878,5505.461191119552,98.88369856292138,0.017961019999999873,2,2231,take_profit
normal,2022-02-21 05:28:00+00:00,2022-02-21 14:20:00+00:00,2753.66,2665.9638216560506,2719.2830980891717,13862.5366763618,5545.0146705447205,99.59411939794609,0.01796101999999981,2,533,take_profit
normal,2022-02-21 14:21:00+00:00,2022-02-23 06:02:00+00:00,2702.43,2616.3653503184714,2668.692657324841,13962.130795759746,5584.852318303898,100.30964418610438,0.017961020000000306,2,2382,take_profit
normal,2022-02-23 06:03:00+00:00,2022-02-23 08:27:00+00:00,2666.66,2666.66,2719.9932,14062.44043994585,2109.3660659918773,37.886366098601684,0.017961020000000123,1,145,take_profit
normal,2022-02-23 08:28:00+00:00,2022-02-24 02:58:00+00:00,2720.07,2633.4435668789806,2502.4644000000003,14100.326806044453,5640.130722417782,-291.2361484479525,-0.051636418157894555,2,1111,stop_loss
recovery,2022-02-24 02:59:00+00:00,2022-02-24 15:11:00+00:00,2500.13,2428.5577577010995,2457.7004507935126,13809.090657596502,13809.090657596502,137.77346319993012,0.00997701200000014,3,733,take_profit
normal,2022-02-24 15:12:00+00:00,2022-02-24 18:51:00+00:00,2454.21,2454.21,2503.2942000000003,13946.864120796432,2092.029618119465,37.57498581163645,0.01796102000000018,1,220,take_profit
normal,2022-02-24 18:52:00+00:00,2022-02-24 19:38:00+00:00,2516.71,2516.71,2567.0442000000003,13984.439106608068,2097.66586599121,37.676218572386006,0.01796102000000027,1,47,take_profit
normal,2022-02-24 19:39:00+00:00,2022-02-24 20:02:00+00:00,2566.97,2566.97,2618.3093999999996,14022.115325180454,2103.317298777068,37.77772406968052,0.01796101999999982,1,24,take_profit
normal,2022-02-24 20:03:00+00:00,2022-02-24 20:04:00+00:00,2635.4,2635.4,2688.108,14059.893049250133,2108.9839573875197,37.879503038316216,0.017961019999999918,1,2,take_profit
normal,2022-02-24 20:05:00+00:00,2022-02-25 12:04:00+00:00,2708.55,2622.2904458598723,2674.73625477707,14097.77255228845,5639.10902091538,101.28414990684178,0.01796102000000004,2,960,take_profit
normal,2022-02-25 12:05:00+00:00,2022-02-25 13:33:00+00:00,2672.01,2672.01,2725.4502,14199.056702195292,2129.8585053292936,38.254431211390056,0.017961020000000237,1,89,take_profit
normal,2022-02-25 13:34:00+00:00,2022-02-25 22:46:00+00:00,2722.84,2722.84,2777.2968,14237.311133406682,2135.596670011002,38.35749450200046,0.017961019999999744,1,553,take_profit
normal,2022-02-25 22:47:00+00:00,2022-02-25 23:34:00+00:00,2777.21,2777.21,2832.7542000000003,14275.668627908683,2141.350294186302,38.460835460885846,0.0179610199999999,1,48,take_profit
normal,2022-02-25 23:35:00+00:00,2022-02-27 10:43:00+00:00,2829.49,2739.378853503184,2794.166430573248,14314.129463369569,5725.651785347827,102.83854622966919,0.017961020000000202,2,2109,take_profit
normal,2022-02-27 10:44:00+00:00,2022-02-27 21:18:00+00:00,2796.63,2707.5653503184717,2572.8996,14416.968009599237,5766.7872038396945,-297.7762354850629,-0.051636418157894715,2,635,stop_loss
recovery,2022-02-27 21:19:00+00:00,2022-02-27 21:25:00+00:00,2569.69,2569.69,2600.52628,14119.191774114173,7059.595887057087,70.43367288031914,0.009977011999999992,1,7,take_profit
normal,2022-02-27 21:26:00+00:00,2022-02-28 01:21:00+00:00,2601.58,2601.58,2653.6116,14189.625446994492,2128.443817049174,38.22902196689665,0.017961020000000046,1,236,take_profit
normal,2022-02-28 01:22:00+00:00,2022-02-28 14:34:00+00:00,2659.66,2659.66,2712.8532,14227.854468961388,2134.178170344208,38.33201680111597,0.017961020000000116,1,793,take_profit
normal,2022-02-28 14:35:00+00:00,2022-02-28 15:16:00+00:00,2716.13,2716.13,2770.4526,14266.186485762504,2139.9279728643755,38.43528911917656,0.017961020000000025,1,42,take_profit
normal,2022-02-28 15:17:00+00:00,2022-02-28 20:22:00+00:00,2776.61,2776.61,2832.1422000000002,14304.62177488168,2145.693266232252,38.53883966866306,0.01796102000000012,1,306,take_profit
normal,2022-02-28 20:23:00+00:00,2022-02-28 22:32:00+00:00,2830.46,2830.46,2887.0692,14343.160614550343,2151.4740921825514,38.642669199172815,0.017961020000000077,1,130,take_profit
normal,2022-02-28 22:33:00+00:00,2022-02-28 22:36:00+00:00,2890.0,2890.0,2947.8,14381.803283749516,2157.270492562427,38.74677846232362,0.017961020000000008,1,4,take_profit
normal,2022-02-28 22:37:00+00:00,2022-03-01 13:33:00+00:00,2940.65,2940.65,2999.463,14420.550062211838,2163.082509331776,38.85116821175825,0.01796102000000002,1,897,take_profit
normal,2022-03-01 13:34:00+00:00,2022-03-04 00:46:00+00:00,2995.62,2900.2180891719745,2755.9704,14459.401230423595,5783.760492169438,-298.652675298772,-0.05163641815789471,2,3553,stop_loss
recovery,2022-03-04 00:47:00+00:00,2022-03-09 03:51:00+00:00,2757.03,2678.1033765102866,2710.2406170284103,14160.748555124823,14160.748555124823,141.28195826346382,0.009977012000000056,3,7385,take_profit
normal,2022-03-09 03:52:00+00:00,2022-03-09 08:53:00+00:00,2709.94,2709.94,2764.1388,14302.030513388287,2145.304577008243,38.5318584137367,0.01796102000000005,1,302,take_profit
normal,2022-03-09 08:54:00+00:00,2022-03-11 02:11:00+00:00,2764.48,2676.43923566879,2543.3216,14340.562371802023,5736.224948720809,-296.19811009989553,-0.05163641815789466,2,2478,stop_loss
recovery,2022-03-11 02:12:00+00:00,2022-03-11 06:05:00+00:00,2540.82,2540.82,2571.3098400000003,14044.364261702129,7022.182130851064,70.0603953856862,0.009977011999999938,1,234,take_profit
normal,2022-03-11 06:06:00+00:00,2022-03-11 11:24:00+00:00,2571.28,2571.28,2622.7056000000002,14114.424657087815,2117.163698563172,38.02641953316697,0.017961019999999935,1,319,take_profit
normal,2022-03-11 11:25:00+00:00,2022-03-11 11:47:00+00:00,2611.98,2611.98,2664.2196,14152.451076620982,2122.8676614931474,38.128868525431244,0.01796101999999981,1,23,take_profit
normal,2022-03-11 11:48:00+00:00,2022-03-15 18:59:00+00:00,2663.67,2578.83974522293,2630.4165401273885,14190.579945146415,5676.231978058566,101.95091608255007,0.017961020000000105,2,6192,take_profit
normal,2022-03-15 19:00:00+00:00,2022-03-16 02:07:00+00:00,2626.52,2626.52,2679.0504,14292.530861228963,2143.879629184344,38.5062648973726,0.017961020000000008,1,428,take_profit
normal,2022-03-16 02:08:00+00:00,2022-03-16 19:27:00+00:00,2695.07,2695.07,2748.9714000000004,14331.037126126335,2149.6555689189504,38.61000666646487,0.017961020000000105,1,1040,take_profit
normal,2022-03-16 19:28:00+00:00,2022-03-17 12:04:00+00:00,2743.78,2743.78,2798.6556,14369.647132792801,2155.44706991892,38.71402793175503,0.017961019999999956,1,997,take_profit
normal,2022-03-17 12:05:00+00:00,2022-03-18 14:28:00+00:00,2792.54,2792.54,2848.3908,14408.361160724555,2161.254174108683,38.81832944624966,0.01796102000000006,1,1584,take_profit
normal,2022-03-18 14:29:00+00:00,2022-03-18 16:30:00+00:00,2848.51,2848.51,2905.4802000000004,14447.179490170805,2167.0769235256207,38.92291196498218,0.017961020000000015,1,122,take_profit
normal,2022-03-18 16:31:00+00:00,2022-03-18 19:56:00+00:00,2904.12,2904.12,2962.2024,14486.102402135788,2172.915360320368,39.02777624502096,0.017961019999999824,1,206,take_profit
normal,2022-03-18 19:57:00+00:00,2022-03-22 03:19:00+00:00,2956.0,2956.0,3015.12,14525.130178380809,2178.769526757121,39.13292304547531,0.017961020000000057,1,4763,take_profit
normal,2022-03-22 03:20:00+00:00,2022-03-24 00:13:00+00:00,3015.4,3015.4,3075.708,14564.263101426284,2184.6394652139425,39.23835312749725,0.017961020000000147,1,2694,take_profit
normal,2022-03-24 00:14:00+00:00,2022-03-25 01:31:00+00:00,3073.32,3073.32,3134.7864000000004,14603.501454553782,2190.525218183067,39.34406725429062,0.017961020000000088,1,1518,take_profit
normal,2022-03-25 01:32:00+00:00,2022-03-27 20:35:00+00:00,3133.05,3133.05,3195.7110000000002,14642.84552180807,2196.4268282712105,39.45006619111564,0.017961019999999935,1,4024,take_profit
normal,2022-03-27 20:36:00+00:00,2022-03-27 21:29:00+00:00,3195.55,3195.55,3259.4610000000002,14682.295587999186,2202.3443381998777,39.556350705294335,0.017961019999999803,1,54,take_profit
normal,2022-03-27 21:30:00+00:00,2022-03-28 05:03:00+00:00,3266.99,3266.99,3332.3298,14721.851938704482,2208.2777908056723,39.66292156621648,0.017961019999999994,1,454,take_profit
normal,2022-03-28 05:04:00+00:00,2022-03-28 14:51:00+00:00,3328.3,3328.3,3394.8660000000004,14761.514860270698,2214.2272290406045,39.769779545343226,0.017961020000000157,1,588,take_profit
normal,2022-03-28 14:52:00+00:00,2022-03-29 11:49:00+00:00,3395.92,3395.92,3463.8384,14801.284639816042,2220.192695972406,39.87692541621436,0.017961020000000025,1,1258,take_profit
normal,2022-03-29 11:50:00+00:00,2022-04-01 14:58:00+00:00,3462.21,3351.948535031847,3418.987505732484,14841.161565232256,5936.464626092902,106.624959878548,0.017961020000000143,2,4509,take_profit
normal,2022-04-01 14:59:00+00:00,2022-04-02 00:45:00+00:00,3416.13,3416.1300000000006,3484.4526000000005,14947.786525110801,2242.1679787666203,40.27162390998683,0.017961019999999994,1,587,take_profit
normal,2022-04-02 00:46:00+00:00,2022-04-03 22:19:00+00:00,3487.34,3487.34,3557.0868,14988.058149020788,2248.208722353118,40.380121826358845,0.017961020000000022,1,2734,take_profit
normal,2022-04-03 22:20:00+00:00,2022-04-06 00:20:00+00:00,3560.45,3447.0598726114645,3275.614,15028.438270847146,6011.375308338858,-310.4058891254281,-0.05163641815789463,2,3001,stop_loss
recovery,2022-04-06 00:21:00+00:00,2022-04-06 00:28:00+00:00,3277.97,3277.97,3317.30564,14718.032381721718,7359.016190860859,73.42099284441429,0.009977012000000163,1,8,take_profit
normal,2022-04-06 00:29:00+00:00,2022-04-08 02:46:00+00:00,3315.63,3210.0366878980894,3274.237421656051,14791.453374566132,5916.581349826452,106.26783595586039,0.01796102000000008,2,3018,take_profit
normal,2022-04-08 02:47:00+00:00,2022-04-11 15:56:00+00:00,3270.82,3166.6537579617834,3009.1544000000004,14897.721210521991,5959.088484208796,-307.7059848104991,-0.0516364181578945,2,5110,stop_loss
recovery,2022-04-11 15:57:00+00:00,2022-04-12 11:52:00+00:00,3007.92,3007.9199999999996,3044.0150399999998,14590.01522571149,7295.007612855745,72.78237849355264,0.009977011999999934,1,1196,take_profit
normal,2022-04-12 11:53:00+00:00,2022-04-13 15:24:00+00:00,3040.58,3040.58,3101.3916,14662.797604205043,2199.4196406307565,39.50382015376181,0.01796101999999999,1,1652,take_profit
normal,2022-04-13 15:25:00+00:00,2022-04-18 23:01:00+00:00,3108.0,3009.0191082802544,3069.1994904458597,14702.301424358804,5880.920569743521,105.62733197157468,0.017961019999999984,2,7657,take_profit
normal,2022-04-18 23:02:00+00:00,2022-04-19 15:07:00+00:00,3068.48,3068.48,3129.8496,14807.928756330379,2221.1893134495567,39.894825682653845,0.01796102000000004,1,966,take_profit
normal,2022-04-19 15:08:00+00:00,2022-04-25 00:23:00+00:00,3128.13,3028.508025477707,2877.8796,14847.823582013032,5939.129432805213,-306.67537088618974,-0.051636418157894666,2,7756,stop_loss
recovery,2022-04-25 00:24:00+00:00,2022-04-25 16:21:00+00:00,2876.09,2876.09,2910.6030800000003,14541.148211126841,7270.574105563421,72.53860509809601,0.009977012000000068,1,958,take_profit
normal,2022-04-25 16:22:00+00:00,2022-04-25 18:48:00+00:00,2907.55,2907.55,2965.701,14613.686816224938,2192.0530224337404,39.37150817699285,0.017961019999999994,1,147,take_profit
normal,2022-04-25 18:49:00+00:00,2022-04-26 00:36:00+00:00,2969.92,2969.92,3029.3184,14653.05832440193,2197.9587486602895,39.4775810438623,0.01796101999999994,1,348,take_profit
normal,2022-04-26 00:37:00+00:00,2022-04-26 23:18:00+00:00,3030.93,2934.4035668789807,2788.4556,14692.535905445795,5877.014362178317,-303.46797112539207,-0.051636418157894645,2,1362,stop_loss
recovery,2022-04-26 23:19:00+00:00,2022-04-26 23:57:00+00:00,2780.48,2780.48,2813.84576,14389.067934320403,7194.533967160201,71.77995172476494,0.009977012,1,39,take_profit
normal,2022-04-26 23:58:00+00:00,2022-04-27 06:49:00+00:00,2811.2,2811.2,2867.424,14460.847886045169,2169.127182906775,38.95973671473257,0.01796102000000015,1,412,take_profit
normal,2022-04-27 06:50:00+00:00,2022-04-28 07:47:00+00:00,2868.64,2868.64,2926.0128,14499.807622759901,2174.971143413985,39.06470020628194,0.017961020000000227,1,1498,take_profit
normal,2022-04-28 07:48:00+00:00,2022-05-04 18:48:00+00:00,2933.26,2839.8440764331212,2896.640957961784,14538.872322966185,5815.548929186474,104.45319062809631,0.017961019999999907,2,9301,take_profit
normal,2022-05-04 18:49:00+00:00,2022-05-04 19:08:00+00:00,2896.46,2896.46,2954.3892,14643.325513594282,2196.4988270391423,39.4513593624265,0.017961019999999966,1,20,take_profit
normal,2022-05-04 19:09:00+00:00,2022-05-05 18:24:00+00:00,2957.08,2862.905477707006,2720.5136,14682.776872956709,5873.110749182683,-303.26640253242203,-0.05163641815789449,2,1396,stop_loss
recovery,2022-05-05 18:25:00+00:00,2022-05-05 20:33:00+00:00,2713.82,2713.82,2746.3858400000004,14379.510470424286,7189.755235212143,71.73227425877485,0.009977012000000066,1,129,take_profit
normal,2022-05-05 20:34:00+00:00,2022-05-08 03:12:00+00:00,2743.43,2656.0596178343953,2523.9556,14451.24274468306,5780.4970978732235,-298.48416530627856,-0.0516364181578947,2,3279,stop_loss
recovery,2022-05-08 03:13:00+00:00,2022-05-08 06:48:00+00:00,2532.11,2532.11,2562.49532,14152.758579376783,7076.3792896883915,70.60112108977228,0.00997701199999996,1,216,take_profit
normal,2022-05-08 06:49:00+00:00,2022-05-09 15:31:00+00:00,2564.07,2482.411719745223,2358.9444000000003,14223.359700466555,5689.343880186621,-293.77733964137497,-0.0516364181578946,2,1963,stop_loss
recovery,2022-05-09 15:32:00+00:00,2022-05-09 15:39:00+00:00,2353.52,2353.52,2381.76224,13929.582360825181,6964.791180412591,69.48780518446983,0.009977011999999893,1,8,take_profit
normal,2022-05-09 15:40:00+00:00,2022-05-10 04:57:00+00:00,2383.29,2307.389044585987,2353.5368254777068,13999.070166009651,5599.62806640386,100.57503169324082,0.017961019999999956,2,798,take_profit
normal,2022-05-10 04:58:00+00:00,2022-05-10 05:45:00+00:00,2348.99,2348.99,2395.9698,14099.645197702892,2114.9467796554336,37.986601408326806,0.017961019999999987,1,48,take_profit
normal,2022-05-10 05:46:00+00:00,2022-05-10 12:53:00+00:00,2398.75,2398.75,2446.725,14137.631799111217,2120.6447698666825,38.08894312447046,0.0179610199999998,1,428,take_profit
normal,2022-05-10 12:54:00+00:00,2022-05-11 09:34:00+00:00,2446.85,2368.924840764331,2416.3033375796176,14175.720742235688,5670.288296894275,101.84416150628476,0.017961020000000133,2,1241,take_profit
normal,2022-05-11 09:35:00+00:00,2022-05-11 12:48:00+00:00,2415.37,2338.4473885350317,2222.1403999999998,14277.564903741972,5711.025961496789,-294.8969246584411,-0.05163641815789474,2,194,stop_loss
recovery,2022-05-11 12:49:00+00:00,2022-05-11 12:53:00+00:00,2212.95,2190.3688775510204,2216.6533040816325,13982.66797908353,10487.000984312646,104.62893466449896,0.009977011999999988,2,5,take_profit
normal,2022-05-11 12:54:00+00:00,2022-05-11 13:20:00+00:00,2215.81,2215.81,2260.1262,14087.296913748029,2113.0945370622044,37.95333324206467,0.01796101999999985,1,27,take_profit
normal,2022-05-11 13:21:00+00:00,2022-05-11 13:44:00+00:00,2269.69,2269.69,2315.0838,14125.250246990094,2118.787537048514,38.055585328679626,0.017961020000000247,1,24,take_profit
normal,2022-05-11 13:45:00+00:00,2022-05-11 13:49:00+00:00,2302.46,2302.46,2348.5092,14163.305832318772,2124.4958748478157,38.15811289805879,0.01796101999999985,1,5,take_profit
normal,2022-05-11 13:50:00+00:00,2022-05-11 17:06:00+00:00,2387.25,2311.2229299363057,2196.27,14201.46394521683,5680.585578086731,-293.3250922917923,-0.05163641815789467,2,197,stop_loss
recovery,2022-05-11 17:07:00+00:00,2022-05-11 17:10:00+00:00,2194.8,2194.8,2221.1376,13908.138852925038,6954.069426462519,69.38083411664957,0.009977011999999985,1,4,take_profit
normal,2022-05-11 17:11:00+00:00,2022-05-11 20:56:00+00:00,2218.42,2147.769681528662,2040.9464000000003,13977.519687041688,5591.007874816674,-288.6996205481146,-0.05163641815789445,2,226,stop_loss
recovery,2022-05-11 20:57:00+00:00,2022-05-11 21:01:00+00:00,2031.09,2031.09,2055.46308,13688.820066493572,6844.410033246786,68.28676103462294,0.009977011999999907,1,5,take_profit
normal,2022-05-11 21:02:00+00:00,2022-05-11 21:51:00+00:00,2061.03,2061.03,2102.2506000000003,13757.106827528194,2063.566024129229,37.06375063070573,0.017961020000000077,1,50,take_profit
normal,2022-05-11 21:52:00+00:00,2022-05-12 00:32:00+00:00,2104.38,2104.38,2146.4676,13794.1705781589,2069.125586723835,37.163606045658526,0.017961019999999994,1,161,take_profit
normal,2022-05-12 00:33:00+00:00,2022-05-12 00:43:00+00:00,2147.11,2147.11,2190.0522,13831.33418420456,2074.7001276306837,37.263730486377426,0.017961020000000077,1,11,take_profit
normal,2022-05-12 00:44:00+00:00,2022-05-12 03:23:00+00:00,2187.21,2117.5536305732485,2012.2332000000001,13868.597914690938,5547.439165876374,-286.44988847467357,-0.05163641815789444,2,160,stop_loss
recovery,2022-05-12 03:24:00+00:00,2022-05-12 10:45:00+00:00,2013.08,1955.4507369108524,1978.9161457537825,13582.148026216264,13582.148026216264,135.5092538433364,0.009977012000000032,3,442,take_profit
normal,2022-05-12 10:46:00+00:00,2022-05-12 14:58:00+00:00,1982.34,1982.3400000000001,2021.9868000000001,13717.6572800596,2057.64859200894,36.957467514044765,0.017961020000000175,1,253,take_profit
normal,2022-05-12 14:59:00+00:00,2022-05-13 00:33:00+00:00,2017.06,1952.8224203821653,1991.8788687898086,13754.614747573645,5501.845899029458,98.81876422938512,0.017961019999999824,2,575,take_profit
normal,2022-05-13 00:34:00+00:00,2022-05-13 01:05:00+00:00,1988.1,1988.0999999999997,2027.8619999999996,13853.433511803032,2078.015026770455,37.32326945612431,0.017961019999999824,1,32,take_profit
normal,2022-05-13 01:06:00+00:00,2022-05-13 02:31:00+00:00,2030.98,2030.98,2071.5996,13890.756781259155,2083.613517188873,37.42382405449962,0.017961019999999963,1,86,take_profit
normal,2022-05-13 02:32:00+00:00,2022-05-13 03:57:00+00:00,2073.25,2073.25,2114.715,13928.180605313655,2089.2270907970483,37.52464956234735,0.01796101999999988,1,86,take_profit
normal,2022-05-13 03:58:00+00:00,2022-05-15 11:32:00+00:00,2109.99,2042.792866242038,2083.6487235668787,13965.705254876002,5586.282101950401,100.33532455877321,0.017961020000000005,2,3335,take_profit
normal,2022-05-15 11:33:00+00:00,2022-05-15 20:12:00+00:00,2073.01,2073.01,2114.4702,14066.040579434775,2109.9060869152163,37.896065425206416,0.017961020000000227,1,520,take_profit
normal,2022-05-15 20:13:00+00:00,2022-05-15 22:03:00+00:00,2117.6,2117.6,2159.9519999999998,14103.936644859981,2115.590496728997,37.998163223559004,0.01796101999999979,1,111,take_profit
normal,2022-05-15 22:04:00+00:00,2022-05-16 10:10:00+00:00,2157.67,2088.9543949044587,1985.0564000000002,14141.93480808354,5656.773923233416,-292.09554372475486,-0.05163641815789464,2,727,stop_loss
recovery,2022-05-16 10:11:00+00:00,2022-05-16 10:15:00+00:00,2004.74,2004.74,2028.79688,13849.839264358787,6924.919632179393,69.090006269289,0.009977011999999943,1,5,take_profit
normal,2022-05-16 10:16:00+00:00,2022-05-17 03:34:00+00:00,2031.02,2031.02,2071.6404,13918.929270628076,2087.839390594211,37.49972505125106,0.0179610200000003,1,1039,take_profit
normal,2022-05-17 03:35:00+00:00,2022-05-17 13:39:00+00:00,2070.98,2070.98,2112.3996,13956.428995679327,2093.464349351899,37.6007550479967,0.017961020000000123,1,605,take_profit
normal,2022-05-17 13:40:00+00:00,2022-05-18 15:31:00+00:00,2113.04,2045.7457324840766,1943.9968000000001,13994.029750727324,5597.611900290929,-289.04062876902844,-0.05163641815789442,2,1552,stop_loss
recovery,2022-05-18 15:32:00+00:00,2022-05-18 16:34:00+00:00,1953.06,1953.06,1976.4967199999999,13704.989121958297,6852.494560979148,68.36742046482323,0.009977011999999931,1,63,take_profit
normal,2022-05-18 16:35:00+00:00,2022-05-19 15:30:00+00:00,1977.25,1977.2500000000002,2016.7950000000003,13773.35654242312,2066.003481363468,37.10752984883902,0.01796102000000007,1,1376,take_profit
normal,2022-05-19 15:31:00+00:00,2022-05-20 01:39:00+00:00,2011.44,2011.4400000000003,2051.6688000000004,13810.46407227196,2071.5696108407938,37.207503211703624,0.017961019999999956,1,609,take_profit
normal,2022-05-20 01:40:00+00:00,2022-05-22 09:56:00+00:00,2051.26,1985.9332484076433,2025.6519133757963,13847.671575483662,5539.068630193465,99.48732244827715,0.017961019999999953,2,3377,take_profit
normal,2022-05-22 09:57:00+00:00,2022-05-23 07:24:00+00:00,2023.63,2023.6299999999999,2064.1025999999997,13947.158897931939,2092.0738346897906,37.57577998633951,0.017961019999999755,1,1288,take_profit
normal,2022-05-23 07:25:00+00:00,2022-05-26 08:21:00+00:00,2070.17,2004.2410191082802,1904.5564000000002,13984.734677918277,5593.893871167311,-288.8486430624798,-0.051636418157894735,2,4377,stop_loss
recovery,2022-05-26 08:22:00+00:00,2022-05-26 15:07:00+00:00,1866.57,1847.5233673469388,1869.6936477551021,13695.886034855797,10271.914526141849,102.48301449029168,0.009977012000000014,2,406,take_profit
normal,2022-05-26 15:08:00+00:00,2022-05-26 16:20:00+00:00,1866.94,1866.94,1904.2788,13798.369049346089,2069.7553574019134,37.17491736940292,0.01796102,1,73,take_profit
normal,2022-05-26 16:21:00+00:00,2022-05-27 01:21:00+00:00,1903.26,1842.6466242038218,1750.9992,13835.543966715493,5534.217586686197,-285.7671734829046,-0.05163641815789492,2,541,stop_loss
recovery,2022-05-27 01:22:00+00:00,2022-05-27 03:30:00+00:00,1751.25,1751.25,1772.265,13549.77679323259,6774.888396616295,67.59314283170261,0.009977012000000158,1,129,take_profit
normal,2022-05-27 03:31:00+00:00,2022-05-27 12:40:00+00:00,1777.9,1777.9,1813.458,13617.369936064293,2042.6054904096438,36.687278065357305,0.017961019999999942,1,550,take_profit
normal,2022-05-27 12:41:00+00:00,2022-05-28 12:53:00+00:00,1812.36,1754.64152866242,1789.7343592356683,13654.05721412965,5461.62288565186,98.09631788165007,0.01796101999999987,2,1453,take_profit
normal,2022-05-28 12:54:00+00:00,2022-05-29 13:05:00+00:00,1791.09,1791.09,1826.9117999999999,13752.153532011302,2062.823029801695,37.0504056947284,0.017961019999999783,1,1452,take_profit
normal,2022-05-29 13:06:00+00:00,2022-05-30 02:04:00+00:00,1823.84,1823.8400000000001,1860.3168000000003,13789.20393770603,2068.3805906559046,37.150225156382476,0.01796101999999998,1,779,take_profit
normal,2022-05-30 02:05:00+00:00,2022-05-30 06:16:00+00:00,1869.81,1869.81,1907.2062,13826.354162862412,2073.9531244293617,37.25031354693829,0.017961020000000015,1,252,take_profit
normal,2022-05-30 06:17:00+00:00,2022-05-30 20:24:00+00:00,1904.33,1904.33,1942.4166,13863.60447640935,2079.5406714614023,37.3506715909316,0.017961019999999963,1,848,take_profit
normal,2022-05-30 20:25:00+00:00,2022-05-30 21:20:00+00:00,1947.99,1947.99,1986.9498,13900.955148000281,2085.1432722000422,37.4513000148504,0.01796102,1,56,take_profit
normal,2022-05-30 21:21:00+00:00,2022-06-01 17:22:00+00:00,1986.87,1923.5938853503183,1827.9204,13938.406448015132,5575.362579206052,-287.89175352176153,-0.05163641815789461,2,2642,stop_loss
recovery,2022-06-01 17:23:00+00:00,2022-06-01 18:05:00+00:00,1828.38,1828.38,1850.3205600000001,13650.51469449337,6825.257347246685,68.0956744565683,0.009977011999999995,1,43,take_profit
normal,2022-06-01 18:06:00+00:00,2022-06-05 17:47:00+00:00,1852.11,1793.1256050955415,1828.9881171974523,13718.610368949938,5487.444147579975,98.56009408356749,0.017961020000000112,2,5742,take_profit
normal,2022-06-05 17:48:00+00:00,2022-06-06 01:50:00+00:00,1826.45,1826.45,1862.979,13817.170463033506,2072.5755694550257,37.225571254492934,0.017961019999999918,1,483,take_profit
normal,2022-06-06 01:51:00+00:00,2022-06-06 07:04:00+00:00,1859.24,1859.24,1896.4248,13854.396034287998,2078.1594051432,37.32586263896519,0.017961020000000036,1,314,take_profit
normal,2022-06-06 07:05:00+00:00,2022-06-07 01:50:00+00:00,1895.1,1834.7464968152865,1743.492,13891.721896926963,5556.688758770785,-286.927504321161,-0.05163641815789467,2,1126,stop_loss
recovery,2022-06-07 01:51:00+00:00,2022-06-07 05:53:00+00:00,1743.08,1743.08,1763.99696,13604.794392605801,6802.397196302901,67.86759845628058,0.009977012000000026,1,243,take_profit
normal,2022-06-07 05:54:00+00:00,2022-06-07 18:28:00+00:00,1764.29,1764.29,1799.5758,13672.661991062083,2050.8992986593125,36.83624332120644,0.01796102000000027,1,755,take_profit
normal,2022-06-07 18:29:00+00:00,2022-06-07 19:37:00+00:00,1799.63,1799.63,1835.6226000000001,13709.498234383289,2056.424735157493,36.93548579665821,0.01796101999999989,1,69,take_profit
normal,2022-06-07 19:38:00+00:00,2022-06-07 19:49:00+00:00,1833.88,1833.88,1870.5576,13746.433720179948,2061.965058026992,37.03499564652384,0.01796101999999994,1,12,take_profit
normal,2022-06-07 19:50:00+00:00,2022-06-10 13:25:00+00:00,1869.33,1809.7971974522293,1719.7836,13783.468715826471,5513.387486330588,-284.6915817106692,-0.05163641815789452,2,3936,stop_loss
recovery,2022-06-10 13:26:00+00:00,2022-06-10 14:31:00+00:00,1717.76,1717.76,1738.37312,13498.777134115802,6749.388567057901,67.33873072619917,0.009977011999999954,1,66,take_profit
normal,2022-06-10 14:32:00+00:00,2022-06-11 08:59:00+00:00,1740.0,1684.5859872611463,1600.8000000000002,13566.115864842002,5426.446345936801,-280.20225263017164,-0.05163641815789457,2,1108,stop_loss
recovery,2022-06-11 09:00:00+00:00,2022-06-11 09:11:00+00:00,1578.19,1578.1899999999998,1597.12828,13285.913612211833,6642.956806105916,66.27685977000056,0.009977012000000023,1,12,take_profit
normal,2022-06-11 09:12:00+00:00,2022-06-11 18:39:00+00:00,1597.53,1546.6532484076433,1577.5863133757962,13352.190471981834,5340.876188792734,95.92758404442975,0.01796101999999994,2,568,take_profit
normal,2022-06-11 18:40:00+00:00,2022-06-12 05:03:00+00:00,1562.03,1512.2838216560508,1437.0676,13448.118056026264,5379.247222410506,-277.7650589510822,-0.05163641815789465,2,624,stop_loss
recovery,2022-06-12 05:04:00+00:00,2022-06-12 06:28:00+00:00,1440.53,1440.5299999999997,1457.8163599999998,13170.35299707518,6585.17649853759,65.70038494802793,0.009977012000000063,1,85,take_profit
normal,2022-06-12 06:29:00+00:00,2022-06-12 08:32:00+00:00,1457.74,1457.74,1486.8948,13236.053382023209,1985.408007303481,35.65995292733783,0.01796101999999993,1,124,take_profit
normal,2022-06-12 08:33:00+00:00,2022-06-12 14:54:00+00:00,1483.08,1483.08,1512.7416,13271.713334950546,1990.7570002425819,35.75602629649734,0.01796102000000016,1,382,take_profit
normal,2022-06-12 14:55:00+00:00,2022-06-13 00:58:00+00:00,1519.25,1470.8662420382163,1397.71,13307.469361247044,5322.987744498818,-274.8600210242894,-0.05163641815789464,2,604,stop_loss
recovery,2022-06-13 00:59:00+00:00,2022-06-14 01:52:00+00:00,1393.42,1353.5299967345163,1114.736,13032.609340222754,13032.609340222754,-2320.709692065766,-0.1780694588077095,3,1494,stop_loss
recovery,2022-06-14 01:53:00+00:00,2022-06-14 02:07:00+00:00,1112.12,1112.12,1125.46544,10711.899648156988,5355.949824078494,53.43637566622874,0.009977011999999947,1,15,take_profit
normal,2022-06-14 02:08:00+00:00,2022-06-14 03:25:00+00:00,1126.34,1126.34,1148.8668,10765.336023823216,1614.8004035734823,29.003462344591526,0.017961020000000084,1,78,take_profit
normal,2022-06-14 03:26:00+00:00,2022-06-14 03:33:00+00:00,1147.29,1147.29,1170.2358,10794.339486167806,1619.1509229251708,29.081602109677533,0.01796102000000005,1,8,take_profit
normal,2022-06-14 03:34:00+00:00,2022-06-14 04:04:00+00:00,1171.8,1171.8,1195.2359999999999,10823.421088277482,1623.5131632416224,29.159952395246137,0.017961020000000057,1,31,take_profit
normal,2022-06-14 04:05:00+00:00,2022-06-14 05:18:00+00:00,1190.66,1190.66,1214.4732000000001,10852.581040672727,1627.887156100909,29.23851376847142,0.01796101999999992,1,74,take_profit
normal,2022-06-14 05:19:00+00:00,2022-06-14 05:22:00+00:00,1212.83,1212.83,1237.0865999999999,10881.819554441197,1632.2729331661797,29.317286798056557,0.017961020000000088,1,4,take_profit
normal,2022-06-14 05:23:00+00:00,2022-06-14 15:02:00+00:00,1248.53,1208.767898089172,1232.9432560509554,10911.136841239255,4364.454736495702,78.3900588112947,0.017961020000000154,2,580,take_profit
normal,2022-06-14 15:03:00+00:00,2022-06-14 16:02:00+00:00,1237.21,1237.21,1261.9542000000001,10989.52690005055,1648.4290350075826,29.60746686635207,0.01796102000000011,1,60,take_profit
normal,2022-06-14 16:03:00+00:00,2022-06-14 21:50:00+00:00,1260.06,1219.9307006369424,1159.2552,11019.134366916902,4407.65374676676,-227.5954519632587,-0.051636418157894465,2,348,stop_loss
recovery,2022-06-14 21:51:00+00:00,2022-06-14 22:03:00+00:00,1160.82,1160.82,1174.74984,10791.538914953642,5395.769457476821,53.83365662648066,0.009977012000000172,1,13,take_profit
normal,2022-06-14 22:04:00+00:00,2022-06-14 23:24:00+00:00,1174.54,1174.54,1198.0308,10845.372571580123,1626.8058857370183,29.219093049840467,0.017961020000000102,1,81,take_profit
normal,2022-06-14 23:25:00+00:00,2022-06-15 01:46:00+00:00,1202.05,1202.05,1226.091,10874.591664629963,1631.1887496944944,29.297813757037602,0.017961019999999873,1,142,take_profit
normal,2022-06-15 01:47:00+00:00,2022-06-15 04:13:00+00:00,1226.95,1187.8751592356687,1128.794,10903.889478387,4361.5557913548,-225.2151186613828,-0.05163641815789448,2,147,stop_loss
recovery,2022-06-15 04:14:00+00:00,2022-06-15 04:14:00+00:00,1132.2,1132.2,1145.7864,10678.674359725617,5339.337179862809,53.27063111553707,0.009977011999999938,1,1,take_profit
normal,2022-06-15 04:15:00+00:00,2022-06-15 08:08:00+00:00,1147.17,1110.6359235668788,1055.3964,10731.944990841155,4292.777996336462,-221.66367967783845,-0.05163641815789459,2,234,stop_loss
recovery,2022-06-15 08:09:00+00:00,2022-06-15 08:10:00+00:00,1059.07,1059.07,1071.77884,10510.281311163315,5255.1406555816575,52.430601382426175,0.009977012000000021,1,2,take_profit
normal,2022-06-15 08:11:00+00:00,2022-06-15 10:18:00+00:00,1071.81,1037.675923566879,1058.4294420382166,10562.711912545741,4225.084765018297,75.88683196618967,0.017961020000000178,2,128,take_profit
normal,2022-06-15 10:19:00+00:00,2022-06-15 11:23:00+00:00,1064.8,1064.8,1086.096,10638.598744511932,1595.7898116767897,28.662012723323187,0.017961020000000084,1,65,take_profit
normal,2022-06-15 11:24:00+00:00,2022-06-15 11:30:00+00:00,1089.44,1089.44,1111.2288,10667.260757235254,1600.089113585288,28.739232570887907,0.017961020000000175,1,7,take_profit
normal,2022-06-15 11:31:00+00:00,2022-06-15 12:15:00+00:00,1126.77,1126.77,1149.3054,10695.999989806143,1604.3999984709214,28.81666046053624,0.017961020000000032,1,45,take_profit
normal,2022-06-15 12:16:00+00:00,2022-06-15 17:55:00+00:00,1144.59,1108.1380891719743,1130.3008509554138,10724.81665026668,4289.926660106672,77.05145854070997,0.017961020000000195,2,340,take_profit
normal,2022-06-15 17:56:00+00:00,2022-06-15 18:38:00+00:00,1123.54,1087.7584713375795,1109.513640764331,10801.86810880739,4320.747243522956,77.6050276558608,0.01796102000000003,2,43,take_profit
normal,2022-06-15 18:39:00+00:00,2022-06-15 18:41:00+00:00,1123.1,1123.1,1145.562,10879.47313646325,1631.9209704694874,29.310965189021772,0.01796101999999994,1,3,take_profit
normal,2022-06-15 18:42:00+00:00,2022-06-15 18:43:00+00:00,1141.78,1141.78,1164.6156,10908.78410165227,1636.3176152478406,29.38993341381888,0.017961020000000067,1,2,take_profit
normal,2022-06-15 18:44:00+00:00,2022-06-15 18:45:00+00:00,1172.95,1172.95,1196.409,10938.17403506609,1640.7261052599133,29.469114391095218,0.017961019999999883,1,2,take_profit
normal,2022-06-15 18:46:00+00:00,2022-06-15 21:46:00+00:00,1203.07,1203.07,1227.1314,10967.643149457184,1645.1464724185776,29.548508694039583,0.01796102000000004,1,181,take_profit
normal,2022-06-15 21:47:00+00:00,2022-06-16 00:08:00+00:00,1229.63,1229.63,1254.2226,10997.191658151225,1649.5787487226837,29.62811689738305,0.017961019999999973,1,142,take_profit
normal,2022-06-16 00:09:00+00:00,2022-06-16 09:05:00+00:00,1253.78,1213.8507006369425,1153.4776,11026.819775048607,4410.727910019443,-227.7541907424611,-0.05163641815789475,2,537,stop_loss
recovery,2022-06-16 09:06:00+00:00,2022-06-16 12:33:00+00:00,1149.33,1137.6021428571428,1151.2533685714286,10799.065584306147,8099.29918822961,80.80680519255839,0.009977012000000162,2,208,take_profit
normal,2022-06-16 12:34:00+00:00,2022-06-16 16:46:00+00:00,1146.16,1109.6580891719748,1131.8512509554143,10879.872389498705,4351.948955799482,78.16544223409437,0.017961020000000175,2,253,take_profit
normal,2022-06-16 16:47:00+00:00,2022-06-17 01:55:00+00:00,1126.94,1091.0501910828027,1112.871194904459,10958.0378317328,4383.21513269312,78.72701466260423,0.017961020000000105,2,549,take_profit
normal,2022-06-17 01:56:00+00:00,2022-06-18 06:52:00+00:00,1114.26,1078.7740127388536,1025.1192,11036.764846395403,4414.7059385581615,-227.95960188753088,-0.05163641815789485,2,1737,stop_loss
recovery,2022-06-18 06:53:00+00:00,2022-06-18 22:31:00+00:00,1024.81,995.4723457058888,1007.4180138543594,10808.805244507872,10808.805244507872,107.83957963011744,0.00997701199999995,3,939,take_profit
normal,2022-06-18 22:32:00+00:00,2022-06-19 09:18:00+00:00,1009.62,977.4664968152865,997.0158267515923,10916.64482413799,4366.657929655195,78.4296304076961,0.017961020000000123,2,647,take_profit
normal,2022-06-19 09:19:00+00:00,2022-06-19 09:46:00+00:00,991.72,991.72,1011.5544000000001,10995.074454545686,1649.2611681818528,29.622412826937534,0.017961019999999946,1,28,take_profit
normal,2022-06-19 09:47:00+00:00,2022-06-19 10:16:00+00:00,1007.23,1007.23,1027.3746,11024.696867372622,1653.7045301058934,29.702220139322662,0.017961020000000067,1,30,take_profit
normal,2022-06-19 10:17:00+00:00,2022-06-19 10:20:00+00:00,1033.45,1033.45,1054.1190000000001,11054.399087511945,1658.1598631267918,29.782242464817955,0.01796102000000023,1,4,take_profit
normal,2022-06-19 10:21:00+00:00,2022-06-19 10:23:00+00:00,1051.09,1051.09,1072.1118,11084.181329976764,1662.6271994965145,29.86248038270105,0.0179610200000001,1,3,take_profit
normal,2022-06-19 10:24:00+00:00,2022-06-19 18:58:00+00:00,1069.69,1069.69,1091.0838,11114.043810359466,1667.1065715539198,29.942934473811647,0.017961020000000157,1,515,take_profit
normal,2022-06-19 18:59:00+00:00,2022-06-19 19:00:00+00:00,1103.99,1103.99,1126.0698,11143.986744833277,1671.5980117249915,30.02360532055286,0.017961020000000032,1,2,take_profit
normal,2022-06-19 19:01:00+00:00,2022-06-19 20:33:00+00:00,1121.6,1121.6,1144.032,11174.01035015383,1676.1015525230746,30.104493506897825,0.0179610199999999,1,93,take_profit
normal,2022-06-19 20:34:00+00:00,2022-06-20 02:30:00+00:00,1147.03,1110.5003821656053,1055.2676000000001,11204.11484366073,4481.645937464292,-231.41614366253634,-0.051636418157894735,2,357,stop_loss
recovery,2022-06-20 02:31:00+00:00,2022-06-20 02:44:00+00:00,1058.22,1058.22,1070.91864,10972.698699998193,5486.349349999096,54.73737330113454,0.009977012000000247,1,14,take_profit
normal,2022-06-20 02:45:00+00:00,2022-06-20 08:13:00+00:00,1071.58,1071.58,1093.0116,11027.436073299326,1654.1154109948989,29.709599979187942,0.01796102000000021,1,329,take_profit
normal,2022-06-20 08:14:00+00:00,2022-06-20 08:36:00+00:00,1101.94,1101.94,1123.9788,11057.145673278515,1658.5718509917772,29.7896421871003,0.01796101999999998,1,23,take_profit
normal,2022-06-20 08:37:00+00:00,2022-06-20 10:40:00+00:00,1120.15,1120.15,1142.553,11086.935315465616,1663.0402973198425,29.86990004096765,0.017961020000000008,1,124,take_profit
normal,2022-06-20 10:41:00+00:00,2022-06-20 10:54:00+00:00,1139.8,1139.8,1162.596,11116.805215506583,1667.5207823259875,29.95037412177294,0.017961020000000136,1,14,take_profit
normal,2022-06-20 10:55:00+00:00,2022-06-20 15:05:00+00:00,1165.7,1128.5757961783438,1151.1473121019108,11146.755589628356,4458.702235851342,80.08284003217068,0.01796102,2,251,take_profit
normal,2022-06-20 15:06:00+00:00,2022-06-20 23:39:00+00:00,1143.24,1106.8310828025478,1128.9677044585987,11226.838429660527,4490.735371864211,80.65818782876158,0.017961020000000237,2,514,take_profit
normal,2022-06-20 23:40:00+00:00,2022-06-21 05:41:00+00:00,1133.56,1133.56,1156.2312,11307.496617489287,1696.124492623393,30.464125934498725,0.017961020000000064,1,362,take_profit
normal,2022-06-21 05:42:00+00:00,2022-06-21 08:37:00+00:00,1148.47,1148.47,1171.4394,11337.960743423786,1700.6941115135678,30.546200950777347,0.017961019999999956,1,176,take_profit
normal,2022-06-21 08:38:00+00:00,2022-06-21 14:42:00+00:00,1170.22,1170.22,1193.6244000000002,11368.506944374563,1705.2760416561844,30.628497089707935,0.01796102000000022,1,365,take_profit
normal,2022-06-21 14:43:00+00:00,2022-06-22 03:43:00+00:00,1189.22,1151.3467515923567,1094.0824,11399.13544146427,4559.654176585708,-235.44420971757063,-0.051636418157894694,2,781,stop_loss
recovery,2022-06-22 03:44:00+00:00,2022-06-22 13:55:00+00:00,1096.45,1096.45,1109.6074,11163.6912317467,5581.84561587335,55.690140691716806,0.00997701200000018,1,612,take_profit
normal,2022-06-22 13:56:00+00:00,2022-06-23 06:32:00+00:00,1113.14,1077.6896815286623,1099.2434751592355,11219.381372438416,4487.752548975366,80.60461328719703,0.017961019999999887,2,997,take_profit
normal,2022-06-23 06:33:00+00:00,2022-06-23 12:30:00+00:00,1102.54,1102.54,1124.5908,11299.985985725612,1694.9978978588417,30.443891143400606,0.017961019999999994,1,358,take_profit
normal,2022-06-23 12:31:00+00:00,2022-06-23 22:29:00+00:00,1123.39,1123.39,1145.8578000000002,11330.429876869013,1699.564481530352,30.525911644056123,0.017961019999999907,1,599,take_profit
normal,2022-06-23 22:30:00+00:00,2022-06-24 11:09:00+00:00,1145.52,1145.52,1168.4304,11360.95578851307,1704.1433682769605,30.608153120489533,0.017961019999999814,1,760,take_profit
normal,2022-06-24 11:10:00+00:00,2022-06-24 11:31:00+00:00,1171.61,1171.61,1195.0421999999999,11391.56394163356,1708.734591245034,30.69061616804379,0.017961019999999946,1,22,take_profit
normal,2022-06-24 11:32:00+00:00,2022-06-24 12:10:00+00:00,1182.45,1182.45,1206.0990000000002,11422.254557801603,1713.3381836702404,30.773301383665284,0.017961020000000247,1,39,take_profit
normal,2022-06-24 12:11:00+00:00,2022-06-24 20:05:00+00:00,1211.29,1211.29,1235.5158,11453.027859185268,1717.9541788777901,30.85620936590726,0.017961019999999824,1,475,take_profit
normal,2022-06-24 20:06:00+00:00,2022-06-26 11:40:00+00:00,1238.32,1238.32,1263.0864,11483.884068551175,1722.5826102826761,30.939340714939362,0.017961020000000008,1,2375,take_profit
normal,2022-06-26 11:41:00+00:00,2022-06-28 18:17:00+00:00,1258.35,1218.2751592356685,1157.682,11514.823409266115,4605.929363706446,-237.83369463007057,-0.05163641815789441,2,3277,stop_loss
recovery,2022-06-28 18:18:00+00:00,2022-07-04 21:52:00+00:00,1156.79,1123.6741003592033,1137.1581895635138,11276.989714636045,11276.989714636045,112.51066170680315,0.009977012000000243,3,8855,take_profit
normal,2022-07-04 21:53:00+00:00,2022-07-05 00:14:00+00:00,1138.95,1138.95,1161.729,11389.500376342849,1708.4250564514273,30.685056607425167,0.017961019999999973,1,142,take_profit
normal,2022-07-05 00:15:00+00:00,2022-07-05 19:40:00+00:00,1160.28,1123.3284076433122,1145.7949757961785,11420.185432950273,4568.074173180109,82.04727158597234,0.017961020000000206,2,1166,take_profit
normal,2022-07-05 19:41:00+00:00,2022-07-06 22:06:00+00:00,1147.15,1147.15,1170.093,11502.232704536244,1725.3349056804366,30.988774747624348,0.01796101999999995,1,1586,take_profit
normal,2022-07-06 22:07:00+00:00,2022-07-06 23:05:00+00:00,1180.01,1180.01,1203.6102,11533.221479283868,1729.98322189258,31.072263248077206,0.01796102000000008,1,59,take_profit
normal,2022-07-06 23:06:00+00:00,2022-07-07 14:36:00+00:00,1199.56,1199.56,1223.5511999999999,11564.293742531945,1734.6440613797918,31.155976679323658,0.017961019999999994,1,931,take_profit
normal,2022-07-07 14:37:00+00:00,2022-07-07 19:39:00+00:00,1219.48,1219.48,1243.8696,11595.449719211269,1739.3174578816902,31.239915647362068,0.01796101999999993,1,303,take_profit
normal,2022-07-07 19:40:00+00:00,2022-07-08 01:28:00+00:00,1244.77,1244.77,1269.6654,11626.68963485863,1744.0034452287946,31.324080759823346,0.017961020000000036,1,349,take_profit
normal,2022-07-08 01:29:00+00:00,2022-07-08 20:33:00+00:00,1267.38,1227.0175796178344,1251.557931210191,11658.013715618454,4663.2054862473815,83.75592700259858,0.01796101999999992,2,1145,take_profit
normal,2022-07-08 20:34:00+00:00,2022-07-11 01:23:00+00:00,1251.53,1211.672356687898,1151.4076,11741.769642621051,4696.707857048421,-242.52117087202168,-0.05163641815789468,2,3170,stop_loss
recovery,2022-07-11 01:24:00+00:00,2022-07-14 15:42:00+00:00,1151.55,1118.5841079786653,1132.0071172744092,11499.24847174903,11499.24847174903,114.72813999362006,0.009977011999999855,3,5179,take_profit
normal,2022-07-14 15:43:00+00:00,2022-07-14 17:18:00+00:00,1132.12,1132.12,1154.7623999999998,11613.97661174265,1742.0964917613974,31.289829930456108,0.017961019999999894,1,96,take_profit
normal,2022-07-14 17:19:00+00:00,2022-07-14 17:26:00+00:00,1151.04,1151.04,1174.0608,11645.266441673106,1746.7899662509658,31.37412951963279,0.017961019999999925,1,8,take_profit
normal,2022-07-14 17:27:00+00:00,2022-07-14 17:56:00+00:00,1173.52,1173.52,1196.9904,11676.640571192738,1751.4960856789107,31.458656224800734,0.01796102000000006,1,30,take_profit
normal,2022-07-14 17:57:00+00:00,2022-07-15 02:00:00+00:00,1194.25,1194.25,1218.135,11708.099227417539,1756.2148841126307,31.543410657844788,0.017961020000000084,1,484,take_profit
normal,2022-07-15 02:01:00+00:00,2022-07-15 18:42:00+00:00,1217.71,1217.71,1242.0642,11739.642638075384,1760.9463957113076,31.628393432298935,0.01796102000000013,1,1002,take_profit
normal,2022-07-15 18:43:00+00:00,2022-07-15 19:43:00+00:00,1240.24,1240.24,1265.0448000000001,11771.271031507682,1765.6906547261522,31.713605163349712,0.017961020000000112,1,61,take_profit
normal,2022-07-15 19:44:00+00:00,2022-07-16 15:07:00+00:00,1266.43,1226.0978343949048,1250.619791082803,11802.984636671032,4721.193854668412,84.79745724757777,0.01796102000000028,2,1164,take_profit
normal,2022-07-16 15:08:00+00:00,2022-07-16 16:00:00+00:00,1252.57,1252.57,1277.6214,11887.78209391861,1783.1673140877913,32.02750379167719,0.01796102000000005,1,53,take_profit
normal,2022-07-16 16:01:00+00:00,2022-07-16 16:06:00+00:00,1277.64,1277.64,1303.1928,11919.809597710286,1787.9714396565428,32.11379078709979,0.017961019999999904,1,6,take_profit
normal,2022-07-16 16:07:00+00:00,2022-07-16 16:12:00+00:00,1305.44,1305.44,1331.5488,11951.923388497386,1792.7885082746077,32.200310252890404,0.017961020000000005,1,6,take_profit
normal,2022-07-16 16:13:00+00:00,2022-07-16 16:14:00+00:00,1330.61,1330.61,1357.2222,11984.123698750276,1797.6185548125413,32.28706281535915,0.017961019999999998,1,2,take_profit
normal,2022-07-16 16:15:00+00:00,2022-07-16 16:15:00+00:00,1384.89,1384.89,1412.5878,12016.410761565636,1802.4616142348452,32.37404910250416,0.0179610199999999,1,1,take_profit
normal,2022-07-16 16:16:00+00:00,2022-07-17 00:03:00+00:00,1384.08,1340.0010191082804,1366.801039490446,12048.78481066814,4819.513924267256,86.56338598404363,0.017961020000000202,2,468,take_profit
normal,2022-07-17 00:04:00+00:00,2022-07-18 02:43:00+00:00,1368.33,1368.33,1395.6966,12135.348196652183,1820.3022294978275,32.694484750054926,0.01796101999999992,1,1600,take_profit
normal,2022-07-18 02:44:00+00:00,2022-07-18 05:17:00+00:00,1396.59,1396.59,1424.5218,12168.042681402238,1825.2064022103357,32.782568694228075,0.017961020000000105,1,154,take_profit
normal,2022-07-18 05:18:00+00:00,2022-07-18 06:36:00+00:00,1426.26,1426.26,1454.7852,12200.825250096466,1830.12378751447,32.87088995002341,0.017961020000000143,1,79,take_profit
normal,2022-07-18 06:37:00+00:00,2022-07-18 08:19:00+00:00,1459.09,1459.09,1488.2718,12233.69614004649,1835.0544210069734,32.95944915679456,0.017961019999999942,1,103,take_profit
normal,2022-07-18 08:20:00+00:00,2022-07-18 15:56:00+00:00,1488.05,1488.05,1517.811,12266.655589203285,1839.9983383804927,33.04824695561888,0.017961020000000046,1,457,take_profit
normal,2022-07-18 15:57:00+00:00,2022-07-18 23:09:00+00:00,1513.48,1513.4799999999998,1543.7495999999999,12299.703836158904,1844.9555754238354,33.13728398929902,0.017961020000000005,1,433,take_profit
normal,2022-07-18 23:10:00+00:00,2022-07-18 23:24:00+00:00,1545.39,1545.39,1576.2978,12332.841120148203,1849.9261680222303,33.226560902370466,0.017961019999999907,1,15,take_profit
normal,2022-07-18 23:25:00+00:00,2022-07-19 00:11:00+00:00,1569.31,1569.3100000000002,1600.6962000000003,12366.067681050574,1854.910152157586,33.316078341105595,0.01796102000000008,1,47,take_profit
normal,2022-07-19 00:12:00+00:00,2022-07-19 16:32:00+00:00,1605.03,1553.9143949044585,1584.9926828025477,12399.38375939168,4959.753503756672,89.0822318760429,0.017961019999999845,2,981,take_profit
normal,2022-07-19 16:33:00+00:00,2022-07-20 11:10:00+00:00,1579.52,1579.52,1611.1104,12488.465991267723,1873.2698986901585,33.64583811577222,0.017961020000000168,1,1118,take_profit
normal,2022-07-20 11:11:00+00:00,2022-07-21 04:05:00+00:00,1608.4,1557.1770700636941,1479.728,12522.111829383497,5008.844731753399,-258.6388010567862,-0.05163641815789465,2,1015,stop_loss
recovery,2022-07-21 04:06:00+00:00,2022-07-21 04:19:00+00:00,1464.71,1464.71,1482.28652,12263.473028326713,6131.736514163356,61.17640878264683,0.00997701200000014,1,14,take_profit
normal,2022-07-21 04:20:00+00:00,2022-07-21 09:15:00+00:00,1480.86,1480.86,1510.4771999999998,12324.64943710936,1848.6974155664038,33.20449125493633,0.01796101999999991,1,296,take_profit
normal,2022-07-21 09:16:00+00:00,2022-07-21 16:14:00+00:00,1510.27,1510.27,1540.4754,12357.853928364295,1853.6780892546442,33.29394923466475,0.017961020000000164,1,419,take_profit
normal,2022-07-21 16:15:00+00:00,2022-07-21 19:50:00+00:00,1542.82,1542.82,1573.6764,12391.14787759896,1858.672181639844,33.383648227877075,0.01796102000000011,1,216,take_profit
normal,2022-07-21 19:51:00+00:00,2022-07-21 20:43:00+00:00,1574.09,1574.09,1605.5718,12424.531525826837,1863.6797288740254,33.4735888839009,0.017961019999999977,1,53,take_profit
normal,2022-07-21 20:44:00+00:00,2022-07-22 09:00:00+00:00,1601.09,1601.09,1633.1118,12458.005114710737,1868.7007672066104,33.56377185381325,0.017961019999999987,1,737,take_profit
normal,2022-07-22 09:01:00+00:00,2022-07-23 17:23:00+00:00,1631.83,1579.860891719745,1501.2836,12491.56888656455,4996.62755462582,-258.0079497899178,-0.05163641815789472,2,1943,stop_loss
recovery,2022-07-23 17:24:00+00:00,2022-07-23 19:48:00+00:00,1497.6,1497.6,1515.5711999999999,12233.560936774633,6116.780468387316,61.02719213446653,0.009977012000000106,1,145,take_profit
normal,2022-07-23 19:49:00+00:00,2022-07-23 22:31:00+00:00,1514.82,1514.8200000000002,1545.1164,12294.5881289091,1844.188219336365,33.12350149126496,0.017961020000000067,1,163,take_profit
normal,2022-07-23 22:32:00+00:00,2022-07-24 00:03:00+00:00,1544.67,1544.6700000000003,1575.5634000000002,12327.711630400365,1849.1567445600547,33.212741272178164,0.01796102000000007,1,92,take_profit
normal,2022-07-24 00:04:00+00:00,2022-07-24 05:41:00+00:00,1572.46,1572.46,1603.9092,12360.924371672543,1854.1386557508813,33.30222147871473,0.01796102000000002,1,338,take_profit
normal,2022-07-24 05:42:00+00:00,2022-07-24 22:39:00+00:00,1602.91,1602.9100000000003,1634.9682000000003,12394.226593151257,1859.1339889726885,33.39194275861814,0.01796101999999995,1,1018,take_profit
normal,2022-07-24 22:40:00+00:00,2022-07-25 03:20:00+00:00,1640.63,1588.3806369426752,1509.3796000000002,12427.618535909876,4971.04741436395,-256.68708297081776,-0.05163641815789461,2,281,stop_loss
recovery,2022-07-25 03:21:00+00:00,2022-07-25 05:17:00+00:00,1509.96,1509.96,1528.07952,12170.93145293906,6085.46572646953,60.71476457857534,0.009977012000000021,1,117,take_profit
normal,2022-07-25 05:18:00+00:00,2022-07-26 03:12:00+00:00,1528.07,1479.4053503184712,1405.8244,12231.646217517635,4892.658487007054,-252.63935953886812,-0.0516364181578946,2,1315,stop_loss
recovery,2022-07-26 03:13:00+00:00,2022-07-26 03:15:00+00:00,1404.41,1404.41,1421.2629200000001,11979.006857978766,5989.503428989383,59.75734758506769,0.009977011999999912,1,3,take_profit
normal,2022-07-26 03:16:00+00:00,2022-07-26 23:58:00+00:00,1419.99,1419.99,1448.3898,12038.764205563833,1805.814630834575,32.4342727007122,0.01796101999999988,1,1243,take_profit
normal,2022-07-26 23:59:00+00:00,2022-07-27 12:45:00+00:00,1453.08,1453.08,1482.1416,12071.198478264545,1810.6797717396817,32.521655593812056,0.01796102000000011,1,767,take_profit
normal,2022-07-27 12:46:00+00:00,2022-07-27 16:17:00+00:00,1477.48,1477.48,1507.0296,12103.720133858356,1815.5580200787533,32.60927390979509,0.017961020000000112,1,212,take_profit
normal,2022-07-27 16:18:00+00:00,2022-07-27 18:02:00+00:00,1508.83,1508.83,1539.0066,12136.329407768151,1820.4494111652227,32.69712828292677,0.01796101999999999,1,105,take_profit
normal,2022-07-27 18:03:00+00:00,2022-07-27 18:03:00+00:00,1552.78,1552.7799999999997,1583.8355999999997,12169.026536051078,1825.3539804076618,32.78521934918126,0.017961019999999803,1,1,take_profit
normal,2022-07-27 18:04:00+00:00,2022-07-27 18:41:00+00:00,1563.33,1563.33,1594.5965999999999,12201.81175540026,1830.271763310039,32.873547746246686,0.017961019999999897,1,38,take_profit
normal,2022-07-27 18:42:00+00:00,2022-07-27 19:26:00+00:00,1580.83,1580.83,1612.4466,12234.685303146507,1835.202795471976,32.96211411352806,0.017961019999999994,1,45,take_profit
normal,2022-07-27 19:27:00+00:00,2022-07-27 23:52:00+00:00,1610.41,1610.41,1642.6182000000001,12267.647417260036,1840.1471125890052,33.050919092153435,0.017961020000000032,1,266,take_profit
normal,2022-07-27 23:53:00+00:00,2022-07-28 02:47:00+00:00,1640.04,1640.04,1672.8408,12300.698336352189,1845.1047504528283,33.13996332497845,0.017961020000000105,1,175,take_profit
normal,2022-07-28 02:48:00+00:00,2022-07-28 15:40:00+00:00,1672.78,1672.78,1706.2356,12333.838299677167,1850.075744951575,33.2292474565902,0.017961020000000036,1,773,take_profit
normal,2022-07-28 15:41:00+00:00,2022-07-28 15:53:00+00:00,1710.62,1710.6200000000001,1744.8324000000002,12367.067547133756,1855.0601320700634,33.31877213331336,0.017961020000000168,1,13,take_profit
normal,2022-07-28 15:54:00+00:00,2022-07-28 20:37:00+00:00,1747.22,1747.2199999999998,1782.1644,12400.38631926707,1860.0579478900604,33.40853800321247,0.017961020000000074,1,284,take_profit
normal,2022-07-28 20:38:00+00:00,2022-07-29 23:14:00+00:00,1783.21,1726.419872611465,1760.9482700636943,12433.794857270284,4973.517942908114,89.32945524293154,0.01796102000000001,2,1597,take_profit
normal,2022-07-29 23:15:00+00:00,2022-07-31 18:13:00+00:00,1762.79,1706.6501910828024,1740.7831949044585,12523.124312513217,5009.249725005287,89.97123449581431,0.017961019999999973,2,2579,take_profit
normal,2022-07-31 18:14:00+00:00,2022-08-02 01:47:00+00:00,1744.76,1689.1943949044585,1605.1792,12613.09554700903,5045.238218803612,-260.51803037233367,-0.05163641815789441,2,1894,stop_loss
recovery,2022-08-02 01:48:00+00:00,2022-08-02 14:49:00+00:00,1606.46,1606.46,1625.7375200000001,12352.577516636695,6176.288758318347,61.62090705720766,0.009977012000000066,1,782,take_profit
normal,2022-08-02 14:50:00+00:00,2022-08-02 16:21:00+00:00,1627.24,1627.24,1659.7848000000001,12414.198423693902,1862.1297635540852,33.445749925790324,0.017961020000000067,1,92,take_profit
normal,2022-08-02 16:22:00+00:00,2022-08-05 11:18:00+00:00,1659.64,1659.64,1692.8328000000001,12447.644173619694,1867.146626042954,33.535857893290085,0.017961020000000036,1,4017,take_profit
normal,2022-08-05 11:19:00+00:00,2022-08-05 23:14:00+00:00,1692.08,1692.0799999999997,1725.9215999999997,12481.180031512984,1872.1770047269474,33.62620862544077,0.017961019999999984,1,716,take_profit
normal,2022-08-05 23:15:00+00:00,2022-08-08 08:46:00+00:00,1726.09,1726.09,1760.6118,12514.806240138425,1877.2209360207637,33.71680277628752,0.01796101999999993,1,3452,take_profit
normal,2022-08-08 08:47:00+00:00,2022-08-08 12:09:00+00:00,1770.07,1770.07,1805.4714,12548.523042914712,1882.2784564372068,33.80764100163765,0.017961019999999918,1,203,take_profit
normal,2022-08-08 12:10:00+00:00,2022-08-09 14:08:00+00:00,1814.39,1756.606878980892,1669.2388,12582.33068391635,5032.93227356654,-259.8825954382455,-0.051636418157894694,2,1559,stop_loss
recovery,2022-08-09 14:09:00+00:00,2022-08-09 14:34:00+00:00,1670.66,1670.66,1690.70792,12322.448088478106,6161.224044239053,61.47060622406207,0.009977012000000082,1,26,take_profit
normal,2022-08-09 14:35:00+00:00,2022-08-10 12:30:00+00:00,1691.0,1691.0,1724.82,12383.918694702168,1857.587804205325,33.36417170308778,0.017961019999999918,1,1316,take_profit
normal,2022-08-10 12:31:00+00:00,2022-08-10 12:46:00+00:00,1756.57,1756.5700000000002,1791.7014000000001,12417.282866405256,1862.5924299607882,33.45405988637435,0.01796102000000002,1,16,take_profit
normal,2022-08-10 12:47:00+00:00,2022-08-10 12:57:00+00:00,1792.18,1792.18,1828.0236,12450.736926291629,1867.6105389437444,33.544190242179184,0.0179610199999999,1,11,take_profit
normal,2022-08-10 12:58:00+00:00,2022-08-10 21:28:00+00:00,1823.63,1823.63,1860.1026000000002,12484.28111653381,1872.6421674800713,33.63456342295308,0.01796102000000009,1,511,take_profit
normal,2022-08-10 21:29:00+00:00,2022-08-11 01:48:00+00:00,1871.0,1871.0,1908.42,12517.915679956763,1877.6873519935143,33.72518008290285,0.01796102000000016,1,260,take_profit
normal,2022-08-11 01:49:00+00:00,2022-08-12 23:14:00+00:00,1909.35,1909.35,1947.537,12551.640860039666,1882.7461290059498,33.816040877998375,0.017961019999999963,1,2726,take_profit
normal,2022-08-12 23:15:00+00:00,2022-08-13 03:42:00+00:00,1945.39,1945.39,1984.2978,12585.456900917665,1887.8185351376496,33.9071464659778,0.01796101999999988,1,268,take_profit
normal,2022-08-13 03:43:00+00:00,2022-08-14 07:50:00+00:00,1984.48,1984.48,2024.1696,12619.364047383642,1892.9046071075463,33.99849750635053,0.01796101999999987,1,1688,take_profit
normal,2022-08-14 07:51:00+00:00,2022-08-15 02:32:00+00:00,2018.14,1953.8680254777073,1992.9453859872615,12653.362544889993,5061.345017955997,90.9069190944083,0.017961020000000053,2,1122,take_profit
normal,2022-08-15 02:33:00+00:00,2022-08-17 13:41:00+00:00,1992.2,1928.7541401273884,1832.824,12744.269463984401,5097.7077855937605,-263.2273708636758,-0.05163641815789489,2,3549,stop_loss
recovery,2022-08-17 13:42:00+00:00,2022-08-17 18:00:00+00:00,1835.35,1835.35,1857.3742,12481.042093120725,6240.521046560362,62.261753367785786,0.009977012000000078,1,259,take_profit
normal,2022-08-17 18:01:00+00:00,2022-08-18 13:01:00+00:00,1843.63,1843.6299999999999,1880.5025999999998,12543.30384648851,1881.4955769732765,33.79357968792851,0.017961019999999977,1,1141,take_profit
normal,2022-08-18 13:02:00+00:00,2022-08-19 06:38:00+00:00,1879.1,1819.256050955414,1728.772,12577.097426176439,5030.838970470575,-259.7745047642511,-0.05163641815789471,2,1057,stop_loss
recovery,2022-08-19 06:39:00+00:00,2022-08-19 06:39:00+00:00,1726.29,1726.29,1747.00548,12317.322921412186,6158.661460706093,61.44503929740313,0.009977012000000148,1,1,take_profit
normal,2022-08-19 06:40:00+00:00,2022-08-19 22:57:00+00:00,1758.94,1702.9228025477707,1618.2248000000002,12378.767960709589,4951.507184283835,-255.67809547949946,-0.05163641815789462,2,978,stop_loss
recovery,2022-08-19 22:58:00+00:00,2022-08-20 00:34:00+00:00,1614.07,1614.07,1633.43884,12123.08986523009,6061.544932615045,60.476106531240475,0.009977012000000162,1,97,take_profit
normal,2022-08-20 00:35:00+00:00,2022-08-21 08:10:00+00:00,1632.73,1580.7322292993629,1612.34687388535,12183.56597176133,4873.426388704533,87.53170883604798,0.01796101999999961,2,1896,take_profit
normal,2022-08-21 08:11:00+00:00,2022-08-21 21:23:00+00:00,1610.11,1610.11,1642.3121999999998,12271.097680597379,1840.6646520896068,33.06021462947433,0.017961019999999925,1,793,take_profit
normal,2022-08-21 21:24:00+00:00,2022-08-22 23:52:00+00:00,1644.46,1592.088662420382,1623.9304356687896,12304.157895226854,4921.6631580907415,88.39809041573062,0.01796101999999993,2,1589,take_profit
normal,2022-08-22 23:53:00+00:00,2022-08-23 14:12:00+00:00,1621.32,1621.32,1653.7464,12392.555985642584,1858.8833978463877,33.38744188638725,0.017961020000000175,1,860,take_profit
normal,2022-08-23 14:13:00+00:00,2022-08-24 15:52:00+00:00,1649.15,1649.15,1682.133,12425.943427528971,1863.8915141293455,33.477392763107446,0.017961019999999994,1,1540,take_profit
normal,2022-08-24 15:53:00+00:00,2022-08-25 12:02:00+00:00,1683.12,1683.1199999999997,1716.7823999999996,12459.420820292078,1868.9131230438115,33.56758598125225,0.017961019999999942,1,1210,take_profit
normal,2022-08-25 12:03:00+00:00,2022-08-26 13:03:00+00:00,1714.92,1660.3047133757964,1693.5108076433123,12492.98840627333,4997.195362509332,89.75472584993804,0.017961020000000136,2,1501,take_profit
normal,2022-08-26 13:04:00+00:00,2022-08-26 16:29:00+00:00,1698.69,1644.591592356688,1562.7948000000001,12582.743132123269,5033.097252849308,-259.8911143774776,-0.05163641815789464,2,206,stop_loss
recovery,2022-08-26 16:30:00+00:00,2022-08-29 16:52:00+00:00,1569.37,1524.4430042451286,1542.73632029607,12322.852017745792,12322.852017745792,122.94524245527282,0.009977011999999905,3,4343,take_profit
normal,2022-08-29 16:53:00+00:00,2022-08-30 04:20:00+00:00,1540.79,1540.79,1571.6058,12445.797260201065,1866.8695890301597,33.53088202596268,0.01796102000000011,1,688,take_profit
normal,2022-08-30 04:21:00+00:00,2022-08-30 10:29:00+00:00,1570.92,1570.92,1602.3384,12479.328142227028,1871.8992213340541,33.62121935236519,0.0179610199999999,1,369,take_profit
normal,2022-08-30 10:30:00+00:00,2022-08-30 17:16:00+00:00,1603.66,1552.588025477707,1475.3672000000001,12512.949361579394,5005.179744631758,-258.44955424923046,-0.051636418157894784,2,407,stop_loss
recovery,2022-08-30 17:17:00+00:00,2022-08-30 18:04:00+00:00,1476.09,1476.09,1493.80308,12254.499807330163,6127.249903665082,61.13164581586534,0.009977011999999997,1,48,take_profit
normal,2022-08-30 18:05:00+00:00,2022-08-30 19:03:00+00:00,1493.64,1493.64,1523.5128000000002,12315.631453146028,1847.3447179719042,33.180195426387854,0.017961020000000067,1,59,take_profit
normal,2022-08-30 19:04:00+00:00,2022-08-30 19:15:00+00:00,1523.95,1523.95,1554.429,12348.811648572417,1852.3217472858623,33.2695879494363,0.01796101999999999,1,12,take_profit
normal,2022-08-30 19:16:00+00:00,2022-08-31 01:36:00+00:00,1549.69,1549.69,1580.6838,12382.081236521852,1857.3121854782776,33.35922130961899,0.017961019999999966,1,381,take_profit
normal,2022-08-31 01:37:00+00:00,2022-08-31 03:24:00+00:00,1582.24,1582.2399999999998,1613.8847999999998,12415.440457831472,1862.3160686747206,33.449096155787856,0.017961019999999907,1,108,take_profit
normal,2022-08-31 03:25:00+00:00,2022-09-01 21:15:00+00:00,1610.89,1559.5877707006368,1590.7795261146496,12448.88955398726,4979.555821594904,89.43790170278135,0.01796101999999977,2,2511,take_profit
normal,2022-09-01 21:16:00+00:00,2022-09-02 12:37:00+00:00,1593.16,1593.16,1625.0232,12538.32745569004,1880.7491183535058,33.780172529729725,0.017961020000000022,1,922,take_profit
normal,2022-09-02 12:38:00+00:00,2022-09-05 15:20:00+00:00,1624.52,1572.7836942675158,1604.239368152866,12572.10762821977,5028.843051287908,90.32315062104408,0.01796102000000019,2,4483,take_profit
normal,2022-09-05 15:21:00+00:00,2022-09-06 00:20:00+00:00,1603.76,1603.7600000000002,1635.8352000000002,12662.430778840815,1899.364616826122,34.11452587010626,0.017961019999999973,1,540,take_profit
normal,2022-09-06 00:21:00+00:00,2022-09-06 00:53:00+00:00,1636.9,1636.9,1669.6380000000001,12696.545304710922,1904.4817957066382,34.206435622322715,0.017961019999999932,1,33,take_profit
normal,2022-09-06 00:54:00+00:00,2022-09-07 00:20:00+00:00,1668.0,1614.87898089172,1534.5600000000002,12730.751740333244,5092.300696133298,-262.94816813127727,-0.05163641815789471,2,1407,stop_loss
recovery,2022-09-07 00:21:00+00:00,2022-09-07 16:38:00+00:00,1536.37,1536.37,1554.8064399999998,12467.803572201967,6233.901786100983,62.195712926750275,0.009977011999999893,1,978,take_profit
normal,2022-09-07 16:39:00+00:00,2022-09-07 20:18:00+00:00,1557.75,1557.7500000000002,1588.9050000000002,12529.999285128717,1879.4998927693075,33.75773516402751,0.017961020000000064,1,220,take_profit
normal,2022-09-07 20:19:00+00:00,2022-09-07 20:21:00+00:00,1602.99,1602.99,1635.0498,12563.757020292745,1884.5635530439117,33.84868366749265,0.017961019999999942,1,3,take_profit
normal,2022-09-07 20:22:00+00:00,2022-09-08 20:12:00+00:00,1629.61,1629.61,1662.2022,12597.605703960238,1889.6408555940357,33.93987720014161,0.01796102000000001,1,1431,take_profit
normal,2022-09-08 20:13:00+00:00,2022-09-09 04:13:00+00:00,1660.69,1660.69,1693.9038,12631.545581160379,1894.7318371740566,34.0313164221202,0.01796102000000012,1,481,take_profit
normal,2022-09-09 04:14:00+00:00,2022-09-09 12:37:00+00:00,1690.56,1690.5600000000002,1724.3712000000003,12665.5768975825,1899.8365346373748,34.12300199535275,0.017961020000000088,1,504,take_profit
normal,2022-09-09 12:38:00+00:00,2022-09-10 21:49:00+00:00,1734.25,1734.25,1768.935,12699.699899577852,1904.9549849366776,34.21493458354735,0.01796101999999999,1,1992,take_profit
normal,2022-09-10 21:50:00+00:00,2022-09-13 12:25:00+00:00,1773.1,1716.6318471337581,1750.9644840764333,12733.9148341614,5093.56593366456,91.48563960586762,0.017961019999999956,2,3756,take_profit
normal,2022-09-13 12:26:00+00:00,2022-09-13 13:15:00+00:00,1748.12,1692.4473885350315,1608.2703999999999,12825.40047376727,5130.160189506908,-264.9030967623621,-0.05163641815789452,2,50,stop_loss
recovery,2022-09-13 13:16:00+00:00,2022-09-14 04:34:00+00:00,1614.33,1597.8572448979592,1617.0315318367348,12560.497377004907,9420.37303275368,93.98717479226252,0.009977012000000283,2,919,take_profit
normal,2022-09-14 04:35:00+00:00,2022-09-14 22:43:00+00:00,1613.6,1613.6,1645.8719999999998,12654.48455179717,1898.1726827695754,34.09311751867813,0.017961020000000067,1,1089,take_profit
normal,2022-09-14 22:44:00+00:00,2022-09-15 14:39:00+00:00,1646.38,1593.9475159235672,1514.6696000000002,12688.577669315848,5075.431067726339,-262.0770809446876,-0.05163641815789478,2,956,stop_loss
recovery,2022-09-15 14:40:00+00:00,2022-09-15 17:19:00+00:00,1516.26,1500.7879591836731,1518.7974146938773,12426.50058837116,9319.875441278371,92.98450911613872,0.009977011999999905,2,160,take_profit
normal,2022-09-15 17:20:00+00:00,2022-09-18 16:13:00+00:00,1518.5,1470.1401273885351,1397.02,12519.4850974873,5007.79403899492,-258.5845470461545,-0.05163641815789478,2,4254,stop_loss
recovery,2022-09-18 16:14:00+00:00,2022-09-19 14:42:00+00:00,1395.06,1355.1230477849135,1371.3845243583326,12260.900550441145,12260.900550441145,122.32715192255819,0.009977012000000023,3,1349,take_profit
normal,2022-09-19 14:43:00+00:00,2022-09-21 17:59:00+00:00,1370.45,1370.45,1397.8590000000002,12383.227702363703,1857.4841553545555,33.36231006400658,0.01796102000000016,1,3077,take_profit
normal,2022-09-21 18:00:00+00:00,2022-09-21 18:00:00+00:00,1399.43,1354.8621656050957,1381.9594089171976,12416.59001242771,4966.636004971084,89.20584861800671,0.017961020000000195,2,1,take_profit
normal,2022-09-21 18:01:00+00:00,2022-09-21 18:01:00+00:00,1327.13,1327.13,1353.6726,12505.795861045717,1875.8693791568576,33.69252743642369,0.017961019999999887,1,1,take_profit
normal,2022-09-21 18:02:00+00:00,2022-09-21 18:02:00+00:00,1351.81,1351.81,1378.8462,12539.48838848214,1880.9232582723207,33.783300260294254,0.017961019999999966,1,1,take_profit
normal,2022-09-21 18:03:00+00:00,2022-09-21 21:27:00+00:00,1366.71,1323.1842038216557,1257.3732,12573.271688742434,5029.308675496974,-259.69548581308936,-0.05163641815789472,2,205,stop_loss
recovery,2022-09-21 21:28:00+00:00,2022-09-22 06:17:00+00:00,1256.6,1256.6,1271.6791999999998,12313.576202929344,6156.788101464672,61.42634876977081,0.00997701200000009,1,530,take_profit
normal,2022-09-22 06:18:00+00:00,2022-09-22 08:46:00+00:00,1272.86,1272.86,1298.3172,12375.002551699115,1856.2503827548671,33.34015024966766,0.01796101999999991,1,149,take_profit
normal,2022-09-22 08:47:00+00:00,2022-09-22 19:41:00+00:00,1295.4,1295.4,1321.3080000000002,12408.342701948783,1861.2514052923173,33.42997371548381,0.017961020000000213,1,655,take_profit
normal,2022-09-22 19:42:00+00:00,2022-09-22 23:09:00+00:00,1322.29,1322.29,1348.7358,12441.772675664266,1866.2659013496398,33.52003917945876,0.01796101999999992,1,208,take_profit
normal,2022-09-22 23:10:00+00:00,2022-09-23 22:00:00+00:00,1346.32,1303.4435668789808,1329.5124382165604,12475.292714843725,4990.11708593749,89.62759278286467,0.01796101999999994,2,1371,take_profit
normal,2022-09-23 22:01:00+00:00,2022-09-27 01:20:00+00:00,1329.09,1329.09,1355.6717999999998,12564.920307626591,1884.7380461439886,33.85181774155308,0.017961019999999987,1,4520,take_profit
normal,2022-09-27 01:21:00+00:00,2022-09-27 03:16:00+00:00,1357.23,1357.23,1384.3746,12598.772125368145,1889.8158188052216,33.943019717877405,0.017961020000000234,1,116,take_profit
normal,2022-09-27 03:17:00+00:00,2022-09-28 02:33:00+00:00,1384.41,1340.3205095541402,1273.6572,12632.715145086022,5053.086058034409,-260.92326468049305,-0.05163641815789481,2,1397,stop_loss
recovery,2022-09-28 02:34:00+00:00,2022-09-28 04:31:00+00:00,1273.62,1273.62,1288.9034399999998,12371.79188040553,6185.895940202765,61.71675802615391,0.009977011999999943,1,118,take_profit
normal,2022-09-28 04:32:00+00:00,2022-09-28 13:44:00+00:00,1288.39,1288.39,1314.1578000000002,12433.508638431684,1865.0262957647524,33.497774598756905,0.017961020000000147,1,553,take_profit
normal,2022-09-28 13:45:00+00:00,2022-09-28 19:49:00+00:00,1313.79,1313.79,1340.0658,12467.006413030442,1870.0509619545662,33.58802272868547,0.017961020000000143,1,365,take_profit
normal,2022-09-28 19:50:00+00:00,2022-09-30 15:07:00+00:00,1343.06,1343.06,1369.9212,12500.594435759127,1875.089165363869,33.678514000884206,0.01796102000000024,1,2598,take_profit
normal,2022-09-30 15:08:00+00:00,2022-10-04 08:05:00+00:00,1372.11,1328.4122292993627,1354.98047388535,12534.272949760012,5013.7091799040045,90.05133085443958,0.017961020000000032,2,5338,take_profit
normal,2022-10-04 08:06:00+00:00,2022-10-06 02:02:00+00:00,1355.03,1355.03,1382.1306,12624.324280614452,1893.6486420921676,34.0118611335904,0.01796102000000007,1,2517,take_profit
normal,2022-10-06 02:03:00+00:00,2022-10-11 00:12:00+00:00,1381.17,1337.1836942675159,1270.6764,12658.336141748041,5063.334456699216,-261.4524552793973,-0.0516364181578947,2,7090,stop_loss
recovery,2022-10-11 00:13:00+00:00,2022-10-11 07:31:00+00:00,1268.17,1268.17,1283.38804,12396.883686468644,6198.441843234322,61.84192865125169,0.00997701200000012,1,439,take_profit
normal,2022-10-11 07:32:00+00:00,2022-10-13 16:41:00+00:00,1283.75,1242.8662420382166,1267.7235668789808,12458.725615119896,4983.490246047959,89.5085679790709,0.017961019999999717,2,3430,take_profit
normal,2022-10-13 16:42:00+00:00,2022-10-13 19:08:00+00:00,1267.6,1267.6,1292.952,12548.234183098968,1882.2351274648452,33.80686276909864,0.017961020000000005,1,147,take_profit
normal,2022-10-13 19:09:00+00:00,2022-10-14 01:34:00+00:00,1291.34,1291.34,1317.1668,12582.041045868067,1887.30615688021,33.89794362984867,0.017961020000000043,1,386,take_profit
normal,2022-10-14 01:35:00+00:00,2022-10-14 12:55:00+00:00,1315.81,1315.81,1342.1262,12615.938989497916,1892.3908484246872,33.98926987637287,0.017961020000000053,1,681,take_profit
normal,2022-10-14 12:56:00+00:00,2022-10-17 11:15:00+00:00,1340.46,1297.7701910828023,1323.7255949044584,12649.928259374288,5059.971303749715,90.88224578607424,0.017961019999999907,2,4220,take_profit
normal,2022-10-17 11:16:00+00:00,2022-10-21 19:49:00+00:00,1321.81,1279.7141401273884,1305.3084229299361,12740.810505160363,5096.3242020641455,91.5351809197573,0.01796101999999983,2,6274,take_profit
normal,2022-10-21 19:50:00+00:00,2022-10-23 17:58:00+00:00,1303.84,1303.84,1329.9168,12832.345686080122,1924.851852912018,34.572302627189856,0.017961020000000022,1,2769,take_profit
normal,2022-10-23 17:59:00+00:00,2022-10-23 22:01:00+00:00,1329.6,1329.6,1356.192,12866.917988707311,1930.0376983060967,34.66544570002998,0.01796102000000011,1,243,take_profit
normal,2022-10-23 22:02:00+00:00,2022-10-25 13:49:00+00:00,1353.08,1353.08,1380.1416,12901.583434407343,1935.2375151611013,34.75883971455869,0.01796101999999992,1,2388,take_profit
normal,2022-10-25 13:50:00+00:00,2022-10-25 15:50:00+00:00,1379.95,1379.95,1407.549,12936.342274121902,1940.4513411182852,34.85248534685252,0.01796102000000009,1,121,take_profit
normal,2022-10-25 15:51:00+00:00,2022-10-25 17:00:00+00:00,1407.56,1407.56,1435.7112,12971.194759468755,1945.6792139203133,34.94638327480675,0.01796101999999986,1,70,take_profit
normal,2022-10-25 17:01:00+00:00,2022-10-25 17:01:00+00:00,1477.73,1477.73,1507.2846,13006.141142743561,1950.921171411534,35.04053417814612,0.017961020000000064,1,1,take_profit
normal,2022-10-25 17:02:00+00:00,2022-10-25 18:29:00+00:00,1476.04,1476.04,1505.5608,13041.181676921708,1956.177251538256,35.13493873842367,0.01796102000000001,1,88,take_profit
normal,2022-10-25 18:30:00+00:00,2022-10-26 08:36:00+00:00,1504.89,1504.89,1534.9878,13076.316615660131,1961.4474923490195,35.229597639030544,0.017961019999999977,1,847,take_profit
normal,2022-10-26 08:37:00+00:00,2022-10-26 14:12:00+00:00,1531.86,1531.86,1562.4972,13111.546213299162,1966.7319319948742,35.32451156519846,0.017961019999999942,1,336,take_profit
normal,2022-10-26 14:13:00+00:00,2022-10-26 14:18:00+00:00,1561.44,1561.44,1592.6688000000001,13146.870724864359,1972.0306087296537,35.41968120400543,0.01796101999999997,1,6,take_profit
normal,2022-10-26 14:19:00+00:00,2022-10-28 16:56:00+00:00,1589.35,1538.7337579617833,1569.508433121019,13182.290406068363,5272.916162427346,94.7069526516807,0.01796101999999998,2,3038,take_profit
normal,2022-10-28 16:57:00+00:00,2022-10-29 05:27:00+00:00,1573.09,1573.09,1604.5518,13276.997358720044,1991.5496038080064,35.77026226498788,0.0179610200000001,1,751,take_profit
normal,2022-10-29 05:28:00+00:00,2022-10-29 08:22:00+00:00,1595.15,1595.15,1627.053,13312.767620985032,1996.9151431477549,35.86663282437962,0.017961019999999966,1,175,take_profit
normal,2022-10-29 08:23:00+00:00,2022-10-29 17:50:00+00:00,1626.91,1626.91,1659.4482,13348.634253809412,2002.2951380714117,35.963263020803424,0.01796102000000002,1,568,take_profit
normal,2022-10-29 17:51:00+00:00,2022-11-02 19:28:00+00:00,1656.82,1604.0550318471335,1524.2744,13384.597516830216,5353.839006732086,-276.4530697016653,-0.05163641815789464,2,5858,stop_loss
recovery,2022-11-02 19:29:00+00:00,2022-11-03 03:21:00+00:00,1531.99,1531.99,1550.37388,13108.14444712855,6554.072223564275,65.39005722336788,0.009977012000000065,1,473,take_profit
normal,2022-11-03 03:22:00+00:00,2022-11-04 06:32:00+00:00,1550.07,1550.07,1581.0714,13173.53450435192,1976.0301756527879,35.49151750550345,0.01796102000000011,1,1631,take_profit
normal,2022-11-04 06:33:00+00:00,2022-11-04 13:01:00+00:00,1583.2,1583.2,1614.864,13209.026021857422,1981.3539032786132,35.58713708386517,0.017961019999999966,1,389,take_profit
normal,2022-11-04 13:02:00+00:00,2022-11-04 14:17:00+00:00,1615.92,1615.92,1648.2384000000002,13244.613158941287,1986.691973841193,35.68301427600113,0.017961019999999994,1,76,take_profit
normal,2022-11-04 14:18:00+00:00,2022-11-04 14:23:00+00:00,1639.1,1639.1,1671.8819999999998,13280.296173217288,1992.044425982593,35.779149775961514,0.01796101999999982,1,6,take_profit
normal,2022-11-04 14:24:00+00:00,2022-11-08 02:58:00+00:00,1673.79,1620.484585987261,1539.8868,13316.07532299325,5326.430129197301,-275.03777344004084,-0.05163641815789469,2,5075,stop_loss
recovery,2022-11-08 02:59:00+00:00,2022-11-08 16:09:00+00:00,1542.23,1526.4929591836733,1544.8108746938774,13041.03754955321,9780.778162164908,97.5829410932547,0.009977011999999742,2,791,take_profit
normal,2022-11-08 16:10:00+00:00,2022-11-08 16:34:00+00:00,1543.14,1543.14,1574.0028000000002,13138.620490646466,1970.7930735969699,35.397453810736806,0.01796102000000008,1,25,take_profit
normal,2022-11-08 16:35:00+00:00,2022-11-08 17:59:00+00:00,1572.69,1522.6043312101915,1446.8748,13174.017944457204,5269.607177782882,-272.1036397598418,-0.051636418157895,2,85,stop_loss
recovery,2022-11-08 18:00:00+00:00,2022-11-08 18:01:00+00:00,1447.1,1447.0999999999997,1464.4651999999996,12901.914304697362,6450.957152348681,64.36127692046739,0.00997701199999981,1,2,take_profit
normal,2022-11-08 18:02:00+00:00,2022-11-08 18:21:00+00:00,1463.44,1416.8336305732485,1346.3648,12966.275581617829,5186.5102326471315,-267.81281115316597,-0.0516364181578945,2,20,stop_loss
recovery,2022-11-08 18:22:00+00:00,2022-11-08 18:22:00+00:00,1377.87,1377.87,1394.4044399999998,12698.462770464663,6349.231385232331,63.346357721238746,0.009977011999999867,1,1,take_profit
normal,2022-11-08 18:23:00+00:00,2022-11-08 19:29:00+00:00,1395.98,1351.5220382165608,1284.3016,12761.809128185901,5104.72365127436,-263.5896450376986,-0.05163641815789483,2,67,stop_loss
recovery,2022-11-08 19:30:00+00:00,2022-11-08 19:34:00+00:00,1281.69,1268.611530612245,1283.8348689795919,12498.219483148203,9373.664612361152,93.52116432150433,0.00997701200000019,2,5,take_profit
normal,2022-11-08 19:35:00+00:00,2022-11-08 19:45:00+00:00,1305.27,1305.27,1331.3754,12591.740647469707,1888.761097120456,33.9240758406022,0.017961019999999866,1,11,take_profit
normal,2022-11-08 19:46:00+00:00,2022-11-09 09:18:00+00:00,1333.65,1291.1770700636944,1226.958,12625.66472331031,5050.265889324124,-260.77764126969214,-0.051636418157894645,2,813,stop_loss
recovery,2022-11-09 09:19:00+00:00,2022-11-09 09:21:00+00:00,1226.82,1226.82,1241.5418399999999,12364.88708204062,6182.44354102031,61.68231339808244,0.009977012000000052,1,3,take_profit
normal,2022-11-09 09:22:00+00:00,2022-11-09 10:19:00+00:00,1241.59,1202.048917197452,1142.2628,12426.569395438702,4970.627758175481,-256.6654134283872,-0.05163641815789457,2,58,stop_loss
recovery,2022-11-09 10:20:00+00:00,2022-11-09 10:21:00+00:00,1142.72,1142.72,1156.43264,12169.903982010317,6084.951991005159,60.709639033681015,0.009977011999999778,1,2,take_profit
normal,2022-11-09 10:22:00+00:00,2022-11-09 10:30:00+00:00,1159.05,1159.05,1182.231,12230.613621043998,1834.5920431565996,32.95114437897655,0.01796102,1,9,take_profit
normal,2022-11-09 10:31:00+00:00,2022-11-09 10:38:00+00:00,1178.25,1178.25,1201.815,12263.564765422976,1839.5347148134463,33.03991980345859,0.01796101999999999,1,8,take_profit
normal,2022-11-09 10:39:00+00:00,2022-11-09 12:02:00+00:00,1202.52,1202.52,1226.5704,12296.604685226435,1844.4907027839652,33.12893440251696,0.017961020000000057,1,84,take_profit
normal,2022-11-09 12:03:00+00:00,2022-11-09 21:21:00+00:00,1228.28,1189.1628025477708,1130.0176000000001,12329.733619628953,4931.893447851581,-254.66531238344578,-0.0516364181578948,2,559,stop_loss
recovery,2022-11-09 21:22:00+00:00,2022-11-10 00:29:00+00:00,1133.99,1122.4186734693876,1135.8876975510202,12075.068307245507,9056.30123043413,90.35482605165635,0.00997701200000003,2,188,take_profit
normal,2022-11-10 00:30:00+00:00,2022-11-10 01:02:00+00:00,1139.96,1139.96,1162.7592,12165.423133297163,1824.8134699945745,32.775511230842085,0.017961020000000074,1,33,take_profit
normal,2022-11-10 01:03:00+00:00,2022-11-10 03:43:00+00:00,1161.02,1161.02,1184.2404,12198.198644528005,1829.7297966792007,32.86381347275096,0.01796101999999995,1,161,take_profit
normal,2022-11-10 03:44:00+00:00,2022-11-10 07:33:00+00:00,1179.73,1179.73,1203.3246000000001,12231.062458000755,1834.6593687001132,32.952353614410185,0.017961020000000043,1,230,take_profit
normal,2022-11-10 07:34:00+00:00,2022-11-10 08:53:00+00:00,1194.89,1194.89,1218.7878,12264.014811615165,1839.6022217422747,33.041132296757496,0.017961020000000036,1,80,take_profit
normal,2022-11-10 08:54:00+00:00,2022-11-10 13:30:00+00:00,1218.09,1218.09,1242.4518,12297.055943911922,1844.5583915867883,33.13015016245845,0.01796102000000017,1,277,take_profit
normal,2022-11-10 13:31:00+00:00,2022-11-10 13:34:00+00:00,1278.57,1278.57,1304.1414,12330.18609407438,1849.527914111157,33.21940785590891,0.017961020000000074,1,4,take_profit
normal,2022-11-10 13:35:00+00:00,2022-11-10 14:56:00+00:00,1300.58,1300.58,1326.5916,12363.40550193029,1854.5108252895434,33.30890602324234,0.01796102000000019,1,82,take_profit
normal,2022-11-10 14:57:00+00:00,2022-11-10 20:53:00+00:00,1326.02,1283.7900636942672,1309.4658649681526,12396.714407953532,4958.685763181413,89.0630541662158,0.017961019999999835,2,357,take_profit
normal,2022-11-10 20:54:00+00:00,2022-11-11 13:23:00+00:00,1322.96,1280.8275159235668,1306.4440662420382,12485.77746211975,4994.3109848479,89.70291948507293,0.01796102000000002,2,990,take_profit
normal,2022-11-11 13:24:00+00:00,2022-11-11 14:47:00+00:00,1305.08,1263.5169426751588,1288.787281528662,12575.480381604822,5030.192152641929,90.3473818574439,0.017961019999999835,2,84,take_profit
normal,2022-11-11 14:48:00+00:00,2022-11-14 01:48:00+00:00,1285.09,1244.1635668789809,1182.2828,12665.827763462268,5066.3311053849075,-261.60719148400403,-0.051636418157894715,2,3541,stop_loss
recovery,2022-11-14 01:49:00+00:00,2022-11-14 03:49:00+00:00,1183.18,1183.18,1197.37816,12404.220571978265,6202.1102859891325,61.87852874863711,0.009977012000000016,1,121,take_profit
normal,2022-11-14 03:50:00+00:00,2022-11-14 06:43:00+00:00,1197.98,1197.98,1221.9396,12466.099100726902,1869.9148651090352,33.58557829052074,0.017961020000000032,1,174,take_profit
normal,2022-11-14 06:44:00+00:00,2022-11-14 07:26:00+00:00,1221.07,1221.07,1245.4913999999999,12499.684679017424,1874.9527018526135,33.67606297702855,0.017961019999999852,1,43,take_profit
normal,2022-11-14 07:27:00+00:00,2022-11-14 08:04:00+00:00,1245.81,1245.81,1270.7262,12533.360741994453,1880.0041112991678,33.76679144312675,0.01796102000000009,1,38,take_profit
normal,2022-11-14 08:05:00+00:00,2022-11-20 11:34:00+00:00,1270.51,1230.047898089172,1168.8692,12567.12753343758,5026.851013375032,-259.56858094406925,-0.051636418157894576,2,8850,stop_loss
recovery,2022-11-20 11:35:00+00:00,2022-11-20 13:18:00+00:00,1164.87,1164.87,1178.84844,12307.55895249351,6153.779476246755,61.396331679868126,0.009977012000000087,1,104,take_profit
normal,2022-11-20 13:19:00+00:00,2022-11-21 19:34:00+00:00,1176.87,1139.3900636942674,1082.7204,12368.955284173378,4947.582113669351,-255.47541889195054,-0.05163641815789458,2,1816,stop_loss
recovery,2022-11-21 19:35:00+00:00,2022-11-21 20:08:00+00:00,1082.66,1082.66,1095.65192,12113.479865281428,6056.739932640714,60.42816698883507,0.009977011999999914,1,34,take_profit
normal,2022-11-21 20:09:00+00:00,2022-11-21 22:30:00+00:00,1099.07,1099.07,1121.0514,12173.908032270263,1826.0862048405395,32.79837084686528,0.01796102000000014,1,142,take_profit
normal,2022-11-21 22:31:00+00:00,2022-11-22 14:07:00+00:00,1116.82,1116.82,1139.1563999999998,12206.706403117129,1831.0059604675691,32.88673467607691,0.01796101999999983,1,937,take_profit
normal,2022-11-22 14:08:00+00:00,2022-11-23 02:27:00+00:00,1141.49,1141.49,1164.3198,12239.593137793205,1835.9389706689806,32.97533657096483,0.01796101999999992,1,740,take_profit
normal,2022-11-23 02:28:00+00:00,2022-11-23 19:03:00+00:00,1161.16,1161.16,1184.3832000000002,12272.56847436417,1840.8852711546256,33.064177172914015,0.017961020000000195,1,996,take_profit
normal,2022-11-23 19:04:00+00:00,2022-11-24 01:56:00+00:00,1181.75,1181.75,1205.385,12305.632651537084,1845.8448977305625,33.15325712503659,0.01796102,1,413,take_profit
normal,2022-11-24 01:57:00+00:00,2022-11-26 01:21:00+00:00,1203.86,1203.86,1227.9371999999998,12338.785908662121,1850.8178862993182,33.24257707217953,0.017961019999999866,1,2845,take_profit
normal,2022-11-26 01:22:00+00:00,2022-11-29 05:06:00+00:00,1223.3,1184.3414012738854,1208.0282292993631,12372.0284857343,4948.81139429372,88.88570042913852,0.01796102000000023,2,4545,take_profit
normal,2022-11-29 05:07:00+00:00,2022-11-30 00:39:00+00:00,1206.52,1206.52,1230.6504,12460.914186163438,1869.1371279245157,33.57160933739465,0.01796101999999993,1,1173,take_profit
normal,2022-11-30 00:40:00+00:00,2022-11-30 00:40:00+00:00,1233.08,1233.08,1257.7415999999998,12494.485795500832,1874.1728693251248,33.662056389405734,0.017961019999999883,1,1,take_profit
normal,2022-11-30 00:41:00+00:00,2022-11-30 19:04:00+00:00,1262.08,1262.08,1287.3216,12528.147851890239,1879.2221777835357,33.75274711961379,0.017961020000000077,1,1104,take_profit
normal,2022-11-30 19:05:00+00:00,2022-12-08 18:36:00+00:00,1288.12,1247.0970700636942,1272.039011464968,12561.900599009854,5024.760239603942,90.24981915873013,0.01796101999999979,2,11492,take_profit
normal,2022-12-08 18:37:00+00:00,2022-12-09 12:41:00+00:00,1271.0,1271.0,1296.42,12652.150418168585,1897.8225627252878,34.0868290055605,0.01796102000000019,1,1085,take_profit
normal,2022-12-09 12:42:00+00:00,2022-12-13 13:30:00+00:00,1290.15,1290.15,1315.9530000000002,12686.237247174147,1902.935587076122,34.17866413818592,0.017961019999999977,1,5809,take_profit
normal,2022-12-13 13:31:00+00:00,2022-12-16 09:00:00+00:00,1341.77,1299.0384713375793,1234.4284,12720.415911312335,5088.166364524934,-262.7346860555426,-0.05163641815789436,2,4050,stop_loss
recovery,2022-12-16 09:01:00+00:00,2022-12-20 14:58:00+00:00,1219.93,1207.4817346938776,1221.9715155102042,12457.68122525679,9343.260918942593,93.217826307422,0.009977012000000077,2,6118,take_profit
normal,2022-12-20 14:59:00+00:00,2023-01-04 03:07:00+00:00,1221.8,1221.8,1246.2359999999999,12550.899051564213,1882.6348577346319,33.814042332468944,0.017961020000000036,1,20889,take_profit
normal,2023-01-04 03:08:00+00:00,2023-01-08 16:02:00+00:00,1251.98,1251.98,1277.0196,12584.71309389668,1887.706964084502,33.90514253606102,0.017961019999999998,1,6535,take_profit
normal,2023-01-08 16:03:00+00:00,2023-01-09 02:14:00+00:00,1274.74,1274.74,1300.2348,12618.618236432741,1892.7927354649112,33.996488177540186,0.01796102000000011,1,612,take_profit
normal,2023-01-09 02:15:00+00:00,2023-01-09 09:37:00+00:00,1298.33,1298.33,1324.2966,12652.614724610281,1897.892208691542,34.0880799181532,0.017961020000000126,1,443,take_profit
normal,2023-01-09 09:38:00+00:00,2023-01-10 20:23:00+00:00,1319.66,1319.66,1346.0532,12686.702804528433,1903.005420679265,34.17991842092874,0.01796102000000003,1,2086,take_profit
normal,2023-01-10 20:24:00+00:00,2023-01-11 23:27:00+00:00,1344.36,1344.36,1371.2472,12720.882722949362,1908.132408442404,34.27200435068221,0.01796102000000001,1,1624,take_profit
normal,2023-01-11 23:28:00+00:00,2023-01-12 00:54:00+00:00,1371.68,1371.68,1399.1136000000001,12755.154727300043,1913.2732090950065,34.36433837401978,0.0179610200000001,1,87,take_profit
normal,2023-01-12 00:55:00+00:00,2023-01-12 17:39:00+00:00,1401.95,1401.95,1429.989,12789.519065674063,1918.4278598511094,34.45692115934298,0.017961020000000005,1,1005,take_profit
normal,2023-01-12 17:40:00+00:00,2023-01-13 21:57:00+00:00,1431.46,1431.46,1460.0892000000001,12823.975986833406,1923.5963980250108,34.54975337685505,0.017961019999999932,1,1698,take_profit
normal,2023-01-13 21:58:00+00:00,2023-01-14 00:37:00+00:00,1456.26,1456.26,1485.3852,12858.525740210262,1928.7788610315392,34.64283569856457,0.017961019999999932,1,160,take_profit
normal,2023-01-14 00:38:00+00:00,2023-01-14 00:38:00+00:00,1499.03,1499.03,1529.0106,12893.168575908825,1933.9752863863237,34.736168798290464,0.017961019999999987,1,1,take_profit
normal,2023-01-14 00:39:00+00:00,2023-01-14 00:40:00+00:00,1540.52,1540.52,1571.3304,12927.904744707115,1939.1857117060672,34.829753351666795,0.017961019999999942,1,2,take_profit
normal,2023-01-14 00:41:00+00:00,2023-01-16 19:36:00+00:00,1571.72,1571.72,1603.1544000000001,12962.734498058782,1944.4101747088173,34.92359003614865,0.017961020000000046,1,4016,take_profit
normal,2023-01-16 19:37:00+00:00,2023-01-20 16:31:00+00:00,1594.51,1543.7294267515922,1574.604015286624,12997.658088094931,5199.063235237973,93.38047874937365,0.017961019999999946,2,5575,take_profit
normal,2023-01-20 16:32:00+00:00,2023-01-20 20:01:00+00:00,1574.82,1574.82,1606.3164,13091.038566844305,1963.6557850266456,35.269260827979,0.017961019999999855,1,210,take_profit
normal,2023-01-20 20:02:00+00:00,2023-01-20 20:19:00+00:00,1606.19,1606.19,1638.3138000000001,13126.307827672284,1968.9461741508426,35.36428161284698,0.01796102000000011,1,18,take_profit
normal,2023-01-20 20:20:00+00:00,2023-01-20 22:20:00+00:00,1636.13,1636.13,1668.8526000000002,13161.672109285131,1974.2508163927696,35.45955839824683,0.01796101999999998,1,121,take_profit
normal,2023-01-20 22:21:00+00:00,2023-01-25 01:25:00+00:00,1657.36,1604.5778343949046,1524.7712,13197.13166768338,5278.852667073352,-272.5810437109176,-0.051636418157894756,2,5945,stop_loss
recovery,2023-01-25 01:26:00+00:00,2023-01-25 02:04:00+00:00,1518.47,1518.47,1536.69164,12924.550623972462,6462.275311986231,64.47419833498952,0.009977011999999869,1,39,take_profit
normal,2023-01-25 02:05:00+00:00,2023-01-25 20:02:00+00:00,1536.94,1536.94,1567.6788000000001,12989.024822307452,1948.3537233461177,34.99442019209414,0.017961020000000025,1,1078,take_profit
normal,2023-01-25 20:03:00+00:00,2023-01-25 21:35:00+00:00,1570.54,1570.54,1601.9508,13024.019242499548,1953.602886374932,35.0887005142381,0.017961020000000112,1,93,take_profit
normal,2023-01-25 21:36:00+00:00,2023-01-25 22:06:00+00:00,1602.03,1602.03,1634.0706,13059.107943013785,1958.8661914520676,35.18323484199436,0.017961019999999973,1,31,take_profit
normal,2023-01-25 22:07:00+00:00,2023-01-27 20:01:00+00:00,1637.06,1584.9243312101908,1616.6228178343947,13094.29117785578,5237.716471142312,94.0747302925156,0.01796101999999983,2,2755,take_profit
normal,2023-01-27 20:02:00+00:00,2023-01-29 19:14:00+00:00,1614.92,1614.92,1647.2184000000002,13188.365908148295,1978.254886222244,35.53147557653574,0.017961020000000147,1,2833,take_profit
normal,2023-01-29 19:15:00+00:00,2023-02-01 19:53:00+00:00,1646.98,1594.5284076433122,1626.4189757961785,13223.89738372483,5289.558953489932,95.00587415481277,0.017961020000000195,2,4359,take_profit
normal,2023-02-01 19:54:00+00:00,2023-02-02 00:36:00+00:00,1625.79,1625.7899999999997,1658.3057999999999,13318.903257879643,1997.8354886819463,35.88316316892633,0.01796102000000006,1,283,take_profit
normal,2023-02-02 00:37:00+00:00,2023-02-02 00:41:00+00:00,1657.06,1657.0599999999997,1690.2011999999997,13354.78642104857,2003.2179631572853,35.97983790062722,0.017961019999999977,1,5,take_profit
normal,2023-02-02 00:42:00+00:00,2023-02-09 21:30:00+00:00,1687.3,1633.5643312101913,1552.316,13390.766258949197,5356.306503579679,-276.5804824006909,-0.051636418157894645,2,11329,stop_loss
recovery,2023-02-09 21:31:00+00:00,2023-02-11 22:40:00+00:00,1538.61,1522.9098979591836,1541.1848167346939,13114.185776548507,9835.639332411381,98.13029164714135,0.009977012000000103,2,2950,take_profit
normal,2023-02-11 22:41:00+00:00,2023-02-14 13:29:00+00:00,1541.31,1492.2236942675158,1522.0681681528663,13212.31606819565,5284.92642727826,94.92266925887361,0.017961020000000043,2,3769,take_profit
normal,2023-02-14 13:30:00+00:00,2023-02-14 14:50:00+00:00,1516.01,1516.01,1546.3302,13307.238737454525,1996.0858106181786,35.85173716622944,0.01796102000000006,1,81,take_profit
normal,2023-02-14 14:51:00+00:00,2023-02-15 11:40:00+00:00,1547.39,1547.39,1578.3378000000002,13343.090474620754,2001.463571193113,35.94832723147124,0.017961020000000157,1,1250,take_profit
normal,2023-02-15 11:41:00+00:00,2023-02-15 19:14:00+00:00,1575.66,1575.66,1607.1732000000002,13379.038801852224,2006.8558202778336,36.045177525126746,0.017961020000000084,1,454,take_profit
normal,2023-02-15 19:15:00+00:00,2023-02-15 20:09:00+00:00,1606.35,1606.35,1638.4769999999999,13415.083979377352,2012.2625969066028,36.14228874829155,0.01796102000000006,1,55,take_profit
normal,2023-02-15 20:10:00+00:00,2023-02-15 20:32:00+00:00,1633.66,1633.6599999999999,1666.3331999999998,13451.226268125643,2017.6839402188464,36.239661603949344,0.01796101999999992,1,23,take_profit
normal,2023-02-15 20:33:00+00:00,2023-02-16 00:12:00+00:00,1660.3,1660.3,1693.506,13487.465929729591,2023.1198894594386,36.337296796978535,0.017961019999999887,1,220,take_profit
normal,2023-02-16 00:13:00+00:00,2023-02-16 15:50:00+00:00,1692.09,1692.09,1725.9317999999998,13523.80322652657,2028.5704839789855,36.435195034156095,0.01796101999999993,1,938,take_profit
normal,2023-02-16 15:51:00+00:00,2023-02-17 17:10:00+00:00,1720.62,1665.8231847133754,1699.1396484076429,13560.238421560727,5424.095368624291,97.42228539776806,0.017961019999999963,2,1520,take_profit
normal,2023-02-17 17:11:00+00:00,2023-02-23 03:01:00+00:00,1698.23,1644.1462420382163,1677.0291668789807,13657.660706958495,5463.064282783398,98.12220684435852,0.017961020000000046,2,7791,take_profit
normal,2023-02-23 03:02:00+00:00,2023-02-27 13:31:00+00:00,1677.6,1624.173248407643,1656.656713375796,13755.782913802854,5502.313165521142,98.82715681218906,0.017961020000000095,2,6390,take_profit
normal,2023-02-27 13:32:00+00:00,2023-03-08 23:09:00+00:00,1659.99,1607.1240764331212,1527.1908,13854.610070615043,5541.844028246017,-286.1609756083435,-0.051636418157894805,2,13538,stop_loss
recovery,2023-03-08 23:10:00+00:00,2023-03-12 17:26:00+00:00,1530.9,1487.0743006422117,1504.9191922499183,13568.449095006697,13568.449095006697,135.37257944227167,0.009977012000000052,3,5417,take_profit
normal,2023-03-12 17:27:00+00:00,2023-03-12 18:38:00+00:00,1511.65,1511.65,1541.883,13703.82167444897,2055.5732511673455,36.92019227568153,0.01796101999999991,1,72,take_profit
normal,2023-03-12 18:39:00+00:00,2023-03-12 22:18:00+00:00,1539.38,1539.38,1570.1676000000002,13740.741866724651,2061.1112800086976,37.01966092246175,0.01796101999999997,1,220,take_profit
normal,2023-03-12 22:19:00+00:00,2023-03-13 00:41:00+00:00,1574.4,1574.4,1605.8880000000001,13777.761527647113,2066.664229147067,37.119397552995,0.017961019999999973,1,143,take_profit
normal,2023-03-13 00:42:00+00:00,2023-03-13 14:22:00+00:00,1607.58,1607.58,1639.7315999999998,13814.880925200108,2072.232138780016,37.219402889269986,0.017961019999999682,1,821,take_profit
normal,2023-03-13 14:23:00+00:00,2023-03-13 15:07:00+00:00,1635.35,1635.35,1668.057,13852.100328089378,2077.815049213407,37.31967765522313,0.01796102000000007,1,45,take_profit
normal,2023-03-13 15:08:00+00:00,2023-03-14 12:30:00+00:00,1669.15,1669.15,1702.5330000000001,13889.420005744601,2083.4130008616903,37.42022257673716,0.017961020000000154,1,1283,take_profit
normal,2023-03-14 12:31:00+00:00,2023-03-14 12:54:00+00:00,1700.75,1700.75,1734.765,13926.840228321338,2089.0260342482006,37.52103838165294,0.017961020000000157,1,24,take_profit
normal,2023-03-14 12:55:00+00:00,2023-03-14 14:55:00+00:00,1739.98,1739.98,1774.7796,13964.36126670299,2094.6541900054485,37.622125799771766,0.01796102000000005,1,121,take_profit
normal,2023-03-14 14:56:00+00:00,2023-03-15 14:43:00+00:00,1771.52,1715.1021656050955,1629.7984000000001,14001.983392502761,5600.793357001105,-289.20490779806823,-0.05163641815789477,2,1428,stop_loss
recovery,2023-03-15 14:44:00+00:00,2023-03-15 22:03:00+00:00,1637.66,1637.6600000000003,1657.3119200000003,13712.778484704693,6856.389242352347,68.40627774762015,0.009977011999999983,1,440,take_profit
normal,2023-03-15 22:04:00+00:00,2023-03-16 19:24:00+00:00,1658.08,1658.08,1691.2416,13781.184762452314,2067.177714367847,37.12862027131541,0.01796102000000011,1,1281,take_profit
normal,2023-03-16 19:25:00+00:00,2023-03-17 02:23:00+00:00,1688.62,1688.62,1722.3924,13818.31338272363,2072.7470074085445,37.22865045500521,0.01796102000000009,1,419,take_profit
normal,2023-03-17 02:24:00+00:00,2023-03-17 11:56:00+00:00,1724.71,1724.71,1759.2042000000001,13855.542033178635,2078.3313049767953,37.328950135314244,0.017961019999999963,1,573,take_profit
normal,2023-03-17 11:57:00+00:00,2023-03-17 23:08:00+00:00,1761.46,1761.46,1796.6892,13892.870983313951,2083.9306474970927,37.429520038308056,0.017961019999999914,1,672,take_profit
normal,2023-03-17 23:09:00+00:00,2023-03-18 12:47:00+00:00,1796.25,1796.25,1832.175,13930.300503352259,2089.5450755028387,37.53036089200805,0.017961020000000025,1,819,take_profit
normal,2023-03-18 12:48:00+00:00,2023-03-21 13:00:00+00:00,1834.47,1776.0473885350318,1811.5683363057324,13967.830864244268,5587.132345697707,100.35059580372217,0.017961019999999776,2,4333,take_profit
normal,2023-03-21 13:01:00+00:00,2023-03-23 14:58:00+00:00,1811.25,1753.5668789808915,1788.6382165605094,14068.181460047988,5627.272584019195,101.07155542701912,0.017961019999999765,2,2998,take_profit
normal,2023-03-23 14:59:00+00:00,2023-03-23 15:06:00+00:00,1786.63,1786.63,1822.3626000000002,14169.253015475006,2125.387952321251,38.17413551940126,0.01796102000000011,1,8,take_profit
normal,2023-03-23 15:07:00+00:00,2023-03-23 15:16:00+00:00,1817.02,1817.0200000000002,1853.3604000000003,14207.427150994406,2131.114072649161,38.27698248113302,0.017961019999999994,1,10,take_profit
normal,2023-03-23 15:17:00+00:00,2023-03-27 15:01:00+00:00,1851.02,1792.0703184713375,1702.9384,14245.70413347554,5698.281653390215,-294.2388542359158,-0.05163641815789454,2,5665,stop_loss
recovery,2023-03-27 15:02:00+00:00,2023-03-27 16:17:00+00:00,1710.22,1710.2199999999998,1730.7426399999997,13951.465279239623,6975.732639619811,69.59696825427818,0.00997701199999995,1,76,take_profit
normal,2023-03-27 16:18:00+00:00,2023-03-28 18:45:00+00:00,1730.24,1730.24,1764.8448,14021.062247493901,2103.159337124085,37.77488691727285,0.0179610200000002,1,1588,take_profit
normal,2023-03-28 18:46:00+00:00,2023-03-29 06:27:00+00:00,1766.72,1766.7199999999998,1802.0543999999998,14058.837134411173,2108.825570161676,37.87665824218493,0.01796101999999984,1,702,take_profit
normal,2023-03-29 06:28:00+00:00,2023-03-31 14:23:00+00:00,1803.93,1803.9299999999998,1840.0086,14096.713792653358,2114.5070688980036,37.97870375461798,0.017961019999999793,1,3356,take_profit
normal,2023-03-31 14:24:00+00:00,2023-04-04 13:09:00+00:00,1840.51,1840.51,1877.3202,14134.692496407977,2120.2038744611964,38.08102419327497,0.01796101999999997,1,5686,take_profit
normal,2023-04-04 13:10:00+00:00,2023-04-05 01:33:00+00:00,1884.07,1884.0699999999997,1921.7513999999996,14172.773520601251,2125.9160280901874,38.18362029884793,0.01796101999999977,1,744,take_profit
normal,2023-04-05 01:34:00+00:00,2023-04-10 17:05:00+00:00,1920.51,1859.347261146497,1896.534206369427,14210.9571409001,5684.38285636004,102.09731417073999,0.017961020000000032,2,8132,take_profit
normal,2023-04-10 17:06:00+00:00,2023-04-11 02:09:00+00:00,1894.7,1894.7,1932.594,14313.05445507084,2146.958168260626,38.561558599292766,0.01796102000000014,1,544,take_profit
normal,2023-04-11 02:10:00+00:00,2023-04-13 08:54:00+00:00,1933.73,1933.73,1972.4046,14351.616013670133,2152.74240205052,38.66544933807745,0.017961020000000008,1,3285,take_profit
normal,2023-04-13 08:55:00+00:00,2023-04-13 17:07:00+00:00,1972.54,1972.54,2011.9908,14390.28146300821,2158.5422194512316,38.769619974408215,0.01796102000000012,1,493,take_profit
normal,2023-04-13 17:08:00+00:00,2023-04-14 00:36:00+00:00,2011.96,2011.96,2052.1992,14429.051082982618,2164.3576624473926,38.87407126237122,0.01796102000000016,1,449,take_profit
normal,2023-04-14 00:37:00+00:00,2023-04-16 19:00:00+00:00,2088.06,2088.06,2129.8212,14467.92515424499,2170.1887731367483,38.97880395808443,0.01796101999999992,1,3984,take_profit
normal,2023-04-16 19:01:00+00:00,2023-04-19 21:22:00+00:00,2127.29,2059.5419108280253,1957.1068,14506.903958203075,5802.76158328123,-299.63382358487706,-0.05163641815789476,2,4462,stop_loss
recovery,2023-04-19 21:23:00+00:00,2023-04-20 13:54:00+00:00,1953.94,1953.94,1977.3872800000001,14207.270134618197,7103.635067309098,70.87305231016398,0.009977012000000042,1,992,take_profit
normal,2023-04-20 13:55:00+00:00,2023-04-24 16:50:00+00:00,1976.27,1913.3314649681529,1818.1684,14278.14318692836,5711.257274771344,-294.9088688474112,-0.0516364181578947,2,5936,stop_loss
recovery,2023-04-24 16:51:00+00:00,2023-04-24 18:18:00+00:00,1821.61,1821.61,1843.46932,13983.234318080948,6991.617159040474,69.75544829515366,0.009977012000000134,1,88,take_profit
normal,2023-04-24 18:19:00+00:00,2023-04-25 22:02:00+00:00,1840.34,1840.3400000000001,1877.1468000000002,14052.9897663761,2107.948464956415,37.86090453805218,0.017961020000000338,1,1664,take_profit
normal,2023-04-25 22:03:00+00:00,2023-04-26 10:41:00+00:00,1876.69,1876.69,1914.2238,14090.850670914153,2113.6276006371227,37.9629076075953,0.017961019999999963,1,759,take_profit
normal,2023-04-26 10:42:00+00:00,2023-04-26 12:32:00+00:00,1913.79,1913.7900000000002,1952.0658000000003,14128.81357852175,2119.3220367782624,38.06518548901522,0.017961020000000053,1,111,take_profit
normal,2023-04-26 12:33:00+00:00,2023-04-26 20:01:00+00:00,1949.82,1887.723821656051,1793.8344,14166.878764010764,5666.751505604305,-292.6107503402636,-0.05163641815789476,2,449,stop_loss
recovery,2023-04-26 20:02:00+00:00,2023-04-26 20:10:00+00:00,1791.88,1791.88,1813.3825600000002,13874.2680136705,6937.13400683525,69.21186923180358,0.00997701200000003,1,9,take_profit
normal,2023-04-26 20:11:00+00:00,2023-04-26 20:42:00+00:00,1810.88,1810.88,1847.0976,13943.479882902304,2091.5219824353453,37.56586815696028,0.01796101999999971,1,32,take_profit
normal,2023-04-26 20:43:00+00:00,2023-04-27 00:18:00+00:00,1849.34,1849.34,1886.3268,13981.045751059264,2097.1568626588896,37.66707635335388,0.017961020000000147,1,216,take_profit
normal,2023-04-27 00:19:00+00:00,2023-04-27 00:24:00+00:00,1889.35,1889.35,1927.137,14018.712827412619,2102.806924111893,37.76855722011214,0.017961019999999977,1,6,take_profit
normal,2023-04-27 00:25:00+00:00,2023-05-03 21:21:00+00:00,1922.32,1861.0996178343946,1898.3216101910825,14056.48138463273,5622.592553853092,100.98749731160751,0.01796102000000019,2,9897,take_profit
normal,2023-05-03 21:22:00+00:00,2023-05-05 13:43:00+00:00,1895.69,1895.69,1933.6038,14157.468881944338,2123.620332291651,38.14238726069698,0.017961019999999998,1,2422,take_profit
normal,2023-05-05 13:44:00+00:00,2023-05-05 16:02:00+00:00,1931.02,1931.02,1969.6404,14195.611269205036,2129.341690380755,38.245148687762594,0.01796102000000002,1,139,take_profit
normal,2023-05-05 16:03:00+00:00,2023-05-08 18:00:00+00:00,1983.31,1920.1472611464965,1824.6452,14233.856417892797,5693.542567157119,-293.99414479749885,-0.0516364181578948,2,4438,stop_loss
recovery,2023-05-08 18:01:00+00:00,2023-05-08 21:48:00+00:00,1825.94,1825.94,1847.85128,13939.8622730953,6969.93113654765,69.53908658851014,0.009977012000000087,1,228,take_profit
normal,2023-05-08 21:49:00+00:00,2023-05-10 13:01:00+00:00,1848.09,1848.09,1885.0518,14009.401359683809,2101.410203952571,37.74347070139629,0.01796102000000004,1,2353,take_profit
normal,2023-05-10 13:02:00+00:00,2023-05-10 19:04:00+00:00,1885.13,1825.0940127388533,1861.5958929936303,14047.144830385205,5618.857932154082,100.92041969657839,0.01796102000000005,2,363,take_profit
normal,2023-05-10 19:05:00+00:00,2023-05-15 16:15:00+00:00,1860.02,1800.7836942675162,1836.7993681528667,14148.065250081783,5659.226100032713,101.6454731672111,0.017961020000000272,2,7031,take_profit
normal,2023-05-15 16:16:00+00:00,2023-05-28 22:00:00+00:00,1836.02,1836.0200000000002,1872.7404000000001,14249.710723248994,2137.456608487349,38.39090089417368,0.017961020000000112,1,19065,take_profit
normal,2023-05-28 22:01:00+00:00,2023-05-28 22:02:00+00:00,1874.15,1874.1499999999999,1911.6329999999998,14288.101624143168,2143.215243621475,38.49433185499038,0.017961020000000088,1,2,take_profit
normal,2023-05-28 22:03:00+00:00,2023-06-06 17:27:00+00:00,1904.77,1844.1085350318467,1880.9907057324838,14326.595955998158,5730.638382399264,102.92811059904034,0.017961019999999914,2,12685,take_profit
normal,2023-06-06 17:28:00+00:00,2023-06-10 07:09:00+00:00,1880.12,1820.243566878981,1729.7104,14429.524066597198,5771.809626638878,-298.03557540888687,-0.05163641815789464,2,5142,stop_loss
recovery,2023-06-10 07:10:00+00:00,2023-06-10 17:23:00+00:00,1732.27,1732.27,1753.05724,14131.488491188311,7065.7442455941555,70.49501512722418,0.009977012000000049,1,614,take_profit
normal,2023-06-10 17:24:00+00:00,2023-06-17 05:41:00+00:00,1751.99,1696.1941401273884,1730.1180229299362,14201.983506315535,5680.793402526214,102.03284391864145,0.01796102000000001,2,9378,take_profit
normal,2023-06-17 05:42:00+00:00,2023-06-20 23:30:00+00:00,1757.16,1757.16,1792.3032,14304.016350234178,2145.6024525351268,38.53720856203245,0.017961019999999994,1,5389,take_profit
normal,2023-06-20 23:31:00+00:00,2023-06-21 01:11:00+00:00,1787.21,1787.21,1822.9542000000001,14342.55355879621,2151.383033819431,38.64103369809118,0.01796101999999986,1,101,take_profit
normal,2023-06-21 01:12:00+00:00,2023-06-21 16:07:00+00:00,1821.67,1821.67,1858.1034000000002,14381.194592494301,2157.179188874145,38.74513855495252,0.017961020000000102,1,896,take_profit
normal,2023-06-21 16:08:00+00:00,2023-06-21 16:30:00+00:00,1861.98,1861.98,1899.2196000000001,14419.939731049253,2162.990959657388,38.8495238862256,0.01796102000000003,1,23,take_profit
normal,2023-06-21 16:31:00+00:00,2023-06-22 02:34:00+00:00,1890.81,1890.81,1928.6262,14458.789254935478,2168.818388240322,38.954190447552264,0.017961020000000036,1,604,take_profit
normal,2023-06-22 02:35:00+00:00,2023-06-30 04:47:00+00:00,1927.62,1866.2308280254774,1903.555444585987,14497.74344538303,5799.097378153212,104.15770399095709,0.017961019999999946,2,11653,take_profit
normal,2023-06-30 04:48:00+00:00,2023-06-30 17:41:00+00:00,1904.79,1904.7900000000002,1942.8858000000002,14601.901149373987,2190.285172406098,39.339755787289505,0.01796102000000006,1,774,take_profit
normal,2023-06-30 17:42:00+00:00,2023-07-13 15:35:00+00:00,1943.04,1881.1597452229298,1918.7829401273884,14641.240905161276,5856.49636206451,105.18864828896767,0.01796101999999996,2,18594,take_profit
normal,2023-07-13 15:36:00+00:00,2023-07-13 16:25:00+00:00,1921.2,1921.2000000000003,1959.6240000000003,14746.429553450243,2211.9644330175365,39.72913742071705,0.01796102000000019,1,50,take_profit
normal,2023-07-13 16:26:00+00:00,2023-07-13 18:06:00+00:00,1959.98,1959.98,1999.1796000000002,14786.158690870961,2217.923803630644,39.8361737954865,0.017961020000000192,1,101,take_profit
normal,2023-07-13 18:07:00+00:00,2023-07-24 09:50:00+00:00,2000.0,1936.3057324840765,1840.0,14825.994864666447,5930.397945866578,-306.22450817548633,-0.05163641815789469,2,15344,stop_loss
recovery,2023-07-24 09:51:00+00:00,2023-07-25 09:39:00+00:00,1839.29,1839.29,1861.36148,14519.77035649096,7259.88517824548,72.43196154197722,0.009977011999999988,1,1429,take_profit
normal,2023-07-25 09:40:00+00:00,2023-08-17 20:54:00+00:00,1862.18,1802.8749044585988,1713.2056000000002,14592.202318032938,5836.880927213175,-301.3956242954191,-0.05163641815789461,2,33795,stop_loss
recovery,2023-08-17 20:55:00+00:00,2023-08-17 22:56:00+00:00,1712.85,1663.8155437030587,1683.7813302274953,14290.806693737517,14290.806693737517,142.57954987309859,0.009977011999999934,3,122,take_profit
normal,2023-08-17 22:57:00+00:00,2023-08-17 23:07:00+00:00,1681.9,1681.9,1715.538,14433.386243610616,2165.0079365415922,38.88575084838203,0.01796101999999989,1,11,take_profit
normal,2023-08-17 23:08:00+00:00,2023-08-23 17:11:00+00:00,1709.11,1654.6797452229296,1687.773340127388,14472.271994458997,5788.908797783599,103.97470669516679,0.017961019999999932,2,8284,take_profit
normal,2023-08-23 17:12:00+00:00,2023-08-29 14:35:00+00:00,1687.18,1687.18,1720.9236,14576.246701154163,2186.4370051731244,39.27063877865476,0.017961020000000077,1,8484,take_profit
normal,2023-08-29 14:36:00+00:00,2023-09-11 10:21:00+00:00,1718.58,1663.8481528662421,1581.0936,14615.517339932818,5846.206935973127,-301.8771859834924,-0.051636418157894645,2,18466,stop_loss
recovery,2023-09-11 10:22:00+00:00,2023-09-12 03:22:00+00:00,1582.63,1566.4807142857144,1585.278482857143,14313.640153949325,10735.230115461995,107.10551968472464,0.009977011999999902,2,1021,take_profit
normal,2023-09-12 03:23:00+00:00,2023-09-12 10:22:00+00:00,1585.79,1585.7899999999997,1617.5057999999997,14420.74567363405,2163.1118510451074,38.85169521885837,0.01796102000000008,1,420,take_profit
normal,2023-09-12 10:23:00+00:00,2023-09-15 22:44:00+00:00,1617.28,1617.28,1649.6256,14459.597368852908,2168.939605327936,38.95636763008724,0.017961020000000036,1,5062,take_profit
normal,2023-09-15 22:45:00+00:00,2023-09-27 11:32:00+00:00,1647.35,1594.8866242038216,1626.784356687898,14498.553736482996,5799.421494593198,104.16352545281916,0.017961020000000143,2,16608,take_profit
normal,2023-09-27 11:33:00+00:00,2023-09-28 16:01:00+00:00,1626.8,1626.7999999999997,1659.3359999999998,14602.717261935815,2190.407589290372,39.341954519396495,0.017961020000000154,1,1709,take_profit
normal,2023-09-28 16:02:00+00:00,2023-09-30 15:46:00+00:00,1660.41,1660.4099999999999,1693.6182,14642.05921645521,2196.3088824682814,39.4479477641903,0.017961019999999932,1,2865,take_profit
normal,2023-09-30 15:47:00+00:00,2023-10-01 22:17:00+00:00,1690.98,1690.9800000000002,1724.7996000000003,14681.507164219402,2202.2260746329102,39.554226571003255,0.01796102000000003,1,1831,take_profit
normal,2023-10-01 22:18:00+00:00,2023-10-05 15:37:00+00:00,1749.65,1693.9286624203824,1609.678,14721.061390790404,5888.424556316162,-304.0571526811582,-0.051636418157894916,2,5360,stop_loss
recovery,2023-10-05 15:38:00+00:00,2023-10-06 08:10:00+00:00,1614.74,1614.74,1634.11688,14417.004238109246,7208.502119054623,71.91931214383385,0.009977012000000061,1,993,take_profit
normal,2023-10-06 08:11:00+00:00,2023-10-16 13:28:00+00:00,1634.37,1582.32,1613.9664,14488.92355025308,5795.569420101232,104.09433826582699,0.017961020000000064,2,14718,take_profit
normal,2023-10-16 13:29:00+00:00,2023-10-21 18:01:00+00:00,1610.13,1610.13,1642.3326000000002,14593.017888518905,2188.9526832778356,39.31582292340681,0.017961019999999973,1,7473,take_profit
normal,2023-10-21 18:02:00+00:00,2023-10-23 00:48:00+00:00,1639.13,1639.13,1671.9126,14632.333711442312,2194.850056716347,39.42174576568323,0.017961019999999904,1,1847,take_profit
normal,2023-10-23 00:49:00+00:00,2023-10-23 19:01:00+00:00,1672.94,1672.94,1706.3988000000002,14671.755457207995,2200.763318581199,39.527953980303664,0.01796102000000017,1,1093,take_profit
normal,2023-10-23 19:02:00+00:00,2023-10-23 22:40:00+00:00,1707.19,1707.19,1741.3338,14711.283411188298,2206.6925116782445,39.634448336103105,0.017961019999999966,1,219,take_profit
normal,2023-10-23 22:41:00+00:00,2023-10-23 22:42:00+00:00,1740.71,1740.71,1775.5242,14750.917859524401,2212.63767892866,39.74122960399109,0.01796101999999993,1,2,take_profit
normal,2023-10-23 22:43:00+00:00,2023-10-23 22:59:00+00:00,1750.8,1750.8,1785.816,14790.659089128392,2218.5988633692587,39.848298556952614,0.017961020000000043,1,17,take_profit
normal,2023-10-23 23:00:00+00:00,2023-10-24 02:26:00+00:00,1785.38,1785.38,1821.0876,14830.507387685346,2224.5761081528017,39.95565597005498,0.017961020000000154,1,207,take_profit
normal,2023-10-24 02:27:00+00:00,2023-10-26 08:02:00+00:00,1823.68,1823.68,1860.1536,14870.4630436554,2230.56945654831,40.063302620453214,0.01796101999999995,1,3216,take_profit
normal,2023-10-26 08:03:00+00:00,2023-11-01 19:27:00+00:00,1864.62,1805.237197452229,1841.3419414012737,14910.526346275852,5964.2105385103405,107.12330476639545,0.017961020000000077,2,9325,take_profit
normal,2023-11-01 19:28:00+00:00,2023-11-05 03:52:00+00:00,1840.57,1840.5700000000002,1877.3814000000002,15017.649651042248,2252.647447656337,40.45984586030454,0.01796102000000005,1,4825,take_profit
normal,2023-11-05 03:53:00+00:00,2023-11-06 14:31:00+00:00,1876.6,1876.6,1914.1319999999998,15058.10949690255,2258.7164245353824,40.568850875408316,0.01796101999999992,1,2079,take_profit
normal,2023-11-06 14:32:00+00:00,2023-11-09 14:51:00+00:00,1910.57,1910.5699999999997,1948.7813999999998,15098.67834777796,2264.801752166694,40.67814956670145,0.017961020000000185,1,4340,take_profit
normal,2023-11-09 14:52:00+00:00,2023-11-09 15:00:00+00:00,1955.59,1955.59,1994.7018,15139.356497344663,2270.903474601699,40.78774272539067,0.017961020000000025,1,9,take_profit
normal,2023-11-09 15:01:00+00:00,2023-11-09 15:09:00+00:00,1995.74,1995.74,2035.6548,15180.144240070054,2277.0216360105082,40.89763114481775,0.01796102000000013,1,9,take_profit
normal,2023-11-09 15:10:00+00:00,2023-11-09 21:25:00+00:00,2035.35,2035.35,2076.057,15221.041871214873,2283.1562806822308,41.00781562045904,0.01796101999999995,1,376,take_profit
normal,2023-11-09 21:26:00+00:00,2023-11-09 23:44:00+00:00,2083.42,2083.42,2125.0884,15262.049686835331,2289.3074530252998,41.11829694993685,0.017961020000000164,1,139,take_profit
normal,2023-11-09 23:45:00+00:00,2023-11-13 15:03:00+00:00,2129.5,2061.68152866242,2102.9151592356684,15303.167983785268,6121.267193514107,109.9442024880509,0.017961020000000025,2,5239,take_profit
normal,2023-11-13 15:04:00+00:00,2023-11-16 00:48:00+00:00,2099.02,2032.1722292993634,2072.815673885351,15413.112186273318,6165.244874509327,110.73408649596058,0.017961020000000175,2,3465,take_profit
normal,2023-11-16 00:49:00+00:00,2023-11-17 16:37:00+00:00,2075.25,2009.15923566879,1909.23,15523.846272769279,6209.538509107711,-320.6383270238357,-0.05163641815789468,2,2389,stop_loss
recovery,2023-11-17 16:38:00+00:00,2023-11-17 17:03:00+00:00,1912.99,1912.99,1935.94588,15203.207945745442,7601.603972872721,75.84129405659951,0.009977012000000092,1,26,take_profit
normal,2023-11-17 17:04:00+00:00,2023-11-18 17:09:00+00:00,1929.39,1929.39,1967.9778000000001,15279.049239802041,2291.857385970306,41.1640963465602,0.017961019999999918,1,1446,take_profit
normal,2023-11-18 17:10:00+00:00,2023-11-19 23:16:00+00:00,1966.62,1966.6200000000001,2005.9524000000001,15320.213336148601,2298.03200042229,41.274998720225085,0.017961020000000143,1,1807,take_profit
normal,2023-11-19 23:17:00+00:00,2023-11-20 15:13:00+00:00,2003.59,2003.59,2043.6617999999999,15361.488334868825,2304.2232502303236,41.38619988185201,0.01796102000000007,1,957,take_profit
normal,2023-11-20 15:14:00+00:00,2023-11-22 10:52:00+00:00,2046.46,1981.2861146496814,2020.911836942675,15402.874534750677,6161.149813900271,110.66053503045987,0.017961020000000136,2,2619,take_profit
normal,2023-11-22 10:53:00+00:00,2023-11-22 18:59:00+00:00,2023.39,2023.39,2063.8578,15513.535069781137,2327.0302604671706,41.7958370488559,0.017961019999999932,1,487,take_profit
normal,2023-11-22 19:00:00+00:00,2023-11-24 09:38:00+00:00,2062.96,2062.96,2104.2192,15555.330906829993,2333.299636024499,41.90844142862852,0.017961019999999904,1,2319,take_profit
normal,2023-11-24 09:39:00+00:00,2023-11-28 17:24:00+00:00,2099.5,2032.6369426751594,2073.2896815286626,15597.239348258623,6238.895739303449,112.05693115154463,0.017961020000000095,2,6226,take_profit
normal,2023-11-28 17:25:00+00:00,2023-12-02 18:00:00+00:00,2071.88,2071.88,2113.3176000000003,15709.296279410166,2356.3944419115246,42.323247699061994,0.017961020000000112,1,5796,take_profit
normal,2023-12-02 18:01:00+00:00,2023-12-02 19:05:00+00:00,2113.4,2113.4,2155.668,15751.619527109227,2362.742929066384,42.43727300381988,0.01796101999999999,1,65,take_profit
normal,2023-12-02 19:06:00+00:00,2023-12-03 22:20:00+00:00,2156.01,2156.01,2199.1302,15794.056800113047,2369.108520016957,42.551605510194804,0.017961019999999932,1,1635,take_profit
normal,2023-12-03 22:21:00+00:00,2023-12-04 05:20:00+00:00,2207.41,2207.41,2251.5582,15836.608405623243,2375.4912608434865,42.66624604583512,0.01796102000000002,1,420,take_profit
normal,2023-12-04 05:21:00+00:00,2023-12-05 17:52:00+00:00,2249.99,2249.99,2294.9898,15879.274651669079,2381.8911977503617,42.78119544061792,0.017961019999999883,1,2192,take_profit
normal,2023-12-05 17:53:00+00:00,2023-12-07 16:11:00+00:00,2293.17,2293.17,2339.0334000000003,15922.055847109697,2388.3083770664543,42.896454526658545,0.017961020000000175,1,2779,take_profit
normal,2023-12-07 16:12:00+00:00,2023-12-08 04:15:00+00:00,2341.61,2341.61,2388.4422,15964.952301636356,2394.7428452454533,43.0120241383097,0.017961019999999668,1,724,take_profit
normal,2023-12-08 04:16:00+00:00,2023-12-11 02:12:00+00:00,2384.92,2308.967133757962,2194.1264,16007.964325774667,6403.185730309866,-330.63757591294416,-0.05163641815789463,2,4197,stop_loss
recovery,2023-12-11 02:13:00+00:00,2023-12-11 02:15:00+00:00,2193.0,2193.0,2219.316,15677.326749861722,7838.663374930861,78.20643855564504,0.009977011999999915,1,3,take_profit
normal,2023-12-11 02:16:00+00:00,2023-12-13 22:06:00+00:00,2225.2,2225.2,2269.7039999999997,15755.533188417368,2363.329978262605,42.447817006173864,0.017961019999999852,1,4071,take_profit
normal,2023-12-13 22:07:00+00:00,2023-12-14 12:01:00+00:00,2268.97,2268.97,2314.3494,15797.981005423542,2369.697150813531,42.56217791970539,0.01796102000000023,1,835,take_profit
normal,2023-12-14 12:02:00+00:00,2023-12-18 10:26:00+00:00,2313.26,2239.5892993630578,2128.1992000000005,15840.543183343247,6336.217273337299,-327.17956466531996,-0.051636418157894666,2,5665,stop_loss
recovery,2023-12-18 10:27:00+00:00,2023-12-18 13:54:00+00:00,2131.85,2131.85,2157.4321999999997,15513.36361867793,7756.681809338965,77.38850749195626,0.00997701199999996,1,208,take_profit
normal,2023-12-18 13:55:00+00:00,2023-12-18 21:07:00+00:00,2158.81,2158.81,2201.9862,15590.752126169886,2338.6128189254828,42.003871612977036,0.017961020000000025,1,433,take_profit
normal,2023-12-18 21:08:00+00:00,2023-12-19 01:54:00+00:00,2201.37,2201.37,2245.3974,15632.755997782862,2344.913399667429,42.11703646969454,0.01796101999999994,1,287,take_profit
normal,2023-12-19 01:55:00+00:00,2023-12-22 06:34:00+00:00,2245.94,2245.94,2290.8588,15674.873034252556,2351.2309551378835,42.23050620985077,0.01796102000000006,1,4600,take_profit
normal,2023-12-22 06:35:00+00:00,2023-12-22 14:54:00+00:00,2296.88,2296.88,2342.8176000000003,15717.103540462405,2357.5655310693605,42.34428165484724,0.01796101999999993,1,500,take_profit
normal,2023-12-22 14:55:00+00:00,2023-12-27 14:17:00+00:00,2336.84,2262.4183439490444,2307.6667108280253,15759.447822117254,6303.779128846902,113.22230300880165,0.01796101999999998,2,7163,take_profit
normal,2023-12-27 14:18:00+00:00,2023-12-27 16:19:00+00:00,2309.99,2309.99,2356.1897999999997,15872.670125126057,2380.9005187689086,42.763401835618424,0.017961019999999866,1,122,take_profit
normal,2023-12-27 16:20:00+00:00,2023-12-28 00:32:00+00:00,2359.19,2359.19,2406.3738000000003,15915.433526961675,2387.3150290442513,42.87861298296457,0.01796102000000008,1,493,take_profit
normal,2023-12-28 00:33:00+00:00,2024-01-02 00:22:00+00:00,2408.18,2331.4863694267515,2378.1160968152867,15958.312139944639,6383.324855977855,114.65102540471707,0.01796102000000027,2,7190,take_profit
normal,2024-01-02 00:23:00+00:00,2024-01-02 08:31:00+00:00,2378.01,2378.01,2425.5702,16072.963165349356,2410.9444748024034,43.3030219308157,0.0179610200000001,1,489,take_profit
normal,2024-01-02 08:32:00+00:00,2024-01-03 12:01:00+00:00,2425.44,2348.1966878980893,2231.4048000000003,16116.266187280173,6446.506474912068,-332.8745039961341,-0.05163641815789451,2,1650,stop_loss
recovery,2024-01-03 12:02:00+00:00,2024-01-03 12:02:00+00:00,2235.93,2235.93,2262.76116,15783.391683284039,7891.695841642019,78.73554411241366,0.009977012000000144,1,1,take_profit
normal,2024-01-03 12:03:00+00:00,2024-01-03 12:55:00+00:00,2262.66,2190.6007643312096,2234.4127796178336,15862.127227396453,6344.850890958582,113.95999374952407,0.01796101999999987,2,53,take_profit
normal,2024-01-03 12:56:00+00:00,2024-01-04 15:30:00+00:00,2236.88,2236.88,2281.6176,15976.08722114598,2396.4130831718967,43.04202331511215,0.01796102000000002,1,1595,take_profit
normal,2024-01-04 15:31:00+00:00,2024-01-08 12:03:00+00:00,2281.77,2209.1021656050953,2253.2842089171972,16019.12924446109,6407.651697784436,115.08796029694076,0.017961020000000088,2,5553,take_profit
normal,2024-01-08 12:04:00+00:00,2024-01-08 17:54:00+00:00,2255.03,2255.03,2300.1306000000004,16134.217204758032,2420.1325807137046,43.46804968485003,0.01796101999999982,1,351,take_profit
normal,2024-01-08 17:55:00+00:00,2024-01-08 19:15:00+00:00,2298.2,2298.2,2344.1639999999998,16177.685254442882,2426.6527881664324,43.58515926131304,0.017961019999999994,1,81,take_profit
normal,2024-01-08 19:16:00+00:00,2024-01-10 00:33:00+00:00,2341.09,2341.09,2387.9118000000003,16221.270413704196,2433.1905620556295,43.70258434889274,0.01796102000000014,1,1758,take_profit
normal,2024-01-10 00:34:00+00:00,2024-01-10 15:10:00+00:00,2390.46,2390.4600000000005,2438.2692000000006,16264.972998053088,2439.745949707963,43.82032579762381,0.017961020000000036,1,877,take_profit
normal,2024-01-10 15:11:00+00:00,2024-01-10 20:47:00+00:00,2437.56,2437.56,2486.3112,16308.793323850712,2446.3189985776066,43.93838445983192,0.01796101999999982,1,337,take_profit
normal,2024-01-10 20:48:00+00:00,2024-01-10 22:17:00+00:00,2486.02,2486.02,2535.7404,16352.731708310544,2452.9097562465818,44.05676119014015,0.01796102000000007,1,90,take_profit
normal,2024-01-10 22:18:00+00:00,2024-01-10 23:10:00+00:00,2537.48,2537.48,2588.2296,16396.788469500687,2459.518270425103,44.17545684547076,0.017961020000000032,1,53,take_profit
normal,2024-01-10 23:11:00+00:00,2024-01-10 23:19:00+00:00,2589.5,2589.5,2641.29,16440.963926346158,2466.1445889519237,44.29447228505751,0.01796102000000009,1,9,take_profit
normal,2024-01-10 23:20:00+00:00,2024-01-11 14:47:00+00:00,2622.5,2622.5,2674.9500000000003,16485.258398631217,2472.7887597946824,44.413808370447896,0.017961020000000164,1,928,take_profit
normal,2024-01-11 14:48:00+00:00,2024-01-12 22:27:00+00:00,2679.06,2593.7396178343947,2464.7352,16529.672207001662,6611.868882800665,-341.41322643746753,-0.05163641815789475,2,1900,stop_loss
recovery,2024-01-12 22:28:00+00:00,2024-01-12 22:31:00+00:00,2462.14,2462.14,2491.68568,16188.258980564195,8094.129490282097,80.75522705409912,0.009977012000000094,1,4,take_profit
normal,2024-01-12 22:32:00+00:00,2024-01-13 02:36:00+00:00,2492.47,2492.47,2542.3194,16269.014207618293,2440.352131142744,43.831213434497386,0.017961019999999973,1,245,take_profit
normal,2024-01-13 02:37:00+00:00,2024-01-16 21:21:00+00:00,2543.2,2543.2,2594.064,16312.84542105279,2446.9268131579183,43.949301429665866,0.017961020000000095,1,5445,take_profit
normal,2024-01-16 21:22:00+00:00,2024-01-22 09:57:00+00:00,2593.66,2511.059363057325,2386.1672,16356.794722482457,6542.717888992982,-337.842516805179,-0.0516364181578946,2,7956,stop_loss
recovery,2024-01-22 09:58:00+00:00,2024-01-30 15:47:00+00:00,2385.64,2317.345309676717,2345.1534533928375,16018.952205677277,16018.952205677277,159.82127838346787,0.00997701199999995,3,11870,take_profit
normal,2024-01-30 15:48:00+00:00,2024-01-30 21:31:00+00:00,2344.45,2344.45,2391.339,16178.773484060745,2426.8160226091118,43.588091118402644,0.017961019999999973,1,344,take_profit
normal,2024-01-30 21:32:00+00:00,2024-02-06 16:24:00+00:00,2388.97,2312.8881528662423,2359.1459159235674,16222.361575179148,6488.944630071659,116.54806427961103,0.01796102000000021,2,9773,take_profit
normal,2024-02-06 16:25:00+00:00,2024-02-07 17:01:00+00:00,2358.41,2358.41,2405.5782,16338.909639458758,2450.8364459188138,44.019522421876445,0.017961019999999883,1,1477,take_profit
normal,2024-02-07 17:02:00+00:00,2024-02-08 15:19:00+00:00,2405.16,2405.16,2453.2632,16382.929161880635,2457.4393742820953,44.138117750268066,0.017961019999999946,1,1338,take_profit
normal,2024-02-08 15:20:00+00:00,2024-02-09 11:54:00+00:00,2452.41,2452.41,2501.4582,16427.0672796309,2464.060091944635,44.25703259261945,0.017961020000000008,1,1235,take_profit
normal,2024-02-09 11:55:00+00:00,2024-02-12 15:41:00+00:00,2503.26,2503.26,2553.3252,16471.32431222352,2470.698646833528,44.376267809749606,0.017961019999999866,1,4547,take_profit
normal,2024-02-12 15:42:00+00:00,2024-02-12 17:31:00+00:00,2551.38,2551.38,2602.4076,16515.700580033274,2477.3550870049908,44.49582426479856,0.01796102000000007,1,110,take_profit
normal,2024-02-12 17:32:00+00:00,2024-02-12 22:39:00+00:00,2604.9,2604.9,2656.998,16560.196404298073,2484.029460644711,44.61570282322873,0.017961019999999946,1,308,take_profit
normal,2024-02-12 22:40:00+00:00,2024-02-14 08:58:00+00:00,2657.77,2657.77,2710.9254,16604.812107121303,2490.7218160681955,44.73590435283677,0.017961019999999835,1,2059,take_profit
normal,2024-02-14 08:59:00+00:00,2024-02-14 13:57:00+00:00,2708.59,2708.59,2762.7618,16649.54801147414,2497.432201721121,44.85642972375672,0.017961019999999852,1,299,take_profit
normal,2024-02-14 13:58:00+00:00,2024-02-15 00:36:00+00:00,2767.54,2767.54,2822.8908,16694.404441197898,2504.1606661796845,44.97727980846639,0.0179610199999999,1,639,take_profit
normal,2024-02-15 00:37:00+00:00,2024-02-18 22:13:00+00:00,2823.1,2823.1,2879.562,16739.381721006364,2510.9072581509545,45.098455481794645,0.017961020000000074,1,5617,take_profit
normal,2024-02-18 22:14:00+00:00,2024-02-19 16:42:00+00:00,2877.12,2877.12,2934.6624,16784.48017648816,2517.672026473224,45.21995762092638,0.01796102000000011,1,1109,take_profit
normal,2024-02-19 16:43:00+00:00,2024-02-20 13:39:00+00:00,2933.07,2933.07,2991.7314,16829.700134109084,2524.4550201163624,45.341787105410276,0.017961019999999956,1,1257,take_profit
normal,2024-02-20 13:40:00+00:00,2024-02-25 14:33:00+00:00,2992.38,2992.38,3052.2276,16875.041921214495,2531.256288182174,45.46394481716561,0.01796101999999993,1,7254,take_profit
normal,2024-02-25 14:34:00+00:00,2024-02-25 20:13:00+00:00,3054.1,3054.1,3115.182,16920.50586603166,2538.075879904749,45.58643164048681,0.017961020000000005,1,340,take_profit
normal,2024-02-25 20:14:00+00:00,2024-02-26 19:31:00+00:00,3109.6,3109.6,3171.792,16966.09229767215,2544.9138446508223,45.70924846205071,0.017961020000000157,1,1398,take_profit
normal,2024-02-26 19:32:00+00:00,2024-02-27 02:06:00+00:00,3172.4,3172.4,3235.848,17011.8015461342,2551.77023192013,45.832396170921584,0.0179610199999998,1,395,take_profit
normal,2024-02-27 02:07:00+00:00,2024-02-28 07:54:00+00:00,3240.99,3240.99,3305.8098,17057.63394230512,2558.645091345768,45.9558756585634,0.01796102000000009,1,1788,take_profit
normal,2024-02-28 07:55:00+00:00,2024-02-28 10:01:00+00:00,3302.46,3302.46,3368.5092,17103.589817963686,2565.5384726945526,46.07968781883619,0.017961019999999953,1,127,take_profit
normal,2024-02-28 10:02:00+00:00,2024-02-28 17:04:00+00:00,3368.4,3368.4,3435.768,17149.669505782524,2572.4504258673783,46.203833548012426,0.017961019999999973,1,423,take_profit
normal,2024-02-28 17:05:00+00:00,2024-02-29 00:16:00+00:00,3440.03,3330.4749044585988,3397.084402547771,17195.873339330537,6878.349335732215,123.54216998607444,0.017961020000000206,2,432,take_profit
normal,2024-02-29 00:17:00+00:00,2024-02-29 00:39:00+00:00,3396.11,3396.11,3464.0322,17319.415509316612,2597.9123263974916,46.66115525267196,0.017961020000000032,1,23,take_profit
normal,2024-02-29 00:40:00+00:00,2024-03-04 08:44:00+00:00,3466.91,3466.91,3536.2482,17366.076664569286,2604.9114996853928,46.786867544079996,0.017961020000000254,1,6245,take_profit
normal,2024-03-04 08:45:00+00:00,2024-03-04 19:29:00+00:00,3533.79,3533.79,3604.4658,17412.863532113366,2611.929529817005,46.91291852363338,0.01796101999999983,1,645,take_profit
normal,2024-03-04 19:30:00+00:00,2024-03-05 03:47:00+00:00,3605.0,3605.0,3677.1,17459.776450637,2618.96646759555,47.03930910381314,0.017961020000000043,1,498,take_profit
normal,2024-03-05 03:48:00+00:00,2024-03-05 12:06:00+00:00,3677.15,3677.15,3750.693,17506.815759740814,2626.0223639611218,47.16604019955321,0.017961020000000084,1,499,take_profit
normal,2024-03-05 12:07:00+00:00,2024-03-05 19:38:00+00:00,3749.32,3629.9149044585984,3449.3744,17553.981799940368,7021.592719976146,-362.56989782311757,-0.05163641815789471,2,452,stop_loss
recovery,2024-03-05 19:39:00+00:00,2024-03-05 21:16:00+00:00,3471.4,3435.977551020408,3477.209281632653,17191.411902117252,12893.558926587939,128.63919213327608,0.009977012000000085,2,98,take_profit
normal,2024-03-05 21:17:00+00:00,2024-03-05 23:42:00+00:00,3482.01,3482.01,3551.6502000000005,17320.051094250528,2598.007664137579,46.66286761572837,0.01796102000000001,1,146,take_profit
normal,2024-03-05 23:43:00+00:00,2024-03-06 04:53:00+00:00,3552.0,3551.9999999999995,3623.0399999999995,17366.71396186626,2605.007094279939,46.788584520503264,0.01796101999999977,1,311,take_profit
normal,2024-03-06 04:54:00+00:00,2024-03-06 05:12:00+00:00,3625.8,3625.8,3698.3160000000003,17413.50254638676,2612.025381958014,46.914640125855385,0.017961019999999946,1,19,take_profit
normal,2024-03-06 05:13:00+00:00,2024-03-06 05:58:00+00:00,3690.77,3690.77,3764.5854,17460.417186512615,2619.062577976892,47.04103534429487,0.017961020000000133,1,46,take_profit
normal,2024-03-06 05:59:00+00:00,2024-03-06 08:17:00+00:00,3768.51,3768.5100000000007,3843.880200000001,17507.45822185691,2626.118733278536,47.16777109079112,0.017961020000000254,1,139,take_profit
normal,2024-03-06 08:18:00+00:00,2024-03-07 20:32:00+00:00,3837.24,3837.24,3913.9847999999997,17554.625992947702,2633.193898942155,47.294848282778275,0.017961020000000095,1,2175,take_profit
normal,2024-03-07 20:33:00+00:00,2024-03-11 07:37:00+00:00,3917.45,3917.45,3995.799,17601.92084123048,2640.288126184572,47.422267840163386,0.01796101999999991,1,4985,take_profit
normal,2024-03-11 07:38:00+00:00,2024-03-11 18:21:00+00:00,3998.71,3998.71,4078.6842,17649.343109070644,2647.4014663605963,47.55003068533233,0.017961020000000126,1,644,take_profit
normal,2024-03-11 18:22:00+00:00,2024-03-13 02:49:00+00:00,4084.51,3954.430063694268,4033.5186649681536,17696.893139755975,7078.75725590239,127.14170064840891,0.017961020000000136,2,1948,take_profit
normal,2024-03-13 02:50:00+00:00,2024-03-15 02:53:00+00:00,4033.79,3905.325350318471,3711.0868,17824.034840404383,7129.613936161753,-368.147726512002,-0.05163641815789472,2,2884,stop_loss
recovery,2024-03-15 02:54:00+00:00,2024-03-15 03:01:00+00:00,3714.69,3714.69,3759.2662800000003,17455.887113892382,8727.943556946191,87.07879760297692,0.00997701200000024,1,8,take_profit
normal,2024-03-15 03:02:00+00:00,2024-03-15 13:03:00+00:00,3758.61,3638.909044585987,3711.6872254777068,17542.96591149536,7017.186364598145,126.03582463827297,0.017961019999999772,2,602,take_profit
normal,2024-03-15 13:04:00+00:00,2024-03-15 18:56:00+00:00,3711.37,3711.3699999999994,3785.5973999999997,17669.001736133636,2650.3502604200453,47.602994034409676,0.01796102000000001,1,353,take_profit
normal,2024-03-15 18:57:00+00:00,2024-03-16 23:16:00+00:00,3784.54,3664.0132484076425,3481.7768,17716.604730168045,7086.641892067218,-365.92880407403663,-0.05163641815789466,2,1700,stop_loss
recovery,2024-03-16 23:17:00+00:00,2024-03-16 23:22:00+00:00,3484.81,3484.81,3526.62772,17350.67592609401,8675.337963047004,86.55395096137727,0.009977012000000202,1,6,take_profit
normal,2024-03-16 23:23:00+00:00,2024-03-17 10:31:00+00:00,3527.55,3527.55,3598.101,17437.229877055386,2615.5844815583077,46.978565184957915,0.017961019999999817,1,669,take_profit
normal,2024-03-17 10:32:00+00:00,2024-03-17 22:36:00+00:00,3598.2,3598.2000000000003,3670.164,17484.208442240342,2622.6312663360513,47.10513262728682,0.017961019999999876,1,725,take_profit
normal,2024-03-17 22:37:00+00:00,2024-03-19 03:40:00+00:00,3670.61,3553.7115923566876,3376.9612,17531.31357486763,7012.525429947051,-362.10169544361634,-0.051636418157894715,2,1744,stop_loss
recovery,2024-03-19 03:41:00+00:00,2024-03-19 03:51:00+00:00,3370.99,3370.99,3411.44188,17169.211879424012,8584.605939712006,85.6487164757782,0.009977012000000028,1,11,take_profit
normal,2024-03-19 03:52:00+00:00,2024-03-20 04:30:00+00:00,3422.2,3313.212738853503,3148.424,17254.86059589979,6901.944238359916,-356.3916787944245,-0.05163641815789467,2,1479,stop_loss
recovery,2024-03-20 04:31:00+00:00,2024-03-20 07:24:00+00:00,3131.83,3131.8300000000004,3169.4119600000004,16898.468917105365,8449.234458552683,84.29811358379447,0.009977012000000101,1,174,take_profit
normal,2024-03-20 07:25:00+00:00,2024-03-20 09:35:00+00:00,3174.14,3174.14,3237.6228,16982.76703068916,2547.415054603374,45.75417274403253,0.017961020000000095,1,131,take_profit
normal,2024-03-20 09:36:00+00:00,2024-03-20 12:07:00+00:00,3243.74,3243.74,3308.6148,17028.521203433193,2554.278180514979,45.8774414857935,0.017961020000000136,1,152,take_profit
normal,2024-03-20 12:08:00+00:00,2024-03-20 14:59:00+00:00,3321.04,3321.04,3387.4608,17074.398644918987,2561.159796737848,46.00104233240472,0.017961020000000116,1,172,take_profit
normal,2024-03-20 15:00:00+00:00,2024-03-20 18:13:00+00:00,3385.59,3277.768662420382,3343.3240356687897,17120.399687251393,6848.159874900557,122.99993647628708,0.0179610200000001,2,194,take_profit
normal,2024-03-20 18:14:00+00:00,2024-03-20 20:07:00+00:00,3344.18,3344.18,3411.0636,17243.39962372768,2586.509943559152,46.4563568264648,0.01796102,1,114,take_profit
normal,2024-03-20 20:08:00+00:00,2024-03-20 20:37:00+00:00,3413.83,3413.83,3482.1066,17289.855980554144,2593.4783970831218,46.58151735957745,0.017961019999999828,1,30,take_profit
normal,2024-03-20 20:38:00+00:00,2024-03-21 02:19:00+00:00,3481.39,3481.39,3551.0178,17336.43749791372,2600.465624687058,46.70701509431683,0.017961020000000032,1,342,take_profit
normal,2024-03-21 02:20:00+00:00,2024-03-22 21:20:00+00:00,3555.17,3441.9480254777063,3270.7564,17383.14451300804,6953.257805203215,-359.0413275891169,-0.05163641815789449,2,2581,stop_loss
recovery,2024-03-22 21:21:00+00:00,2024-03-22 23:21:00+00:00,3267.65,3267.65,3306.8618,17024.10318541892,8512.05159270946,84.9248408850799,0.009977011999999825,1,121,take_profit
normal,2024-03-22 23:22:00+00:00,2024-03-23 07:19:00+00:00,3309.2,3309.2,3375.384,17109.028026304,2566.3542039456,46.09433918415152,0.017961020000000202,1,478,take_profit
normal,2024-03-23 07:20:00+00:00,2024-03-24 22:10:00+00:00,3378.41,3378.41,3445.9782,17155.12236548815,2573.2683548232226,46.218524386347326,0.01796102000000013,1,2331,take_profit
normal,2024-03-24 22:11:00+00:00,2024-03-25 14:10:00+00:00,3443.89,3443.8900000000003,3512.7678000000005,17201.340889874496,2580.2011334811746,46.343044162478236,0.017961020000000074,1,960,take_profit
normal,2024-03-25 14:11:00+00:00,2024-03-25 15:38:00+00:00,3512.61,3512.6099999999997,3582.8621999999996,17247.683934036977,2587.1525901055466,46.467899413937175,0.017961019999999866,1,88,take_profit
normal,2024-03-25 15:39:00+00:00,2024-03-25 17:23:00+00:00,3580.98,3580.98,3652.5996,17294.151833450913,2594.1227750176367,46.593091044547236,0.017961019999999987,1,105,take_profit
normal,2024-03-25 17:24:00+00:00,2024-03-28 13:35:00+00:00,3642.96,3526.942165605095,3597.481008917197,17340.74492449546,6936.297969798183,124.5829865615051,0.017961020000000077,2,4092,take_profit
normal,2024-03-28 13:36:00+00:00,2024-04-02 09:03:00+00:00,3600.05,3485.3987261146494,3312.0460000000003,17465.327911056964,6986.131164422785,-360.7387901120337,-0.05163641815789455,2,6928,stop_loss
recovery,2024-04-02 09:04:00+00:00,2024-04-03 08:34:00+00:00,3326.3,3292.3581632653063,3331.86646122449,17104.589120944933,12828.4418407087,127.98951818605565,0.009977012000000222,2,1411,take_profit
normal,2024-04-03 08:35:00+00:00,2024-04-04 17:51:00+00:00,3330.22,3330.22,3396.8244,17232.57863913099,2584.8867958696483,46.42720343835026,0.01796101999999984,1,1997,take_profit
normal,2024-04-04 17:52:00+00:00,2024-04-06 15:14:00+00:00,3403.38,3294.9921019108283,3360.891943949045,17279.00584256934,6911.602337027735,124.13942780740308,0.01796102000000017,2,2723,take_profit
normal,2024-04-06 15:15:00+00:00,2024-04-07 22:37:00+00:00,3355.36,3355.36,3422.4672,17403.145270376743,2610.471790556511,46.88673603962161,0.017961020000000116,1,1883,take_profit
normal,2024-04-07 22:38:00+00:00,2024-04-08 08:10:00+00:00,3421.4,3421.4,3489.828,17450.032006416364,2617.5048009624547,47.01305608018265,0.017961019999999994,1,573,take_profit
normal,2024-04-08 08:11:00+00:00,2024-04-08 08:16:00+00:00,3492.36,3492.36,3562.2072000000003,17497.045062496545,2624.5567593744818,47.139716446260536,0.01796102000000011,1,6,take_profit
normal,2024-04-08 08:17:00+00:00,2024-04-08 11:29:00+00:00,3562.92,3562.92,3634.1784000000002,17544.184778942807,2631.627716841421,47.266718054743706,0.01796102000000023,1,193,take_profit
normal,2024-04-08 11:30:00+00:00,2024-04-08 18:43:00+00:00,3635.66,3635.66,3708.3732,17591.45149699755,2638.7177245496323,47.394061824990786,0.017961020000000133,1,434,take_profit
normal,2024-04-08 18:44:00+00:00,2024-04-10 12:39:00+00:00,3708.89,3590.7724840764326,3412.1788,17638.84555882254,7055.538223529016,-364.32272203915363,-0.05163641815789467,2,2516,stop_loss
recovery,2024-04-10 12:40:00+00:00,2024-04-10 13:55:00+00:00,3420.79,3420.79,3461.83948,17274.522836783388,8637.261418391694,86.17406081843183,0.009977012000000101,1,76,take_profit
normal,2024-04-10 13:56:00+00:00,2024-04-10 16:56:00+00:00,3460.8,3460.8000000000006,3530.0160000000005,17360.696897601818,2604.1045346402725,46.77237362876485,0.017961020000000088,1,181,take_profit
normal,2024-04-10 16:57:00+00:00,2024-04-11 07:21:00+00:00,3528.68,3528.68,3599.2536,17407.469271230584,2611.1203906845876,46.89838555949382,0.01796102000000005,1,865,take_profit
normal,2024-04-11 07:22:00+00:00,2024-04-12 17:28:00+00:00,3598.63,3484.023949044586,3310.7396000000003,17454.367656790077,6981.747062716031,-360.51241080305863,-0.051636418157894784,2,2047,stop_loss
recovery,2024-04-12 17:29:00+00:00,2024-04-15 10:56:00+00:00,3321.99,3226.8900359203217,3265.6127163513656,17093.85524598702,17093.85524598702,170.5455989154725,0.009977011999999829,3,3928,take_profit
normal,2024-04-15 10:57:00+00:00,2024-04-16 04:45:00+00:00,3266.54,3162.510063694267,3005.2168,17264.40084490249,6905.760337960996,-356.5887285091576,-0.051636418157894604,2,1069,stop_loss
recovery,2024-04-16 04:46:00+00:00,2024-04-16 04:49:00+00:00,2991.55,2991.55,3027.4486,16907.812116393336,8453.906058196668,84.34472218950032,0.009977011999999936,1,4,take_profit
normal,2024-04-16 04:50:00+00:00,2024-04-16 06:46:00+00:00,3023.0,3023.0,3083.46,16992.156838582836,2548.8235257874253,45.77947032313841,0.01796101999999998,1,117,take_profit
normal,2024-04-16 06:47:00+00:00,2024-04-17 18:28:00+00:00,3081.89,2983.740636942675,3043.4154496815286,17037.936308905973,6815.174523562389,122.40748592119417,0.017961019999999946,2,2142,take_profit
normal,2024-04-17 18:29:00+00:00,2024-04-19 04:05:00+00:00,3041.6,2944.7337579617833,3003.628433121019,17160.343794827168,6864.137517930867,123.28691124230681,0.017961020000000022,2,2017,take_profit
normal,2024-04-19 04:06:00+00:00,2024-04-19 06:45:00+00:00,3004.59,3004.59,3064.6818000000003,17283.630706069474,2592.544605910421,46.5647455176495,0.01796102000000012,1,160,take_profit
normal,2024-04-19 06:46:00+00:00,2024-04-19 07:05:00+00:00,3061.66,3061.66,3122.8932,17330.195451587122,2599.529317738068,46.69019806648021,0.017961020000000157,1,20,take_profit
normal,2024-04-19 07:06:00+00:00,2024-04-21 02:19:00+00:00,3116.11,3116.11,3178.4322,17376.885649653603,2606.5328474480402,46.81598860367103,0.017961019999999935,1,2594,take_profit
normal,2024-04-21 02:20:00+00:00,2024-04-22 05:42:00+00:00,3152.65,3152.65,3215.703,17423.701638257273,2613.5552457385907,46.94211803981534,0.017961019999999845,1,1643,take_profit
normal,2024-04-22 05:43:00+00:00,2024-04-24 11:27:00+00:00,3221.65,3221.65,3286.083,17470.64375629709,2620.5965634445633,47.06858728795896,0.01796101999999996,1,3225,take_profit
normal,2024-04-24 11:28:00+00:00,2024-04-27 17:50:00+00:00,3284.44,3179.84,3243.4368000000004,17517.712343585048,7007.08493743402,125.85439270295137,0.01796102000000003,2,4703,take_profit
normal,2024-04-27 17:51:00+00:00,2024-04-28 02:51:00+00:00,3241.4,3241.4,3306.228,17643.566736288,2646.5350104432,47.53446825327046,0.017961019999999977,1,541,take_profit
normal,2024-04-28 02:52:00+00:00,2024-04-30 09:34:00+00:00,3313.1,3207.587261146496,3048.052,17691.10120454127,7076.4404818165085,-365.4020397885306,-0.05163641815789463,2,3283,stop_loss
recovery,2024-04-30 09:35:00+00:00,2024-05-03 13:04:00+00:00,3042.1,3011.0581632653066,3047.19086122449,17325.699164752743,12994.274373564556,129.6440313563453,0.009977011999999941,2,4530,take_profit
normal,2024-05-03 13:05:00+00:00,2024-05-03 20:26:00+00:00,3046.76,3046.76,3107.6952,17455.343196109086,2618.301479416363,47.02736523782687,0.017961019999999998,1,442,take_profit
normal,2024-05-03 20:27:00+00:00,2024-05-04 10:59:00+00:00,3105.59,3105.59,3167.7018000000003,17502.370561346914,2625.355584202037,47.154064154964544,0.01796102000000003,1,873,take_profit
normal,2024-05-04 11:00:00+00:00,2024-05-10 15:46:00+00:00,3165.34,3064.532993630573,2912.1128000000003,17549.52462550188,7019.8098502007515,-362.4778368138732,-0.05163641815789456,2,8927,stop_loss
recovery,2024-05-10 15:47:00+00:00,2024-05-11 15:18:00+00:00,2909.39,2909.39,2944.30268,17187.046788688007,8593.523394344003,85.73768602765085,0.009977012,1,1412,take_profit
normal,2024-05-11 15:19:00+00:00,2024-05-15 18:25:00+00:00,2941.87,2941.87,3000.7074,17272.784474715656,2590.917671207348,46.53552411090823,0.017961019999999855,1,5947,take_profit
normal,2024-05-15 18:26:00+00:00,2024-05-17 12:45:00+00:00,3000.61,3000.61,3060.6222000000002,17319.319998826566,2597.8979998239847,46.660897932798434,0.017961019999999942,1,2540,take_profit
normal,2024-05-17 12:46:00+00:00,2024-05-18 10:19:00+00:00,3068.79,3068.79,3130.1658,17365.980896759364,2604.8971345139043,46.78660953094686,0.017961019999999977,1,1294,take_profit
normal,2024-05-18 10:20:00+00:00,2024-05-20 19:22:00+00:00,3137.41,3137.41,3200.1582,17412.76750629031,2611.9151259435466,46.912659815374354,0.01796101999999992,1,3423,take_profit
normal,2024-05-20 19:23:00+00:00,2024-05-20 19:24:00+00:00,3213.05,3213.05,3277.311,17459.680166105685,2618.9520249158527,47.03904969855421,0.01796102000000003,1,2,take_profit
normal,2024-05-20 19:25:00+00:00,2024-05-20 19:26:00+00:00,3284.0,3284.0,3349.68,17506.719215804238,2626.007882370636,47.16578009541672,0.017961020000000032,1,2,take_profit
normal,2024-05-20 19:27:00+00:00,2024-05-20 19:30:00+00:00,3322.67,3322.67,3389.1234,17553.884995899654,2633.082749384948,47.292851923358285,0.017961020000000095,1,4,take_profit
normal,2024-05-20 19:31:00+00:00,2024-05-20 20:34:00+00:00,3405.34,3405.34,3473.4468,17601.17784782301,2640.1766771734515,47.42026610224593,0.01796102000000001,1,64,take_profit
normal,2024-05-20 20:35:00+00:00,2024-05-20 20:35:00+00:00,3495.41,3495.41,3565.3181999999997,17648.598113925258,2647.2897170887886,47.54802355442598,0.017961019999999966,1,1,take_profit
normal,2024-05-20 20:36:00+00:00,2024-05-20 21:55:00+00:00,3542.59,3542.59,3613.4418,17696.146137479685,2654.4219206219527,47.67612520472903,0.017961019999999897,1,80,take_profit
normal,2024-05-20 21:56:00+00:00,2024-05-20 23:27:00+00:00,3611.59,3611.5900000000006,3683.8218000000006,17743.822262684414,2661.573339402662,47.804571980477704,0.01796101999999989,1,92,take_profit
normal,2024-05-20 23:28:00+00:00,2024-05-21 11:12:00+00:00,3678.08,3678.08,3751.6416,17791.626834664894,2668.744025199734,47.93336481149299,0.017961020000000025,1,705,take_profit
normal,2024-05-21 11:13:00+00:00,2024-05-21 11:49:00+00:00,3747.72,3747.72,3822.6744,17839.560199476386,2675.9340299214577,48.06250463010019,0.01796102000000011,1,37,take_profit
normal,2024-05-21 11:50:00+00:00,2024-05-23 11:51:00+00:00,3821.31,3821.31,3897.7362,17887.622704106485,2683.143405615973,48.19199237113662,0.017961020000000008,1,2882,take_profit
normal,2024-05-23 11:52:00+00:00,2024-05-23 20:00:00+00:00,3895.05,3771.0038216560515,3583.4460000000004,17935.81469647762,7174.3258785910475,-370.4564910679319,-0.0516364181578946,2,489,stop_loss
recovery,2024-05-23 20:01:00+00:00,2024-05-23 20:01:00+00:00,3652.04,3652.0400000000004,3695.8644800000006,17565.358205409688,8782.679102704844,87.6248947998356,0.009977012000000016,1,1,take_profit
normal,2024-05-23 20:02:00+00:00,2024-05-23 20:17:00+00:00,3675.12,3675.12,3748.6223999999997,17652.983100209523,2647.9474650314282,47.55983737837869,0.017961019999999963,1,16,take_profit
normal,2024-05-23 20:18:00+00:00,2024-05-23 21:02:00+00:00,3720.74,3720.7400000000002,3795.1548000000003,17700.542937587903,2655.0814406381855,47.687970856931315,0.01796102000000002,1,45,take_profit
normal,2024-05-23 21:03:00+00:00,2024-05-26 08:13:00+00:00,3852.44,3729.750828025478,3804.3458445859874,17748.230908444835,7099.292363377934,127.51053212447823,0.017961019999999984,2,3551,take_profit
normal,2024-05-26 08:14:00+00:00,2024-05-26 16:48:00+00:00,3800.29,3800.2900000000004,3876.2958000000003,17875.741440569313,2681.361216085397,48.15998242933438,0.01796102000000009,1,515,take_profit
normal,2024-05-26 16:49:00+00:00,2024-05-27 15:36:00+00:00,3880.2,3880.2,3957.804,17923.901422998646,2688.585213449797,48.28973279047659,0.017961020000000195,1,1368,take_profit
normal,2024-05-27 15:37:00+00:00,2024-06-07 18:04:00+00:00,3970.5,3844.0509554140135,3652.86,17972.19115578912,7188.8764623156485,-371.20783109357853,-0.05163641815789483,2,15988,stop_loss
recovery,2024-06-07 18:05:00+00:00,2024-06-07 18:05:00+00:00,3612.21,3612.21,3655.55652,17600.983324695546,8800.491662347773,87.80261092114233,0.009977011999999848,1,1,take_profit
normal,2024-06-07 18:06:00+00:00,2024-06-08 07:44:00+00:00,3633.97,3633.97,3706.6494,17688.78593561669,2653.3178903425032,47.65629569479961,0.01796102000000004,1,819,take_profit
normal,2024-06-08 07:45:00+00:00,2024-06-14 16:08:00+00:00,3707.78,3589.6978343949045,3411.1576000000005,17736.44223131149,7094.576892524596,-366.3385390757376,-0.051636418157894756,2,9144,stop_loss
recovery,2024-06-14 16:09:00+00:00,2024-06-14 21:27:00+00:00,3420.6,3420.5999999999995,3461.6471999999994,17370.103692235753,8685.051846117876,86.65086648933902,0.009977011999999863,1,319,take_profit
normal,2024-06-14 21:28:00+00:00,2024-06-15 06:07:00+00:00,3470.61,3470.61,3540.0222000000003,17456.754558725093,2618.513183808764,47.03116766465337,0.01796102000000018,1,520,take_profit
normal,2024-06-15 06:08:00+00:00,2024-06-16 22:05:00+00:00,3543.01,3543.01,3613.8702000000003,17503.785726389746,2625.567858958462,47.157876826109714,0.01796101999999985,1,2398,take_profit
normal,2024-06-16 22:06:00+00:00,2024-06-20 01:33:00+00:00,3638.21,3522.343439490446,3592.790308280255,17550.943603215856,7020.377441286342,126.09313963049317,0.01796102000000005,2,4528,take_profit
normal,2024-06-20 01:34:00+00:00,2024-06-24 09:33:00+00:00,3584.84,3470.6731210191083,3298.0528000000004,17677.03674284635,7070.8146971385395,-365.11154441843337,-0.05163641815789472,2,6240,stop_loss
recovery,2024-06-24 09:34:00+00:00,2024-06-24 11:04:00+00:00,3289.98,3289.98,3329.45976,17311.925198427918,8655.962599213959,86.36064272390831,0.009977011999999936,1,91,take_profit
normal,2024-06-24 11:05:00+00:00,2024-06-25 14:27:00+00:00,3330.49,3330.49,3397.0998,17398.285841151825,2609.742876172774,46.87364399379703,0.017961020000000123,1,1643,take_profit
normal,2024-06-25 14:28:00+00:00,2024-06-27 13:32:00+00:00,3395.79,3395.79,3463.7058,17445.15948514562,2616.773922771843,46.99992876238366,0.01796102000000005,1,2825,take_profit
normal,2024-06-27 13:33:00+00:00,2024-07-04 02:00:00+00:00,3463.0,3352.713375796178,3185.96,17492.159413908004,6996.863765563201,-361.2929831924421,-0.05163641815789455,2,9388,stop_loss
recovery,2024-07-04 02:01:00+00:00,2024-07-04 02:01:00+00:00,3157.95,3157.95,3195.8453999999997,17130.866430715563,8565.433215357782,85.45742997482193,0.009977011999999856,1,1,take_profit
normal,2024-07-04 02:02:00+00:00,2024-07-05 02:59:00+00:00,3199.8,3097.895541401274,2943.8160000000003,17216.323860690383,6886.529544276153,-355.5957192049391,-0.05163641815789465,2,1498,stop_loss
recovery,2024-07-05 03:00:00+00:00,2024-07-05 11:05:00+00:00,2930.21,2900.3098979591837,2935.113616734694,16860.728141485444,12645.546106114083,126.16476524725476,0.009977012000000101,2,486,take_profit
normal,2024-07-05 11:06:00+00:00,2024-07-05 12:30:00+00:00,2933.04,2933.04,2991.7008,16986.892906732697,2548.0339360099047,45.76528848535281,0.017961020000000077,1,85,take_profit
normal,2024-07-05 12:31:00+00:00,2024-07-06 00:37:00+00:00,2957.47,2957.47,3016.6194,17032.65819521805,2554.8987292827073,45.888587174621534,0.017961020000000095,1,727,take_profit
normal,2024-07-06 00:38:00+00:00,2024-07-06 21:03:00+00:00,3016.2,3016.2,3076.524,17078.54678239267,2561.7820173589002,46.01221804942361,0.017961020000000022,1,1226,take_profit
normal,2024-07-06 21:04:00+00:00,2024-07-08 01:10:00+00:00,3075.0,2977.0700636942674,2829.0,17124.559000442092,6849.823600176836,-353.70035572654797,-0.05163641815789487,2,1687,stop_loss
recovery,2024-07-08 01:11:00+00:00,2024-07-08 02:02:00+00:00,2831.01,2831.01,2864.98212,16770.858644715543,8385.429322357772,83.66152897431493,0.00997701199999995,1,52,take_profit
normal,2024-07-08 02:03:00+00:00,2024-07-08 06:17:00+00:00,2866.45,2866.45,2923.779,16854.52017368986,2528.178026053479,45.408656089507076,0.017961020000000008,1,255,take_profit
normal,2024-07-08 06:18:00+00:00,2024-07-08 08:17:00+00:00,2924.15,2924.15,2982.6330000000003,16899.928829779365,2534.9893244669047,45.53099395653635,0.017961019999999914,1,120,take_profit
normal,2024-07-08 08:18:00+00:00,2024-07-08 08:49:00+00:00,2988.0,2988.0,3047.76,16945.459823735902,2541.818973560385,45.65366142049788,0.017961020000000133,1,32,take_profit
normal,2024-07-08 08:50:00+00:00,2024-07-08 15:11:00+00:00,3050.88,2953.71821656051,3012.7925808917203,16991.113485156402,6796.445394062561,122.07109165166548,0.01796101999999999,2,382,take_profit
normal,2024-07-08 15:12:00+00:00,2024-07-09 01:16:00+00:00,3013.7,3013.7,3073.9739999999997,17113.184576808068,2566.97768652121,46.105537567161264,0.01796102000000003,1,605,take_profit
normal,2024-07-09 01:17:00+00:00,2024-07-10 16:04:00+00:00,3068.86,3068.86,3130.2372,17159.290114375228,2573.893517156284,46.22975293951458,0.017961020000000088,1,2328,take_profit
normal,2024-07-10 16:05:00+00:00,2024-07-11 12:31:00+00:00,3133.46,3133.46,3196.1292000000003,17205.519867314742,2580.8279800972114,46.354302967085914,0.017961020000000116,1,1227,take_profit
normal,2024-07-11 12:32:00+00:00,2024-07-14 21:49:00+00:00,3179.72,3179.72,3243.3143999999998,17251.874170281826,2587.781125542274,46.47918855148737,0.01796102000000003,1,4878,take_profit
normal,2024-07-14 21:50:00+00:00,2024-07-15 02:31:00+00:00,3243.99,3243.99,3308.8698,17298.353358833312,2594.7530038249965,46.60441059676077,0.017961019999999973,1,282,take_profit
normal,2024-07-15 02:32:00+00:00,2024-07-15 14:57:00+00:00,3308.99,3308.99,3375.1697999999997,17344.95776943007,2601.743665414511,46.72997000938312,0.017961019999999918,1,746,take_profit
normal,2024-07-15 14:58:00+00:00,2024-07-15 20:26:00+00:00,3374.99,3374.99,3442.4898,17391.687739439454,2608.753160915918,46.85586769827387,0.01796101999999994,1,329,take_profit
normal,2024-07-15 20:27:00+00:00,2024-07-17 01:17:00+00:00,3442.76,3442.76,3511.6152,17438.54360713773,2615.7815410706594,46.98210457480127,0.01796102000000013,1,1731,take_profit
normal,2024-07-17 01:18:00+00:00,2024-07-25 01:09:00+00:00,3516.6,3404.606369426752,3235.272,17485.525711712533,6994.210284685013,-361.155966944244,-0.05163641815789484,2,11512,stop_loss
recovery,2024-07-25 01:10:00+00:00,2024-07-26 02:27:00+00:00,3225.02,3192.1116326530614,3230.4169722448983,17124.369744768286,12843.277308576215,128.13753182699293,0.009977012000000026,2,1518,take_profit
normal,2024-07-26 02:28:00+00:00,2024-07-27 12:05:00+00:00,3229.18,3229.18,3293.7635999999998,17252.50727659528,2587.876091489292,46.48089423676038,0.01796101999999976,1,2018,take_profit
normal,2024-07-27 12:06:00+00:00,2024-07-29 04:04:00+00:00,3294.52,3294.52,3360.4104,17298.98817083204,2594.8482256248058,46.60612087741174,0.017961020000000036,1,2399,take_profit
normal,2024-07-29 04:05:00+00:00,2024-08-01 16:34:00+00:00,3364.6,3257.447133757961,3095.4320000000002,17345.59429170945,6938.23771668378,-358.265744017559,-0.05163641815789453,2,5070,stop_loss
recovery,2024-08-01 16:35:00+00:00,2024-08-01 19:51:00+00:00,3096.61,3096.61,3133.7693200000003,16987.32854769189,8493.664273845945,84.74139038413159,0.009977011999999919,1,197,take_profit
normal,2024-08-01 19:52:00+00:00,2024-08-01 22:16:00+00:00,3134.53,3134.53,3197.2206,17072.06993807602,2560.810490711403,45.994768439877134,0.017961019999999925,1,145,take_profit
normal,2024-08-01 22:17:00+00:00,2024-08-03 01:05:00+00:00,3196.8,3094.991082802548,2941.0560000000005,17118.064706515896,6847.225882606358,-353.5662188958213,-0.051636418157894666,2,1609,stop_loss
recovery,2024-08-03 01:06:00+00:00,2024-08-03 03:24:00+00:00,2939.57,2939.57,2974.84484,16764.498487620072,8382.249243810036,83.62980129248353,0.009977011999999985,1,139,take_profit
normal,2024-08-03 03:25:00+00:00,2024-08-04 17:10:00+00:00,2974.0,2879.2866242038217,2736.08,16848.128288912558,6739.251315565023,-347.99079900165725,-0.05163641815789466,2,2266,stop_loss
recovery,2024-08-04 17:11:00+00:00,2024-08-04 18:51:00+00:00,2733.27,2705.3794897959183,2737.8440436734695,16500.1374899109,12375.103117433175,123.4665523038675,0.009977011999999945,2,101,take_profit
normal,2024-08-04 18:52:00+00:00,2024-08-05 00:57:00+00:00,2738.41,2651.1994904458593,2519.3372,16623.604042214767,6649.441616885906,-343.35334784602765,-0.05163641815789463,2,366,stop_loss
recovery,2024-08-05 00:58:00+00:00,2024-08-05 16:12:00+00:00,2513.6,2441.642146511375,2470.9418522695114,16280.25069436874,16280.25069436874,162.42825654072658,0.009977012000000082,3,915,take_profit
normal,2024-08-05 16:13:00+00:00,2024-08-06 00:33:00+00:00,2473.0,2473.0,2522.46,16442.678950909467,2466.40184263642,44.29909282362951,0.017961019999999966,1,501,take_profit
normal,2024-08-06 00:34:00+00:00,2024-08-07 20:51:00+00:00,2522.76,2442.4173248407646,2320.9392000000003,16486.978043733096,6594.791217493238,-340.531396970493,-0.051636418157894805,2,2658,stop_loss
recovery,2024-08-07 20:52:00+00:00,2024-08-07 20:59:00+00:00,2320.21,2320.21,2348.05252,16146.4466467626,8073.2233233813,80.54664597605552,0.009977012000000049,1,8,take_profit
normal,2024-08-07 21:00:00+00:00,2024-08-08 01:23:00+00:00,2349.22,2349.22,2396.2043999999996,16226.993292738656,2434.0489939107983,43.718002660612,0.017961020000000112,1,264,take_profit
normal,2024-08-08 01:24:00+00:00,2024-08-08 01:44:00+00:00,2395.49,2395.4900000000002,2443.3998,16270.711295399267,2440.60669430989,43.8357856486341,0.017961020000000116,1,21,take_profit
normal,2024-08-08 01:45:00+00:00,2024-08-08 12:30:00+00:00,2439.42,2439.42,2488.2084,16314.547081047902,2447.182062157185,43.953885962046115,0.017961019999999866,1,646,take_profit
normal,2024-08-08 12:31:00+00:00,2024-08-08 16:03:00+00:00,2491.97,2491.97,2541.8093999999996,16358.500967009946,2453.775145051492,44.072304455772155,0.01796101999999976,1,213,take_profit
normal,2024-08-08 16:04:00+00:00,2024-08-08 16:33:00+00:00,2535.63,2535.63,2586.3426,16402.57327146572,2460.385990719858,44.19104198703917,0.017961019999999994,1,30,take_profit
normal,2024-08-08 16:34:00+00:00,2024-08-08 21:58:00+00:00,2584.81,2584.81,2636.5062,16446.76431345276,2467.014647017914,44.3100994153815,0.01796101999999992,1,325,take_profit
normal,2024-08-08 21:59:00+00:00,2024-08-08 22:55:00+00:00,2637.26,2637.26,2690.0052,16491.074412868144,2473.6611619302216,44.42947760265224,0.01796102000000012,1,57,take_profit
normal,2024-08-08 22:56:00+00:00,2024-08-11 03:27:00+00:00,2698.7,2612.7541401273884,2665.009222929936,16535.503890470794,6614.201556188318,118.79780643472895,0.017961019999999918,2,3152,take_profit
normal,2024-08-11 03:28:00+00:00,2024-08-11 09:20:00+00:00,2661.77,2661.77,2715.0054,16654.301696905524,2498.1452545358284,44.86923687962326,0.01796102000000006,1,353,take_profit
normal,2024-08-11 09:21:00+00:00,2024-08-12 11:28:00+00:00,2715.2,2628.728662420382,2681.30323566879,16699.17093378515,6679.66837351406,119.97365725005511,0.01796102000000024,2,1568,take_profit
normal,2024-08-12 11:29:00+00:00,2024-08-12 23:18:00+00:00,2674.71,2674.71,2728.2042,16819.144591035205,2522.8716886552806,45.31334885737124,0.017961019999999987,1,710,take_profit
normal,2024-08-12 23:19:00+00:00,2024-08-20 05:17:00+00:00,2726.16,2639.339617834395,2692.126410191083,16864.457939892574,6745.783175957029,121.16114653902787,0.017961020000000022,2,10439,take_profit
normal,2024-08-20 05:18:00+00:00,2024-08-21 20:05:00+00:00,2692.98,2607.2163057324838,2659.3606318471334,16985.6190864316,6794.247634572641,122.03161764951074,0.01796101999999983,2,2328,take_profit
normal,2024-08-21 20:06:00+00:00,2024-08-23 17:47:00+00:00,2657.26,2657.26,2710.4052,17107.650704081112,2566.147605612167,46.09062846735242,0.017961020000000067,1,2742,take_profit
normal,2024-08-23 17:48:00+00:00,2024-08-23 21:20:00+00:00,2722.0,2722.0,2776.44,17153.741332548467,2573.06119988227,46.214803672309245,0.01796101999999992,1,213,take_profit
normal,2024-08-23 21:21:00+00:00,2024-08-27 14:13:00+00:00,2777.77,2689.305987261146,2555.5484,17199.956136220775,6879.98245448831,-355.25765093893733,-0.05163641815789473,2,5333,stop_loss
recovery,2024-08-27 14:14:00+00:00,2024-08-27 14:33:00+00:00,2571.61,2571.61,2602.46932,16844.69848528184,8422.34924264092,84.02987946201756,0.009977011999999785,1,20,take_profit
normal,2024-08-27 14:34:00+00:00,2024-08-27 22:15:00+00:00,2603.89,2520.9635668789806,2395.5788,16928.728364743856,6771.4913458975425,-349.65555868933006,-0.05163641815789461,2,462,stop_loss
recovery,2024-08-27 22:16:00+00:00,2024-08-27 22:16:00+00:00,2406.81,2406.81,2435.69172,16579.072806054526,8289.536403027263,82.70480416744067,0.009977012000000101,1,1,take_profit
normal,2024-08-27 22:17:00+00:00,2024-08-28 09:51:00+00:00,2445.31,2445.31,2494.2162,16661.777610221965,2499.2666415332947,44.88937813391249,0.01796102000000006,1,695,take_profit
normal,2024-08-28 09:52:00+00:00,2024-08-28 09:58:00+00:00,2498.76,2498.76,2548.7352,16706.66698835588,2506.000048253382,45.010316986679754,0.017961019999999918,1,7,take_profit
normal,2024-08-28 09:59:00+00:00,2024-08-29 15:33:00+00:00,2540.01,2540.01,2590.8102000000003,16751.67730534256,2512.751595801384,45.131581667220416,0.017961019999999935,1,1775,take_profit
normal,2024-08-29 15:34:00+00:00,2024-09-02 20:55:00+00:00,2593.18,2510.5946496815286,2560.806542675159,16796.80888700978,6718.7235548039125,120.67512814230304,0.01796101999999983,2,6082,take_profit
normal,2024-09-02 20:56:00+00:00,2024-09-04 01:01:00+00:00,2558.17,2476.6996178343948,2353.5164,16917.484015152084,6766.993606060833,-349.423311514357,-0.05163641815789471,2,1686,stop_loss
recovery,2024-09-04 01:02:00+00:00,2024-09-04 01:42:00+00:00,2350.12,2350.12,2378.3214399999997,16568.060703637726,8284.030351818863,82.64987022846071,0.009977011999999964,1,41,take_profit
normal,2024-09-04 01:43:00+00:00,2024-09-04 14:43:00+00:00,2378.62,2378.62,2426.1924,16650.710573866185,2497.6065860799276,44.859561844713426,0.01796102000000005,1,781,take_profit
normal,2024-09-04 14:44:00+00:00,2024-09-04 16:20:00+00:00,2428.25,2428.2500000000005,2476.8150000000005,16695.5701357109,2504.335520356635,44.980420367835904,0.01796101999999999,1,97,take_profit
normal,2024-09-04 16:21:00+00:00,2024-09-06 15:17:00+00:00,2478.59,2399.6540127388535,2280.3028000000004,16740.550556078735,6696.220222431493,-345.7688274828215,-0.05163641815789444,2,2817,stop_loss
recovery,2024-09-06 15:18:00+00:00,2024-09-07 07:30:00+00:00,2286.84,2263.504897959184,2290.666956734694,16394.781728595914,12296.086296446934,122.6782005326877,0.009977012000000087,2,973,take_profit
normal,2024-09-07 07:31:00+00:00,2024-09-09 09:09:00+00:00,2292.15,2292.15,2337.993,16517.4599291286,2477.61898936929,44.5005642204419,0.01796102000000012,1,2979,take_profit
normal,2024-09-09 09:10:00+00:00,2024-09-10 18:39:00+00:00,2335.35,2335.35,2382.057,16561.96049334904,2484.294074002356,44.62045554903807,0.017961020000000112,1,2010,take_profit
normal,2024-09-10 18:40:00+00:00,2024-09-13 21:10:00+00:00,2383.79,2383.79,2431.4658,16606.58094889808,2490.987142334712,44.740669883216924,0.017961020000000126,1,4471,take_profit
normal,2024-09-13 21:11:00+00:00,2024-09-19 00:52:00+00:00,2435.44,2357.8782165605094,2405.0357808917197,16651.321618781298,6660.5286475125195,119.62988824854438,0.01796101999999986,2,7422,take_profit
normal,2024-09-19 00:53:00+00:00,2024-09-19 12:07:00+00:00,2402.39,2402.39,2450.4377999999997,16770.951507029844,2515.6427260544765,45.18350931551868,0.017961019999999883,1,675,take_profit
normal,2024-09-19 12:08:00+00:00,2024-09-20 03:52:00+00:00,2449.46,2449.46,2498.4492,16816.13501634536,2522.420252451804,45.30524060269181,0.017961019999999963,1,945,take_profit
normal,2024-09-20 03:53:00+00:00,2024-09-20 05:17:00+00:00,2498.6,2498.6,2548.572,16861.44025694805,2529.2160385422076,45.42729985257756,0.01796102000000008,1,85,take_profit
normal,2024-09-20 05:18:00+00:00,2024-09-21 23:39:00+00:00,2550.34,2550.34,2601.3468000000003,16906.86755680063,2536.0301335200943,45.54968794875731,0.017961020000000088,1,2542,take_profit
normal,2024-09-21 23:40:00+00:00,2024-09-23 03:10:00+00:00,2602.15,2602.15,2654.193,16952.417244749387,2542.862586712408,45.672405777193035,0.0179610199999999,1,1651,take_profit
normal,2024-09-23 03:11:00+00:00,2024-09-27 16:33:00+00:00,2659.0,2659.0,2712.18,16998.08965052658,2549.713447578987,45.7954542262346,0.017961019999999786,1,6563,take_profit
normal,2024-09-27 16:34:00+00:00,2024-10-01 15:06:00+00:00,2710.8,2624.4687898089173,2493.936,17043.885104752815,6817.554041901126,-352.034071321651,-0.051636418157894604,2,5673,stop_loss
recovery,2024-10-01 15:07:00+00:00,2024-10-01 15:33:00+00:00,2501.52,2501.52,2531.53824,16691.851033431165,8345.925516715582,83.26739903137604,0.009977011999999818,1,27,take_profit
normal,2024-10-01 15:34:00+00:00,2024-10-03 08:20:00+00:00,2532.23,2451.5857324840767,2329.6516,16775.118432462543,6710.047372985016,-346.48281201073587,-0.05163641815789451,2,2447,stop_loss
recovery,2024-10-03 08:21:00+00:00,2024-10-03 10:32:00+00:00,2332.03,2332.03,2360.01436,16428.63562045181,8214.317810225904,81.95434736443895,0.009977012000000167,1,132,take_profit
normal,2024-10-03 10:33:00+00:00,2024-10-04 15:56:00+00:00,2360.34,2360.34,2407.5468,16510.589967816246,2476.588495172437,44.4820554935618,0.017961019999999904,1,1764,take_profit
normal,2024-10-04 15:57:00+00:00,2024-10-07 00:22:00+00:00,2410.45,2410.45,2458.6589999999997,16555.072023309807,2483.260803496471,44.60189695681629,0.017961020000000043,1,3386,take_profit
normal,2024-10-07 00:23:00+00:00,2024-10-07 02:03:00+00:00,2457.45,2457.4499999999994,2506.5989999999993,16599.673920266625,2489.9510880399935,44.72206129130791,0.017961019999999932,1,101,take_profit
normal,2024-10-07 02:04:00+00:00,2024-10-12 14:50:00+00:00,2509.94,2430.0056050955413,2478.605717197452,16644.395981557933,6657.758392623173,119.58013164507247,0.01796101999999997,2,7967,take_profit
normal,2024-10-12 14:51:00+00:00,2024-10-14 04:00:00+00:00,2477.2,2477.2,2526.7439999999997,16763.976113203003,2514.5964169804506,45.164716537314234,0.017961020000000008,1,2230,take_profit
normal,2024-10-14 04:01:00+00:00,2024-10-14 14:00:00+00:00,2527.16,2527.16,2577.7032,16809.140829740318,2521.3711244610477,45.28639719386774,0.01796102000000015,1,600,take_profit
normal,2024-10-14 14:01:00+00:00,2024-10-14 14:41:00+00:00,2576.91,2576.91,2628.4482,16854.427226934185,2528.164084040128,45.408405676726034,0.01796101999999985,1,41,take_profit
normal,2024-10-14 14:42:00+00:00,2024-10-15 14:00:00+00:00,2631.0,2631.0,2683.62,16899.835632610913,2534.9753448916367,45.530742869105325,0.017961019999999897,1,1399,take_profit
normal,2024-10-15 14:01:00+00:00,2024-10-18 01:56:00+00:00,2682.84,2597.39923566879,2649.3472203821657,16945.366375480018,6778.1465501920065,121.74242575093012,0.017961020000000074,2,3596,take_profit
normal,2024-10-18 01:57:00+00:00,2024-10-20 14:18:00+00:00,2649.54,2649.54,2702.5308,17067.10880123095,2560.0663201846423,45.981402378162784,0.017961020000000008,1,3622,take_profit
normal,2024-10-20 14:19:00+00:00,2024-10-20 22:51:00+00:00,2701.86,2701.86,2755.8972000000003,17113.09020360911,2566.9635305413663,46.105283311324456,0.017961020000000143,1,513,take_profit
normal,2024-10-20 22:52:00+00:00,2024-10-23 15:40:00+00:00,2753.61,2665.9154140127393,2533.3212000000003,17159.195486920435,6863.678194768174,-354.4157573662733,-0.05163641815789471,2,3889,stop_loss
recovery,2024-10-23 15:41:00+00:00,2024-10-24 00:47:00+00:00,2531.8,2505.965306122449,2536.0368897959183,16804.77972955416,12603.58479716562,125.74611676433597,0.009977011999999763,2,547,take_profit
normal,2024-10-24 00:48:00+00:00,2024-10-26 20:30:00+00:00,2539.0,2458.140127388535,2507.3029299363056,16930.525846318495,6772.210338527398,121.63580533449749,0.01796102000000002,2,4063,take_profit
normal,2024-10-26 20:31:00+00:00,2024-10-28 22:02:00+00:00,2506.1,2506.1,2556.2219999999998,17052.161651652994,2557.824247747949,45.94113247028554,0.017961019999999873,1,2972,take_profit
normal,2024-10-28 22:03:00+00:00,2024-10-29 02:12:00+00:00,2557.09,2557.09,2608.2318,17098.10278412328,2564.7154176184918,46.06490491015393,0.01796101999999994,1,250,take_profit
normal,2024-10-29 02:13:00+00:00,2024-10-29 16:52:00+00:00,2609.21,2609.21,2661.3942,17144.16768903343,2571.6251533550144,46.189010811912794,0.017961020000000123,1,880,take_profit
normal,2024-10-29 16:53:00+00:00,2024-10-30 14:04:00+00:00,2664.76,2664.76,2718.0552000000002,17190.356699845343,2578.5535049768014,46.31345107395828,0.017961019999999942,1,1272,take_profit
normal,2024-10-30 14:05:00+00:00,2024-11-01 01:33:00+00:00,2717.44,2630.8973248407638,2500.0448,17236.6701509193,6894.66806036772,-356.0159630250273,-0.05163641815789455,2,2129,stop_loss
recovery,2024-11-01 01:34:00+00:00,2024-11-01 12:37:00+00:00,2508.12,2508.12,2538.21744,16880.654187894273,8440.327093947137,84.20924470023601,0.009977012000000035,1,664,take_profit
normal,2024-11-01 12:38:00+00:00,2024-11-06 01:08:00+00:00,2540.21,2459.311592356688,2508.497824203822,16964.86343259451,6785.945373037804,121.88250056404104,0.017961020000000234,2,6511,take_profit
normal,2024-11-06 01:09:00+00:00,2024-11-06 02:30:00+00:00,2505.79,2505.79,2555.9058,17086.745933158552,2563.0118899737827,46.03430781605675,0.01796101999999994,1,82,take_profit
normal,2024-11-06 02:31:00+00:00,2024-11-06 03:04:00+00:00,2552.6,2552.6,2603.652,17132.780240974607,2569.917036146191,46.15833128456234,0.017961019999999953,1,34,take_profit
normal,2024-11-06 03:05:00+00:00,2024-11-06 15:18:00+00:00,2605.0,2605.0,2657.1,17178.93857225917,2576.840785838875,46.2826888912673,0.017961019999999824,1,734,take_profit
normal,2024-11-06 15:19:00+00:00,2024-11-06 22:40:00+00:00,2656.6,2656.6,2709.732,17225.221261150436,2583.7831891725655,46.40738153639222,0.017961019999999998,1,442,take_profit
normal,2024-11-06 22:41:00+00:00,2024-11-07 01:09:00+00:00,2711.08,2711.08,2765.3016,17271.62864268683,2590.7442964030242,46.532410122580586,0.017961019999999977,1,149,take_profit
normal,2024-11-07 01:10:00+00:00,2024-11-07 01:28:00+00:00,2764.27,2764.27,2819.5554,17318.16105280941,2597.7241579214115,46.657775554909676,0.01796102000000002,1,19,take_profit
normal,2024-11-07 01:29:00+00:00,2024-11-07 18:58:00+00:00,2828.51,2828.51,2885.0802000000003,17364.818828364318,2604.7228242546475,46.783478740894225,0.017961020000000005,1,1050,take_profit
normal,2024-11-07 18:59:00+00:00,2024-11-08 00:09:00+00:00,2876.77,2876.77,2934.3054,17411.60230710521,2611.7403460657815,46.909520590494594,0.017961020000000067,1,311,take_profit
normal,2024-11-08 00:10:00+00:00,2024-11-09 05:40:00+00:00,2936.91,2936.91,2995.6482,17458.511827695707,2618.776774154356,47.035902016122236,0.017961020000000136,1,1771,take_profit
normal,2024-11-09 05:41:00+00:00,2024-11-09 19:01:00+00:00,2999.69,2999.69,3059.6838000000002,17505.54772971183,2625.8321594567747,47.16262393264651,0.017961020000000074,1,801,take_profit
normal,2024-11-09 19:02:00+00:00,2024-11-09 23:02:00+00:00,3081.19,3081.19,3142.8138,17552.710353644477,2632.9065530466714,47.28968725740242,0.017961020000000036,1,241,take_profit
normal,2024-11-09 23:03:00+00:00,2024-11-10 05:25:00+00:00,3146.64,3146.64,3209.5728,17600.00004090188,2640.0000061352816,47.417092910195606,0.017961019999999883,1,383,take_profit
normal,2024-11-10 05:26:00+00:00,2024-11-11 16:22:00+00:00,3209.76,3209.76,3273.9552000000003,17647.417133812076,2647.112570071811,47.54484181331145,0.017961020000000095,1,2097,take_profit
normal,2024-11-11 16:23:00+00:00,2024-11-11 19:07:00+00:00,3277.0,3277.0,3342.54,17694.96197562539,2654.2442963438084,47.67293489151689,0.017961019999999932,1,165,take_profit
normal,2024-11-11 19:08:00+00:00,2024-11-12 08:52:00+00:00,3329.03,3329.03,3395.6106000000004,17742.634910516907,2661.395236577536,47.80137307207406,0.017961020000000077,1,825,take_profit
normal,2024-11-12 08:53:00+00:00,2024-11-13 06:31:00+00:00,3395.76,3287.6147770700636,3124.0992,17790.43628358898,7116.1745134355915,-367.45376286031296,-0.05163641815789469,2,1299,stop_loss
recovery,2024-11-13 06:32:00+00:00,2024-11-13 08:23:00+00:00,3126.99,3126.99,3164.51388,17422.982520728667,8711.491260364333,86.91465284254991,0.009977011999999981,1,112,take_profit
normal,2024-11-13 08:24:00+00:00,2024-11-13 13:47:00+00:00,3162.35,3162.35,3225.5969999999998,17509.89717357122,2626.4845760356825,47.174341999868375,0.017961019999999984,1,324,take_profit
normal,2024-11-13 13:48:00+00:00,2024-11-13 14:41:00+00:00,3225.41,3225.41,3289.9182,17557.071515571086,2633.5607273356627,47.30143689489023,0.017961019999999942,1,54,take_profit
normal,2024-11-13 14:42:00+00:00,2024-11-15 04:39:00+00:00,3289.39,3184.6323566878978,3026.2388,17604.372952465976,7041.74918098639,-363.61070527242555,-0.05163641815789467,2,2278,stop_loss
recovery,2024-11-15 04:40:00+00:00,2024-11-15 06:03:00+00:00,3025.57,3025.57,3061.8768400000004,17240.76224719355,8620.381123596775,86.0056459146981,0.009977011999999954,1,84,take_profit
normal,2024-11-15 06:04:00+00:00,2024-11-15 12:12:00+00:00,3063.89,3063.89,3125.1677999999997,17326.76789310825,2599.015183966237,46.68096369952082,0.017961019999999828,1,369,take_profit
normal,2024-11-15 12:13:00+00:00,2024-11-16 11:55:00+00:00,3125.39,3125.39,3187.8977999999997,17373.44885680777,2606.0173285211654,46.806729357915174,0.01796101999999998,1,1423,take_profit
normal,2024-11-16 11:56:00+00:00,2024-11-21 12:23:00+00:00,3187.49,3187.49,3251.2398,17420.255586165684,2613.0383379248524,46.93283384823508,0.01796102000000002,1,7228,take_profit
normal,2024-11-21 12:24:00+00:00,2024-11-21 12:44:00+00:00,3252.56,3252.56,3317.6112,17467.188420013917,2620.0782630020876,47.05927808334536,0.01796101999999985,1,21,take_profit
normal,2024-11-21 12:45:00+00:00,2024-11-21 18:59:00+00:00,3316.88,3316.88,3383.2176,17514.247698097264,2627.1371547145895,47.1860629785715,0.017961019999999873,1,375,take_profit
normal,2024-11-21 19:00:00+00:00,2024-11-23 14:04:00+00:00,3379.22,3379.22,3446.8044,17561.433761075834,2634.215064161375,47.31318945170415,0.017961020000000157,1,2585,take_profit
normal,2024-11-23 14:05:00+00:00,2024-11-25 10:37:00+00:00,3446.82,3446.82,3515.7564,17608.746950527537,2641.3120425791303,47.44065842300461,0.017961019999999998,1,2673,take_profit
normal,2024-11-25 10:38:00+00:00,2024-11-27 10:42:00+00:00,3516.79,3404.7903184713373,3472.8861248407643,17656.18760895054,7062.475043580215,126.84925550724529,0.017961020000000025,2,2885,take_profit
normal,2024-11-27 10:43:00+00:00,2024-11-27 15:31:00+00:00,3477.0,3477.0,3546.54,17783.036864457783,2667.455529668667,47.910222117489866,0.01796102000000013,1,289,take_profit
normal,2024-11-27 15:32:00+00:00,2024-11-27 20:20:00+00:00,3548.36,3548.36,3619.3272,17830.947086575274,2674.642062986291,48.03929958613844,0.017961020000000154,1,289,take_profit
normal,2024-11-27 20:21:00+00:00,2024-11-30 05:57:00+00:00,3618.5,3618.5,3690.87,17878.98638616141,2681.8479579242116,48.168724809235755,0.01796101999999994,1,3457,take_profit
normal,2024-11-30 05:58:00+00:00,2024-12-04 00:52:00+00:00,3693.7,3576.0662420382164,3647.587566878981,17927.155110970645,7170.862044388257,128.7959965964992,0.017961020000000116,2,5455,take_profit
normal,2024-12-04 00:53:00+00:00,2024-12-04 07:47:00+00:00,3647.63,3647.63,3720.5826,18055.951107567143,2708.3926661350715,48.645494844305176,0.01796101999999994,1,415,take_profit
normal,2024-12-04 07:48:00+00:00,2024-12-04 14:55:00+00:00,3719.8,3719.8000000000006,3794.196000000001,18104.59660241145,2715.689490361717,48.776553250176676,0.017961020000000025,1,428,take_profit
normal,2024-12-04 14:56:00+00:00,2024-12-04 20:12:00+00:00,3788.49,3788.4899999999993,3864.2597999999994,18153.373155661626,2723.005973349244,48.907964747445476,0.017961020000000088,1,317,take_profit
normal,2024-12-04 20:13:00+00:00,2024-12-05 14:47:00+00:00,3866.01,3866.01,3943.3302000000003,18202.281120409072,2730.3421680613606,49.03973028739347,0.017961020000000005,1,1115,take_profit
normal,2024-12-05 14:48:00+00:00,2024-12-06 03:50:00+00:00,3942.27,3816.7200000000003,3893.0544000000004,18251.320850696466,7300.528340278586,131.12493553031163,0.017961020000000157,2,783,take_profit
normal,2024-12-06 03:51:00+00:00,2024-12-06 14:54:00+00:00,3893.96,3893.96,3971.8392,18382.445786226777,2757.3668679340167,49.525121462300376,0.017961020000000053,1,664,take_profit
normal,2024-12-06 14:55:00+00:00,2024-12-06 18:36:00+00:00,3965.83,3965.83,4045.1466,18431.970907689076,2764.795636153361,49.65854971686349,0.01796102000000009,1,222,take_profit
normal,2024-12-06 18:37:00+00:00,2024-12-09 20:53:00+00:00,4048.15,3919.228025477707,3724.2980000000002,18481.62945740594,7392.651782962375,-381.73005876074967,-0.05163641815789451,2,4457,stop_loss
recovery,2024-12-09 20:54:00+00:00,2024-12-10 00:32:00+00:00,3749.03,3710.774591836735,3755.303886938776,18099.89939864519,13574.924548983892,135.43718512430678,0.009977011999999992,2,219,take_profit
normal,2024-12-10 00:33:00+00:00,2024-12-11 11:00:00+00:00,3756.98,3637.3309554140124,3710.0775745222927,18235.336583769495,7294.134633507798,131.01009803512625,0.01796102,2,2068,take_profit
normal,2024-12-11 11:01:00+00:00,2024-12-11 15:06:00+00:00,3708.7,3708.6999999999994,3782.8739999999993,18366.34668180462,2754.9520022706934,49.48174801182358,0.01796101999999986,1,246,take_profit
normal,2024-12-11 15:07:00+00:00,2024-12-12 02:56:00+00:00,3782.2,3782.2,3857.844,18415.828429816447,2762.374264472467,49.6150594116757,0.017961020000000157,1,710,take_profit
normal,2024-12-12 02:57:00+00:00,2024-12-12 03:51:00+00:00,3866.83,3866.83,3944.1666,18465.443489228124,2769.8165233842187,49.74872997283455,0.01796102000000005,1,55,take_profit
normal,2024-12-12 03:52:00+00:00,2024-12-16 00:50:00+00:00,3938.96,3938.9599999999996,4017.7391999999995,18515.19221920096,2777.278832880144,49.88276066293702,0.017961020000000032,1,5579,take_profit
normal,2024-12-16 00:51:00+00:00,2024-12-16 18:50:00+00:00,4014.71,4014.71,4095.0042000000003,18565.074979863897,2784.7612469795845,50.01715245222567,0.01796102000000015,1,1080,take_profit
normal,2024-12-16 18:51:00+00:00,2024-12-18 20:02:00+00:00,4094.13,3963.743694267516,3766.5996000000005,18615.092132316124,7446.036852926449,-384.48667255680357,-0.05163641815789459,2,2952,stop_loss
recovery,2024-12-18 20:03:00+00:00,2025-01-06 15:54:00+00:00,3767.59,3659.7336627843692,3703.6504667377817,18230.60545975932,18230.60545975932,181.88696943928153,0.00997701199999985,3,27112,take_profit
normal,2025-01-06 15:55:00+00:00,2025-01-07 19:38:00+00:00,3709.51,3591.372738853503,3412.7492,18412.492429198603,7364.99697167944,-380.30206336126685,-0.05163641815789458,2,1664,stop_loss
recovery,2025-01-07 19:39:00+00:00,2025-01-15 15:29:00+00:00,3407.42,3309.874396429738,3349.5928891868953,18032.190365837334,18032.190365837334,179.90737966624874,0.009977012000000292,3,11271,take_profit
normal,2025-01-15 15:30:00+00:00,2025-01-15 19:36:00+00:00,3349.11,3349.11,3416.0922,18212.097745503583,2731.8146618255373,49.066177777341636,0.017961019999999973,1,247,take_profit
normal,2025-01-15 19:37:00+00:00,2025-01-17 20:29:00+00:00,3419.99,3419.99,3488.3898,18261.163923280925,2739.174588492139,49.19836956739937,0.017961020000000105,1,2933,take_profit
normal,2025-01-17 20:30:00+00:00,2025-01-19 09:01:00+00:00,3491.4,3380.2089171974526,3212.088,18310.362292848324,7324.144917139329,-378.1926095904255,-0.051636418157894715,2,2192,stop_loss
recovery,2025-01-19 09:02:00+00:00,2025-01-19 13:58:00+00:00,3210.81,3210.81,3249.33972,17932.169683257896,8966.084841628948,89.45473605794905,0.00997701199999988,1,297,take_profit
normal,2025-01-19 13:59:00+00:00,2025-01-19 14:12:00+00:00,3274.58,3274.58,3340.0715999999998,18021.624419315845,2703.243662897377,48.553013494172774,0.0179610199999999,1,14,take_profit
normal,2025-01-19 14:13:00+00:00,2025-01-19 15:04:00+00:00,3336.39,3336.39,3403.1178,18070.17743281002,2710.5266149215026,48.68382274113765,0.017961020000000088,1,52,take_profit
normal,2025-01-19 15:05:00+00:00,2025-01-20 00:47:00+00:00,3424.29,3315.2361783439487,3150.3468000000003,18118.861255551157,7247.544502220462,-374.23723853460615,-0.05163641815789464,2,583,stop_loss
recovery,2025-01-20 00:48:00+00:00,2025-01-20 00:51:00+00:00,3147.54,3147.54,3185.31048,17744.62401701655,8872.312008508276,88.51916337662988,0.009977011999999855,1,4,take_profit
normal,2025-01-20 00:52:00+00:00,2025-01-20 02:16:00+00:00,3179.89,3179.89,3243.4878,17833.14318039318,2674.971477058977,48.04521619888601,0.017961020000000067,1,85,take_profit
normal,2025-01-20 02:17:00+00:00,2025-01-20 05:09:00+00:00,3244.29,3244.29,3309.1758,17881.188396592064,2682.1782594888095,48.174657362244034,0.017961020000000126,1,173,take_profit
normal,2025-01-20 05:10:00+00:00,2025-01-20 06:47:00+00:00,3310.05,3310.05,3376.251,17929.36305395431,2689.4044580931463,48.30444725990037,0.017961020000000077,1,98,take_profit
normal,2025-01-20 06:48:00+00:00,2025-01-20 06:55:00+00:00,3377.21,3377.21,3444.7542000000003,17977.667501214208,2696.650125182131,48.434586831398974,0.01796102000000008,1,8,take_profit
normal,2025-01-20 06:56:00+00:00,2025-01-24 05:58:00+00:00,3446.59,3336.825987261146,3403.5625070063693,18026.102088045605,7210.440835218242,129.50687205017311,0.017961020000000216,2,5703,take_profit
normal,2025-01-24 05:59:00+00:00,2025-01-27 05:41:00+00:00,3405.83,3297.3640764331208,3133.3636,18155.60896009578,7262.243584038311,-374.99624646989105,-0.051636418157894826,2,4303,stop_loss
recovery,2025-01-27 05:42:00+00:00,2025-01-27 14:48:00+00:00,3133.85,3101.87193877551,3139.094402040816,17780.612713625887,13335.459535219416,133.04803980840006,0.009977012000000115,2,547,take_profit
normal,2025-01-27 14:49:00+00:00,2025-01-27 21:16:00+00:00,3139.0,3139.0,3201.78,17913.660753434287,2687.049113015143,48.262142859847245,0.01796102,1,388,take_profit
normal,2025-01-27 21:17:00+00:00,2025-01-29 20:26:00+00:00,3208.97,3106.773503184713,3168.908973248407,17961.922896294134,7184.7691585176535,129.04578255151773,0.01796101999999986,2,2830,take_profit
normal,2025-01-29 20:27:00+00:00,2025-01-30 13:15:00+00:00,3176.37,3176.37,3239.8974,18090.968678845653,2713.645301826848,48.739837539018026,0.01796101999999999,1,1009,take_profit
normal,2025-01-30 13:16:00+00:00,2025-01-31 11:21:00+00:00,3248.42,3248.42,3313.3884000000003,18139.70851638467,2720.9562774577007,48.87115011854348,0.017961020000000064,1,1326,take_profit
normal,2025-01-31 11:22:00+00:00,2025-01-31 15:23:00+00:00,3314.31,3314.31,3380.5962,18188.579666503214,2728.286949975482,49.00281647424845,0.017961019999999932,1,242,take_profit
normal,2025-01-31 15:24:00+00:00,2025-02-01 23:12:00+00:00,3387.79,3279.8985987261144,3116.7668,18237.582482977465,7295.0329931909855,-376.6893741120475,-0.051636418157894645,2,1909,stop_loss
recovery,2025-02-01 23:13:00+00:00,2025-02-02 00:42:00+00:00,3116.17,3116.17,3153.56404,17860.893108865417,8930.446554432709,89.09917243893506,0.009977012000000143,1,90,take_profit
normal,2025-02-02 00:43:00+00:00,2025-02-02 19:17:00+00:00,3152.93,3052.5182165605092,2900.6956,17949.992281304352,7179.996912521741,-370.7493229473657,-0.05163641815789473,2,1115,stop_loss
recovery,2025-02-02 19:18:00+00:00,2025-02-02 19:31:00+00:00,2908.81,2908.81,2943.71572,17579.242958356986,8789.621479178493,87.69415897322324,0.00997701200000019,1,14,take_profit
normal,2025-02-02 19:32:00+00:00,2025-02-03 01:45:00+00:00,2944.46,2850.6873885350324,2708.9032,17666.93711733021,7066.774846932083,-364.90294102387725,-0.05163641815789469,2,374,stop_loss
recovery,2025-02-03 01:46:00+00:00,2025-02-03 02:08:00+00:00,2699.31,2622.035750517035,2159.448,17302.034176306333,17302.034176306333,-3080.963862047365,-0.17806945880770966,3,23,stop_loss
recovery,2025-02-03 02:09:00+00:00,2025-02-03 02:09:00+00:00,2286.5,2286.5,2313.938,14221.070314258968,7110.535157129484,70.94189458910205,0.009977011999999902,1,1,take_profit
normal,2025-02-03 02:10:00+00:00,2025-02-03 02:10:00+00:00,2334.53,2334.53,2381.2206,14292.012208848071,2143.8018313272105,38.504867568504324,0.017961019999999845,1,1,take_profit
normal,2025-02-03 02:11:00+00:00,2025-02-03 02:12:00+00:00,2367.51,2367.51,2414.8602,14330.517076416574,2149.577561462486,38.60860557297883,0.01796101999999995,1,2,take_profit
normal,2025-02-03 02:13:00+00:00,2025-02-03 02:17:00+00:00,2435.34,2435.34,2484.0468,14369.125681989553,2155.368852298433,38.712623063509,0.017961019999999907,1,5,take_profit
normal,2025-02-03 02:18:00+00:00,2025-02-03 03:18:00+00:00,2486.05,2486.05,2535.771,14407.838305053061,2161.1757457579592,38.81692079307368,0.017961020000000025,1,61,take_profit
normal,2025-02-03 03:19:00+00:00,2025-02-03 07:41:00+00:00,2542.59,2542.59,2593.4418,14446.655225846134,2166.99828387692,38.92149951667852,0.017961019999999762,1,263,take_profit
normal,2025-02-03 07:42:00+00:00,2025-02-03 15:21:00+00:00,2602.21,2602.21,2654.2542000000003,14485.576725362811,2172.8365088044216,39.02635999136692,0.01796102000000024,1,460,take_profit
normal,2025-02-03 15:22:00+00:00,2025-02-03 15:43:00+00:00,2654.98,2654.98,2708.0796,14524.603085354178,2178.6904628031266,39.131502976216325,0.01796102000000005,1,22,take_profit
normal,2025-02-03 15:44:00+00:00,2025-02-03 19:21:00+00:00,2708.74,2708.74,2762.9148,14563.734588330395,2184.5601882495594,39.236929232354214,0.017961020000000053,1,218,take_profit
normal,2025-02-03 19:22:00+00:00,2025-02-03 21:59:00+00:00,2762.9,2762.9,2818.1580000000004,14602.97151756275,2190.4457276344124,39.34263952295623,0.01796102,1,158,take_profit
normal,2025-02-03 22:00:00+00:00,2025-02-03 22:09:00+00:00,2817.62,2817.62,2873.9724,14642.314157085706,2196.347123562856,39.44863461325531,0.017961020000000175,1,10,take_profit
normal,2025-02-03 22:10:00+00:00,2025-02-04 13:21:00+00:00,2868.99,2777.620891719745,2833.17330955414,14681.762791698962,5872.7051166795845,105.47977405478468,0.017961020000000057,2,912,take_profit
normal,2025-02-04 13:22:00+00:00,2025-02-05 11:09:00+00:00,2832.29,2742.089681528662,2796.931475159235,14787.242565753746,5914.897026301498,106.23758378734146,0.017961019999999956,2,1308,take_profit
normal,2025-02-05 11:10:00+00:00,2025-02-06 06:58:00+00:00,2798.21,2798.21,2854.1742,14893.480149541087,2234.022022431163,40.12531422532675,0.01796102000000008,1,1189,take_profit
normal,2025-02-06 06:59:00+00:00,2025-02-07 20:29:00+00:00,2854.51,2763.6020382165607,2626.1492000000003,14933.605463766413,5973.442185506565,-308.4471585328247,-0.05163641815789458,2,2251,stop_loss
recovery,2025-02-07 20:30:00+00:00,2025-02-08 00:24:00+00:00,2621.5,2621.5,2652.958,14625.158305233588,7312.579152616794,72.95768995660637,0.009977011999999834,1,235,take_profit
normal,2025-02-08 00:25:00+00:00,2025-02-11 00:37:00+00:00,2652.49,2652.49,2705.5398,14698.115995190194,2204.717399278529,39.598973302789545,0.017961019999999956,1,4333,take_profit
normal,2025-02-11 00:38:00+00:00,2025-02-12 17:27:00+00:00,2704.59,2618.456560509555,2670.825691719746,14737.714968492983,5895.085987397193,105.88175732136096,0.01796102000000004,2,2450,take_profit
normal,2025-02-12 17:28:00+00:00,2025-02-12 22:20:00+00:00,2671.6,2671.6,2725.032,14843.596725814343,2226.539508872151,39.99092064964316,0.017961020000000123,1,293,take_profit
normal,2025-02-12 22:21:00+00:00,2025-02-14 03:49:00+00:00,2751.57,2663.9403821656047,2717.219189808917,14883.587646463986,5953.435058585594,106.92976615595762,0.017961020000000102,2,1769,take_profit
normal,2025-02-14 03:50:00+00:00,2025-02-14 17:49:00+00:00,2717.0,2717.0,2771.34,14990.517412619942,2248.577611892991,40.38674745876233,0.017961020000000036,1,840,take_profit
normal,2025-02-14 17:50:00+00:00,2025-02-17 15:00:00+00:00,2776.47,2776.47,2831.9993999999997,15030.904160078704,2254.6356240118057,40.49555553558821,0.017961019999999862,1,4151,take_profit
normal,2025-02-17 15:01:00+00:00,2025-02-18 17:30:00+00:00,2843.6,2753.0394904458594,2616.112,15071.399715614292,6028.559886245717,-311.29323917609327,-0.05163641815789458,2,1590,stop_loss
recovery,2025-02-18 17:31:00+00:00,2025-02-18 21:07:00+00:00,2619.07,2619.07,2650.49884,14760.106476438199,7380.0532382190995,73.63087971835012,0.009977011999999905,1,217,take_profit
normal,2025-02-18 21:08:00+00:00,2025-02-19 06:50:00+00:00,2651.05,2651.05,2704.0710000000004,14833.73735615655,2225.0606034234825,39.96435799930168,0.0179610200000002,1,583,take_profit
normal,2025-02-19 06:51:00+00:00,2025-02-20 04:22:00+00:00,2701.52,2701.52,2755.5504,14873.70171415585,2231.0552571233775,40.07202809429782,0.017961019999999862,1,1292,take_profit
normal,2025-02-20 04:23:00+00:00,2025-02-21 09:18:00+00:00,2754.53,2754.53,2809.6206,14913.773742250147,2237.066061337522,40.17998826900475,0.01796102000000013,1,1736,take_profit
normal,2025-02-21 09:19:00+00:00,2025-02-22 15:57:00+00:00,2814.27,2724.6435668789804,2779.1364382165602,14953.953730519152,5981.581492207661,107.43530481317248,0.01796102000000014,2,1839,take_profit
normal,2025-02-22 15:58:00+00:00,2025-02-23 23:14:00+00:00,2780.44,2780.44,2836.0488,15061.389035332324,2259.2083552998483,40.57768645370743,0.017961019999999887,1,1877,take_profit
normal,2025-02-23 23:15:00+00:00,2025-02-24 22:02:00+00:00,2839.05,2748.634394904458,2611.9260000000004,15101.966721786031,6040.786688714412,-311.9245874610997,-0.05163641815789441,2,1368,stop_loss
recovery,2025-02-24 22:03:00+00:00,2025-03-02 21:43:00+00:00,2584.35,2510.3667573745506,2540.4911584630454,14790.042134324933,14790.042134324933,147.56042785466343,0.009977011999999862,3,8621,take_profit
normal,2025-03-02 21:44:00+00:00,2025-03-03 08:51:00+00:00,2538.0,2457.171974522293,2334.96,14937.602562179596,5975.041024871838,-308.52971687085756,-0.05163641815789464,2,668,stop_loss
recovery,2025-03-03 08:52:00+00:00,2025-03-03 12:03:00+00:00,2339.08,2339.08,2367.14896,14629.072845308736,7314.536422654368,72.97721766325867,0.00997701199999986,1,192,take_profit
normal,2025-03-03 12:04:00+00:00,2025-03-03 18:47:00+00:00,2369.29,2293.8349044585984,2179.7468,14702.050062971994,5880.820025188797,-303.66448193196993,-0.051636418157894756,2,404,stop_loss
recovery,2025-03-03 18:48:00+00:00,2025-03-03 18:48:00+00:00,2181.4,2181.4,2207.5768000000003,14398.385581040024,7199.192790520012,71.82643286133225,0.009977012000000084,1,1,take_profit
normal,2025-03-03 18:49:00+00:00,2025-03-04 01:45:00+00:00,2208.55,2138.2140127388534,2031.8660000000002,14470.212013901357,5788.084805560542,-298.87596735328043,-0.05163641815789464,2,417,stop_loss
recovery,2025-03-04 01:46:00+00:00,2025-03-04 01:47:00+00:00,2029.11,2029.11,2053.45932,14171.336046548076,7085.668023274038,70.69379489622224,0.009977012000000125,1,2,take_profit
normal,2025-03-04 01:48:00+00:00,2025-03-04 02:55:00+00:00,2040.91,2040.9099999999999,2081.7282,14242.029841444299,2136.3044762166446,38.370207423417014,0.017961020000000157,1,68,take_profit
normal,2025-03-04 02:56:00+00:00,2025-03-04 05:06:00+00:00,2074.41,2074.41,2115.8982,14280.400048867716,2142.060007330157,38.47358263285696,0.017961019999999935,1,131,take_profit
normal,2025-03-04 05:07:00+00:00,2025-03-04 17:18:00+00:00,2120.91,2053.365095541401,2094.432397452229,14318.873631500572,5727.5494526002285,102.87263026914115,0.017961019999999894,2,732,take_profit
normal,2025-03-04 17:19:00+00:00,2025-03-04 18:14:00+00:00,2100.44,2100.44,2142.4488,14421.746261769713,2163.261939265457,38.85439095638594,0.017961020000000133,1,56,take_profit
normal,2025-03-04 18:15:00+00:00,2025-03-04 20:22:00+00:00,2142.8,2142.8,2185.6560000000004,14460.6006527261,2169.0900979089147,38.959070630344286,0.017961020000000143,1,128,take_profit
normal,2025-03-04 20:23:00+00:00,2025-03-05 09:07:00+00:00,2185.33,2185.33,2229.0366,14499.559723356444,2174.9339585034663,39.064032327359655,0.017961019999999873,1,765,take_profit
normal,2025-03-05 09:08:00+00:00,2025-03-05 10:34:00+00:00,2228.0,2228.0,2272.56,14538.623755683802,2180.7935633525703,39.169276807247115,0.017961020000000154,1,87,take_profit
normal,2025-03-05 10:35:00+00:00,2025-03-06 05:21:00+00:00,2270.81,2270.81,2316.2262,14577.793032491049,2186.668954873657,39.27480483186491,0.017961020000000025,1,1127,take_profit
normal,2025-03-06 05:22:00+00:00,2025-03-07 00:20:00+00:00,2313.45,2239.773248407643,2128.374,14617.067837322913,5846.8271349291645,-301.9092108361274,-0.05163641815789464,2,1139,stop_loss
recovery,2025-03-07 00:21:00+00:00,2025-03-07 01:19:00+00:00,2136.44,2136.44,2162.07728,14315.158626486786,7157.579313243393,71.41125469918097,0.009977011999999983,1,59,take_profit
normal,2025-03-07 01:20:00+00:00,2025-03-07 09:29:00+00:00,2166.86,2166.86,2210.1972,14386.569881185966,2157.985482177895,38.75962040510649,0.01796101999999985,1,490,take_profit
normal,2025-03-07 09:30:00+00:00,2025-03-07 14:48:00+00:00,2209.69,2209.69,2253.8838,14425.329501591072,2163.7994252386607,38.86404475270001,0.017961019999999963,1,319,take_profit
normal,2025-03-07 14:49:00+00:00,2025-03-08 17:20:00+00:00,2243.43,2171.9831847133755,2215.422848407643,14464.193546343771,5785.677418537509,103.9166678278998,0.017961019999999866,2,1592,take_profit
normal,2025-03-08 17:21:00+00:00,2025-03-09 17:01:00+00:00,2217.15,2146.540127388535,2039.7780000000002,14568.110214171671,5827.244085668668,-300.8980123157053,-0.051636418157894555,2,1421,stop_loss
recovery,2025-03-09 17:02:00+00:00,2025-03-10 02:38:00+00:00,2044.8,2044.8,2069.3376,14267.212201855966,7133.606100927983,71.17207367223182,0.009977012000000018,1,577,take_profit
normal,2025-03-10 02:39:00+00:00,2025-03-10 09:16:00+00:00,2065.26,2065.26,2106.5652000000005,14338.384275528198,2150.7576413292295,38.629801011067684,0.017961020000000265,1,398,take_profit
normal,2025-03-10 09:17:00+00:00,2025-03-10 09:18:00+00:00,2102.71,2102.71,2144.7642,14377.014076539266,2156.55211148089,38.73387560535048,0.017961019999999994,1,2,take_profit
normal,2025-03-10 09:19:00+00:00,2025-03-10 17:04:00+00:00,2140.12,2071.9633121019106,1968.9104,14415.747952144618,5766.299180857847,-297.7510357263018,-0.05163641815789475,2,466,stop_loss
recovery,2025-03-10 17:05:00+00:00,2025-03-11 09:37:00+00:00,1961.83,1905.6678915859368,1928.535906284968,14117.996916418317,14117.996916418317,140.85542465106664,0.009977011999999865,3,993,take_profit
normal,2025-03-11 09:38:00+00:00,2025-03-12 21:11:00+00:00,1927.25,1865.872611464968,1903.1900636942673,14258.852341069383,5703.540936427753,102.44141282999863,0.01796102000000018,2,2134,take_profit
normal,2025-03-12 21:12:00+00:00,2025-03-14 15:18:00+00:00,1902.7,1902.7,1940.7540000000001,14361.293753899383,2154.194063084907,38.69152265094954,0.01796102000000012,1,2527,take_profit
normal,2025-03-14 15:19:00+00:00,2025-03-19 10:31:00+00:00,1937.33,1937.33,1976.0765999999999,14399.985276550331,2159.9977914825495,38.79576353277389,0.017961019999999994,1,6913,take_profit
normal,2025-03-19 10:32:00+00:00,2025-03-19 11:14:00+00:00,1974.34,1974.34,2013.8268,14438.781040083104,2165.8171560124656,38.90028525548314,0.017961020000000057,1,43,take_profit
normal,2025-03-19 11:15:00+00:00,2025-03-19 15:49:00+00:00,2009.15,2009.15,2049.333,14477.681325338588,2171.652198800788,39.00508857570503,0.017961020000000046,1,275,take_profit
normal,2025-03-19 15:50:00+00:00,2025-03-24 04:37:00+00:00,2048.93,1983.6774522292992,2023.3510012738852,14516.686413914293,5806.674565565717,104.29379800561674,0.01796101999999993,2,6528,take_profit
normal,2025-03-24 04:38:00+00:00,2025-03-24 06:08:00+00:00,2023.74,2023.74,2064.2148,14620.98021191991,2193.1470317879866,39.39115770088483,0.017961020000000077,1,91,take_profit
normal,2025-03-24 06:09:00+00:00,2025-03-28 04:41:00+00:00,2071.17,2005.2091719745222,1905.4764000000002,14660.371369620796,5864.148547848318,-302.80362655670524,-0.051636418157894444,2,5673,stop_loss
recovery,2025-03-28 04:42:00+00:00,2025-04-01 15:14:00+00:00,1937.45,1881.9858278001523,1904.5696577337542,14357.56774306409,14357.56774306409,143.245625663365,0.009977012000000115,3,6393,take_profit
normal,2025-04-01 15:15:00+00:00,2025-04-02 20:14:00+00:00,1903.99,1903.99,1942.0698,14500.813368727455,2175.1220053091183,39.06740983979671,0.017961019999999783,1,1740,take_profit
normal,2025-04-02 20:15:00+00:00,2025-04-03 12:43:00+00:00,1933.74,1872.1559235668788,1779.0408,14539.88077856725,5815.9523114268995,-300.3149455392131,-0.05163641815789462,2,989,stop_loss
recovery,2025-04-03 12:44:00+00:00,2025-04-03 18:50:00+00:00,1776.51,1776.51,1797.82812,14239.565833028038,7119.782916514019,71.0341595954551,0.009977011999999962,1,367,take_profit
normal,2025-04-03 18:51:00+00:00,2025-04-04 08:20:00+00:00,1798.12,1798.12,1834.0824,14310.599992623494,2146.589998893524,38.55494590192666,0.017961020000000046,1,810,take_profit
normal,2025-04-04 08:21:00+00:00,2025-04-06 17:27:00+00:00,1834.02,1775.6117197452231,1687.2984000000001,14349.154938525422,5739.661975410168,-296.37558584724684,-0.051636418157894604,2,3427,stop_loss
recovery,2025-04-06 17:28:00+00:00,2025-04-09 18:14:00+00:00,1698.49,1649.8666332861653,1669.6650328855994,14052.779352678173,14052.779352678173,140.20474823502263,0.00997701200000002,3,4367,take_profit
normal,2025-04-09 18:15:00+00:00,2025-04-10 15:24:00+00:00,1665.97,1612.9136305732486,1532.6924000000001,14192.984100913196,5677.193640365278,-293.1499447772412,-0.05163641815789457,2,1270,stop_loss
recovery,2025-04-10 15:25:00+00:00,2025-04-11 01:32:00+00:00,1534.56,1518.9012244897958,1537.1280391836733,13899.834156135952,10424.875617101963,104.00910913033476,0.009977012000000103,2,608,take_profit
normal,2025-04-11 01:33:00+00:00,2025-04-11 08:05:00+00:00,1539.38,1539.38,1570.1676000000002,14003.843265266285,2100.5764897899426,37.72849634464728,0.017961020000000157,1,393,take_profit
normal,2025-04-11 08:06:00+00:00,2025-04-12 08:06:00+00:00,1565.4,1565.3999999999999,1596.7079999999999,14041.571761610932,2106.2357642416396,37.83014268625902,0.017961019999999835,1,1441,take_profit
normal,2025-04-12 08:07:00+00:00,2025-04-12 13:43:00+00:00,1594.19,1594.19,1626.0738000000001,14079.401904297192,2111.910285644579,37.93206287866815,0.017961020000000074,1,337,take_profit
normal,2025-04-12 13:44:00+00:00,2025-04-12 14:23:00+00:00,1625.25,1625.25,1657.755,14117.33396717586,2117.600095076379,38.03425765966904,0.017961020000000136,1,40,take_profit
normal,2025-04-12 14:24:00+00:00,2025-04-13 17:49:00+00:00,1659.99,1607.124076433121,1639.2665579617835,14155.368224835529,5662.147289934212,101.69794071745491,0.01796102000000013,2,1646,take_profit
normal,2025-04-13 17:50:00+00:00,2025-04-14 10:31:00+00:00,1639.73,1639.7299999999998,1672.5245999999997,14257.066165552984,2138.5599248329477,38.41071758112275,0.017961019999999852,1,1002,take_profit
normal,2025-04-14 10:32:00+00:00,2025-04-21 05:49:00+00:00,1670.01,1616.8249681528662,1649.1614675159235,14295.476883134106,5718.1907532536425,102.70453848300349,0.017961019999999956,2,9798,take_profit
normal,2025-04-21 05:50:00+00:00,2025-04-22 08:16:00+00:00,1650.59,1598.0234394904458,1629.9839082802548,14398.18142161711,5759.272568646844,103.44240979091774,0.01796102000000007,2,1587,take_profit
normal,2025-04-22 08:17:00+00:00,2025-04-22 14:44:00+00:00,1629.9,1629.8999999999999,1662.4979999999998,14501.623831408027,2175.243574711204,39.06959335025931,0.017961019999999946,1,388,take_profit
normal,2025-04-22 14:45:00+00:00,2025-04-22 15:04:00+00:00,1669.53,1669.53,1702.9206,14540.693424758287,2181.104013713743,39.174852812393056,0.017961020000000112,1,20,take_profit
normal,2025-04-22 15:05:00+00:00,2025-04-22 21:45:00+00:00,1709.08,1709.08,1743.2616,14579.86827757068,2186.980241635602,39.28039585962233,0.017961020000000206,1,401,take_profit
normal,2025-04-22 21:46:00+00:00,2025-04-22 21:49:00+00:00,1739.67,1739.6700000000003,1774.4634000000003,14619.148673430303,2192.8723010145454,39.386223255968616,0.017961020000000157,1,4,take_profit
normal,2025-04-22 21:50:00+00:00,2025-04-23 04:59:00+00:00,1776.83,1776.83,1812.3666,14658.534896686271,2198.7802345029404,39.49233576751203,0.01796102000000001,1,430,take_profit
normal,2025-04-23 05:00:00+00:00,2025-04-25 12:12:00+00:00,1817.0,1759.1337579617834,1794.3164331210191,14698.027232453784,5879.210892981513,105.59662443305933,0.017961020000000088,2,3313,take_profit
normal,2025-04-25 12:13:00+00:00,2025-04-26 08:28:00+00:00,1796.67,1796.6699999999998,1832.6034,14803.623856886841,2220.543578533026,39.88322762490361,0.01796102000000016,1,1216,take_profit
normal,2025-04-26 08:29:00+00:00,2025-05-01 02:00:00+00:00,1833.92,1775.5149044585987,1811.0252025477707,14843.507084511744,5937.402833804697,106.64181104602358,0.017961020000000123,2,6812,take_profit
normal,2025-05-01 02:01:00+00:00,2025-05-01 10:30:00+00:00,1809.62,1809.62,1845.8124,14950.148895557768,2242.522334333665,40.2779884974143,0.01796102000000029,1,510,take_profit
normal,2025-05-01 10:31:00+00:00,2025-05-07 00:20:00+00:00,1846.0,1787.2101910828026,1822.9543949044587,14990.426884055181,5996.170753622073,107.69734282922127,0.017961020000000025,2,8030,take_profit
normal,2025-05-07 00:21:00+00:00,2025-05-08 03:11:00+00:00,1825.77,1825.77,1862.2854,15098.124226884403,2264.7186340326602,40.67665668023301,0.017961019999999876,1,1611,take_profit
normal,2025-05-08 03:12:00+00:00,2025-05-08 03:45:00+00:00,1856.31,1856.3100000000002,1893.4362,15138.800883564636,2270.8201325346954,40.786245816858354,0.01796102000000002,1,34,take_profit
normal,2025-05-08 03:46:00+00:00,2025-05-08 07:33:00+00:00,1893.27,1893.2700000000002,1931.1354000000003,15179.587129381493,2276.938069407224,40.89613020338493,0.01796102000000017,1,228,take_profit
normal,2025-05-08 07:34:00+00:00,2025-05-08 12:18:00+00:00,1932.09,1932.0899999999997,1970.7317999999998,15220.483259584877,2283.0724889377316,41.00631063525998,0.017961019999999828,1,285,take_profit
normal,2025-05-08 12:19:00+00:00,2025-05-08 14:51:00+00:00,1968.41,1968.4099999999999,2007.7782,15261.489570220136,2289.22343553302,41.116787910077164,0.017961019999999946,1,153,take_profit
normal,2025-05-08 14:52:00+00:00,2025-05-08 15:40:00+00:00,2005.73,2005.73,2045.8446000000001,15302.606358130213,2295.390953719532,41.22756282757564,0.017961020000000022,1,49,take_profit
normal,2025-05-08 15:41:00+00:00,2025-05-08 19:21:00+00:00,2046.02,2046.02,2086.9404,15343.833920957788,2301.575088143668,41.33863618965006,0.017961019999999946,1,221,take_profit
normal,2025-05-08 19:22:00+00:00,2025-05-08 19:54:00+00:00,2082.45,2082.45,2124.0989999999997,15385.172557147438,2307.7758835721156,41.4500088003565,0.017961020000000025,1,33,take_profit
normal,2025-05-08 19:55:00+00:00,2025-05-08 20:51:00+00:00,2132.7,2132.7,2175.354,15426.622565947793,2313.9933848921687,41.56168146591608,0.01796102000000006,1,57,take_profit
normal,2025-05-08 20:52:00+00:00,2025-05-08 21:21:00+00:00,2178.99,2178.99,2222.5697999999998,15468.18424741371,2320.2276371120565,41.673654994722256,0.017961019999999942,1,30,take_profit
normal,2025-05-08 21:22:00+00:00,2025-05-09 06:31:00+00:00,2215.31,2215.31,2259.6162,15509.857902408432,2326.4786853612645,41.785930197347625,0.017961020000000105,1,550,take_profit
normal,2025-05-09 06:32:00+00:00,2025-05-09 07:12:00+00:00,2255.11,2255.11,2300.2122000000004,15551.64383260578,2332.7465748908667,41.89850788654712,0.01796102000000033,1,41,take_profit
normal,2025-05-09 07:13:00+00:00,2025-05-09 07:42:00+00:00,2298.78,2298.78,2344.7556000000004,15593.542340492326,2339.031351073849,42.01138887726438,0.017961019999999984,1,30,take_profit
normal,2025-05-09 07:43:00+00:00,2025-05-09 08:27:00+00:00,2361.21,2361.21,2408.4342,15635.55372936959,2345.3330594054387,42.124573986642645,0.017961020000000157,1,45,take_profit
normal,2025-05-09 08:28:00+00:00,2025-05-09 08:32:00+00:00,2405.38,2405.38,2453.4876,15677.678303356233,2351.651745503435,42.238064034022045,0.017961019999999973,1,5,take_profit
normal,2025-05-09 08:33:00+00:00,2025-05-10 07:57:00+00:00,2445.28,2367.4048407643313,2414.752937579618,15719.916367390255,6287.966546956102,112.93829290920803,0.01796101999999977,2,1405,take_profit
normal,2025-05-10 07:58:00+00:00,2025-05-10 16:16:00+00:00,2409.87,2409.87,2458.0674,15832.854660299465,2374.9281990449194,42.656132881609665,0.017961019999999953,1,499,take_profit
normal,2025-05-10 16:17:00+00:00,2025-05-10 17:39:00+00:00,2459.12,2459.12,2508.3024,15875.510793181074,2381.326618977161,42.7710550299812,0.01796102000000001,1,83,take_profit
normal,2025-05-10 17:40:00+00:00,2025-05-10 22:38:00+00:00,2510.75,2510.75,2560.965,15918.281848211056,2387.742277231658,42.88628679620342,0.01796102000000003,1,299,take_profit
normal,2025-05-10 22:39:00+00:00,2025-05-12 07:31:00+00:00,2562.49,2562.49,2613.7398,15961.16813500726,2394.175220251089,43.001829014434406,0.01796102000000008,1,1973,take_profit
normal,2025-05-12 07:32:00+00:00,2025-05-13 16:12:00+00:00,2614.33,2531.0710828025476,2581.6925044585987,16004.169964021694,6401.667985608678,114.98048672287678,0.01796101999999994,2,1961,take_profit
normal,2025-05-13 16:13:00+00:00,2025-05-13 18:32:00+00:00,2588.34,2588.34,2640.1068,16119.150450744572,2417.8725676116856,43.42745754432508,0.017961020000000102,1,140,take_profit
normal,2025-05-13 18:33:00+00:00,2025-05-13 19:29:00+00:00,2646.21,2646.21,2699.1342,16162.577908288898,2424.3866862433347,43.54445775935028,0.017961020000000008,1,57,take_profit
normal,2025-05-13 19:30:00+00:00,2025-05-15 14:46:00+00:00,2696.05,2610.188535031847,2480.3660000000004,16206.122366048248,6482.448946419299,-334.73044448450946,-0.051636418157894486,2,2597,stop_loss
recovery,2025-05-15 14:47:00+00:00,2025-05-15 15:12:00+00:00,2486.16,2486.16,2515.99392,15871.39192156374,7935.69596078187,79.17453382907206,0.009977011999999976,1,26,take_profit
normal,2025-05-15 15:13:00+00:00,2025-05-15 15:51:00+00:00,2513.87,2513.87,2564.1474,15950.56645539281,2392.5849683089214,42.97326646749616,0.01796102000000011,1,39,take_profit
normal,2025-05-15 15:52:00+00:00,2025-05-16 07:20:00+00:00,2561.57,2561.57,2612.8014000000003,15993.539721860307,2399.030958279046,43.08904302226938,0.017961020000000112,1,929,take_profit
normal,2025-05-16 07:21:00+00:00,2025-05-18 15:50:00+00:00,2611.21,2528.0504458598725,2578.61145477707,16036.628764882575,6414.65150595303,115.21368399145194,0.017961019999999914,2,3390,take_profit
normal,2025-05-18 15:51:00+00:00,2025-05-18 20:00:00+00:00,2585.3,2502.965605095542,2378.476,16151.842448874027,6460.736979549611,-333.6093162841971,-0.05163641815789468,2,250,stop_loss
recovery,2025-05-18 20:01:00+00:00,2025-05-18 20:01:00+00:00,2340.46,2340.46,2368.54552,15818.23313258983,7909.116566294915,78.90935089132381,0.009977012000000082,1,1,take_profit
normal,2025-05-18 20:02:00+00:00,2025-05-18 21:10:00+00:00,2363.61,2363.61,2410.8822,15897.142483481155,2384.571372522173,42.829334113298046,0.017961019999999935,1,69,take_profit
normal,2025-05-18 21:11:00+00:00,2025-05-18 22:59:00+00:00,2407.46,2407.46,2455.6092,15939.971817594454,2390.995772639168,42.944722892287245,0.017961019999999873,1,109,take_profit
normal,2025-05-18 23:00:00+00:00,2025-05-18 23:56:00+00:00,2454.9,2454.9,2503.998,15982.916540486742,2397.437481073011,43.06042254630165,0.017961019999999866,1,57,take_profit
normal,2025-05-18 23:57:00+00:00,2025-05-19 16:30:00+00:00,2505.7,2425.9006369426747,2474.418649681528,16025.976963033043,6410.390785213217,115.13715710102952,0.01796101999999988,2,994,take_profit
normal,2025-05-19 16:31:00+00:00,2025-05-19 17:04:00+00:00,2473.3,2473.3,2522.766,16141.114120134072,2421.1671180201106,43.48663103010176,0.01796102000000008,1,34,take_profit
normal,2025-05-19 17:05:00+00:00,2025-05-20 02:23:00+00:00,2522.5,2522.5,2572.95,16184.600751164175,2427.690112674626,43.60379066755104,0.01796101999999993,1,559,take_profit
normal,2025-05-20 02:24:00+00:00,2025-05-21 01:12:00+00:00,2575.6,2493.5745222929936,2543.4460127388534,16228.204541831727,6491.2818167326905,116.59004253597232,0.01796102000000002,2,1369,take_profit
normal,2025-05-21 01:13:00+00:00,2025-05-21 05:53:00+00:00,2544.0,2544.0,2594.88,16344.794584367697,2451.7191876551547,44.035377363857606,0.017961019999999845,1,281,take_profit
normal,2025-05-21 05:54:00+00:00,2025-05-21 23:22:00+00:00,2597.07,2514.3607643312102,2564.6479796178346,16388.829961731553,6555.531984692621,117.74404108770432,0.01796102000000007,2,1049,take_profit
normal,2025-05-21 23:23:00+00:00,2025-05-22 03:29:00+00:00,2556.96,2556.96,2608.0992,16506.57400281926,2475.9861004228887,44.4712358694178,0.017961020000000116,1,247,take_profit
normal,2025-05-22 03:30:00+00:00,2025-05-22 08:17:00+00:00,2609.11,2609.11,2661.2922000000003,16551.04523868868,2482.656785803302,44.59104818294918,0.017961020000000147,1,288,take_profit
normal,2025-05-22 08:18:00+00:00,2025-05-23 02:19:00+00:00,2672.95,2672.95,2726.4089999999997,16595.636286871628,2489.3454430307443,44.71118328918374,0.01796101999999987,1,1082,take_profit
normal,2025-05-23 02:20:00+00:00,2025-05-23 12:16:00+00:00,2721.75,2635.0700636942674,2504.01,16640.34747016081,6656.138988064324,-343.69917610475477,-0.05163641815789459,2,597,stop_loss
recovery,2025-05-23 12:17:00+00:00,2025-05-23 12:32:00+00:00,2519.51,2519.51,2549.7441200000003,16296.648294056053,8148.324147028026,81.29592779478844,0.009977012000000007,1,16,take_profit
normal,2025-05-23 12:33:00+00:00,2025-05-27 06:14:00+00:00,2554.6,2554.6,2605.692,16377.944221850841,2456.691633277626,44.12468755913187,0.017961019999999904,1,5382,take_profit
normal,2025-05-27 06:15:00+00:00,2025-05-27 11:55:00+00:00,2600.42,2600.42,2652.4284000000002,16422.068909409973,2463.310336411496,44.243566218493925,0.01796102000000013,1,341,take_profit
normal,2025-05-27 11:56:00+00:00,2025-05-27 17:45:00+00:00,2651.91,2651.91,2704.9482,16466.312475628467,2469.9468713442698,44.36276515515192,0.017961020000000025,1,350,take_profit
normal,2025-05-27 17:46:00+00:00,2025-05-29 02:30:00+00:00,2707.59,2707.59,2761.7418000000002,16510.675240783617,2476.6012861175427,44.48228523198304,0.017961020000000053,1,1965,take_profit
normal,2025-05-29 02:31:00+00:00,2025-05-30 16:32:00+00:00,2766.08,2677.988280254777,2544.7936,16555.157526015602,6622.06301040624,-341.93961467326335,-0.05163641815789466,2,2282,stop_loss
recovery,2025-05-30 16:33:00+00:00,2025-05-30 18:57:00+00:00,2547.46,2547.46,2578.02952,16213.217911342339,8106.6089556711695,80.87973483003861,0.009977011999999987,1,145,take_profit
normal,2025-05-30 18:58:00+00:00,2025-06-03 01:33:00+00:00,2578.64,2578.64,2630.2128,16294.097646172377,2444.1146469258565,43.898792055728336,0.017961020000000036,1,4716,take_profit
normal,2025-06-03 01:34:00+00:00,2025-06-05 20:42:00+00:00,2627.5,2543.8216560509554,2417.3,16337.996438228105,6535.198575291242,-337.4542463786165,-0.051636418157894735,2,4029,stop_loss
recovery,2025-06-05 20:43:00+00:00,2025-06-06 04:48:00+00:00,2432.36,2432.36,2461.5483200000003,16000.542191849489,8000.271095924744,79.81880072729473,0.00997701200000005,1,486,take_profit
normal,2025-06-06 04:49:00+00:00,2025-06-06 13:45:00+00:00,2459.5,2459.5,2508.69,16080.360992576783,2412.0541488865174,43.32295280923381,0.01796102000000004,1,537,take_profit
normal,2025-06-06 13:46:00+00:00,2025-06-09 16:23:00+00:00,2510.42,2510.42,2560.6284,16123.683945386016,2418.5525918079024,43.43967147251351,0.017961019999999973,1,4478,take_profit
normal,2025-06-09 16:24:00+00:00,2025-06-09 21:06:00+00:00,2563.61,2563.61,2614.8822,16167.12361685853,2425.0685425287793,43.5567045937305,0.017961020000000102,1,283,take_profit
normal,2025-06-09 21:07:00+00:00,2025-06-09 22:28:00+00:00,2614.23,2614.23,2666.5146,16210.680321452259,2431.6020482178387,43.674053020081374,0.01796101999999992,1,82,take_profit
normal,2025-06-09 22:29:00+00:00,2025-06-10 00:28:00+00:00,2662.68,2662.68,2715.9336,16254.35437447234,2438.1531561708507,43.79171760104782,0.01796102000000002,1,120,take_profit
normal,2025-06-10 00:29:00+00:00,2025-06-10 11:32:00+00:00,2716.81,2716.81,2771.1462,16298.146092073388,2444.721913811008,43.90969918839755,0.0179610199999999,1,664,take_profit
normal,2025-06-10 11:33:00+00:00,2025-06-11 00:16:00+00:00,2774.0,2774.0,2829.48,16342.055791261784,2451.3083686892674,44.02799863619521,0.01796101999999996,1,764,take_profit
normal,2025-06-11 00:17:00+00:00,2025-06-13 00:04:00+00:00,2828.79,2738.7011464968155,2602.4868,16386.08378989798,6554.433515959192,-338.44746981818844,-0.051636418157894645,2,2868,stop_loss
recovery,2025-06-13 00:05:00+00:00,2025-06-16 05:31:00+00:00,2611.46,2584.812448979592,2615.830198367347,16047.636320079793,12035.727240059845,120.08059510280327,0.009977011999999943,2,4647,take_profit
normal,2025-06-16 05:32:00+00:00,2025-06-16 19:25:00+00:00,2608.86,2608.86,2661.0372,16167.716915182596,2425.1575372773896,43.55830303019002,0.017961020000000032,1,834,take_profit
normal,2025-06-16 19:26:00+00:00,2025-06-20 17:20:00+00:00,2667.01,2582.073375796179,2453.6492000000003,16211.275218212786,6484.510087285114,-334.83687441614074,-0.05163641815789475,2,5635,stop_loss
recovery,2025-06-20 17:21:00+00:00,2025-06-23 22:11:00+00:00,2438.46,2368.6532099706105,2397.0770484902578,15876.438343796646,15876.438343796646,158.39941587331668,0.009977011999999837,3,4611,take_profit
normal,2025-06-23 22:12:00+00:00,2025-06-24 16:43:00+00:00,2406.94,2406.94,2455.0788000000002,16034.837759669963,2405.2256639504944,43.200306254728275,0.01796102000000007,1,1112,take_profit
normal,2025-06-24 16:44:00+00:00,2025-06-26 03:04:00+00:00,2463.36,2463.36,2512.6272000000004,16078.038065924691,2411.7057098887035,43.31669448942557,0.017961020000000154,1,2061,take_profit
normal,2025-06-26 03:05:00+00:00,2025-06-29 22:37:00+00:00,2516.2,2436.066242038217,2484.787566878981,16121.354760414117,6448.541904165646,115.82239011155798,0.017961020000000112,2,5493,take_profit
normal,2025-06-29 22:38:00+00:00,2025-07-02 16:16:00+00:00,2492.97,2492.97,2542.8293999999996,16237.177150525675,2435.576572578851,43.74543953161947,0.017961019999999703,1,3939,take_profit
normal,2025-07-02 16:17:00+00:00,2025-07-02 19:57:00+00:00,2547.95,2547.95,2598.9089999999997,16280.922590057293,2442.138388508594,43.86329643877025,0.017961019999999845,1,221,take_profit
normal,2025-07-02 19:58:00+00:00,2025-07-09 12:12:00+00:00,2596.13,2596.13,2648.0526,16324.785886496062,2448.7178829744093,43.98147087046118,0.017961020000000064,1,9615,take_profit
normal,2025-07-09 12:13:00+00:00,2025-07-09 18:09:00+00:00,2648.6,2648.6,2701.572,16368.767357366523,2455.3151036049785,44.09996368215161,0.017961020000000213,1,357,take_profit
normal,2025-07-09 18:10:00+00:00,2025-07-09 19:40:00+00:00,2702.03,2702.03,2756.0706000000005,16412.867321048674,2461.930098157301,44.21877573160555,0.017961020000000123,1,91,take_profit
normal,2025-07-09 19:41:00+00:00,2025-07-10 07:08:00+00:00,2754.53,2754.53,2809.6206,16457.08609678028,2468.562914517042,44.33790787889848,0.017961019999999838,1,688,take_profit
normal,2025-07-10 07:09:00+00:00,2025-07-10 21:19:00+00:00,2812.0,2812.0,2868.2400000000002,16501.424004659177,2475.2136006988762,44.457360986424646,0.017961020000000046,1,851,take_profit
normal,2025-07-10 21:20:00+00:00,2025-07-10 21:40:00+00:00,2872.66,2872.66,2930.1132,16545.8813656456,2481.88220484684,44.577135918897966,0.017961019999999907,1,21,take_profit
normal,2025-07-10 21:41:00+00:00,2025-07-10 21:49:00+00:00,2927.9,2927.9,2986.458,16590.4585015645,2488.568775234675,44.6972335433652,0.01796101999999988,1,9,take_profit
normal,2025-07-10 21:50:00+00:00,2025-07-14 03:42:00+00:00,2984.46,2984.46,3044.1492000000003,16635.155735107863,2495.273360266179,44.81765472920824,0.017961020000000077,1,4673,take_profit
normal,2025-07-14 03:43:00+00:00,2025-07-15 23:00:00+00:00,3037.71,3037.71,3098.4642,16679.973389837072,2501.9960084755608,44.93840034814957,0.017961019999999942,1,2598,take_profit
normal,2025-07-15 23:01:00+00:00,2025-07-16 13:09:00+00:00,3118.7,3118.7,3181.074,16724.911790185222,2508.736768527783,45.05947127426316,0.01796102000000011,1,849,take_profit
normal,2025-07-16 13:10:00+00:00,2025-07-16 14:33:00+00:00,3180.34,3180.34,3243.9468,16769.971261459486,2515.495689218923,45.18086838397494,0.017961020000000032,1,84,take_profit
normal,2025-07-16 14:34:00+00:00,2025-07-16 17:52:00+00:00,3241.34,3241.34,3306.1668000000004,16815.152129843464,2522.2728194765195,45.30259255607416,0.01796102,1,199,take_profit
normal,2025-07-16 17:53:00+00:00,2025-07-16 19:37:00+00:00,3307.21,3307.21,3373.3542,16860.45472239954,2529.068208359931,45.42464467171703,0.01796102000000006,1,105,take_profit
normal,2025-07-16 19:38:00+00:00,2025-07-17 06:31:00+00:00,3372.42,3372.42,3439.8684000000003,16905.879367071255,2535.881905060688,45.547025614433096,0.01796101999999999,1,654,take_profit
normal,2025-07-17 06:32:00+00:00,2025-07-17 23:15:00+00:00,3441.06,3441.06,3509.8812,16951.426392685687,2542.713958902853,45.669736270132944,0.017961019999999852,1,1004,take_profit
normal,2025-07-17 23:16:00+00:00,2025-07-18 01:18:00+00:00,3513.66,3513.6600000000003,3583.9332000000004,16997.09612895582,2549.564419343373,45.792777527114595,0.017961019999999953,1,123,take_profit
normal,2025-07-18 01:19:00+00:00,2025-07-18 05:41:00+00:00,3583.31,3583.31,3654.9762,17042.88890648294,2556.4333359724405,45.91615027606804,0.017961020000000123,1,263,take_profit
normal,2025-07-18 05:42:00+00:00,2025-07-20 09:00:00+00:00,3647.39,3647.39,3720.3378,17088.805056759007,2563.320758513851,46.03985541008251,0.017961020000000022,1,3079,take_profit
normal,2025-07-20 09:01:00+00:00,2025-07-20 16:32:00+00:00,3720.71,3720.71,3795.1242,17134.84491216909,2570.2267368253633,46.16389382465513,0.01796102000000002,1,452,take_profit
normal,2025-07-20 16:33:00+00:00,2025-07-24 15:08:00+00:00,3796.36,3675.4568152866245,3748.965951592357,17181.008805993744,6872.403522397497,123.43537711385397,0.017961020000000303,2,5676,take_profit
normal,2025-07-24 15:09:00+00:00,2025-07-27 10:48:00+00:00,3751.16,3751.16,3826.1832,17304.444183107596,2595.6666274661393,46.62082020925209,0.01796102000000008,1,4060,take_profit
normal,2025-07-27 10:49:00+00:00,2025-07-28 02:33:00+00:00,3827.8,3827.8,3904.356,17351.06500331685,2602.6597504975275,46.7464238318812,0.01796102000000004,1,945,take_profit
normal,2025-07-28 02:34:00+00:00,2025-07-31 00:40:00+00:00,3894.73,3770.6940127388534,3846.1078929936307,17397.811427148732,6959.124570859492,124.9929755997,0.017961020000000178,2,4207,take_profit
normal,2025-07-31 00:41:00+00:00,2025-08-01 19:23:00+00:00,3841.5,3719.1592356687893,3534.1800000000003,17522.80440274843,7009.121761099372,-361.92594217572696,-0.05163641815789477,2,2563,stop_loss
recovery,2025-08-01 19:24:00+00:00,2025-08-04 00:47:00+00:00,3531.8,3495.761224489796,3537.7103591836735,17160.8784605727,12870.658845429527,128.4107177487549,0.009977011999999874,2,3204,take_profit
normal,2025-08-04 00:48:00+00:00,2025-08-04 13:45:00+00:00,3541.64,3541.6400000000003,3612.4728000000005,17289.289178321458,2593.3933767482185,46.579990307642674,0.01796102000000015,1,778,take_profit
normal,2025-08-04 13:46:00+00:00,2025-08-04 16:41:00+00:00,3606.13,3606.1299999999997,3678.2526,17335.8691686291,2600.3803752943645,46.70548392827004,0.017961020000000175,1,176,take_profit
normal,2025-08-04 16:42:00+00:00,2025-08-07 10:03:00+00:00,3692.36,3692.36,3766.2072000000003,17382.57465255737,2607.3861978836053,46.83131564791165,0.0179610200000001,1,3922,take_profit
normal,2025-08-07 10:04:00+00:00,2025-08-07 12:40:00+00:00,3770.62,3770.62,3846.0324,17429.405968205283,2614.4108952307924,46.95748637745828,0.017961020000000043,1,157,take_profit
normal,2025-08-07 12:41:00+00:00,2025-08-07 22:55:00+00:00,3847.14,3847.14,3924.0828,17476.36345458274,2621.454518187411,47.08399703025498,0.0179610200000002,1,615,take_profit
normal,2025-08-07 22:56:00+00:00,2025-08-08 13:53:00+00:00,3925.47,3925.47,4003.9793999999997,17523.447451612996,2628.5171177419493,47.21084852210515,0.017961019999999866,1,898,take_profit
normal,2025-08-08 13:54:00+00:00,2025-08-09 04:36:00+00:00,4010.99,4010.99,4091.2097999999996,17570.658300135103,2635.598745020265,47.33804177128377,0.017961019999999956,1,883,take_profit
normal,2025-08-09 04:37:00+00:00,2025-08-09 05:06:00+00:00,4092.83,4092.83,4174.6866,17617.996341906386,2642.699451285958,47.46557769853598,0.01796101999999995,1,30,take_profit
normal,2025-08-09 05:07:00+00:00,2025-08-09 19:42:00+00:00,4173.28,4173.28,4256.7456,17665.46191960492,2649.819287940738,47.5934572270894,0.01796102000000002,1,876,take_profit
normal,2025-08-09 19:43:00+00:00,2025-08-11 02:02:00+00:00,4257.7,4257.7,4342.854,17713.05537683201,2656.958306524801,47.72168128265821,0.017961020000000046,1,1820,take_profit
normal,2025-08-11 02:03:00+00:00,2025-08-12 12:50:00+00:00,4330.32,4330.32,4416.926399999999,17760.77705811467,2664.1165587172004,47.85025079345087,0.017961020000000022,1,2088,take_profit
normal,2025-08-12 12:51:00+00:00,2025-08-12 17:20:00+00:00,4417.4,4417.4,4505.748,17808.62730890812,2671.2940963362175,47.97916669017695,0.017961020000000084,1,270,take_profit
normal,2025-08-12 17:21:00+00:00,2025-08-12 20:17:00+00:00,4504.0,4504.0,4594.08,17856.606475598295,2678.490971339744,48.108429906052606,0.01796102000000001,1,177,take_profit
normal,2025-08-12 20:18:00+00:00,2025-08-13 04:33:00+00:00,4585.31,4585.31,4677.016200000001,17904.71490550435,2685.7072358256523,48.23804137680918,0.01796101999999997,1,496,take_profit
normal,2025-08-13 04:34:00+00:00,2025-08-13 21:20:00+00:00,4678.39,4678.39,4771.9578,17952.95294688116,2692.942942032174,48.368002040698684,0.017961019999999987,1,1007,take_profit
normal,2025-08-13 21:21:00+00:00,2025-08-15 16:07:00+00:00,4766.92,4615.107261146497,4385.566400000001,18001.320948921857,7200.528379568743,-371.8094943651995,-0.051636418157894694,2,2567,stop_loss
recovery,2025-08-15 16:08:00+00:00,2025-08-15 17:40:00+00:00,4387.39,4387.39,4440.038680000001,17629.511454556658,8814.755727278329,87.94492366812483,0.009977012000000025,1,93,take_profit
normal,2025-08-15 17:41:00+00:00,2025-08-17 08:55:00+00:00,4441.81,4441.81,4530.6462,17717.456378224782,2657.6184567337173,47.73353825376307,0.017961019999999866,1,2355,take_profit
normal,2025-08-17 08:56:00+00:00,2025-08-19 15:07:00+00:00,4532.04,4387.7075159235665,4169.4768,17765.189916478546,7106.075966591418,-366.9323100726797,-0.05163641815789462,2,3252,stop_loss
recovery,2025-08-19 15:08:00+00:00,2025-08-19 15:30:00+00:00,4180.62,4180.62,4230.78744,17398.257606405867,8699.128803202933,86.79131245910321,0.009977012000000219,1,23,take_profit
normal,2025-08-19 15:31:00+00:00,2025-08-20 15:25:00+00:00,4223.35,4223.35,4307.817,17485.04891886497,2622.757337829745,47.10739699990654,0.017961019999999897,1,1435,take_profit
normal,2025-08-20 15:26:00+00:00,2025-08-22 14:01:00+00:00,4303.07,4303.07,4389.1314,17532.156315864875,2629.823447379731,47.234311534856715,0.017961020000000157,1,2796,take_profit
normal,2025-08-22 14:02:00+00:00,2025-08-22 14:07:00+00:00,4395.95,4395.95,4483.869,17579.39062739973,2636.9085941099597,47.36156799698074,0.01796101999999995,1,6,take_profit
normal,2025-08-22 14:08:00+00:00,2025-08-22 14:13:00+00:00,4485.36,4485.36,4575.0671999999995,17626.75219539671,2644.0128293095067,47.48916730748488,0.01796102000000009,1,6,take_profit
normal,2025-08-22 14:14:00+00:00,2025-08-22 15:06:00+00:00,4576.07,4576.07,4667.591399999999,17674.241362704197,2651.1362044056295,47.61711039005286,0.01796101999999972,1,53,take_profit
normal,2025-08-22 15:07:00+00:00,2025-08-22 16:14:00+00:00,4658.92,4658.92,4752.0984,17721.85847309425,2658.2787709641375,47.745398170862245,0.01796101999999998,1,68,take_profit
normal,2025-08-22 16:15:00+00:00,2025-08-22 20:45:00+00:00,4765.5,4765.5,4860.81,17769.60387126511,2665.440580689766,47.8740315785808,0.01796102000000011,1,271,take_profit
normal,2025-08-22 20:46:00+00:00,2025-08-25 19:35:00+00:00,4862.19,4707.343184713374,4473.2148,17817.47790284369,7126.9911611374755,-368.0122958041129,-0.05163641815789452,2,4250,stop_loss
recovery,2025-08-25 19:36:00+00:00,2025-08-26 12:36:00+00:00,4472.16,4426.525714285714,4479.644022857142,17449.465607039576,13087.099205279683,130.5701458162639,0.009977011999999851,2,1021,take_profit
normal,2025-08-26 12:37:00+00:00,2025-08-26 15:03:00+00:00,4480.3,4480.3,4569.906,17580.03575285584,2637.005362928376,47.36330606366346,0.017961019999999862,1,147,take_profit
normal,2025-08-26 15:04:00+00:00,2025-09-01 21:41:00+00:00,4576.83,4431.071082802547,4210.6836,17627.399058919505,7050.959623567802,-364.0862995369762,-0.051636418157894326,2,9038,stop_loss
recovery,2025-09-01 21:42:00+00:00,2025-09-01 22:19:00+00:00,4237.18,4237.18,4288.02616,17263.312759382527,8631.656379691263,86.1181392800554,0.009977011999999896,1,38,take_profit
normal,2025-09-01 22:20:00+00:00,2025-09-02 03:08:00+00:00,4291.17,4291.17,4376.9934,17349.430898662584,2602.4146347993874,46.74202130392496,0.017961020000000178,1,289,take_profit
normal,2025-09-02 03:09:00+00:00,2025-09-03 14:41:00+00:00,4381.13,4381.13,4468.7526,17396.172919966506,2609.425937994976,46.86795146084614,0.017961019999999855,1,2133,take_profit
normal,2025-09-03 14:42:00+00:00,2025-09-10 13:47:00+00:00,4470.79,4328.408152866242,4414.976315923567,17443.04087142735,6977.216348570941,125.31792238100934,0.017961019999999956,2,10026,take_profit
normal,2025-09-10 13:48:00+00:00,2025-09-12 00:44:00+00:00,4419.11,4419.11,4507.4922,17568.35879380836,2635.2538190712535,47.33184654941533,0.017961020000000064,1,2097,take_profit
normal,2025-09-12 00:45:00+00:00,2025-09-12 17:31:00+00:00,4508.15,4508.15,4598.313,17615.690640357774,2642.353596053666,47.459365785792215,0.01796102000000015,1,1007,take_profit
normal,2025-09-12 17:32:00+00:00,2025-09-12 20:49:00+00:00,4592.87,4592.87,4684.7274,17663.150006143565,2649.472500921535,47.58722857850171,0.01796102,1,198,take_profit
normal,2025-09-12 20:50:00+00:00,2025-09-18 01:32:00+00:00,4680.25,4531.197452229299,4621.821401273885,17710.737234722066,7084.294893888826,127.2411622750351,0.01796102,2,7483,take_profit
normal,2025-09-18 01:33:00+00:00,2025-09-22 05:59:00+00:00,4624.35,4477.077707006369,4254.402000000001,17837.978396997103,7135.191358798841,-368.43572463953296,-0.051636418157894576,2,6027,stop_loss
recovery,2025-09-22 06:00:00+00:00,2025-09-23 09:11:00+00:00,4219.39,4176.335,4226.45102,17469.54267235757,13102.157004268178,130.7203776574679,0.00997701200000002,2,1632,take_profit
normal,2025-09-23 09:12:00+00:00,2025-09-25 17:21:00+00:00,4220.86,4086.437707006369,3883.1911999999998,17600.263050015037,7040.105220006015,-363.52581701580766,-0.05163641815789467,2,3370,stop_loss
recovery,2025-09-25 17:22:00+00:00,2025-09-25 19:00:00+00:00,3881.18,3881.18,3927.75416,17236.73723299923,8618.368616499614,85.98556710724006,0.009977012,1,99,take_profit
normal,2025-09-25 19:01:00+00:00,2025-09-26 17:24:00+00:00,3930.72,3930.72,4009.3343999999997,17322.72280010647,2598.40842001597,46.670065600075304,0.017961020000000025,1,1344,take_profit
normal,2025-09-26 17:25:00+00:00,2025-09-28 22:05:00+00:00,4011.69,4011.69,4091.9238,17369.392865706544,2605.4089298559816,46.79580189732178,0.01796101999999996,1,3161,take_profit
normal,2025-09-28 22:06:00+00:00,2025-09-29 13:51:00+00:00,4084.99,4084.9900000000002,4166.6898,17416.188667603867,2612.4283001405797,46.921876947390956,0.01796102,1,946,take_profit
normal,2025-09-29 13:52:00+00:00,2025-10-01 08:42:00+00:00,4164.82,4164.82,4248.1164,17463.11054455126,2619.4665816826887,47.048291662933934,0.01796101999999982,1,2571,take_profit
normal,2025-10-01 08:43:00+00:00,2025-10-01 14:34:00+00:00,4245.14,4245.14,4330.0428,17510.158836214192,2626.523825432129,47.175046959062456,0.017961019999999803,1,352,take_profit
normal,2025-10-01 14:35:00+00:00,2025-10-02 06:29:00+00:00,4326.19,4326.19,4412.7137999999995,17557.333883173254,2633.600082475988,47.30214375335299,0.017961020000000046,1,955,take_profit
normal,2025-10-02 06:30:00+00:00,2025-10-02 18:33:00+00:00,4401.36,4401.36,4489.3872,17604.636026926608,2640.695404038991,47.42958296585266,0.0179610200000001,1,724,take_profit
normal,2025-10-02 18:34:00+00:00,2025-10-03 16:36:00+00:00,4490.05,4490.05,4579.851000000001,17652.065609892463,2647.809841483869,47.55736551908922,0.01796102000000023,1,1323,take_profit
normal,2025-10-03 16:37:00+00:00,2025-10-06 14:32:00+00:00,4582.36,4582.36,4674.0072,17699.622975411552,2654.9434463117327,47.6854923380738,0.017961019999999942,1,4196,take_profit
normal,2025-10-06 14:33:00+00:00,2025-10-09 15:39:00+00:00,4670.81,4522.058089171975,4297.145200000001,17747.308467749626,7098.9233870998505,-366.56297648714644,-0.051636418157894756,2,4387,stop_loss
recovery,2025-10-09 15:40:00+00:00,2025-10-09 21:14:00+00:00,4298.94,4298.94,4350.527279999999,17380.74549126248,8690.37274563124,86.70395316763461,0.009977011999999858,1,335,take_profit
normal,2025-10-09 21:15:00+00:00,2025-10-10 19:21:00+00:00,4355.52,4216.809171974523,4007.078400000001,17467.449444430116,6986.979777772047,-360.7826094657921,-0.05163641815789478,2,1327,stop_loss
recovery,2025-10-10 19:22:00+00:00,2025-10-10 21:52:00+00:00,4004.82,3890.1723827147057,3936.854451307282,17106.666834964322,17106.666834964322,170.67342029244173,0.009977012000000039,3,151,take_profit
normal,2025-10-10 21:53:00+00:00,2025-10-10 21:54:00+00:00,3911.19,3911.19,3989.4138000000003,17277.340255256764,2591.6010382885147,46.547798080720895,0.017961020000000046,1,2,take_profit
normal,2025-10-10 21:55:00+00:00,2025-10-10 21:55:00+00:00,3895.51,3895.51,3973.4202000000005,17323.888053337487,2598.583208000623,46.6732049705638,0.017961020000000175,1,1,take_profit
normal,2025-10-10 21:56:00+00:00,2025-10-10 21:56:00+00:00,3897.37,3897.37,3975.3174,17370.56125830805,2605.5841887462075,46.79894972575403,0.017961019999999855,1,1,take_profit
normal,2025-10-10 21:57:00+00:00,2025-10-10 22:04:00+00:00,4066.66,4066.6599999999994,4147.9932,17417.360208033802,2612.6040312050704,46.9250332565548,0.017961019999999963,1,8,take_profit
normal,2025-10-10 22:05:00+00:00,2025-10-10 22:07:00+00:00,3889.0,3888.9999999999995,3966.7799999999997,17464.28524129036,2619.642786193554,47.05145647567815,0.01796102,1,3,take_profit
normal,2025-10-10 22:08:00+00:00,2025-10-10 22:08:00+00:00,3883.12,3883.12,3960.7824,17511.336697766037,2626.7005046649056,47.178220298296765,0.017961020000000116,1,1,take_profit
normal,2025-10-10 22:09:00+00:00,2025-10-12 10:01:00+00:00,3900.72,3776.493248407643,3852.023113375796,17558.514918064335,7023.405967225734,126.14753504546115,0.017961020000000057,2,2153,take_profit
normal,2025-10-12 10:02:00+00:00,2025-10-12 14:47:00+00:00,3855.61,3855.61,3932.7222,17684.662453109795,2652.6993679664693,47.64518640203369,0.017961020000000216,1,286,take_profit
normal,2025-10-12 14:48:00+00:00,2025-10-12 14:55:00+00:00,3937.13,3937.13,4015.8726,17732.307639511826,2659.8461459267737,47.77354982391398,0.017961020000000105,1,8,take_profit
normal,2025-10-12 14:56:00+00:00,2025-10-12 16:06:00+00:00,4015.3,4015.3,4095.606,17780.08118933574,2667.012178400361,47.902259076492555,0.01796102000000004,1,71,take_profit
normal,2025-10-12 16:07:00+00:00,2025-10-12 20:50:00+00:00,4098.88,4098.88,4180.8576,17827.983448412233,2674.197517261835,48.03131509149034,0.017961020000000067,1,284,take_profit
normal,2025-10-12 20:51:00+00:00,2025-10-13 19:45:00+00:00,4182.82,4182.82,4266.4764,17876.014763503725,2681.4022145255585,48.160718803138025,0.017961020000000067,1,1375,take_profit
normal,2025-10-13 19:46:00+00:00,2025-10-14 10:29:00+00:00,4259.64,4123.982675159235,3918.8688000000006,17924.175482306862,7169.670192922745,-370.2160881359505,-0.05163641815789443,2,884,stop_loss
recovery,2025-10-14 10:30:00+00:00,2025-10-14 11:07:00+00:00,3919.57,3919.5699999999997,3966.60484,17553.95939417091,8776.979697085455,87.568031761577,0.009977011999999893,1,38,take_profit
normal,2025-10-14 11:08:00+00:00,2025-10-14 15:50:00+00:00,3967.49,3967.49,4046.8397999999997,17641.527425932487,2646.229113889873,47.528974039157674,0.01796101999999977,1,283,take_profit
normal,2025-10-14 15:51:00+00:00,2025-10-14 16:20:00+00:00,4051.15,4051.1499999999996,4132.173,17689.056399971647,2653.358459995747,47.6570243671531,0.01796102000000011,1,30,take_profit
normal,2025-10-14 16:21:00+00:00,2025-10-17 06:49:00+00:00,4144.56,4012.567643312102,3812.9952000000008,17736.7134243388,7094.68536973552,-366.344140450361,-0.051636418157894694,2,3749,stop_loss
recovery,2025-10-17 06:50:00+00:00,2025-10-17 11:18:00+00:00,3808.16,3769.301224489796,3814.5328391836733,17370.369283888438,13027.776962916329,129.9782870923391,0.009977011999999948,2,269,take_profit
normal,2025-10-17 11:19:00+00:00,2025-10-17 21:06:00+00:00,3803.35,3803.35,3879.417,17500.347570980775,2625.0521356471163,47.148613909400865,0.017961020000000112,1,588,take_profit
normal,2025-10-17 21:07:00+00:00,2025-10-19 13:49:00+00:00,3878.42,3878.4199999999996,3955.9883999999997,17547.496184890177,2632.1244277335263,47.275639489010246,0.017961019999999932,1,2443,take_profit
normal,2025-10-19 13:50:00+00:00,2025-10-20 03:54:00+00:00,3954.1,3954.0999999999995,4033.1819999999993,17594.771824379186,2639.215773656878,47.4030072949663,0.017961019999999866,1,845,take_profit
normal,2025-10-20 03:55:00+00:00,2025-10-21 16:26:00+00:00,4027.69,4027.69,4108.2438,17642.174831674154,2646.326224751123,47.53071824927929,0.017961019999999953,1,2192,take_profit
normal,2025-10-21 16:27:00+00:00,2025-10-22 11:03:00+00:00,4104.31,3973.5994904458603,3775.9652000000006,17689.705549923434,7075.882219969373,-365.3732131463503,-0.051636418157894624,2,1117,stop_loss
recovery,2025-10-22 11:04:00+00:00,2025-10-22 11:13:00+00:00,3782.31,3782.31,3827.69772,17324.332336777083,8662.166168388541,86.42253580800752,0.009977012000000118,1,10,take_profit
normal,2025-10-22 11:14:00+00:00,2025-10-23 08:19:00+00:00,3825.08,3825.08,3901.5816,17410.75487258509,2611.6132308877636,46.90723747224001,0.017961020000000105,1,1266,take_profit
normal,2025-10-23 08:20:00+00:00,2025-10-24 04:46:00+00:00,3895.37,3895.37,3973.2774,17457.66211005733,2618.649316508599,47.033612746797644,0.01796102000000014,1,1227,take_profit
normal,2025-10-24 04:47:00+00:00,2025-10-26 11:43:00+00:00,3963.34,3963.3399999999997,4042.6067999999996,17504.695722804125,2625.7043584206185,47.160328495680005,0.01796102000000004,1,3297,take_profit
normal,2025-10-26 11:44:00+00:00,2025-10-26 22:02:00+00:00,4042.6,4042.6,4123.452,17551.856051299805,2632.7784076949706,47.28738563617799,0.017961020000000178,1,619,take_profit
normal,2025-10-26 22:03:00+00:00,2025-10-27 02:19:00+00:00,4126.4,4126.4,4208.928,17599.143436935985,2639.8715155403975,47.4147850880513,0.017961019999999966,1,257,take_profit
normal,2025-10-27 02:20:00+00:00,2025-10-29 18:39:00+00:00,4208.52,4074.490700636943,3871.8384000000005,17646.558222024036,7058.623288809615,-364.482023760027,-0.05163641815789467,2,3860,stop_loss
recovery,2025-10-29 18:40:00+00:00,2025-10-29 18:50:00+00:00,3862.45,3862.4499999999994,3908.7993999999994,17282.07619826401,8641.038099132005,86.21174080749552,0.009977011999999804,1,11,take_profit
normal,2025-10-29 18:51:00+00:00,2025-10-31 04:09:00+00:00,3913.48,3788.846878980892,3864.62381656051,17368.287939071506,6947.315175628602,124.78086681576951,0.0179610200000001,2,1999,take_profit
normal,2025-10-31 04:10:00+00:00,2025-11-04 05:30:00+00:00,3858.28,3735.4048407643318,3549.6176000000005,17493.068805887277,6997.22752235491,-361.31176629024776,-0.051636418157894715,2,5841,stop_loss
recovery,2025-11-04 05:31:00+00:00,2025-11-04 15:19:00+00:00,3542.16,3542.16,3584.66592,17131.75703959703,8565.878519798514,85.46187278257094,0.009977011999999874,1,589,take_profit
normal,2025-11-04 15:20:00+00:00,2025-11-04 18:32:00+00:00,3582.38,3468.291464968153,3295.7896,17217.218912379598,6886.8875649518395,-355.61420611026006,-0.051636418157894944,2,193,stop_loss
recovery,2025-11-04 18:33:00+00:00,2025-11-04 23:05:00+00:00,3288.98,3255.418979591837,3294.484007346939,16861.60470626934,12646.203529702005,126.17132437028158,0.009977012000000184,2,273,take_profit
normal,2025-11-04 23:06:00+00:00,2025-11-05 13:51:00+00:00,3298.59,3298.59,3364.5618000000004,16987.776030639623,2548.1664045959433,45.76766775627584,0.017961020000000005,1,886,take_profit
normal,2025-11-05 13:52:00+00:00,2025-11-05 16:59:00+00:00,3368.4,3368.4,3435.768,17033.543698395897,2555.0315547593846,45.89097285566413,0.017961019999999894,1,188,take_profit
normal,2025-11-05 17:00:00+00:00,2025-11-07 17:32:00+00:00,3437.94,3328.4514649681523,3395.0204942675155,17079.43467125156,6831.773868500624,122.70562708761736,0.01796102000000004,2,2913,take_profit
normal,2025-11-07 17:33:00+00:00,2025-11-07 20:41:00+00:00,3392.79,3392.79,3460.6458000000002,17202.140298339178,2580.321044750877,46.34519789119213,0.017961020000000286,1,189,take_profit
normal,2025-11-07 20:42:00+00:00,2025-11-09 14:26:00+00:00,3455.17,3455.17,3524.2734,17248.48549623037,2587.2728244345553,46.4700589451254,0.01796101999999995,1,2505,take_profit
normal,2025-11-09 14:27:00+00:00,2025-11-09 23:01:00+00:00,3532.98,3532.9800000000005,3603.6396000000004,17294.955555175493,2594.243333276324,46.5952563938431,0.017961020000000147,1,515,take_profit
normal,2025-11-09 23:02:00+00:00,2025-11-12 11:10:00+00:00,3606.92,3492.0499363057324,3561.890935031847,17341.550811569334,6936.620324627733,124.58877638304602,0.01796102000000012,2,3609,take_profit
normal,2025-11-12 11:11:00+00:00,2025-11-13 05:46:00+00:00,3561.6,3448.1732484076433,3517.1367133757963,17466.13958795238,6986.455835180952,125.48387298480338,0.01796102000000023,2,1116,take_profit
normal,2025-11-13 05:47:00+00:00,2025-11-13 18:05:00+00:00,3519.59,3407.501146496815,3238.0228,17591.623460937182,7036.649384374872,-363.3473700420718,-0.0516364181578945,2,739,stop_loss
recovery,2025-11-13 18:06:00+00:00,2025-11-14 16:28:00+00:00,3237.99,3204.949285714285,3243.4086771428565,17228.27609089511,12921.207068171332,128.9150379736293,0.009977011999999931,2,1343,take_profit
normal,2025-11-14 16:29:00+00:00,2025-11-17 07:07:00+00:00,3241.56,3138.325605095541,3201.092117197452,17357.19112886874,6942.876451547496,124.70114280377493,0.017961020000000192,2,3759,take_profit
normal,2025-11-17 07:08:00+00:00,2025-11-18 16:30:00+00:00,3200.36,3098.4377070063697,3160.4064611464973,17481.892271672514,6992.7569086690055,125.59704669174334,0.017961020000000168,2,2003,take_profit
normal,2025-11-18 16:31:00+00:00,2025-11-19 17:37:00+00:00,3155.24,3054.7546496815285,2902.8208,17607.489318364256,7042.995727345702,-363.6750724614876,-0.05163641815789459,2,1507,stop_loss
recovery,2025-11-19 17:38:00+00:00,2025-11-19 17:43:00+00:00,2900.54,2900.54,2935.34648,17243.81424590277,8621.907122951385,86.02087082857179,0.00997701200000004,1,6,take_profit
normal,2025-11-19 17:44:00+00:00,2025-11-19 21:22:00+00:00,2926.89,2926.89,2985.4278,17329.83511673134,2599.475267509701,46.68922726924711,0.017961020000000008,1,219,take_profit
normal,2025-11-19 21:23:00+00:00,2025-11-20 00:30:00+00:00,2982.81,2982.81,3042.4662,17376.524344000587,2606.478651600088,46.81501519096264,0.017961020000000164,1,188,take_profit
normal,2025-11-20 00:31:00+00:00,2025-11-20 19:02:00+00:00,3042.43,2945.5373248407636,2799.0356,17423.339359191552,6969.33574367662,-359.87153474324714,-0.051636418157894576,2,1112,stop_loss
recovery,2025-11-20 19:03:00+00:00,2025-11-20 19:21:00+00:00,2792.24,2792.24,2825.7468799999997,17063.467824448304,8531.733912224152,85.12121162306721,0.009977011999999988,1,19,take_profit
normal,2025-11-20 19:22:00+00:00,2025-11-20 21:23:00+00:00,2823.74,2823.74,2880.2147999999997,17148.58903607137,2572.2883554107057,46.20092259729836,0.01796101999999983,1,122,take_profit
normal,2025-11-20 21:24:00+00:00,2025-11-21 12:22:00+00:00,2877.86,2786.2084076433125,2647.6312000000003,17194.78995866867,6877.915983467467,-355.15094577719447,-0.05163641815789481,2,899,stop_loss
recovery,2025-11-21 12:23:00+00:00,2025-11-21 12:36:00+00:00,2655.36,2655.36,2687.2243200000003,16839.63901289147,8419.819506445736,84.00464025364272,0.009977011999999945,1,14,take_profit
normal,2025-11-21 12:37:00+00:00,2025-11-21 12:45:00+00:00,2686.26,2686.26,2739.9852,16923.643653145115,2538.5465479717673,45.59488531905163,0.017961019999999904,1,9,take_profit
normal,2025-11-21 12:46:00+00:00,2025-11-21 17:07:00+00:00,2738.6,2738.6,2793.372,16969.238538464168,2545.385780769625,45.71772491611864,0.017961019999999918,1,262,take_profit
normal,2025-11-21 17:08:00+00:00,2025-11-23 04:20:00+00:00,2791.48,2791.48,2847.3096,17014.956263380285,2552.2434395070427,45.84089546185487,0.017961020000000032,1,2113,take_profit
normal,2025-11-23 04:21:00+00:00,2025-11-24 17:26:00+00:00,2848.22,2848.22,2905.1843999999996,17060.79715884214,2559.119573826321,45.964397847886175,0.017961020000000057,1,2226,take_profit
normal,2025-11-24 17:27:00+00:00,2025-11-24 18:50:00+00:00,2903.35,2903.35,2961.417,17106.761556690024,2566.0142335035034,46.088232968240845,0.017961019999999904,1,84,take_profit
normal,2025-11-24 18:51:00+00:00,2025-11-26 17:42:00+00:00,2955.21,2955.21,3014.3142000000003,17152.849789658263,2572.9274684487395,46.21240171935733,0.01796102000000006,1,2812,take_profit
normal,2025-11-26 17:43:00+00:00,2025-11-28 08:51:00+00:00,3014.52,3014.52,3074.8104,17199.06219137762,2579.859328706643,46.33690500008652,0.017961019999999973,1,2349,take_profit
normal,2025-11-28 08:52:00+00:00,2025-12-01 03:39:00+00:00,3060.88,2963.3997452229296,2816.0096000000003,17245.399096377707,6898.159638551082,-356.1962556161343,-0.051636418157894534,2,4008,stop_loss
recovery,2025-12-01 03:40:00+00:00,2025-12-01 09:02:00+00:00,2819.58,2819.58,2853.41496,16889.202840761573,8444.601420380786,84.25188970635645,0.009977012000000035,1,323,take_profit
normal,2025-12-01 09:03:00+00:00,2025-12-02 14:45:00+00:00,2845.47,2845.47,2902.3794,16973.45473046793,2546.0182095701894,45.729083982454085,0.01796101999999989,1,1783,take_profit
normal,2025-12-02 14:46:00+00:00,2025-12-02 15:13:00+00:00,2901.19,2901.19,2959.2138,17019.18381445038,2552.877572167557,45.852285131252756,0.017961019999999932,1,28,take_profit
normal,2025-12-02 15:14:00+00:00,2025-12-02 15:43:00+00:00,2955.22,2955.22,3014.3244,17065.036099581634,2559.755414937245,45.97581820279629,0.017961020000000053,1,30,take_profit
normal,2025-12-02 15:44:00+00:00,2025-12-03 05:06:00+00:00,3005.71,3005.71,3065.8242,17111.01191778443,2566.651787667665,46.09968409133444,0.017961019999999904,1,803,take_profit
normal,2025-12-03 05:07:00+00:00,2025-12-03 14:42:00+00:00,3065.78,3065.78,3127.0956,17157.111601875768,2573.566740281365,46.22388369352848,0.01796102000000003,1,576,take_profit
normal,2025-12-03 14:43:00+00:00,2025-12-03 23:01:00+00:00,3144.08,3144.08,3206.9616,17203.335485569296,2580.5003228353944,46.348417908453484,0.0179610200000002,1,499,take_profit
normal,2025-12-03 23:02:00+00:00,2025-12-07 14:25:00+00:00,3214.43,3112.059617834395,2957.2756,17249.68390347775,6899.8735613911,-356.2847564525937,-0.0516364181578948,2,5244,stop_loss
recovery,2025-12-07 14:26:00+00:00,2025-12-07 15:37:00+00:00,2947.22,2947.22,2982.58664,16893.399147025157,8446.699573512578,84.27282300533079,0.009977012000000108,1,72,take_profit
normal,2025-12-07 15:38:00+00:00,2025-12-07 16:59:00+00:00,2980.78,2980.78,3040.3956000000003,16977.67197003049,2546.650795504573,45.74044587107346,0.017961019999999966,1,82,take_profit
normal,2025-12-07 17:00:00+00:00,2025-12-07 17:28:00+00:00,3039.98,3039.98,3100.7796,17023.412415901563,2553.5118623852345,45.863677630538405,0.017961019999999984,1,29,take_profit
normal,2025-12-07 17:29:00+00:00,2025-12-08 09:02:00+00:00,3101.3,3101.3,3163.326,17069.276093532102,2560.391414029815,45.98724139521755,0.017961019999999907,1,934,take_profit
normal,2025-12-08 09:03:00+00:00,2025-12-09 15:44:00+00:00,3151.03,3151.03,3214.0506000000005,17115.26333492732,2567.289500239098,46.111138059584846,0.017961020000000157,1,1842,take_profit
normal,2025-12-09 15:45:00+00:00,2025-12-09 16:01:00+00:00,3213.37,3213.37,3277.6374,17161.374472986907,2574.206170948036,46.235368520521206,0.017961020000000046,1,17,take_profit
normal,2025-12-09 16:02:00+00:00,2025-12-09 16:41:00+00:00,3273.77,3273.77,3339.2454000000002,17207.609841507427,2581.141476226114,46.35993367732726,0.017961020000000195,1,40,take_profit
normal,2025-12-09 16:42:00+00:00,2025-12-10 18:37:00+00:00,3342.1,3342.0999999999995,3408.9419999999996,17253.969775184753,2588.0954662777126,46.48483443172336,0.017961020000000015,1,1556,take_profit
normal,2025-12-10 18:38:00+00:00,2025-12-12 15:34:00+00:00,3412.37,3303.6957961783437,3139.3804,17300.454609616474,6920.181843846589,-357.3334034175323,-0.05163641815789456,2,2697,stop_loss
recovery,2025-12-12 15:35:00+00:00,2025-12-15 02:18:00+00:00,3133.94,3101.9610204081637,3139.1845526530615,16943.121206198943,12707.340904649207,126.78129269377678,0.009977012000000061,2,3524,take_profit
normal,2025-12-15 02:19:00+00:00,2025-12-16 04:49:00+00:00,3137.88,3037.947515923567,2886.8496,17069.90249889272,6827.960999557088,-352.5714493389287,-0.05163641815789503,2,1591,stop_loss
recovery,2025-12-16 04:50:00+00:00,2025-12-16 05:10:00+00:00,2888.84,2888.84,2923.50608,16717.33104955379,8358.665524776896,83.39450624468554,0.00997701200000002,1,21,take_profit
normal,2025-12-16 05:11:00+00:00,2025-12-17 14:59:00+00:00,2923.86,2923.86,2982.3372000000004,16800.725555798475,2520.108833369771,45.263725158331454,0.01796102000000013,1,2029,take_profit
normal,2025-12-17 15:00:00+00:00,2025-12-18 13:48:00+00:00,2995.89,2900.47949044586,2958.489080254777,16845.989280956805,6738.395712382722,121.0284601580197,0.017961019999999907,2,1369,take_profit
normal,2025-12-18 13:49:00+00:00,2025-12-19 03:31:00+00:00,2961.48,2867.165350318471,2924.5086573248404,16967.017741114825,6786.807096445929,121.89797799540793,0.0179610200000001,2,823,take_profit
normal,2025-12-19 03:32:00+00:00,2025-12-19 07:11:00+00:00,2924.53,2924.53,2983.0206000000003,17088.915719110235,2563.337357866535,46.0401535513879,0.017961019999999963,1,220,take_profit
normal,2025-12-19 07:12:00+00:00,2025-12-22 00:14:00+00:00,2980.57,2980.57,3040.1814000000004,17134.955872661623,2570.243380899243,46.16419276919942,0.017961020000000192,1,3903,take_profit
normal,2025-12-22 00:15:00+00:00,2025-12-29 02:06:00+00:00,3045.61,2948.6160509554143,3007.5883719745225,17181.120065430823,6872.448026172329,123.43617644704136,0.017961019999999946,2,10192,take_profit
normal,2025-12-29 02:07:00+00:00,2026-01-02 10:07:00+00:00,3005.26,3005.26,3065.3652,17304.556241877865,2595.6834362816794,46.6211221127237,0.017961019999999894,1,6241,take_profit
normal,2026-01-02 10:08:00+00:00,2026-01-02 16:31:00+00:00,3058.35,3058.35,3119.517,17351.177363990588,2602.6766045985883,46.746726548727565,0.017961020000000088,1,384,take_profit
normal,2026-01-02 16:32:00+00:00,2026-01-05 01:07:00+00:00,3127.75,3127.75,3190.305,17397.924090539316,2609.6886135808973,46.87266938229823,0.017961019999999793,1,3396,take_profit
normal,2026-01-05 01:08:00+00:00,2026-01-05 20:28:00+00:00,3187.94,3187.94,3251.6988,17444.796759921614,2616.719513988242,46.998951525133634,0.017961020000000206,1,1161,take_profit
normal,2026-01-05 20:29:00+00:00,2026-01-13 18:47:00+00:00,3252.11,3148.539617834395,3211.510410191083,17491.795711446746,6996.718284578698,125.6681970436839,0.01796102000000003,2,11419,take_profit
normal,2026-01-13 18:48:00+00:00,2026-01-13 22:09:00+00:00,3206.55,3206.55,3270.681,17617.46390849043,2642.6195862735644,47.464143241450984,0.01796101999999991,1,202,take_profit
normal,2026-01-13 22:10:00+00:00,2026-01-13 22:10:00+00:00,3292.51,3292.51,3358.3602,17664.92805173188,2649.739207759782,47.59201890535769,0.017961020000000036,1,1,take_profit
normal,2026-01-13 22:11:00+00:00,2026-01-20 13:34:00+00:00,3347.68,3241.065987261146,3079.8656,17712.520070637238,7085.008028254895,-365.844437199009,-0.05163641815789445,2,9564,stop_loss
recovery,2026-01-20 13:35:00+00:00,2026-01-27 23:38:00+00:00,3085.34,2997.0147120931756,3032.978888638294,17346.67563343823,17346.67563343823,173.0679909549217,0.00997701200000005,3,10684,take_profit
normal,2026-01-27 23:39:00+00:00,2026-01-29 18:30:00+00:00,3032.23,2935.662165605095,2789.6516,17519.74362439315,7007.89744975726,-361.8627231233095,-0.051636418157894666,2,2572,stop_loss
recovery,2026-01-29 18:31:00+00:00,2026-01-29 18:40:00+00:00,2779.19,2779.19,2812.54028,17157.88090126984,8578.94045063492,85.5921918232707,0.00997701200000008,1,10,take_profit
normal,2026-01-29 18:41:00+00:00,2026-01-31 14:23:00+00:00,2807.1,2717.701910828025,2582.532,17243.47309309311,6897.389237237245,-356.15647485174395,-0.05163641815789458,2,2623,stop_loss
recovery,2026-01-31 14:24:00+00:00,2026-02-05 11:24:00+00:00,2584.41,2510.4250397300534,2067.528,16887.316618241366,16887.316618241366,-3007.115330924682,-0.17806945880770966,3,7021,stop_loss
recovery,2026-02-05 11:25:00+00:00,2026-02-05 11:39:00+00:00,2064.39,2064.39,2089.16268,13880.201287316684,6940.100643658342,69.24146740298693,0.00997701199999999,1,15,take_profit
normal,2026-02-05 11:40:00+00:00,2026-02-05 18:47:00+00:00,2086.91,2020.4478980891713,1919.9572,13949.442754719672,5579.777101887868,-288.11970366092646,-0.05163641815789446,2,428,stop_loss
recovery,2026-02-05 18:48:00+00:00,2026-02-05 18:54:00+00:00,1919.5,1919.5,1942.534,13661.323051058744,6830.661525529372,68.14959200814519,0.00997701200000005,1,7,take_profit
normal,2026-02-05 18:55:00+00:00,2026-02-06 00:13:00+00:00,1937.12,1875.4282802547768,1782.1504,13729.472643066889,5491.789057226755,-283.5763161939103,-0.05163641815789457,2,319,stop_loss
recovery,2026-02-06 00:14:00+00:00,2026-02-06 00:31:00+00:00,1791.21,1791.21,1812.70452,13445.896326872979,6722.948163436489,67.07493450198308,0.009977011999999891,1,18,take_profit
normal,2026-02-06 00:32:00+00:00,2026-02-06 00:38:00+00:00,1807.42,1807.42,1843.5684,13512.971261374962,2026.9456892062442,36.406012062747095,0.01796101999999998,1,7,take_profit
normal,2026-02-06 00:39:00+00:00,2026-02-06 01:05:00+00:00,1864.82,1864.82,1902.1163999999999,13549.377273437709,2032.4065910156562,36.504095429363815,0.017961019999999897,1,27,take_profit
normal,2026-02-06 01:06:00+00:00,2026-02-06 01:43:00+00:00,1888.46,1888.4600000000003,1926.2292000000002,13585.881368867073,2037.8822053300607,36.60244304757748,0.017961020000000074,1,38,take_profit
normal,2026-02-06 01:44:00+00:00,2026-02-06 05:51:00+00:00,1922.37,1922.37,1960.8174,13622.48381191465,2043.3725717871973,36.701055629321445,0.017961020000000077,1,248,take_profit
normal,2026-02-06 05:52:00+00:00,2026-02-06 14:47:00+00:00,1960.54,1960.54,1999.7508,13659.184867543972,2048.877730131596,36.79993388844832,0.01796102000000006,1,536,take_profit
normal,2026-02-06 14:48:00+00:00,2026-02-06 16:28:00+00:00,1999.4,1999.4000000000003,2039.3880000000004,13695.98480143242,2054.397720214863,36.89907854073408,0.017961020000000254,1,101,take_profit
normal,2026-02-06 16:29:00+00:00,2026-02-06 17:30:00+00:00,2035.72,2035.72,2076.4344,13732.883879973153,2059.9325819959727,36.99849030388168,0.01796102000000018,1,62,take_profit
normal,2026-02-06 17:31:00+00:00,2026-02-07 04:22:00+00:00,2076.45,2076.45,2117.979,13769.882370277035,2065.482355541555,37.09816989752926,0.017961020000000136,1,652,take_profit
normal,2026-02-07 04:23:00+00:00,2026-02-07 16:05:00+00:00,2116.04,2048.6501910828024,2089.6231949044586,13806.980540174565,5522.792216069825,99.19498144867521,0.017961020000000136,2,703,take_profit
normal,2026-02-07 16:06:00+00:00,2026-02-08 08:34:00+00:00,2081.95,2081.95,2123.589,13906.175521623241,2085.9263282434863,37.465364500107626,0.017961019999999907,1,989,take_profit
normal,2026-02-08 08:35:00+00:00,2026-02-09 16:45:00+00:00,2119.41,2051.912866242038,2092.951123566879,13943.64088612335,5577.456354449339,100.17680513139203,0.017961020000000064,2,1931,take_profit
normal,2026-02-09 16:46:00+00:00,2026-02-09 18:03:00+00:00,2096.87,2096.87,2138.8074,14043.817691254742,2106.572653688211,37.83619356434747,0.017961020000000206,1,78,take_profit
normal,2026-02-09 18:04:00+00:00,2026-02-11 04:38:00+00:00,2140.13,2071.972993630573,1968.9196000000002,14081.65388481909,5632.661553927635,-290.8504673405032,-0.0516364181578945,2,2075,stop_loss
recovery,2026-02-11 04:39:00+00:00,2026-02-11 14:10:00+00:00,1981.5,1981.5,2005.278,13790.803417478586,6895.401708739293,68.79550559291329,0.009977012000000124,1,572,take_profit
normal,2026-02-11 14:11:00+00:00,2026-02-13 13:30:00+00:00,2000.78,1937.060891719745,1975.80210955414,13859.598923071499,5543.839569228599,99.57301337970603,0.01796101999999996,2,2840,take_profit
normal,2026-02-13 13:31:00+00:00,2026-02-13 15:09:00+00:00,1971.77,1971.7699999999998,2011.2053999999998,13959.171936451205,2093.8757904676804,37.608144950105725,0.017961019999999956,1,99,take_profit
normal,2026-02-13 15:10:00+00:00,2026-02-13 16:07:00+00:00,2016.32,2016.32,2056.6464,13996.78008140131,2099.5170122101963,37.70946704664766,0.01796102000000004,1,58,take_profit
normal,2026-02-13 16:08:00+00:00,2026-02-14 11:21:00+00:00,2054.15,2054.15,2095.233,14034.489548447958,2105.1734322671937,37.81106212042005,0.01796102000000016,1,1154,take_profit
normal,2026-02-14 11:22:00+00:00,2026-02-15 19:05:00+00:00,2106.85,2039.7528662420377,1938.302,14072.30061056838,5628.920244227352,-290.6572795083621,-0.05163641815789466,2,1904,stop_loss
recovery,2026-02-15 19:06:00+00:00,2026-02-15 21:32:00+00:00,1941.31,1941.31,1964.60572,13781.643331060017,6890.821665530008,68.74981044685319,0.009977012000000045,1,147,take_profit
normal,2026-02-15 21:33:00+00:00,2026-02-16 12:49:00+00:00,1961.74,1961.7399999999998,2000.9747999999997,13850.39314150687,2077.5589712260303,37.315078233369604,0.017961019999999734,1,917,take_profit
normal,2026-02-16 12:50:00+00:00,2026-02-23 17:51:00+00:00,2000.21,1936.5090445859873,1840.1932000000002,13887.70821974024,5555.0832878960955,-286.84460355573447,-0.05163641815789454,2,10382,stop_loss
recovery,2026-02-23 17:52:00+00:00,2026-02-23 17:57:00+00:00,1840.21,1840.21,1862.29252,13600.863616184502,6800.431808092251,67.8479897545185,0.00997701200000006,1,6,take_profit
normal,2026-02-23 17:58:00+00:00,2026-02-25 01:12:00+00:00,1861.5,1861.4999999999998,1898.7299999999998,13668.711605939021,2050.3067408908532,36.82560037927533,0.01796101999999995,1,1875,take_profit
normal,2026-02-25 01:13:00+00:00,2026-02-25 12:50:00+00:00,1908.56,1908.5600000000002,1946.7312000000002,13705.537206318295,2055.8305809477442,36.92481418101397,0.01796101999999996,1,698,take_profit
normal,2026-02-25 12:51:00+00:00,2026-02-25 14:47:00+00:00,1945.99,1945.9900000000002,1984.9098000000004,13742.462020499308,2061.369303074896,37.02429527991444,0.017961020000000084,1,117,take_profit
normal,2026-02-25 14:48:00+00:00,2026-02-25 15:45:00+00:00,1987.35,1987.3499999999997,2027.0969999999998,13779.486315779222,2066.9229473668834,37.12404439611555,0.017961020000000005,1,58,take_profit
normal,2026-02-25 15:46:00+00:00,2026-02-25 17:01:00+00:00,2023.71,2023.7099999999998,2064.1841999999997,13816.610360175338,2072.4915540263005,37.22406225169743,0.017961019999999984,1,76,take_profit
normal,2026-02-25 17:02:00+00:00,2026-02-25 21:35:00+00:00,2062.51,2062.51,2103.7602,13853.834422427035,2078.0751633640552,37.32434957068472,0.017961019999999835,1,274,take_profit
normal,2026-02-25 21:36:00+00:00,2026-02-25 21:36:00+00:00,2105.0,2105.0,2147.1,13891.15877199772,2083.673815799658,37.424907079054265,0.01796102000000014,1,1,take_profit
normal,2026-02-25 21:37:00+00:00,2026-02-27 11:19:00+00:00,2138.09,2069.9979617834397,1967.0428000000002,13928.583679076775,5571.433471630709,-287.6888684800142,-0.05163641815789469,2,2263,stop_loss
recovery,2026-02-27 11:20:00+00:00,2026-02-28 20:47:00+00:00,1968.39,1948.3043877551022,1971.6840404081634,13640.894810596761,10230.671107947572,102.07152841204697,0.009977012000000073,2,2008,take_profit
normal,2026-02-28 20:48:00+00:00,2026-03-01 01:50:00+00:00,1968.51,1968.51,2007.8802,13742.96633900881,2061.444950851321,37.025653991139734,0.017961020000000067,1,303,take_profit
normal,2026-03-01 01:51:00+00:00,2026-03-01 02:03:00+00:00,2006.69,2006.69,2046.8238000000001,13779.99199299995,2066.9987989499923,37.12540676791696,0.01796102000000008,1,13,take_profit
normal,2026-03-01 02:04:00+00:00,2026-03-02 15:12:00+00:00,2046.97,1981.779872611465,2021.4154700636943,13817.117399767869,5526.846959907147,99.26780878383215,0.017961020000000126,2,2229,take_profit
normal,2026-03-02 15:13:00+00:00,2026-03-02 15:45:00+00:00,2023.37,2023.3700000000001,2063.8374000000003,13916.3852085517,2087.4577812827547,37.492870958775256,0.017961020000000036,1,33,take_profit
normal,2026-03-02 15:46:00+00:00,2026-03-04 08:45:00+00:00,2058.52,1992.9620382165604,2032.8212789808915,13953.878079510474,5581.551231804189,100.25035330545961,0.017961019999999987,2,2460,take_profit
normal,2026-03-04 08:46:00+00:00,2026-03-04 09:15:00+00:00,2034.85,2034.85,2075.547,14054.12843281593,2108.1192649223894,37.86397227965608,0.01796101999999988,1,30,take_profit
normal,2026-03-04 09:16:00+00:00,2026-03-04 15:26:00+00:00,2072.62,2072.62,2114.0724,14091.992405095589,2113.7988607643383,37.96598361416591,0.017961020000000195,1,371,take_profit
normal,2026-03-04 15:27:00+00:00,2026-03-04 16:03:00+00:00,2115.84,2115.84,2158.1568,14129.958388709754,2119.493758306463,38.06826978281788,0.017961020000000157,1,37,take_profit
normal,2026-03-04 16:04:00+00:00,2026-03-04 19:19:00+00:00,2154.95,2154.95,2198.049,14168.02665849257,2125.2039987738854,38.17083152605801,0.01796102000000013,1,196,take_profit
normal,2026-03-04 19:20:00+00:00,2026-03-06 13:58:00+00:00,2197.7,2127.7095541401272,2021.884,14206.197490018627,5682.47899600745,-293.42286161129323,-0.0516364181578945,2,2559,stop_loss
recovery,2026-03-06 13:59:00+00:00,2026-03-09 13:43:00+00:00,2024.88,2004.2179591836734,2028.2685746938776,13912.774628407333,10434.580971305499,104.10593956568664,0.009977012000000002,2,4305,take_profit
normal,2026-03-09 13:44:00+00:00,2026-03-10 08:34:00+00:00,2028.04,2028.0399999999997,2068.6007999999997,14016.880567973018,2102.5320851959527,37.7636208328463,0.017961020000000043,1,1131,take_profit
normal,2026-03-10 08:35:00+00:00,2026-03-13 00:15:00+00:00,2067.19,2067.19,2108.5338,14054.644188805863,2108.1966283208794,37.865361805203975,0.017961020000000043,1,3821,take_profit
normal,2026-03-13 00:16:00+00:00,2026-03-13 12:48:00+00:00,2107.55,2107.55,2149.701,14092.509550611067,2113.87643259166,37.967376883307224,0.01796101999999989,1,753,take_profit
normal,2026-03-13 12:49:00+00:00,2026-03-13 13:19:00+00:00,2151.02,2151.02,2194.0404,14130.476927494374,2119.571539124156,38.06966680563937,0.01796101999999982,1,31,take_profit
normal,2026-03-13 13:20:00+00:00,2026-03-15 22:40:00+00:00,2197.14,2127.167388535032,2169.7107363057326,14168.546594300013,5667.418637720005,101.79261950046202,0.017961020000000046,2,3441,take_profit
normal,2026-03-15 22:41:00+00:00,2026-03-16 03:30:00+00:00,2168.0,2168.0,2211.36,14270.339213800475,2140.550882070071,38.44647720387866,0.01796102000000022,1,290,take_profit
normal,2026-03-16 03:31:00+00:00,2026-03-16 04:55:00+00:00,2230.17,2230.17,2274.7734,14308.785691004354,2146.317853650653,38.55005789577672,0.017961020000000123,1,85,take_profit
normal,2026-03-16 04:56:00+00:00,2026-03-16 17:31:00+00:00,2264.41,2264.41,2309.6982,14347.33574890013,2152.1003623350193,38.65391764990591,0.01796101999999971,1,756,take_profit
normal,2026-03-16 17:32:00+00:00,2026-03-16 21:04:00+00:00,2310.09,2310.09,2356.2918,14385.989666550036,2157.8984499825056,38.75805721810457,0.0179610199999999,1,213,take_profit
normal,2026-03-16 21:05:00+00:00,2026-03-18 20:08:00+00:00,2355.01,2280.0096815286624,2166.6092000000003,14424.747723768141,5769.899089507257,-297.9369221146526,-0.0516364181578947,2,2824,stop_loss
recovery,2026-03-18 20:09:00+00:00,2026-03-18 20:49:00+00:00,2164.72,2164.72,2190.6966399999997,14126.81080165349,7063.405400826745,70.47168044491264,0.009977011999999914,1,41,take_profit
normal,2026-03-18 20:50:00+00:00,2026-03-23 11:09:00+00:00,2190.81,2121.0389808917193,2163.4597605095537,14197.282482098402,5678.912992839361,101.99906984264726,0.017961019999999935,2,6620,take_profit
normal,2026-03-23 11:10:00+00:00,2026-03-27 11:01:00+00:00,2158.76,2090.009681528663,1986.0592000000004,14299.28155194105,5719.7126207764195,-295.3454726293976,-0.05163641815789446,2,5752,stop_loss
recovery,2026-03-27 11:02:00+00:00,2026-03-28 13:40:00+00:00,1989.94,1989.94,2013.8192800000002,14003.936079311654,7001.968039655827,69.8587191552624,0.009977011999999964,1,1599,take_profit
normal,2026-03-28 13:41:00+00:00,2026-03-30 08:38:00+00:00,2029.75,2029.75,2070.3450000000003,14073.794798466915,2111.0692197700373,37.916956477674375,0.01796102000000016,1,2578,take_profit
normal,2026-03-30 08:39:00+00:00,2026-03-31 17:14:00+00:00,2068.27,2068.27,2109.6354,14111.71175494459,2116.7567632416885,38.01911055971959,0.01796102000000017,1,1956,take_profit
normal,2026-03-31 17:15:00+00:00,2026-04-01 07:09:00+00:00,2114.16,2114.16,2156.4431999999997,14149.730865504309,2122.459629825646,38.121539860490884,0.017961019999999932,1,835,take_profit
normal,2026-04-01 07:10:00+00:00,2026-04-06 00:01:00+00:00,2154.96,2086.3307006369428,2128.0573146496818,14187.8524053648,5675.14096214592,101.93132032392259,0.017961020000000084,2,6772,take_profit
normal,2026-04-06 00:02:00+00:00,2026-04-06 09:22:00+00:00,2127.19,2127.19,2169.7338,14289.783725688721,2143.467558853308,38.498863693915155,0.017961019999999866,1,561,take_profit
normal,2026-04-06 09:23:00+00:00,2026-04-07 22:59:00+00:00,2168.0,2168.0,2211.36,14328.282589382638,2149.2423884073955,38.60258552303321,0.0179610200000001,1,2257,take_profit
normal,2026-04-07 23:00:00+00:00,2026-04-07 23:29:00+00:00,2219.78,2219.78,2264.1756,14366.88517490567,2155.0327762358506,38.70658679462758,0.017961019999999973,1,30,take_profit
normal,2026-04-07 23:30:00+00:00,2026-04-11 19:05:00+00:00,2270.36,2270.36,2315.7672000000002,14405.591761700298,2160.8387642550447,38.810868261560245,0.017961020000000046,1,5496,take_profit
normal,2026-04-11 19:06:00+00:00,2026-04-13 22:14:00+00:00,2316.83,2243.0456050955413,2287.906517197452,14444.402629961858,5777.761051984743,103.77448180991814,0.01796101999999985,2,3069,take_profit
normal,2026-04-13 22:15:00+00:00,2026-04-13 22:31:00+00:00,2295.42,2295.42,2341.3284000000003,14548.177111771776,2182.226566765766,39.19501501021159,0.01796102000000015,1,17,take_profit
normal,2026-04-13 22:32:00+00:00,2026-04-13 23:27:00+00:00,2341.34,2341.34,2388.1668,14587.372126781987,2188.105819017298,39.30061237748578,0.017961019999999866,1,56,take_profit
normal,2026-04-13 23:28:00+00:00,2026-04-17 13:21:00+00:00,2375.83,2375.83,2423.3466,14626.672739159474,2194.000910873921,39.406494240224674,0.017961019999999984,1,5154,take_profit
normal,2026-04-17 13:22:00+00:00,2026-04-22 05:21:00+00:00,2423.64,2346.454012738853,2393.3830929936303,14666.079233399698,5866.431693359878,105.36709697307106,0.01796102000000007,2,6720,take_profit
normal,2026-04-22 05:22:00+00:00,2026-05-04 02:00:00+00:00,2391.16,2315.008407643312,2361.308575796178,14771.446330372768,5908.578532149108,106.12409718750041,0.01796101999999994,2,17079,take_profit
normal,2026-05-04 02:01:00+00:00,2026-05-06 09:32:00+00:00,2353.34,2353.34,2400.4068,14877.57042756027,2231.63556413404,40.082451000122546,0.017961019999999897,1,3332,take_profit
normal,2026-05-06 09:33:00+00:00,2026-05-10 17:51:00+00:00,2392.9,2316.6929936305733,2363.0268535031846,14917.652878560391,5967.061151424156,107.17450468195238,0.017961020000000015,2,6259,take_profit
normal,2026-05-10 17:52:00+00:00,2026-05-16 09:18:00+00:00,2363.17,2287.9098089171976,2174.1164000000003,15024.827383242344,6009.930953296937,-310.33130780451484,-0.05163641815789461,2,8127,stop_loss
recovery,2026-05-16 09:19:00+00:00,2026-05-17 10:12:00+00:00,2170.92,2170.92,2196.97104,14714.496075437828,7357.248037718914,73.40335195929674,0.009977011999999822,1,1494,take_profit
normal,2026-05-17 10:13:00+00:00,2026-05-23 07:50:00+00:00,2196.5,2126.5477707006366,2020.7800000000002,14787.899427397126,5915.15977095885,-305.43766340398633,-0.05163641815789445,2,8498,stop_loss
recovery,2026-05-23 07:51:00+00:00,2026-05-23 11:08:00+00:00,2011.76,2011.76,2035.90112,14482.461763993138,7241.230881996569,72.24584740445061,0.009977012000000035,1,198,take_profit
normal,2026-05-23 11:09:00+00:00,2026-05-23 18:12:00+00:00,2035.61,2035.6100000000001,2076.3222,14554.707611397589,2183.2061417096384,39.212609175369835,0.017961020000000084,1,424,take_profit
normal,2026-05-23 18:13:00+00:00,2026-05-23 20:38:00+00:00,2077.55,2077.55,2119.101,14593.92022057296,2189.088033085944,39.31825394401676,0.01796101999999975,1,146,take_profit
normal,2026-05-23 20:39:00+00:00,2026-06-02 14:22:00+00:00,2119.43,2051.932229299363,1949.8755999999998,14633.238474516977,5853.29538980679,-302.2432083497397,-0.051636418157894534,2,14024,stop_loss
recovery,2026-06-02 14:23:00+00:00,2026-06-05 16:10:00+00:00,1945.49,1889.795663437466,1556.392,14330.995266167236,14330.995266167236,-2551.9125712222467,-0.17806945880770952,3,4428,stop_loss
recovery,2026-06-05 16:11:00+00:00,2026-06-05 16:13:00+00:00,1554.77,1554.77,1573.42724,11779.08269494499,5889.541347472495,58.760024698229245,0.009977011999999999,1,3,take_profit
normal,2026-06-05 16:14:00+00:00,2026-06-05 16:58:00+00:00,1580.37,1580.37,1611.9774,11837.842719643219,1775.6764079464826,31.89295947665505,0.017961020000000067,1,45,take_profit
normal,2026-06-05 16:59:00+00:00,2026-06-06 08:32:00+00:00,1612.43,1561.0787261146497,1592.3003006369427,11869.735679119873,4747.894271647949,85.27702397095436,0.017961020000000025,2,934,take_profit
normal,2026-06-06 08:33:00+00:00,2026-06-07 06:28:00+00:00,1589.0,1588.9999999999998,1620.7799999999997,11955.012703090826,1793.2519054636239,32.20863333907005,0.017961019999999883,1,1316,take_profit
normal,2026-06-07 06:29:00+00:00,2026-06-07 22:13:00+00:00,1618.19,1618.19,1650.5538000000001,11987.221336429897,1798.0832004644844,32.29540832520661,0.017961019999999998,1,945,take_profit
normal,2026-06-07 22:14:00+00:00,2026-06-07 22:14:00+00:00,1664.17,1664.17,1697.4534,12019.516744755103,1802.9275117132654,32.382417096432164,0.017961019999999984,1,1,take_profit
normal,2026-06-07 22:15:00+00:00,2026-06-11 17:32:00+00:00,1701.46,1647.2733757961782,1680.2188433121019,12051.899161851536,4820.759664740614,86.58576075359906,0.017961019999999914,2,5478,take_profit
normal,2026-06-11 17:33:00+00:00,2026-06-14 21:40:00+00:00,1681.6,1681.6,1715.232,12138.484922605136,1820.7727383907702,32.70293556969159,0.01796102000000011,1,4568,take_profit
normal,2026-06-14 21:41:00+00:00,2026-06-15 11:20:00+00:00,1720.72,1720.72,1755.1344000000001,12171.187858174828,1825.6781787262241,32.79104228166534,0.01796102000000003,1,820,take_profit
normal,2026-06-15 11:21:00+00:00,2026-06-15 13:07:00+00:00,1750.27,1750.27,1785.2754,12203.978900456494,1830.596835068474,32.87938636660169,0.01796102000000007,1,107,take_profit
normal,2026-06-15 13:08:00+00:00,2026-06-15 13:24:00+00:00,1784.65,1784.65,1820.343,12236.858286823095,1835.5287430234641,32.96796846401958,0.01796102000000015,1,17,take_profit
normal,2026-06-15 13:25:00+00:00,2026-06-18 17:23:00+00:00,1823.09,1765.0298089171972,1677.2428,12269.826255287115,4907.930502114846,-253.42795169708825,-0.051636418157894694,2,4559,stop_loss
recovery,2026-06-18 17:24:00+00:00,2026-06-18 19:40:00+00:00,1678.01,1678.01,1698.14612,12016.398303590026,6008.199151795013,59.94387503584858,0.009977011999999987,1,137,take_profit
normal,2026-06-18 19:41:00+00:00,2026-06-20 05:10:00+00:00,1697.61,1697.6099999999997,1731.5621999999996,12076.342178625873,1811.451326793881,32.53551350957105,0.017961019999999786,1,2010,take_profit
normal,2026-06-20 05:11:00+00:00,2026-06-22 11:33:00+00:00,1725.65,1725.6500000000003,1760.1630000000005,12108.877692135444,1816.3316538203164,32.623169160900034,0.01796102000000014,1,3263,take_profit
normal,2026-06-22 11:34:00+00:00,2026-06-24 15:47:00+00:00,1759.78,1703.7360509554142,1618.9976000000001,12141.500861296345,4856.600344518538,-250.77744621533475,-0.051636418157894715,2,3134,stop_loss
recovery,2026-06-24 15:48:00+00:00,2026-06-24 20:50:00+00:00,1618.54,1602.0242857142857,1621.2485771428571,11890.72341508101,8918.042561310758,88.97541765070855,0.009977012000000042,2,303,take_profit
normal,2026-06-24 20:51:00+00:00,2026-06-25 06:41:00+00:00,1620.49,1620.49,1652.8998000000001,11979.69883273172,1796.954824909758,32.27514154930054,0.017961019999999935,1,591,take_profit
normal,2026-06-25 06:42:00+00:00,2026-06-26 02:13:00+00:00,1654.46,1601.7701910828023,1522.1032,12011.973974281022,4804.789589712409,-248.10212441508884,-0.05163641815789461,2,1172,stop_loss
recovery,2026-06-26 02:14:00+00:00,2026-06-26 02:30:00+00:00,1522.71,1522.71,1540.98252,11763.871849865933,5881.935924932966,58.684145306287064,0.009977011999999959,1,17,take_profit
normal,2026-06-26 02:31:00+00:00,2026-06-26 06:39:00+00:00,1538.21,1538.2100000000003,1568.9742000000003,11822.55599517222,1773.383399275833,31.851774702061448,0.017961020000000126,1,249,take_profit
normal,2026-06-26 06:40:00+00:00,2026-06-27 14:13:00+00:00,1565.72,1565.72,1597.0344,11854.407769874282,1778.1611654811422,31.937588256430217,0.017961020000000064,1,1894,take_profit
normal,2026-06-27 14:14:00+00:00,2026-06-29 17:16:00+00:00,1596.36,1596.36,1628.2872,11886.345358130713,1782.951803719607,32.02363300564389,0.017961019999999973,1,3063,take_profit
normal,2026-06-29 17:17:00+00:00,2026-07-02 12:15:00+00:00,1625.78,1625.78,1658.2956,11918.368991136358,1787.7553486704537,32.109909572576726,0.017961019999999852,1,4019,take_profit
normal,2026-07-02 12:16:00+00:00,2026-07-02 13:25:00+00:00,1655.85,1655.85,1688.9669999999999,11950.478900708935,1792.5718351063401,32.1964185817817,0.01796102000000001,1,70,take_profit
normal,2026-07-02 13:26:00+00:00,2026-07-02 14:12:00+00:00,1689.86,1689.8600000000001,1723.6572,11982.675319290716,1797.4012978936073,32.283160659493205,0.01796102000000009,1,47,take_profit
normal,2026-07-02 14:13:00+00:00,2026-07-03 20:26:00+00:00,1722.34,1722.3400000000001,1756.7868,12014.958479950208,1802.2437719925313,32.370136433633206,0.017961019999999953,1,1814,take_profit
normal,2026-07-03 20:27:00+00:00,2026-07-04 15:09:00+00:00,1755.76,1755.76,1790.8752,12047.328616383842,1807.0992924575762,32.457346533816235,0.01796101999999992,1,1123,take_profit
normal,2026-07-04 15:10:00+00:00,2026-07-06 21:10:00+00:00,1789.66,1789.6599999999999,1825.4532,12079.785962917658,1811.9678944376487,32.54479159135258,0.017961020000000043,1,3241,take_profit
normal,2026-07-06 21:11:00+00:00,2026-07-10 12:11:00+00:00,1826.16,1768.0020382165605,1803.3620789808917,12112.330754509012,4844.932301803605,87.01992597134085,0.017961020000000057,2,5221,take_profit
normal,2026-07-10 12:12:00+00:00,2026-07-13 00:10:00+00:00,1801.66,1801.66,1837.6932000000002,12199.350680480353,1829.9026020720528,32.866917233868435,0.01796102000000014,1,3599,take_profit
normal,2026-07-13 00:11:00+00:00,2026-07-14 13:21:00+00:00,1836.62,1836.62,1873.3524,12232.217597714221,1834.832639657133,32.955465737534496,0.017961019999999966,1,2231,take_profit
normal,2026-07-14 13:22:00+00:00,2026-07-15 12:51:00+00:00,1876.4,1876.4,1913.928,12265.173063451755,1839.7759595177633,33.04425280441774,0.01796102,1,1410,take_profit
normal,2026-07-15 12:52:00+00:00,2026-07-20 11:36:00+00:00,1916.71,1855.6682802547768,1892.7816458598725,12298.217316256174,4919.286926502469,88.35541087264937,0.017961019999999998,2,7125,take_profit
normal,2026-07-20 11:37:00+00:00,2026-07-21 04:02:00+00:00,1892.25,1892.25,1930.095,12386.572727128823,1857.9859090693235,33.371322072512385,0.017961020000000046,1,986,take_profit
normal,2026-07-21 04:03:00+00:00,2026-07-26 23:09:00+00:00,1928.44,1928.44,1967.0088,12419.944049201335,1862.9916073802,33.46122951998791,0.017961019999999994,1,8347,take_profit
normal,2026-07-26 23:10:00+00:00,2026-07-31 23:59:00+00:00,1963.14,1900.6196178343948,1862.6,12453.405278721322,4981.362111488529,-109.40472973919168,-0.021962814043747444,2,7250,eod_close
