entry_time,exit_time,p0,avg_entry,pnl,pnl_pct,hold_bars,reason,fills
2021-01-01 00:00:00+00:00,2021-01-02 12:38:00+00:00,736.42,727.2177593724901,36.45934257142858,0.022951025000000003,2199,take_profit,5
2021-01-02 12:39:00+00:00,2021-01-02 13:16:00+00:00,746.56,746.56,18.42776234262726,0.022951025000000035,38,take_profit,1
2021-01-02 13:17:00+00:00,2021-01-02 17:00:00+00:00,765.29,764.5276929406668,20.483581683380976,0.022951025000000024,224,take_profit,2
2021-01-02 17:01:00+00:00,2021-01-03 06:09:00+00:00,783.36,773.5712011923004,36.73413913967852,0.022951024999999983,789,take_profit,5
2021-01-03 06:10:00+00:00,2021-01-03 08:41:00+00:00,793.94,793.94,18.56665365264905,0.022951025000000003,152,take_profit,1
2021-01-03 08:42:00+00:00,2021-01-03 12:17:00+00:00,815.19,815.19,18.600743551220944,0.022951025000000038,216,take_profit,1
2021-01-03 12:18:00+00:00,2021-01-03 13:35:00+00:00,835.13,835.13,18.634896041641923,0.022951024999999993,78,take_profit,1
2021-01-03 13:36:00+00:00,2021-01-03 13:43:00+00:00,860.49,860.49,18.669111238835853,0.02295102499999999,8,take_profit,1
2021-01-03 13:44:00+00:00,2021-01-03 14:28:00+00:00,879.09,878.2143365093115,20.75185570047347,0.02295102499999997,45,take_profit,2
2021-01-03 14:29:00+00:00,2021-01-03 16:00:00+00:00,902.88,899.1060146125038,24.899409958556816,0.02295102499999993,92,take_profit,3
2021-01-03 16:01:00+00:00,2021-01-03 16:06:00+00:00,929.98,929.98,18.78720872509109,0.022951024999999802,6,take_profit,1
2021-01-03 16:07:00+00:00,2021-01-03 16:25:00+00:00,951.59,950.6421190991772,20.88312825876551,0.022951024999999983,19,take_profit,2
2021-01-03 16:26:00+00:00,2021-01-03 20:24:00+00:00,974.01,935.4799378666586,70.50065082217816,0.022951024999999747,239,take_profit,8
2021-01-03 20:25:00+00:00,2021-01-03 22:27:00+00:00,958.42,954.413860673529,25.22889610604784,0.02295102500000007,123,take_profit,3
2021-01-03 22:28:00+00:00,2021-01-03 23:41:00+00:00,978.54,978.54,19.035814014744233,0.022951024999999903,74,take_profit,1
2021-01-03 23:42:00+00:00,2021-01-04 03:56:00+00:00,1007.29,994.7029912798613,37.86909115570711,0.0229510250000001,255,take_profit,5
2021-01-04 03:57:00+00:00,2021-01-04 05:18:00+00:00,1018.25,1018.25,19.140296086839385,0.02295102499999988,82,take_profit,1
2021-01-04 05:19:00+00:00,2021-01-04 05:46:00+00:00,1043.92,1043.92,19.175439239959132,0.022951024999999917,28,take_profit,1
2021-01-04 05:47:00+00:00,2021-01-04 06:21:00+00:00,1073.69,1073.69,19.21064691878962,0.02295102499999981,35,take_profit,1
2021-01-04 06:22:00+00:00,2021-01-04 06:27:00+00:00,1105.85,1105.85,19.245919241805723,0.022951024999999996,6,take_profit,1
2021-01-04 06:28:00+00:00,2021-01-04 06:38:00+00:00,1134.18,1129.439194193259,25.616526263943115,0.02295102500000007,11,take_profit,3
2021-01-04 06:39:00+00:00,2021-01-05 00:06:00+00:00,1159.27,1047.3679568183068,139.99204596900836,0.022951024999999656,1048,take_profit,11
2021-01-05 00:07:00+00:00,2021-01-05 00:33:00+00:00,1078.27,1078.27,19.585327246221482,0.02295102499999976,27,take_profit,1
2021-01-05 00:34:00+00:00,2021-01-05 15:24:00+00:00,1110.98,1037.4455629726901,107.73021191684893,0.022951025000000184,891,take_profit,10
2021-01-05 15:25:00+00:00,2021-01-05 16:25:00+00:00,1060.19,1055.7584680489438,26.331075406970285,0.02295102499999982,61,take_profit,3
2021-01-05 16:26:00+00:00,2021-01-05 19:39:00+00:00,1082.99,1069.4570506271054,39.451049558766044,0.022951024999999688,194,take_profit,5
2021-01-05 19:40:00+00:00,2021-01-06 04:23:00+00:00,1097.58,1083.864735248985,39.594885491832656,0.022951024999999726,524,take_profit,5
2021-01-06 04:24:00+00:00,2021-01-06 11:08:00+00:00,1111.5,1106.853995261605,26.58812851249445,0.022951024999999826,405,take_profit,3
2021-01-06 11:09:00+00:00,2021-01-06 16:04:00+00:00,1145.53,1140.7417518596726,26.652986691470232,0.022951024999999646,296,take_profit,3
2021-01-06 16:05:00+00:00,2021-01-06 17:48:00+00:00,1177.04,1175.8675478562147,22.312884295363006,0.022951024999999948,104,take_profit,2
2021-01-06 17:49:00+00:00,2021-01-06 20:57:00+00:00,1206.71,1174.7852165166262,57.67108192933438,0.022951024999999636,189,take_profit,7
2021-01-06 20:58:00+00:00,2021-01-07 12:54:00+00:00,1204.45,1189.3992969721025,40.22497572954671,0.022951024999999917,957,take_profit,5
2021-01-07 12:55:00+00:00,2021-01-07 15:47:00+00:00,1218.76,1218.76,20.331038375961384,0.022951024999999965,173,take_profit,1
2021-01-07 15:48:00+00:00,2021-01-07 16:35:00+00:00,1245.3,1245.3,20.368367829564818,0.022951024999999986,48,take_profit,1
2021-01-07 16:36:00+00:00,2021-01-07 21:08:00+00:00,1275.37,1224.9186849796206,76.27869605303977,0.02295102500000012,273,take_profit,8
2021-01-07 21:09:00+00:00,2021-01-08 07:35:00+00:00,1253.04,1170.1027815327905,112.80633422757728,0.022951025000000087,627,take_profit,10
2021-01-08 07:36:00+00:00,2021-01-08 10:03:00+00:00,1197.67,1196.4769982676485,23.025882649409596,0.022951025000000132,148,take_profit,2
2021-01-08 10:04:00+00:00,2021-01-08 10:40:00+00:00,1225.91,1225.91,20.795218852340327,0.02295102499999985,37,take_profit,1
2021-01-08 10:41:00+00:00,2021-01-09 20:23:00+00:00,1260.0,1210.1566941940941,77.87723549904058,0.02295102499999986,2023,take_profit,8
2021-01-09 20:24:00+00:00,2021-01-09 21:00:00+00:00,1241.08,1241.08,20.976389569670687,0.022951024999999823,37,take_profit,1
2021-01-09 21:01:00+00:00,2021-01-09 22:14:00+00:00,1269.4,1269.4,21.014903940984595,0.022951024999999875,74,take_profit,1
2021-01-09 22:15:00+00:00,2021-01-10 01:17:00+00:00,1301.66,1291.9944002068805,32.58278063832745,0.022951024999999858,183,take_profit,4
2021-01-10 01:18:00+00:00,2021-01-10 13:12:00+00:00,1316.06,1281.242247142123,60.4242929743541,0.022951025000000003,715,take_profit,7
2021-01-10 13:13:00+00:00,2021-01-14 11:02:00+00:00,1311.35,1144.965982336428,190.91725088064595,0.022951024999999844,5630,take_profit,12
2021-01-14 11:03:00+00:00,2021-01-14 14:09:00+00:00,1173.14,1168.2363436807912,28.663659362211547,0.022951024999999688,187,take_profit,3
2021-01-14 14:10:00+00:00,2021-01-14 16:08:00+00:00,1197.0,1197.0,21.627426198415833,0.022951024999999903,119,take_profit,1
2021-01-14 16:09:00+00:00,2021-01-15 00:05:00+00:00,1228.39,1213.0401448026578,43.02474133949636,0.022951024999999903,477,take_profit,5
2021-01-15 00:06:00+00:00,2021-01-16 00:06:00+00:00,1243.62,1161.3062800627347,119.3966248097895,0.022951025000000055,1441,take_profit,10
2021-01-16 00:07:00+00:00,2021-01-16 08:35:00+00:00,1190.87,1175.988991477577,43.61691896243178,0.0229510249999998,509,take_profit,5
2021-01-16 08:36:00+00:00,2021-01-16 13:16:00+00:00,1209.65,1208.4450649631876,24.459939587247163,0.022951024999999885,281,take_profit,2
2021-01-16 13:17:00+00:00,2021-01-16 15:45:00+00:00,1239.98,1238.744853183196,24.509768806140983,0.02295102499999965,149,take_profit,2
2021-01-16 15:46:00+00:00,2021-01-17 21:13:00+00:00,1272.62,1222.2774699724512,82.74405208466897,0.02295102500000016,1768,take_profit,8
2021-01-17 21:14:00+00:00,2021-01-18 23:52:00+00:00,1254.93,1229.6607562110712,54.020112744130984,0.022951025000000052,1599,take_profit,6
2021-01-18 23:53:00+00:00,2021-01-19 01:22:00+00:00,1259.14,1259.14,22.386461734383147,0.022951024999999955,90,take_profit,1
2021-01-19 01:23:00+00:00,2021-01-19 01:35:00+00:00,1291.97,1291.97,22.427565113817195,0.022951024999999813,13,take_profit,1
2021-01-19 01:36:00+00:00,2021-01-19 07:48:00+00:00,1321.0,1319.6841489822436,24.929606396406825,0.02295102500000007,373,take_profit,2
2021-01-19 07:49:00+00:00,2021-01-19 09:46:00+00:00,1359.9,1359.9,22.51451676399813,0.022951024999999917,118,take_profit,1
2021-01-19 09:47:00+00:00,2021-01-19 11:53:00+00:00,1394.65,1388.8204448867275,29.9670648493709,0.02295102500000006,127,take_profit,3
2021-01-19 11:54:00+00:00,2021-01-19 22:07:00+00:00,1423.69,1386.0247821784487,64.71017727642584,0.022951025000000114,614,take_profit,7
2021-01-19 22:08:00+00:00,2021-01-20 23:27:00+00:00,1421.82,1327.7114352606077,124.79682419442634,0.022951024999999722,1520,take_profit,10
2021-01-20 23:28:00+00:00,2021-01-22 12:02:00+00:00,1360.95,1188.2727369968063,206.52012105974973,0.022951025000000135,2195,take_profit,12
2021-01-22 12:03:00+00:00,2021-01-22 16:29:00+00:00,1221.1,1215.9958736967574,31.006220622776937,0.022951025,267,take_profit,3
2021-01-22 16:30:00+00:00,2021-01-23 05:45:00+00:00,1246.61,1231.0324692584936,46.4556774652433,0.022951024999999965,796,take_profit,5
2021-01-23 05:46:00+00:00,2021-01-24 03:46:00+00:00,1264.23,1238.7734916088727,56.9116339853158,0.022951024999999976,1321,take_profit,6
2021-01-24 03:47:00+00:00,2021-01-24 04:02:00+00:00,1268.49,1268.49,23.58473634603638,0.02295102499999984,16,take_profit,1
2021-01-24 04:03:00+00:00,2021-01-24 05:12:00+00:00,1303.07,1301.7720090948462,26.21587279251662,0.022951025000000017,70,take_profit,2
2021-01-24 05:13:00+00:00,2021-01-24 17:33:00+00:00,1334.36,1324.4515832552684,36.6416983958145,0.02295102499999988,741,take_profit,4
2021-01-24 17:34:00+00:00,2021-01-24 22:48:00+00:00,1357.87,1340.902173921299,47.14771085743541,0.02295102499999984,315,take_profit,5
2021-01-24 22:49:00+00:00,2021-01-25 00:12:00+00:00,1376.01,1376.01,23.83001857418526,0.02295102499999986,84,take_profit,1
2021-01-25 00:13:00+00:00,2021-01-25 00:24:00+00:00,1409.01,1409.01,23.873772442349036,0.022951024999999906,12,take_profit,1
2021-01-25 00:25:00+00:00,2021-01-29 08:59:00+00:00,1443.87,1348.3019721411529,131.31904982414835,0.0229510249999996,6275,take_profit,10
2021-01-29 09:00:00+00:00,2021-01-29 11:24:00+00:00,1375.82,1370.069153181126,32.09658406650442,0.022951025000000184,145,take_profit,3
2021-01-29 11:25:00+00:00,2021-01-29 22:21:00+00:00,1405.56,1368.374430415849,69.30861114864047,0.0229510249999995,657,take_profit,7
2021-01-29 22:22:00+00:00,2021-02-02 00:02:00+00:00,1403.0,1347.499874566916,91.00358258635197,0.02295102499999984,4421,take_profit,8
2021-02-02 00:03:00+00:00,2021-02-02 07:03:00+00:00,1384.19,1382.8112052836727,27.196644826825832,0.022951025000000076,421,take_profit,2
2021-02-02 07:04:00+00:00,2021-02-02 08:59:00+00:00,1417.35,1417.35,24.561932753432075,0.022951024999999972,116,take_profit,1
2021-02-02 09:00:00+00:00,2021-02-02 16:30:00+00:00,1451.26,1440.4835312172436,38.08230907007032,0.022951024999999577,451,take_profit,4
2021-02-02 16:31:00+00:00,2021-02-02 19:59:00+00:00,1478.11,1478.11,24.676952718247776,0.0229510249999999,209,take_profit,1
2021-02-02 20:00:00+00:00,2021-02-03 04:08:00+00:00,1516.29,1514.779620181897,27.429937900376217,0.022951024999999826,489,take_profit,2
2021-02-03 04:09:00+00:00,2021-02-03 15:22:00+00:00,1554.53,1542.9866900370312,38.338586684339134,0.022951024999999677,674,take_profit,4
2021-02-03 15:23:00+00:00,2021-02-03 17:16:00+00:00,1578.56,1578.56,24.84301803110543,0.022951025000000153,114,take_profit,1
2021-02-03 17:17:00+00:00,2021-02-03 23:39:00+00:00,1619.54,1617.9267726288435,27.61452962331282,0.02295102499999989,383,take_profit,2
2021-02-03 23:40:00+00:00,2021-02-04 19:00:00+00:00,1659.4,1615.4988259711865,71.37399984981312,0.022951025000000035,1161,take_profit,7
2021-02-04 19:01:00+00:00,2021-02-05 13:44:00+00:00,1658.6,1637.8742778512424,49.7826174857837,0.022951024999999858,1124,take_profit,5
2021-02-05 13:45:00+00:00,2021-02-05 14:10:00+00:00,1685.92,1685.92,25.161787874388438,0.02295102499999997,26,take_profit,1
2021-02-05 14:11:00+00:00,2021-02-08 08:17:00+00:00,1724.27,1610.1426316107584,138.40385232458084,0.02295102500000006,3967,take_profit,10
2021-02-08 08:18:00+00:00,2021-02-08 12:48:00+00:00,1647.72,1646.0787024686013,28.250814847176343,0.022951024999999847,271,take_profit,2
2021-02-08 12:49:00+00:00,2021-02-08 15:29:00+00:00,1689.37,1689.3699999999997,25.513978614802227,0.022951024999999754,161,take_profit,1
2021-02-08 15:30:00+00:00,2021-02-09 00:00:00+00:00,1734.92,1713.2405897321103,50.75649410948927,0.022951024999999743,511,take_profit,5
2021-02-09 00:01:00+00:00,2021-02-09 08:11:00+00:00,1755.17,1747.8334924546211,34.08319462131362,0.02295102499999969,491,take_profit,3
2021-02-09 08:12:00+00:00,2021-02-10 02:13:00+00:00,1790.76,1768.382817921676,51.06581403699829,0.02295102499999977,1082,take_profit,5
2021-02-10 02:14:00+00:00,2021-02-11 13:18:00+00:00,1811.94,1764.0032196759255,73.86678652109549,0.022951024999999958,2026,take_profit,7
2021-02-11 13:19:00+00:00,2021-02-12 17:28:00+00:00,1809.17,1786.5627681539447,51.521310085207006,0.022951024999999774,1690,take_profit,5
2021-02-12 17:29:00+00:00,2021-02-15 12:51:00+00:00,1830.81,1758.3864899186428,97.3421712584568,0.022951024999999858,4043,take_profit,8
2021-02-15 12:52:00+00:00,2021-02-16 03:32:00+00:00,1802.8,1780.2723671230076,52.064056551475915,0.022951025000000003,881,take_profit,5
2021-02-16 03:33:00+00:00,2021-02-17 12:28:00+00:00,1826.29,1789.5158634033112,63.78231234417399,0.022951024999999802,1976,take_profit,6
2021-02-17 12:29:00+00:00,2021-02-18 01:05:00+00:00,1833.93,1832.10321827631,29.326947188395025,0.022951024999999906,757,take_profit,2
2021-02-18 01:06:00+00:00,2021-02-18 10:10:00+00:00,1879.99,1879.9900000000002,26.485859167242552,0.02295102500000019,545,take_profit,1
2021-02-18 10:11:00+00:00,2021-02-19 17:15:00+00:00,1921.42,1913.3885772159722,35.25296445736808,0.022951024999999802,1865,take_profit,3
2021-02-19 17:16:00+00:00,2021-02-20 03:55:00+00:00,1963.91,1955.7009715107679,35.33895934328643,0.022951024999999906,640,take_profit,3
2021-02-20 03:56:00+00:00,2021-02-21 10:54:00+00:00,2002.12,1922.9197782380002,99.67295247934453,0.022951024999999913,1859,take_profit,8
2021-02-21 10:55:00+00:00,2021-03-08 19:16:00+00:00,1972.79,1722.4825106138576,241.49614348046634,0.022951025000000316,22012,take_profit,12
2021-03-08 19:17:00+00:00,2021-03-08 23:18:00+00:00,1765.83,1765.83,27.290516373197534,0.02295102499999989,242,take_profit,1
2021-03-08 23:19:00+00:00,2021-03-09 01:36:00+00:00,1810.4,1810.4,27.34062399908089,0.02295102499999974,138,take_profit,1
2021-03-09 01:37:00+00:00,2021-03-10 00:18:00+00:00,1854.43,1831.2572031084526,54.390349772967966,0.02295102499999986,1362,take_profit,5
2021-03-10 00:19:00+00:00,2021-03-10 17:30:00+00:00,1873.84,1824.265590007139,78.67573309566114,0.022951025000000076,1032,take_profit,7
2021-03-10 17:31:00+00:00,2021-03-13 10:30:00+00:00,1869.47,1795.5171707103443,103.30279969046842,0.022951024999999736,3900,take_profit,8
2021-03-13 10:31:00+00:00,2021-03-13 12:20:00+00:00,1844.8,1844.8,27.824816277301352,0.022951024999999833,110,take_profit,1
2021-03-13 12:21:00+00:00,2021-03-13 20:13:00+00:00,1892.12,1890.235255088783,30.928980222560995,0.022951024999999903,473,take_profit,2
2021-03-13 20:14:00+00:00,2021-03-29 16:00:00+00:00,1937.77,1750.7208895976007,202.31250548859498,0.022951024999999892,22787,take_profit,11
2021-03-29 16:01:00+00:00,2021-03-29 17:11:00+00:00,1788.08,1788.08,28.304155415188916,0.022951024999999826,71,take_profit,1
2021-03-29 17:12:00+00:00,2021-03-31 18:26:00+00:00,1837.84,1814.8745103135943,56.307160842865414,0.022951024999999695,2955,take_profit,5
2021-03-31 18:27:00+00:00,2021-03-31 19:06:00+00:00,1860.0,1860.0000000000002,28.459508729966956,0.022951025000000083,40,take_profit,1
2021-03-31 19:07:00+00:00,2021-04-01 08:25:00+00:00,1907.44,1907.44,28.511762721674586,0.022951024999999837,799,take_profit,1
2021-04-01 08:26:00+00:00,2021-04-01 19:13:00+00:00,1955.44,1931.0049908847427,56.72016655976449,0.022951025000000142,648,take_profit,5
2021-04-01 19:14:00+00:00,2021-04-02 14:08:00+00:00,1979.85,1977.8778670420097,31.808112091213843,0.022951024999999972,1135,take_profit,2
2021-04-02 14:09:00+00:00,2021-04-02 15:01:00+00:00,2027.99,2027.9900000000002,28.726657834918342,0.022951024999999976,53,take_profit,1
2021-04-02 15:02:00+00:00,2021-04-02 23:18:00+00:00,2082.54,2073.8351050761157,38.23549167269857,0.022951025000000017,497,take_profit,3
2021-04-02 23:19:00+00:00,2021-04-05 14:41:00+00:00,2126.54,2070.2801454626765,82.56482431056384,0.02295102499999963,3803,take_profit,7
2021-04-05 14:42:00+00:00,2021-04-09 00:26:00+00:00,2121.11,2037.202750493679,108.40925367498676,0.02295102499999979,4905,take_profit,8
2021-04-09 00:27:00+00:00,2021-04-10 03:06:00+00:00,2089.75,2081.0149676994506,38.79461772344416,0.022951025000000066,1600,take_profit,3
2021-04-10 03:07:00+00:00,2021-04-10 04:20:00+00:00,2132.53,2132.53,29.2714799986652,0.02295102499999985,74,take_profit,1
2021-04-10 04:21:00+00:00,2021-04-13 08:34:00+00:00,2188.11,2160.767566688221,58.23151788903442,0.022951025000000076,4574,take_profit,5
2021-04-13 08:35:00+00:00,2021-04-13 15:52:00+00:00,2213.73,2213.73,29.43214267803296,0.022951024999999948,438,take_profit,1
2021-04-13 15:53:00+00:00,2021-04-14 03:17:00+00:00,2266.87,2266.87,29.48618250542563,0.022951025000000024,685,take_profit,1
2021-04-14 03:18:00+00:00,2021-04-14 05:35:00+00:00,2324.5,2324.5,29.54032155437244,0.02295102499999993,138,take_profit,1
2021-04-14 05:36:00+00:00,2021-04-14 21:36:00+00:00,2382.48,2352.7087359791567,58.76634058543323,0.022951024999999986,961,take_profit,5
2021-04-14 21:37:00+00:00,2021-04-15 03:45:00+00:00,2416.0,2416.0,29.70245982720712,0.0229510249999997,369,take_profit,1
2021-04-15 03:46:00+00:00,2021-04-15 22:14:00+00:00,2474.19,2455.817667476808,46.05249377710379,0.022951024999999778,1109,take_profit,4
2021-04-15 22:15:00+00:00,2021-04-17 01:19:00+00:00,2515.99,2416.462016686825,111.55056392921779,0.02295102499999973,1625,take_profit,8
2021-04-17 01:20:00+00:00,2021-04-19 01:14:00+00:00,2474.52,2235.6594723455596,217.62155192915816,0.022951025000000243,2875,take_profit,11
2021-04-19 01:15:00+00:00,2021-04-20 16:47:00+00:00,2267.36,2177.6673667840655,113.80982008403407,0.022951025000000014,2223,take_profit,8
2021-04-20 16:48:00+00:00,2021-04-20 18:20:00+00:00,2237.0,2237.0,30.654903292840118,0.02295102499999992,93,take_profit,1
2021-04-20 18:21:00+00:00,2021-04-21 00:14:00+00:00,2292.23,2292.23,30.711188208988005,0.02295102500000004,354,take_profit,1
2021-04-21 00:15:00+00:00,2021-04-21 12:49:00+00:00,2350.62,2321.246855783605,61.09561613101596,0.022951024999999903,755,take_profit,5
2021-04-21 12:50:00+00:00,2021-04-21 14:56:00+00:00,2374.63,2374.63,30.879753029914127,0.022951024999999976,127,take_profit,1
2021-04-21 14:57:00+00:00,2021-04-22 05:51:00+00:00,2430.36,2399.9904316402667,61.43095228025322,0.022951024999999927,895,take_profit,5
2021-04-22 05:52:00+00:00,2021-04-22 10:43:00+00:00,2461.81,2451.5197787449138,41.251137200767516,0.022951024999999764,292,take_profit,3
2021-04-22 10:44:00+00:00,2021-04-22 12:05:00+00:00,2511.64,2511.64,31.124983524834988,0.022951024999999754,82,take_profit,1
2021-04-22 12:06:00+00:00,2021-04-22 16:25:00+00:00,2576.75,2574.1832936336077,34.59731738291748,0.02295102499999995,260,take_profit,2
2021-04-22 16:26:00+00:00,2021-04-26 01:37:00+00:00,2636.0,2381.552126918714,226.3078159239285,0.022951024999999948,4588,take_profit,11
2021-04-26 01:38:00+00:00,2021-04-26 11:21:00+00:00,2437.01,2437.01,31.661174765808028,0.022951025000000114,584,take_profit,1
2021-04-26 11:22:00+00:00,2021-04-27 00:03:00+00:00,2503.0,2484.4137360891646,49.08940412209813,0.02295102499999996,762,take_profit,4
2021-04-27 00:04:00+00:00,2021-04-27 14:27:00+00:00,2544.01,2533.3761875712785,42.261112412399825,0.022951024999999913,864,take_profit,3
2021-04-27 14:28:00+00:00,2021-04-27 15:46:00+00:00,2600.09,2600.09,31.887034317993766,0.022951024999999885,79,take_profit,1
2021-04-27 15:47:00+00:00,2021-04-28 11:38:00+00:00,2665.12,2631.8168909845076,63.43479760508171,0.0229510250000003,1192,take_profit,5
2021-04-28 11:39:00+00:00,2021-04-29 09:16:00+00:00,2699.03,2696.341490255522,35.57361120545761,0.022951024999999643,1298,take_profit,2
2021-04-29 09:17:00+00:00,2021-05-01 02:01:00+00:00,2763.69,2743.1679577675845,49.72092834584009,0.022951025000000083,2445,take_profit,4
2021-05-01 02:02:00+00:00,2021-05-01 16:04:00+00:00,2813.21,2813.21,32.218660786563305,0.022951024999999976,843,take_profit,1
2021-05-01 16:05:00+00:00,2021-05-01 20:52:00+00:00,2877.65,2877.65,32.27781688969753,0.022951024999999917,288,take_profit,1
2021-05-01 20:53:00+00:00,2021-05-03 00:18:00+00:00,2950.17,2913.3049308382983,64.21220490788619,0.02295102499999992,1646,take_profit,5
2021-05-03 00:19:00+00:00,2021-05-03 05:08:00+00:00,2988.16,2988.16,32.45498048189961,0.022951024999999865,290,take_profit,1
2021-05-03 05:09:00+00:00,2021-05-03 07:39:00+00:00,3068.57,3068.57,32.514570487372794,0.022951024999999875,151,take_profit,1
2021-05-03 07:40:00+00:00,2021-05-03 16:39:00+00:00,3145.87,3142.7363919445647,36.14192803743299,0.02295102499999997,540,take_profit,2
2021-05-03 16:40:00+00:00,2021-05-03 18:05:00+00:00,3225.39,3225.39,32.64062944849729,0.02295102499999993,86,take_profit,1
2021-05-03 18:06:00+00:00,2021-05-03 22:17:00+00:00,3305.41,3302.1174737981805,36.28205026058208,0.0229510249999999,252,take_profit,2
2021-05-03 22:18:00+00:00,2021-05-04 05:55:00+00:00,3383.39,3315.2621309212277,79.42139602053567,0.02295102500000009,458,take_profit,6
2021-05-04 05:56:00+00:00,2021-05-04 10:51:00+00:00,3391.05,3348.6757324897244,65.35581693813492,0.022951025000000156,296,take_profit,5
2021-05-04 10:52:00+00:00,2021-05-04 13:26:00+00:00,3430.02,3426.603349501949,36.65089997206951,0.022951025000000014,155,take_profit,2
2021-05-04 13:27:00+00:00,2021-05-05 19:23:00+00:00,3511.67,3372.75472880998,123.7320515026222,0.022951024999999656,1797,take_profit,8
2021-05-05 19:24:00+00:00,2021-05-05 23:03:00+00:00,3455.76,3452.3177098310957,36.977628383126785,0.02295102499999972,220,take_profit,2
2021-05-05 23:04:00+00:00,2021-05-06 16:02:00+00:00,3539.99,3495.7545911314487,66.31366364912583,0.022951024999999944,1019,take_profit,5
2021-05-06 16:03:00+00:00,2021-05-07 16:12:00+00:00,3581.62,3486.8644721434976,95.92282681820507,0.02295102499999987,1450,take_profit,7
2021-05-07 16:13:00+00:00,2021-05-08 13:43:00+00:00,3584.18,3539.3923967134133,66.90516722747907,0.022951024999999865,1291,take_profit,5
2021-05-08 13:44:00+00:00,2021-05-08 16:09:00+00:00,3629.93,3629.93,33.81609305615643,0.02295102499999983,146,take_profit,1
2021-05-08 16:10:00+00:00,2021-05-08 16:53:00+00:00,3718.11,3718.11,33.87818217592735,0.02295102499999995,44,take_profit,1
2021-05-08 16:54:00+00:00,2021-05-08 22:01:00+00:00,3818.58,3814.7763040277177,37.65766559078247,0.022951025000000017,308,take_profit,2
2021-05-08 22:02:00+00:00,2021-05-09 16:07:00+00:00,3918.51,3869.5446379493997,67.53320531875625,0.022951024999999896,1086,take_profit,5
2021-05-09 16:08:00+00:00,2021-05-10 03:15:00+00:00,3968.18,3918.593965925325,67.77942694552303,0.022951025000000055,668,take_profit,5
2021-05-10 03:16:00+00:00,2021-05-10 05:00:00+00:00,4017.81,4017.81,34.25797294683957,0.022951024999999934,105,take_profit,1
2021-05-10 05:01:00+00:00,2021-05-10 15:55:00+00:00,4110.94,4059.5700493125446,68.15144859729935,0.02295102499999971,655,take_profit,5
2021-05-10 15:56:00+00:00,2021-05-10 21:23:00+00:00,4165.31,3889.6131144627047,189.12497054213964,0.022951024999999917,328,take_profit,10
2021-05-10 21:24:00+00:00,2021-05-11 09:56:00+00:00,3970.51,3920.8948504468462,69.08946150739575,0.022951025,753,take_profit,5
2021-05-11 09:57:00+00:00,2021-05-11 16:08:00+00:00,4018.07,3967.86054480028,69.34135714191325,0.02295102500000004,372,take_profit,5
2021-05-11 16:09:00+00:00,2021-05-11 23:52:00+00:00,4065.9,4061.849948029451,38.885951757614976,0.02295102500000008,464,take_profit,2
2021-05-11 23:53:00+00:00,2021-05-12 02:59:00+00:00,4163.84,4163.84,35.11882212697242,0.022951024999999934,187,take_profit,1
2021-05-12 03:00:00+00:00,2021-05-12 14:26:00+00:00,4268.51,4250.667878825114,46.743531346644886,0.02295102500000017,687,take_profit,3
2021-05-12 14:27:00+00:00,2021-05-14 13:48:00+00:00,4357.63,3936.996583772683,255.44925653108658,0.02295102499999985,2842,take_profit,11
2021-05-14 13:49:00+00:00,2021-05-14 15:05:00+00:00,4032.17,4032.17,35.73815390249274,0.022951024999999715,77,take_profit,1
2021-05-14 15:06:00+00:00,2021-05-19 12:49:00+00:00,4126.39,3286.5254375103086,-5488.092490688743,-0.2814392800000002,7064,stop_loss,13
2021-05-19 12:50:00+00:00,2021-05-19 12:50:00+00:00,2347.29,2285.1899718054146,73.62875110717096,0.02295102499999999,1,take_profit,7
2021-05-19 12:51:00+00:00,2021-05-19 12:51:00+00:00,2231.96,2229.736739714162,28.694918250016144,0.022951024999999996,1,take_profit,2
2021-05-19 12:52:00+00:00,2021-05-19 12:52:00+00:00,2205.98,2196.7591331238827,34.43000681708304,0.022951024999999944,1,take_profit,3
2021-05-19 12:53:00+00:00,2021-05-19 12:53:00+00:00,2161.51,2104.324977295998,74.34734953058842,0.022951024999999937,1,take_profit,7
2021-05-19 12:54:00+00:00,2021-05-19 12:54:00+00:00,2013.44,2005.023939018917,34.69535461105147,0.022951025000000118,1,take_profit,3
2021-05-19 12:55:00+00:00,2021-05-19 12:55:00+00:00,2006.68,2006.6800000000003,26.178486556661028,0.02295102499999984,1,take_profit,1
2021-05-19 12:56:00+00:00,2021-05-19 12:56:00+00:00,2088.86,2088.86,26.226552404615177,0.022951025000000038,1,take_profit,1
2021-05-19 12:57:00+00:00,2021-05-19 12:57:00+00:00,2152.65,2150.505740580338,29.15241245599941,0.0229510249999999,1,take_profit,2
2021-05-19 12:58:00+00:00,2021-05-19 12:58:00+00:00,2231.96,2231.96,26.32823272517453,0.02295102500000016,1,take_profit,1
2021-05-19 12:59:00+00:00,2021-05-19 12:59:00+00:00,2304.07,2301.7749107838895,29.265436333399293,0.022951024999999917,1,take_profit,2
2021-05-19 13:00:00+00:00,2021-05-19 13:00:00+00:00,2365.18,2302.606673020688,75.64102220670566,0.02295102499999984,1,take_profit,7
2021-05-19 13:01:00+00:00,2021-05-19 13:15:00+00:00,2258.94,2109.4234639881265,145.8775071793234,0.022951024999999826,15,take_profit,10
2021-05-19 13:16:00+00:00,2021-05-19 13:16:00+00:00,2160.06,2160.06,26.837033444719054,0.022951025000000118,1,take_profit,1
2021-05-19 13:17:00+00:00,2021-05-19 13:17:00+00:00,2210.99,2210.99,26.886308438760125,0.02295102499999997,1,take_profit,1
2021-05-19 13:18:00+00:00,2021-05-19 13:18:00+00:00,2258.71,2258.71,26.935673905730937,0.022951024999999934,1,take_profit,1
2021-05-19 13:19:00+00:00,2021-05-19 13:19:00+00:00,2322.15,2322.1499999999996,26.98513001174706,0.022951024999999885,1,take_profit,1
2021-05-19 13:20:00+00:00,2021-05-19 13:21:00+00:00,2401.84,2306.827582843765,101.0581970701669,0.022951024999999944,2,take_profit,8
2021-05-19 13:22:00+00:00,2021-05-19 13:22:00+00:00,2199.1,2199.1,27.220228059822375,0.022951024999999972,1,take_profit,1
2021-05-19 13:23:00+00:00,2021-05-19 13:25:00+00:00,2341.39,2312.1321930653085,54.15083888076015,0.022951024999999736,3,take_profit,5
2021-05-19 13:26:00+00:00,2021-05-19 13:26:00+00:00,2364.05,2364.05,27.369632011152362,0.022951024999999625,1,take_profit,1
2021-05-19 13:27:00+00:00,2021-05-19 13:32:00+00:00,2439.55,2409.0655941951036,54.448057158243955,0.022951024999999983,6,take_profit,5
2021-05-19 13:33:00+00:00,2021-05-19 13:34:00+00:00,2496.92,2496.92,27.519855997518334,0.022951025,2,take_profit,1
2021-05-19 13:35:00+00:00,2021-05-19 13:39:00+00:00,2528.33,2496.736206993629,54.7469067808056,0.022951025000000205,5,take_profit,5
2021-05-19 13:40:00+00:00,2021-05-19 13:41:00+00:00,2532.39,2532.39,27.670904519853593,0.02295102499999976,2,take_profit,1
2021-05-19 13:42:00+00:00,2021-05-19 13:54:00+00:00,2579.25,2477.2195662699355,103.62639427195063,0.022951024999999924,13,take_profit,8
2021-05-19 13:55:00+00:00,2021-05-19 14:22:00+00:00,2542.22,2441.65440564612,104.3376287835672,0.022951025000000017,28,take_profit,8
2021-05-19 14:23:00+00:00,2021-05-19 14:56:00+00:00,2506.74,2456.264336675783,68.11765109806538,0.02295102500000008,34,take_profit,6
2021-05-19 14:57:00+00:00,2021-05-19 14:58:00+00:00,2514.41,2514.41,28.228619162009636,0.022951024999999896,2,take_profit,1
2021-05-19 14:59:00+00:00,2021-05-19 15:00:00+00:00,2562.51,2562.51,28.280449221537992,0.022951025000000007,2,take_profit,1
2021-05-19 15:01:00+00:00,2021-05-19 15:10:00+00:00,2575.92,2565.1528056448706,37.64158319162016,0.022951024999999944,10,take_profit,3
2021-05-19 15:11:00+00:00,2021-05-19 15:19:00+00:00,2652.96,2641.8707829682658,37.73340479307035,0.02295102499999992,9,take_profit,3
2021-05-19 15:20:00+00:00,2021-05-19 15:37:00+00:00,2729.14,2674.1860950060027,69.0077213044442,0.022951025000000153,18,take_profit,6
2021-05-19 15:38:00+00:00,2021-05-19 15:50:00+00:00,2688.14,2685.462337808575,31.729577117969484,0.0229510249999999,13,take_profit,2
2021-05-19 15:51:00+00:00,2021-05-19 16:34:00+00:00,2754.0,2698.545514574749,69.45603381703495,0.022951024999999813,44,take_profit,6
2021-05-19 16:35:00+00:00,2021-05-19 16:41:00+00:00,2772.56,2769.798246860113,31.93571008645972,0.02295102499999991,7,take_profit,2
2021-05-19 16:42:00+00:00,2021-05-19 17:01:00+00:00,2836.93,2825.0717991700453,38.31851711180889,0.022951024999999958,20,take_profit,3
2021-05-19 17:02:00+00:00,2021-05-20 04:22:00+00:00,2893.61,2526.468918403562,260.07257747486983,0.022951024999999542,681,take_profit,12
2021-05-20 04:23:00+00:00,2021-05-20 05:07:00+00:00,2581.6,2549.3405496809164,58.35967644863422,0.02295102500000001,45,take_profit,5
2021-05-20 05:08:00+00:00,2021-05-20 05:09:00+00:00,2618.74,2618.74,29.49691826947037,0.022951024999999996,2,take_profit,1
2021-05-20 05:10:00+00:00,2021-05-20 06:58:00+00:00,2657.52,2624.3118599271884,58.67999581703225,0.022951024999999767,109,take_profit,5
2021-05-20 06:59:00+00:00,2021-05-20 07:22:00+00:00,2666.31,2666.31,29.65881831424008,0.022951024999999944,24,take_profit,1
2021-05-20 07:23:00+00:00,2021-05-20 11:38:00+00:00,2719.99,2665.220339211391,72.01931732082949,0.022951024999999844,256,take_profit,6
2021-05-20 11:39:00+00:00,2021-05-20 12:18:00+00:00,2734.01,2734.01,29.845507708873356,0.022951025000000073,40,take_profit,1
2021-05-20 12:19:00+00:00,2021-05-20 12:39:00+00:00,2802.01,2802.01,29.900306508358426,0.022951025000000035,21,take_profit,1
2021-05-20 12:40:00+00:00,2021-05-20 13:06:00+00:00,2865.87,2865.87,29.95520592293292,0.022951025000000045,27,take_profit,1
2021-05-20 13:07:00+00:00,2021-05-20 21:48:00+00:00,2927.7,2766.0365547918386,138.47566546227063,0.022951024999999955,522,take_profit,9
2021-05-20 21:49:00+00:00,2021-05-21 00:32:00+00:00,2830.51,2795.1401918489823,60.0965682166252,0.022951025000000198,164,take_profit,5
2021-05-21 00:33:00+00:00,2021-05-21 00:43:00+00:00,2855.37,2855.37,30.374801041291676,0.022951024999999865,11,take_profit,1
2021-05-21 00:44:00+00:00,2021-05-24 12:24:00+00:00,2916.06,2322.539887724212,380.3821458342136,0.0229510249999998,5021,take_profit,13
2021-05-24 12:25:00+00:00,2021-05-24 12:37:00+00:00,2382.49,2382.49,31.128984477825043,0.02295102500000008,13,take_profit,1
2021-05-24 12:38:00+00:00,2021-05-24 14:25:00+00:00,2442.02,2411.504729288732,61.92676340829257,0.02295102499999984,108,take_profit,5
2021-05-24 14:26:00+00:00,2021-05-24 15:30:00+00:00,2456.73,2438.4873183628974,48.440232380916314,0.02295102499999999,65,take_profit,4
2021-05-24 15:31:00+00:00,2021-05-24 17:57:00+00:00,2514.54,2483.1185256409403,62.329154219098655,0.022951024999999948,147,take_profit,5
2021-05-24 17:58:00+00:00,2021-05-24 19:45:00+00:00,2543.71,2543.71,31.503224138402402,0.022951024999999934,108,take_profit,1
2021-05-24 19:46:00+00:00,2021-05-24 23:45:00+00:00,2618.1,2585.3844488377777,62.67126090178135,0.022951024999999906,240,take_profit,5
2021-05-24 23:46:00+00:00,2021-05-25 00:19:00+00:00,2645.38,2642.7449311390214,35.14542732453265,0.022951024999999976,34,take_profit,2
2021-05-25 00:20:00+00:00,2021-05-25 14:21:00+00:00,2715.0,2535.2973982167573,174.2713715014388,0.022951024999999663,842,take_profit,10
2021-05-25 14:22:00+00:00,2021-05-25 22:11:00+00:00,2613.25,2580.595054018304,63.66327607970152,0.02295102499999962,470,take_profit,5
2021-05-25 22:12:00+00:00,2021-05-25 22:45:00+00:00,2641.19,2641.1899999999996,32.177533625336764,0.02295102499999983,34,take_profit,1
2021-05-25 22:46:00+00:00,2021-05-26 02:00:00+00:00,2713.62,2702.277227729911,42.82864460076621,0.022951024999999712,195,take_profit,3
2021-05-26 02:01:00+00:00,2021-05-26 02:28:00+00:00,2774.99,2774.99,32.315251119066716,0.02295102499999998,28,take_profit,1
2021-05-26 02:29:00+00:00,2021-05-26 06:38:00+00:00,2837.5,2825.639416603513,43.01194807153411,0.022951024999999976,250,take_profit,3
2021-05-26 06:39:00+00:00,2021-05-27 00:00:00+00:00,2893.99,2817.4264477355387,92.87899227714433,0.022951025000000104,1042,take_profit,7
2021-05-27 00:01:00+00:00,2021-05-27 11:57:00+00:00,2879.78,2765.8611466716425,121.95196100673638,0.022951024999999906,717,take_profit,8
2021-05-27 11:58:00+00:00,2021-05-31 15:36:00+00:00,2832.26,2558.86753679317,237.9134096707021,0.02295102500000014,5979,take_profit,11
2021-05-31 15:37:00+00:00,2021-05-31 23:23:00+00:00,2623.85,2621.2363772195754,36.93031560716554,0.022951024999999948,467,take_profit,2
2021-05-31 23:24:00+00:00,2021-06-02 07:34:00+00:00,2688.44,2617.3144893901263,95.45208180457757,0.02295102500000011,1931,take_profit,7
2021-06-02 07:35:00+00:00,2021-06-02 14:31:00+00:00,2683.79,2683.79,33.52789874603786,0.022951024999999944,417,take_profit,1
2021-06-02 14:32:00+00:00,2021-06-03 05:02:00+00:00,2749.22,2714.8659846582623,66.69906802459764,0.022951024999999934,871,take_profit,5
2021-06-03 05:03:00+00:00,2021-06-03 06:56:00+00:00,2779.14,2779.14,33.71192367564004,0.022951024999999955,114,take_profit,1
2021-06-03 06:57:00+00:00,2021-06-05 07:14:00+00:00,2847.55,2734.906106787614,126.24976144062202,0.022951024999999882,2898,take_profit,8
2021-06-05 07:15:00+00:00,2021-06-07 00:41:00+00:00,2800.57,2689.7845500469484,127.11627028762723,0.022951024999999913,2487,take_profit,8
2021-06-07 00:42:00+00:00,2021-06-07 10:25:00+00:00,2758.06,2758.06,34.2390223421537,0.02295102499999981,584,take_profit,1
2021-06-07 10:26:00+00:00,2021-06-09 16:45:00+00:00,2829.44,2556.319745822794,248.44367447643344,0.02295102499999989,3260,take_profit,11
2021-06-09 16:46:00+00:00,2021-06-13 20:40:00+00:00,2618.14,2444.8484457337827,190.8382511875152,0.022951024999999736,5995,take_profit,10
2021-06-13 20:41:00+00:00,2021-06-14 13:43:00+00:00,2503.7,2501.2060588999566,38.95365634342261,0.022951025,1023,take_profit,2
2021-06-14 13:44:00+00:00,2021-06-15 04:43:00+00:00,2563.3,2560.746691208315,39.0330118243196,0.02295102499999992,900,take_profit,2
2021-06-15 04:44:00+00:00,2021-06-28 19:32:00+00:00,2625.91,2091.4455520715906,440.64544436341384,0.022951024999999618,19609,take_profit,13
2021-06-28 19:33:00+00:00,2021-06-29 06:55:00+00:00,2139.51,2112.774868084838,71.6062406254473,0.02295102499999987,683,take_profit,5
2021-06-29 06:56:00+00:00,2021-06-29 13:29:00+00:00,2168.58,2159.5154629279455,48.08388518862375,0.02295102499999987,394,take_profit,3
2021-06-29 13:30:00+00:00,2021-06-30 19:30:00+00:00,2216.0,2171.3786711320417,87.93691866737618,0.02295102499999989,1801,take_profit,6
2021-06-30 19:31:00+00:00,2021-06-30 20:07:00+00:00,2222.9,2222.9,36.441916996936925,0.022951024999999983,37,take_profit,1
2021-06-30 20:08:00+00:00,2021-07-04 05:41:00+00:00,2279.02,2188.8661184144644,136.473473645965,0.022951024999999948,4894,take_profit,8
2021-07-04 05:42:00+00:00,2021-07-04 06:52:00+00:00,2258.68,2258.68,36.75940383321904,0.022951024999999802,71,take_profit,1
2021-07-04 06:53:00+00:00,2021-07-04 21:37:00+00:00,2321.85,2321.85,36.82689711292801,0.022951024999999844,885,take_profit,1
2021-07-04 21:38:00+00:00,2021-07-06 07:56:00+00:00,2376.01,2282.0193706127857,137.91520827585373,0.022951025000000205,2059,take_profit,8
2021-07-06 07:57:00+00:00,2021-07-07 04:23:00+00:00,2341.41,2312.1519431470388,73.7647939238741,0.022951025000000014,1227,take_profit,5
2021-07-07 04:24:00+00:00,2021-07-23 23:51:00+00:00,2369.31,2068.692074281864,335.37104648460445,0.022951025000000007,24208,take_profit,12
2021-07-23 23:52:00+00:00,2021-07-24 15:25:00+00:00,2121.84,2121.84,37.89894489940343,0.022951024999999913,934,take_profit,1
2021-07-24 15:26:00+00:00,2021-07-26 00:13:00+00:00,2169.54,2153.4298749480167,58.76082096540267,0.02295102500000008,1968,take_profit,4
2021-07-26 00:14:00+00:00,2021-07-26 01:00:00+00:00,2211.8,2211.8,38.07642015563192,0.022951024999999858,47,take_profit,1
2021-07-26 01:01:00+00:00,2021-07-26 04:48:00+00:00,2284.59,2284.59,38.1463315853041,0.022951024999999844,228,take_profit,1
2021-07-26 04:49:00+00:00,2021-07-26 19:10:00+00:00,2340.77,2338.438353832828,42.401973957599466,0.022951024999999865,862,take_profit,2
2021-07-26 19:11:00+00:00,2021-07-29 23:03:00+00:00,2391.96,2297.33841765437,143.1474596676435,0.022951025000000017,4553,take_profit,8
2021-07-29 23:04:00+00:00,2021-07-30 01:45:00+00:00,2361.1,2361.1,38.55705535328343,0.02295102499999986,162,take_profit,1
2021-07-30 01:46:00+00:00,2021-07-30 21:48:00+00:00,2426.92,2396.5934175827433,76.70387211905927,0.022951025000000104,1203,take_profit,5
2021-07-30 21:49:00+00:00,2021-07-31 21:14:00+00:00,2458.81,2456.3607739281074,43.01477781491349,0.022951024999999795,1406,take_profit,2
2021-07-31 21:15:00+00:00,2021-08-01 01:11:00+00:00,2517.45,2517.45,38.84766252679856,0.022951024999999795,237,take_profit,1
2021-08-01 01:12:00+00:00,2021-08-01 19:34:00+00:00,2574.83,2572.2652061498484,43.181546070593186,0.02295102499999992,1103,take_profit,2
2021-08-01 19:35:00+00:00,2021-08-04 13:38:00+00:00,2634.29,2564.597084649654,111.60934858565633,0.02295102500000035,3964,take_profit,7
2021-08-04 13:39:00+00:00,2021-08-04 15:12:00+00:00,2627.25,2627.25,39.20319879614863,0.022951024999999965,94,take_profit,1
2021-08-04 15:13:00+00:00,2021-08-04 22:30:00+00:00,2695.49,2692.8050164573406,43.57674631678833,0.022951024999999958,438,take_profit,2
2021-08-04 22:31:00+00:00,2021-08-05 14:05:00+00:00,2764.98,2655.602425645069,147.11344670102426,0.022951024999999885,935,take_profit,8
2021-08-05 14:06:00+00:00,2021-08-05 14:15:00+00:00,2740.51,2740.51,39.62530191477708,0.02295102499999991,10,take_profit,1
2021-08-05 14:16:00+00:00,2021-08-06 16:01:00+00:00,2815.15,2779.972129080505,78.82899933361477,0.02295102499999978,1546,take_profit,5
2021-08-06 16:02:00+00:00,2021-08-06 18:07:00+00:00,2847.27,2847.27,39.842793725121965,0.022951024999999986,126,take_profit,1
2021-08-06 18:08:00+00:00,2021-08-07 09:04:00+00:00,2918.91,2916.0024673018625,44.28769508681876,0.02295102500000004,897,take_profit,2
2021-08-07 09:05:00+00:00,2021-08-07 10:07:00+00:00,2993.94,2993.94,39.99726420128036,0.02295102499999975,63,take_profit,1
2021-08-07 10:08:00+00:00,2021-08-07 12:07:00+00:00,3069.26,3069.26,40.07070245812997,0.022951024999999976,120,take_profit,1
2021-08-07 12:08:00+00:00,2021-08-08 00:23:00+00:00,3139.36,3100.1308289612184,79.71506145651483,0.0229510249999999,736,take_profit,5
2021-08-08 00:24:00+00:00,2021-08-09 11:15:00+00:00,3184.63,3058.6518357391574,150.61024557305245,0.022951024999999795,2092,take_profit,8
2021-08-09 11:16:00+00:00,2021-08-10 00:05:00+00:00,3124.64,3101.4376893062913,62.782527637177736,0.0229510250000002,770,take_profit,4
2021-08-10 00:06:00+00:00,2021-08-10 13:35:00+00:00,3176.56,3152.972152421653,62.96092767239361,0.022951024999999972,810,take_profit,4
2021-08-10 13:36:00+00:00,2021-08-11 07:05:00+00:00,3229.79,3164.7550172543133,98.88669486884282,0.022951024999999604,1050,take_profit,6
2021-08-11 07:06:00+00:00,2021-08-13 07:00:00+00:00,3238.82,3110.698178007712,153.1856890349809,0.022951024999999767,2605,take_profit,8
2021-08-13 07:01:00+00:00,2021-08-13 20:13:00+00:00,3199.39,3199.39,41.260872565716454,0.022951024999999813,793,take_profit,1
2021-08-13 20:14:00+00:00,2021-08-15 23:08:00+00:00,3277.01,3236.060766466478,82.08273852354705,0.022951024999999892,3055,take_profit,5
2021-08-15 23:09:00+00:00,2021-08-20 14:15:00+00:00,3316.29,3185.103605864232,155.08363388873386,0.022951024999999767,6667,take_profit,8
2021-08-20 14:16:00+00:00,2021-08-23 02:56:00+00:00,3260.36,3219.618823426431,82.94743152536785,0.02295102500000005,3641,take_profit,5
2021-08-23 02:57:00+00:00,2021-08-30 17:59:00+00:00,3299.46,3212.16931200367,119.98360023240275,0.022951024999999826,10983,take_profit,7
2021-08-30 18:00:00+00:00,2021-08-31 07:40:00+00:00,3290.71,3249.5895724513825,83.68730472589095,0.022951025000000083,821,take_profit,5
2021-08-31 07:41:00+00:00,2021-08-31 11:35:00+00:00,3333.41,3333.41,42.298342587017714,0.02295102499999981,235,take_profit,1
2021-08-31 11:36:00+00:00,2021-09-01 05:13:00+00:00,3419.24,3404.947777560315,56.29955057942698,0.022951025,1058,take_profit,3
2021-09-01 05:14:00+00:00,2021-09-01 15:58:00+00:00,3494.64,3494.64,42.47937640389864,0.02295102499999986,645,take_profit,1
2021-09-01 15:59:00+00:00,2021-09-01 16:32:00+00:00,3582.8,3582.7999999999997,42.557372022285335,0.022951025000000007,34,take_profit,1
2021-09-01 16:33:00+00:00,2021-09-01 16:46:00+00:00,3651.13,3651.13,42.63551084702249,0.02295102499999986,14,take_profit,1
2021-09-01 16:47:00+00:00,2021-09-03 08:48:00+00:00,3790.0,3761.856995516554,66.10467986114827,0.022951024999999937,2402,take_profit,4
2021-09-03 08:49:00+00:00,2021-09-03 09:16:00+00:00,3850.89,3850.89,42.835166753858175,0.02295102499999978,28,take_profit,1
2021-09-03 09:17:00+00:00,2021-09-07 16:45:00+00:00,3950.15,3448.9551798728344,386.01998918950994,0.02295102500000005,6209,take_profit,12
2021-09-07 16:46:00+00:00,2021-09-08 02:20:00+00:00,3543.02,3449.285675781867,124.84366938934363,0.02295102499999985,575,take_profit,7
2021-09-08 02:21:00+00:00,2021-09-08 16:41:00+00:00,3537.28,3397.3516438403863,163.92221672557753,0.022951024999999917,861,take_profit,8
2021-09-08 16:42:00+00:00,2021-09-09 08:27:00+00:00,3481.85,3478.38172152447,48.98855826122235,0.02295102499999995,946,take_profit,2
2021-09-09 08:28:00+00:00,2021-09-14 22:52:00+00:00,3563.68,3327.8042843746202,242.91362734696668,0.022951024999999813,8065,take_profit,10
2021-09-14 22:53:00+00:00,2021-09-15 15:15:00+00:00,3418.05,3414.645272845388,49.583214591032174,0.022951024999999844,983,take_profit,2
2021-09-15 15:16:00+00:00,2021-09-15 22:43:00+00:00,3497.53,3497.53,44.779773028571526,0.022951024999999934,448,take_profit,1
2021-09-15 22:44:00+00:00,2021-09-16 04:24:00+00:00,3587.19,3583.6167921178003,49.77544867030474,0.022951025000000246,341,take_profit,2
2021-09-16 04:25:00+00:00,2021-10-01 17:00:00+00:00,3668.77,3203.2766591805525,404.36639378811014,0.0229510249999999,22236,take_profit,12
2021-10-01 17:01:00+00:00,2021-10-02 13:51:00+00:00,3264.05,3264.05,45.69583402617809,0.02295102499999993,1251,take_profit,1
2021-10-02 13:52:00+00:00,2021-10-02 16:43:00+00:00,3346.3,3342.9667431788653,50.793706336240575,0.022951024999999996,172,take_profit,2
2021-10-02 16:44:00+00:00,2021-10-05 10:14:00+00:00,3424.16,3381.3719927933867,91.09066494407398,0.022951024999999906,3931,take_profit,5
2021-10-05 10:15:00+00:00,2021-10-06 13:11:00+00:00,3465.38,3422.076911238478,91.42277551989991,0.022951025000000014,1617,take_profit,5
2021-10-06 13:12:00+00:00,2021-10-06 13:45:00+00:00,3506.16,3506.16,46.208106377219565,0.022951024999999833,34,take_profit,1
2021-10-06 13:46:00+00:00,2021-10-07 21:16:00+00:00,3601.79,3556.78234367649,91.92456866704879,0.02295102499999986,1891,take_profit,5
2021-10-07 21:17:00+00:00,2021-10-14 01:53:00+00:00,3647.48,3550.9820765055924,132.9690443170648,0.02295102499999984,8917,take_profit,7
2021-10-14 01:54:00+00:00,2021-10-14 11:20:00+00:00,3640.47,3640.47,46.70587136430822,0.022951024999999965,567,take_profit,1
2021-10-14 11:21:00+00:00,2021-10-15 02:55:00+00:00,3730.76,3730.76,46.79162717401459,0.02295102499999999,935,take_profit,1
2021-10-15 02:56:00+00:00,2021-10-15 20:27:00+00:00,3826.74,3810.7444514866343,62.2801608681857,0.022951024999999903,1052,take_profit,3
2021-10-15 20:28:00+00:00,2021-10-18 00:38:00+00:00,3894.28,3791.252722672696,134.48631925890004,0.022951025000000184,3131,take_profit,7
2021-10-18 00:39:00+00:00,2021-10-20 12:34:00+00:00,3882.61,3834.0932412444313,93.80279937827117,0.02295102499999991,3596,take_profit,5
2021-10-20 12:35:00+00:00,2021-10-20 14:29:00+00:00,3924.52,3924.5199999999995,47.411049462271876,0.022951024999999802,115,take_profit,1
2021-10-20 14:30:00+00:00,2021-10-20 18:57:00+00:00,4029.73,4029.7299999999996,47.49810003679113,0.022951025000000028,268,take_profit,1
2021-10-20 18:58:00+00:00,2021-10-21 01:10:00+00:00,4123.74,4119.632333477695,52.79703492042654,0.022951025000000035,373,take_profit,2
2021-10-21 01:11:00+00:00,2021-10-21 10:43:00+00:00,4222.04,4204.392120696632,63.34927517108463,0.022951024999999903,573,take_profit,3
2021-10-21 10:44:00+00:00,2021-10-26 00:21:00+00:00,4304.17,4133.904871785235,178.67558669149093,0.022951024999999948,6578,take_profit,8
2021-10-26 00:22:00+00:00,2021-10-27 04:37:00+00:00,4241.41,4188.409707476811,95.56573199065133,0.022951024999999705,1696,take_profit,5
2021-10-27 04:38:00+00:00,2021-10-28 17:23:00+00:00,4291.78,4122.004997625659,180.55782810043002,0.022951024999999757,2206,take_profit,8
2021-10-28 17:24:00+00:00,2021-10-29 00:46:00+00:00,4222.73,4205.079236537145,64.61322885896425,0.02295102499999972,443,take_profit,3
2021-10-29 00:47:00+00:00,2021-10-29 15:31:00+00:00,4326.28,4321.970582936336,54.09178026345808,0.022951025000000035,885,take_profit,2
2021-10-29 15:32:00+00:00,2021-11-02 09:48:00+00:00,4423.81,4306.773449029523,139.80852721607516,0.022951024999999365,5417,take_profit,7
2021-11-02 09:49:00+00:00,2021-11-02 20:09:00+00:00,4410.68,4410.68,49.10826517047872,0.02295102500000007,621,take_profit,1
2021-11-02 20:10:00+00:00,2021-11-03 00:59:00+00:00,4521.36,4521.36,49.198431972209164,0.02295102499999993,290,take_profit,1
2021-11-03 01:00:00+00:00,2021-11-07 14:41:00+00:00,4632.4,4509.844980974402,141.05974933750804,0.022951025000000062,6582,take_profit,7
2021-11-07 14:42:00+00:00,2021-11-08 03:16:00+00:00,4621.94,4617.336075357297,54.974421197445736,0.0229510249999998,755,take_profit,2
2021-11-08 03:17:00+00:00,2021-11-10 14:15:00+00:00,4735.59,4730.872868341273,55.08641380714289,0.022951024999999597,3539,take_profit,2
2021-11-10 14:16:00+00:00,2021-11-11 16:34:00+00:00,4849.97,4658.114017571852,185.96964864367783,0.022951024999999875,1579,take_profit,8
2021-11-11 16:35:00+00:00,2021-11-29 17:08:00+00:00,4775.54,4314.566556974732,362.8041143318351,0.022951024999999906,25954,take_profit,11
2021-11-29 17:09:00+00:00,2021-11-30 11:32:00+00:00,4421.58,4417.175654395843,56.316583686467766,0.022951024999999965,1104,take_profit,2
2021-11-30 11:33:00+00:00,2021-11-30 13:49:00+00:00,4527.97,4527.97,50.86083780620129,0.022951024999999882,137,take_profit,1
2021-11-30 13:50:00+00:00,2021-12-01 02:49:00+00:00,4638.19,4618.8026381308355,67.69632414536,0.022951024999999868,780,take_profit,3
2021-12-01 02:50:00+00:00,2021-12-05 12:41:00+00:00,4746.47,4144.238140984776,459.4634352547182,0.022951024999999948,6352,take_profit,12
2021-12-05 12:42:00+00:00,2021-12-06 21:22:00+00:00,4246.96,4134.602201968536,148.59619401541568,0.02295102500000014,1961,take_profit,7
2021-12-06 21:23:00+00:00,2021-12-06 21:50:00+00:00,4240.38,4240.38,52.19496581746125,0.02295102499999991,28,take_profit,1
2021-12-06 21:51:00+00:00,2021-12-08 14:47:00+00:00,4344.21,4311.95165659445,80.92623817987533,0.02295102499999963,2457,take_profit,4
2021-12-08 14:48:00+00:00,2022-01-21 22:47:00+00:00,4419.38,3519.881733918584,-8038.041544552067,-0.2814392800000001,63840,stop_loss,13
2022-01-21 22:48:00+00:00,2022-01-21 23:13:00+00:00,2542.63,2491.431656399127,91.33128518660124,0.022951025000000146,26,take_profit,6
2022-01-21 23:14:00+00:00,2022-01-22 00:02:00+00:00,2553.12,2553.12,37.848575597502986,0.02295102499999998,49,take_profit,1
2022-01-22 00:03:00+00:00,2022-01-25 17:44:00+00:00,2597.72,2425.7800211033646,208.18825330868276,0.022951025000000003,5382,take_profit,10
2022-01-25 17:45:00+00:00,2022-01-26 09:22:00+00:00,2487.91,2456.8212918177287,76.05349136092627,0.022951024999999865,938,take_profit,5
2022-01-26 09:23:00+00:00,2022-01-26 13:24:00+00:00,2512.6,2510.0971935902985,42.65005067620109,0.022951024999999844,242,take_profit,2
2022-01-26 13:25:00+00:00,2022-01-26 14:14:00+00:00,2584.52,2584.52,38.51826882726505,0.022951024999999816,50,take_profit,1
2022-01-26 14:15:00+00:00,2022-01-26 19:02:00+00:00,2650.84,2617.7153326294397,76.62671174712705,0.022951024999999948,288,take_profit,5
2022-01-26 19:03:00+00:00,2022-01-29 00:11:00+00:00,2693.77,2515.472586517258,212.6444103565318,0.022951024999999806,3189,take_profit,10
2022-01-29 00:12:00+00:00,2022-01-29 20:30:00+00:00,2574.94,2564.1769019873304,51.97386976543203,0.022951024999999976,1219,take_profit,3
2022-01-29 20:31:00+00:00,2022-01-31 15:24:00+00:00,2622.06,2569.262255608521,95.05101221464793,0.022951025000000035,2574,take_profit,6
2022-01-31 15:25:00+00:00,2022-01-31 19:07:00+00:00,2630.84,2630.84,39.39006676710005,0.022951024999999837,223,take_profit,1
2022-01-31 19:08:00+00:00,2022-02-01 04:06:00+00:00,2695.87,2693.1846379385015,43.78446146287206,0.02295102499999994,539,take_profit,2
2022-02-01 04:07:00+00:00,2022-02-04 05:21:00+00:00,2765.5,2692.3357859607772,113.16767616555353,0.022951024999999882,4395,take_profit,7
2022-02-04 05:22:00+00:00,2022-02-04 09:53:00+00:00,2780.67,2780.67,39.75056715443111,0.022951024999999906,272,take_profit,1
2022-02-04 09:54:00+00:00,2022-02-04 15:18:00+00:00,2852.0,2816.361654667638,79.07819701832886,0.02295102500000012,325,take_profit,5
2022-02-04 15:19:00+00:00,2022-02-04 18:00:00+00:00,2893.36,2890.4779177132964,44.346275889013214,0.02295102499999995,162,take_profit,2
2022-02-04 18:01:00+00:00,2022-02-05 04:20:00+00:00,2962.81,2959.858738414898,44.436617088775165,0.022951025000000087,620,take_profit,2
2022-02-05 04:21:00+00:00,2022-02-07 05:12:00+00:00,3029.06,3016.398707050938,53.31790862633943,0.022951025000000073,2932,take_profit,3
2022-02-07 05:13:00+00:00,2022-02-07 18:03:00+00:00,3091.33,3088.25071935903,44.635760330415906,0.02295102500000001,771,take_profit,2
2022-02-07 18:04:00+00:00,2022-02-08 06:19:00+00:00,3155.83,3152.686470766566,44.7266912611351,0.022951024999999927,736,take_profit,2
2022-02-08 06:20:00+00:00,2022-02-09 14:42:00+00:00,3221.96,3136.719656096252,115.60301402562436,0.022951024999999767,1943,take_profit,7
2022-02-09 14:43:00+00:00,2022-02-10 15:41:00+00:00,3213.09,3172.939505258079,80.63189171899194,0.022951025000000118,1499,take_profit,5
2022-02-10 15:42:00+00:00,2022-02-15 10:41:00+00:00,3250.9,3035.726818365693,223.75906103212765,0.022951024999999833,6900,take_profit,10
2022-02-15 10:42:00+00:00,2022-02-15 23:39:00+00:00,3112.61,3112.61,41.16487538477236,0.022951024999999906,778,take_profit,1
2022-02-15 23:40:00+00:00,2022-02-26 00:42:00+00:00,3191.38,2786.4578767749495,370.9677341126662,0.022951024999999632,14463,take_profit,12
2022-02-26 00:43:00+00:00,2022-02-28 15:19:00+00:00,2849.27,2736.5580667193703,156.70687595612526,0.022951024999999667,3757,take_profit,8
2022-02-28 15:20:00+00:00,2022-02-28 22:32:00+00:00,2802.21,2802.21,42.20931132490318,0.022951025000000062,433,take_profit,1
2022-02-28 22:33:00+00:00,2022-03-01 00:11:00+00:00,2890.0,2889.9999999999995,42.286811081658925,0.022951024999999892,99,take_profit,1
2022-03-01 00:12:00+00:00,2022-03-01 13:47:00+00:00,2970.65,2933.5290145296,84.12369979529967,0.02295102500000001,816,take_profit,5
2022-03-01 13:48:00+00:00,2022-03-02 04:06:00+00:00,3005.69,2968.1311577201864,84.43040927422089,0.022951024999999993,859,take_profit,5
2022-03-02 04:07:00+00:00,2022-03-17 12:17:00+00:00,3031.99,2739.3179944219537,309.08119537294624,0.022951025000000087,22091,take_profit,11
2022-03-17 12:18:00+00:00,2022-03-18 15:19:00+00:00,2806.59,2803.794349501949,47.97739694102074,0.022951025000000014,1622,take_profit,2
2022-03-18 15:20:00+00:00,2022-03-18 19:50:00+00:00,2874.81,2874.81,43.329521154304985,0.022951024999999906,271,take_profit,1
2022-03-18 19:51:00+00:00,2022-03-22 03:18:00+00:00,2949.62,2912.761803590728,86.19802573478455,0.022951024999999833,4768,take_profit,5
2022-03-22 03:19:00+00:00,2022-03-24 00:13:00+00:00,3003.94,2981.6339586047484,67.4256519727951,0.02295102499999992,2695,take_profit,4
2022-03-24 00:14:00+00:00,2022-03-25 01:31:00+00:00,3073.32,3060.473702849659,58.04680477306738,0.022951024999999847,1518,take_profit,3
2022-03-25 01:32:00+00:00,2022-03-27 20:37:00+00:00,3133.05,3129.929161974881,48.59461544065789,0.022951024999999993,4026,take_profit,2
2022-03-27 20:38:00+00:00,2022-03-27 21:43:00+00:00,3216.75,3216.7500000000005,43.88694576968669,0.022951024999999972,66,take_profit,1
2022-03-27 21:44:00+00:00,2022-03-28 13:38:00+00:00,3291.61,3291.6100000000006,43.96752580084922,0.022951024999999885,955,take_profit,1
2022-03-28 13:39:00+00:00,2022-03-29 11:44:00+00:00,3372.14,3368.781003897791,48.87258634080354,0.022951024999999958,1326,take_profit,2
2022-03-29 11:45:00+00:00,2022-04-01 15:16:00+00:00,3451.37,3360.060373021677,126.31871763637082,0.02295102499999984,4532,take_profit,7
2022-04-01 15:17:00+00:00,2022-04-02 12:36:00+00:00,3448.49,3445.054951494153,49.229481982474226,0.02295102499999997,1280,take_profit,2
2022-04-02 12:37:00+00:00,2022-04-03 22:23:00+00:00,3524.14,3480.1026513605916,88.28547023032161,0.022951024999999764,2027,take_profit,5
2022-04-03 22:24:00+00:00,2022-05-11 20:55:00+00:00,3566.01,2840.2023500968485,-6839.835263817695,-0.28143928000000007,54632,stop_loss,13
2022-05-11 20:56:00+00:00,2022-05-11 21:17:00+00:00,2043.34,2043.3400000000001,32.06390970097368,0.02295102499999993,22,take_profit,1
2022-05-11 21:18:00+00:00,2022-05-11 21:51:00+00:00,2082.34,2056.319259460242,63.786666455873274,0.022951025000000017,34,take_profit,5
2022-05-11 21:52:00+00:00,2022-05-12 00:25:00+00:00,2104.38,2088.7537267084763,49.895082123938664,0.02295102499999999,154,take_profit,4
2022-05-12 00:26:00+00:00,2022-05-12 00:43:00+00:00,2136.65,2136.65,32.331510680721294,0.022951025000000007,18,take_profit,1
2022-05-12 00:44:00+00:00,2022-05-13 03:05:00+00:00,2187.21,2042.4411868705977,177.84132240618146,0.0229510249999996,1582,take_profit,10
2022-05-13 03:06:00+00:00,2022-05-13 05:49:00+00:00,2092.05,2089.966104374188,36.30074009567011,0.0229510249999998,164,take_profit,2
2022-05-13 05:50:00+00:00,2022-05-15 20:00:00+00:00,2143.09,2058.3132617146202,122.54992500930894,0.022951024999999688,3731,take_profit,8
2022-05-15 20:01:00+00:00,2022-05-15 22:03:00+00:00,2107.42,2107.42,33.0090680833282,0.022951024999999847,123,take_profit,1
2022-05-15 22:04:00+00:00,2022-05-30 21:22:00+00:00,2157.67,1949.3943769683997,239.51893496585762,0.022951025000000038,21559,take_profit,11
2022-05-30 21:23:00+00:00,2022-06-06 10:03:00+00:00,1998.48,1866.202999774669,183.98284750661514,0.02295102500000005,9401,take_profit,10
2022-06-06 10:04:00+00:00,2022-06-14 02:26:00+00:00,1912.66,1523.366851729591,-5188.193297706719,-0.28143928000000007,11063,stop_loss,13
2022-06-14 02:27:00+00:00,2022-06-14 02:45:00+00:00,1091.59,1090.5026647899522,26.985073758042063,0.022951024999999767,19,take_profit,2
2022-06-14 02:46:00+00:00,2022-06-14 03:24:00+00:00,1117.3,1116.1870550021654,27.040047121421594,0.022951025000000076,39,take_profit,2
2022-06-14 03:25:00+00:00,2022-06-14 03:33:00+00:00,1142.86,1142.86,24.420505664393204,0.02295102499999993,9,take_profit,1
2022-06-14 03:34:00+00:00,2022-06-14 05:15:00+00:00,1171.8,1157.1572885482249,48.58118252033091,0.022951024999999993,102,take_profit,5
2022-06-14 05:16:00+00:00,2022-06-14 05:18:00+00:00,1186.11,1186.11,24.55454275003899,0.02295102500000012,3,take_profit,1
2022-06-14 05:19:00+00:00,2022-06-14 05:22:00+00:00,1212.83,1212.83,24.599626904000388,0.022951024999999955,4,take_profit,1
2022-06-14 05:23:00+00:00,2022-06-14 15:45:00+00:00,1248.53,1215.4988243882156,70.53105283588366,0.022951025000000076,623,take_profit,7
2022-06-14 15:46:00+00:00,2022-06-15 13:51:00+00:00,1250.06,1129.3941774567552,179.43667683983313,0.02295102499999997,1326,take_profit,11
2022-06-15 13:52:00+00:00,2022-06-15 18:40:00+00:00,1155.01,1109.319907429461,93.84022734230984,0.022951024999999882,289,take_profit,8
2022-06-15 18:41:00+00:00,2022-06-15 18:43:00+00:00,1136.55,1136.55,25.276053437502924,0.022951024999999785,3,take_profit,1
2022-06-15 18:44:00+00:00,2022-06-15 18:45:00+00:00,1172.95,1171.7816219142485,28.095874886716274,0.02295102499999993,2,take_profit,2
2022-06-15 18:46:00+00:00,2022-06-15 21:40:00+00:00,1203.07,1188.036541332747,50.38561093917451,0.0229510249999999,175,take_profit,5
2022-06-15 21:41:00+00:00,2022-06-15 21:50:00+00:00,1217.71,1217.71,25.466560787708886,0.022951024999999924,10,take_profit,1
2022-06-15 21:51:00+00:00,2022-06-19 18:59:00+00:00,1237.85,1080.791658394134,229.49838333662228,0.022951024999999486,5589,take_profit,12
2022-06-19 19:00:00+00:00,2022-06-19 20:30:00+00:00,1110.57,1109.4637587700302,28.775164182921117,0.022951024999999858,91,take_profit,2
2022-06-19 20:31:00+00:00,2022-06-20 09:06:00+00:00,1134.95,1104.9237028660946,74.37383841353903,0.022951024999999948,756,take_profit,7
2022-06-20 09:07:00+00:00,2022-06-20 10:43:00+00:00,1125.08,1125.08,26.124087359231908,0.022951024999999937,97,take_profit,1
2022-06-20 10:44:00+00:00,2022-06-21 05:41:00+00:00,1150.47,1127.3041605493142,63.43607210872187,0.0229510250000001,1138,take_profit,6
2022-06-21 05:42:00+00:00,2022-06-21 08:37:00+00:00,1148.47,1148.47,26.28852715594826,0.022951025000000035,176,take_profit,1
2022-06-21 08:38:00+00:00,2022-06-21 14:42:00+00:00,1170.22,1161.530420394032,40.7593256686971,0.022951025000000052,365,take_profit,4
2022-06-21 14:43:00+00:00,2022-06-23 20:12:00+00:00,1189.22,1110.5069509787595,145.01243945686292,0.022951024999999483,3210,take_profit,10
2022-06-23 20:13:00+00:00,2022-06-24 02:36:00+00:00,1140.46,1139.323985275011,29.59975108225899,0.022951024999999958,384,take_profit,2
2022-06-24 02:37:00+00:00,2022-06-24 11:31:00+00:00,1165.31,1156.656880064748,41.371315779992756,0.022951024999999986,535,take_profit,4
2022-06-24 11:32:00+00:00,2022-06-24 12:10:00+00:00,1182.45,1182.45,26.80819593990759,0.022951024999999993,39,take_profit,1
2022-06-24 12:11:00+00:00,2022-06-24 20:05:00+00:00,1211.29,1206.2268789207644,35.68199818130074,0.022951024999999958,475,take_profit,3
2022-06-24 20:06:00+00:00,2022-06-25 21:39:00+00:00,1238.32,1222.846060381497,53.46125279158423,0.02295102499999999,1534,take_profit,5
2022-06-25 21:40:00+00:00,2022-07-04 23:48:00+00:00,1250.88,1130.1350244765101,195.70991140514525,0.022951024999999816,13089,take_profit,11
2022-07-04 23:49:00+00:00,2022-07-05 20:06:00+00:00,1157.31,1126.6921455253182,78.36018800836337,0.02295102499999981,1218,take_profit,7
2022-07-05 20:07:00+00:00,2022-07-06 22:05:00+00:00,1154.59,1140.1623432197434,54.655410568877414,0.022951025000000118,1559,take_profit,5
2022-07-06 22:06:00+00:00,2022-07-06 23:02:00+00:00,1167.2,1167.2,27.62465929627706,0.02295102499999953,57,take_profit,1
2022-07-06 23:03:00+00:00,2022-07-07 14:16:00+00:00,1195.1,1186.2256715941512,42.83094591280701,0.022951024999999965,914,take_profit,4
2022-07-07 14:17:00+00:00,2022-07-07 19:07:00+00:00,1212.99,1212.99,27.75402156480095,0.022951024999999854,291,take_profit,1
2022-07-07 19:08:00+00:00,2022-07-08 01:28:00+00:00,1238.19,1236.9566362061498,30.850287582115016,0.02295102499999997,381,take_profit,2
2022-07-08 01:29:00+00:00,2022-07-14 17:26:00+00:00,1267.38,1145.042312069135,201.79776154496722,0.022951024999999927,9598,take_profit,11
2022-07-14 17:27:00+00:00,2022-07-14 18:02:00+00:00,1173.52,1173.52,28.23214111956122,0.022951024999999996,36,take_profit,1
2022-07-14 18:03:00+00:00,2022-07-15 12:47:00+00:00,1202.56,1201.3621273278475,31.381746625934966,0.022951025000000118,1125,take_profit,2
2022-07-15 12:48:00+00:00,2022-07-15 18:59:00+00:00,1229.96,1224.8188394169713,37.653836154849614,0.022951025000000024,372,take_profit,3
2022-07-15 19:00:00+00:00,2022-07-15 20:27:00+00:00,1254.73,1254.73,28.41073263659564,0.022951025000000014,88,take_profit,1
2022-07-15 20:28:00+00:00,2022-07-16 16:03:00+00:00,1282.33,1248.404609803321,81.45810066623517,0.02295102500000013,1176,take_profit,7
2022-07-16 16:04:00+00:00,2022-07-16 16:06:00+00:00,1281.78,1281.78,28.612460823783977,0.022951025000000024,3,take_profit,1
2022-07-16 16:07:00+00:00,2022-07-16 16:13:00+00:00,1305.44,1305.44,28.664995648078047,0.02295102499999988,7,take_profit,1
2022-07-16 16:14:00+00:00,2022-07-16 16:14:00+00:00,1349.8,1349.8,28.717626930617826,0.02295102500000009,1,take_profit,1
2022-07-16 16:15:00+00:00,2022-07-18 02:47:00+00:00,1384.89,1367.5845343382416,57.12970462775047,0.02295102499999975,2073,take_profit,5
2022-07-18 02:48:00+00:00,2022-07-18 05:18:00+00:00,1402.32,1402.32,28.87524967084005,0.022951024999999986,151,take_profit,1
2022-07-18 05:19:00+00:00,2022-07-18 07:54:00+00:00,1436.32,1436.32,28.92826699700595,0.022951024999999795,156,take_profit,1
2022-07-18 07:55:00+00:00,2022-07-18 10:30:00+00:00,1467.93,1467.93,28.981381667330652,0.022951025000000038,156,take_profit,1
2022-07-18 10:31:00+00:00,2022-07-18 15:56:00+00:00,1499.87,1481.1277542027874,57.65440780879635,0.022951024999999847,326,take_profit,5
2022-07-18 15:57:00+00:00,2022-07-18 23:06:00+00:00,1513.48,1494.5676848199075,57.864611989302375,0.022951025000000104,430,take_profit,5
2022-07-18 23:07:00+00:00,2022-07-18 23:22:00+00:00,1530.5,1530.5,29.24669625345382,0.02295102499999982,16,take_profit,1
2022-07-18 23:23:00+00:00,2022-07-19 00:11:00+00:00,1565.98,1565.98,29.30039558600447,0.022951024999999986,49,take_profit,1
2022-07-19 00:12:00+00:00,2022-07-20 10:27:00+00:00,1605.03,1562.5672415623312,84.00890620225937,0.022951024999999788,2056,take_profit,7
2022-07-20 10:28:00+00:00,2022-07-21 20:02:00+00:00,1606.41,1542.8633453335997,110.30536187156486,0.022951024999999986,2015,take_profit,8
2022-07-21 20:03:00+00:00,2022-07-22 08:58:00+00:00,1586.77,1580.1373945670325,39.47314644820608,0.022951024999999955,776,take_profit,3
2022-07-22 08:59:00+00:00,2022-07-24 05:20:00+00:00,1622.79,1558.5953823581224,111.33335908177196,0.022951024999999944,2662,take_profit,8
2022-07-24 05:21:00+00:00,2022-07-24 21:33:00+00:00,1592.19,1590.6040160242528,33.272248611215446,0.0229510249999999,973,take_profit,2
2022-07-24 21:34:00+00:00,2022-07-27 18:03:00+00:00,1631.7,1523.6997291603257,164.98306721016706,0.022951024999999802,4110,take_profit,10
2022-07-27 18:04:00+00:00,2022-07-27 19:07:00+00:00,1563.33,1556.7953723907558,40.32463601702807,0.022951024999999858,64,take_profit,3
2022-07-27 19:08:00+00:00,2022-07-27 22:09:00+00:00,1590.94,1590.94,30.425915910303956,0.022951024999999806,182,take_profit,1
2022-07-27 22:10:00+00:00,2022-07-28 02:47:00+00:00,1623.27,1621.6530571676049,33.82026109587514,0.02295102499999971,278,take_profit,2
2022-07-28 02:48:00+00:00,2022-07-28 15:34:00+00:00,1672.78,1651.8770857976617,60.65141321666988,0.022951024999999972,767,take_profit,5
2022-07-28 15:35:00+00:00,2022-07-28 15:52:00+00:00,1693.2,1693.2,30.655238127555776,0.022951025000000003,18,take_profit,1
2022-07-28 15:53:00+00:00,2022-07-28 20:36:00+00:00,1734.54,1732.8122208748375,34.07516672584529,0.022951024999999767,284,take_profit,2
2022-07-28 20:37:00+00:00,2022-08-05 11:19:00+00:00,1773.29,1655.9180564581193,168.96439996642948,0.02295102500000009,10963,take_profit,10
2022-08-05 11:20:00+00:00,2022-08-05 23:54:00+00:00,1698.91,1691.8086559513215,41.29774069360951,0.022951025000000173,755,take_profit,3
2022-08-05 23:55:00+00:00,2022-08-08 08:46:00+00:00,1737.77,1716.0549763786048,61.87514902400653,0.022951024999999788,3412,take_profit,5
2022-08-08 08:47:00+00:00,2022-08-08 12:09:00+00:00,1770.07,1770.07,31.273754837877505,0.022951025000000028,203,take_profit,1
2022-08-08 12:10:00+00:00,2022-08-10 12:39:00+00:00,1814.39,1742.616035221288,117.1189198701104,0.022951025000000125,2910,take_profit,8
2022-08-10 12:40:00+00:00,2022-08-10 12:57:00+00:00,1779.59,1779.59,31.54621595684057,0.022951024999999937,18,take_profit,1
2022-08-10 12:58:00+00:00,2022-08-10 21:28:00+00:00,1823.63,1821.81347812906,35.06554292046485,0.022951024999999996,511,take_profit,2
2022-08-10 21:29:00+00:00,2022-08-11 01:51:00+00:00,1871.0,1869.1362927674318,35.13697762730794,0.022951024999999767,263,take_profit,2
2022-08-11 01:52:00+00:00,2022-08-12 23:14:00+00:00,1914.99,1891.0604505862482,63.0127408897697,0.022951025000000035,2723,take_profit,5
2022-08-12 23:15:00+00:00,2022-08-13 03:58:00+00:00,1945.39,1945.39,31.848731539777873,0.022951024999999986,284,take_profit,1
2022-08-13 03:59:00+00:00,2022-09-10 22:44:00+00:00,1993.98,1740.9839245504184,287.0129367146019,0.022951024999999983,41446,take_profit,12
2022-09-10 22:45:00+00:00,2022-10-26 14:18:00+00:00,1779.47,1553.69094184482,291.7532408712541,0.022951025000000645,65734,take_profit,12
2022-10-26 14:19:00+00:00,2022-10-29 03:16:00+00:00,1589.35,1547.3020724703533,94.3566296218878,0.02295102500000003,3658,take_profit,7
2022-10-29 03:17:00+00:00,2022-10-29 08:22:00+00:00,1586.72,1586.72,33.14311709258436,0.022951024999999892,306,take_profit,1
2022-10-29 08:23:00+00:00,2022-11-04 13:28:00+00:00,1626.91,1583.8683831269022,95.0266014978788,0.022951024999999986,8946,take_profit,7
2022-11-04 13:29:00+00:00,2022-11-04 14:23:00+00:00,1622.14,1622.14,33.37844720583348,0.02295102499999996,55,take_profit,1
2022-11-04 14:24:00+00:00,2023-01-11 23:27:00+00:00,1673.79,1333.1152440875392,417.99665964920496,0.022951025000000194,98464,take_profit,13
2023-01-11 23:28:00+00:00,2023-01-12 00:55:00+00:00,1371.68,1371.6799999999998,34.20720891477799,0.022951024999999896,88,take_profit,1
2023-01-12 00:56:00+00:00,2023-01-12 17:37:00+00:00,1411.25,1393.6151420581007,68.05046065131182,0.022951025000000055,1002,take_profit,5
2023-01-12 17:38:00+00:00,2023-01-13 21:57:00+00:00,1425.87,1424.449687743612,38.16202968965058,0.022951024999999833,1700,take_profit,2
2023-01-13 21:58:00+00:00,2023-01-14 00:37:00+00:00,1456.26,1456.2600000000002,34.465030997026815,0.022951024999999865,160,take_profit,1
2023-01-14 00:38:00+00:00,2023-01-14 00:38:00+00:00,1499.03,1499.03,34.52831162006987,0.022951024999999844,1,take_profit,1
2023-01-14 00:39:00+00:00,2023-01-14 00:40:00+00:00,1540.52,1538.9854846253788,38.38032411688391,0.022951025000000114,2,take_profit,2
2023-01-14 00:41:00+00:00,2023-01-16 19:05:00+00:00,1571.72,1552.0799228170476,68.82918173824282,0.022951025000000045,3985,take_profit,5
2023-01-16 19:06:00+00:00,2023-01-20 16:54:00+00:00,1586.39,1554.4464847008849,84.32082820289043,0.022951025000000114,5629,take_profit,6
2023-01-20 16:55:00+00:00,2023-01-20 20:05:00+00:00,1589.98,1589.98,34.943373830343944,0.022951024999999955,191,take_profit,1
2023-01-20 20:06:00+00:00,2023-01-20 22:20:00+00:00,1626.47,1626.47,35.007532730052844,0.02295102499999978,135,take_profit,1
2023-01-20 22:21:00+00:00,2023-01-25 22:05:00+00:00,1657.36,1591.797856102797,131.10176382452028,0.0229510250000001,7185,take_profit,8
2023-01-25 22:06:00+00:00,2023-01-29 19:16:00+00:00,1631.38,1610.9944166170026,70.12058142441492,0.022951024999999892,5591,take_profit,5
2023-01-29 19:17:00+00:00,2023-02-01 21:05:00+00:00,1647.19,1603.6118543759662,101.42953982990548,0.022951024999999698,4429,take_profit,7
2023-02-01 21:06:00+00:00,2023-02-02 00:41:00+00:00,1642.83,1642.83,35.62750310922229,0.022951024999999823,216,take_profit,1
2023-02-02 00:42:00+00:00,2023-02-15 19:29:00+00:00,1687.3,1575.619631679976,195.97111714154198,0.0229510250000002,19848,take_profit,10
2023-02-15 19:30:00+00:00,2023-02-15 20:31:00+00:00,1619.28,1619.28,36.05273716708939,0.022951024999999726,62,take_profit,1
2023-02-15 20:32:00+00:00,2023-02-16 00:16:00+00:00,1658.24,1658.24,36.118932948852944,0.022951024999999937,225,take_profit,1
2023-02-16 00:17:00+00:00,2023-02-16 16:02:00+00:00,1695.98,1694.290630576007,40.148396729806564,0.0229510249999999,946,take_profit,2
2023-02-16 16:03:00+00:00,2023-03-13 00:41:00+00:00,1735.0,1567.5238771638726,262.61851103103436,0.02295102499999989,35079,take_profit,11
2023-03-13 00:42:00+00:00,2023-03-13 14:22:00+00:00,1607.58,1600.8604099888896,48.81324897308832,0.02295102499999953,821,take_profit,3
2023-03-13 14:23:00+00:00,2023-03-13 15:08:00+00:00,1635.35,1635.35,36.83078026883595,0.022951024999999986,46,take_profit,1
2023-03-13 15:09:00+00:00,2023-03-14 12:47:00+00:00,1689.19,1682.1292849806127,49.02216611346603,0.022951025000000017,1299,take_profit,3
2023-03-14 12:48:00+00:00,2023-03-14 13:02:00+00:00,1718.85,1718.85,36.98841331833546,0.02295102499999999,15,take_profit,1
2023-03-14 13:03:00+00:00,2023-03-17 10:23:00+00:00,1762.02,1692.3176970665697,138.5200797924599,0.022951024999999903,4161,take_profit,8
2023-03-17 10:24:00+00:00,2023-03-17 22:37:00+00:00,1736.2,1734.470567345171,41.39706706518223,0.022951024999999868,734,take_profit,2
2023-03-17 22:38:00+00:00,2023-03-18 00:58:00+00:00,1776.91,1776.91,37.3866697130743,0.022951024999999868,141,take_profit,1
2023-03-18 00:59:00+00:00,2023-03-19 19:18:00+00:00,1815.53,1792.843294144017,74.37555348440128,0.02295102500000007,2540,take_profit,5
2023-03-19 19:19:00+00:00,2023-03-21 14:01:00+00:00,1834.69,1786.1513444745542,107.58436412352239,0.022951024999999906,2563,take_profit,7
2023-03-21 14:02:00+00:00,2023-03-23 15:11:00+00:00,1832.86,1784.369759051192,108.14968680154016,0.022951025000000007,2950,take_profit,7
2023-03-23 15:12:00+00:00,2023-03-29 08:37:00+00:00,1831.65,1783.1917708750893,108.71798007600773,0.022951024999999778,8166,take_profit,7
2023-03-29 08:38:00+00:00,2023-03-31 14:23:00+00:00,1824.2,1801.4049545738796,75.8296526373706,0.022951025000000132,3226,take_profit,5
2023-03-31 14:24:00+00:00,2023-04-04 11:07:00+00:00,1840.51,1817.5111462245209,76.10612256562854,0.022951025000000166,5564,take_profit,5
2023-04-04 11:08:00+00:00,2023-04-05 00:34:00+00:00,1866.83,1866.83,38.466561395357985,0.022951024999999903,807,take_profit,1
2023-04-05 00:35:00+00:00,2023-04-11 01:53:00+00:00,1907.6,1883.762795387092,76.52384703901362,0.022951024999999837,8719,take_profit,5
2023-04-11 01:54:00+00:00,2023-04-13 08:42:00+00:00,1925.18,1901.1231172275748,76.80284795442185,0.02295102499999994,3289,take_profit,5
2023-04-13 08:43:00+00:00,2023-04-13 12:21:00+00:00,1950.13,1950.13,38.81870954113492,0.022951024999999958,219,take_profit,1
2023-04-13 12:22:00+00:00,2023-04-14 00:36:00+00:00,1997.69,1997.69,38.88998387498668,0.02295102499999999,735,take_profit,1
2023-04-14 00:37:00+00:00,2023-04-16 19:00:00+00:00,2088.06,2079.3320318002225,51.762988341649816,0.02295102500000013,3984,take_profit,3
2023-04-16 19:01:00+00:00,2023-06-22 00:29:00+00:00,2127.29,1857.3795589007204,351.321888488892,0.022951024999999917,95369,take_profit,12
2023-06-22 00:30:00+00:00,2023-06-30 17:22:00+00:00,1906.74,1882.913541872711,78.83580783720072,0.02295102499999976,12533,take_profit,5
2023-06-30 17:23:00+00:00,2023-07-03 07:39:00+00:00,1929.26,1921.195806476297,52.938569315831955,0.022951024999999885,3737,take_profit,3
2023-07-03 07:40:00+00:00,2023-07-13 16:26:00+00:00,1968.79,1916.7035877930643,114.31430546858428,0.022951025000000052,14927,take_profit,7
2023-07-13 16:27:00+00:00,2023-07-14 00:22:00+00:00,1963.88,1963.88,40.15332496174574,0.022951024999999913,476,take_profit,1
2023-07-14 00:23:00+00:00,2023-10-24 02:13:00+00:00,2012.21,1756.9009031282146,361.85189045073275,0.022951025000000163,146991,take_profit,12
2023-10-24 02:14:00+00:00,2023-10-24 02:45:00+00:00,1793.94,1793.94,40.8914395016709,0.022951025000000017,32,take_profit,1
2023-10-24 02:46:00+00:00,2023-10-26 08:02:00+00:00,1836.08,1813.1365031213732,81.34780308199242,0.022951025000000024,3197,take_profit,5
2023-10-26 08:03:00+00:00,2023-11-02 01:23:00+00:00,1864.62,1815.2895148140246,117.66973497894287,0.02295102499999991,9681,take_profit,7
2023-11-02 01:24:00+00:00,2023-11-05 03:56:00+00:00,1859.53,1836.2934739495486,82.07340794178117,0.02295102500000007,4473,take_profit,5
2023-11-05 03:57:00+00:00,2023-11-09 14:11:00+00:00,1884.64,1882.7627059333045,46.025960744832446,0.02295102499999975,6375,take_profit,2
2023-11-09 14:12:00+00:00,2023-11-09 14:52:00+00:00,1931.88,1931.88,41.56713300206843,0.022951024999999785,41,take_profit,1
2023-11-09 14:53:00+00:00,2023-11-09 15:09:00+00:00,1975.37,1975.37,41.64345366676548,0.022951024999999976,17,take_profit,1
2023-11-09 15:10:00+00:00,2023-11-09 21:25:00+00:00,2035.35,2020.2363155210073,64.56653428714208,0.02295102500000007,376,take_profit,4
2023-11-09 21:26:00+00:00,2023-11-10 04:55:00+00:00,2083.42,2081.3447007362493,46.42077186633878,0.022951024999999816,450,take_profit,2
2023-11-10 04:56:00+00:00,2023-11-24 09:38:00+00:00,2134.02,2049.6020544000644,156.71476934357725,0.022951024999999823,20443,take_profit,8
2023-11-24 09:39:00+00:00,2023-12-01 09:18:00+00:00,2099.5,2057.224512654207,102.31248404354028,0.0229510249999998,10060,take_profit,6
2023-12-01 09:19:00+00:00,2023-12-02 19:08:00+00:00,2108.21,2106.110007362495,47.043023464992075,0.02295102500000003,2030,take_profit,2
2023-12-02 19:09:00+00:00,2023-12-04 01:26:00+00:00,2172.96,2170.7955097444783,47.138858416068615,0.022951025000000094,1818,take_profit,2
2023-12-04 01:27:00+00:00,2023-12-05 17:28:00+00:00,2222.01,2219.796650931139,47.2348885998731,0.02295102499999967,2402,take_profit,2
2023-12-05 17:29:00+00:00,2023-12-07 15:44:00+00:00,2277.0,2267.482273693814,56.67545459889516,0.022951024999999743,2776,take_profit,3
2023-12-07 15:45:00+00:00,2023-12-07 21:32:00+00:00,2322.07,2322.07,42.76300510377996,0.022951024999999785,348,take_profit,1
2023-12-07 21:33:00+00:00,2023-12-27 15:15:00+00:00,2380.58,2286.4085897337914,160.1456874659898,0.022951024999999837,28423,take_profit,8
2023-12-27 15:16:00+00:00,2023-12-28 00:30:00+00:00,2340.99,2340.99,43.13556210185084,0.02295102499999978,555,take_profit,1
2023-12-28 00:31:00+00:00,2024-01-02 01:08:00+00:00,2399.99,2336.4957378224576,123.67653467201399,0.02295102500000013,7238,take_profit,7
2024-01-02 01:09:00+00:00,2024-01-04 20:38:00+00:00,2396.82,2238.1773517472893,238.51640350956404,0.022951025000000045,4050,take_profit,10
2024-01-04 20:39:00+00:00,2024-01-08 17:54:00+00:00,2290.53,2244.4079366372184,106.35622494686686,0.02295102499999995,5596,take_profit,6
2024-01-08 17:55:00+00:00,2024-01-08 19:31:00+00:00,2298.2,2298.2,44.07505721552138,0.022951024999999937,97,take_profit,1
2024-01-08 19:32:00+00:00,2024-01-09 21:46:00+00:00,2354.23,2306.825274792053,107.02569124321144,0.022951024999999934,1575,take_profit,6
2024-01-09 21:47:00+00:00,2024-01-10 09:26:00+00:00,2353.24,2350.895932438285,49.210144310138276,0.022951024999999917,700,take_profit,2
2024-01-10 09:27:00+00:00,2024-01-10 15:39:00+00:00,2409.62,2391.7271381363057,68.78059258592839,0.02295102499999999,373,take_profit,4
2024-01-10 15:40:00+00:00,2024-01-10 21:07:00+00:00,2448.61,2446.1709341706364,49.450512289596645,0.022951024999999795,328,take_profit,2
2024-01-10 21:08:00+00:00,2024-01-10 23:06:00+00:00,2509.99,2509.99,44.659926443640416,0.022951025,119,take_profit,1
2024-01-10 23:07:00+00:00,2024-01-10 23:19:00+00:00,2572.21,2572.21,44.741925730705134,0.022951025000000114,13,take_profit,1
2024-01-10 23:20:00+00:00,2024-01-11 14:47:00+00:00,2622.5,2611.5381039798103,59.55198612131562,0.022951024999999695,928,take_profit,3
2024-01-11 14:48:00+00:00,2024-01-12 14:59:00+00:00,2679.06,2645.582697950169,89.22492983986012,0.022951024999999764,1452,take_profit,5
2024-01-12 15:00:00+00:00,2024-02-09 11:55:00+00:00,2705.75,2444.5692971966278,326.63288273780563,0.022951025000000107,40136,take_profit,11
2024-02-09 11:56:00+00:00,2024-02-12 15:49:00+00:00,2500.8,2498.308947596362,50.70187285315842,0.02295102499999967,4554,take_profit,2
2024-02-12 15:50:00+00:00,2024-02-12 18:27:00+00:00,2561.14,2561.14,45.79005974531128,0.022951025000000038,158,take_profit,1
2024-02-12 18:28:00+00:00,2024-02-14 08:54:00+00:00,2624.4,2621.785829363361,50.89844396952685,0.022951024999999823,2307,take_profit,2
2024-02-14 08:55:00+00:00,2024-02-14 10:43:00+00:00,2692.01,2692.01,45.96758776658885,0.022951024999999944,109,take_profit,1
2024-02-14 10:44:00+00:00,2024-02-15 14:25:00+00:00,2759.58,2756.831176266782,51.09577719193976,0.022951024999999778,1662,take_profit,2
2024-02-15 14:26:00+00:00,2024-02-18 22:10:00+00:00,2825.74,2790.4297973564276,91.63238235535664,0.022951024999999965,4785,take_profit,5
2024-02-18 22:11:00+00:00,2024-02-19 16:43:00+00:00,2865.25,2865.25,46.3140486317086,0.022951025000000038,1113,take_profit,1
2024-02-19 16:44:00+00:00,2024-02-20 13:45:00+00:00,2936.59,2924.3152262215717,61.64449867307985,0.022951024999999972,1262,take_profit,3
2024-02-20 13:46:00+00:00,2024-02-25 02:25:00+00:00,3001.19,2963.687389330985,92.36007776321912,0.022951024999999854,6520,take_profit,5
2024-02-25 02:26:00+00:00,2024-02-25 20:15:00+00:00,3040.47,3040.47,46.681850053460494,0.022951024999999927,1070,take_profit,1
2024-02-25 20:16:00+00:00,2024-02-26 19:43:00+00:00,3114.8,3101.7803188851535,62.134046335722815,0.022951025000000215,1408,take_profit,3
2024-02-26 19:44:00+00:00,2024-02-27 02:09:00+00:00,3180.85,3180.8499999999995,46.88164496213449,0.022951024999999903,386,take_profit,1
2024-02-27 02:10:00+00:00,2024-02-28 09:37:00+00:00,3264.78,3261.527945430923,52.11180750968151,0.02295102499999992,1888,take_profit,2
2024-02-28 09:38:00+00:00,2024-02-28 16:54:00+00:00,3340.59,3337.2624309224775,52.21796846948746,0.02295102500000014,437,take_profit,2
2024-02-28 16:55:00+00:00,2024-02-29 00:20:00+00:00,3419.41,3328.9459084694054,134.9653723796264,0.022951024999999643,446,take_profit,7
2024-02-29 00:21:00+00:00,2024-02-29 06:41:00+00:00,3404.41,3404.41,47.40708902116876,0.022951024999999892,381,take_profit,1
2024-02-29 06:42:00+00:00,2024-03-04 00:21:00+00:00,3487.41,3417.187586413626,115.11673025196433,0.022951025,5380,take_profit,6
2024-03-04 00:22:00+00:00,2024-03-04 16:12:00+00:00,3501.39,3486.7543953837435,63.38015907812223,0.022951024999999722,951,take_profit,3
2024-03-04 16:13:00+00:00,2024-03-05 01:55:00+00:00,3568.99,3565.434921177999,53.05950032926057,0.022951025000000028,583,take_profit,2
2024-03-05 01:56:00+00:00,2024-03-05 04:05:00+00:00,3652.31,3648.671925941965,53.167591906791586,0.022951024999999712,130,take_profit,2
2024-03-05 04:06:00+00:00,2024-03-05 14:59:00+00:00,3727.27,3711.690230246265,63.79389325487,0.022951025,654,take_profit,3
2024-03-05 15:00:00+00:00,2024-03-06 04:55:00+00:00,3803.95,3552.1711005328307,264.2787990375564,0.022951025000000076,836,take_profit,10
2024-03-06 04:56:00+00:00,2024-03-06 05:22:00+00:00,3641.93,3641.93,48.61927726652448,0.022951024999999896,27,take_profit,1
2024-03-06 05:23:00+00:00,2024-03-06 08:11:00+00:00,3731.27,3731.2699999999995,48.70854624636604,0.022951024999999653,169,take_profit,1
2024-03-06 08:12:00+00:00,2024-03-07 20:25:00+00:00,3831.05,3802.60217484794,75.52068198903362,0.022951024999999844,2174,take_profit,4
2024-03-07 20:26:00+00:00,2024-03-08 15:30:00+00:00,3899.5,3895.6156994369862,54.29636867626368,0.022951024999999823,1145,take_profit,2
2024-03-08 15:31:00+00:00,2024-03-11 07:32:00+00:00,3991.63,3886.027225931882,140.33731744151555,0.022951024999999646,3842,take_profit,7
2024-03-11 07:33:00+00:00,2024-03-11 18:21:00+00:00,3982.69,3982.6899999999996,49.29400470387827,0.022951025000000038,649,take_profit,1
2024-03-11 18:22:00+00:00,2024-03-13 07:16:00+00:00,4084.51,3976.449987747119,141.33377159862903,0.022951024999999795,2215,take_profit,7
2024-03-13 07:17:00+00:00,2024-03-25 17:20:00+00:00,4072.86,3556.095741654588,446.55971633223453,0.022951024999999653,17884,take_profit,12
2024-03-25 17:21:00+00:00,2024-04-08 08:16:00+00:00,3625.1,3481.6976445420732,188.63898835208784,0.02295102500000024,19616,take_profit,8
2024-04-08 08:17:00+00:00,2024-04-08 12:10:00+00:00,3562.92,3562.92,50.81028984074101,0.0229510249999998,234,take_profit,1
2024-04-08 12:11:00+00:00,2024-05-20 19:30:00+00:00,3650.13,3297.790161240441,368.68737030802004,0.0229510249999997,60920,take_profit,11
2024-05-20 19:31:00+00:00,2024-05-20 20:34:00+00:00,3405.34,3405.34,51.580521943582426,0.02295102499999987,64,take_profit,1
2024-05-20 20:35:00+00:00,2024-05-20 21:36:00+00:00,3495.41,3495.4099999999994,51.67522801147379,0.022951024999999937,62,take_profit,1
2024-05-20 21:37:00+00:00,2024-05-20 22:22:00+00:00,3569.3,3569.3,51.77010796747163,0.022951024999999972,46,take_profit,1
2024-05-20 22:23:00+00:00,2024-05-21 11:22:00+00:00,3671.14,3667.4831693373753,57.54563226898881,0.022951024999999764,780,take_profit,2
2024-05-21 11:23:00+00:00,2024-05-23 07:40:00+00:00,3763.07,3735.1269667858783,80.43103192805665,0.02295102500000004,2658,take_profit,4
2024-05-23 07:41:00+00:00,2024-05-23 11:53:00+00:00,3824.19,3824.19,52.11849860040047,0.022951024999999743,253,take_profit,1
2024-05-23 11:54:00+00:00,2024-05-23 21:02:00+00:00,3922.9,3767.717218773026,195.18162411178855,0.02295102500000011,549,take_profit,8
2024-05-23 21:03:00+00:00,2024-05-26 15:00:00+00:00,3852.44,3774.867350097439,127.42587623473446,0.02295102500000008,3958,take_profit,6
2024-05-26 15:01:00+00:00,2024-05-27 15:36:00+00:00,3868.4,3864.5466782156773,58.590098185931765,0.022951024999999587,1476,take_profit,2
2024-05-27 15:37:00+00:00,2024-07-22 00:47:00+00:00,3970.5,3466.7231729643404,475.9749504633037,0.022951024999999712,79751,take_profit,12
2024-07-22 00:48:00+00:00,2024-11-07 20:59:00+00:00,3558.98,2834.6032007615463,672.3503940706614,0.022951024999999726,156732,take_profit,13
2024-11-07 21:00:00+00:00,2024-11-08 18:47:00+00:00,2896.68,2893.7946106539625,61.04879819896405,0.022951024999999722,1308,take_profit,2
2024-11-08 18:48:00+00:00,2024-11-09 05:49:00+00:00,2965.8,2962.845760069294,61.173165387927384,0.022951024999999764,662,take_profit,2
2024-11-09 05:50:00+00:00,2024-11-09 22:46:00+00:00,3043.45,3040.418412732785,61.29778593482979,0.02295102499999983,1017,take_profit,2
2024-11-09 22:47:00+00:00,2024-11-10 04:54:00+00:00,3107.0,3107.0,55.35947929064059,0.02295102499999986,368,take_profit,1
2024-11-10 04:55:00+00:00,2024-11-10 22:22:00+00:00,3183.07,3143.294632581669,110.12994589913251,0.022951024999999854,1048,take_profit,5
2024-11-10 22:23:00+00:00,2024-11-11 16:20:00+00:00,3221.99,3181.728291627834,110.53147244162392,0.022951024999999955,1078,take_profit,5
2024-11-11 16:21:00+00:00,2024-11-11 19:07:00+00:00,3262.97,3262.97,55.86627629240547,0.022951024999999868,167,take_profit,1
2024-11-11 19:08:00+00:00,2024-11-12 08:53:00+00:00,3329.03,3315.1148500636446,74.3586168024899,0.022951024999999806,826,take_profit,3
2024-11-12 08:54:00+00:00,2024-11-21 13:11:00+00:00,3401.51,3266.9524578318687,209.72725334064853,0.022951024999999646,13218,take_profit,8
2024-11-21 13:12:00+00:00,2024-11-21 19:02:00+00:00,3343.27,3301.4927872372627,112.17390609996983,0.02295102499999994,351,take_profit,5
2024-11-21 19:03:00+00:00,2024-11-23 12:50:00+00:00,3384.31,3342.0199549467857,112.58288478697796,0.02295102500000009,2508,take_profit,5
2024-11-23 12:51:00+00:00,2024-11-25 09:31:00+00:00,3416.01,3373.323834488498,112.99335458338919,0.02295102499999977,2681,take_profit,5
2024-11-25 09:32:00+00:00,2024-11-25 15:54:00+00:00,3456.5,3413.307874950452,113.40532092569447,0.022951024999999816,383,take_profit,5
2024-11-25 15:55:00+00:00,2024-11-27 13:06:00+00:00,3504.98,3412.252064030666,164.04098885225721,0.022951025000000222,2712,take_profit,7
2024-11-27 13:07:00+00:00,2024-11-27 18:17:00+00:00,3494.01,3494.01,57.620007447282205,0.022951024999999823,311,take_profit,1
2024-11-27 18:18:00+00:00,2024-11-27 22:21:00+00:00,3581.35,3581.35,57.72580250579631,0.022951024999999934,244,take_profit,1
2024-11-27 22:22:00+00:00,2024-11-30 06:11:00+00:00,3671.44,3625.5620033004743,114.83741517095768,0.022951024999999833,3350,take_profit,5
2024-11-30 06:12:00+00:00,2024-12-04 09:43:00+00:00,3713.39,3638.617257939988,140.6843102206194,0.02295102499999995,5972,take_profit,6
2024-12-04 09:44:00+00:00,2024-12-04 15:22:00+00:00,3727.99,3724.2765409268072,64.6862928677233,0.0229510249999998,339,take_profit,2
2024-12-04 15:23:00+00:00,2024-12-05 03:01:00+00:00,3817.95,3801.9911931705306,77.61477084557691,0.022951024999999983,699,take_profit,3
2024-12-05 03:02:00+00:00,2024-12-06 03:57:00+00:00,3895.5,3817.0602948532805,141.9436837198282,0.022951025000000017,1496,take_profit,6
2024-12-06 03:58:00+00:00,2024-12-06 15:05:00+00:00,3912.81,3896.4546839402256,78.15035429347517,0.022951024999999854,668,take_profit,3
2024-12-06 15:06:00+00:00,2024-12-11 20:23:00+00:00,3996.02,3731.528217024724,323.75327360134906,0.02295102499999996,7518,take_profit,10
2024-12-11 20:24:00+00:00,2024-12-12 03:39:00+00:00,3824.74,3824.74,59.560775334582104,0.022951024999999944,436,take_profit,1
2024-12-12 03:40:00+00:00,2024-12-16 00:46:00+00:00,3920.44,3904.0527909882203,79.27603490847741,0.022951024999999868,5587,take_profit,3
2024-12-16 00:47:00+00:00,2024-12-16 18:40:00+00:00,4002.6,3972.8783140513337,92.5719028972012,0.022951024999999993,1074,take_profit,4
2024-12-16 18:41:00+00:00,2025-01-04 12:27:00+00:00,4071.68,3555.0654599912964,539.5853003634293,0.022951024999999903,26987,take_profit,12
2025-01-04 12:28:00+00:00,2025-01-06 16:09:00+00:00,3641.53,3637.902663923777,67.6547493838948,0.022951024999999844,3102,take_profit,2
2025-01-06 16:10:00+00:00,2025-01-15 20:15:00+00:00,3736.6,3375.9133829455486,442.54294055497667,0.02295102500000004,13206,take_profit,11
2025-01-15 20:16:00+00:00,2025-01-17 20:27:00+00:00,3460.69,3391.0056197653194,150.06567864357112,0.02295102500000021,2892,take_profit,6
2025-01-17 20:28:00+00:00,2025-01-19 15:04:00+00:00,3478.09,3340.5030924678867,232.46721324852479,0.022951024999999996,2557,take_profit,8
2025-01-19 15:05:00+00:00,2025-01-20 06:46:00+00:00,3424.29,3288.8313225094407,234.06274019938428,0.022951024999999715,942,take_profit,8
2025-01-20 06:47:00+00:00,2025-01-20 06:56:00+00:00,3368.9,3368.9,63.04526850118373,0.022951024999999802,10,take_profit,1
2025-01-20 06:57:00+00:00,2025-01-24 06:00:00+00:00,3423.63,3333.0542639265586,180.7608375957243,0.022951024999999733,5704,take_profit,7
2025-01-24 06:01:00+00:00,2025-01-31 11:19:00+00:00,3419.15,3230.349382216933,292.9744575831064,0.02295102499999996,10399,take_profit,9
2025-01-31 11:20:00+00:00,2025-01-31 15:26:00+00:00,3310.52,3310.52,64.03084163210724,0.022951025000000087,247,take_profit,1
2025-01-31 15:27:00+00:00,2025-02-03 19:50:00+00:00,3391.86,2701.497960801988,801.8550938483968,0.02295102499999971,4584,take_profit,13
2025-02-03 19:51:00+00:00,2025-02-03 22:00:00+00:00,2766.07,2754.5079898095078,87.18175952490719,0.022951024999999937,130,take_profit,3
2025-02-03 22:01:00+00:00,2025-02-03 22:27:00+00:00,2832.97,2832.97,65.7807520716874,0.022951024999999816,27,take_profit,1
2025-02-03 22:28:00+00:00,2025-02-04 19:14:00+00:00,2904.0,2789.1230475711513,246.34619893958552,0.02295102500000003,1247,take_profit,8
2025-02-04 19:15:00+00:00,2025-02-06 06:58:00+00:00,2860.19,2784.5206623204326,189.89837853162317,0.02295102499999997,2144,take_profit,7
2025-02-06 06:59:00+00:00,2025-02-12 22:29:00+00:00,2854.51,2696.8880028755852,307.7844470418004,0.022951024999999767,9571,take_profit,9
2025-02-12 22:30:00+00:00,2025-02-14 17:59:00+00:00,2770.04,2714.2625334759036,163.0439203618198,0.022951024999999674,2610,take_profit,6
2025-02-14 18:00:00+00:00,2025-02-17 14:11:00+00:00,2773.96,2739.2968357580085,134.1687397346641,0.02295102499999973,4092,take_profit,5
2025-02-17 14:12:00+00:00,2025-02-21 09:18:00+00:00,2805.26,2731.043893301151,194.07530933717135,0.022951025000000052,5467,take_profit,7
2025-02-21 09:19:00+00:00,2025-02-23 07:19:00+00:00,2814.27,2739.8155242653543,195.09511527742325,0.0229510249999999,2761,take_profit,7
2025-02-23 07:20:00+00:00,2025-03-02 18:25:00+00:00,2810.79,2454.1571155613747,616.4246404143705,0.022951025000000007,10746,take_profit,12
2025-03-02 18:26:00+00:00,2025-03-06 05:33:00+00:00,2502.02,2260.504951666601,504.53519081438935,0.02295102499999972,4988,take_profit,11
2025-03-06 05:34:00+00:00,2025-03-24 06:08:00+00:00,2316.6,2022.669916254676,634.9384071045788,0.022951025000000156,25955,take_profit,12
2025-03-24 06:09:00+00:00,2025-04-27 01:13:00+00:00,2071.17,1808.3800614906315,645.4250465043842,0.02295102499999947,48665,take_profit,12
2025-04-27 01:14:00+00:00,2025-05-01 10:30:00+00:00,1853.92,1804.8725945790657,208.73849380333195,0.02295102499999977,6317,take_profit,7
2025-05-01 10:31:00+00:00,2025-05-08 03:25:00+00:00,1846.0,1822.9325436593476,145.5929135740762,0.02295102499999973,9655,take_profit,5
2025-05-08 03:26:00+00:00,2025-05-08 04:00:00+00:00,1866.79,1866.79,73.58749283143288,0.022951024999999844,35,take_profit,1
2025-05-08 04:01:00+00:00,2025-05-08 10:49:00+00:00,1909.61,1909.61,73.72260550244619,0.02295102499999996,409,take_profit,1
2025-05-08 10:50:00+00:00,2025-05-08 14:50:00+00:00,1952.66,1952.66,73.8579662514021,0.02295102499999989,241,take_profit,1
2025-05-08 14:51:00+00:00,2025-05-08 15:41:00+00:00,2001.85,2001.8500000000001,73.99357553379332,0.022951025000000014,51,take_profit,1
2025-05-08 15:42:00+00:00,2025-05-08 19:52:00+00:00,2055.2,2053.15281074058,82.24837179421684,0.022951025,251,take_profit,2
2025-05-08 19:53:00+00:00,2025-05-08 20:50:00+00:00,2114.1,2114.1,74.28044856092674,0.02295102499999987,58,take_profit,1
2025-05-08 20:51:00+00:00,2025-05-08 21:21:00+00:00,2170.39,2170.39,74.41683355548139,0.022951024999999868,31,take_profit,1
2025-05-08 21:22:00+00:00,2025-05-09 07:00:00+00:00,2215.31,2206.0501342716925,99.04960876654877,0.022951024999999674,579,take_profit,3
2025-05-09 07:01:00+00:00,2025-05-09 07:42:00+00:00,2267.75,2267.75,74.73533216783335,0.022951025000000007,42,take_profit,1
2025-05-09 07:43:00+00:00,2025-05-09 08:28:00+00:00,2361.21,2361.21,74.87255236599049,0.022951024999999934,46,take_profit,1
2025-05-09 08:29:00+00:00,2025-05-09 08:36:00+00:00,2428.16,2428.16,75.0100245116837,0.022951024999999917,8,take_profit,1
2025-05-09 08:37:00+00:00,2025-05-10 13:48:00+00:00,2479.34,2381.2618239549092,280.90944294283145,0.022951024999999882,1752,take_profit,8
2025-05-10 13:49:00+00:00,2025-05-10 17:34:00+00:00,2442.58,2440.1469406669553,83.95047899315796,0.022951025000000038,226,take_profit,2
2025-05-10 17:35:00+00:00,2025-05-10 22:38:00+00:00,2500.54,2490.0878896189415,100.72917925215461,0.022951024999999847,304,take_profit,3
2025-05-10 22:39:00+00:00,2025-05-12 07:27:00+00:00,2562.49,2530.4693465881046,150.91946611639924,0.022951024999999875,1969,take_profit,5
2025-05-12 07:28:00+00:00,2025-05-13 16:13:00+00:00,2594.25,2525.6163850040675,218.30526342771736,0.022951025000000003,1966,take_profit,7
2025-05-13 16:14:00+00:00,2025-05-13 18:54:00+00:00,2590.79,2590.79,76.68053571546807,0.02295102500000003,161,take_profit,1
2025-05-13 18:55:00+00:00,2025-05-13 19:46:00+00:00,2658.2,2658.2,76.82132746684556,0.02295102500000002,52,take_profit,1
2025-05-13 19:47:00+00:00,2025-05-21 06:35:00+00:00,2723.15,2542.90795946739,422.5601024528878,0.02295102499999978,10729,take_profit,10
2025-05-21 06:36:00+00:00,2025-05-22 03:36:00+00:00,2608.7,2556.171272284367,188.42266883438242,0.02295102499999972,1261,take_profit,6
2025-05-22 03:37:00+00:00,2025-05-22 09:18:00+00:00,2617.0,2617.0,78.08419219209372,0.02295102499999987,342,take_profit,1
2025-05-22 09:19:00+00:00,2025-05-27 08:25:00+00:00,2681.99,2575.895358937793,292.42207390434123,0.02295102499999982,7147,take_profit,8
2025-05-27 08:26:00+00:00,2025-05-27 17:45:00+00:00,2639.35,2639.35,78.76447207816136,0.022951025000000097,560,take_profit,1
2025-05-27 17:46:00+00:00,2025-05-29 02:26:00+00:00,2707.59,2673.7561895377107,156.69090749934367,0.02295102499999997,1961,take_profit,5
2025-05-29 02:27:00+00:00,2025-06-09 21:09:00+00:00,2736.39,2555.271619707681,434.8280759245499,0.02295102500000021,16963,take_profit,10
2025-06-09 21:10:00+00:00,2025-06-09 23:44:00+00:00,2622.58,2622.58,79.99516746570634,0.022951025000000055,155,take_profit,1
2025-06-09 23:45:00+00:00,2025-06-10 11:21:00+00:00,2691.7,2689.0187916847117,88.9195072409384,0.022951025000000052,697,take_profit,2
2025-06-10 11:22:00+00:00,2025-06-10 22:06:00+00:00,2752.12,2740.6162999904354,106.6913386475835,0.022951025000000166,645,take_profit,3
2025-06-10 22:07:00+00:00,2025-06-11 15:30:00+00:00,2811.87,2800.1165484986504,106.95159788071942,0.022951025000000066,1044,take_profit,3
2025-06-11 15:31:00+00:00,2025-07-02 16:49:00+00:00,2860.79,2497.8131182432076,725.8938973221047,0.02295102499999981,30319,take_profit,12
2025-07-02 16:50:00+00:00,2025-07-03 13:37:00+00:00,2559.51,2559.51,82.03037532844064,0.022951025000000017,1248,take_profit,1
2025-07-03 13:38:00+00:00,2025-07-09 05:39:00+00:00,2624.06,2571.221983651059,199.19106581158667,0.022951024999999833,8162,take_profit,6
2025-07-09 05:40:00+00:00,2025-07-09 18:08:00+00:00,2637.56,2634.932720658294,91.58755229717099,0.022951024999999986,749,take_profit,2
2025-07-09 18:09:00+00:00,2025-07-09 19:51:00+00:00,2700.04,2700.04,82.7148832107282,0.022951024999999854,103,take_profit,1
2025-07-09 19:52:00+00:00,2025-07-10 21:17:00+00:00,2778.44,2775.6723897791253,91.9426371567115,0.022951025000000132,1526,take_profit,2
2025-07-10 21:18:00+00:00,2025-07-10 21:24:00+00:00,2849.33,2849.33,83.03556874004016,0.022951025000000038,7,take_profit,1
2025-07-10 21:25:00+00:00,2025-07-10 21:42:00+00:00,2904.69,2904.69,83.1880288531629,0.02295102499999987,18,take_profit,1
2025-07-10 21:43:00+00:00,2025-07-14 03:42:00+00:00,2969.27,2956.8586257403745,110.72416438981054,0.02295102500000005,4680,take_profit,3
2025-07-14 03:43:00+00:00,2025-07-15 17:29:00+00:00,3037.71,2999.7510385695755,165.89464840235905,0.022951024999999736,2267,take_profit,5
2025-07-15 17:30:00+00:00,2025-07-16 00:40:00+00:00,3074.61,3071.54737418796,93.03208879252497,0.022951024999999868,431,take_profit,2
2025-07-16 00:41:00+00:00,2025-07-16 14:30:00+00:00,3145.2,3142.067059333044,93.2216115957226,0.02295102499999992,830,take_profit,2
2025-07-16 14:31:00+00:00,2025-07-16 17:52:00+00:00,3221.34,3221.34,84.19064078530073,0.022951024999999802,202,take_profit,1
2025-07-16 17:53:00+00:00,2025-07-16 20:04:00+00:00,3307.21,3307.21,84.34522170541595,0.022951025000000038,132,take_profit,1
2025-07-16 20:05:00+00:00,2025-07-17 07:40:00+00:00,3394.58,3380.390854912405,112.2644005676575,0.02295102499999982,696,take_profit,3
2025-07-17 07:41:00+00:00,2025-07-17 23:15:00+00:00,3467.99,3424.6542969042143,168.20233742931123,0.02295102499999988,935,take_profit,5
2025-07-17 23:16:00+00:00,2025-07-18 01:39:00+00:00,3513.66,3510.160035513209,94.32621812417256,0.02295102499999987,144,take_profit,2
2025-07-18 01:40:00+00:00,2025-07-20 03:26:00+00:00,3596.15,3551.2128206286907,169.15949928348346,0.022951025000000087,2987,take_profit,5
2025-07-20 03:27:00+00:00,2025-07-20 11:44:00+00:00,3641.58,3641.5800000000004,85.49882776099957,0.02295102500000006,498,take_profit,1
2025-07-20 11:45:00+00:00,2025-07-20 16:50:00+00:00,3730.33,3730.33,85.6558106196726,0.022951025000000045,306,take_profit,1
2025-07-20 16:51:00+00:00,2025-07-24 15:10:00+00:00,3816.89,3665.900781351188,320.7774721129572,0.022951024999999972,5660,take_profit,8
2025-07-24 15:11:00+00:00,2025-07-27 05:23:00+00:00,3755.0,3708.0778447675243,171.56979583067732,0.02295102499999979,3733,take_profit,5
2025-07-27 05:24:00+00:00,2025-07-28 02:31:00+00:00,3802.62,3798.8322018189697,96.2146557080141,0.02295102500000003,1268,take_profit,2
2025-07-28 02:32:00+00:00,2025-08-04 21:17:00+00:00,3895.85,3637.988349481678,477.0879538309164,0.022951024999999854,11206,take_profit,10
2025-08-04 21:18:00+00:00,2025-08-07 10:03:00+00:00,3721.61,3675.105083319645,174.28555165061607,0.022951024999999958,3646,take_profit,5
2025-08-07 10:04:00+00:00,2025-08-07 13:50:00+00:00,3770.62,3770.6199999999994,88.0897048343395,0.022951024999999778,227,take_profit,1
2025-08-07 13:51:00+00:00,2025-08-08 03:22:00+00:00,3864.08,3847.9283724790494,117.24834803266913,0.022951025000000125,812,take_profit,3
2025-08-08 03:23:00+00:00,2025-08-08 18:00:00+00:00,3941.97,3938.04339497618,98.15593478357096,0.02295102499999988,878,take_profit,2
2025-08-08 18:01:00+00:00,2025-08-09 05:05:00+00:00,4039.19,4039.19,88.6469446821734,0.0229510249999999,665,take_profit,1
2025-08-09 05:06:00+00:00,2025-08-09 18:51:00+00:00,4149.25,4149.25,88.80970774165962,0.022951024999999976,826,take_profit,1
2025-08-09 18:52:00+00:00,2025-08-11 02:02:00+00:00,4252.82,4235.043462103877,118.20667967449572,0.022951025000000114,1871,take_profit,3
2025-08-11 02:03:00+00:00,2025-08-12 12:40:00+00:00,4330.32,4276.208695806579,177.10547351139485,0.022951025000000007,2078,take_profit,5
2025-08-12 12:41:00+00:00,2025-08-12 17:20:00+00:00,4394.99,4394.99,89.51498697631541,0.02295102500000003,280,take_profit,1
2025-08-12 17:21:00+00:00,2025-08-12 20:18:00+00:00,4504.0,4504.0,89.67934383263218,0.022951024999999858,178,take_profit,1
2025-08-12 20:19:00+00:00,2025-08-13 13:31:00+00:00,4621.5,4616.896513642269,99.68405987407732,0.022951024999999764,1033,take_profit,2
2025-08-13 13:32:00+00:00,2025-08-22 14:12:00+00:00,4731.33,4418.168927847105,494.2912678418652,0.022951024999999955,13001,take_profit,10
2025-08-22 14:13:00+00:00,2025-08-22 15:04:00+00:00,4538.7,4538.7,90.93458986927862,0.022951024999999903,52,take_profit,1
2025-08-22 15:05:00+00:00,2025-08-22 16:14:00+00:00,4647.79,4647.79,91.1015532329152,0.02295102499999995,70,take_profit,1
2025-08-22 16:15:00+00:00,2025-08-22 21:06:00+00:00,4765.5,4765.5,91.26882315497824,0.022951024999999965,292,take_profit,1
2025-08-22 21:07:00+00:00,2025-08-24 18:18:00+00:00,4880.02,4819.039692149777,181.56656610811842,0.022951024999999653,2712,take_profit,5
2025-08-24 18:19:00+00:00,2025-09-12 22:21:00+00:00,4941.03,4613.989135731472,503.8597443399958,0.022951025000000035,27603,take_profit,10
2025-09-12 22:22:00+00:00,2025-10-02 00:08:00+00:00,4724.9,4268.814736145004,671.3759121200274,0.02295102499999984,27467,take_profit,11
2025-10-02 00:09:00+00:00,2025-10-02 18:27:00+00:00,4374.0,4374.0,93.92760033675131,0.022951024999999882,1099,take_profit,1
2025-10-02 18:28:00+00:00,2025-10-03 16:37:00+00:00,4481.02,4476.556446080554,104.40625606350841,0.022951025000000007,1330,take_profit,2
2025-10-03 16:38:00+00:00,2025-10-06 14:00:00+00:00,4583.7,4526.422481241252,187.23649001294962,0.022951024999999833,4163,take_profit,5
2025-10-06 14:01:00+00:00,2025-10-07 13:27:00+00:00,4638.27,4638.27,94.63553910953397,0.022951024999999788,1407,take_profit,1
2025-10-07 13:28:00+00:00,2025-10-10 21:56:00+00:00,4752.56,4149.555442111424,852.8322066288019,0.02295102499999993,4829,take_profit,12
2025-10-10 21:57:00+00:00,2025-10-10 22:04:00+00:00,4066.66,4015.8433683627964,191.37354705780126,0.02295102499999995,8,take_profit,5
2025-10-10 22:05:00+00:00,2025-10-10 22:08:00+00:00,3889.0,3885.126158510178,107.32040481040895,0.022951024999999847,4,take_profit,2
2025-10-10 22:09:00+00:00,2025-10-12 14:46:00+00:00,3900.72,3797.5223456926146,277.38609570062727,0.022951025000000132,2438,take_profit,7
2025-10-12 14:47:00+00:00,2025-10-12 14:51:00+00:00,3888.55,3888.55,97.43289778896451,0.022951024999999688,5,take_profit,1
2025-10-12 14:52:00+00:00,2025-10-12 16:05:00+00:00,3984.88,3984.88,97.61179257880394,0.02295102499999999,74,take_profit,1
2025-10-12 16:06:00+00:00,2025-10-12 20:50:00+00:00,4082.67,4082.67,97.79101583414467,0.022951024999999767,285,take_profit,1
2025-10-12 20:51:00+00:00,2025-10-13 17:59:00+00:00,4182.82,4130.551843049399,194.54155677104427,0.02295102499999986,1269,take_profit,5
2025-10-13 18:00:00+00:00,2025-10-15 08:26:00+00:00,4234.62,4067.106143149362,367.5585404325939,0.022951024999999924,2307,take_profit,8
2025-10-15 08:27:00+00:00,2025-10-20 04:01:00+00:00,4171.11,3940.7872166061366,456.8264214183946,0.022951024999999996,6935,take_profit,9
2025-10-20 04:02:00+00:00,2025-10-21 15:47:00+00:00,4035.0,3984.5789889845432,198.2564958708008,0.022951025000000003,2146,take_profit,5
2025-10-21 15:48:00+00:00,2025-10-24 12:30:00+00:00,4079.02,3917.6613958345993,374.5773883125312,0.022951024999999958,4123,take_profit,8
2025-10-24 12:31:00+00:00,2025-10-26 11:43:00+00:00,3996.84,3946.8958330441087,200.34501055279543,0.022951024999999823,2833,take_profit,5
2025-10-26 11:44:00+00:00,2025-10-26 22:02:00+00:00,4042.6,4042.6,101.26102064965016,0.02295102500000006,619,take_profit,1
2025-10-26 22:03:00+00:00,2025-10-27 05:11:00+00:00,4126.4,4126.4,101.4469441869669,0.02295102500000013,429,take_profit,1
2025-10-27 05:12:00+00:00,2026-01-31 17:11:00+00:00,4233.11,3371.5241881594466,-15578.594633478519,-0.28143927999999996,138960,stop_loss,13
2026-01-31 17:12:00+00:00,2026-01-31 18:52:00+00:00,2399.45,2335.9700240909738,209.00385130425275,0.022951024999999913,101,take_profit,7
2026-01-31 18:53:00+00:00,2026-01-31 23:20:00+00:00,2386.22,2383.8430809874403,81.45389317258105,0.02295102499999992,268,take_profit,2
2026-01-31 23:21:00+00:00,2026-02-03 20:32:00+00:00,2437.2,2275.8846478577834,403.8955493766043,0.022951025000000014,4152,take_profit,10
2026-02-03 20:33:00+00:00,2026-02-06 17:16:00+00:00,2294.71,2003.5573182805695,668.3868623355011,0.02295102499999969,4124,take_profit,12
2026-02-06 17:17:00+00:00,2026-02-07 04:11:00+00:00,2052.54,2050.4954603724555,83.80425788534194,0.022951024999999844,655,take_profit,2
2026-02-07 04:12:00+00:00,2026-02-08 11:33:00+00:00,2103.06,2076.780344132301,150.28998918462185,0.022951024999999754,1882,take_profit,5
2026-02-08 11:34:00+00:00,2026-02-09 18:04:00+00:00,2131.59,2088.668349096729,184.11633029206405,0.022951024999999937,1831,take_profit,6
2026-02-09 18:05:00+00:00,2026-02-14 11:21:00+00:00,2135.47,2050.994695040208,285.2151844673281,0.022951024999999632,6797,take_profit,8
2026-02-14 11:22:00+00:00,2026-02-25 15:33:00+00:00,2106.85,1967.400119128168,421.79640044489133,0.022951025000000017,16092,take_profit,10
2026-02-25 15:34:00+00:00,2026-02-25 17:12:00+00:00,2019.31,2019.3099999999997,77.59773473292489,0.022951024999999955,99,take_profit,1
2026-02-25 17:13:00+00:00,2026-02-25 21:36:00+00:00,2062.95,2062.95,77.74021053690922,0.022951025000000083,264,take_profit,1
2026-02-25 21:37:00+00:00,2026-03-01 02:03:00+00:00,2138.09,1996.5723809035971,427.6144712985151,0.022951024999999733,4587,take_profit,10
2026-03-01 02:04:00+00:00,2026-03-02 15:20:00+00:00,2046.97,1992.8152535845718,225.1405618394183,0.022951025000000187,2237,take_profit,7
2026-03-02 15:21:00+00:00,2026-03-04 08:51:00+00:00,2043.88,2002.724475791227,191.67839518951405,0.02295102500000047,2491,take_profit,6
2026-03-04 08:52:00+00:00,2026-03-04 14:31:00+00:00,2044.77,2044.77,79.43339695610166,0.02295102499999981,340,take_profit,1
2026-03-04 14:32:00+00:00,2026-03-04 15:58:00+00:00,2098.13,2096.0400480727585,88.29506505925383,0.022951024999999903,87,take_profit,2
2026-03-04 15:59:00+00:00,2026-03-13 00:21:00+00:00,2155.58,2070.3091800562747,298.08079871612244,0.02295102500000001,12023,take_profit,8
2026-03-13 00:22:00+00:00,2026-03-13 13:17:00+00:00,2127.78,2125.6605136422695,89.08218096453948,0.022951024999999892,776,take_profit,2
2026-03-13 13:18:00+00:00,2026-03-15 22:52:00+00:00,2179.2,2135.3196751493438,195.00086466844914,0.022951024999999833,3455,take_profit,6
2026-03-15 22:53:00+00:00,2026-03-16 03:34:00+00:00,2191.42,2189.237121697705,89.66090832461578,0.022951025000000028,282,take_profit,2
2026-03-16 03:35:00+00:00,2026-03-16 12:29:00+00:00,2244.26,2244.26,80.97488550163507,0.022951024999999996,535,take_profit,1
2026-03-16 12:30:00+00:00,2026-03-16 21:04:00+00:00,2300.0,2297.708964919879,90.00852358717202,0.022951025000000017,515,take_profit,2
2026-03-16 21:05:00+00:00,2026-04-07 23:21:00+00:00,2355.01,2199.1347056259474,446.31435855119344,0.022951025000000153,31817,take_profit,10
2026-04-07 23:22:00+00:00,2026-04-11 16:41:00+00:00,2246.71,2218.6353061564964,163.04361400256948,0.022951024999999667,5360,take_profit,5
2026-04-11 16:42:00+00:00,2026-04-11 19:05:00+00:00,2262.03,2262.03,82.40765626632356,0.02295102499999984,144,take_profit,1
2026-04-11 19:06:00+00:00,2026-04-13 22:16:00+00:00,2316.83,2255.5358231739324,236.2758907232128,0.022951024999999944,3071,take_profit,7
2026-04-13 22:17:00+00:00,2026-04-13 23:24:00+00:00,2319.47,2319.47,82.99278539064699,0.02295102499999979,68,take_profit,1
2026-04-13 23:25:00+00:00,2026-04-17 13:09:00+00:00,2366.09,2336.523544001596,165.10254580078072,0.022951025000000024,5145,take_profit,5
2026-04-17 13:10:00+00:00,2026-04-17 14:41:00+00:00,2394.43,2394.43,83.44830876253218,0.02295102499999995,92,take_profit,1
2026-04-17 14:42:00+00:00,2026-04-22 13:31:00+00:00,2454.19,2357.1067121620677,312.510468855442,0.022951025000000073,7130,take_profit,8
2026-04-22 13:32:00+00:00,2026-05-04 02:38:00+00:00,2414.77,2319.2460955865663,314.65536863944544,0.02295102499999981,16627,take_profit,8
2026-05-04 02:39:00+00:00,2026-05-06 11:17:00+00:00,2377.96,2360.302232469273,131.16544165124742,0.022951025000000132,3399,take_profit,4
2026-05-06 11:18:00+00:00,2026-07-27 06:06:00+00:00,2419.73,1927.2303870712221,1062.4235638982354,0.022951025000000003,117769,take_profit,13
2026-07-27 06:07:00+00:00,2026-07-31 23:59:00+00:00,1974.39,1922.1554338973428,-356.9152862213141,-0.03292073584758939,6833,eod_close,7
