entry_time,exit_time,p0,avg_entry,exit_price,pnl,pnl_pct,fills,hold_bars,max_dd_from_p0,reason
2021-01-01 00:00:00+00:00,2021-01-01 01:00:00+00:00,736.42,733.0132940728904,741.8094536017651,16.221882474074164,0.009977012000000052,2,2,0.00962765812987143,take_profit
2021-01-01 02:00:00+00:00,2021-01-02 12:00:00+00:00,748.27,737.2337763259651,746.0805816418767,61.2545939226502,0.009977011999999962,5,35,0.04541141566546837,take_profit
2021-01-02 13:00:00+00:00,2021-01-02 13:00:00+00:00,752.39,752.39,761.41868,5.027155186736422,0.009977012000000056,1,1,0.004359441247225472,take_profit
2021-01-02 14:00:00+00:00,2021-01-02 14:00:00+00:00,770.77,760.3434333223848,769.4675545222535,55.99691457877634,0.009977012000000094,4,1,0.023054867210711344,take_profit
2021-01-02 15:00:00+00:00,2021-01-02 16:00:00+00:00,760.99,760.99,770.12188,5.057597080553421,0.009977012000000118,1,2,0.00017083010289227908,take_profit
2021-01-02 17:00:00+00:00,2021-01-02 19:00:00+00:00,781.94,778.3227168835122,787.6625894861143,16.45476080686194,0.009977011999999867,2,3,0.012711972785635796,take_profit
2021-01-02 20:00:00+00:00,2021-01-02 20:00:00+00:00,784.79,773.2151433611585,782.4937250814925,62.133953499513154,0.009977012000000007,5,1,0.044177423259725485,take_profit
2021-01-02 21:00:00+00:00,2021-01-02 21:00:00+00:00,756.57,753.0700794339192,762.1069203871263,16.58224649558906,0.009977012000000144,2,1,0.007097823069907615,take_profit
2021-01-02 22:00:00+00:00,2021-01-02 23:00:00+00:00,768.94,765.3828553602679,774.5674496245911,16.60914602096932,0.009977011999999843,2,2,0.007750929851483908,take_profit
2021-01-03 00:00:00+00:00,2021-01-03 05:00:00+00:00,774.44,770.8574121585634,780.1077011044662,16.63608918244404,0.009977011999999862,2,6,0.007398894685191904,take_profit
2021-01-03 06:00:00+00:00,2021-01-03 06:00:00+00:00,786.48,786.48,795.91776,5.124180562318543,0.009977011999999978,1,1,0.0034965924117587224,take_profit
2021-01-03 07:00:00+00:00,2021-01-03 08:00:00+00:00,799.83,796.1299570874231,805.6835165724722,16.671388436285042,0.009977012000000243,2,2,0.01041471312653944,take_profit
2021-01-03 09:00:00+00:00,2021-01-03 10:00:00+00:00,817.31,817.31,827.11772,5.135053294990826,0.009977011999999955,1,2,0.005273396875114639,take_profit
2021-01-03 11:00:00+00:00,2021-01-03 12:00:00+00:00,825.69,825.69,835.59828,5.137614919408065,0.009977011999999959,1,2,0.002034661919122266,take_profit
2021-01-03 13:00:00+00:00,2021-01-03 13:00:00+00:00,831.46,831.46,841.4375200000001,5.140177821693328,0.009977012000000243,1,1,0.0,take_profit
2021-01-03 14:00:00+00:00,2021-01-03 14:00:00+00:00,874.17,866.2312273276358,876.6260020555675,34.09447475720617,0.009977011999999908,3,1,0.013578594552546994,take_profit
2021-01-03 15:00:00+00:00,2021-01-03 15:00:00+00:00,912.39,898.9331727612322,909.720370834367,63.25471359643416,0.00997701199999981,5,1,0.036026260699919994,take_profit
2021-01-03 16:00:00+00:00,2021-01-03 16:00:00+00:00,917.95,917.95,928.9654,5.19130470350342,0.009977012000000063,1,1,0.00025055830927612414,take_profit
2021-01-03 17:00:00+00:00,2021-01-03 17:00:00+00:00,935.26,926.7664386451659,937.8876359089079,34.433596134279924,0.009977012000000167,3,1,0.019523982635844567,take_profit
2021-01-03 18:00:00+00:00,2021-01-03 18:00:00+00:00,935.65,921.850111349365,932.9123126855574,63.88387787404827,0.009977012000000165,5,1,0.04993320151766155,take_profit
2021-01-03 19:00:00+00:00,2021-01-03 19:00:00+00:00,917.77,905.3548954944863,916.2191542404202,58.37140000120962,0.00997701200000015,4,1,0.020037700077361414,take_profit
2021-01-03 20:00:00+00:00,2021-01-03 20:00:00+00:00,921.61,921.61,932.66932,5.272058727782451,0.009977011999999919,1,1,0.0016601382363472322,take_profit
2021-01-03 21:00:00+00:00,2021-01-03 21:00:00+00:00,946.38,942.0020114129194,953.3060355498744,17.15250620871916,0.009977012000000052,2,1,0.01049261396056547,take_profit
2021-01-03 22:00:00+00:00,2021-01-03 22:00:00+00:00,949.87,949.87,961.26844,5.283245235455865,0.009977012000000111,1,1,0.004969101034878486,take_profit
2021-01-03 23:00:00+00:00,2021-01-03 23:00:00+00:00,991.73,977.1029882204945,988.8282240791405,64.80098296312099,0.009977011999999848,5,1,0.03703629011928652,take_profit
2021-01-04 00:00:00+00:00,2021-01-04 00:00:00+00:00,978.33,965.0956720192651,976.6768200834963,59.209368981474654,0.009977012000000056,4,1,0.02464403626588167,take_profit
2021-01-04 01:00:00+00:00,2021-01-04 01:00:00+00:00,975.8,962.5998965138539,974.1510952720201,59.53821012036951,0.0099770120000001,4,1,0.020280795244927204,take_profit
2021-01-04 02:00:00+00:00,2021-01-04 02:00:00+00:00,966.96,966.96,978.56352,5.377444095826718,0.00997701200000002,1,1,0.004922644163150483,take_profit
2021-01-04 03:00:00+00:00,2021-01-04 03:00:00+00:00,979.46,979.46,991.21352,5.380126637040348,0.009977011999999947,1,1,0.0016539725971453703,take_profit
2021-01-04 04:00:00+00:00,2021-01-04 04:00:00+00:00,1021.41,1016.6849198813054,1028.885138919881,17.504102346056925,0.009977011999999731,2,1,0.007499437052701626,take_profit
2021-01-04 05:00:00+00:00,2021-01-04 05:00:00+00:00,1027.7,1022.9458221106294,1035.2211719759568,17.532497295164603,0.009977012000000009,2,1,0.010654860367811662,take_profit
2021-01-04 06:00:00+00:00,2021-01-04 06:00:00+00:00,1084.45,1084.45,1097.4634,5.400288545194371,0.009977012000000084,1,1,0.005403660841901542,take_profit
2021-01-04 07:00:00+00:00,2021-01-04 07:00:00+00:00,1104.99,1072.0729536413376,1084.9378290850336,90.56999524159255,0.009977011999999808,8,1,0.08415460773400665,take_profit
2021-01-04 08:00:00+00:00,2021-01-04 08:00:00+00:00,1044.3,1023.8448266656455,1036.1309645856334,75.99178994342583,0.00997701200000011,6,1,0.05785693766159146,take_profit
2021-01-04 09:00:00+00:00,2021-01-04 09:00:00+00:00,1022.64,992.1761149981246,1004.0822283781021,91.96282055549455,0.009977011999999959,8,1,0.11112414926073691,take_profit
2021-01-04 10:00:00+00:00,2021-01-04 10:00:00+00:00,969.94,941.0460191086607,952.3385713379647,92.7318333531457,0.00997701199999964,8,1,0.0824174691218014,take_profit
2021-01-04 11:00:00+00:00,2021-01-04 11:00:00+00:00,965.28,951.04309889736,962.4556160841283,68.38468541971179,0.009977012000000089,5,1,0.032570860268523065,take_profit
2021-01-04 12:00:00+00:00,2021-01-04 12:00:00+00:00,976.97,963.7540693760401,975.3191182085526,62.4838372282411,0.009977012000000025,4,1,0.02134149462112452,take_profit
2021-01-04 13:00:00+00:00,2021-01-04 13:00:00+00:00,1019.48,1004.4437038619682,1016.4970283083118,69.18501695250961,0.009977011999999886,5,1,0.043365245026876484,take_profit
2021-01-04 14:00:00+00:00,2021-01-04 14:00:00+00:00,1012.56,1007.8758603058662,1019.9703706295367,18.46402715895124,0.009977012000000042,2,1,0.010873429722683093,take_profit
2021-01-04 15:00:00+00:00,2021-01-04 15:00:00+00:00,1043.26,1033.7856369148215,1046.1910645577993,37.70412633643173,0.009977012000000103,3,1,0.015557004006671413,take_profit
2021-01-04 16:00:00+00:00,2021-01-04 16:00:00+00:00,1040.0,1019.6290526977607,1031.8646013301338,79.58845850797479,0.0099770120000001,6,1,0.05572115384615389,take_profit
2021-01-04 17:00:00+00:00,2021-01-04 17:00:00+00:00,1010.29,996.6233341350497,1008.5828141446704,63.96908350568174,0.009977011999999875,4,1,0.02448801829177762,take_profit
2021-01-04 18:00:00+00:00,2021-01-04 18:00:00+00:00,999.47,999.4699999999999,1011.4636399999999,5.777637079072861,0.0099770119999999,1,1,0.000550291654576994,take_profit
2021-01-04 19:00:00+00:00,2021-01-04 19:00:00+00:00,1015.09,1015.09,1027.27108,5.78051925679631,0.009977011999999851,1,1,0.0036252943088790784,take_profit
2021-01-04 20:00:00+00:00,2021-01-04 20:00:00+00:00,1042.16,1028.062213722974,1040.3989602876497,64.38855197822704,0.009977011999999794,4,1,0.023700775312811895,take_profit
2021-01-04 21:00:00+00:00,2021-01-04 21:00:00+00:00,1019.69,1005.8961759338101,1017.9669300450158,64.74615762626217,0.009977011999999997,4,1,0.02646882876168248,take_profit
2021-01-04 22:00:00+00:00,2021-01-04 22:00:00+00:00,1006.18,1006.18,1018.25416,5.847821799663052,0.00997701200000011,1,1,0.0029616967143054965,take_profit
2021-01-04 23:00:00+00:00,2021-01-04 23:00:00+00:00,1012.72,1008.0351201399984,1020.1315415816784,19.025736416330346,0.009977012000000151,2,1,0.011483924480606679,take_profit
2021-01-05 00:00:00+00:00,2021-01-05 00:00:00+00:00,1041.45,1041.45,1053.9474,5.860229989103232,0.009977012000000103,1,1,0.0,take_profit
2021-01-05 01:00:00+00:00,2021-01-05 01:00:00+00:00,1095.14,1078.987795589316,1091.9356491363878,71.87791721939266,0.009977011999999792,5,1,0.030334021221031123,take_profit
2021-01-05 02:00:00+00:00,2021-01-05 02:00:00+00:00,1114.46,1098.0228451818666,1111.199119324049,72.31748941367641,0.00997701200000024,5,1,0.041526838109936626,take_profit
2021-01-05 03:00:00+00:00,2021-01-05 03:00:00+00:00,1078.47,1055.280431072793,1067.9437962456664,86.12468272784281,0.009977011999999846,7,1,0.0773966823370145,take_profit
2021-01-05 04:00:00+00:00,2021-01-05 04:00:00+00:00,1001.75,992.6526098761786,1004.5644411946928,39.63224867697454,0.009977011999999914,3,1,0.015722485650112302,take_profit
2021-01-05 05:00:00+00:00,2021-01-05 05:00:00+00:00,1004.05,989.2412807142946,1001.1121760828661,73.5288212268133,0.009977011999999931,5,1,0.02948060355559973,take_profit
2021-01-05 06:00:00+00:00,2021-01-05 06:00:00+00:00,989.9,985.3206862968881,997.1445345324507,19.62329723832363,0.009977012000000117,2,1,0.010980907162339635,take_profit
2021-01-05 07:00:00+00:00,2021-01-05 07:00:00+00:00,1015.16,1005.9408269946609,1018.0121169185969,40.07139243468919,0.009977012000000021,3,1,0.014017494779148133,take_profit
2021-01-05 08:00:00+00:00,2021-01-05 08:00:00+00:00,1003.52,1003.52,1015.56224,6.064277882497436,0.009977011999999955,1,1,9.964923469378693e-06,take_profit
2021-01-05 09:00:00+00:00,2021-01-05 09:00:00+00:00,1026.97,1026.97,1039.29364,6.067303051157751,0.009977012000000061,1,1,0.004420771784959714,take_profit
2021-01-05 10:00:00+00:00,2021-01-05 10:00:00+00:00,1035.85,1021.8375720474234,1034.0996229119924,67.58300431536645,0.009977011999999945,4,1,0.0202828594873774,take_profit
2021-01-05 11:00:00+00:00,2021-01-05 11:00:00+00:00,1028.31,1028.31,1040.64972,6.1040435511777105,0.009977012000000037,1,1,0.004123270220069832,take_profit
2021-01-05 12:00:00+00:00,2021-01-05 12:00:00+00:00,1042.23,1032.7649908572496,1045.1581707475366,40.48773524803164,0.009977012000000078,3,1,0.014353837444709935,take_profit
2021-01-05 13:00:00+00:00,2021-01-05 13:00:00+00:00,1028.98,1024.2199007836873,1036.5105395930916,19.9250259616756,0.0099770120000001,2,1,0.008280044315730123,take_profit
2021-01-05 14:00:00+00:00,2021-01-05 14:00:00+00:00,1023.75,1009.901254412849,1022.0200694658032,68.32777722378887,0.00997701199999996,4,1,0.022222222222222223,take_profit
2021-01-05 15:00:00+00:00,2021-01-05 15:00:00+00:00,1047.94,1043.0921911283574,1055.6092974218977,20.068188621803984,0.00997701200000018,2,1,0.011393782086760744,take_profit
2021-01-05 16:00:00+00:00,2021-01-05 16:00:00+00:00,1052.83,1043.2687269837159,1055.7879517075205,40.979874684218885,0.0099770120000002,3,1,0.015710038657712987,take_profit
2021-01-05 17:00:00+00:00,2021-01-05 17:00:00+00:00,1065.85,1065.85,1078.6401999999998,6.201764714816591,0.009977012000000084,1,1,0.004831824365529731,take_profit
2021-01-05 18:00:00+00:00,2021-01-05 18:00:00+00:00,1081.99,1076.9846745796242,1089.9084906745798,20.177280502459553,0.009977012000000179,2,1,0.011035222136988378,take_profit
2021-01-05 19:00:00+00:00,2021-01-05 19:00:00+00:00,1074.0,1058.1595891510908,1070.8575042209038,76.19036357937239,0.009977012000000025,5,1,0.03165735567970205,take_profit
2021-01-05 20:00:00+00:00,2021-01-05 20:00:00+00:00,1096.36,1086.403409397402,1099.4402503101708,41.454620116393016,0.009977011999999978,3,1,0.01761282790324341,take_profit
2021-01-05 21:00:00+00:00,2021-01-05 21:00:00+00:00,1099.0,1084.13331242952,1097.1429121786741,69.84620456033736,0.009977012000000044,4,1,0.022347588717015417,take_profit
2021-01-05 22:00:00+00:00,2021-01-05 22:00:00+00:00,1082.09,1082.09,1095.0750799999998,6.3084540091068675,0.00997701199999999,1,1,0.0001386206322947847,take_profit
2021-01-05 23:00:00+00:00,2021-01-05 23:00:00+00:00,1108.18,1093.1891302712877,1106.307399834543,70.26915763494071,0.009977011999999888,4,1,0.02442743958562703,take_profit
2021-01-06 00:00:00+00:00,2021-01-06 00:00:00+00:00,1100.16,1083.933755680134,1096.9409607482955,77.80528658081221,0.009977012000000113,5,1,0.03356784467713793,take_profit
2021-01-06 01:00:00+00:00,2021-01-06 01:00:00+00:00,1081.01,1066.3866715827437,1079.1833116417367,71.09154385041256,0.009977012000000025,4,1,0.021970194540291026,take_profit
2021-01-06 02:00:00+00:00,2021-01-06 02:00:00+00:00,1071.81,1071.81,1084.67172,6.4209320698208785,0.009977012000000141,1,1,0.0,take_profit
2021-01-06 03:00:00+00:00,2021-01-06 03:00:00+00:00,1077.47,1067.6849588852372,1080.49717839186,42.589636772552694,0.0099770120000001,3,1,0.015285808421580208,take_profit
2021-01-06 04:00:00+00:00,2021-01-06 04:00:00+00:00,1075.49,1075.49,1088.39588,6.4453810214942,0.00997701200000008,1,1,0.0022873294963226404,take_profit
2021-01-06 05:00:00+00:00,2021-01-06 05:00:00+00:00,1119.17,1102.663377458311,1115.8953379878108,79.05501394516159,0.00997701199999989,5,1,0.029307433187094167,take_profit
2021-01-06 06:00:00+00:00,2021-01-06 06:00:00+00:00,1101.8,1101.8,1115.0216,6.488032944823544,0.00997701200000007,1,1,0.003893628607732768,take_profit
2021-01-06 07:00:00+00:00,2021-01-06 07:00:00+00:00,1113.16,1098.1017634795671,1111.278984641322,72.26946714398582,0.009977011999999967,4,1,0.02015882712278563,take_profit
2021-01-06 08:00:00+00:00,2021-01-06 08:00:00+00:00,1106.61,1096.560324047994,1109.71904793657,43.27372183735224,0.009977011999999945,3,1,0.014006741309042935,take_profit
2021-01-06 09:00:00+00:00,2021-01-06 10:00:00+00:00,1110.85,1100.7618184985806,1113.9709603205636,43.41683646166348,0.00997701199999997,3,2,0.017869199261826448,take_profit
2021-01-06 11:00:00+00:00,2021-01-06 11:00:00+00:00,1114.71,1114.71,1128.08652,6.570566808019066,0.009977011999999945,1,1,0.003319248952642432,take_profit
2021-01-06 12:00:00+00:00,2021-01-06 12:00:00+00:00,1151.88,1136.2979799102052,1149.9335556691276,73.1888025365779,0.009977011999999941,4,1,0.024620620203493527,take_profit
2021-01-06 13:00:00+00:00,2021-01-06 13:00:00+00:00,1143.84,1133.4522198959503,1147.0536465347018,43.82420415895467,0.00997701200000033,3,1,0.019967827668205273,take_profit
2021-01-06 14:00:00+00:00,2021-01-06 14:00:00+00:00,1134.99,1129.739494635928,1143.296368571559,21.56698566288287,0.009977011999999803,2,1,0.009145455026035568,take_profit
2021-01-06 15:00:00+00:00,2021-01-06 15:00:00+00:00,1133.23,1133.23,1146.82876,6.642975251549615,0.009977012,1,1,0.002038421150163643,take_profit
2021-01-06 16:00:00+00:00,2021-01-06 16:00:00+00:00,1144.01,1144.01,1157.73812,6.646289103739605,0.009977011999999955,1,1,0.0,take_profit
2021-01-06 17:00:00+00:00,2021-01-06 17:00:00+00:00,1173.09,1173.09,1187.16708,6.649604609046946,0.009977012000000205,1,1,0.001781619483586015,take_profit
2021-01-06 18:00:00+00:00,2021-01-06 18:00:00+00:00,1192.27,1186.754515255269,1200.9955694383323,21.634315972458353,0.009977012000000082,2,1,0.007171194444211424,take_profit
2021-01-06 19:00:00+00:00,2021-01-06 19:00:00+00:00,1191.77,1174.1926010824911,1188.282912295481,81.69219828865062,0.009977012000000077,5,1,0.035048709062990326,take_profit
2021-01-06 20:00:00+00:00,2021-01-06 20:00:00+00:00,1160.78,1143.6596721553099,1157.3835882211736,82.19179009996697,0.009977011999999978,5,1,0.03805199951756584,take_profit
2021-01-06 21:00:00+00:00,2021-01-06 21:00:00+00:00,1197.33,1181.1331564797426,1195.3067543574996,75.09954023454247,0.009977012000000077,4,1,0.020128118396766065,take_profit
2021-01-06 22:00:00+00:00,2021-01-06 22:00:00+00:00,1181.23,1175.7655867001447,1189.8747737405465,22.05708717702646,0.009977012000000287,2,1,0.0068657247106830395,take_profit
2021-01-06 23:00:00+00:00,2021-01-06 23:00:00+00:00,1178.01,1178.01,1192.14612,6.793934327615602,0.009977012000000098,1,1,0.0020882675019736983,take_profit
2021-01-07 00:00:00+00:00,2021-01-07 00:00:00+00:00,1208.75,1197.7727398930183,1212.1460127717346,45.06373718384384,0.009977011999999955,3,1,0.017166494312306102,take_profit
2021-01-07 01:00:00+00:00,2021-01-07 02:00:00+00:00,1199.8,1188.9040192956716,1203.1708675272196,45.212771737454204,0.009977011999999787,3,2,0.01657776296049331,take_profit
2021-01-07 03:00:00+00:00,2021-01-07 03:00:00+00:00,1196.53,1196.53,1210.88836,6.842357976472499,0.009977011999999966,1,1,0.0023902451254877856,take_profit
2021-01-07 04:00:00+00:00,2021-01-07 12:00:00+00:00,1213.17,1195.276972784384,1209.6202964577967,83.92408508417975,0.009977012000000063,5,9,0.04462688658638121,take_profit
2021-01-07 13:00:00+00:00,2021-01-07 13:00:00+00:00,1226.86,1215.7182739732352,1230.306893260914,45.66248147846363,0.009977011999999971,3,1,0.014557488221964936,take_profit
2021-01-07 14:00:00+00:00,2021-01-07 15:00:00+00:00,1218.01,1218.01,1232.62612,6.910415627335965,0.009977011999999641,1,2,0.0024712440784558343,take_profit
2021-01-07 16:00:00+00:00,2021-01-07 16:00:00+00:00,1249.84,1244.0581943239745,1258.9868926558622,22.48285784983409,0.009977011999999771,2,1,0.008929142930294962,take_profit
2021-01-07 17:00:00+00:00,2021-01-07 18:00:00+00:00,1263.97,1226.3170265921333,1241.032830911239,116.08483406657069,0.009977012000000098,8,2,0.10520028165225442,take_profit
2021-01-07 19:00:00+00:00,2021-01-07 19:00:00+00:00,1223.25,1205.2083030065844,1219.6708026426634,85.60625378137411,0.009977012000000044,5,1,0.043531575720416923,take_profit
2021-01-07 20:00:00+00:00,2021-01-07 20:00:00+00:00,1234.23,1228.5204067564484,1243.2626516375258,22.846510189920537,0.009977012000000021,2,1,0.008766599418260726,take_profit
2021-01-07 21:00:00+00:00,2021-01-07 21:00:00+00:00,1242.9,1242.9,1257.8148,7.037089194949999,0.009977011999999981,1,1,0.002671172258428002,take_profit
2021-01-07 22:00:00+00:00,2021-01-07 22:00:00+00:00,1254.25,1242.859531756623,1257.7738461377025,46.67656805740626,0.00997701199999997,3,1,0.013553916683276858,take_profit
2021-01-07 23:00:00+00:00,2021-01-07 23:00:00+00:00,1245.4,1227.031612969058,1241.7559923246868,86.59798882842915,0.009977011999999865,5,1,0.03528986670949096,take_profit
2021-01-08 00:00:00+00:00,2021-01-08 00:00:00+00:00,1224.86,1206.794557139297,1221.2760918249685,87.12758219232092,0.009977012000000122,5,1,0.0346243652335776,take_profit
2021-01-08 01:00:00+00:00,2021-01-08 01:00:00+00:00,1183.42,1172.6727742247745,1186.7448475154717,47.40548084771581,0.009977011999999988,3,1,0.01979009988000885,take_profit
2021-01-08 02:00:00+00:00,2021-01-08 02:00:00+00:00,1184.52,1149.2337985386632,1163.0246041211271,120.26077585268831,0.009977011999999962,8,1,0.10090163104042142,take_profit
2021-01-08 03:00:00+00:00,2021-01-08 03:00:00+00:00,1111.57,1111.57,1124.90884,7.2341878031924125,0.009977012000000098,1,1,0.005361785582554438,take_profit
2021-01-08 04:00:00+00:00,2021-01-08 04:00:00+00:00,1150.1,1144.779595221791,1158.5169503644524,23.536242218888674,0.009977011999999875,2,1,0.00704286583775316,take_profit
2021-01-08 05:00:00+00:00,2021-01-08 05:00:00+00:00,1168.91,1153.0976071264697,1166.9347784119873,80.71151917747102,0.009977011999999914,4,1,0.02282468282416958,take_profit
2021-01-08 06:00:00+00:00,2021-01-08 06:00:00+00:00,1148.29,1137.861807232061,1151.5161489188458,48.328678319951905,0.009977011999999955,3,1,0.0199252801992527,take_profit
2021-01-08 07:00:00+00:00,2021-01-08 07:00:00+00:00,1175.22,1169.7833891805524,1183.820789850719,23.783749926227756,0.009977011999999884,2,1,0.007521995881622095,take_profit
2021-01-08 08:00:00+00:00,2021-01-08 08:00:00+00:00,1208.2,1191.856112900224,1206.1583862550267,81.56028351638815,0.009977012000000122,4,1,0.021908624399933806,take_profit
2021-01-08 09:00:00+00:00,2021-01-08 09:00:00+00:00,1199.99,1194.4388022521496,1208.7720678791754,23.9546377792135,0.009977012000000151,2,1,0.01166676388969908,take_profit
2021-01-08 10:00:00+00:00,2021-01-08 10:00:00+00:00,1221.51,1221.51,1236.16812,7.3784101503349575,0.009977011999999896,1,1,0.004322518849620529,take_profit
2021-01-08 11:00:00+00:00,2021-01-08 11:00:00+00:00,1251.47,1245.680653884197,1260.6288217308074,24.005465881320106,0.009977012000000084,2,1,0.009165221699281667,take_profit
2021-01-08 12:00:00+00:00,2021-01-08 12:00:00+00:00,1255.24,1238.2597807952964,1253.11889816484,82.32060164172617,0.009977012000000212,4,1,0.024186609732003362,take_profit
2021-01-08 13:00:00+00:00,2021-01-08 13:00:00+00:00,1249.91,1233.001882200893,1247.7979047873039,82.77779956266204,0.009977012000000009,4,1,0.022633629621332887,take_profit
2021-01-08 14:00:00+00:00,2021-01-08 15:00:00+00:00,1250.0,1225.5156883386544,1240.2218765987182,104.28228982619657,0.009977011999999643,6,2,0.06262399999999997,take_profit
2021-01-08 16:00:00+00:00,2021-01-08 16:00:00+00:00,1216.93,1211.3004371908999,1225.8360424371906,24.481393457013837,0.009977011999999758,2,1,0.012268577485968843,take_profit
2021-01-08 17:00:00+00:00,2021-01-08 17:00:00+00:00,1227.22,1216.0750046341345,1230.667904689744,49.99177827506992,0.009977011999999999,3,1,0.014650999820733054,take_profit
2021-01-08 18:00:00+00:00,2021-01-08 18:00:00+00:00,1215.59,1197.6612802385234,1212.0332156013858,92.7486239188238,0.009977011999999768,5,1,0.03503648434093726,take_profit
2021-01-08 19:00:00+00:00,2021-01-08 19:00:00+00:00,1182.55,1182.55,1196.7405999999999,7.6118654281661975,0.009977011999999855,1,1,0.0024692402012598583,take_profit
2021-01-08 20:00:00+00:00,2021-01-08 20:00:00+00:00,1184.75,1167.2761389634588,1181.2834526310203,93.36238238913211,0.009977012000000065,5,1,0.03510445241612148,take_profit
2021-01-08 21:00:00+00:00,2021-01-08 21:00:00+00:00,1146.34,1141.036989119683,1154.7294329891192,24.91645792672898,0.0099770119999997,2,1,0.009447458869096367,take_profit
2021-01-08 22:00:00+00:00,2021-01-08 22:00:00+00:00,1193.63,1177.4832081121456,1191.6130066094913,85.44461571584179,0.009977012000000129,4,1,0.022888164674145388,take_profit
2021-01-08 23:00:00+00:00,2021-01-08 23:00:00+00:00,1216.85,1211.2208072738338,1225.7554569611198,25.095484363363994,0.00997701200000001,2,1,0.006960594978838641,take_profit
2021-01-09 00:00:00+00:00,2021-01-09 00:00:00+00:00,1216.72,1198.7746138844643,1213.1599092510778,94.76173350576391,0.009977011999999652,5,1,0.02768097836807159,take_profit
2021-01-09 01:00:00+00:00,2021-01-09 01:00:00+00:00,1197.91,1181.705310548177,1195.8857742747552,86.58483541307214,0.009977012000000177,4,1,0.022163601606130828,take_profit
2021-01-09 02:00:00+00:00,2021-01-09 02:00:00+00:00,1198.26,1187.3780048018266,1201.6265408594486,51.845519706587766,0.009977011999999898,3,1,0.017425266636623006,take_profit
2021-01-09 03:00:00+00:00,2021-01-09 03:00:00+00:00,1199.66,1199.66,1214.05592,7.8461370908356685,0.009977011999999884,1,1,0.0062934498107798725,take_profit
2021-01-09 04:00:00+00:00,2021-01-09 10:00:00+00:00,1226.53,1208.4399263328555,1222.9412054488498,96.23581213634316,0.009977011999999756,5,7,0.043113499058318905,take_profit
2021-01-09 11:00:00+00:00,2021-01-09 11:00:00+00:00,1218.39,1218.39,1233.01068,7.898058433656843,0.009977011999999917,1,1,0.0031927379574685443,take_profit
2021-01-09 12:00:00+00:00,2021-01-09 14:00:00+00:00,1220.65,1215.0032283344747,1229.5832670744883,25.696128081089228,0.009977011999999792,2,3,0.00790562405275885,take_profit
2021-01-09 15:00:00+00:00,2021-01-09 16:00:00+00:00,1223.17,1206.6236067010152,1221.1030899814275,88.11829497315375,0.009977012000000033,4,2,0.023782466868873618,take_profit
2021-01-09 17:00:00+00:00,2021-01-09 17:00:00+00:00,1200.89,1200.89,1215.30068,7.9587747780745985,0.009977011999999955,1,1,0.00048297512678109947,take_profit
2021-01-09 18:00:00+00:00,2021-01-09 20:00:00+00:00,1222.51,1222.51,1237.18012,7.962745017647876,0.009977011999999917,1,3,0.004065406417943434,take_profit
2021-01-09 21:00:00+00:00,2021-01-09 21:00:00+00:00,1271.14,1265.259659742829,1280.442775659743,25.90658420284717,0.009977011999999952,2,1,0.007583743726104205,take_profit
2021-01-09 22:00:00+00:00,2021-01-09 22:00:00+00:00,1287.95,1281.991896066347,1297.375798819143,25.948609559271063,0.009977011999999785,2,1,0.009029853643386862,take_profit
2021-01-09 23:00:00+00:00,2021-01-09 23:00:00+00:00,1286.65,1274.9652912375198,1290.26487473237,52.98787987338983,0.009977012000000044,3,1,0.015388800373061968,take_profit
2021-01-10 00:00:00+00:00,2021-01-10 00:00:00+00:00,1276.0,1276.0,1291.3120000000001,8.019018267966771,0.009977012000000262,1,1,0.00170846394984331,take_profit
2021-01-10 01:00:00+00:00,2021-01-10 01:00:00+00:00,1289.85,1289.85,1305.3282,8.023018560040896,0.009977011999999938,1,1,0.003589564678063249,take_profit
2021-01-10 02:00:00+00:00,2021-01-10 02:00:00+00:00,1323.5,1317.3774404626038,1333.185969748155,26.10268260832754,0.009977011999999917,2,1,0.010253116735927418,take_profit
2021-01-10 03:00:00+00:00,2021-01-10 03:00:00+00:00,1337.99,1319.8903828003397,1335.7290673939438,89.51246967685802,0.009977011999999908,4,1,0.0250226085396752,take_profit
2021-01-10 04:00:00+00:00,2021-01-10 04:00:00+00:00,1310.91,1310.91,1326.64092,8.08469553575003,0.009977012000000049,1,1,0.003592923999359251,take_profit
2021-01-10 05:00:00+00:00,2021-01-10 05:00:00+00:00,1318.69,1312.5896916990034,1328.3407679993916,26.303347047669376,0.009977012000000157,2,1,0.009820352016015929,take_profit
2021-01-10 06:00:00+00:00,2021-01-10 07:00:00+00:00,1315.54,1315.54,1331.32648,8.101850031425556,0.009977012,1,2,0.0015658968940510706,take_profit
2021-01-10 08:00:00+00:00,2021-01-10 13:00:00+00:00,1344.77,1304.7100388856563,1320.3665593522842,135.87876141309243,0.0099770119999999,8,6,0.08014009830677364,take_profit
2021-01-10 14:00:00+00:00,2021-01-10 14:00:00+00:00,1309.77,1292.0521279534232,1307.5567534888644,91.00024661694079,0.009977011999999983,4,1,0.020400528337036296,take_profit
2021-01-10 15:00:00+00:00,2021-01-10 15:00:00+00:00,1296.24,1284.4681996764639,1299.8818180725814,54.48939247588714,0.009977011999999768,3,1,0.015614392396469796,take_profit
2021-01-10 16:00:00+00:00,2021-01-10 16:00:00+00:00,1303.4,1303.4,1319.0408000000002,8.246252439588261,0.009977011999999999,1,1,0.005562375326070277,take_profit
2021-01-10 17:00:00+00:00,2021-01-10 17:00:00+00:00,1297.38,1278.2449606823484,1293.5839002105365,101.1433768512652,0.009977011999999926,5,1,0.037606560915075145,take_profit
2021-01-10 18:00:00+00:00,2021-01-10 18:00:00+00:00,1300.81,1283.2133340686476,1298.6118940774713,92.41581294263597,0.009977011999999843,4,1,0.021378986938907257,take_profit
2021-01-10 19:00:00+00:00,2021-01-10 19:00:00+00:00,1283.64,1266.2756006979337,1281.4709079063089,92.92907835489677,0.009977011999999938,4,1,0.022132373562681187,take_profit
2021-01-10 20:00:00+00:00,2021-01-10 20:00:00+00:00,1263.32,1236.1557337551167,1250.9896025601781,121.7958321913793,0.009977012000000141,7,1,0.07386885349713448,take_profit
2021-01-10 21:00:00+00:00,2021-01-10 21:00:00+00:00,1258.33,1258.33,1273.42996,8.454038855990689,0.009977012000000033,1,1,0.0037589503548353916,take_profit
2021-01-10 22:00:00+00:00,2021-01-10 22:00:00+00:00,1270.59,1264.7122040629993,1279.8887505117552,27.504995951956516,0.00997701200000017,2,1,0.007138416011459194,take_profit
2021-01-10 23:00:00+00:00,2021-01-10 23:00:00+00:00,1273.08,1261.5185271586379,1276.6567494845415,56.166070019715335,0.009977011999999934,3,1,0.014838030602947083,take_profit
2021-01-11 00:00:00+00:00,2021-01-11 00:00:00+00:00,1254.24,1235.7412319337652,1250.5701267169704,104.2036487798814,0.00997701200000007,5,1,0.040789641535910255,take_profit
2021-01-11 01:00:00+00:00,2021-01-11 01:00:00+00:00,1219.04,1202.5494751447516,1216.9800688464886,95.21201697411198,0.009977011999999993,4,1,0.025331408321301912,take_profit
2021-01-11 02:00:00+00:00,2021-01-11 02:00:00+00:00,1208.26,1190.439390305118,1204.7246629887793,105.42318302851163,0.009977011999999888,5,1,0.030672206313210687,take_profit
2021-01-11 03:00:00+00:00,2021-01-11 03:00:00+00:00,1186.11,1142.1875594136873,1155.8938101266515,154.77582161675855,0.009977012000000044,10,1,0.14770974024331635,take_profit
2021-01-11 04:00:00+00:00,2021-01-11 04:00:00+00:00,1105.02,1088.7220756086945,1101.7867405159989,107.01444014678054,0.009977012000000115,5,1,0.049790954009882156,take_profit
2021-01-11 05:00:00+00:00,2021-01-11 05:00:00+00:00,1114.0,1097.569629715377,1110.7404652719615,107.66889111162163,0.009977012000000082,5,1,0.03063734290843816,take_profit
2021-01-11 06:00:00+00:00,2021-01-11 06:00:00+00:00,1094.18,1070.6526301809308,1083.500461743102,128.22553937959856,0.009977011999999688,7,1,0.072364693194904,take_profit
2021-01-11 07:00:00+00:00,2021-01-11 07:00:00+00:00,1027.93,1018.5948562715454,1030.817994546804,59.00592376624991,0.009977011999999974,3,1,0.016372710204002258,take_profit
2021-01-11 08:00:00+00:00,2021-01-11 08:00:00+00:00,1071.98,1067.0209812067262,1079.825232981207,29.038289144422833,0.009977012000000016,2,1,0.00837702195936493,take_profit
2021-01-11 09:00:00+00:00,2021-01-11 09:00:00+00:00,1108.69,1093.6922312624972,1106.8165380376472,99.57938099736566,0.009977011999999912,4,1,0.022016974988500013,take_profit
2021-01-11 10:00:00+00:00,2021-01-11 10:00:00+00:00,1135.3,1119.9422653332426,1133.3815725172415,100.13243193543167,0.009977011999999756,4,1,0.02294547696644055,take_profit
2021-01-11 11:00:00+00:00,2021-01-11 11:00:00+00:00,1112.01,1095.6089801973037,1108.7562879596715,110.87129581436966,0.009977012000000177,5,1,0.04302119585255521,take_profit
2021-01-11 12:00:00+00:00,2021-01-11 12:00:00+00:00,1067.65,1051.90324521151,1064.5260841540482,111.54933352983426,0.009977012000000103,5,1,0.02716245960754929,take_profit
2021-01-11 13:00:00+00:00,2021-01-11 13:00:00+00:00,1073.3,1057.4699134412156,1070.1595524025101,112.23151781128217,0.009977012000000158,5,1,0.0444144228081616,take_profit
2021-01-11 14:00:00+00:00,2021-01-11 14:00:00+00:00,1026.24,1004.1734954000972,1016.2235773448983,133.6592841085694,0.00997701199999989,7,1,0.07429061428125976,take_profit
2021-01-11 15:00:00+00:00,2021-01-11 15:00:00+00:00,1038.53,1018.1878462482742,1030.4061004032535,129.40393850794499,0.00997701199999985,6,1,0.06287733623487039,take_profit
2021-01-11 16:00:00+00:00,2021-01-11 16:00:00+00:00,977.21,958.0689486411331,969.5657760248267,130.30433655644083,0.009977011999999728,6,1,0.06366083032306263,take_profit
2021-01-11 17:00:00+00:00,2021-01-11 17:00:00+00:00,963.57,949.3583196632368,960.7506194991956,115.3235286025465,0.009977011999999907,5,1,0.046846622456074904,take_profit
2021-01-11 18:00:00+00:00,2021-01-11 18:00:00+00:00,998.15,989.0853032671902,1000.9543269063964,62.74668926760387,0.009977012000000056,3,1,0.015428542804187725,take_profit
2021-01-11 19:00:00+00:00,2021-01-11 19:00:00+00:00,993.52,978.8665875357461,990.6129865861751,116.41252393565264,0.009977012000000044,5,1,0.04883646026250099,take_profit
2021-01-11 20:00:00+00:00,2021-01-11 20:00:00+00:00,984.15,970.836942154242,982.4869854600929,106.36740013177405,0.009977011999999898,4,1,0.026571152771427096,take_profit
2021-01-11 21:00:00+00:00,2021-01-11 21:00:00+00:00,1019.99,1010.7269633617207,1022.8556869220613,63.69098137522178,0.009977012000000026,3,1,0.01371582074334063,take_profit
2021-01-11 22:00:00+00:00,2021-01-11 22:00:00+00:00,1032.05,1027.2756988510996,1039.6030072373128,31.343923033768533,0.009977012000000125,2,1,0.009398769439465077,take_profit
2021-01-11 23:00:00+00:00,2021-01-11 23:00:00+00:00,1057.86,1057.86,1070.55432,9.654427756130076,0.009977012000000108,1,1,0.00018906093433896558,take_profit
2021-01-12 00:00:00+00:00,2021-01-12 00:00:00+00:00,1087.0,1070.9678523344837,1083.8194665624976,118.41517489007856,0.009977012000000052,5,1,0.04476540938362473,take_profit
2021-01-12 01:00:00+00:00,2021-01-12 01:00:00+00:00,1061.87,1052.2266302462867,1064.8533498092422,64.42883142263236,0.009977012000000014,3,1,0.019550415775942433,take_profit
2021-01-12 02:00:00+00:00,2021-01-12 02:00:00+00:00,1055.12,1050.2389761850413,1062.841843899262,31.70703747473226,0.009977012000000092,2,1,0.010472742436879175,take_profit
2021-01-12 03:00:00+00:00,2021-01-12 03:00:00+00:00,1069.27,1069.27,1082.10124,9.766272790132803,0.009977012000000037,1,1,0.006228548448941878,take_profit
2021-01-12 04:00:00+00:00,2021-01-12 04:00:00+00:00,1088.72,1083.6835413528113,1096.687743849045,31.774314991224855,0.009977012000000045,2,1,0.011453817326769075,take_profit
2021-01-12 05:00:00+00:00,2021-01-12 05:00:00+00:00,1095.25,1095.25,1108.393,9.786995337271946,0.0099770120000001,1,1,0.00292170737274599,take_profit
2021-01-12 06:00:00+00:00,2021-01-12 06:00:00+00:00,1129.6,1129.6,1143.1552,9.79187758576802,0.009977011999999976,1,1,0.005754249291784703,take_profit
2021-01-12 07:00:00+00:00,2021-01-12 07:00:00+00:00,1138.0,1132.7355702655404,1146.328397108727,31.85761952912617,0.009977012000000009,2,1,0.013181019332161687,take_profit
2021-01-12 08:00:00+00:00,2021-01-12 08:00:00+00:00,1139.25,1122.4472178215826,1135.9165844354416,120.2958750760099,0.009977012000000054,5,1,0.02987930656133418,take_profit
2021-01-12 09:00:00+00:00,2021-01-12 09:00:00+00:00,1116.8,1111.633642243019,1124.9732459499353,32.1044411398766,0.009977012000000016,2,1,0.008595988538681867,take_profit
2021-01-12 10:00:00+00:00,2021-01-12 10:00:00+00:00,1114.89,1098.4465031179325,1111.6278611553478,121.22788512860643,0.00997701200000018,5,1,0.04389670729847792,take_profit
2021-01-12 11:00:00+00:00,2021-01-12 11:00:00+00:00,1084.49,1084.49,1097.50388,9.949154054811174,0.009977012000000047,1,1,0.0002305231030253852,take_profit
2021-01-12 12:00:00+00:00,2021-01-12 12:00:00+00:00,1099.15,1089.1680720193679,1102.2380888836003,65.99211030127026,0.009977012000000129,3,1,0.014875130782877801,take_profit
2021-01-12 13:00:00+00:00,2021-01-12 13:00:00+00:00,1086.82,1065.531968320173,1078.3183519400152,139.30067721769228,0.009977012000000169,6,1,0.05739680903921522,take_profit
2021-01-12 14:00:00+00:00,2021-01-12 14:00:00+00:00,1025.71,1016.3950171960024,1028.5917574023545,66.67105352390172,0.009977011999999947,3,1,0.01889422936307533,take_profit
2021-01-12 15:00:00+00:00,2021-01-12 15:00:00+00:00,1035.7,1035.7,1048.1284,10.089786521563383,0.009977011999999981,1,1,0.00017379550062765633,take_profit
2021-01-12 16:00:00+00:00,2021-01-12 16:00:00+00:00,1053.54,1053.54,1066.18248,10.094819817623488,0.009977011999999934,1,1,0.0007118856426903583,take_profit
2021-01-12 17:00:00+00:00,2021-01-12 17:00:00+00:00,1106.8,1101.6799026097542,1114.9000614410713,32.84323421611816,0.00997701200000012,2,1,0.009550054210336048,take_profit
2021-01-12 18:00:00+00:00,2021-01-12 18:00:00+00:00,1117.65,1102.531025147273,1115.7613974490405,112.6274663402728,0.00997701200000015,4,1,0.024050463025097397,take_profit
2021-01-12 19:00:00+00:00,2021-01-12 19:00:00+00:00,1104.39,1088.1013674698072,1101.158583879445,124.70638030130613,0.009977011999999962,5,1,0.04006736750604405,take_profit
2021-01-12 20:00:00+00:00,2021-01-12 20:00:00+00:00,1082.76,1068.112998513364,1080.9303544955242,113.94558767428134,0.009977011999999869,4,1,0.021482138239314337,take_profit
2021-01-12 21:00:00+00:00,2021-01-12 21:00:00+00:00,1080.73,1064.7903284760316,1077.567812417744,126.1658656799973,0.009977012000000052,5,1,0.02678744922413558,take_profit
2021-01-12 22:00:00+00:00,2021-01-12 22:00:00+00:00,1077.73,1061.8345754337104,1074.576590338915,126.93743793147041,0.009977011999999948,5,1,0.03408089224573874,take_profit
2021-01-12 23:00:00+00:00,2021-01-12 23:00:00+00:00,1052.91,1038.6667934396412,1051.130794960917,115.98412950502097,0.00997701199999991,4,1,0.026507488769220617,take_profit
2021-01-13 00:00:00+00:00,2021-01-13 00:00:00+00:00,1050.36,1029.786126722711,1042.1435602433837,146.1151501028562,0.009977012000000202,6,1,0.05986518907803028,take_profit
2021-01-13 01:00:00+00:00,2021-01-13 01:00:00+00:00,991.31,991.3100000000001,1003.20572,10.548484565978015,0.009977012000000233,1,1,0.0014929739435695238,take_profit
2021-01-13 02:00:00+00:00,2021-01-13 02:00:00+00:00,1031.17,1021.805432219635,1034.0670974062707,69.96743171874277,0.009977012000000108,3,1,0.015652123316233113,take_profit
2021-01-13 03:00:00+00:00,2021-01-13 03:00:00+00:00,1030.73,1030.73,1043.09876,10.588649979125876,0.009977011999999928,1,1,0.002027689113540809,take_profit
2021-01-13 04:00:00+00:00,2021-01-13 04:00:00+00:00,1046.72,1031.2819414862472,1043.6573247840822,129.8737605998358,0.009977012000000117,5,1,0.026855319474166934,take_profit
2021-01-13 05:00:00+00:00,2021-01-13 05:00:00+00:00,1023.58,1018.8448813817241,1031.0710199583048,34.66057751487551,0.009977012000000004,2,1,0.012495359424764138,take_profit
2021-01-13 06:00:00+00:00,2021-01-13 06:00:00+00:00,1036.24,1036.24,1048.67488,10.676010186810345,0.009977011999999992,1,1,0.004217169767621515,take_profit
2021-01-13 07:00:00+00:00,2021-01-13 07:00:00+00:00,1044.49,1044.49,1057.02388,10.681335920897709,0.009977012000000054,1,1,0.0020296987046310813,take_profit
2021-01-13 08:00:00+00:00,2021-01-13 08:00:00+00:00,1076.33,1061.7699801339993,1074.5112198956074,118.97819600393632,0.009977012000000203,4,1,0.020244720485352974,take_profit
2021-01-13 09:00:00+00:00,2021-01-13 09:00:00+00:00,1059.55,1059.55,1072.2646,10.746016656193888,0.009977011999999829,1,1,0.005436270114671314,take_profit
2021-01-13 10:00:00+00:00,2021-01-13 10:00:00+00:00,1060.2,1060.2,1072.9224000000002,10.751377313050625,0.009977012,1,1,9.43218260706814e-05,take_profit
2021-01-13 11:00:00+00:00,2021-01-13 11:00:00+00:00,1079.61,1065.0056100382474,1077.7856773587064,119.75837917069111,0.009977011999999988,4,1,0.021869008252980153,take_profit
2021-01-13 12:00:00+00:00,2021-01-13 12:00:00+00:00,1061.64,1051.9987189907129,1064.6227036186015,71.70927077128727,0.009977012000000124,3,1,0.015607927357673187,take_profit
2021-01-13 13:00:00+00:00,2021-01-13 13:00:00+00:00,1057.58,1057.58,1070.2709599999998,10.852254396128046,0.009977011999999848,1,1,0.005947540611584905,take_profit
2021-01-13 14:00:00+00:00,2021-01-13 14:00:00+00:00,1067.2,1057.508225864595,1070.1983245749702,71.98231781127379,0.009977012000000125,3,1,0.015001874062968507,take_profit
2021-01-13 15:00:00+00:00,2021-01-13 15:00:00+00:00,1055.99,1055.99,1068.66188,10.893576472174573,0.009977011999999959,1,1,0.006231119612875053,take_profit
2021-01-13 16:00:00+00:00,2021-01-13 17:00:00+00:00,1071.14,1066.1848670775319,1078.9790854824623,35.44196825605559,0.00997701199999983,2,2,0.009671938308717933,take_profit
2021-01-13 18:00:00+00:00,2021-01-13 18:00:00+00:00,1074.47,1074.47,1087.36364,10.916690986463664,0.009977012000000035,1,1,0.0027641534896274697,take_profit
2021-01-13 19:00:00+00:00,2021-01-13 20:00:00+00:00,1103.51,1098.4051222704102,1111.5859837376552,35.517170728245674,0.009977012000000196,2,2,0.011110003534177298,take_profit
2021-01-13 21:00:00+00:00,2021-01-13 21:00:00+00:00,1110.87,1105.7310746404928,1118.9998475361788,35.57478626518105,0.009977011999999872,2,1,0.00794872487329744,take_profit
2021-01-13 22:00:00+00:00,2021-01-13 22:00:00+00:00,1126.89,1116.6561512786295,1130.0560250939732,72.64483658884274,0.009977012000000117,3,1,0.016603217705366127,take_profit
2021-01-13 23:00:00+00:00,2021-01-13 23:00:00+00:00,1118.23,1118.23,1131.64876,10.993839970032923,0.009977012000000084,1,1,0.0,take_profit
2021-01-14 00:00:00+00:00,2021-01-14 00:00:00+00:00,1129.79,1129.79,1143.34748,10.999324253697978,0.009977011999999813,1,1,0.0010621442923021496,take_profit
2021-01-14 01:00:00+00:00,2021-01-14 07:00:00+00:00,1133.99,1117.2647974873794,1130.6719750572279,134.91083449740108,0.009977012000000153,5,7,0.04170230778049186,take_profit
2021-01-14 08:00:00+00:00,2021-01-14 08:00:00+00:00,1147.85,1147.85,1161.6242,11.072111623937417,0.009977012000000136,1,1,2.613581914010778e-05,take_profit
2021-01-14 09:00:00+00:00,2021-01-14 10:00:00+00:00,1157.01,1151.6576293083772,1165.4775208600777,36.02282773756133,0.00997701200000005,2,2,0.013163239729993706,take_profit
2021-01-14 11:00:00+00:00,2021-01-14 13:00:00+00:00,1168.85,1158.2350916433957,1172.1339127431165,73.55975141934687,0.009977012000000058,3,3,0.018257261410788313,take_profit
2021-01-14 14:00:00+00:00,2021-01-14 14:00:00+00:00,1193.41,1193.41,1207.7309200000002,11.132300288826173,0.009977012000000058,1,1,0.005086265407529821,take_profit
2021-01-14 15:00:00+00:00,2021-01-14 15:00:00+00:00,1208.39,1202.799943544092,1217.233542866621,36.21864999628497,0.00997701199999993,2,1,0.01151945977705879,take_profit
2021-01-14 16:00:00+00:00,2021-01-14 16:00:00+00:00,1212.99,1212.99,1227.5458800000001,11.155921338786584,0.00997701200000016,1,1,0.00023083454933674037,take_profit
2021-01-14 17:00:00+00:00,2021-01-14 17:00:00+00:00,1225.18,1219.5122723883437,1234.146419657004,36.295500469131184,0.009977012000000068,2,1,0.006978566414730859,take_profit
2021-01-14 18:00:00+00:00,2021-01-14 18:00:00+00:00,1219.35,1213.70924218215,1228.273753088336,36.35437860342654,0.00997701200000022,2,1,0.013244761553286476,take_profit
2021-01-14 19:00:00+00:00,2021-01-14 19:00:00+00:00,1210.23,1210.23,1224.75276,11.19772791260516,0.009977012000000065,1,1,3.3051568710049843e-05,take_profit
2021-01-14 20:00:00+00:00,2021-01-14 20:00:00+00:00,1231.2,1214.5449811312328,1229.1195209048076,124.7302281522716,0.009977011999999763,4,1,0.020029239766081938,take_profit
2021-01-14 21:00:00+00:00,2021-01-14 21:00:00+00:00,1206.77,1188.9713662940983,1203.2390226896275,138.10712228962439,0.009977012000000058,5,1,0.03570688697929176,take_profit
2021-01-14 22:00:00+00:00,2021-01-14 22:00:00+00:00,1188.41,1182.9123717568289,1197.107320217911,36.85788873262254,0.00997701200000013,2,1,0.008826920002356096,take_profit
2021-01-14 23:00:00+00:00,2021-01-14 23:00:00+00:00,1200.73,1200.73,1215.13876,11.35281705577222,0.009977011999999948,1,1,0.0023319147518592476,take_profit
2021-01-15 00:00:00+00:00,2021-01-15 00:00:00+00:00,1231.89,1231.89,1246.6726800000001,11.358480415372242,0.009977012,1,1,0.005373856431986718,take_profit
2021-01-15 01:00:00+00:00,2021-01-15 01:00:00+00:00,1237.1,1231.3771300311953,1246.1536555915698,36.954521166389895,0.009977012000000124,2,1,0.010249777705925016,take_profit
2021-01-15 02:00:00+00:00,2021-01-15 02:00:00+00:00,1230.61,1224.9171530092062,1239.6161588453167,37.014468356313955,0.009977011999999955,2,1,0.010653253264641033,take_profit
2021-01-15 03:00:00+00:00,2021-01-15 03:00:00+00:00,1239.62,1221.3368621075185,1235.9929044528087,139.7683796595411,0.009977012000000113,5,1,0.031154708701053465,take_profit
2021-01-15 04:00:00+00:00,2021-01-15 05:00:00+00:00,1219.08,1201.0998062777576,1215.5130039530907,140.62313861353869,0.009977012000000108,5,2,0.027955507431833785,take_profit
2021-01-15 06:00:00+00:00,2021-01-15 06:00:00+00:00,1185.36,1179.8764811686826,1194.0349989427068,37.529360617480506,0.009977011999999846,2,1,0.008394074374029678,take_profit
2021-01-15 07:00:00+00:00,2021-01-15 07:00:00+00:00,1200.46,1194.906628014913,1209.2455075510918,37.59024030520777,0.00997701200000008,2,1,0.009396398047415135,take_profit
2021-01-15 08:00:00+00:00,2021-01-15 08:00:00+00:00,1240.99,1224.2025472173884,1238.8929777839971,128.90610884538728,0.009977011999999924,4,1,0.020870434088912957,take_profit
2021-01-15 09:00:00+00:00,2021-01-15 09:00:00+00:00,1217.59,1211.9573840066955,1226.500872614776,37.86032872603619,0.009977012000000098,2,1,0.010340098062566151,take_profit
2021-01-15 10:00:00+00:00,2021-01-15 12:00:00+00:00,1232.22,1214.0460046031255,1228.614556658363,142.9623883416607,0.0099770119999999,5,3,0.02949960234373743,take_profit
2021-01-15 13:00:00+00:00,2021-01-15 14:00:00+00:00,1221.71,1203.6910164448595,1218.135308642198,143.83668037980533,0.009977012000000292,5,2,0.031112129719818932,take_profit
2021-01-15 15:00:00+00:00,2021-01-15 15:00:00+00:00,1196.48,1173.0440086267467,1187.1205367302678,164.65306889733256,0.009977012000000172,6,1,0.058538379245787614,take_profit
2021-01-15 16:00:00+00:00,2021-01-15 16:00:00+00:00,1141.66,1119.297792598967,1132.7293661101546,165.79873187810153,0.009977012000000163,6,1,0.0632762819052958,take_profit
2021-01-15 17:00:00+00:00,2021-01-15 17:00:00+00:00,1165.39,1148.2016793303442,1161.9800994823083,146.73721000626756,0.009977012000000158,5,1,0.02859128703695772,take_profit
2021-01-15 18:00:00+00:00,2021-01-15 18:00:00+00:00,1154.53,1137.5018533171403,1151.151875556946,147.63458711289786,0.009977012000000058,5,1,0.028842905771179577,take_profit
2021-01-15 19:00:00+00:00,2021-01-15 19:00:00+00:00,1139.24,1133.9698339800652,1147.5774719878261,39.400568882193056,0.00997701200000003,2,1,0.008944559530915394,take_profit
2021-01-15 20:00:00+00:00,2021-01-15 20:00:00+00:00,1133.75,1123.4538522057576,1136.9352984322268,80.45720546621396,0.009977012000000137,3,1,0.019607497243660434,take_profit
2021-01-15 21:00:00+00:00,2021-01-15 21:00:00+00:00,1136.5,1136.5,1150.138,12.176139184370413,0.00997701199999987,1,1,0.004214694236691565,take_profit
2021-01-15 22:00:00+00:00,2021-01-15 22:00:00+00:00,1159.0,1159.0,1172.908,12.182213258708089,0.009977011999999764,1,1,0.006643658326143266,take_profit
2021-01-15 23:00:00+00:00,2021-01-16 00:00:00+00:00,1162.9,1162.9,1176.8548,12.188290363101714,0.009977011999999922,1,2,0.005039126322125829,take_profit
2021-01-16 01:00:00+00:00,2021-01-16 01:00:00+00:00,1188.46,1177.667003477358,1191.7990075190864,80.84415997526503,0.009977011999999924,3,1,0.014371539639533453,take_profit
2021-01-16 02:00:00+00:00,2021-01-16 02:00:00+00:00,1178.24,1167.5398163818406,1181.5502941784227,81.11152735415817,0.00997701199999991,3,1,0.016898085279739343,take_profit
2021-01-16 03:00:00+00:00,2021-01-16 03:00:00+00:00,1163.52,1163.52,1177.48224,12.275162190860101,0.00997701199999999,1,1,0.004941900440044005,take_profit
2021-01-16 04:00:00+00:00,2021-01-16 05:00:00+00:00,1179.23,1163.2780036544705,1177.2373396983241,136.73164704677947,0.009977012000000215,4,2,0.02328638179150805,take_profit
2021-01-16 06:00:00+00:00,2021-01-16 07:00:00+00:00,1164.12,1164.12,1178.08944,12.349494327052525,0.009977012000000106,1,2,0.0009792804865476692,take_profit
2021-01-16 08:00:00+00:00,2021-01-16 08:00:00+00:00,1182.88,1182.88,1197.07456,12.355654879707117,0.00997701199999998,1,1,0.00497091843635881,take_profit
2021-01-16 09:00:00+00:00,2021-01-16 10:00:00+00:00,1215.62,1209.9964972989421,1224.5164552665294,40.19880239955273,0.009977011999999954,2,2,0.009509550681956488,take_profit
2021-01-16 11:00:00+00:00,2021-01-16 12:00:00+00:00,1213.3,1196.8871228123173,1211.249768286065,137.8515049517573,0.009977012000000063,4,2,0.020852221214868502,take_profit
2021-01-16 13:00:00+00:00,2021-01-16 13:00:00+00:00,1217.59,1217.59,1232.2010799999998,12.450639008209691,0.009977012000000021,1,1,0.0003038789740387905,take_profit
2021-01-16 14:00:00+00:00,2021-01-16 14:00:00+00:00,1231.31,1225.613914783535,1240.3212817609374,40.5078307958579,0.009977012000000143,2,1,0.011889775929700785,take_profit
2021-01-16 15:00:00+00:00,2021-01-16 15:00:00+00:00,1238.99,1238.99,1253.85788,12.477057372646414,0.009977011999999926,1,1,0.006368090137935011,take_profit
2021-01-16 16:00:00+00:00,2021-01-16 16:00:00+00:00,1276.29,1264.6993755516528,1279.8757680582726,82.75953330653101,0.009977011999999936,3,1,0.018961207875952995,take_profit
2021-01-16 17:00:00+00:00,2021-01-16 17:00:00+00:00,1265.88,1254.383913940661,1269.436520907949,83.0332351979905,0.009977012000000066,3,1,0.015530698012449901,take_profit
2021-01-16 18:00:00+00:00,2021-01-16 18:00:00+00:00,1253.6,1236.641965843172,1251.48166943329,139.9013261890177,0.009977011999999903,4,1,0.02018187619655389,take_profit
2021-01-16 19:00:00+00:00,2021-01-16 19:00:00+00:00,1231.44,1225.7433133987677,1240.4522331595529,41.0896756264483,0.009977012000000032,2,1,0.010589228870265675,take_profit
2021-01-16 20:00:00+00:00,2021-01-16 20:00:00+00:00,1252.4,1252.4,1267.4288000000001,12.656274852097795,0.009977012000000257,1,1,0.005908655381667271,take_profit
2021-01-16 21:00:00+00:00,2021-01-16 21:00:00+00:00,1273.7,1254.9142166682907,1269.97318726831,155.23395460869506,0.009977011999999928,5,1,0.040590405904059074,take_profit
2021-01-16 22:00:00+00:00,2021-01-16 22:00:00+00:00,1234.91,1216.696329831074,1231.296685789047,156.18329388693382,0.009977012000000085,5,1,0.02826926658622902,take_profit
2021-01-16 23:00:00+00:00,2021-01-16 23:00:00+00:00,1231.99,1220.801685891044,1235.4513061217365,84.97818900502898,0.009977011999999997,3,1,0.016664096299482928,take_profit
2021-01-17 00:00:00+00:00,2021-01-17 00:00:00+00:00,1227.83,1211.220568699124,1225.7552155235135,143.17834672582285,0.00997701199999994,4,1,0.02223434840328055,take_profit
2021-01-17 01:00:00+00:00,2021-01-17 01:00:00+00:00,1235.79,1230.0731901392376,1244.8340684209084,42.05215192704145,0.009977011999999981,2,1,0.008731256928766185,take_profit
2021-01-17 02:00:00+00:00,2021-01-17 04:00:00+00:00,1250.56,1233.643089346552,1248.4468064187106,144.2070928378489,0.009977012000000158,4,3,0.023797338792221078,take_profit
2021-01-17 05:00:00+00:00,2021-01-17 07:00:00+00:00,1223.41,1205.3659431688416,1219.8303344868677,159.6728146867008,0.009977012000000231,5,3,0.04365666456870557,take_profit
2021-01-17 08:00:00+00:00,2021-01-17 08:00:00+00:00,1182.45,1171.7115832773522,1185.7721222766804,86.87681177497689,0.009977011999999862,3,1,0.014757495031502426,take_profit
2021-01-17 09:00:00+00:00,2021-01-17 09:00:00+00:00,1196.39,1185.524987202158,1199.751287048584,87.16413030804324,0.009977012000000141,3,1,0.01787042686749313,take_profit
2021-01-17 10:00:00+00:00,2021-01-17 10:00:00+00:00,1180.52,1175.0588711861828,1189.159577640417,42.89564601910024,0.009977012000000026,2,1,0.01141869684545795,take_profit
2021-01-17 11:00:00+00:00,2021-01-17 11:00:00+00:00,1202.35,1202.35,1216.7782,13.212542510960247,0.00997701200000003,1,1,0.0004408034266228409,take_profit
2021-01-17 12:00:00+00:00,2021-01-17 13:00:00+00:00,1219.52,1208.444932164909,1222.9462713508879,87.6379597642117,0.009977011999999818,3,2,0.01918787719758601,take_profit
2021-01-17 14:00:00+00:00,2021-01-17 14:00:00+00:00,1198.78,1198.78,1213.16536,13.262851844530587,0.00997701200000008,1,1,0.006464905987754217,take_profit
2021-01-17 15:00:00+00:00,2021-01-17 15:00:00+00:00,1198.58,1198.58,1212.9629599999998,13.26946802613088,0.009977012000000033,1,1,1.6686412254485983e-05,take_profit
2021-01-17 16:00:00+00:00,2021-01-17 16:00:00+00:00,1241.35,1230.0766830744142,1244.8376032713072,88.01554311003383,0.009977012000000033,3,1,0.017199017199017126,take_profit
2021-01-17 17:00:00+00:00,2021-01-17 19:00:00+00:00,1239.17,1222.4071672095436,1237.0760532160582,148.2959344770734,0.009977012000000054,4,3,0.023104174568461235,take_profit
2021-01-17 20:00:00+00:00,2021-01-17 20:00:00+00:00,1218.35,1218.35,1232.9702,13.393971630598571,0.009977012000000002,1,1,1.6415644108820792e-05,take_profit
2021-01-17 21:00:00+00:00,2021-01-17 21:00:00+00:00,1237.91,1237.91,1252.76492,13.400653221382754,0.00997701199999991,1,1,0.0017206420499067856,take_profit
2021-01-17 22:00:00+00:00,2021-01-17 22:00:00+00:00,1261.61,1244.5436108227539,1259.478134152627,149.26836468414876,0.009977012000000054,4,1,0.020299458628260637,take_profit
2021-01-17 23:00:00+00:00,2021-01-17 23:00:00+00:00,1245.95,1234.6349081858996,1249.4505270841303,89.37934576975567,0.009977012000000032,3,1,0.017617079337052085,take_profit
2021-01-18 00:00:00+00:00,2021-01-18 01:00:00+00:00,1232.5,1232.5,1247.29,13.526387698831286,0.009977011999999983,1,2,0.005533468559837677,take_profit
2021-01-18 02:00:00+00:00,2021-01-18 02:00:00+00:00,1239.39,1228.134482809521,1242.8720966032351,89.71967506798865,0.009977012000000073,3,1,0.015644793003009624,take_profit
2021-01-18 03:00:00+00:00,2021-01-18 03:00:00+00:00,1221.32,1203.3067685493575,1217.7464497719498,166.45489894784987,0.009977011999999999,5,1,0.031719778600203065,take_profit
2021-01-18 04:00:00+00:00,2021-01-18 05:00:00+00:00,1194.07,1194.07,1208.3988399999998,13.660928185403236,0.009977011999999992,1,2,0.005083454068856881,take_profit
2021-01-18 06:00:00+00:00,2021-01-18 07:00:00+00:00,1207.86,1202.2723953435288,1216.6996640876512,44.445475214870385,0.009977012000000144,2,2,0.010183299389002,take_profit
2021-01-18 08:00:00+00:00,2021-01-18 11:00:00+00:00,1219.68,1214.037715590048,1228.6061681771287,44.51757414241456,0.009977012000000184,2,4,0.008756395120031535,take_profit
2021-01-18 12:00:00+00:00,2021-01-18 12:00:00+00:00,1225.43,1225.43,1240.13516,13.712122218174727,0.009977011999999945,1,1,0.0019258545979779565,take_profit
2021-01-18 13:00:00+00:00,2021-01-18 14:00:00+00:00,1243.63,1232.335977260107,1247.1240089872283,90.95164040089185,0.00997701199999976,3,2,0.018196730538825943,take_profit
2021-01-18 15:00:00+00:00,2021-01-18 16:00:00+00:00,1237.03,1231.3074538537626,1246.0831433000078,44.759574353641256,0.009977012000000117,2,2,0.010533293452866925,take_profit
2021-01-18 17:00:00+00:00,2021-01-18 17:00:00+00:00,1230.04,1218.8693948111754,1233.4958275489096,91.4004638135757,0.00997701200000019,3,1,0.014942603492569251,take_profit
2021-01-18 18:00:00+00:00,2021-01-18 19:00:00+00:00,1218.58,1218.58,1233.2029599999998,13.832257315691095,0.009977011999999837,1,2,0.003865154524118266,take_profit
2021-01-18 20:00:00+00:00,2021-01-18 22:00:00+00:00,1227.68,1227.68,1242.41216,13.839157545552553,0.009977011999999959,1,3,0.004203049654633195,take_profit
2021-01-18 23:00:00+00:00,2021-01-18 23:00:00+00:00,1240.79,1240.79,1255.67948,13.846061217597708,0.009977012000000004,1,1,0.006237961298849934,take_profit
2021-01-19 00:00:00+00:00,2021-01-19 00:00:00+00:00,1258.52,1258.52,1273.62224,13.852968333543913,0.009977012000000127,1,1,0.005585926326160865,take_profit
2021-01-19 01:00:00+00:00,2021-01-19 01:00:00+00:00,1261.79,1261.79,1276.93148,13.85987889510875,0.009977012000000032,1,1,3.962624525472109e-05,take_profit
2021-01-19 02:00:00+00:00,2021-01-19 02:00:00+00:00,1316.89,1316.89,1332.69268,13.866792904011618,0.009977012000000113,1,1,0.002255313655658428,take_profit
2021-01-19 03:00:00+00:00,2021-01-19 03:00:00+00:00,1339.25,1327.0876044688519,1343.012655722478,91.9775612886242,0.009977011999999676,3,1,0.016591375770020553,take_profit
2021-01-19 04:00:00+00:00,2021-01-19 04:00:00+00:00,1321.58,1309.5780745297334,1325.2930114240903,92.28174899354417,0.00997701200000011,3,1,0.01467939890131499,take_profit
2021-01-19 05:00:00+00:00,2021-01-19 05:00:00+00:00,1304.3,1304.3,1319.9515999999999,13.965628229461345,0.009977011999999855,1,1,0.0005060185540135356,take_profit
2021-01-19 06:00:00+00:00,2021-01-19 06:00:00+00:00,1321.33,1321.3300000000002,1337.1859600000003,13.97259499148322,0.009977012000000021,1,1,0.0032770012033329506,take_profit
2021-01-19 07:00:00+00:00,2021-01-19 07:00:00+00:00,1330.24,1330.24,1346.20288,13.979565228878073,0.009977011999999875,1,1,0.005758359393793663,take_profit
2021-01-19 08:00:00+00:00,2021-01-19 08:00:00+00:00,1374.73,1368.3704486038198,1384.7908939870656,45.48215256403091,0.009977012000000281,2,1,0.008699890160249675,take_profit
2021-01-19 09:00:00+00:00,2021-01-19 09:00:00+00:00,1375.55,1375.55,1392.0566,14.009227742476014,0.009977011999999816,1,1,0.0039184326269491275,take_profit
2021-01-19 10:00:00+00:00,2021-01-19 10:00:00+00:00,1379.67,1373.2875959826524,1389.7670471344443,45.578658781984814,0.009977011999999981,2,1,0.012176824892909305,take_profit
2021-01-19 11:00:00+00:00,2021-01-19 11:00:00+00:00,1385.27,1385.2699999999998,1401.8932399999999,14.038953195421982,0.009977012000000179,1,1,0.002779241591891768,take_profit
2021-01-19 12:00:00+00:00,2021-01-19 12:00:00+00:00,1429.47,1408.3867671357632,1425.2874083413924,172.19302271478227,0.009977012000000183,5,1,0.040903271842011396,take_profit
2021-01-19 13:00:00+00:00,2021-01-19 13:00:00+00:00,1386.02,1386.0200000000002,1402.6522400000001,14.131855128343659,0.009977011999999957,1,1,0.0002741663179462647,take_profit
2021-01-19 14:00:00+00:00,2021-01-19 14:00:00+00:00,1417.23,1404.3594292935531,1421.2117424450757,93.73570227714299,0.009977011999999865,3,1,0.015854871827438048,take_profit
2021-01-19 15:00:00+00:00,2021-01-19 15:00:00+00:00,1406.43,1393.6575094665877,1410.3813995801868,94.04570449665334,0.009977012000000158,3,1,0.016829845779740244,take_profit
2021-01-19 16:00:00+00:00,2021-01-19 16:00:00+00:00,1414.09,1414.0899999999997,1431.0590799999998,14.23257968019152,0.009977011999999971,1,1,0.006230155082066874,take_profit
2021-01-19 17:00:00+00:00,2021-01-19 21:00:00+00:00,1422.94,1395.068234851684,1411.8090536699044,198.617160797854,0.009977012000000146,6,5,0.06221625648305618,take_profit
2021-01-19 22:00:00+00:00,2021-01-19 22:00:00+00:00,1409.38,1402.8601564330827,1419.6944783102797,46.62752293712765,0.009977012000000108,2,1,0.010472690119059599,take_profit
2021-01-19 23:00:00+00:00,2021-01-19 23:00:00+00:00,1409.73,1388.9379121172876,1405.605167062695,176.06772750927848,0.009977012000000082,5,1,0.03161598320245716,take_profit
2021-01-20 00:00:00+00:00,2021-01-20 00:00:00+00:00,1365.36,1359.0437945674503,1375.3523201022597,46.9887765551548,0.009977012000000009,2,1,0.007587742426905652,take_profit
2021-01-20 01:00:00+00:00,2021-01-20 03:00:00+00:00,1405.0,1384.2776748205606,1400.8890069184074,177.43183822273568,0.009977011999999934,5,3,0.046263345195729534,take_profit
2021-01-20 04:00:00+00:00,2021-01-20 04:00:00+00:00,1344.11,1325.9275946948517,1341.83872583119,162.1214169601426,0.0099770120000001,4,1,0.02072747022193117,take_profit
2021-01-20 05:00:00+00:00,2021-01-20 06:00:00+00:00,1356.4,1350.125243856045,1366.3267467823175,47.61582049616936,0.009977012000000033,2,2,0.010513122972574455,take_profit
2021-01-20 07:00:00+00:00,2021-01-20 07:00:00+00:00,1349.04,1342.799291485962,1358.9128829837935,47.69306232056806,0.009977011999999858,2,1,0.006916029176303095,take_profit
2021-01-20 08:00:00+00:00,2021-01-20 19:00:00+00:00,1369.94,1329.1302383835277,1345.07980124413,246.25166705177253,0.009977012000000032,8,12,0.0981940814926201,take_profit
2021-01-20 20:00:00+00:00,2021-01-20 20:00:00+00:00,1345.81,1333.5880298452307,1349.5910862033736,98.20514105995608,0.009977012000000217,3,1,0.0167111256418068,take_profit
2021-01-20 21:00:00+00:00,2021-01-20 21:00:00+00:00,1332.21,1314.1885715666342,1329.958834425434,165.4642197200592,0.009977012000000228,4,1,0.020424707816335288,take_profit
2021-01-20 22:00:00+00:00,2021-01-20 22:00:00+00:00,1323.1,1323.1,1338.9771999999998,14.9445975887636,0.009977011999999787,1,1,0.006121986244425901,take_profit
2021-01-20 23:00:00+00:00,2021-01-20 23:00:00+00:00,1334.14,1327.9682194323975,1343.9038380655863,48.621860294773796,0.009977012000000087,2,1,0.009849041329995428,take_profit
2021-01-21 00:00:00+00:00,2021-01-21 00:00:00+00:00,1376.72,1364.2173207574074,1380.5879286064962,99.28737363114669,0.009977011999999858,3,1,0.01680806554709752,take_profit
2021-01-21 01:00:00+00:00,2021-01-21 01:00:00+00:00,1363.48,1345.0355676354884,1361.1759944471144,167.28765549964373,0.00997701199999998,4,1,0.02556693167483214,take_profit
2021-01-21 02:00:00+00:00,2021-01-21 02:00:00+00:00,1336.98,1324.8382194681842,1340.7362781018023,100.1689891595779,0.009977011999999952,3,1,0.017808792951278213,take_profit
2021-01-21 03:00:00+00:00,2021-01-21 03:00:00+00:00,1328.95,1316.8811438931348,1332.6837176198524,100.50026751148471,0.009977011999999844,3,1,0.015538583091914738,take_profit
2021-01-21 04:00:00+00:00,2021-01-21 04:00:00+00:00,1326.01,1306.4526972162362,1322.130129582831,186.45589008408206,0.009977011999999997,5,1,0.03413247260578728,take_profit
2021-01-21 05:00:00+00:00,2021-01-21 05:00:00+00:00,1287.65,1281.6932838773491,1297.0736032838774,49.76115884776118,0.009977012000000045,2,1,0.0067254300469848805,take_profit
2021-01-21 06:00:00+00:00,2021-01-21 07:00:00+00:00,1305.54,1305.54,1321.20648,15.32722986332783,0.009977012000000087,1,2,0.005001761723118382,take_profit
2021-01-21 08:00:00+00:00,2021-01-21 08:00:00+00:00,1309.53,1290.2157605037503,1305.6983496297953,187.99421889029327,0.009977012000000257,5,1,0.037822730292547686,take_profit
2021-01-21 09:00:00+00:00,2021-01-21 09:00:00+00:00,1260.88,1243.8234858745527,1258.7493677050475,171.77238004235187,0.009977012000000193,4,1,0.023697734915297336,take_profit
2021-01-21 10:00:00+00:00,2021-01-21 10:00:00+00:00,1261.06,1242.4606438499761,1257.3701715761758,190.1943854983292,0.009977011999999971,5,1,0.030973942556262152,take_profit
2021-01-21 11:00:00+00:00,2021-01-21 12:00:00+00:00,1249.48,1231.051437106615,1245.8240543518943,191.35752664943357,0.009977012000000124,5,2,0.047603803182123774,take_profit
2021-01-21 13:00:00+00:00,2021-01-21 13:00:00+00:00,1242.33,1236.5829358593928,1251.4219310897056,51.06930264323182,0.009977012000000167,2,1,0.008145983756328747,take_profit
2021-01-21 14:00:00+00:00,2021-01-21 14:00:00+00:00,1237.19,1218.9427021432382,1233.570014568957,192.8400973391108,0.00997701200000003,5,1,0.03377007573614398,take_profit
2021-01-21 15:00:00+00:00,2021-01-21 15:00:00+00:00,1204.41,1193.4721535921822,1207.7938194352885,104.92288791972169,0.009977012000000288,3,1,0.015493062993498959,take_profit
2021-01-21 16:00:00+00:00,2021-01-21 16:00:00+00:00,1188.54,1172.46206292537,1186.5316076804745,176.78284041985535,0.009977012000000082,4,1,0.020647180574486314,take_profit
2021-01-21 17:00:00+00:00,2021-01-21 17:00:00+00:00,1170.4,1170.4,1184.4448000000002,15.966886467317636,0.009977012000000151,1,1,0.003759398496240679,take_profit
2021-01-21 18:00:00+00:00,2021-01-21 19:00:00+00:00,1195.95,1190.4174914403104,1204.7025013375942,51.94785062262872,0.009977011999999888,2,2,0.011664367239433125,take_profit
2021-01-21 20:00:00+00:00,2021-01-21 20:00:00+00:00,1231.02,1214.3674160755122,1228.9398250684183,178.14185895792252,0.009977012000000092,4,1,0.021884291075693372,take_profit
2021-01-21 21:00:00+00:00,2021-01-21 21:00:00+00:00,1205.37,1187.592014874348,1201.8431190528402,197.24696943524395,0.0099770120000001,5,1,0.029343687000671904,take_profit
2021-01-21 22:00:00+00:00,2021-01-21 22:00:00+00:00,1171.47,1146.2807186002808,1160.0360872234842,234.9062833813914,0.009977012000000268,7,1,0.07295961484288972,take_profit
2021-01-21 23:00:00+00:00,2021-01-21 23:00:00+00:00,1135.58,1120.218477642142,1133.6610993738477,181.53135867848687,0.009977011999999856,4,1,0.02320400147942013,take_profit
2021-01-22 00:00:00+00:00,2021-01-22 00:00:00+00:00,1111.98,1090.1991480950537,1103.2815378721943,228.69061340443295,0.00997701200000011,6,1,0.0625910537959315,take_profit
2021-01-22 01:00:00+00:00,2021-01-22 01:00:00+00:00,1066.77,1052.3393027301538,1064.9673743629157,183.80967818805948,0.009977012000000448,4,1,0.022929028750339846,take_profit
2021-01-22 02:00:00+00:00,2021-01-22 02:00:00+00:00,1125.07,1119.8653849197292,1133.303769538766,53.985764534815644,0.009977011999999955,2,1,0.008239487320788913,take_profit
2021-01-22 03:00:00+00:00,2021-01-22 03:00:00+00:00,1157.59,1140.516721420308,1154.2029220773516,203.85279510371402,0.009977011999999945,5,1,0.02690935478018976,take_profit
2021-01-22 04:00:00+00:00,2021-01-22 04:00:00+00:00,1160.65,1155.2807905348857,1169.1441600213043,54.40402721598912,0.009977011999999846,2,1,0.007271787360530783,take_profit
2021-01-22 05:00:00+00:00,2021-01-22 05:00:00+00:00,1158.61,1153.2502276496991,1167.0892303814956,54.49228078955093,0.00997701199999992,2,1,0.009925686814372395,take_profit
2021-01-22 06:00:00+00:00,2021-01-22 07:00:00+00:00,1174.51,1157.1871685790013,1171.0734146019493,205.76542439002878,0.009977012000000028,5,2,0.036193816996023864,take_profit
2021-01-22 08:00:00+00:00,2021-01-22 08:00:00+00:00,1143.57,1133.1846719002763,1146.7828879630797,111.95546392544748,0.009977012000000118,3,1,0.019307956662031996,take_profit
2021-01-22 09:00:00+00:00,2021-01-22 09:00:00+00:00,1164.07,1158.6849694894622,1172.5891891233357,55.096080618003725,0.009977011999999985,2,1,0.009501146838248513,take_profit
2021-01-22 10:00:00+00:00,2021-01-22 10:00:00+00:00,1171.24,1165.821800806513,1179.8116624161912,55.18545683246066,0.00997701200000002,2,1,0.011807998360711662,take_profit
2021-01-22 11:00:00+00:00,2021-01-22 11:00:00+00:00,1177.48,1177.48,1191.60976,16.998000078165887,0.009977011999999943,1,1,0.0010615891565037199,take_profit
2021-01-22 12:00:00+00:00,2021-01-22 12:00:00+00:00,1197.36,1197.36,1211.72832,17.006479540703822,0.009977012000000026,1,1,0.0014699004476514926,take_profit
2021-01-22 13:00:00+00:00,2021-01-22 13:00:00+00:00,1203.86,1198.2908994902227,1212.6703902841055,55.33013969915919,0.009977012000000052,2,1,0.008788397321947675,take_profit
2021-01-22 14:00:00+00:00,2021-01-22 15:00:00+00:00,1219.39,1219.39,1234.02268,17.042564706613803,0.009977012000000146,1,2,0.0006150616291752433,take_profit
2021-01-22 16:00:00+00:00,2021-01-22 16:00:00+00:00,1233.14,1221.9412421689153,1236.6045370749423,113.04225502382906,0.009977011999999641,3,1,0.01481583599591304,take_profit
2021-01-22 17:00:00+00:00,2021-01-22 18:00:00+00:00,1238.56,1232.8303760176518,1247.6243405298637,55.63091766723937,0.009977012000000044,2,2,0.012167355638806304,take_profit
2021-01-22 19:00:00+00:00,2021-01-22 20:00:00+00:00,1261.61,1255.7737458723275,1270.8430308227955,55.72116148807345,0.009977012000000363,2,2,0.013237054240216723,take_profit
2021-01-22 21:00:00+00:00,2021-01-22 21:00:00+00:00,1248.85,1243.0727741002813,1257.9896473894846,55.811551701368444,0.009977011999999853,2,1,0.007118549065139828,take_profit
2021-01-22 22:00:00+00:00,2021-01-22 22:00:00+00:00,1243.47,1232.1774302997076,1246.9635594633041,113.96895044971643,0.009977012000000129,3,1,0.017177736495452345,take_profit
2021-01-22 23:00:00+00:00,2021-01-22 23:00:00+00:00,1224.94,1224.94,1239.63928,17.247700753851177,0.009977011999999971,1,1,0.005665583620422269,take_profit
2021-01-23 00:00:00+00:00,2021-01-23 00:00:00+00:00,1232.61,1215.935907401047,1230.5271382898595,192.12019321422486,0.009977011999999936,4,1,0.02183172292939361,take_profit
2021-01-23 01:00:00+00:00,2021-01-23 01:00:00+00:00,1228.4,1217.2442884670804,1231.8512199286854,115.03828835387685,0.009977012000000078,3,1,0.014270595897102082,take_profit
2021-01-23 02:00:00+00:00,2021-01-23 02:00:00+00:00,1232.79,1221.5944206930412,1236.2535537413578,115.41874237354568,0.009977011999999862,3,1,0.01848652244096721,take_profit
2021-01-23 03:00:00+00:00,2021-01-23 03:00:00+00:00,1219.46,1219.46,1234.0935200000001,17.467107681430434,0.009977011999999945,1,1,0.002779918980532449,take_profit
2021-01-23 04:00:00+00:00,2021-01-23 04:00:00+00:00,1231.67,1231.67,1246.4500400000002,17.475821158577673,0.009977011999999999,1,1,0.0021677884498283407,take_profit
2021-01-23 05:00:00+00:00,2021-01-23 05:00:00+00:00,1247.97,1242.1968450125541,1257.1032071527047,56.8571304688503,0.009977012000000087,2,1,0.010256656810660476,take_profit
2021-01-23 06:00:00+00:00,2021-01-23 16:00:00+00:00,1263.53,1238.7806701492323,1253.646038191023,244.2725543351844,0.009977011999999896,6,11,0.0535246491970906,take_profit
2021-01-23 17:00:00+00:00,2021-01-23 18:00:00+00:00,1243.01,1243.01,1257.92612,17.634757706390474,0.00997701200000003,1,2,0.0033547598168961416,take_profit
2021-01-23 19:00:00+00:00,2021-01-23 19:00:00+00:00,1248.96,1248.96,1263.94752,17.643554815852895,0.009977011999999879,1,1,0.000672559569561992,take_profit
2021-01-23 20:00:00+00:00,2021-01-24 02:00:00+00:00,1257.83,1239.2782830744097,1254.1496224713026,216.40481258718864,0.009977011999999697,5,7,0.03007560640150094,take_profit
2021-01-24 03:00:00+00:00,2021-01-24 03:00:00+00:00,1257.04,1257.04,1272.12448,17.76030998436113,0.009977011999999995,1,1,0.00013523833768223188,take_profit
2021-01-24 04:00:00+00:00,2021-01-24 04:00:00+00:00,1293.53,1293.53,1309.05236,17.769169725653,0.009977011999999988,1,1,0.0038731223860289216,take_profit
2021-01-24 05:00:00+00:00,2021-01-24 09:00:00+00:00,1319.8,1313.6945567982955,1329.458891479875,57.81153241652919,0.009977011999999898,2,5,0.010668283073192853,take_profit
2021-01-24 10:00:00+00:00,2021-01-24 12:00:00+00:00,1340.77,1322.6327764386963,1338.5043697559606,198.24985500748153,0.009977011999999853,4,3,0.021785988648314054,take_profit
2021-01-24 13:00:00+00:00,2021-01-24 14:00:00+00:00,1325.07,1307.1451576897032,1322.8308995819796,199.3509089323561,0.009977011999999898,4,2,0.020263080441033237,take_profit
2021-01-24 15:00:00+00:00,2021-01-24 15:00:00+00:00,1304.56,1304.56,1320.21472,18.00521658391699,0.009977012000000039,1,1,0.0007742073955969759,take_profit
2021-01-24 16:00:00+00:00,2021-01-24 16:00:00+00:00,1320.5,1314.3913185726242,1330.1640143954958,58.57950474213885,0.009977012000000085,2,1,0.012495266944339266,take_profit
2021-01-24 17:00:00+00:00,2021-01-24 17:00:00+00:00,1328.36,1328.36,1344.3003199999998,18.04342091810122,0.009977011999999981,1,1,0.002145502725164797,take_profit
2021-01-24 18:00:00+00:00,2021-01-24 19:00:00+00:00,1357.62,1337.5964817721633,1353.6476395534294,221.30932020032196,0.009977011999999971,5,2,0.03507608903816966,take_profit
2021-01-24 20:00:00+00:00,2021-01-24 20:00:00+00:00,1326.37,1326.37,1342.2864399999999,18.162822176619784,0.009977011999999978,1,1,0.0016888198617277094,take_profit
2021-01-24 21:00:00+00:00,2021-01-24 21:00:00+00:00,1342.89,1336.6777416115044,1352.7178745108424,59.092270446572,0.009977012000000049,2,1,0.007543432447929546,take_profit
2021-01-24 22:00:00+00:00,2021-01-24 22:00:00+00:00,1352.29,1352.29,1368.51748,18.20136092592793,0.009977011999999985,1,1,0.006463110723291608,take_profit
2021-01-24 23:00:00+00:00,2021-01-24 23:00:00+00:00,1367.99,1367.99,1384.40588,18.210440685746562,0.00997701199999994,1,1,4.385996973658099e-05,take_profit
2021-01-25 00:00:00+00:00,2021-01-25 00:00:00+00:00,1392.19,1392.19,1408.8962800000002,18.21952497500888,0.009977011999999922,1,1,0.006514915349198143,take_profit
2021-01-25 01:00:00+00:00,2021-01-25 01:00:00+00:00,1456.97,1437.2608846318815,1454.508015247464,202.9452335951828,0.009977011999999993,4,1,0.02641783976334448,take_profit
2021-01-25 02:00:00+00:00,2021-01-25 04:00:00+00:00,1433.2,1412.0617534183825,1429.006494459403,224.71042191960078,0.00997701199999983,5,3,0.028607312308121684,take_profit
2021-01-25 05:00:00+00:00,2021-01-25 05:00:00+00:00,1423.02,1423.02,1440.09624,18.441950076321746,0.009977012000000151,1,1,0.0037736644600918404,take_profit
2021-01-25 06:00:00+00:00,2021-01-25 06:00:00+00:00,1440.45,1427.3685569215288,1444.496979604587,122.32428977402014,0.009977011999999785,3,1,0.01770974348293935,take_profit
2021-01-25 07:00:00+00:00,2021-01-25 09:00:00+00:00,1426.5,1405.4605716238648,1422.3260984833512,226.9455086386879,0.009977011999999936,5,3,0.03099894847528919,take_profit
2021-01-25 10:00:00+00:00,2021-01-25 10:00:00+00:00,1390.72,1384.2864782774097,1400.8979160167387,60.56698718427833,0.009977012000000073,2,1,0.008369765301426671,take_profit
2021-01-25 11:00:00+00:00,2021-01-25 11:00:00+00:00,1402.63,1396.1413821806284,1412.895078766796,60.66523823906846,0.009977011999999895,2,1,0.007500196060258378,take_profit
2021-01-25 12:00:00+00:00,2021-01-25 12:00:00+00:00,1411.41,1411.41,1428.3469200000002,18.68586007107433,0.009977012000000155,1,1,0.004725770683217543,take_profit
2021-01-25 13:00:00+00:00,2021-01-25 13:00:00+00:00,1426.24,1413.2876050010493,1430.247056261062,123.94212936004442,0.00997701200000006,3,1,0.014541732106798301,take_profit
2021-01-25 14:00:00+00:00,2021-01-25 15:00:00+00:00,1416.76,1410.2060162824318,1427.128488477821,60.99501812377366,0.009977012000000078,2,2,0.012225076936107694,take_profit
2021-01-25 16:00:00+00:00,2021-01-25 16:00:00+00:00,1434.95,1413.7859426930702,1430.751374005387,230.32006750435903,0.009977012000000242,5,1,0.03341579845987668,take_profit
2021-01-25 17:00:00+00:00,2021-01-25 18:00:00+00:00,1405.54,1384.8097103681782,1401.4274268925965,231.72859882212288,0.009977011999999893,5,2,0.03605731604934763,take_profit
2021-01-25 19:00:00+00:00,2021-01-25 19:00:00+00:00,1375.54,1369.1767015141138,1385.606821932283,61.84349344156817,0.009977011999999856,2,1,0.00780057286592903,take_profit
2021-01-25 20:00:00+00:00,2021-01-25 20:00:00+00:00,1382.9,1364.1928642027144,1380.563178573147,212.07643346333134,0.009977012000000014,4,1,0.02151999421505531,take_profit
2021-01-25 21:00:00+00:00,2021-01-25 21:00:00+00:00,1369.98,1349.7741843065282,1365.9714745182066,234.82091201910225,0.009977012000000118,5,1,0.04303712462955666,take_profit
2021-01-25 22:00:00+00:00,2021-01-25 22:00:00+00:00,1347.43,1327.5567739384117,1343.4874552256726,236.25696842629986,0.00997701199999996,5,1,0.039883333457025605,take_profit
2021-01-25 23:00:00+00:00,2021-01-25 23:00:00+00:00,1327.87,1321.7272246823402,1337.5879513785283,63.052020128997356,0.009977012000000056,2,1,0.011198385384111316,take_profit
2021-01-26 00:00:00+00:00,2021-01-26 00:00:00+00:00,1317.6,1311.5047340789772,1327.242790887925,63.15430237502551,0.009977011999999992,2,1,0.010291438979963529,take_profit
2021-01-26 01:00:00+00:00,2021-01-26 01:00:00+00:00,1367.82,1355.3981460851855,1371.6629238382077,128.96307912343764,0.009977011999999877,3,1,0.015170124724013394,take_profit
2021-01-26 02:00:00+00:00,2021-01-26 02:00:00+00:00,1378.16,1359.516984402063,1375.8311882148878,217.287761409847,0.009977012000000006,4,1,0.026020200847506912,take_profit
2021-01-26 03:00:00+00:00,2021-01-26 03:00:00+00:00,1350.29,1330.374591838758,1346.339086940823,240.59113722161783,0.009977011999999771,5,1,0.03946559627931775,take_profit
2021-01-26 04:00:00+00:00,2021-01-26 04:00:00+00:00,1312.8,1312.8,1328.5536,19.745277960601243,0.009977011999999976,1,1,0.0020185862279097073,take_profit
2021-01-26 05:00:00+00:00,2021-01-26 06:00:00+00:00,1339.27,1321.1530676410218,1337.006904452714,219.94042400186663,0.00997701200000009,4,2,0.021855189767559926,take_profit
2021-01-26 07:00:00+00:00,2021-01-26 07:00:00+00:00,1314.41,1308.3294911359658,1324.0294450295974,64.59753403030572,0.009977011999999962,2,1,0.009776249419891917,take_profit
2021-01-26 08:00:00+00:00,2021-01-26 08:00:00+00:00,1317.34,1311.2459368485124,1326.9808880906946,64.70232339082213,0.00997701200000011,2,1,0.009238313571287477,take_profit
2021-01-26 09:00:00+00:00,2021-01-26 09:00:00+00:00,1328.83,1310.8542944092073,1326.5845459421178,221.88005912830704,0.009977011999999962,4,1,0.025586418127224703,take_profit
2021-01-26 10:00:00+00:00,2021-01-26 10:00:00+00:00,1315.5,1315.5,1331.286,20.040031628915358,0.009977012000000018,1,1,0.0037552261497529873,take_profit
2021-01-26 11:00:00+00:00,2021-01-26 11:00:00+00:00,1336.71,1318.6276979596578,1334.4512303351737,223.223651865992,0.00997701200000021,4,1,0.020445721211033004,take_profit
2021-01-26 12:00:00+00:00,2021-01-26 12:00:00+00:00,1313.61,1294.2355846413072,1309.766411657003,247.16363180668486,0.009977012000000103,5,1,0.033198590144715635,take_profit
2021-01-26 13:00:00+00:00,2021-01-26 13:00:00+00:00,1273.02,1267.1309627938826,1282.3365343474093,65.96277939074753,0.00997701199999996,2,1,0.010581137766885067,take_profit
2021-01-26 14:00:00+00:00,2021-01-26 14:00:00+00:00,1285.49,1266.530326124614,1281.7286900381093,249.07856853525664,0.009977011999999775,5,1,0.03183999875533848,take_profit
2021-01-26 15:00:00+00:00,2021-01-26 15:00:00+00:00,1259.47,1259.47,1274.58364,20.441840154847796,0.00997701200000009,1,1,0.0005557893399604956,take_profit
2021-01-26 16:00:00+00:00,2021-01-26 16:00:00+00:00,1279.94,1274.0189506201018,1289.307178027543,66.50699627565427,0.009977011999999844,2,1,0.010094223166710997,take_profit
2021-01-26 17:00:00+00:00,2021-01-26 17:00:00+00:00,1308.35,1308.35,1324.0502,20.485214634070417,0.009977012000000072,1,1,0.004157908816448066,take_profit
2021-01-26 18:00:00+00:00,2021-01-26 19:00:00+00:00,1329.4,1323.25014684623,1339.1291486083849,66.64811401780844,0.009977011999999908,2,2,0.008755829697608018,take_profit
2021-01-26 20:00:00+00:00,2021-01-26 20:00:00+00:00,1341.93,1335.7221826067107,1351.7508487979912,66.75622980507978,0.009977011999999875,2,1,0.008130081300813068,take_profit
2021-01-26 21:00:00+00:00,2021-01-26 21:00:00+00:00,1337.11,1337.11,1353.1553199999998,20.561982532640286,0.009977012000000014,1,1,0.0061924598574537425,take_profit
2021-01-26 22:00:00+00:00,2021-01-26 22:00:00+00:00,1333.83,1333.83,1349.83596,20.57223988996384,0.009977011999999992,1,1,0.006620034037321043,take_profit
2021-01-26 23:00:00+00:00,2021-01-26 23:00:00+00:00,1360.85,1354.554657992848,1370.809313888762,66.93124842869202,0.009977012000000026,2,1,0.008876804938090111,take_profit
2021-01-27 00:00:00+00:00,2021-01-27 00:00:00+00:00,1366.54,1348.0541735827444,1364.2308236657373,229.52358710809858,0.00997701199999997,4,1,0.02572189617574302,take_profit
2021-01-27 01:00:00+00:00,2021-01-27 01:00:00+00:00,1346.31,1328.097834264774,1344.0350082759514,230.79833127589882,0.009977012000000311,4,1,0.024303466512170323,take_profit
2021-01-27 02:00:00+00:00,2021-01-27 02:00:00+00:00,1319.68,1307.6953293749896,1323.3876733274894,138.19809641406937,0.00997701199999994,3,1,0.014912706110572308,take_profit
2021-01-27 03:00:00+00:00,2021-01-27 04:00:00+00:00,1301.69,1301.69,1317.3102800000001,20.914463126107876,0.00997701200000007,1,2,0.0029884227427422042,take_profit
2021-01-27 05:00:00+00:00,2021-01-27 05:00:00+00:00,1309.68,1290.3635481558663,1305.8479107337366,256.5237289426732,0.009977011999999893,5,1,0.027907580477673898,take_profit
2021-01-27 06:00:00+00:00,2021-01-27 07:00:00+00:00,1284.0,1284.0,1299.408,21.052863334683934,0.009977011999999893,1,2,0.004672897196261682,take_profit
2021-01-27 08:00:00+00:00,2021-01-27 08:00:00+00:00,1293.37,1275.873978432182,1291.1844661733683,234.50546999252037,0.009977012000000035,4,1,0.026055962330964706,take_profit
2021-01-27 09:00:00+00:00,2021-01-27 09:00:00+00:00,1261.53,1255.6941159552614,1270.7624453467245,68.87535634652795,0.009977012000000132,2,1,0.009139695449176772,take_profit
2021-01-27 10:00:00+00:00,2021-01-27 11:00:00+00:00,1271.05,1253.8559115227854,1268.9021824610588,236.19040766654143,0.009977011999999877,4,2,0.020494866448998825,take_profit
2021-01-27 12:00:00+00:00,2021-01-27 12:00:00+00:00,1248.78,1248.78,1263.7653599999999,21.33253100201682,0.009977012000000004,1,1,0.004828712823715925,take_profit
2021-01-27 13:00:00+00:00,2021-01-27 13:00:00+00:00,1264.74,1247.6312698472345,1262.6028450854014,237.62065659336076,0.009977011999999985,4,1,0.023340765690972043,take_profit
2021-01-27 14:00:00+00:00,2021-01-27 14:00:00+00:00,1236.08,1219.3589670863337,1233.9912746913697,238.94037083256262,0.00997701199999996,4,1,0.02352598537311495,take_profit
2021-01-27 15:00:00+00:00,2021-01-27 15:00:00+00:00,1224.82,1219.1539377615456,1233.783785014684,70.17790752253495,0.009977011999999699,2,1,0.006776505935566005,take_profit
2021-01-27 16:00:00+00:00,2021-01-27 16:00:00+00:00,1281.4,1269.7629690994115,1285.0001247286045,143.30550255789785,0.009977012000000144,3,1,0.013844232870298118,take_profit
2021-01-27 17:00:00+00:00,2021-01-27 17:00:00+00:00,1267.72,1250.5709579919483,1265.5778094878517,241.45307370269802,0.00997701200000012,4,1,0.02091155775723345,take_profit
2021-01-27 18:00:00+00:00,2021-01-27 18:00:00+00:00,1257.26,1238.7166899963686,1253.581290276325,267.3480973381447,0.009977011999999905,5,1,0.02790989930483744,take_profit
2021-01-27 19:00:00+00:00,2021-01-27 19:00:00+00:00,1225.55,1225.55,1240.2566,21.941217599037373,0.009977011999999794,1,1,0.0012484190771490128,take_profit
2021-01-27 20:00:00+00:00,2021-01-27 20:00:00+00:00,1268.78,1262.9105771893783,1278.0655041156508,71.38518186663896,0.009977012000000056,2,1,0.007991929254874661,take_profit
2021-01-27 21:00:00+00:00,2021-01-27 21:00:00+00:00,1287.42,1270.0044668680732,1285.2445204704902,244.7972119607366,0.009977012000000167,4,1,0.02253343897096518,take_profit
2021-01-27 22:00:00+00:00,2021-01-27 22:00:00+00:00,1274.65,1255.8502051316923,1270.9204075932726,271.0508830878207,0.009977011999999877,5,1,0.03023575099046812,take_profit
2021-01-27 23:00:00+00:00,2021-01-27 23:00:00+00:00,1249.96,1238.6084913809118,1253.4717932774827,147.4768049756458,0.009977011999999997,3,1,0.01348043137380407,take_profit
2021-01-28 00:00:00+00:00,2021-01-28 00:00:00+00:00,1238.93,1227.678660298372,1242.4108042219525,147.96453948616727,0.009977012000000134,3,1,0.01751511384824005,take_profit
2021-01-28 01:00:00+00:00,2021-01-28 02:00:00+00:00,1258.82,1252.9966525146467,1268.0326123448224,72.81704626372084,0.009977011999999966,2,2,0.01122479782653587,take_profit
2021-01-28 03:00:00+00:00,2021-01-28 03:00:00+00:00,1268.58,1268.58,1283.80296,22.42881058029934,0.009977011999999971,1,1,0.0036103359661983692,take_profit
2021-01-28 04:00:00+00:00,2021-01-28 05:00:00+00:00,1287.31,1281.354856729818,1296.7311150105759,72.97155297330755,0.009977011999999978,2,2,0.012895106850719647,take_profit
2021-01-28 06:00:00+00:00,2021-01-28 06:00:00+00:00,1301.41,1301.41,1317.02692,22.476401108898244,0.009977011999999959,1,1,0.000883656956685511,take_profit
2021-01-28 07:00:00+00:00,2021-01-28 07:00:00+00:00,1304.14,1292.296455846189,1307.8040133163433,149.08454859403173,0.009977012000000028,3,1,0.019016363273881776,take_profit
2021-01-28 08:00:00+00:00,2021-01-28 09:00:00+00:00,1284.93,1273.2609114132254,1288.540042350184,149.57760022575349,0.009977011999999952,3,2,0.019401835119422898,take_profit
2021-01-28 10:00:00+00:00,2021-01-28 10:00:00+00:00,1301.77,1289.9479789952713,1305.4273547432147,150.07228247523017,0.009977012000000045,3,1,0.01652365625264063,take_profit
2021-01-28 11:00:00+00:00,2021-01-28 12:00:00+00:00,1299.69,1293.6775863958003,1309.20171743255,73.85431924331351,0.009977012000000103,2,2,0.009056005662888828,take_profit
2021-01-28 13:00:00+00:00,2021-01-28 13:00:00+00:00,1318.9,1312.798720231302,1328.5523048740777,73.97412485201039,0.009977012000000115,2,1,0.00940177420577761,take_profit
2021-01-28 14:00:00+00:00,2021-01-28 14:00:00+00:00,1342.65,1336.438851860306,1352.4761180826297,74.09412480795709,0.00997701200000005,2,1,0.009004580493799683,take_profit
2021-01-28 15:00:00+00:00,2021-01-28 20:00:00+00:00,1346.76,1334.5294024226032,1350.5437552516744,151.30254188302388,0.009977011999999955,3,6,0.019869910006237185,take_profit
2021-01-28 21:00:00+00:00,2021-01-28 21:00:00+00:00,1331.47,1331.47,1347.44764,22.897648485820355,0.009977012000000006,1,1,0.0002253148775413299,take_profit
2021-01-28 22:00:00+00:00,2021-01-28 23:00:00+00:00,1347.63,1335.3915015197754,1351.4161995380127,151.878655832581,0.009977012000000242,3,2,0.018016814704332938,take_profit
2021-01-29 00:00:00+00:00,2021-01-29 00:00:00+00:00,1329.44,1329.44,1345.39328,22.984835750095044,0.009977011999999865,1,1,0.0016473101456252665,take_profit
2021-01-29 01:00:00+00:00,2021-01-29 01:00:00+00:00,1367.71,1349.2083464449306,1365.3988466022697,256.02549280776293,0.009977012000000033,4,1,0.02309700155734779,take_profit
2021-01-29 02:00:00+00:00,2021-01-29 03:00:00+00:00,1343.41,1325.2370639226037,1341.139908689675,257.44742511491495,0.00997701199999996,4,2,0.025584147802979074,take_profit
2021-01-29 04:00:00+00:00,2021-01-29 04:00:00+00:00,1320.8,1301.3195394327377,1316.9353739059304,285.0577887189211,0.00997701199999986,5,1,0.02683979406420355,take_profit
2021-01-29 05:00:00+00:00,2021-01-29 06:00:00+00:00,1305.61,1299.5702002586927,1315.165042661797,76.07593355638892,0.00997701200000005,2,2,0.009903416793682522,take_profit
2021-01-29 07:00:00+00:00,2021-01-29 07:00:00+00:00,1301.47,1295.449352050521,1310.9947442751272,76.1993430417142,0.009977011999999995,2,1,0.00686915564707604,take_profit
2021-01-29 08:00:00+00:00,2021-01-29 08:00:00+00:00,1315.86,1303.9100206954515,1319.556940943797,155.6014639745099,0.009977012000000165,3,1,0.015845150699922417,take_profit
2021-01-29 09:00:00+00:00,2021-01-29 09:00:00+00:00,1375.82,1357.2086386776907,1373.495142341823,262.170335951374,0.00997701200000001,4,1,0.022401186201683316,take_profit
2021-01-29 10:00:00+00:00,2021-01-29 10:00:00+00:00,1369.92,1357.479074940429,1373.768823839714,156.9831166647673,0.009977011999999943,3,1,0.018190843260920398,take_profit
2021-01-29 11:00:00+00:00,2021-01-29 11:00:00+00:00,1378.09,1378.09,1394.62708,23.75732871941682,0.009977011999999884,1,1,7.256420117692535e-06,take_profit
2021-01-29 12:00:00+00:00,2021-01-29 12:00:00+00:00,1416.83,1403.9630618925544,1420.810618635265,157.58086051116334,0.009977011999999867,3,1,0.013967801359372659,take_profit
2021-01-29 13:00:00+00:00,2021-01-29 14:00:00+00:00,1419.51,1398.5736670352555,1415.3565510396786,292.3562328176522,0.009977011999999822,5,2,0.033941289599932416,take_profit
2021-01-29 15:00:00+00:00,2021-01-29 16:00:00+00:00,1392.22,1379.5765575461078,1396.131476236661,159.06889008988765,0.009977011999999976,3,2,0.018459726192699463,take_profit
2021-01-29 17:00:00+00:00,2021-01-29 17:00:00+00:00,1375.72,1369.3558688275127,1385.788139253443,78.28177459963172,0.009977012000000132,2,1,0.007792283313464969,take_profit
2021-01-29 18:00:00+00:00,2021-01-29 18:00:00+00:00,1372.58,1354.0124676747137,1370.2606172868102,268.44731172819957,0.009977011999999822,4,1,0.024392020865814757,take_profit
2021-01-29 19:00:00+00:00,2021-01-29 19:00:00+00:00,1352.92,1332.96580200586,1348.9613916299304,297.237375882185,0.00997701200000014,5,1,0.02941785175767982,take_profit
2021-01-29 20:00:00+00:00,2021-01-29 20:00:00+00:00,1348.03,1341.7939637830023,1357.8954913483983,79.32640942635226,0.009977011999999995,2,1,0.012054627864365036,take_profit
2021-01-29 21:00:00+00:00,2021-01-29 21:00:00+00:00,1348.68,1348.68,1364.86416,24.43379816032666,0.009977011999999981,1,1,0.002076104042471123,take_profit
2021-01-29 22:00:00+00:00,2021-01-29 22:00:00+00:00,1372.01,1372.01,1388.47412,24.445986975199503,0.009977012000000098,1,1,0.001450426746160749,take_profit
2021-01-29 23:00:00+00:00,2021-01-30 00:00:00+00:00,1396.2,1377.3129488754282,1393.8407042619333,272.3010914912229,0.009977011999999877,4,2,0.021580002864919144,take_profit
2021-01-30 01:00:00+00:00,2021-01-30 01:00:00+00:00,1366.73,1366.73,1383.13076,24.59401943334069,0.009977012000000085,1,1,0.0016974823117952603,take_profit
2021-01-30 02:00:00+00:00,2021-01-30 02:00:00+00:00,1369.83,1357.3898922752044,1373.678570982507,163.13057715814102,0.009977012000000184,3,1,0.01901695830869521,take_profit
2021-01-30 03:00:00+00:00,2021-01-30 03:00:00+00:00,1346.62,1334.390673832253,1350.40336191824,163.67008174134025,0.009977011999999754,3,1,0.015007945819904509,take_profit
2021-01-30 04:00:00+00:00,2021-01-30 05:00:00+00:00,1342.79,1336.5782042151714,1352.6171426657534,80.54613595618139,0.009977011999999966,2,2,0.010269662419291151,take_profit
2021-01-30 06:00:00+00:00,2021-01-30 07:00:00+00:00,1336.81,1336.81,1352.85172,24.809493367713003,0.009977011999999987,1,2,0.006470627837912541,take_profit
2021-01-30 08:00:00+00:00,2021-01-30 13:00:00+00:00,1347.07,1340.838404778209,1356.9284656355476,80.71704261986997,0.009977012000000108,2,6,0.012486359283481881,take_profit
2021-01-30 14:00:00+00:00,2021-01-30 16:00:00+00:00,1364.91,1352.51457324292,1368.744748121835,164.8267491291772,0.009977012000000328,3,3,0.014587042369093991,take_profit
2021-01-30 17:00:00+00:00,2021-01-30 17:00:00+00:00,1358.43,1358.43,1374.73116,24.944359266205538,0.009977012000000016,1,1,0.001376589150710834,take_profit
2021-01-30 18:00:00+00:00,2021-01-30 20:00:00+00:00,1370.57,1370.57,1387.01684,24.956802774791868,0.00997701199999992,1,3,0.0054429908724107755,take_profit
2021-01-30 21:00:00+00:00,2021-02-01 22:00:00+00:00,1376.52,1346.921675132661,1363.084735234253,362.33159725582664,0.009977011999999988,7,50,0.07739081161189083,take_profit
2021-02-01 23:00:00+00:00,2021-02-01 23:00:00+00:00,1357.48,1357.48,1373.7697600000001,25.150001825520576,0.00997701200000008,1,1,0.0009429236526504794,take_profit
2021-02-02 00:00:00+00:00,2021-02-02 00:00:00+00:00,1374.09,1374.09,1390.57908,25.162547919021108,0.009977012000000028,1,1,0.00017466104840294967,take_profit
2021-02-02 01:00:00+00:00,2021-02-02 04:00:00+00:00,1380.61,1368.0719937321198,1384.4888576569053,166.90159068649882,0.009977011999999962,3,4,0.014725375015391695,take_profit
2021-02-02 05:00:00+00:00,2021-02-02 06:00:00+00:00,1380.84,1380.84,1397.4100799999999,25.258359229802863,0.009977011999999995,1,2,0.0020567190985196823,take_profit
2021-02-02 07:00:00+00:00,2021-02-02 07:00:00+00:00,1405.18,1405.18,1422.04216,25.270959377459803,0.009977012000000047,1,1,0.0008112839636203903,take_profit
2021-02-02 08:00:00+00:00,2021-02-02 08:00:00+00:00,1415.0,1415.0,1431.98,25.28356581070784,0.009977012000000056,1,1,0.006628975265017745,take_profit
2021-02-02 09:00:00+00:00,2021-02-02 09:00:00+00:00,1451.26,1438.0803859335197,1455.3373505647219,167.7042947166774,0.009977012000000266,3,1,0.017143723385196232,take_profit
2021-02-02 10:00:00+00:00,2021-02-02 11:00:00+00:00,1436.93,1423.8805237927404,1440.9670900782532,168.258925474438,0.00997701200000031,3,2,0.017662655800908957,take_profit
2021-02-02 12:00:00+00:00,2021-02-02 12:00:00+00:00,1419.58,1413.0129708590123,1429.9691265093204,82.80442059363304,0.009977011999999902,2,1,0.008157342312514918,take_profit
2021-02-02 13:00:00+00:00,2021-02-02 13:00:00+00:00,1424.92,1424.92,1442.0190400000001,25.505081021548904,0.00997701200000013,1,1,0.0030738567779244512,take_profit
2021-02-02 14:00:00+00:00,2021-02-02 15:00:00+00:00,1426.81,1420.2095246138629,1437.2520389092292,82.98011899423727,0.009977012000000085,2,2,0.010758264940671785,take_profit
2021-02-02 16:00:00+00:00,2021-02-02 16:00:00+00:00,1427.88,1427.88,1445.01456,25.55919892866723,0.009977011999999867,1,1,0.004426142252850494,take_profit
2021-02-02 17:00:00+00:00,2021-02-02 17:00:00+00:00,1493.45,1479.8872375538597,1497.645884404506,169.53255177479514,0.009977011999999782,3,1,0.019679266128762328,take_profit
2021-02-02 18:00:00+00:00,2021-02-02 18:00:00+00:00,1472.99,1472.99,1490.66588,25.65652056556155,0.009977012000000198,1,1,0.003109321855545474,take_profit
2021-02-02 19:00:00+00:00,2021-02-02 19:00:00+00:00,1490.28,1483.3859100661946,1501.186540986989,83.47282361932412,0.00997701199999982,2,1,0.006817510803339025,take_profit
2021-02-02 20:00:00+00:00,2021-02-02 20:00:00+00:00,1516.29,1509.2755868523168,1527.3868938945445,83.60823225277818,0.009977011999999926,2,1,0.012642700275013402,take_profit
2021-02-02 21:00:00+00:00,2021-02-02 22:00:00+00:00,1532.49,1525.400645058206,1543.7054527989044,83.74386054452407,0.009977011999999797,2,2,0.012548205861049676,take_profit
2021-02-02 23:00:00+00:00,2021-02-03 03:00:00+00:00,1534.74,1520.802262521953,1539.0518896722165,171.0076068828057,0.009977012000000255,3,5,0.017169031888137346,take_profit
2021-02-03 04:00:00+00:00,2021-02-03 04:00:00+00:00,1539.71,1539.71,1558.18652,25.8797507435861,0.009977011999999836,1,1,0.0013119353644517355,take_profit
2021-02-03 05:00:00+00:00,2021-02-03 06:00:00+00:00,1554.15,1546.9604451038576,1565.523970445104,84.19909720850046,0.009977012000000264,2,2,0.009870347135090014,take_profit
2021-02-03 07:00:00+00:00,2021-02-03 13:00:00+00:00,1565.99,1542.8932355816728,1561.4079544086528,317.9397654004242,0.00997701200000007,5,7,0.03423393508259944,take_profit
2021-02-03 14:00:00+00:00,2021-02-03 15:00:00+00:00,1550.68,1543.5064974511145,1562.0285754205279,84.85144214524735,0.009977011999999895,2,2,0.008060979699228725,take_profit
2021-02-03 16:00:00+00:00,2021-02-03 16:00:00+00:00,1597.56,1590.1696288518601,1609.2516643980825,84.98908715747166,0.00997701199999998,2,1,0.01092916697964398,take_profit
2021-02-03 17:00:00+00:00,2021-02-03 17:00:00+00:00,1607.21,1607.21,1626.4965200000001,26.177993135615452,0.009977011999999954,1,1,0.004411371258267523,take_profit
2021-02-03 18:00:00+00:00,2021-02-03 19:00:00+00:00,1640.24,1625.3441645353662,1644.8482945097905,173.63697465675796,0.009977012000000025,3,2,0.014723455104131158,take_profit
2021-02-03 20:00:00+00:00,2021-02-03 20:00:00+00:00,1616.1,1608.623862131933,1627.9273484775163,85.4510929482276,0.009977012000000255,2,1,0.009689994431037593,take_profit
2021-02-03 21:00:00+00:00,2021-02-03 22:00:00+00:00,1634.51,1626.948696796774,1646.4720811583352,85.58971070693406,0.009977011999999988,2,2,0.008822215832267818,take_profit
2021-02-03 23:00:00+00:00,2021-02-03 23:00:00+00:00,1636.66,1636.66,1656.2999200000002,26.362994759715548,0.00997701199999997,1,1,0.003641562694756416,take_profit
2021-02-04 00:00:00+00:00,2021-02-04 01:00:00+00:00,1664.67,1664.67,1684.64604,26.376145955469383,0.009977012000000026,1,2,0.0020544612445710397,take_profit
2021-02-04 02:00:00+00:00,2021-02-04 02:00:00+00:00,1691.32,1666.3747451797228,1686.3712421218795,323.513315873126,0.009977012000000101,5,1,0.026795638909254273,take_profit
2021-02-04 03:00:00+00:00,2021-02-04 03:00:00+00:00,1677.43,1652.689608593775,1672.5218838969001,325.49177412064455,0.009977012000000032,5,1,0.02677906082519096,take_profit
2021-02-04 04:00:00+00:00,2021-02-04 04:00:00+00:00,1645.85,1645.85,1665.6001999999999,26.713060290251633,0.009977012000000113,1,1,0.006592338305434826,take_profit
2021-02-04 05:00:00+00:00,2021-02-04 06:00:00+00:00,1662.61,1654.9187051662482,1674.7777296282432,86.91024818593905,0.009977011999999997,2,2,0.008185924540331107,take_profit
2021-02-04 07:00:00+00:00,2021-02-04 08:00:00+00:00,1676.58,1651.8521452317837,1671.6743709745651,328.17719946219586,0.009977012000000082,5,2,0.030168557420463045,take_profit
2021-02-04 09:00:00+00:00,2021-02-04 09:00:00+00:00,1638.5,1614.3337866145828,1633.7057920539578,330.1841798709356,0.00997701200000004,5,1,0.04122062862374121,take_profit
2021-02-04 10:00:00+00:00,2021-02-04 11:00:00+00:00,1644.97,1622.717720607086,1642.1903332543711,301.6929071731756,0.00997701200000003,4,2,0.02021313458604108,take_profit
2021-02-04 12:00:00+00:00,2021-02-04 12:00:00+00:00,1611.77,1611.77,1631.11124,27.24866500271446,0.009977011999999837,1,1,0.0037784547423018906,take_profit
2021-02-04 13:00:00+00:00,2021-02-04 14:00:00+00:00,1635.48,1611.3583285519792,1630.694628494603,334.21508900607296,0.009977012000000153,5,2,0.030248000586983653,take_profit
2021-02-04 15:00:00+00:00,2021-02-04 15:00:00+00:00,1591.76,1570.2275171909123,1589.0702473972033,305.37599306785705,0.00997701200000005,4,1,0.023445745589787365,take_profit
2021-02-04 16:00:00+00:00,2021-02-04 16:00:00+00:00,1580.8,1573.4871612265083,1592.3690071612264,89.69036135017814,0.009977011999999676,2,1,0.009994939271255032,take_profit
2021-02-04 17:00:00+00:00,2021-02-04 17:00:00+00:00,1629.19,1629.19,1648.74028,27.626060501221673,0.009977011999999995,1,1,0.0035968794308829095,take_profit
2021-02-04 18:00:00+00:00,2021-02-04 18:00:00+00:00,1631.73,1631.73,1651.31076,27.639841778078335,0.009977011999999992,1,1,0.002334945119596959,take_profit
2021-02-04 19:00:00+00:00,2021-02-04 20:00:00+00:00,1653.04,1645.3929763372137,1665.1376920532603,89.92550769742957,0.009977012000000077,2,2,0.009763829066447197,take_profit
2021-02-04 21:00:00+00:00,2021-02-05 03:00:00+00:00,1657.18,1632.7382755581048,1652.331134864802,339.5629617029772,0.00997701200000006,5,7,0.041745616046536926,take_profit
2021-02-05 04:00:00+00:00,2021-02-05 06:00:00+00:00,1639.99,1632.403346115803,1651.9921862691926,90.62221884488645,0.009977011999999915,2,3,0.010823236727053214,take_profit
2021-02-05 07:00:00+00:00,2021-02-05 07:00:00+00:00,1645.27,1645.27,1665.01324,27.913087458630798,0.009977011999999988,1,1,6.078029745872048e-06,take_profit
2021-02-05 08:00:00+00:00,2021-02-05 09:00:00+00:00,1662.6,1654.9087514266148,1674.7676564437343,90.81450542567836,0.009977012000000304,2,2,0.008667147840731297,take_profit
2021-02-05 10:00:00+00:00,2021-02-05 12:00:00+00:00,1650.72,1650.72,1670.52864,27.972314789577467,0.009977011999999908,1,3,0.005755064456721915,take_profit
2021-02-05 13:00:00+00:00,2021-02-05 13:00:00+00:00,1661.04,1661.04,1680.97248,27.986268795593787,0.009977011999999964,1,1,0.00015050811539758224,take_profit
2021-02-05 14:00:00+00:00,2021-02-05 14:00:00+00:00,1716.57,1716.57,1737.16884,28.000229762574236,0.009977011999999966,1,1,0.005790617335733368,take_profit
2021-02-05 15:00:00+00:00,2021-02-05 16:00:00+00:00,1737.7,1714.1933184793238,1734.7636383010756,311.8914009931068,0.009977012000000039,4,2,0.020659492432525805,take_profit
2021-02-05 17:00:00+00:00,2021-02-05 18:00:00+00:00,1724.47,1701.142286883835,1721.555994326441,313.6236052925051,0.009977012000000235,4,2,0.02404796836129363,take_profit
2021-02-05 19:00:00+00:00,2021-02-05 19:00:00+00:00,1684.41,1684.41,1704.62292,28.326236230185714,0.00997701199999986,1,1,0.0014307680434099072,take_profit
2021-02-05 20:00:00+00:00,2021-02-05 20:00:00+00:00,1710.02,1702.109384767557,1722.5346973847677,92.1586742286272,0.009977011999999738,2,1,0.008783522999730987,take_profit
2021-02-05 21:00:00+00:00,2021-02-06 00:00:00+00:00,1720.58,1712.6205338202847,1733.1719802261282,92.3081729468613,0.009977012000000146,2,4,0.01196108289065311,take_profit
2021-02-06 01:00:00+00:00,2021-02-06 01:00:00+00:00,1727.45,1701.9718643194146,1722.3955266912476,348.5600181506961,0.00997701200000005,5,1,0.047451445772670714,take_profit
2021-02-06 02:00:00+00:00,2021-02-06 02:00:00+00:00,1672.96,1665.2208256866772,1685.2034755949173,93.02334414511097,0.009977011999999657,2,1,0.006772427314460553,take_profit
2021-02-06 03:00:00+00:00,2021-02-06 06:00:00+00:00,1679.53,1656.8102113055065,1676.6919338411726,318.99975174862266,0.009977012000000134,4,4,0.021785856757545217,take_profit
2021-02-06 07:00:00+00:00,2021-02-06 08:00:00+00:00,1679.0,1679.0,1699.148,28.81180553030981,0.009977012,1,2,0.004163192376414538,take_profit
2021-02-06 09:00:00+00:00,2021-02-06 14:00:00+00:00,1699.99,1676.9934393057865,1697.1173605774559,320.931451926881,0.009977012000000013,4,6,0.02175895152324426,take_profit
2021-02-06 15:00:00+00:00,2021-02-06 16:00:00+00:00,1686.79,1671.471420826593,1691.529077876512,192.16826868076532,0.00997701199999983,3,2,0.018710094321166208,take_profit
2021-02-06 17:00:00+00:00,2021-02-06 17:00:00+00:00,1694.0,1686.1634938750667,1706.3974558015675,94.57080567776939,0.009977012000000045,2,1,0.009144037780401423,take_profit
2021-02-06 18:00:00+00:00,2021-02-06 19:00:00+00:00,1704.41,1696.5253368332951,1716.8836408752948,94.72421732728799,0.009977012000000073,2,2,0.007533398654079796,take_profit
2021-02-06 20:00:00+00:00,2021-02-06 21:00:00+00:00,1707.89,1692.3798012292752,1712.6883588440267,193.42984206434267,0.009977012000000108,3,2,0.014514986328159419,take_profit
2021-02-06 22:00:00+00:00,2021-02-08 12:00:00+00:00,1708.4,1657.5077005229566,1677.397792929232,490.7032364980478,0.009977011999999884,8,39,0.12756965581830956,take_profit
2021-02-08 13:00:00+00:00,2021-02-08 13:00:00+00:00,1711.04,1687.8939607819889,1708.1486883113728,328.6320472211155,0.009977012000000129,4,1,0.02092294744716661,take_profit
2021-02-08 14:00:00+00:00,2021-02-08 14:00:00+00:00,1682.49,1682.49,1702.6798800000001,29.68178684673012,0.009977012000000068,1,1,0.0004992600253195669,take_profit
2021-02-08 15:00:00+00:00,2021-02-08 15:00:00+00:00,1709.42,1709.42,1729.9330400000001,29.696593623907575,0.009977012000000032,1,1,0.0020942775912298644,take_profit
2021-02-08 16:00:00+00:00,2021-02-08 16:00:00+00:00,1734.86,1719.1048732416145,1739.734131720514,196.9756294057188,0.009977012000000026,3,1,0.013753271157326758,take_profit
2021-02-08 17:00:00+00:00,2021-02-08 17:00:00+00:00,1712.58,1704.6575421136727,1725.1134326190368,96.93662798580772,0.009977011999999993,2,1,0.008081374300762544,take_profit
2021-02-08 18:00:00+00:00,2021-02-08 18:00:00+00:00,1707.0,1691.4978837620536,1711.7958583671982,197.94765447107056,0.009977011999999955,3,1,0.016022261277094264,take_profit
2021-02-08 19:00:00+00:00,2021-02-08 20:00:00+00:00,1695.99,1695.99,1716.34188,29.95677239960287,0.009977011999999846,1,2,0.004840830429424723,take_profit
2021-02-08 21:00:00+00:00,2021-02-08 23:00:00+00:00,1719.81,1704.1915497790376,1724.641848376386,198.70137878794412,0.009977011999999948,3,3,0.013705002296765304,take_profit
2021-02-09 00:00:00+00:00,2021-02-09 00:00:00+00:00,1749.68,1741.5859161530852,1762.4849471469222,97.78591236868306,0.009977011999999813,2,1,0.010287595446024415,take_profit
2021-02-09 01:00:00+00:00,2021-02-09 06:00:00+00:00,1753.0,1729.2863482156035,1750.0377843941908,335.33176061119593,0.009977011999999896,4,6,0.0253907586993725,take_profit
2021-02-09 07:00:00+00:00,2021-02-09 08:00:00+00:00,1768.62,1752.5582818859068,1773.5889812685377,200.79092741900968,0.009977011999999928,3,2,0.015577116621999048,take_profit
2021-02-09 09:00:00+00:00,2021-02-09 09:00:00+00:00,1803.0,1778.6099748047538,1799.953294502411,338.3093163317171,0.009977011999999973,4,1,0.02555740432612309,take_profit
2021-02-09 10:00:00+00:00,2021-02-09 10:00:00+00:00,1774.09,1747.9239716173727,1768.8990592767811,374.59184364918474,0.009977012000000092,5,1,0.027664887350698063,take_profit
2021-02-09 11:00:00+00:00,2021-02-09 11:00:00+00:00,1734.1,1734.1,1754.9091999999998,30.7426955125693,0.009977011999999948,1,1,0.001112969263594854,take_profit
2021-02-09 12:00:00+00:00,2021-02-09 12:00:00+00:00,1753.4,1737.4765022779056,1758.3262203052404,203.91435714504405,0.00997701199999998,3,1,0.017765484202121644,take_profit
2021-02-09 13:00:00+00:00,2021-02-09 13:00:00+00:00,1730.54,1722.5344584950162,1743.2048719969564,100.35134924645718,0.009977011999999813,2,1,0.010603626613658112,take_profit
2021-02-09 14:00:00+00:00,2021-02-09 16:00:00+00:00,1740.2,1732.14977098075,1752.935568232519,100.51413802581737,0.009977011999999926,2,3,0.011389495460291884,take_profit
2021-02-09 17:00:00+00:00,2021-02-09 18:00:00+00:00,1731.72,1731.72,1752.50064,30.959956192927166,0.009977012000000052,1,2,0.00012704132307764956,take_profit
2021-02-09 19:00:00+00:00,2021-02-09 19:00:00+00:00,1750.45,1750.45,1771.4554,30.975400585649822,0.009977012000000002,1,1,0.004238909994572866,take_profit
2021-02-09 20:00:00+00:00,2021-02-09 23:00:00+00:00,1772.56,1756.4625007857442,1777.540050795173,205.45787519349324,0.009977012000000068,3,4,0.014058762467843032,take_profit
2021-02-10 00:00:00+00:00,2021-02-10 00:00:00+00:00,1769.14,1769.14,1790.36968,31.093345467132167,0.009977011999999987,1,1,0.006161185660829607,take_profit
2021-02-10 01:00:00+00:00,2021-02-10 02:00:00+00:00,1786.61,1786.61,1808.0493199999999,31.108856401174307,0.00997701199999994,1,2,0.0034534677405812383,take_profit
2021-02-10 03:00:00+00:00,2021-02-10 04:00:00+00:00,1808.34,1783.8777381244747,1805.2842709819683,346.51804247778637,0.009977011999999851,4,2,0.0229602840173861,take_profit
2021-02-10 05:00:00+00:00,2021-02-10 06:00:00+00:00,1787.98,1787.98,1809.43576,31.297235806256595,0.009977012000000061,1,2,0.002679000883678768,take_profit
2021-02-10 07:00:00+00:00,2021-02-10 08:00:00+00:00,1801.8,1793.4648071216616,1814.9863848071216,101.82474422252017,0.009977011999999997,2,2,0.006771006771006796,take_profit
2021-02-10 09:00:00+00:00,2021-02-10 12:00:00+00:00,1803.9,1768.5662001552794,1789.7889945571428,437.46474999102065,0.009977012000000058,6,4,0.0648040357004269,take_profit
2021-02-10 13:00:00+00:00,2021-02-10 14:00:00+00:00,1745.35,1729.499608332806,1750.2536036327997,209.37612324664224,0.00997701200000006,3,2,0.017795857564385335,take_profit
2021-02-10 15:00:00+00:00,2021-02-10 15:00:00+00:00,1722.58,1699.2778537987647,1719.6691880443498,352.7743709452625,0.009977012000000118,4,1,0.02471873584971376,take_profit
2021-02-10 16:00:00+00:00,2021-02-10 16:00:00+00:00,1714.21,1698.6424061650557,1719.0261150390363,211.23526439204215,0.009977011999999862,3,1,0.013656436492611805,take_profit
2021-02-10 17:00:00+00:00,2021-02-10 17:00:00+00:00,1727.04,1719.0506496233736,1739.6792574188541,103.95415059027255,0.009977012000000163,2,1,0.007249397813600138,take_profit
2021-02-10 18:00:00+00:00,2021-02-10 20:00:00+00:00,1736.99,1721.2155296519327,1741.870116007756,212.27765716060458,0.009977011999999862,3,3,0.017553353790177265,take_profit
2021-02-10 21:00:00+00:00,2021-02-10 22:00:00+00:00,1711.84,1711.84,1732.3820799999999,32.125429715615155,0.009977011999999896,1,2,0.0038204505093933803,take_profit
2021-02-10 23:00:00+00:00,2021-02-11 00:00:00+00:00,1747.93,1724.2849324794638,1744.9763516692174,357.84153796127794,0.009977011999999886,4,2,0.02271830107613007,take_profit
2021-02-11 01:00:00+00:00,2021-02-11 06:00:00+00:00,1718.53,1710.5800171954652,1731.1069774018108,105.09973794410325,0.009977011999999995,2,5,0.008780760300954838,take_profit
2021-02-11 07:00:00+00:00,2021-02-11 07:00:00+00:00,1727.45,1727.45,1748.1794,32.372394038754464,0.009977011999999973,1,1,0.0,take_profit
2021-02-11 08:00:00+00:00,2021-02-11 09:00:00+00:00,1737.18,1737.18,1758.0261600000001,32.38854302694426,0.009977012000000014,1,2,0.003540220357130574,take_profit
2021-02-11 10:00:00+00:00,2021-02-11 10:00:00+00:00,1765.93,1765.93,1787.1211600000001,32.4047000710666,0.009977012000000082,1,1,0.0022254562751638307,take_profit
2021-02-11 11:00:00+00:00,2021-02-11 13:00:00+00:00,1785.69,1769.4732607235276,1790.7069398522099,214.93832838332673,0.009977011999999714,3,3,0.015204206777212221,take_profit
2021-02-11 14:00:00+00:00,2021-02-11 20:00:00+00:00,1789.41,1773.1594775528158,1794.4373912834496,215.6491712877687,0.009977011999999967,3,7,0.017089431712128664,take_profit
2021-02-11 21:00:00+00:00,2021-02-11 22:00:00+00:00,1762.27,1762.27,1783.41724,32.635664007703326,0.009977012000000092,1,2,0.004460156502692493,take_profit
2021-02-11 23:00:00+00:00,2021-02-12 00:00:00+00:00,1781.46,1781.46,1802.83752,32.65194432827457,0.009977011999999971,1,2,0.004181963108910694,take_profit
2021-02-12 01:00:00+00:00,2021-02-12 13:00:00+00:00,1791.45,1765.027929222273,1786.2082643729404,400.488335072856,0.009977011999999816,5,13,0.028786737000753543,take_profit
2021-02-12 14:00:00+00:00,2021-02-12 14:00:00+00:00,1790.95,1766.7229807967685,1787.9236565663298,365.9305849974553,0.009977011999999945,4,1,0.022368016974231523,take_profit
2021-02-12 15:00:00+00:00,2021-02-12 15:00:00+00:00,1760.66,1760.66,1781.7879200000002,33.0505613084224,0.009977011999999995,1,1,0.0003805391160133545,take_profit
2021-02-12 16:00:00+00:00,2021-02-12 16:00:00+00:00,1789.2,1789.2,1810.6704,33.067048600761154,0.009977011999999908,1,1,0.0011848871003801243,take_profit
2021-02-12 17:00:00+00:00,2021-02-12 17:00:00+00:00,1823.87,1823.87,1845.7564399999999,33.083544117796464,0.009977012000000087,1,1,0.005746023565275919,take_profit
2021-02-12 18:00:00+00:00,2021-02-12 18:00:00+00:00,1845.81,1829.0472810936355,1850.9958484667593,219.44105805888103,0.009977012000000191,3,1,0.017602028377785368,take_profit
2021-02-12 19:00:00+00:00,2021-02-12 20:00:00+00:00,1826.99,1826.99,1848.91388,33.20951616710636,0.009977011999999872,1,2,0.0003940908269886684,take_profit
2021-02-12 21:00:00+00:00,2021-02-12 23:00:00+00:00,1848.68,1840.1279385224072,1862.2094737846762,108.04629873393606,0.009977011999999768,2,3,0.011191769262392655,take_profit
2021-02-13 00:00:00+00:00,2021-02-13 00:00:00+00:00,1840.24,1840.24,1862.32288,33.279981715123995,0.009977012000000101,1,1,3.260444289872268e-05,take_profit
2021-02-13 01:00:00+00:00,2021-02-13 03:00:00+00:00,1856.36,1847.7724105607547,1869.9456794874839,108.27555656513505,0.009977012000000205,2,3,0.007735568531965729,take_profit
2021-02-13 04:00:00+00:00,2021-02-15 16:00:00+00:00,1864.07,1808.5403765592528,1830.2428610779639,559.0548186213564,0.009977012000000089,8,61,0.11179837667040395,take_profit
2021-02-15 17:00:00+00:00,2021-02-15 20:00:00+00:00,1819.99,1811.5706595145703,1833.309507428745,109.35809205689657,0.00997701199999984,2,4,0.00807147292018091,take_profit
2021-02-15 21:00:00+00:00,2021-02-15 21:00:00+00:00,1825.67,1800.9733071002747,1822.5849867854781,375.01558924213896,0.009977012000000327,4,1,0.021400362606604786,take_profit
2021-02-15 22:00:00+00:00,2021-02-15 22:00:00+00:00,1789.17,1772.9216571122165,1794.196716997563,224.55292580478272,0.009977012000000037,3,1,0.014822515468066188,take_profit
2021-02-15 23:00:00+00:00,2021-02-15 23:00:00+00:00,1798.67,1782.3353828859358,1803.7234074805672,225.29556605502876,0.009977011999999886,3,1,0.015867279712231796,take_profit
2021-02-16 00:00:00+00:00,2021-02-16 01:00:00+00:00,1779.33,1763.1710190476479,1784.3290712762196,226.04066236119252,0.009977011999999928,3,2,0.019338739862757248,take_profit
2021-02-16 02:00:00+00:00,2021-02-16 03:00:00+00:00,1801.5,1801.5,1823.118,34.20827942368669,0.009977011999999882,1,2,0.003985567582570116,take_profit
2021-02-16 04:00:00+00:00,2021-02-16 12:00:00+00:00,1822.16,1795.2849878655036,1816.8284077198896,419.57736832951923,0.009977011999999797,5,9,0.028625367695482327,take_profit
2021-02-16 13:00:00+00:00,2021-02-16 13:00:00+00:00,1801.17,1784.812679142178,1806.230431291884,228.28898034351005,0.00997701199999981,3,1,0.014529444749801558,take_profit
2021-02-16 14:00:00+00:00,2021-02-16 15:00:00+00:00,1777.84,1769.6156469603588,1790.8510347238832,112.34671023813462,0.0099770119999999,2,2,0.009427170049048278,take_profit
2021-02-16 16:00:00+00:00,2021-02-16 16:00:00+00:00,1773.23,1757.1264161824172,1778.2119331766062,229.4155289003429,0.00997701199999991,3,1,0.014228272700100957,take_profit
2021-02-16 17:00:00+00:00,2021-02-16 18:00:00+00:00,1749.26,1733.374099677569,1754.1745888736998,230.1742507258714,0.009977012000000047,3,2,0.014440391937161994,take_profit
2021-02-16 19:00:00+00:00,2021-02-16 22:00:00+00:00,1758.1,1742.1338192396404,1763.039425070516,230.93548179221398,0.009977012000000179,3,4,0.0161082987315852,take_profit
2021-02-16 23:00:00+00:00,2021-02-17 06:00:00+00:00,1768.49,1744.5668077329224,1765.5016094257176,389.0993779754863,0.009977011999999973,4,8,0.020062313046723484,take_profit
2021-02-17 07:00:00+00:00,2021-02-17 07:00:00+00:00,1772.75,1772.75,1794.023,35.14314838410428,0.009977011999999888,1,1,0.0015512621633055987,take_profit
2021-02-17 08:00:00+00:00,2021-02-17 09:00:00+00:00,1806.15,1797.794683862132,1819.3682200684775,114.33732095503728,0.009977011999999695,2,2,0.009356919414223674,take_profit
2021-02-17 10:00:00+00:00,2021-02-17 12:00:00+00:00,1811.63,1811.63,1833.36956,35.217716805922464,0.009977011999999908,1,3,0.005856604273499625,take_profit
2021-02-17 13:00:00+00:00,2021-02-17 19:00:00+00:00,1825.2,1808.6244507571762,1830.3279441662623,233.5968906714661,0.009977011999999843,3,7,0.013806706114398447,take_profit
2021-02-17 20:00:00+00:00,2021-02-17 21:00:00+00:00,1837.76,1829.258454842882,1851.2095563009966,114.95886551031617,0.009977012000000073,2,2,0.008232848685356021,take_profit
2021-02-17 22:00:00+00:00,2021-02-18 00:00:00+00:00,1852.99,1844.4180003043446,1866.5510163079966,115.14535043088108,0.009977011999999967,2,3,0.012353007841380742,take_profit
2021-02-18 01:00:00+00:00,2021-02-18 01:00:00+00:00,1869.51,1869.51,1891.94412,35.46660276033708,0.00997701200000018,1,1,0.0020700611390149777,take_profit
2021-02-18 02:00:00+00:00,2021-02-18 10:00:00+00:00,1906.45,1889.1365790850423,1911.8062180340628,235.2477354835646,0.00997701200000006,3,9,0.014272600907445795,take_profit
2021-02-18 11:00:00+00:00,2021-02-18 14:00:00+00:00,1916.12,1898.7187610041863,1921.5033861362365,236.02574555189494,0.009977011999999877,3,4,0.018292173767822453,take_profit
2021-02-18 15:00:00+00:00,2021-02-18 18:00:00+00:00,1924.02,1915.119412919425,1938.1008458744582,116.15416567351895,0.0099770120000001,2,4,0.012848099292107165,take_profit
2021-02-18 19:00:00+00:00,2021-02-18 21:00:00+00:00,1926.18,1926.18,1949.2941600000001,35.77733393042081,0.009977012000000016,1,3,0.00632339656729904,take_profit
2021-02-18 22:00:00+00:00,2021-02-19 00:00:00+00:00,1945.13,1927.4653067616186,1950.594890442758,237.30879570408797,0.009977011999999992,3,3,0.015808712014107024,take_profit
2021-02-19 01:00:00+00:00,2021-02-19 09:00:00+00:00,1928.42,1910.907058584897,1933.8379432879158,238.09362209989922,0.009977012000000021,3,9,0.01940448657450144,take_profit
2021-02-19 10:00:00+00:00,2021-02-19 16:00:00+00:00,1933.1,1924.1574085064292,1947.2472974085063,117.17181938153772,0.009977012000000063,2,7,0.009823599399927583,take_profit
2021-02-19 17:00:00+00:00,2021-02-19 18:00:00+00:00,1946.54,1946.54,1969.89848,36.09078748868296,0.009977012000000025,1,2,0.002846075600809623,take_profit
2021-02-19 19:00:00+00:00,2021-02-20 02:00:00+00:00,1966.54,1939.937692652546,1963.2169449643766,402.01121091638925,0.009977011999999891,4,8,0.02238957763381369,take_profit
2021-02-20 03:00:00+00:00,2021-02-20 03:00:00+00:00,1983.33,1983.33,2007.12996,36.309334933448554,0.00997701200000003,1,1,0.003393283013921041,take_profit
2021-02-20 04:00:00+00:00,2021-02-20 06:00:00+00:00,2018.43,2009.0926687970787,2033.2017808226435,118.13147861924517,0.009977012000000127,2,3,0.01007218481691223,take_profit
2021-02-20 07:00:00+00:00,2021-02-20 07:00:00+00:00,2027.82,2000.3887294002088,2024.3933941530113,405.1016731289492,0.009977011999999952,4,1,0.023581974731485014,take_profit
2021-02-20 08:00:00+00:00,2021-02-20 08:00:00+00:00,1984.8,1984.8,2008.6176,36.58846303865539,0.009977012000000084,1,1,0.0,take_profit
2021-02-20 09:00:00+00:00,2021-02-20 12:00:00+00:00,1991.21,1991.21,2015.10452,36.60671521539507,0.00997701200000002,1,4,0.0005323396326856261,take_profit
2021-02-20 13:00:00+00:00,2021-02-20 14:00:00+00:00,2024.21,1996.8275635604716,2020.7894943231972,407.7580716693119,0.009977011999999829,4,2,0.02090692171266812,take_profit
2021-02-20 15:00:00+00:00,2021-02-20 15:00:00+00:00,1988.99,1970.9269922811288,1994.5781161885025,244.15856471167717,0.009977012000000004,3,1,0.015042810672753544,take_profit
2021-02-20 16:00:00+00:00,2021-02-20 16:00:00+00:00,1978.69,1978.69,2002.4342800000002,36.95018550245277,0.009977011999999976,1,1,0.0016020700564515274,take_profit
2021-02-20 17:00:00+00:00,2021-02-21 10:00:00+00:00,2001.93,1942.2936027323358,1965.6011259651239,619.7035764156171,0.009977012000000096,8,18,0.09929917629487542,take_profit
2021-02-21 11:00:00+00:00,2021-02-21 20:00:00+00:00,1971.59,1942.5110469035371,1965.8211794663796,456.99769533578365,0.009977011999999891,5,10,0.02920992701322279,take_profit
2021-02-21 21:00:00+00:00,2021-02-21 23:00:00+00:00,1929.65,1912.1258883429682,1935.0713990030838,248.64910684507777,0.009977012000000195,3,3,0.014743606353483815,take_profit
2021-02-22 00:00:00+00:00,2021-02-22 00:00:00+00:00,1933.54,1907.3840991037066,1930.2727082929512,418.94477217939857,0.009977011999999858,4,1,0.024214652916412352,take_profit
2021-02-22 01:00:00+00:00,2021-02-22 01:00:00+00:00,1887.07,1878.340344974511,1900.880429114205,123.04604440268122,0.009977012000000044,2,1,0.008907989634724703,take_profit
2021-02-22 02:00:00+00:00,2021-02-22 03:00:00+00:00,1913.15,1884.9329776391146,1907.552173370784,464.6276716478824,0.00997701200000001,5,2,0.02770300290097483,take_profit
2021-02-22 04:00:00+00:00,2021-02-22 04:00:00+00:00,1870.35,1853.364421144907,1875.604794198646,252.80052120583423,0.009977012000000066,3,1,0.018900205843825974,take_profit
2021-02-22 05:00:00+00:00,2021-02-22 06:00:00+00:00,1864.22,1864.2199999999998,1886.59064,38.258031884742195,0.009977011999999948,1,2,0.002263681325165499,take_profit
2021-02-22 07:00:00+00:00,2021-02-22 08:00:00+00:00,1872.6,1863.937283725177,1886.304531129879,124.47151356229915,0.009977012000000004,2,2,0.009932713873758364,take_profit
2021-02-22 09:00:00+00:00,2021-02-22 09:00:00+00:00,1855.21,1830.1137056891444,1852.075070157414,426.8432003928683,0.009977011999999875,4,1,0.0238301863400909,take_profit
2021-02-22 10:00:00+00:00,2021-02-22 10:00:00+00:00,1820.39,1795.7647321324603,1817.3139089180497,429.21383204392623,0.009977011999999896,4,1,0.02487379078109647,take_profit
2021-02-22 11:00:00+00:00,2021-02-22 11:00:00+00:00,1816.0,1807.5991174008977,1829.2903068097085,126.06211544586768,0.00997701200000011,2,1,0.007940528634361274,take_profit
2021-02-22 12:00:00+00:00,2021-02-22 12:00:00+00:00,1802.5,1775.9149529281574,1797.2259323632952,476.0164982706483,0.009977011999999902,5,1,0.029919556171983393,take_profit
2021-02-22 13:00:00+00:00,2021-02-22 13:00:00+00:00,1781.77,1755.4906994057158,1776.5565877985844,478.9275956528945,0.009977011999999938,5,1,0.03138452213248628,take_profit
2021-02-22 14:00:00+00:00,2021-02-22 14:00:00+00:00,1727.94,1676.4656146345337,1696.5832020101482,658.8768884393066,0.00997701199999976,8,1,0.10239938886766904,take_profit
2021-02-22 15:00:00+00:00,2021-02-22 15:00:00+00:00,1755.91,1730.0121081809045,1750.7722534790755,485.8858831643156,0.009977011999999943,5,1,0.03184103968882236,take_profit
2021-02-22 16:00:00+00:00,2021-02-22 16:00:00+00:00,1733.33,1717.5887679327943,1738.1998331479879,264.3669587625991,0.00997701200000017,3,1,0.01345964126854086,take_profit
2021-02-22 17:00:00+00:00,2021-02-22 17:00:00+00:00,1729.84,1704.3266142431312,1724.7785336140487,490.47408355672815,0.009977012000000174,5,1,0.0332920963788558,take_profit
2021-02-22 18:00:00+00:00,2021-02-22 18:00:00+00:00,1682.0,1666.7249211996334,1686.725620254029,266.86336507107626,0.009977012000000082,3,1,0.013674197384066587,take_profit
2021-02-22 19:00:00+00:00,2021-02-22 19:00:00+00:00,1717.75,1717.75,1738.363,40.38625822866061,0.009977011999999948,1,1,0.005093872798719255,take_profit
2021-02-22 20:00:00+00:00,2021-02-22 20:00:00+00:00,1746.41,1746.41,1767.3669200000002,40.406404937810294,0.009977012000000085,1,1,0.0030977834529120206,take_profit
2021-02-22 21:00:00+00:00,2021-02-22 21:00:00+00:00,1766.14,1766.14,1787.3336800000002,40.42656169715747,0.009977012000000111,1,1,0.0009002683818950623,take_profit
2021-02-22 22:00:00+00:00,2021-02-22 22:00:00+00:00,1799.44,1775.0981325916064,1796.3993101827057,450.30691076377116,0.009977012000000101,4,1,0.021262170453029826,take_profit
2021-02-22 23:00:00+00:00,2021-02-22 23:00:00+00:00,1775.75,1759.6235308087091,1780.7390131784136,269.63608239984023,0.00997701199999981,3,1,0.01721526115725746,take_profit
2021-02-23 00:00:00+00:00,2021-02-23 01:00:00+00:00,1777.42,1751.2048574943497,1772.219315784282,500.2497703491317,0.00997701199999985,5,2,0.04412012917599671,take_profit
2021-02-23 02:00:00+00:00,2021-02-23 02:00:00+00:00,1713.43,1688.1586451016326,1708.4165488428523,503.3090672479375,0.009977012000000186,5,1,0.03260710971559977,take_profit
2021-02-23 03:00:00+00:00,2021-02-23 03:00:00+00:00,1668.41,1668.41,1688.43092,41.306498434091736,0.009977012000000026,1,1,0.002948915434455603,take_profit
2021-02-23 04:00:00+00:00,2021-02-23 04:00:00+00:00,1679.79,1655.0148009870672,1674.874978598912,506.63968489110994,0.00997701199999997,5,1,0.05226248519160131,take_profit
2021-02-23 05:00:00+00:00,2021-02-23 05:00:00+00:00,1634.37,1610.26469992632,1629.587876325436,509.73805956044816,0.009977012000000016,5,1,0.048563054877414476,take_profit
2021-02-23 06:00:00+00:00,2021-02-23 06:00:00+00:00,1619.99,1598.0756367631466,1617.2525444043044,465.75325669969607,0.009977012000000106,4,1,0.026364360273828873,take_profit
2021-02-23 07:00:00+00:00,2021-02-23 07:00:00+00:00,1578.01,1578.01,1596.94612,42.06646614482179,0.009977011999999882,1,1,0.006343432551124512,take_profit
2021-02-23 08:00:00+00:00,2021-02-23 08:00:00+00:00,1586.64,1539.3748641756872,1557.8473625457955,705.5103827660496,0.00997701199999979,8,1,0.08927671053295018,take_profit
2021-02-23 09:00:00+00:00,2021-02-23 09:00:00+00:00,1445.35,1417.0392801122193,1434.043751473566,591.9509730242498,0.009977011999999869,6,1,0.06251081053032131,take_profit
2021-02-23 10:00:00+00:00,2021-02-23 10:00:00+00:00,1500.47,1478.3395891373714,1496.07966420702,523.8956490085693,0.009977012000000094,5,1,0.03642858570981098,take_profit
2021-02-23 11:00:00+00:00,2021-02-23 11:00:00+00:00,1480.41,1448.577802780303,1465.9607364136666,623.9202566236854,0.009977011999999993,7,1,0.07349990880904625,take_profit
2021-02-23 12:00:00+00:00,2021-02-23 12:00:00+00:00,1453.09,1439.8937667930884,1457.1724919946055,287.11122040648115,0.009977012000000165,3,1,0.018808194950071865,take_profit
2021-02-23 13:00:00+00:00,2021-02-23 13:00:00+00:00,1529.5,1522.4244769078593,1540.6935706307536,141.2946040434672,0.00997701199999994,2,1,0.012356979405034385,take_profit
2021-02-23 14:00:00+00:00,2021-02-23 14:00:00+00:00,1551.7,1528.8139985900812,1547.1597665731622,533.5350942146615,0.009977011999999957,5,1,0.04723851259908484,take_profit
2021-02-23 15:00:00+00:00,2021-02-23 15:00:00+00:00,1519.97,1512.9385630373583,1531.0938257938067,142.38930484898265,0.009977011999999914,2,1,0.009697559820259617,take_profit
2021-02-23 16:00:00+00:00,2021-02-23 16:00:00+00:00,1573.99,1552.6979003011281,1571.3302751047418,488.2876800002705,0.009977012000000072,4,1,0.0241615258038488,take_profit
2021-02-23 17:00:00+00:00,2021-02-23 17:00:00+00:00,1550.74,1529.7624139371735,1548.1195629044196,490.99956630408997,0.009977011999999784,4,1,0.022228097553426123,take_profit
2021-02-23 18:00:00+00:00,2021-02-23 18:00:00+00:00,1519.2,1505.4033889931527,1523.4682296610706,294.00214909807255,0.009977012000000045,3,1,0.01853607161664039,take_profit
2021-02-23 19:00:00+00:00,2021-02-23 19:00:00+00:00,1496.57,1474.4971101823533,1492.1910755045415,545.4555868764,0.00997701199999983,5,1,0.03374382755233634,take_profit
2021-02-23 20:00:00+00:00,2021-02-23 20:00:00+00:00,1447.89,1441.1920077607854,1458.486311853915,145.5706338411528,0.009977012000000174,2,1,0.009455138166573465,take_profit
2021-02-23 21:00:00+00:00,2021-02-23 21:00:00+00:00,1524.27,1524.27,1542.56124,44.83807487401373,0.009977011999999895,1,1,0.003982234118627236,take_profit
2021-02-23 22:00:00+00:00,2021-02-23 22:00:00+00:00,1535.97,1535.97,1554.40164,44.860442374568265,0.009977012000000072,1,1,0.003378972245551706,take_profit
2021-02-23 23:00:00+00:00,2021-02-23 23:00:00+00:00,1568.07,1553.8295762101718,1572.4755311246938,297.55648018282227,0.009977012000000084,3,1,0.014910048658541954,take_profit
2021-02-24 00:00:00+00:00,2021-02-24 00:00:00+00:00,1577.79,1554.5191975481373,1573.1734279187149,552.0498575432503,0.009977012000000063,5,1,0.049176379619594444,take_profit
2021-02-24 01:00:00+00:00,2021-02-24 01:00:00+00:00,1567.87,1567.87,1586.68444,45.306647664501725,0.009977012000000113,1,1,0.005408611683366473,take_profit
2021-02-24 02:00:00+00:00,2021-02-24 02:00:00+00:00,1606.18,1598.7497524157347,1617.9347494447236,147.40400202037927,0.009977012000000058,2,1,0.007788666276506985,take_profit
2021-02-24 03:00:00+00:00,2021-02-24 03:00:00+00:00,1617.31,1617.31,1636.7177199999999,45.40278148772268,0.00997701199999995,1,1,0.0026154540564270416,take_profit
2021-02-24 04:00:00+00:00,2021-02-24 04:00:00+00:00,1636.77,1621.9056773317022,1641.3685454596828,301.1537812577517,0.00997701200000007,3,1,0.017552863261179042,take_profit
2021-02-24 05:00:00+00:00,2021-02-24 05:00:00+00:00,1643.15,1628.227737377632,1647.7664702261636,302.14975545258494,0.009977011999999931,3,1,0.01564677600949398,take_profit
2021-02-24 06:00:00+00:00,2021-02-24 06:00:00+00:00,1627.42,1619.8914953967892,1639.3301933415507,148.69544282547758,0.009977012000000075,2,1,0.010704059185705024,take_profit
2021-02-24 07:00:00+00:00,2021-02-24 07:00:00+00:00,1637.58,1622.708321318725,1642.1808211745497,303.64078831120423,0.009977012000000085,3,1,0.014405403094810585,take_profit
2021-02-24 08:00:00+00:00,2021-02-24 08:00:00+00:00,1642.33,1634.7325211899868,1654.3493114442665,149.4292173435024,0.009977011999999964,2,1,0.007233625398062437,take_profit
2021-02-24 09:00:00+00:00,2021-02-24 09:00:00+00:00,1676.63,1676.63,1696.7495600000002,46.02658007881382,0.009977012000000092,1,1,0.0043837936813728344,take_profit
2021-02-24 10:00:00+00:00,2021-02-24 10:00:00+00:00,1690.3,1674.9495447703569,1695.0489393076011,305.2913979035693,0.009977011999999971,3,1,0.017322368810270352,take_profit
2021-02-24 11:00:00+00:00,2021-02-24 11:00:00+00:00,1661.04,1661.04,1680.97248,46.20183526292021,0.009977011999999896,1,1,0.0,take_profit
2021-02-24 12:00:00+00:00,2021-02-24 12:00:00+00:00,1677.39,1677.39,1697.5186800000001,46.22488307616277,0.009977012000000013,1,1,0.0014069476985078767,take_profit
2021-02-24 13:00:00+00:00,2021-02-24 13:00:00+00:00,1689.75,1664.8279010875742,1684.8058359006252,566.9655159273098,0.009977011999999928,5,1,0.04009468856339695,take_profit
2021-02-24 14:00:00+00:00,2021-02-24 14:00:00+00:00,1640.39,1632.8014957011335,1652.395113649547,151.3111818915404,0.00997701199999993,2,1,0.009772066398844299,take_profit
2021-02-24 15:00:00+00:00,2021-02-24 15:00:00+00:00,1642.35,1618.127003018895,1637.5445270551218,571.3581649685439,0.009977011999999652,5,1,0.03259962858099672,take_profit
2021-02-24 16:00:00+00:00,2021-02-24 16:00:00+00:00,1660.46,1652.778651145096,1672.6119949588372,152.48348761277703,0.009977011999999836,2,1,0.011364320730400081,take_profit
2021-02-24 17:00:00+00:00,2021-02-24 18:00:00+00:00,1645.81,1638.196422582363,1657.8547796533514,152.73084453430783,0.009977011999999945,2,2,0.0068659201244371795,take_profit
2021-02-24 19:00:00+00:00,2021-02-24 19:00:00+00:00,1635.0,1612.8825894652093,1632.2371805387918,523.7513436928057,0.009977012000000108,4,1,0.02395107033639149,take_profit
2021-02-24 20:00:00+00:00,2021-02-24 20:00:00+00:00,1599.2,1591.8020421517158,1610.9036666575364,153.82822598962957,0.009977011999999898,2,1,0.013056528264132134,take_profit
2021-02-24 21:00:00+00:00,2021-02-24 21:00:00+00:00,1603.06,1579.4164906746248,1598.3694885627203,580.8626422917296,0.009977012000000013,5,1,0.02758474417676196,take_profit
2021-02-24 22:00:00+00:00,2021-02-24 22:00:00+00:00,1589.97,1568.4617313590206,1587.2832721353288,530.7405681573946,0.00997701199999997,4,1,0.021994125675327224,take_profit
2021-02-24 23:00:00+00:00,2021-02-24 23:00:00+00:00,1590.39,1590.39,1609.47468,47.93606876800004,0.009977011999999787,1,1,0.002018372851941999,take_profit
2021-02-25 00:00:00+00:00,2021-02-25 00:00:00+00:00,1623.16,1623.16,1642.6379200000001,47.95998170466737,0.009977011999999945,1,1,0.004411148623672393,take_profit
2021-02-25 01:00:00+00:00,2021-02-25 01:00:00+00:00,1651.85,1636.8487283493544,1656.4909130895467,318.11552874395056,0.009977011999999912,3,1,0.015667282138208605,take_profit
2021-02-25 02:00:00+00:00,2021-02-25 06:00:00+00:00,1629.31,1607.269560759364,1626.5567954884764,535.9875987787309,0.009977012000000035,4,5,0.02618900025164017,take_profit
2021-02-25 07:00:00+00:00,2021-02-25 07:00:00+00:00,1617.94,1617.94,1637.35528,48.40997642794355,0.009977011999999997,1,1,0.005649158806877943,take_profit
2021-02-25 08:00:00+00:00,2021-02-25 08:00:00+00:00,1633.69,1611.590310448574,1630.9293941739568,539.2332669475363,0.00997701200000004,4,1,0.025886184037363247,take_profit
2021-02-25 09:00:00+00:00,2021-02-25 10:00:00+00:00,1598.26,1590.8663906261888,1609.9567873137032,158.3753394583855,0.009977012000000045,2,2,0.012751367111733938,take_profit
2021-02-25 11:00:00+00:00,2021-02-25 12:00:00+00:00,1609.0,1609.0000000000002,1628.3080000000002,48.7821282456016,0.009977012000000044,1,2,6.215040397756933e-06,take_profit
2021-02-25 13:00:00+00:00,2021-02-25 13:00:00+00:00,1648.24,1640.6151813132465,1660.3025634890055,158.7113878678556,0.009977011999999919,2,1,0.007723389797602302,take_profit
2021-02-25 14:00:00+00:00,2021-03-02 00:00:00+00:00,1645.32,1565.5089177574655,1584.295024770555,929.5513253535901,0.009977011999999766,11,107,0.21402523521260294,take_profit
2021-03-02 01:00:00+00:00,2021-03-02 01:00:00+00:00,1564.34,1550.1334501958586,1568.7350515982089,327.1678715078524,0.009977012000000078,3,1,0.015559277394939668,take_profit
2021-03-02 02:00:00+00:00,2021-03-02 02:00:00+00:00,1567.71,1560.4577160465647,1579.1832086391234,161.00748272742385,0.00997701199999988,2,1,0.012591614520542707,take_profit
2021-03-02 03:00:00+00:00,2021-03-02 05:00:00+00:00,1567.89,1560.6368833599633,1579.364525960283,161.2686671736501,0.009977011999999954,2,3,0.012781508906874966,take_profit
2021-03-02 06:00:00+00:00,2021-03-02 08:00:00+00:00,1557.56,1543.4150227489301,1561.9360030219173,329.31570934542106,0.009977011999999823,3,3,0.017469631988494848,take_profit
2021-03-02 09:00:00+00:00,2021-03-02 12:00:00+00:00,1558.53,1558.53,1577.23236,49.83759862593706,0.00997701200000006,1,4,0.006281560188125967,take_profit
2021-03-02 13:00:00+00:00,2021-03-02 14:00:00+00:00,1563.02,1563.02,1581.77624,49.86246014191329,0.009977011999999884,1,2,0.0011452188711596548,take_profit
2021-03-02 15:00:00+00:00,2021-03-02 15:00:00+00:00,1568.01,1553.770121100022,1572.4153625532222,330.73454802788183,0.009977011999999686,3,1,0.01390935006792045,take_profit
2021-03-02 16:00:00+00:00,2021-03-02 16:00:00+00:00,1553.3,1530.3904002126528,1548.7550850152047,613.6043819689294,0.00997701200000006,5,1,0.04366188115624795,take_profit
2021-03-02 17:00:00+00:00,2021-03-02 17:00:00+00:00,1497.59,1490.6620937381113,1508.5500388629687,163.7581151610102,0.009977011999999957,2,1,0.00938841739060754,take_profit
2021-03-02 18:00:00+00:00,2021-03-02 18:00:00+00:00,1504.96,1497.997999847828,1515.9739758460018,164.02376165084206,0.00997701199999996,2,1,0.008285934509887323,take_profit
2021-03-02 19:00:00+00:00,2021-03-02 23:00:00+00:00,1496.25,1474.1818298578391,1491.8720118161332,619.3614661951506,0.009977011999999964,5,5,0.02722138680033418,take_profit
2021-03-03 00:00:00+00:00,2021-03-03 00:00:00+00:00,1486.79,1479.9120549341856,1497.670999593396,165.29455996065008,0.009977012000000183,2,1,0.007613718144458825,take_profit
2021-03-03 01:00:00+00:00,2021-03-03 01:00:00+00:00,1500.7,1500.7,1518.7084,50.913358417263225,0.009977011999999931,1,1,0.0018857866329047475,take_profit
2021-03-03 02:00:00+00:00,2021-03-03 04:00:00+00:00,1524.31,1517.258486038195,1535.4655878706535,165.64528990483814,0.009977012000000122,2,3,0.008036423037308685,take_profit
2021-03-03 05:00:00+00:00,2021-03-03 06:00:00+00:00,1540.46,1540.46,1558.94552,51.02138882891359,0.009977011999999872,1,2,0.001999402775794196,take_profit
2021-03-03 07:00:00+00:00,2021-03-03 08:00:00+00:00,1563.69,1563.69,1582.4542800000002,51.04684087934493,0.009977012000000106,1,2,0.0029097839085752,take_profit
2021-03-03 09:00:00+00:00,2021-03-03 09:00:00+00:00,1592.19,1592.19,1611.29628,51.07230562654604,0.009977012000000172,1,1,0.003322467795928855,take_profit
2021-03-03 10:00:00+00:00,2021-03-03 12:00:00+00:00,1608.28,1600.84003773872,1620.0501181915847,166.1624205239823,0.00997701200000014,2,3,0.012410774243290993,take_profit
2021-03-03 13:00:00+00:00,2021-03-03 13:00:00+00:00,1650.04,1625.7035833173793,1645.2120263171878,627.437143048468,0.009977011999999985,5,1,0.02850839979636855,take_profit
2021-03-03 14:00:00+00:00,2021-03-03 16:00:00+00:00,1612.92,1598.272271047154,1617.4515382997197,341.3839649799338,0.009977011999999823,3,3,0.018785804627631984,take_profit
2021-03-03 17:00:00+00:00,2021-03-03 17:00:00+00:00,1611.62,1611.62,1630.9594399999999,51.66397029105883,0.009977012000000002,1,1,0.001911120487459778,take_profit
2021-03-03 18:00:00+00:00,2021-03-04 02:00:00+00:00,1624.88,1600.914667802443,1620.1256438160724,633.6779591775485,0.009977012000000002,5,9,0.04406479247698299,take_profit
2021-03-04 03:00:00+00:00,2021-03-04 03:00:00+00:00,1597.26,1573.7020347928035,1592.5864592103171,637.5532413470719,0.009977011999999983,5,1,0.02958816974068091,take_profit
2021-03-04 04:00:00+00:00,2021-03-04 06:00:00+00:00,1555.06,1547.8662354104847,1566.4406302354105,170.14956246364818,0.009977012000000021,2,3,0.012764780780162766,take_profit
2021-03-04 07:00:00+00:00,2021-03-04 07:00:00+00:00,1550.01,1550.01,1568.61012,52.4087765520826,0.009977012000000106,1,1,0.001322572112437955,take_profit
2021-03-04 08:00:00+00:00,2021-03-04 09:00:00+00:00,1571.56,1548.3810837302494,1566.9616567350124,642.8132871209673,0.009977012000000004,5,2,0.02771131868970956,take_profit
2021-03-04 10:00:00+00:00,2021-03-04 10:00:00+00:00,1547.1,1547.1,1565.6652,52.75558849567915,0.009977012000000108,1,1,0.004905953073492288,take_profit
2021-03-04 11:00:00+00:00,2021-03-04 12:00:00+00:00,1557.73,1550.5238838925663,1569.1301704992773,171.63893764084787,0.009977011999999912,2,2,0.007446733387685869,take_profit
2021-03-04 13:00:00+00:00,2021-03-04 14:00:00+00:00,1561.21,1553.987785284943,1572.6356387083622,171.91736830828813,0.009977012000000016,2,2,0.010075518347948077,take_profit
2021-03-04 15:00:00+00:00,2021-03-04 16:00:00+00:00,1574.27,1566.9873692459867,1585.7912176769385,172.1962506426862,0.0099770120000002,2,2,0.012875809105172544,take_profit
2021-03-04 17:00:00+00:00,2021-03-04 17:00:00+00:00,1584.97,1570.5760989023677,1589.4230120891962,351.6301797543638,0.009977011999999915,3,1,0.018277948478520115,take_profit
2021-03-04 18:00:00+00:00,2021-03-04 18:00:00+00:00,1562.29,1539.247806829476,1557.7187805114297,652.3715784043379,0.00997701200000004,5,1,0.03549277022831872,take_profit
2021-03-04 19:00:00+00:00,2021-03-04 19:00:00+00:00,1507.77,1507.77,1525.86324,53.54003600441865,0.009977011999999955,1,1,0.000875465090829461,take_profit
2021-03-04 20:00:00+00:00,2021-03-04 20:00:00+00:00,1526.83,1512.9640971672034,1531.1196663332098,355.1276763906353,0.009977011999999992,3,1,0.013406862584570665,take_profit
2021-03-04 21:00:00+00:00,2021-03-04 23:00:00+00:00,1531.19,1524.1066589058814,1542.395938812752,174.76720118932644,0.009977011999999997,2,3,0.012970304142529749,take_profit
2021-03-05 00:00:00+00:00,2021-03-05 00:00:00+00:00,1539.22,1516.518065934024,1534.7162827252323,659.9292010011559,0.009977012000000014,5,1,0.044905861410324786,take_profit
2021-03-05 01:00:00+00:00,2021-03-05 02:00:00+00:00,1479.17,1459.160574837464,1476.6705017355137,602.9845501875243,0.009977012000000157,4,2,0.022796568345761492,take_profit
2021-03-05 03:00:00+00:00,2021-03-05 08:00:00+00:00,1480.97,1460.9362253946733,1478.4674600994094,606.3334479993064,0.009977012000000028,4,6,0.026543414113722727,take_profit
2021-03-05 09:00:00+00:00,2021-03-05 10:00:00+00:00,1456.06,1456.06,1473.53272,54.76355794798474,0.009977012000000016,1,2,0.002348804307514694,take_profit
2021-03-05 11:00:00+00:00,2021-03-05 12:00:00+00:00,1471.51,1464.7027407745568,1482.2791736638515,178.17181412724312,0.009977012000000203,2,2,0.007169506153542928,take_profit
2021-03-05 13:00:00+00:00,2021-03-05 13:00:00+00:00,1482.55,1475.691669329681,1493.3999693616372,178.46084235013768,0.009977012000000096,2,1,0.007777140737243245,take_profit
2021-03-05 14:00:00+00:00,2021-03-05 14:00:00+00:00,1489.45,1489.45,1507.3234,54.96878319638836,0.009977011999999978,1,1,0.0016180469300749148,take_profit
2021-03-05 15:00:00+00:00,2021-03-05 15:00:00+00:00,1493.55,1486.6407829262723,1504.4804723213877,178.83950914529487,0.009977012000000033,2,1,0.008275585015566871,take_profit
2021-03-05 16:00:00+00:00,2021-03-05 16:00:00+00:00,1481.27,1461.2321671542081,1478.7669531600586,613.284327116824,0.0099770119999999,4,1,0.022109406117723305,take_profit
2021-03-05 17:00:00+00:00,2021-03-05 17:00:00+00:00,1477.95,1477.95,1495.6854,55.39135585786153,0.009977012000000106,1,1,0.002665854731215572,take_profit
2021-03-05 18:00:00+00:00,2021-03-05 18:00:00+00:00,1507.11,1507.11,1525.1953199999998,55.418987868963995,0.00997701199999974,1,1,0.002508111551247071,take_profit
2021-03-05 19:00:00+00:00,2021-03-05 21:00:00+00:00,1521.65,1521.65,1539.9098000000001,55.446633664315414,0.009977012000000026,1,3,0.0032464758650149867,take_profit
2021-03-05 22:00:00+00:00,2021-03-06 05:00:00+00:00,1531.56,1524.474947272312,1542.7686466395796,180.39418323773862,0.009977011999999737,2,7,0.00866436835644701,take_profit
2021-03-06 06:00:00+00:00,2021-03-06 08:00:00+00:00,1574.82,1574.82,1593.71784,55.56428299733216,0.009977012000000146,1,3,0.002920968745634364,take_profit
2021-03-06 09:00:00+00:00,2021-03-06 16:00:00+00:00,1575.0,1551.770347218778,1570.3915913854032,681.5167563497525,0.009977011999999915,5,8,0.03934603174603176,take_profit
2021-03-06 17:00:00+00:00,2021-03-06 17:00:00+00:00,1580.23,1580.23,1599.1927600000001,55.93197631605835,0.009977012000000016,1,1,0.0022338520341975364,take_profit
2021-03-06 18:00:00+00:00,2021-03-06 18:00:00+00:00,1600.98,1600.98,1620.19176,55.95987801600222,0.009977011999999912,1,1,0.0011118190108558338,take_profit
2021-03-06 19:00:00+00:00,2021-03-06 20:00:00+00:00,1615.63,1615.63,1635.0175600000002,55.987793634727495,0.009977012000000101,1,2,0.004920681096538221,take_profit
2021-03-06 21:00:00+00:00,2021-03-06 21:00:00+00:00,1653.09,1645.4427450353799,1665.1880579758044,182.15483315301753,0.009977011999999943,2,1,0.010785861628828393,take_profit
2021-03-06 22:00:00+00:00,2021-03-06 22:00:00+00:00,1642.89,1642.89,1662.6046800000001,56.106591226985984,0.009977012000000075,1,1,0.00389557426242785,take_profit
2021-03-06 23:00:00+00:00,2021-03-06 23:00:00+00:00,1665.29,1650.1666730229115,1669.9686730991864,372.1514750381248,0.009977012000000094,3,1,0.013757363582318908,take_profit
2021-03-07 00:00:00+00:00,2021-03-07 00:00:00+00:00,1650.68,1650.68,1670.48816,56.32022802029678,0.009977012000000004,1,1,0.00018780139094201953,take_profit
2021-03-07 01:00:00+00:00,2021-03-07 01:00:00+00:00,1670.99,1648.3857358840798,1668.1663647146888,627.3446671848506,0.009977012000000013,4,1,0.02088582217727221,take_profit
2021-03-07 02:00:00+00:00,2021-03-07 02:00:00+00:00,1642.25,1642.25,1661.957,56.66127466346916,0.009977012000000068,1,1,0.001071700411021459,take_profit
2021-03-07 03:00:00+00:00,2021-03-07 05:00:00+00:00,1656.15,1648.488589363159,1668.270452435517,184.34598619652752,0.009977011999999893,2,3,0.008386921474504181,take_profit
2021-03-07 06:00:00+00:00,2021-03-07 07:00:00+00:00,1663.31,1655.6154669405767,1675.4828525438636,184.64503008879547,0.009977012000000066,2,2,0.0076714503009060195,take_profit
2021-03-07 08:00:00+00:00,2021-03-07 22:00:00+00:00,1684.54,1659.6947433040764,1679.6110802237254,697.2283491759445,0.00997701200000017,5,15,0.032169019435572946,take_profit
2021-03-07 23:00:00+00:00,2021-03-07 23:00:00+00:00,1678.62,1678.62,1698.76344,57.221424344524166,0.009977012000000137,1,1,0.00037530828895156843,take_profit
2021-03-08 00:00:00+00:00,2021-03-08 00:00:00+00:00,1726.46,1726.46,1747.17752,57.2499692863903,0.009977011999999964,1,1,0.00023748016171824533,take_profit
2021-03-08 01:00:00+00:00,2021-03-08 05:00:00+00:00,1742.2,1726.3782150499414,1747.0947536305407,379.735429472501,0.009977012000000028,3,5,0.018482378601767907,take_profit
2021-03-08 06:00:00+00:00,2021-03-08 14:00:00+00:00,1749.85,1724.041487035415,1744.72998487984,704.5146172438108,0.009977011999999884,5,9,0.048512729662542435,take_profit
2021-03-08 15:00:00+00:00,2021-03-08 15:00:00+00:00,1733.58,1725.5603953435289,1746.2671200876512,188.02014655278253,0.009977011999999837,2,1,0.006899018216638423,take_profit
2021-03-08 16:00:00+00:00,2021-03-08 19:00:00+00:00,1742.1,1734.0409815110704,1754.8494732892034,188.3251506248016,0.009977012000000122,2,4,0.011336892256472074,take_profit
2021-03-08 20:00:00+00:00,2021-03-08 22:00:00+00:00,1773.61,1773.61,1794.89332,58.00714733157747,0.009977011999999964,1,3,0.005305563229796773,take_profit
2021-03-08 23:00:00+00:00,2021-03-08 23:00:00+00:00,1788.12,1788.1200000000001,1809.5774400000003,58.03608423182868,0.009977012000000061,1,1,0.0016945171465002197,take_profit
2021-03-09 00:00:00+00:00,2021-03-09 00:00:00+00:00,1833.22,1816.571617147201,1838.3704765529676,384.94968024227273,0.009977012000000202,3,1,0.014226333991555802,take_profit
2021-03-09 01:00:00+00:00,2021-03-09 01:00:00+00:00,1814.9,1814.9000000000003,1836.6788000000004,58.257067946227835,0.009977012000000025,1,1,0.0006832332359909686,take_profit
2021-03-09 02:00:00+00:00,2021-03-09 13:00:00+00:00,1844.17,1819.22304893826,1841.0537255255192,648.9189086507395,0.009977012000000101,4,12,0.02492720302358244,take_profit
2021-03-09 14:00:00+00:00,2021-03-09 16:00:00+00:00,1839.21,1822.5072189771565,1844.3773056048824,388.56155244652473,0.009977012000000063,3,3,0.01427243218555793,take_profit
2021-03-09 17:00:00+00:00,2021-03-09 22:00:00+00:00,1831.42,1822.9477839153924,1844.823157322377,191.2208468262579,0.009977012000000033,2,6,0.011821428181411195,take_profit
2021-03-09 23:00:00+00:00,2021-03-09 23:00:00+00:00,1845.43,1845.43,1867.57516,58.89906790420628,0.009977012000000157,1,1,0.0042483323669823,take_profit
2021-03-10 00:00:00+00:00,2021-03-10 01:00:00+00:00,1870.5,1842.9120218874434,1865.0269661500927,722.419143103587,0.009977011999999784,5,2,0.028361400695001312,take_profit
2021-03-10 02:00:00+00:00,2021-03-10 02:00:00+00:00,1826.16,1799.2259919219325,1820.8167038249958,726.8371254298545,0.009977011999999763,5,1,0.030205458448328778,take_profit
2021-03-10 03:00:00+00:00,2021-03-10 03:00:00+00:00,1795.82,1771.5271020265518,1792.7854272508705,664.1190546986472,0.00997701200000007,4,1,0.02161686583287854,take_profit
2021-03-10 04:00:00+00:00,2021-03-10 05:00:00+00:00,1777.52,1777.52,1798.85024,59.98270828758814,0.009977011999999967,1,2,0.0058283451100408995,take_profit
2021-03-10 06:00:00+00:00,2021-03-10 08:00:00+00:00,1800.72,1800.72,1822.32864,60.012630697607165,0.009977011999999988,1,3,0.003148740503798521,take_profit
2021-03-10 09:00:00+00:00,2021-03-10 13:00:00+00:00,1823.18,1814.7459024575821,1836.522853287073,195.24953605272822,0.00997701199999996,2,5,0.01072850733334074,take_profit
2021-03-10 14:00:00+00:00,2021-03-10 17:00:00+00:00,1844.28,1835.748293083771,1857.7772726007763,195.56626755542675,0.009977012000000066,2,4,0.012758366408571352,take_profit
2021-03-10 18:00:00+00:00,2021-03-11 21:00:00+00:00,1852.76,1812.9214270906261,1834.6764842157136,874.1134434746491,0.009977011999999754,7,28,0.06895658369135775,take_profit
2021-03-11 22:00:00+00:00,2021-03-11 22:00:00+00:00,1838.72,1822.0216689109334,1843.8859289378647,402.24335540542234,0.009977012000000137,3,1,0.01344957361642883,take_profit
2021-03-11 23:00:00+00:00,2021-03-12 00:00:00+00:00,1825.86,1809.278456968824,1830.9897984524498,403.5736525059692,0.009977011999999908,3,2,0.017257621066237277,take_profit
2021-03-12 01:00:00+00:00,2021-03-13 10:00:00+00:00,1815.95,1789.1665790678983,1810.636578016713,748.7411372699426,0.009977011999999794,5,34,0.05299154712409484,take_profit
2021-03-13 11:00:00+00:00,2021-03-13 11:00:00+00:00,1861.02,1861.0200000000002,1883.3522400000002,61.44907101176159,0.009977011999999978,1,1,0.002418028822903569,take_profit
2021-03-13 12:00:00+00:00,2021-03-13 12:00:00+00:00,1871.8,1863.1409845545159,1885.49867636917,199.9229573249795,0.009977011999999843,2,1,0.012282295116999685,take_profit
2021-03-13 13:00:00+00:00,2021-03-13 17:00:00+00:00,1881.62,1872.9155568743818,1895.3905435568743,200.24726999674021,0.009977011999999902,2,5,0.010676969845133406,take_profit
2021-03-13 18:00:00+00:00,2021-03-13 20:00:00+00:00,1913.51,1913.51,1936.47212,61.67935007570668,0.009977011999999954,1,3,0.006485463885738816,take_profit
2021-03-13 21:00:00+00:00,2021-03-13 21:00:00+00:00,1933.32,1907.1670751467145,1930.053080048475,687.0393232690258,0.009977011999999917,4,1,0.020627728467092817,take_profit
2021-03-13 22:00:00+00:00,2021-03-13 23:00:00+00:00,1914.24,1914.24,1937.21088,62.05284883513559,0.009977011999999905,1,2,0.0037299398194584276,take_profit
2021-03-14 00:00:00+00:00,2021-03-30 19:00:00+00:00,1922.35,1829.100763408373,1851.0499725692735,1180.5120348424825,0.009977011999999957,11,404,0.2004993887689546,take_profit
2021-03-30 20:00:00+00:00,2021-03-31 07:00:00+00:00,1858.27,1830.8624019849135,1852.8327508087325,768.320915449236,0.009977012000000115,5,12,0.030818987552939013,take_profit
2021-03-31 08:00:00+00:00,2021-03-31 08:00:00+00:00,1814.04,1789.5006315556384,1810.974639134306,702.0232487045287,0.009977012000000058,4,1,0.025297126854975566,take_profit
2021-03-31 09:00:00+00:00,2021-03-31 13:00:00+00:00,1807.6,1799.2379761089553,1820.8288318222628,206.18752057090023,0.009977012000000111,2,5,0.012502766098694352,take_profit
2021-03-31 14:00:00+00:00,2021-03-31 15:00:00+00:00,1829.05,1829.05,1850.9986,63.50904190974143,0.009977011999999971,1,2,0.002547770700636863,take_profit
2021-03-31 16:00:00+00:00,2021-03-31 18:00:00+00:00,1849.1,1849.1,1871.2892,63.5407234334034,0.00997701199999995,1,3,0.00585149532204853,take_profit
2021-03-31 19:00:00+00:00,2021-03-31 19:00:00+00:00,1891.9,1891.9,1914.6028000000001,63.572420761413014,0.009977012000000018,1,1,8.985675775679092e-05,take_profit
2021-03-31 20:00:00+00:00,2021-03-31 20:00:00+00:00,1900.63,1900.63,1923.43756,63.60413390165377,0.00997701200000009,1,1,0.004582691002457099,take_profit
2021-03-31 21:00:00+00:00,2021-04-01 02:00:00+00:00,1939.11,1921.499977376588,1944.557977105107,421.8822019370418,0.009977011999999905,3,6,0.019333611811604298,take_profit
2021-04-01 03:00:00+00:00,2021-04-01 08:00:00+00:00,1925.34,1916.4333065510157,1939.4305062296278,207.61877084180014,0.00997701200000008,2,6,0.013223638422304533,take_profit
2021-04-01 09:00:00+00:00,2021-04-01 16:00:00+00:00,1943.36,1925.7113810121994,1948.8199175843458,423.96408422952663,0.009977012000000101,3,8,0.01922443602832203,take_profit
2021-04-01 17:00:00+00:00,2021-04-01 17:00:00+00:00,1946.39,1937.3859284790383,1960.6345596207868,208.6433171265562,0.009977011999999856,2,1,0.00867760315250289,take_profit
2021-04-01 18:00:00+00:00,2021-04-01 18:00:00+00:00,1940.3,1911.6825426721234,1934.622733184189,787.8470137906552,0.009977012000000052,5,1,0.02849043962273874,take_profit
2021-04-01 19:00:00+00:00,2021-04-02 01:00:00+00:00,1967.13,1958.02998447843,1981.5263442921712,210.25981203003175,0.009977012000000169,2,7,0.00948081723119473,take_profit
2021-04-02 02:00:00+00:00,2021-04-02 03:00:00+00:00,1995.55,1986.3185125161679,2010.1543346663618,210.60089302599954,0.00997701199999972,2,2,0.006739996492195157,take_profit
2021-04-02 04:00:00+00:00,2021-04-02 14:00:00+00:00,1996.63,1987.393516396561,2011.2422385933196,210.94252731956294,0.009977011999999869,2,11,0.0078933002108554,take_profit
2021-04-02 15:00:00+00:00,2021-04-02 16:00:00+00:00,2070.15,2051.3499379437694,2075.9661371990946,430.7512998824386,0.009977011999999796,3,2,0.014240513972417466,take_profit
2021-04-02 17:00:00+00:00,2021-04-02 19:00:00+00:00,2058.72,2040.023739460231,2064.5040243337535,432.17587830640696,0.009977011999999846,3,3,0.013411245822647034,take_profit
2021-04-02 20:00:00+00:00,2021-04-02 20:00:00+00:00,2062.7,2062.7,2087.4523999999997,65.40413149940014,0.009977011999999907,1,1,0.0008241625054539284,take_profit
2021-04-02 21:00:00+00:00,2021-04-02 23:00:00+00:00,2091.01,2091.01,2116.1021200000005,65.43675838964282,0.009977012000000169,1,3,0.006025796146360066,take_profit
2021-04-03 00:00:00+00:00,2021-04-05 14:00:00+00:00,2133.69,2087.8107902637134,2112.864519746878,950.0337603545486,0.009977012000000006,7,63,0.07426102198538684,take_profit
2021-04-05 15:00:00+00:00,2021-04-05 20:00:00+00:00,2118.21,2098.9734811737662,2124.1611629478516,437.17983102328435,0.009977011999999966,3,6,0.014266762974398314,take_profit
2021-04-05 21:00:00+00:00,2021-04-06 00:00:00+00:00,2104.13,2094.3962174541584,2119.5289720636083,215.14711627352517,0.009977012000000072,2,4,0.009509868686820784,take_profit
2021-04-06 01:00:00+00:00,2021-04-10 02:00:00+00:00,2141.73,2077.9290373689014,2102.8641858173282,1110.8604368415254,0.0099770120000001,8,98,0.09885466422004642,take_profit
2021-04-10 03:00:00+00:00,2021-04-10 03:00:00+00:00,2116.55,2116.55,2141.9486,66.82289355168996,0.009977012000000084,1,1,0.00037324891923175144,take_profit
2021-04-10 04:00:00+00:00,2021-04-10 04:00:00+00:00,2144.4,2144.4,2170.1328000000003,66.85622819223227,0.00997701200000013,1,1,8.393956351440544e-05,take_profit
2021-04-10 05:00:00+00:00,2021-04-10 05:00:00+00:00,2191.18,2171.2808043009586,2197.3361739525703,443.45313791328226,0.009977012000000179,3,1,0.016502523754324087,take_profit
2021-04-10 06:00:00+00:00,2021-04-12 06:00:00+00:00,2172.16,2140.12284280301,2165.8043169166463,822.728651252095,0.009977012000000129,5,49,0.040802703299940915,take_profit
2021-04-12 07:00:00+00:00,2021-04-12 09:00:00+00:00,2185.46,2155.8962593104807,2181.7670144222066,751.7361937447567,0.009977012000000157,4,3,0.026264493516239187,take_profit
2021-04-12 10:00:00+00:00,2021-04-12 13:00:00+00:00,2144.47,2134.5496031347484,2160.1641983723653,220.788445678485,0.00997701199999996,2,4,0.01171385004220152,take_profit
2021-04-12 14:00:00+00:00,2021-04-12 20:00:00+00:00,2150.22,2121.1329672904476,2146.586562897933,757.1374691768724,0.009977012000000092,4,7,0.022425612262931143,take_profit
2021-04-12 21:00:00+00:00,2021-04-13 03:00:00+00:00,2147.54,2147.54,2173.31048,68.38405798768599,0.009977012000000077,1,7,0.005592445309516826,take_profit
2021-04-13 04:00:00+00:00,2021-04-13 06:00:00+00:00,2163.37,2163.37,2189.3304399999997,68.41817141604224,0.00997701199999988,1,3,0.005241821787303925,take_profit
2021-04-13 07:00:00+00:00,2021-04-13 08:00:00+00:00,2158.41,2158.41,2184.31092,68.45230186190474,0.009977011999999985,1,2,0.0038917536519936604,take_profit
2021-04-13 09:00:00+00:00,2021-04-13 14:00:00+00:00,2220.3,2210.0288107737956,2236.549156503081,222.70778709274236,0.009977011999999853,2,6,0.011390352655046598,take_profit
2021-04-13 15:00:00+00:00,2021-04-13 16:00:00+00:00,2261.66,2251.197477896979,2278.211847631743,223.06906104757581,0.009977012000000101,2,2,0.008250577009806892,take_profit
2021-04-13 17:00:00+00:00,2021-04-13 17:00:00+00:00,2271.6,2271.6,2298.8592,68.70882538192109,0.009977012000000021,1,1,0.0012502201091740143,take_profit
2021-04-13 18:00:00+00:00,2021-04-13 18:00:00+00:00,2310.05,2278.8008720453254,2306.146482509869,765.339855803657,0.009977011999999966,4,1,0.025995108330988583,take_profit
2021-04-13 19:00:00+00:00,2021-04-13 19:00:00+00:00,2264.64,2264.64,2291.8156799999997,69.12489106695921,0.009977011999999945,1,1,0.00037091988130550144,take_profit
2021-04-13 20:00:00+00:00,2021-04-14 03:00:00+00:00,2297.38,2286.752235867001,2314.1932626974053,224.89603861104115,0.009977011999999955,2,8,0.012832008635924408,take_profit
2021-04-14 04:00:00+00:00,2021-04-14 04:00:00+00:00,2347.1,2347.1,2375.2652,69.2715635841414,0.009977011999999914,1,1,0.003877124962719914,take_profit
2021-04-14 05:00:00+00:00,2021-04-14 05:00:00+00:00,2371.28,2360.310371756829,2388.634096217911,225.37323383809417,0.009977012000000132,2,1,0.007708916703215225,take_profit
2021-04-14 06:00:00+00:00,2021-04-14 06:00:00+00:00,2360.52,2360.52,2388.84624,69.41854731812327,0.009977012000000044,1,1,0.002948502872248503,take_profit
2021-04-14 07:00:00+00:00,2021-04-14 08:00:00+00:00,2388.44,2356.1304538117947,2384.404019257536,773.2453683967469,0.0099770119999999,4,2,0.025409890974862275,take_profit
2021-04-14 09:00:00+00:00,2021-04-14 09:00:00+00:00,2347.0,2325.685725360012,2353.593954064332,463.006111797622,0.009977012000000202,3,1,0.015764806135492117,take_profit
2021-04-14 10:00:00+00:00,2021-04-14 11:00:00+00:00,2341.87,2341.87,2369.97244,70.06988159474895,0.00997701199999991,1,2,0.0038985938587539487,take_profit
2021-04-14 12:00:00+00:00,2021-04-14 16:00:00+00:00,2390.0,2354.7499237161137,2383.006922800707,859.43335981782,0.009977011999999853,5,5,0.04054811715481165,take_profit
2021-04-14 17:00:00+00:00,2021-04-14 17:00:00+00:00,2374.1,2341.9844377060267,2370.088250958499,785.2736886013154,0.00997701199999991,4,1,0.02138915799671444,take_profit
2021-04-14 18:00:00+00:00,2021-04-14 18:00:00+00:00,2329.96,2319.1815195921786,2347.011697827285,230.63856520572153,0.009977012000000056,2,1,0.01204741712304081,take_profit
2021-04-14 19:00:00+00:00,2021-04-14 20:00:00+00:00,2337.75,2326.9354827664915,2354.8587085596896,231.01270437560015,0.009977012000000186,2,2,0.012298149930488719,take_profit
2021-04-14 21:00:00+00:00,2021-04-14 21:00:00+00:00,2370.98,2370.98,2399.43176,71.15559410797505,0.00997701200000007,1,1,0.0009784983424576182,take_profit
2021-04-14 22:00:00+00:00,2021-04-15 03:00:00+00:00,2426.13,2414.9066336452865,2443.88551324903,231.5028782381305,0.009977011999999806,2,6,0.010770239022641041,take_profit
2021-04-15 04:00:00+00:00,2021-04-15 08:00:00+00:00,2475.95,2453.464666256975,2482.9062422520587,472.73618551338586,0.009977012000000007,3,5,0.017932510753448025,take_profit
2021-04-15 09:00:00+00:00,2021-04-15 10:00:00+00:00,2436.6,2425.3281990413147,2454.4321374298106,232.6452865707215,0.009977012000000153,2,2,0.011290322580645065,take_profit
2021-04-15 11:00:00+00:00,2021-04-15 12:00:00+00:00,2412.97,2412.97,2441.92564,71.65845543907744,0.009977011999999983,1,2,0.0032698292975046825,take_profit
2021-04-15 13:00:00+00:00,2021-04-15 13:00:00+00:00,2439.15,2439.15,2468.4198,71.69420230256765,0.009977011999999891,1,1,0.0017424102658713076,take_profit
2021-04-15 14:00:00+00:00,2021-04-15 19:00:00+00:00,2465.82,2454.413026249715,2483.865982564712,233.25522601703415,0.00997701200000014,2,6,0.013131534337461821,take_profit
2021-04-15 20:00:00+00:00,2021-04-15 22:00:00+00:00,2478.58,2478.58,2508.32296,71.84632650785534,0.009977012000000002,1,3,0.0004357333634580797,take_profit
2021-04-15 23:00:00+00:00,2021-04-16 00:00:00+00:00,2528.08,2516.3850092064217,2546.5816293168987,233.75015816980158,0.00997701199999996,2,2,0.009920572133793206,take_profit
2021-04-16 01:00:00+00:00,2021-04-16 01:00:00+00:00,2528.94,2494.7298445273063,2524.666602661634,801.5863449398603,0.009977011999999666,4,1,0.021218376078515053,take_profit
2021-04-16 02:00:00+00:00,2021-04-16 21:00:00+00:00,2506.48,2431.81333482017,2460.995094838012,1213.6158101804613,0.00997701199999973,8,20,0.08237847499281863,take_profit
2021-04-16 22:00:00+00:00,2021-04-17 00:00:00+00:00,2445.21,2433.8983688655553,2463.105149291942,237.39838218139994,0.009977011999999938,2,3,0.01105426527782898,take_profit
2021-04-17 01:00:00+00:00,2021-04-17 01:00:00+00:00,2460.0,2460.0,2489.52,73.1224846271889,0.00997701200000013,1,1,0.0,take_profit
2021-04-17 02:00:00+00:00,2021-04-21 13:00:00+00:00,2476.94,2356.788745502502,2385.070210448532,1391.1041110992956,0.009977012000000104,11,106,0.2140302147003965,take_profit
2021-04-21 14:00:00+00:00,2021-04-21 14:00:00+00:00,2388.26,2377.211821654112,2405.7383635139613,240.15873822205685,0.009977011999999931,2,1,0.011728203796906625,take_profit
2021-04-21 15:00:00+00:00,2021-04-21 15:00:00+00:00,2440.76,2418.594244154113,2447.617375083962,490.41172485129937,0.009977012000000042,3,1,0.014241465772956053,take_profit
2021-04-21 16:00:00+00:00,2021-04-21 16:00:00+00:00,2442.79,2431.489563874306,2460.6674386407976,241.34386104116493,0.009977012000000242,2,1,0.008191453215380676,take_profit
2021-04-21 17:00:00+00:00,2021-04-21 19:00:00+00:00,2426.63,2415.4043206269494,2444.3891724744726,241.7353662161222,0.009977011999999924,2,3,0.012399912636042638,take_profit
2021-04-21 20:00:00+00:00,2021-04-21 20:00:00+00:00,2436.95,2403.9842363285884,2432.8320471645316,828.9695723205805,0.009977012000000066,4,1,0.021727979646689436,take_profit
2021-04-21 21:00:00+00:00,2021-04-21 22:00:00+00:00,2401.3,2368.8164905705244,2397.2422884573707,833.5735615702433,0.009977011999999896,4,2,0.023720484737433902,take_profit
2021-04-21 23:00:00+00:00,2021-04-21 23:00:00+00:00,2363.0,2352.0686753404852,2380.293499444571,244.82446441878346,0.00997701199999981,2,1,0.01184934405416843,take_profit
2021-04-22 00:00:00+00:00,2021-04-22 00:00:00+00:00,2357.06,2335.6543654951292,2363.6822178810708,499.9392850340373,0.009977011999999959,3,1,0.018497619916336416,take_profit
2021-04-22 01:00:00+00:00,2021-04-22 01:00:00+00:00,2416.17,2404.9927089705548,2433.8526214782014,246.03261142024712,0.00997701200000006,2,1,0.006812434555515562,take_profit
2021-04-22 02:00:00+00:00,2021-04-22 02:00:00+00:00,2400.24,2367.770829686834,2396.184079643076,843.7058749757416,0.009977012000000052,4,1,0.023847615238476064,take_profit
2021-04-22 03:00:00+00:00,2021-04-22 03:00:00+00:00,2406.02,2394.889663242791,2423.6283392017044,247.80037238562727,0.009977012000000103,2,1,0.012144537451891422,take_profit
2021-04-22 04:00:00+00:00,2021-04-22 04:00:00+00:00,2390.21,2390.21,2418.89252,76.32646336458038,0.00997701200000005,1,1,0.0012007313164951576,take_profit
2021-04-22 05:00:00+00:00,2021-04-22 05:00:00+00:00,2446.92,2435.6004583428444,2464.8276638429584,248.32616712924573,0.009977011999999903,2,1,0.009027675608520159,take_profit
2021-04-22 06:00:00+00:00,2021-04-22 07:00:00+00:00,2478.89,2456.377966654316,2485.854502254168,507.0898725115985,0.009977012000000323,3,2,0.013687577907853854,take_profit
2021-04-22 08:00:00+00:00,2021-04-22 08:00:00+00:00,2471.02,2437.593355486435,2466.8444757522725,854.3873485385848,0.009977012000000052,4,1,0.02470639654879369,take_profit
2021-04-22 09:00:00+00:00,2021-04-22 09:00:00+00:00,2453.42,2442.0703891044664,2471.37523377372,250.93757126618948,0.009977012000000002,2,1,0.007846190216106497,take_profit
2021-04-22 10:00:00+00:00,2021-04-22 10:00:00+00:00,2493.96,2482.4228495777215,2512.2119237726542,251.34463924512602,0.009977011999999825,2,1,0.007229466390800254,take_profit
2021-04-22 11:00:00+00:00,2021-04-22 11:00:00+00:00,2512.09,2512.09,2542.2350800000004,77.4181540347845,0.009977012000000124,1,1,0.000529439629949535,take_profit
2021-04-22 12:00:00+00:00,2021-04-22 12:00:00+00:00,2544.37,2544.37,2574.90244,77.45677412737496,0.009977012000000037,1,1,6.288393590549114e-05,take_profit
2021-04-22 13:00:00+00:00,2021-04-22 13:00:00+00:00,2550.57,2550.57,2581.17684,77.49541348562252,0.009977012000000044,1,1,0.004124568233767347,take_profit
2021-04-22 14:00:00+00:00,2021-04-22 14:00:00+00:00,2541.92,2541.92,2572.42304,77.53407211913691,0.009977012000000023,1,1,0.0002675143198842965,take_profit
2021-04-22 15:00:00+00:00,2021-04-22 16:00:00+00:00,2601.22,2589.1866608841206,2620.25690081473,252.2550908628,0.009977012000000191,2,2,0.010079885592145147,take_profit
2021-04-22 17:00:00+00:00,2021-04-22 17:00:00+00:00,2612.25,2573.7219616014304,2604.606625140648,952.5271299688466,0.009977011999999941,5,1,0.03374868408460134,take_profit
2021-04-22 18:00:00+00:00,2021-04-22 18:00:00+00:00,2526.18,2514.493798676101,2544.667724260214,254.209474422114,0.009977012000000013,2,1,0.008384200650784915,take_profit
2021-04-22 19:00:00+00:00,2021-04-22 19:00:00+00:00,2539.8,2502.3405256293668,2532.368611936919,959.9069745390734,0.00997701199999994,5,1,0.028269942515158745,take_profit
2021-04-22 20:00:00+00:00,2021-04-22 20:00:00+00:00,2535.56,2485.8948469791667,2515.7255851429168,1098.8270084965334,0.009977011999999912,6,1,0.06135133856031802,take_profit
2021-04-22 21:00:00+00:00,2021-04-22 21:00:00+00:00,2400.47,2365.065501833816,2393.446287855822,972.4972421674756,0.009977012000000144,5,1,0.04042125083837738,take_profit
2021-04-22 22:00:00+00:00,2021-04-22 22:00:00+00:00,2415.32,2404.1466411017273,2432.996400794948,259.5390777126013,0.009977012000000065,2,1,0.012354470629150648,take_profit
2021-04-22 23:00:00+00:00,2021-04-22 23:00:00+00:00,2404.2,2404.2,2433.0503999999996,79.94217166017643,0.009977011999999822,1,1,0.005619332834206707,take_profit
2021-04-23 00:00:00+00:00,2021-04-23 00:00:00+00:00,2397.94,2376.163113877199,2404.6770712437255,530.2513742231531,0.009977011999999974,3,1,0.01643493999015816,take_profit
2021-04-23 01:00:00+00:00,2021-04-23 01:00:00+00:00,2373.86,2338.8479723484243,2366.9141480166054,983.7634704582888,0.009977012000000018,5,1,0.05217662372675731,take_profit
2021-04-23 02:00:00+00:00,2021-04-23 02:00:00+00:00,2321.81,2252.644552886446,2279.6762875210834,1353.3966726059734,0.009977011999999768,8,1,0.08864205081380473,take_profit
2021-04-23 03:00:00+00:00,2021-04-23 03:00:00+00:00,2250.58,2240.1687343833214,2267.0507591959213,264.74126146937124,0.009977011999999987,2,1,0.011721422922091242,take_profit
2021-04-23 04:00:00+00:00,2021-04-23 04:00:00+00:00,2282.74,2249.0718999429796,2276.0607627422955,999.675499547855,0.00997701200000001,5,1,0.03741994270043878,take_profit
2021-04-23 05:00:00+00:00,2021-04-23 05:00:00+00:00,2207.11,2174.5573657460554,2200.6520541350083,1005.7890538897918,0.009977012000000186,5,1,0.03267168378558392,take_profit
2021-04-23 06:00:00+00:00,2021-04-23 06:00:00+00:00,2228.44,2195.572769876961,2221.9196431154846,1011.939995910725,0.009977012000000217,5,1,0.032565382060993416,take_profit
2021-04-23 07:00:00+00:00,2021-04-23 07:00:00+00:00,2210.43,2177.828399112891,2203.9623399022457,1018.1285542564583,0.00997701200000012,5,1,0.04182896540492123,take_profit
2021-04-23 08:00:00+00:00,2021-04-23 08:00:00+00:00,2132.22,2122.3562720839986,2147.8245473490065,271.7171160050166,0.009977011999999787,2,1,0.011828047762425924,take_profit
2021-04-23 09:00:00+00:00,2021-04-23 09:00:00+00:00,2218.11,2185.3951269012346,2211.6198684240494,1026.016655546715,0.009977012000000006,5,1,0.03070632204895164,take_profit
2021-04-23 10:00:00+00:00,2021-04-23 10:00:00+00:00,2198.3,2198.3,2224.6796000000004,84.20503053408174,0.009977011999999933,1,1,0.0032980030023199744,take_profit
2021-04-23 11:00:00+00:00,2021-04-23 11:00:00+00:00,2276.94,2266.406792056608,2293.6036735612875,273.95888088840366,0.00997701200000005,2,1,0.008792502217888912,take_profit
2021-04-23 12:00:00+00:00,2021-04-23 12:00:00+00:00,2295.04,2263.993919343262,2291.161846375381,939.4718690869486,0.009977011999999908,4,1,0.02481873954266594,take_profit
2021-04-23 13:00:00+00:00,2021-04-23 13:00:00+00:00,2244.09,2213.7331438489186,2240.2979415751056,944.689573729047,0.009977011999999976,4,1,0.02242779924156336,take_profit
2021-04-23 14:00:00+00:00,2021-04-23 14:00:00+00:00,2235.33,2224.9892814425925,2251.6891528199035,277.45975831400574,0.009977011999999971,2,1,0.009054591492083845,take_profit
2021-04-23 15:00:00+00:00,2021-04-23 15:00:00+00:00,2296.52,2275.6641593539725,2302.9721292662202,566.5815854086541,0.009977011999999987,3,1,0.019790813927159274,take_profit
2021-04-23 16:00:00+00:00,2021-04-23 16:00:00+00:00,2333.69,2312.496600091779,2340.24655929288,568.455381035521,0.009977011999999872,3,1,0.015019132789702223,take_profit
2021-04-23 17:00:00+00:00,2021-04-23 17:00:00+00:00,2326.29,2294.821185961481,2322.359040193019,957.7810800280567,0.009977011999999987,4,1,0.020367194115952916,take_profit
2021-04-23 18:00:00+00:00,2021-04-23 18:00:00+00:00,2291.11,2291.11,2318.60332,86.50603038752342,0.009977011999999966,1,1,0.003976238591774348,take_profit
2021-04-23 19:00:00+00:00,2021-04-23 20:00:00+00:00,2345.68,2334.8287982956704,2362.8467438752186,281.4451241778479,0.009977012000000066,2,2,0.013318099655536896,take_profit
2021-04-23 21:00:00+00:00,2021-04-23 21:00:00+00:00,2319.89,2309.1581037814803,2336.868001026858,281.9016811505753,0.009977011999999924,2,1,0.006978779166253596,take_profit
2021-04-23 22:00:00+00:00,2021-04-23 23:00:00+00:00,2306.08,2306.08,2333.75296,86.83020986453266,0.00997701200000004,1,2,0.003091826823007055,take_profit
2021-04-24 00:00:00+00:00,2021-04-24 00:00:00+00:00,2367.39,2332.473398287151,2360.463079066597,1065.0050677858817,0.009977012000000328,5,1,0.05169828376397631,take_profit
2021-04-24 01:00:00+00:00,2021-04-24 02:00:00+00:00,2264.44,2243.8754937938747,2270.8019997194015,579.4614756117153,0.009977012000000073,3,2,0.016441151013054007,take_profit
2021-04-24 03:00:00+00:00,2021-04-24 03:00:00+00:00,2285.97,2285.97,2313.40164,87.69386828867573,0.009977012000000063,1,1,0.0,take_profit
2021-04-24 04:00:00+00:00,2021-04-24 04:00:00+00:00,2296.81,2286.1848727079055,2313.6190911804006,285.30972395310164,0.009977012000000465,2,1,0.0069313526151488685,take_profit
2021-04-24 05:00:00+00:00,2021-04-24 06:00:00+00:00,2309.22,2288.2488243356815,2315.7078102277096,582.6114630536831,0.009977011999999891,3,2,0.014550367656611286,take_profit
2021-04-24 07:00:00+00:00,2021-04-24 08:00:00+00:00,2278.35,2267.810269344898,2295.023992577037,286.71765550232885,0.00997701200000008,2,2,0.008782671670287606,take_profit
2021-04-24 09:00:00+00:00,2021-04-24 18:00:00+00:00,2274.08,2240.539626160812,2267.426101674742,1082.6594007396197,0.00997701200000011,5,10,0.052451980581157985,take_profit
2021-04-24 19:00:00+00:00,2021-04-24 20:00:00+00:00,2263.29,2263.29,2290.4494799999998,88.85369199850902,0.009977011999999794,1,2,0.006159175359763908,take_profit
2021-04-24 21:00:00+00:00,2021-04-24 22:00:00+00:00,2293.62,2262.59312834813,2289.7442458883074,989.7312527723116,0.009977011999999931,4,2,0.025902285470130126,take_profit
2021-04-24 23:00:00+00:00,2021-04-24 23:00:00+00:00,2237.92,2217.5963351076593,2244.2074911289515,592.6341596081329,0.00997701200000001,3,1,0.017534138843211658,take_profit
2021-04-25 00:00:00+00:00,2021-04-25 00:00:00+00:00,2214.08,2214.08,2240.64896,89.68738065146135,0.009977011999999955,1,1,0.0055553548200605795,take_profit
2021-04-25 01:00:00+00:00,2021-04-25 01:00:00+00:00,2215.88,2215.8800000000006,2242.4705600000007,89.73212125511236,0.009977012000000021,1,1,0.0003971334187772393,take_profit
2021-04-25 02:00:00+00:00,2021-04-25 03:00:00+00:00,2237.48,2207.2125604138328,2233.699111138799,999.5159771777253,0.00997701200000005,4,2,0.025086257754259305,take_profit
2021-04-25 04:00:00+00:00,2021-04-25 08:00:00+00:00,2186.89,2186.89,2213.1326799999997,90.2754933225624,0.009977011999999794,1,2,0.0013123659626226702,take_profit
2021-04-25 09:00:00+00:00,2021-04-25 09:00:00+00:00,2230.06,2209.8077156780346,2236.325408266171,598.7916439954352,0.00997701200000006,3,1,0.01572155009282259,take_profit
2021-04-25 10:00:00+00:00,2021-04-25 10:00:00+00:00,2255.04,2244.6081022597577,2271.543399486875,294.6803267496507,0.009977011999999957,2,1,0.008718248900241173,take_profit
2021-04-25 11:00:00+00:00,2021-04-25 11:00:00+00:00,2259.49,2259.49,2286.6038799999997,90.76623633526287,0.009977012000000002,1,1,0.002261572301713959,take_profit
2021-04-25 12:00:00+00:00,2021-04-25 12:00:00+00:00,2288.0,2288.0,2315.456,90.81151512671931,0.009977012000000094,1,1,0.0035402097902097504,take_profit
2021-04-25 13:00:00+00:00,2021-04-25 14:00:00+00:00,2320.66,2309.9245417332418,2337.6436362340405,295.45290700685655,0.009977011999999893,2,2,0.008333836063878247,take_profit
2021-04-25 15:00:00+00:00,2021-04-25 17:00:00+00:00,2344.87,2323.575068949693,2351.4579697770896,603.3241630525008,0.009977012000000285,3,3,0.015284429413997233,take_profit
2021-04-25 18:00:00+00:00,2021-04-25 18:00:00+00:00,2325.79,2294.32794969559,2321.8598850919375,1016.530914779607,0.009977012000000063,4,1,0.020410269198852776,take_profit
2021-04-25 19:00:00+00:00,2021-04-25 19:00:00+00:00,2297.64,2276.7739880767685,2304.0952759336897,608.6813392106487,0.00997701199999989,3,1,0.014018732264410454,take_profit
2021-04-25 20:00:00+00:00,2021-04-25 20:00:00+00:00,2268.51,2237.8228030750597,2264.67667671196,1025.5571323823242,0.009977011999999856,4,1,0.025792260117874822,take_profit
2021-04-25 21:00:00+00:00,2021-04-25 21:00:00+00:00,2217.77,2187.7691868123898,2214.0224170541383,1031.252943386833,0.009977011999999959,4,1,0.022441461468051233,take_profit
2021-04-25 22:00:00+00:00,2021-04-25 22:00:00+00:00,2213.01,2213.01,2239.5661200000004,93.1419510346077,0.009977012000000228,1,1,0.003032069443879619,take_profit
2021-04-25 23:00:00+00:00,2021-04-25 23:00:00+00:00,2278.46,2267.919760480864,2295.1347976066345,303.0349197352807,0.009977011999999843,2,1,0.007785960692748715,take_profit
2021-04-26 00:00:00+00:00,2021-04-26 00:00:00+00:00,2320.44,2309.7055594613103,2337.422026174846,303.5264994206336,0.009977011999999985,2,1,0.007240006205719683,take_profit
2021-04-26 01:00:00+00:00,2021-04-26 01:00:00+00:00,2414.43,2414.43,2443.40316,93.49099848064725,0.009977012000000013,1,1,0.0038725496286907924,take_profit
2021-04-26 02:00:00+00:00,2021-04-26 02:00:00+00:00,2447.26,2435.938885490375,2465.1701521162595,304.17053653973926,0.009977011999999822,2,1,0.01125340176360518,take_profit
2021-04-26 03:00:00+00:00,2021-04-26 04:00:00+00:00,2449.51,2449.51,2478.90412,93.68937217598977,0.009977012000000084,1,2,0.006597237814910046,take_profit
2021-04-26 05:00:00+00:00,2021-04-26 05:00:00+00:00,2453.48,2442.1301115422657,2471.435672880773,304.81594020777266,0.009977011999999823,2,1,0.010075484617767335,take_profit
2021-04-26 06:00:00+00:00,2021-04-26 07:00:00+00:00,2468.63,2446.2111428186986,2475.565676532523,622.4437724237432,0.009977011999999867,3,2,0.014121192726330039,take_profit
2021-04-26 08:00:00+00:00,2021-04-26 09:00:00+00:00,2450.0,2427.7503311171827,2456.883335090589,624.502315180478,0.009977011999999872,3,2,0.014428571428571391,take_profit
2021-04-26 10:00:00+00:00,2021-04-26 11:00:00+00:00,2483.38,2483.38,2513.1805600000002,94.5102065941428,0.009977011999999888,1,2,0.006076395879809029,take_profit
2021-04-26 12:00:00+00:00,2021-04-26 16:00:00+00:00,2517.38,2483.3262220598954,2513.1261367246143,1052.7385308171652,0.009977012000000063,4,5,0.02628526483884041,take_profit
2021-04-26 17:00:00+00:00,2021-04-26 17:00:00+00:00,2483.52,2483.52,2513.32224,95.08251231515169,0.0099770120000001,1,1,0.00031004380878752006,take_profit
2021-04-26 18:00:00+00:00,2021-04-26 22:00:00+00:00,2509.21,2472.2016971078283,2501.8681174731223,1166.222650289943,0.009977012000000108,5,5,0.031567704576340776,take_profit
2021-04-26 23:00:00+00:00,2021-04-26 23:00:00+00:00,2510.18,2510.18,2540.3021599999997,95.71171515229798,0.009977011999999853,1,1,0.003294584452110997,take_profit
2021-04-27 00:00:00+00:00,2021-04-27 05:00:00+00:00,2532.06,2497.80763882647,2527.7813304923875,1066.1219991203106,0.009977012000000016,4,6,0.020445803022045284,take_profit
2021-04-27 06:00:00+00:00,2021-04-27 06:00:00+00:00,2528.26,2528.26,2558.5991200000003,96.29129659776481,0.009977012000000032,1,1,0.0003599313361759903,take_profit
2021-04-27 07:00:00+00:00,2021-04-27 12:00:00+00:00,2560.39,2548.5455419615005,2579.1280884650387,313.28123376833537,0.009977012000000333,2,6,0.011373267353801527,take_profit
2021-04-27 13:00:00+00:00,2021-04-27 14:00:00+00:00,2553.99,2542.1751485962104,2572.681250379365,313.7894349038761,0.009977011999999967,2,2,0.00884106828922585,take_profit
2021-04-27 15:00:00+00:00,2021-04-27 15:00:00+00:00,2635.65,2623.4573864414515,2654.938875078749,314.29846043733414,0.00997701199999985,2,1,0.007095023997875391,take_profit
2021-04-27 16:00:00+00:00,2021-04-27 16:00:00+00:00,2663.01,2638.8258813340285,2670.4917919100367,641.8073780794948,0.009977011999999778,3,1,0.014900432217678599,take_profit
2021-04-27 17:00:00+00:00,2021-04-27 23:00:00+00:00,2632.48,2620.302050977707,2651.7456755894395,315.8494440918621,0.009977012000000115,2,7,0.011578435543669854,take_profit
2021-04-28 00:00:00+00:00,2021-04-28 01:00:00+00:00,2666.13,2666.13,2698.12356,97.2866618040589,0.009977011999999976,1,2,0.00024379906456177715,take_profit
2021-04-28 02:00:00+00:00,2021-04-28 11:00:00+00:00,2700.09,2660.2664106806037,2692.189607608771,1193.257369882398,0.00997701199999978,5,10,0.05209085623071827,take_profit
2021-04-28 12:00:00+00:00,2021-04-28 12:00:00+00:00,2692.05,2692.05,2724.3546,97.93045046859152,0.009977011999999915,1,1,0.00397095150535839,take_profit
2021-04-28 13:00:00+00:00,2021-04-28 13:00:00+00:00,2723.56,2686.7171286629145,2718.9577342068696,1090.8362415425654,0.009977011999999888,4,1,0.02011705268104979,take_profit
2021-04-28 14:00:00+00:00,2021-04-28 15:00:00+00:00,2705.25,2680.682278879494,2712.850466226048,653.1740989949321,0.009977012000000087,3,2,0.017451252194806408,take_profit
2021-04-28 16:00:00+00:00,2021-04-28 16:00:00+00:00,2681.02,2681.02,2713.19224,98.84930373735187,0.009977012000000167,1,1,0.005024207204720517,take_profit
2021-04-28 17:00:00+00:00,2021-04-28 20:00:00+00:00,2716.53,2691.8598395876575,2724.1621576627094,655.6611868206382,0.009977011999999895,3,4,0.0187665882578142,take_profit
2021-04-28 21:00:00+00:00,2021-04-28 21:00:00+00:00,2704.46,2704.46,2736.91352,99.22569174827186,0.009977012000000049,1,1,0.004777293803568946,take_profit
2021-04-28 22:00:00+00:00,2021-04-29 09:00:00+00:00,2755.66,2715.0168095345375,2747.597011248952,1217.0402988929272,0.009977012000000068,5,12,0.03181089103880735,take_profit
2021-04-29 10:00:00+00:00,2021-04-29 12:00:00+00:00,2761.69,2761.69,2794.83028,99.88231182746313,0.009977012000000084,1,3,0.0033023257498125754,take_profit
2021-04-29 13:00:00+00:00,2021-04-29 16:00:00+00:00,2786.58,2748.8846276158797,2781.8712431472704,1112.577805055611,0.00997701200000009,4,4,0.022457636242275453,take_profit
2021-04-29 17:00:00+00:00,2021-04-29 21:00:00+00:00,2725.0,2700.252919303805,2732.6559543354506,666.1925756622077,0.009977011999999815,3,5,0.016146788990825688,take_profit
2021-04-29 22:00:00+00:00,2021-04-30 05:00:00+00:00,2741.11,2741.11,2774.0033200000003,100.81947885032969,0.009977011999999955,1,8,0.005537902528537815,take_profit
2021-04-30 06:00:00+00:00,2021-04-30 19:00:00+00:00,2772.16,2746.9846358815553,2779.948451512134,668.7292338779516,0.009977012000000115,3,14,0.017700998499365014,take_profit
2021-04-30 20:00:00+00:00,2021-05-01 01:00:00+00:00,2783.87,2758.5882915457923,2791.691351044342,670.9408516683325,0.009977011999999829,3,6,0.01647706250651068,take_profit
2021-05-01 02:00:00+00:00,2021-05-01 02:00:00+00:00,2797.0,2797.0,2830.564,101.53806793382319,0.009977012000000007,1,1,0.001991419377904957,take_profit
2021-05-01 03:00:00+00:00,2021-05-01 05:00:00+00:00,2824.2,2824.2,2858.0904,101.58872025993514,0.00997701200000004,1,3,0.0009383188159477503,take_profit
2021-05-01 06:00:00+00:00,2021-05-01 11:00:00+00:00,2850.31,2824.4249168516803,2858.3180158539003,673.8315635505132,0.009977011999999844,3,6,0.015812315151685314,take_profit
2021-05-01 12:00:00+00:00,2021-05-01 16:00:00+00:00,2857.75,2857.75,2892.043,101.97553913376578,0.009977012000000002,1,5,0.006610095354737074,take_profit
2021-05-01 17:00:00+00:00,2021-05-01 17:00:00+00:00,2897.98,2897.98,2932.75576,102.0264096926494,0.00997701200000014,1,1,4.485883270419711e-05,take_profit
2021-05-01 18:00:00+00:00,2021-05-02 02:00:00+00:00,2933.17,2919.6010480103478,2954.636260586472,331.9402753395625,0.009977012000000028,2,9,0.011987031096049617,take_profit
2021-05-02 03:00:00+00:00,2021-05-02 16:00:00+00:00,2949.7,2906.1949163118916,2941.069255307634,1253.4221478298568,0.009977011999999912,5,14,0.03303386785096776,take_profit
2021-05-02 17:00:00+00:00,2021-05-02 18:00:00+00:00,2923.72,2923.72,2958.80464,102.8681646243549,0.009977012000000037,1,2,0.0012723516615817522,take_profit
2021-05-02 19:00:00+00:00,2021-05-03 00:00:00+00:00,2966.54,2952.8166771665524,2988.250477292551,334.67890315799013,0.009977011999999872,2,6,0.012876954296924975,take_profit
2021-05-03 01:00:00+00:00,2021-05-03 02:00:00+00:00,2994.06,2994.06,3029.98872,103.08643524164654,0.009977012000000052,1,2,0.0020240075349191216,take_profit
2021-05-03 03:00:00+00:00,2021-05-03 05:00:00+00:00,3030.75,3030.75,3067.119,103.13785997171726,0.009977011999999915,1,3,0.003395199208116791,take_profit
2021-05-03 06:00:00+00:00,2021-05-03 07:00:00+00:00,3102.29,3087.938692688123,3124.9939570003803,335.5563499693744,0.00997701199999991,2,2,0.006923917493206637,take_profit
2021-05-03 08:00:00+00:00,2021-05-03 08:00:00+00:00,3146.95,3146.95,3184.7133999999996,103.3567028415655,0.009977012000000165,1,1,0.004715677084160756,take_profit
2021-05-03 09:00:00+00:00,2021-05-03 14:00:00+00:00,3184.06,3137.0983439780457,3174.7435241057824,1267.7086982472101,0.009977011999999731,5,6,0.03109237891245768,take_profit
2021-05-03 15:00:00+00:00,2021-05-03 16:00:00+00:00,3161.56,3161.56,3199.49872,104.04065963953508,0.009977011999999896,1,2,0.004450334644922179,take_profit
2021-05-03 17:00:00+00:00,2021-05-03 17:00:00+00:00,3254.82,3254.82,3293.87784,104.09256038502099,0.009977011999999928,1,1,0.0025316300133341432,take_profit
2021-05-03 18:00:00+00:00,2021-05-03 18:00:00+00:00,3284.33,3284.33,3323.74196,104.14448702122536,0.009977012000000002,1,1,0.00334923713512345,take_profit
2021-05-03 19:00:00+00:00,2021-05-03 19:00:00+00:00,3331.07,3286.0090564464067,3325.4411651237638,1160.0536937798315,0.009977012000000014,4,1,0.0222751248097459,take_profit
2021-05-03 20:00:00+00:00,2021-05-03 21:00:00+00:00,3301.64,3271.6561645835654,3310.9160385585683,694.6203264651995,0.009977011999999995,3,2,0.016985498116087742,take_profit
2021-05-03 22:00:00+00:00,2021-05-03 22:00:00+00:00,3331.01,3331.01,3370.98212,105.12164480886531,0.009977011999999914,1,1,0.0,take_profit
2021-05-03 23:00:00+00:00,2021-05-03 23:00:00+00:00,3383.06,3383.06,3423.65672,105.17408480445374,0.009977012000000153,1,1,0.004877241314076605,take_profit
2021-05-04 00:00:00+00:00,2021-05-04 00:00:00+00:00,3431.04,3363.8346778539653,3404.200693988213,1467.7155219054257,0.009977012000000104,6,1,0.064423614997202,take_profit
2021-05-04 01:00:00+00:00,2021-05-04 01:00:00+00:00,3260.74,3260.74,3299.86888,105.9587217284934,0.009977012000000028,1,1,0.003444003508405934,take_profit
2021-05-04 02:00:00+00:00,2021-05-04 02:00:00+00:00,3282.13,3252.323344599853,3291.3512247350513,702.8175072137819,0.009977012000000026,3,1,0.019901710169920192,take_profit
2021-05-04 03:00:00+00:00,2021-05-04 03:00:00+00:00,3225.57,3196.276994098633,3234.632318027817,705.1418615617149,0.009977011999999931,3,1,0.013938621700970691,take_profit
2021-05-04 04:00:00+00:00,2021-05-04 04:00:00+00:00,3232.4,3232.4,3271.1888,106.7139406762908,0.0099770119999999,1,1,0.004114589778492817,take_profit
2021-05-04 05:00:00+00:00,2021-05-04 05:00:00+00:00,3348.26,3348.26,3388.4391200000005,106.76717498962716,0.00997701200000005,1,1,0.004121543727189699,take_profit
2021-05-04 06:00:00+00:00,2021-05-04 06:00:00+00:00,3379.02,3363.3885295594614,3403.749191914175,347.36423216349067,0.009977012000000162,2,1,0.01179927908091692,take_profit
2021-05-04 07:00:00+00:00,2021-05-04 07:00:00+00:00,3352.45,3336.941443353876,3376.9847406741223,347.92772233846335,0.009977011999999797,2,1,0.012644483884919946,take_profit
2021-05-04 08:00:00+00:00,2021-05-04 08:00:00+00:00,3314.0,3298.669314463973,3338.253346237541,348.4921266005913,0.009977011999999893,2,1,0.011255280627640368,take_profit
2021-05-04 09:00:00+00:00,2021-05-04 09:00:00+00:00,3304.07,3304.07,3343.71884,107.34112817405912,0.009977012000000016,1,1,4.5398553904757146e-05,take_profit
2021-05-04 10:00:00+00:00,2021-05-04 10:00:00+00:00,3336.99,3336.99,3377.03388,107.39467536025404,0.009977012000000072,1,1,0.00033563181190231044,take_profit
2021-05-04 11:00:00+00:00,2021-05-04 11:00:00+00:00,3435.7,3404.4986990282873,3445.352683416627,712.3420969359286,0.009977011999999862,3,1,0.015545594784177856,take_profit
2021-05-04 12:00:00+00:00,2021-05-04 12:00:00+00:00,3480.01,3448.4062978739216,3489.787173448409,714.6979509567172,0.009977012000000195,3,1,0.019255691793989158,take_profit
2021-05-04 13:00:00+00:00,2021-05-04 13:00:00+00:00,3484.27,3468.1516391995738,3509.7694588699687,351.72071592373686,0.009977011999999834,2,1,0.00983563271503069,take_profit
2021-05-04 14:00:00+00:00,2021-05-04 14:00:00+00:00,3479.98,3428.6538240726372,3469.7976699615087,1328.114025146293,0.009977011999999947,5,1,0.040339312294898275,take_profit
2021-05-04 15:00:00+00:00,2021-05-04 15:00:00+00:00,3370.61,3320.896920659736,3360.747683707653,1336.2361580470752,0.009977011999999846,5,1,0.04665624323193731,take_profit
2021-05-04 16:00:00+00:00,2021-05-04 16:00:00+00:00,3228.36,3184.6884627069744,3222.904724259458,1220.9336357323918,0.009977011999999895,4,1,0.02117483799824063,take_profit
2021-05-04 17:00:00+00:00,2021-05-04 17:00:00+00:00,3266.6,3266.6,3305.7992,110.27376129701952,0.00997701199999985,1,1,0.002715361537990538,take_profit
2021-05-04 18:00:00+00:00,2021-05-04 18:00:00+00:00,3335.22,3319.7911499657607,3359.62864376535,358.77281968395255,0.009977011999999771,2,1,0.0075467285516396575,take_profit
2021-05-04 19:00:00+00:00,2021-05-04 19:00:00+00:00,3381.23,3365.5883060184124,3405.975365690633,359.3548167355402,0.009977011999999971,2,1,0.008700975680447668,take_profit
2021-05-04 20:00:00+00:00,2021-05-04 20:00:00+00:00,3412.91,3366.741968447527,3407.1428720688973,1232.3153761219437,0.009977011999999948,4,1,0.0213688611771186,take_profit
2021-05-04 21:00:00+00:00,2021-05-04 21:00:00+00:00,3402.89,3356.857513679062,3397.1398038432108,1239.1594955363544,0.00997701199999993,4,1,0.023418329713860882,take_profit
2021-05-04 22:00:00+00:00,2021-05-04 22:00:00+00:00,3332.8,3287.7156539263915,3327.1682417735083,1246.0416263003717,0.009977012000000096,4,1,0.02475996159385501,take_profit
2021-05-04 23:00:00+00:00,2021-05-04 23:00:00+00:00,3311.82,3262.9740135403763,3302.129701702861,1379.6753666748118,0.00997701199999983,5,1,0.028790815925986424,take_profit
2021-05-05 00:00:00+00:00,2021-05-05 00:00:00+00:00,3239.01,3224.0262209541197,3262.7145356055694,368.2063626334857,0.009977011999999936,2,1,0.011972794156239159,take_profit
2021-05-05 01:00:00+00:00,2021-05-05 01:00:00+00:00,3310.46,3310.46,3350.18552,113.41342701622489,0.00997701200000008,1,1,0.0002054095201270628,take_profit
2021-05-05 02:00:00+00:00,2021-05-05 08:00:00+00:00,3369.51,3319.8131445442195,3359.6509022787504,1391.058189490548,0.009977012000000153,5,7,0.043481099625761674,take_profit
2021-05-05 09:00:00+00:00,2021-05-05 09:00:00+00:00,3352.29,3336.782183519744,3376.823569721981,371.24419884242525,0.009977011999999926,2,1,0.008814869835247005,take_profit
2021-05-05 10:00:00+00:00,2021-05-05 10:00:00+00:00,3377.59,3361.9651447919045,3402.3087265294075,371.846426818709,0.009977012000000016,2,1,0.007682992903223977,take_profit
2021-05-05 11:00:00+00:00,2021-05-05 14:00:00+00:00,3381.53,3331.6558617337873,3371.635732074593,1404.1096594536211,0.009977012000000127,5,4,0.029542840075350532,take_profit
2021-05-05 15:00:00+00:00,2021-05-05 15:00:00+00:00,3341.13,3310.787536247165,3350.516986682131,763.9658061714144,0.009977012000000177,3,1,0.013426595193841642,take_profit
2021-05-05 16:00:00+00:00,2021-05-05 16:00:00+00:00,3305.79,3290.4972942250624,3329.983261755763,375.96665826196113,0.009977011999999941,2,1,0.007613913769477212,take_profit
2021-05-05 17:00:00+00:00,2021-05-05 19:00:00+00:00,3451.88,3420.5317603986864,3461.5781415234705,767.7357847972453,0.009977012000000033,3,3,0.01646059538570291,take_profit
2021-05-05 20:00:00+00:00,2021-05-05 22:00:00+00:00,3480.5,3448.891847940145,3490.2785501154267,770.2748365299485,0.009977012000000087,3,3,0.019609251544318345,take_profit
2021-05-05 23:00:00+00:00,2021-05-05 23:00:00+00:00,3521.03,3504.741586091456,3546.7984851245537,379.07148971072456,0.009977012000000183,2,1,0.007651170254158599,take_profit
2021-05-06 00:00:00+00:00,2021-05-06 00:00:00+00:00,3524.33,3476.6547379387894,3518.3745947940547,1299.9286601012573,0.009977011999999874,4,1,0.02131185218183318,take_profit
2021-05-06 01:00:00+00:00,2021-05-06 02:00:00+00:00,3475.64,3459.561561896066,3501.076300638819,381.79514402114,0.009977012000000056,2,2,0.010205314704629882,take_profit
2021-05-06 03:00:00+00:00,2021-05-06 04:00:00+00:00,3484.62,3452.974432170431,3494.4101253564763,779.6377367128152,0.00997701199999976,3,2,0.01518673485200684,take_profit
2021-05-06 05:00:00+00:00,2021-05-06 06:00:00+00:00,3440.36,3409.116379249923,3450.025775800922,782.2161505180557,0.009977012000000094,3,2,0.016963341045704555,take_profit
2021-05-06 07:00:00+00:00,2021-05-06 07:00:00+00:00,3393.0,3393.0,3433.716,118.37811996801247,0.00997701200000006,1,1,0.004871794871794931,take_profit
2021-05-06 08:00:00+00:00,2021-05-06 10:00:00+00:00,3439.14,3439.14,3480.4096799999998,118.43717296418436,0.009977011999999971,1,3,0.005795053414516372,take_profit
2021-05-06 11:00:00+00:00,2021-05-06 12:00:00+00:00,3483.93,3483.93,3525.7371599999997,118.49625541897876,0.00997701199999988,1,2,0.004552330270699949,take_profit
2021-05-06 13:00:00+00:00,2021-05-06 15:00:00+00:00,3492.12,3475.965324811686,3517.6769087094262,385.52449085462285,0.009977011999999993,2,3,0.009197851162044801,take_profit
2021-05-06 16:00:00+00:00,2021-05-06 16:00:00+00:00,3551.26,3551.26,3593.87512,118.7476864706714,0.009977012000000016,1,1,0.006558235668467084,take_profit
2021-05-06 17:00:00+00:00,2021-05-06 17:00:00+00:00,3538.72,3538.72,3581.18464,118.80692382531561,0.00997701199999999,1,1,0.00020346339919513268,take_profit
2021-05-06 18:00:00+00:00,2021-05-06 18:00:00+00:00,3543.44,3491.177853427878,3533.0719876690123,1457.2114493263653,0.009977011999999943,5,1,0.040423994762152096,take_profit
2021-05-06 19:00:00+00:00,2021-05-06 19:00:00+00:00,3457.15,3425.7539009068446,3466.862947717727,792.8581020374404,0.009977012000000021,3,1,0.014338400127272511,take_profit
2021-05-06 20:00:00+00:00,2021-05-06 21:00:00+00:00,3482.06,3450.43768080404,3491.8429329736887,795.480238165037,0.009977012000000068,3,2,0.01364422209841294,take_profit
2021-05-06 22:00:00+00:00,2021-05-07 00:00:00+00:00,3516.99,3485.0504640962536,3526.871069665409,798.1110462073848,0.009977012000000098,3,3,0.01677286543322551,take_profit
2021-05-07 01:00:00+00:00,2021-05-07 12:00:00+00:00,3493.79,3442.260140577457,3483.5672622643865,1480.7175064437324,0.009977012000000104,5,12,0.04023138196628874,take_profit
2021-05-07 13:00:00+00:00,2021-05-07 15:00:00+00:00,3493.47,3493.47,3535.39164,121.52226006117235,0.009977011999999895,1,3,0.00614575193146064,take_profit
2021-05-07 16:00:00+00:00,2021-05-07 16:00:00+00:00,3560.93,3544.457007228182,3586.9904913149203,395.36951840321854,0.00997701199999998,2,1,0.0081158573743375,take_profit
2021-05-07 17:00:00+00:00,2021-05-08 01:00:00+00:00,3546.62,3494.3109516527384,3536.2426830725713,1492.9339636067743,0.009977011999999839,5,9,0.035388623534520124,take_profit
2021-05-08 02:00:00+00:00,2021-05-08 04:00:00+00:00,3528.25,3528.25,3570.589,122.52486283849976,0.009977011999999874,1,3,0.00521221568766382,take_profit
2021-05-08 05:00:00+00:00,2021-05-08 08:00:00+00:00,3562.84,3530.4840774357317,3572.8498863649606,812.6996746196819,0.009977011999999764,3,4,0.01589181664065755,take_profit
2021-05-08 09:00:00+00:00,2021-05-08 13:00:00+00:00,3556.13,3539.679212204215,3582.155362750666,399.9498123726298,0.009977012000000089,2,5,0.009307871197059699,take_profit
2021-05-08 14:00:00+00:00,2021-05-08 15:00:00+00:00,3644.12,3627.2621672373125,3670.7893132441604,400.59860625781585,0.009977012000000148,2,2,0.010685707386145367,take_profit
2021-05-08 16:00:00+00:00,2021-05-08 16:00:00+00:00,3632.01,3632.01,3675.59412,123.3907542191082,0.009977011999999862,1,1,7.158570598655242e-05,take_profit
2021-05-08 17:00:00+00:00,2021-05-08 17:00:00+00:00,3780.8,3780.8,3826.1696,123.45230777088545,0.009977011999999912,1,1,0.0053560093101989,take_profit
2021-05-08 18:00:00+00:00,2021-05-08 20:00:00+00:00,3833.74,3798.9238997621183,3844.5109865592635,818.8513582642772,0.009977012000000037,3,3,0.015467924272381469,take_profit
2021-05-08 21:00:00+00:00,2021-05-08 21:00:00+00:00,3845.28,3845.2799999999997,3891.42336,123.92237652006952,0.00997701199999993,1,1,0.0019530437315358616,take_profit
2021-05-08 22:00:00+00:00,2021-05-08 22:00:00+00:00,3899.99,3864.572250552531,3910.947117559161,821.9692945807037,0.00997701199999991,3,1,0.016056451426798502,take_profit
2021-05-08 23:00:00+00:00,2021-05-08 23:00:00+00:00,3875.79,3857.860453321159,3904.154778761013,404.5116239248455,0.009977011999999803,2,1,0.008929792377812041,take_profit
2021-05-09 00:00:00+00:00,2021-05-09 00:00:00+00:00,3910.26,3857.364082129804,3903.6524511153616,1387.169089622912,0.009977011999999851,4,1,0.021292701764077125,take_profit
2021-05-09 01:00:00+00:00,2021-05-09 01:00:00+00:00,3835.21,3835.21,3881.23252,125.28801614669646,0.009977012000000056,1,1,0.005264379264759962,take_profit
2021-05-09 02:00:00+00:00,2021-05-09 03:00:00+00:00,3883.56,3865.5945090162063,3911.9816431244008,407.6213080688103,0.009977011999999973,2,2,0.007683671682682937,take_profit
2021-05-09 04:00:00+00:00,2021-05-09 04:00:00+00:00,3870.09,3852.1868217301985,3898.413063590961,408.28254656415083,0.009977011999999936,2,1,0.012945435377471936,take_profit
2021-05-09 05:00:00+00:00,2021-05-09 06:00:00+00:00,3897.23,3897.23,3943.99676,125.75753027615065,0.009977012000000108,1,2,0.005175470783094678,take_profit
2021-05-09 07:00:00+00:00,2021-05-09 16:00:00+00:00,3962.01,3884.4043298837064,3931.017181842311,1754.9596892235568,0.009977011999999964,6,10,0.059548057677794926,take_profit
2021-05-09 17:00:00+00:00,2021-05-09 21:00:00+00:00,3925.56,3872.4571118660833,3918.9265972084763,1410.5457627100404,0.009977011999999806,4,5,0.021492474958986717,take_profit
2021-05-09 22:00:00+00:00,2021-05-10 01:00:00+00:00,3905.0,3886.935326789926,3933.578550711405,414.28390584168665,0.009977012000000183,2,4,0.009649167733674734,take_profit
2021-05-10 02:00:00+00:00,2021-05-10 02:00:00+00:00,3928.23,3928.23,3975.36876,127.60604456458168,0.009977011999999983,1,1,2.545675787878581e-06,take_profit
2021-05-10 03:00:00+00:00,2021-05-10 03:00:00+00:00,3974.53,3974.53,4022.22436,127.66970091647636,0.009977011999999985,1,1,0.00015347726649443514,take_profit
2021-05-10 04:00:00+00:00,2021-05-10 05:00:00+00:00,4054.57,4054.57,4103.22484,127.73338902337855,0.009977011999999843,1,2,0.006276867830620823,take_profit
2021-05-10 06:00:00+00:00,2021-05-10 08:00:00+00:00,4127.83,4090.3431221614046,4139.427239627342,847.2474997519748,0.009977012000000077,3,3,0.01809183033215996,take_profit
2021-05-10 09:00:00+00:00,2021-05-10 13:00:00+00:00,4164.63,4103.205930881104,4152.444402051678,1571.8792655920843,0.00997701199999979,5,5,0.04457298727618062,take_profit
2021-05-10 14:00:00+00:00,2021-05-10 14:00:00+00:00,4122.8,4067.0289540349636,4115.833301483383,1436.2433280331315,0.009977012000000002,4,1,0.02068982245076166,take_profit
2021-05-10 15:00:00+00:00,2021-05-10 15:00:00+00:00,4038.18,4038.18,4086.63816,129.72036258543812,0.009977011999999999,1,1,0.003031068451629145,take_profit
2021-05-10 16:00:00+00:00,2021-05-10 16:00:00+00:00,4155.88,4155.88,4205.75056,129.78507366614576,0.009977011999999971,1,1,0.00574366921085303,take_profit
2021-05-10 17:00:00+00:00,2021-05-10 17:00:00+00:00,4133.47,4133.47,4183.07164,129.8498170280145,0.009977011999999922,1,1,0.0032587632183130044,take_profit
2021-05-10 18:00:00+00:00,2021-05-10 19:00:00+00:00,4140.41,4079.3431513194287,4128.295269135262,1592.6566733128275,0.009977011999999941,5,2,0.041495890503597456,take_profit
2021-05-10 20:00:00+00:00,2021-05-10 20:00:00+00:00,3990.18,3871.3147251654714,3917.770501867457,2191.071641703893,0.009977012000000077,8,1,0.08525429930479322,take_profit
2021-05-10 21:00:00+00:00,2021-05-10 21:00:00+00:00,3903.38,3885.3228209693375,3931.9466948209697,428.6009284162865,0.009977011999999919,2,1,0.009668543672407052,take_profit
2021-05-10 22:00:00+00:00,2021-05-10 22:00:00+00:00,4013.67,3995.102615384614,4043.0438467692297,429.29619980519055,0.009977011999999903,2,1,0.009771605538073696,take_profit
2021-05-10 23:00:00+00:00,2021-05-10 23:00:00+00:00,4030.81,3971.3596401732843,4019.0159558553637,1621.0427139779495,0.009977012000000066,5,1,0.03642444074516044,take_profit
2021-05-11 00:00:00+00:00,2021-05-11 00:00:00+00:00,3946.63,3893.2420881107523,3939.9609931680816,1481.1645101321337,0.00997701200000031,4,1,0.024484180173971238,take_profit
2021-05-11 01:00:00+00:00,2021-05-11 01:00:00+00:00,3856.28,3838.440707296659,3884.501995784219,435.0249631551487,0.009977011999999993,2,1,0.013297789579594894,take_profit
2021-05-11 02:00:00+00:00,2021-05-11 02:00:00+00:00,3901.5,3848.7225827513853,3894.907253744402,1491.8067773876828,0.009977012000000266,4,1,0.023452518262206845,take_profit
2021-05-11 03:00:00+00:00,2021-05-11 03:00:00+00:00,3819.6,3801.9303903218447,3847.553555005707,438.15064695940237,0.0099770120000003,2,1,0.012556288616609079,take_profit
2021-05-11 04:00:00+00:00,2021-05-11 04:00:00+00:00,3855.53,3855.53,3901.7963600000003,134.95738114255255,0.009977012000000111,1,1,0.006012143596340915,take_profit
2021-05-11 05:00:00+00:00,2021-05-11 05:00:00+00:00,3907.36,3871.875319915933,3918.337823754924,895.163783098018,0.009977012000000035,3,1,0.016671102739445644,take_profit
2021-05-11 06:00:00+00:00,2021-05-11 06:00:00+00:00,3876.91,3876.91,3923.4329199999997,135.47125770340426,0.009977011999999934,1,1,0.0015244099037635267,take_profit
2021-05-11 07:00:00+00:00,2021-05-11 09:00:00+00:00,3943.26,3925.0183346267977,3972.1185546423194,440.75222011762526,0.009977011999999999,2,3,0.010567398548409202,take_profit
2021-05-11 10:00:00+00:00,2021-05-11 10:00:00+00:00,4013.69,4013.69,4061.85428,135.75870713104996,0.00997701199999998,1,1,0.002663384566321777,take_profit
2021-05-11 11:00:00+00:00,2021-05-11 11:00:00+00:00,4039.4,4002.716198985612,4050.7487933734396,900.4789277554519,0.009977012000000151,3,1,0.01930484725454276,take_profit
2021-05-11 12:00:00+00:00,2021-05-11 13:00:00+00:00,3972.16,3936.0868388777253,3983.319880944258,903.4569869094412,0.009977011999999922,3,2,0.019734854587931977,take_profit
2021-05-11 14:00:00+00:00,2021-05-11 14:00:00+00:00,3975.96,3957.5670632275737,4005.0578679863047,444.61375300815416,0.00997701199999997,2,1,0.008116278835803173,take_profit
2021-05-11 15:00:00+00:00,2021-05-11 15:00:00+00:00,3978.86,3978.86,4026.6063200000003,136.94812079440635,0.009977012000000006,1,1,0.0041192703437668895,take_profit
2021-05-11 16:00:00+00:00,2021-05-11 16:00:00+00:00,4021.0,4002.3987065357987,4050.4274910142285,445.557155844981,0.009977012000000061,2,1,0.007709524993782641,take_profit
2021-05-11 17:00:00+00:00,2021-05-11 18:00:00+00:00,4012.35,4012.35,4060.4982,137.2387039011628,0.00997701200000013,1,2,0.001791967300958305,take_profit
2021-05-11 19:00:00+00:00,2021-05-11 20:00:00+00:00,4055.99,4055.99,4104.66188,137.30716551094338,0.009977011999999858,1,2,0.0058037618435942805,take_profit
2021-05-11 21:00:00+00:00,2021-05-11 23:00:00+00:00,4134.79,4115.66230982272,4165.050257540593,446.72529850948195,0.009977012000000202,2,3,0.0132509752611378,take_profit
2021-05-12 00:00:00+00:00,2021-05-12 02:00:00+00:00,4173.46,4173.46,4223.54152,137.59851045603864,0.009977011999999801,1,3,0.006431114710575912,take_profit
2021-05-12 03:00:00+00:00,2021-05-12 03:00:00+00:00,4268.51,4268.51,4319.732120000001,137.66715155554448,0.009977012000000217,1,1,0.005236019126112007,take_profit
2021-05-12 04:00:00+00:00,2021-05-12 04:00:00+00:00,4332.12,4292.777863036477,4344.291197392915,913.1375190558756,0.009977012000000078,3,1,0.013566106202044155,take_profit
2021-05-12 05:00:00+00:00,2021-05-12 06:00:00+00:00,4300.8,4300.8,4352.4096,138.19134609595858,0.009977011999999985,1,2,0.00438523065476204,take_profit
2021-05-12 07:00:00+00:00,2021-05-12 08:00:00+00:00,4294.47,4236.3766935661515,4287.213213888946,1539.2978166415123,0.009977011999999917,4,2,0.026655210072488632,take_profit
2021-05-12 09:00:00+00:00,2021-05-12 12:00:00+00:00,4308.55,4250.266226813656,4301.26942153542,1547.8468766269798,0.009977012000000127,4,4,0.02055215791855733,take_profit
2021-05-12 13:00:00+00:00,2021-05-12 13:00:00+00:00,4291.01,4252.041203398835,4303.065697839621,926.8242569510185,0.00997701200000015,3,1,0.014355594603601567,take_profit
2021-05-12 14:00:00+00:00,2021-05-12 14:00:00+00:00,4308.98,4308.98,4360.68776,140.26265375107323,0.009977012000000092,1,1,0.005439802459050541,take_profit
2021-05-12 15:00:00+00:00,2021-05-12 15:00:00+00:00,4317.14,4253.466563042588,4304.508161799099,1720.3740184325434,0.009977012000000228,5,1,0.04425151836632584,take_profit
2021-05-12 16:00:00+00:00,2021-05-12 16:00:00+00:00,4188.94,4127.15738303405,4176.683271630459,1730.8950325564947,0.009977012000000212,5,1,0.0294227179190916,take_profit
2021-05-12 17:00:00+00:00,2021-05-12 17:00:00+00:00,4145.66,4126.482024804078,4175.999809101727,461.9395108676981,0.009977011999999985,2,1,0.009219279921653067,take_profit
2021-05-12 18:00:00+00:00,2021-05-12 18:00:00+00:00,4144.11,4082.9885800716256,4131.984443032486,1744.3053973699862,0.009977012000000122,5,1,0.04426040814553659,take_profit
2021-05-12 19:00:00+00:00,2021-05-12 19:00:00+00:00,4012.14,3975.7037606075487,4023.4122057348395,949.0638214321807,0.009977012000000028,3,1,0.01967528550848177,take_profit
2021-05-12 20:00:00+00:00,2021-05-12 21:00:00+00:00,4084.45,4065.555184508864,4114.34184672297,467.058015605915,0.009977012000000078,2,2,0.012550037336728267,take_profit
2021-05-12 22:00:00+00:00,2021-05-12 22:00:00+00:00,4124.67,4063.835300357383,4112.601323961671,1763.6331128636084,0.00997701199999995,5,1,0.04234763023466121,take_profit
2021-05-12 23:00:00+00:00,2021-05-12 23:00:00+00:00,4233.85,4107.725929442238,4157.018640595546,2426.2897112204228,0.009977012000000202,8,1,0.12571772736398323,take_profit
2021-05-13 00:00:00+00:00,2021-05-13 00:00:00+00:00,3810.15,3696.6477201753346,3741.0074928174386,2446.5788653315394,0.009977012000000129,8,1,0.08140099471149433,take_profit
2021-05-13 01:00:00+00:00,2021-05-13 01:00:00+00:00,3896.36,3896.36,3943.11632,147.17193417086673,0.00997701199999995,1,1,0.002266217700623127,take_profit
2021-05-13 02:00:00+00:00,2021-05-13 02:00:00+00:00,3999.03,3980.530340561516,4028.296704648254,478.82006725611427,0.009977011999999999,2,1,0.00975236494850001,take_profit
2021-05-13 03:00:00+00:00,2021-05-13 03:00:00+00:00,3983.36,3924.6094795538993,3971.704793308546,1808.0471750836878,0.00997701199999992,5,1,0.03099393476863754,take_profit
2021-05-13 04:00:00+00:00,2021-05-13 04:00:00+00:00,3940.82,3905.031453009476,3951.8918304455897,983.7452569382876,0.0099770119999998,3,1,0.014014849701331199,take_profit
2021-05-13 05:00:00+00:00,2021-05-13 05:00:00+00:00,3902.11,3902.11,3948.93532,148.8768979861652,0.009977012000000068,1,1,0.0002844614836588736,take_profit
2021-05-13 06:00:00+00:00,2021-05-13 07:00:00+00:00,3987.99,3969.54141200639,4017.1759089504667,484.3671227684754,0.009977011999999683,2,2,0.011030619434853093,take_profit
2021-05-13 08:00:00+00:00,2021-05-13 08:00:00+00:00,3968.0,3909.476023977213,3956.3897362649395,1828.993118528946,0.009977012000000115,5,1,0.039818548387096774,take_profit
2021-05-13 09:00:00+00:00,2021-05-13 09:00:00+00:00,3829.06,3772.5852480771646,3817.8562710540905,1840.17839697795,0.009977011999999931,5,1,0.04772973001206556,take_profit
2021-05-13 10:00:00+00:00,2021-05-13 10:00:00+00:00,3725.28,3670.335897833124,3714.3799286071217,1851.4320794317464,0.009977011999999938,5,1,0.033629686896018605,take_profit
2021-05-13 11:00:00+00:00,2021-05-13 11:00:00+00:00,3637.12,3620.2945494940273,3663.7380840879555,494.108315692778,0.00997701199999994,2,1,0.011300149568889646,take_profit
2021-05-13 12:00:00+00:00,2021-05-13 12:00:00+00:00,3744.46,3727.1379907174924,3771.8636466061025,494.90985239544534,0.009977012000000026,2,1,0.011873541178167222,take_profit
2021-05-13 13:00:00+00:00,2021-05-13 13:00:00+00:00,3807.84,3773.2591105474507,3818.5382198740203,1010.6215420516528,0.009977012000000222,3,1,0.015171330728181852,take_profit
2021-05-13 14:00:00+00:00,2021-05-13 15:00:00+00:00,3856.89,3800.004783799767,3845.6048412053647,1874.9834585251228,0.009977012000000118,5,2,0.0341959454379046,take_profit
2021-05-13 16:00:00+00:00,2021-05-13 16:00:00+00:00,3747.01,3712.98153804057,3757.5373164970565,1020.1647996692627,0.009977011999999941,3,1,0.01989853242985751,take_profit
2021-05-13 17:00:00+00:00,2021-05-13 17:00:00+00:00,3693.39,3638.9162429932458,3682.583237909165,1892.6888501370267,0.009977011999999778,5,1,0.041122112747367504,take_profit
2021-05-13 18:00:00+00:00,2021-05-13 18:00:00+00:00,3699.4,3644.83760158803,3688.5756528070865,1904.2636623065046,0.009977011999999976,5,1,0.03497053576255606,take_profit
2021-05-13 19:00:00+00:00,2021-05-13 19:00:00+00:00,3585.69,3585.69,3628.71828,156.2826285154424,0.009977012000000047,1,1,0.0005800836101280164,take_profit
2021-05-13 20:00:00+00:00,2021-05-13 20:00:00+00:00,3650.3,3633.41357833067,3677.0145412706383,508.46147479346837,0.009977012000000052,2,1,0.011026490973344657,take_profit
2021-05-13 21:00:00+00:00,2021-05-13 21:00:00+00:00,3715.26,3698.073070988359,3742.4499478402195,509.2862950221315,0.009977011999999931,2,1,0.007253866485791108,take_profit
2021-05-13 22:00:00+00:00,2021-05-13 22:00:00+00:00,3753.39,3702.616136069005,3747.047529701833,1746.4670096959744,0.009977012000000143,4,1,0.02452449652181088,take_profit
2021-05-13 23:00:00+00:00,2021-05-13 23:00:00+00:00,3663.51,3630.2398430820867,3673.802721199072,1045.7545982056618,0.009977012000000151,3,1,0.01487917325188145,take_profit
2021-05-14 00:00:00+00:00,2021-05-14 00:00:00+00:00,3717.92,3700.7207657308068,3745.1294149195764,514.641962340982,0.009977012000000028,2,1,0.007146468993415717,take_profit
2021-05-14 01:00:00+00:00,2021-05-14 01:00:00+00:00,3822.54,3822.54,3868.41048,158.51792516020214,0.009977012000000073,1,1,0.005132712803528516,take_profit
2021-05-14 02:00:00+00:00,2021-05-14 02:00:00+00:00,3867.96,3815.636294035383,3861.4239295638076,1765.7132880680438,0.009977012000000096,4,1,0.023516272143455474,take_profit
2021-05-14 03:00:00+00:00,2021-05-14 04:00:00+00:00,3789.97,3772.43745978848,3817.706709305942,518.5982737433078,0.009977012000000037,2,2,0.009723032108433553,take_profit
2021-05-14 05:00:00+00:00,2021-05-14 05:00:00+00:00,3797.57,3797.57,3843.14084,159.7365321154739,0.009977011999999967,1,1,0.0056588818639288375,take_profit
2021-05-14 06:00:00+00:00,2021-05-14 06:00:00+00:00,3846.52,3811.587838224027,3857.3268922827156,1059.5223260624043,0.009977012000000033,3,1,0.016630616765283893,take_profit
2021-05-14 07:00:00+00:00,2021-05-14 07:00:00+00:00,3809.08,3809.0799999999995,3854.7889599999994,160.3447601284297,0.00997701199999987,1,1,1.050122339251568e-05,take_profit
2021-05-14 08:00:00+00:00,2021-05-14 08:00:00+00:00,3882.09,3864.1313092901164,3910.500885001598,521.6775145438005,0.009977012000000098,2,1,0.0066742399068543765,take_profit
2021-05-14 09:00:00+00:00,2021-05-14 10:00:00+00:00,3934.92,3934.92,3982.13904,160.68498734936657,0.009977012000000073,1,2,0.0059670844642330766,take_profit
2021-05-14 11:00:00+00:00,2021-05-14 13:00:00+00:00,3989.99,3971.532159933043,4019.1905458522397,522.7844349748339,0.009977011999999919,2,3,0.009949899623808536,take_profit
2021-05-14 14:00:00+00:00,2021-05-14 14:00:00+00:00,4062.85,4044.055106901012,4092.5837681838243,523.6324897411832,0.009977012000000028,2,1,0.008484192131139422,take_profit
2021-05-14 15:00:00+00:00,2021-05-14 15:00:00+00:00,4087.27,4087.27,4136.31724,161.2871508624612,0.009977012000000052,1,1,0.0001883898054202394,take_profit
2021-05-14 16:00:00+00:00,2021-05-14 16:00:00+00:00,4131.3,4093.781609365069,4142.90698867745,1069.807482249802,0.009977011999999941,3,1,0.015421295960109417,take_profit
2021-05-14 17:00:00+00:00,2021-05-14 22:00:00+00:00,4111.95,4051.3029074579395,4099.918542347435,1984.7898046510236,0.00997701199999998,5,6,0.035231459526502,take_profit
2021-05-14 23:00:00+00:00,2021-05-15 00:00:00+00:00,4073.01,4036.02096985453,4084.4532214927845,1079.9096302642574,0.009977012000000094,3,2,0.015470131426144354,take_profit
2021-05-15 01:00:00+00:00,2021-05-15 01:00:00+00:00,4032.96,4032.9600000000005,4081.3555200000005,163.43011031077367,0.009977012000000084,1,1,0.0021026739665159135,take_profit
2021-05-15 02:00:00+00:00,2021-09-03 08:00:00+00:00,4111.92,3825.3555901223594,3871.259857203828,3270.2327503872802,0.009977012000000316,13,2667,0.5864510982703943,take_profit
2021-09-03 09:00:00+00:00,2021-09-03 09:00:00+00:00,3890.18,3890.18,3936.8621599999997,165.1429950890306,0.009977012000000082,1,1,0.0033905886102956815,take_profit
2021-09-03 10:00:00+00:00,2021-09-03 14:00:00+00:00,3966.62,3948.2702704101043,3995.6495136550257,537.2884474264065,0.009977012000000193,2,5,0.011180803807775867,take_profit
2021-09-03 15:00:00+00:00,2021-09-04 00:00:00+00:00,3979.37,3920.678328007612,3967.7264679437035,2028.826538414054,0.009977012000000035,5,10,0.028197930828246693,take_profit
2021-09-04 01:00:00+00:00,2021-09-05 10:00:00+00:00,3942.82,3884.6674034419957,3931.2834122832996,2041.2339059033256,0.009977011999999983,5,34,0.02861403766847083,take_profit
2021-09-05 11:00:00+00:00,2021-09-05 20:00:00+00:00,3920.09,3920.09,3967.13108,167.52375553027014,0.009977011999999955,1,10,0.005124882336885159,take_profit
2021-09-05 21:00:00+00:00,2021-09-06 21:00:00+00:00,3966.81,3913.1491038021322,3960.1068930477577,1866.028216732695,0.009977011999999926,4,25,0.02584192335907184,take_profit
2021-09-06 22:00:00+00:00,2021-10-14 13:00:00+00:00,3953.32,3737.4006640340554,3782.2494720024642,3275.8831218832056,0.009977012000000009,12,902,0.32917143059504417,take_profit
2021-10-14 14:00:00+00:00,2021-10-14 15:00:00+00:00,3767.98,3767.9799999999996,3813.1957599999996,170.17237041264525,0.009977011999999915,1,2,0.0028184862976979416,take_profit
2021-10-14 16:00:00+00:00,2021-10-15 02:00:00+00:00,3808.41,3773.823934093873,3819.1098213029995,1128.7425821966608,0.009977012000000032,3,11,0.019512079844344478,take_profit
2021-10-15 03:00:00+00:00,2021-10-15 05:00:00+00:00,3830.52,3812.7998740013695,3858.553472489386,555.4824224308904,0.009977012000000026,2,3,0.009084928417029589,take_profit
2021-10-15 06:00:00+00:00,2021-10-15 16:00:00+00:00,3851.35,3794.5464931816136,3840.081051099793,2097.527846817713,0.009977012000000096,5,11,0.027870746621314526,take_profit
2021-10-15 17:00:00+00:00,2021-10-15 20:00:00+00:00,3862.44,3844.57221091075,3890.7070774416793,559.7861045099198,0.009977012000000082,2,4,0.007622124874431721,take_profit
2021-10-15 21:00:00+00:00,2021-10-16 08:00:00+00:00,3881.37,3846.1213480360407,3892.274804212473,1143.1008969020331,0.009977011999999985,3,12,0.015587279749160734,take_profit
2021-10-16 09:00:00+00:00,2021-10-16 12:00:00+00:00,3940.63,3904.8431784940017,3951.70129663593,1146.8813541510026,0.009977011999999999,3,4,0.016385704823848005,take_profit
2021-10-16 13:00:00+00:00,2021-10-17 04:00:00+00:00,3896.89,3844.1749443798653,3890.305043712424,1932.361445927032,0.009977012000000238,4,16,0.023949867715024015,take_profit
2021-10-17 05:00:00+00:00,2021-10-17 23:00:00+00:00,3874.7,3798.8045100846275,3844.390164205643,2434.361355553934,0.009977012000000009,6,19,0.06057243141404491,take_profit
2021-10-18 00:00:00+00:00,2021-10-18 09:00:00+00:00,3847.0,3794.959829769211,3840.4993477264416,1956.6136567506765,0.009977012000000032,4,10,0.02172861970366523,take_profit
2021-10-18 10:00:00+00:00,2021-10-18 11:00:00+00:00,3799.53,3748.131978685473,3793.1095624296986,1967.4804346665915,0.009977012000000077,4,2,0.025005724392227514,take_profit
2021-10-18 12:00:00+00:00,2021-10-18 13:00:00+00:00,3745.7,3711.6834348022985,3756.2236360199263,1178.0936599486304,0.009977012000000124,3,2,0.018608003844408208,take_profit
2021-10-18 14:00:00+00:00,2021-10-19 01:00:00+00:00,3802.64,3746.5549162844527,3791.513575279866,2185.690719111997,0.00997701199999979,5,12,0.02826194433341042,take_profit
2021-10-19 02:00:00+00:00,2021-10-19 03:00:00+00:00,3786.66,3786.66,3832.09992,179.37930417203825,0.009977012000000085,1,2,0.002136447423322847,take_profit
2021-10-19 04:00:00+00:00,2021-10-19 13:00:00+00:00,3823.01,3788.2913442303275,3833.7508403610914,1189.8115921686694,0.009977012000000169,3,10,0.014145921669051448,take_profit
2021-10-19 14:00:00+00:00,2021-10-19 17:00:00+00:00,3809.4,3774.8049434113454,3820.1026027322814,1193.7465307823004,0.00997701199999999,3,4,0.01781120386412556,take_profit
2021-10-19 18:00:00+00:00,2021-10-19 22:00:00+00:00,3812.04,3812.04,3857.78448,180.6578270453174,0.009977011999999884,1,5,0.0042733024837095,take_profit
2021-10-19 23:00:00+00:00,2021-10-20 12:00:00+00:00,3878.45,3860.508148063608,3906.8342458403713,587.7655504326976,0.009977012000000153,2,14,0.01299488197604704,take_profit
2021-10-20 13:00:00+00:00,2021-10-20 13:00:00+00:00,3933.5,3933.5,3980.702,181.04115550822826,0.009977011999999992,1,1,0.0013779077157747737,take_profit
2021-10-20 14:00:00+00:00,2021-10-20 14:00:00+00:00,3999.99,3999.99,4047.9898799999996,181.13146799727838,0.009977012000000002,1,1,0.002497506243765555,take_profit
2021-10-20 15:00:00+00:00,2021-10-20 15:00:00+00:00,4048.63,4029.900889142509,4078.2596998122194,589.3065289742153,0.009977012000000009,2,1,0.012011470546826978,take_profit
2021-10-20 16:00:00+00:00,2021-10-20 18:00:00+00:00,4081.0,4062.121144335387,4110.866598067411,590.2624950996324,0.009977011999999915,2,3,0.006709139916687114,take_profit
2021-10-20 19:00:00+00:00,2021-10-20 23:00:00+00:00,4122.38,4103.309718937838,4152.549435565092,591.22001198207,0.009977011999999945,2,5,0.013024029808023533,take_profit
2021-10-21 00:00:00+00:00,2021-10-21 01:00:00+00:00,4161.37,4161.37,4211.30644,182.1051847118797,0.009977012000000113,1,2,0.006065310222354605,take_profit
2021-10-21 02:00:00+00:00,2021-10-21 09:00:00+00:00,4197.1,4158.984046829359,4208.891855391311,1207.8921855801455,0.009977012000000092,3,8,0.018367444187653414,take_profit
2021-10-21 10:00:00+00:00,2021-10-21 11:00:00+00:00,4297.29,4233.909330412561,4284.716242377512,2240.9752547396056,0.00997701200000001,5,2,0.031480305029448735,take_profit
2021-10-21 12:00:00+00:00,2021-10-21 12:00:00+00:00,4211.88,4173.629822296261,4223.7133801638165,1219.2982617636299,0.009977011999999997,3,1,0.015840907148351863,take_profit
2021-10-21 13:00:00+00:00,2021-10-21 13:00:00+00:00,4224.76,4224.76,4275.45712,184.52474525391517,0.009977011999999846,1,1,0.0038605743284826593,take_profit
2021-10-21 14:00:00+00:00,2021-10-21 14:00:00+00:00,4216.45,4154.261638432138,4204.112778093324,2263.265160062554,0.009977012000000044,5,1,0.033473656749160995,take_profit
2021-10-21 15:00:00+00:00,2021-10-21 15:00:00+00:00,4114.37,4058.7129905920324,4107.417546479137,2067.970204114361,0.009977011999999987,4,1,0.024606440354173247,take_profit
2021-10-21 16:00:00+00:00,2021-10-21 16:00:00+00:00,4090.0,4071.079510005326,4119.93246412539,607.3725475440733,0.009977011999999983,2,1,0.008481662591687054,take_profit
2021-10-21 17:00:00+00:00,2021-10-21 17:00:00+00:00,4057.5,4057.5,4106.19,187.08042305372874,0.009977011999999957,1,1,0.0034849044978434683,take_profit
2021-10-21 18:00:00+00:00,2021-10-21 18:00:00+00:00,4046.31,4046.31,4094.86572,187.1737482350145,0.009977011999999806,1,1,0.00015816880070975103,take_profit
2021-10-21 19:00:00+00:00,2021-10-21 19:00:00+00:00,4063.16,4063.16,4111.91792,187.26711997163147,0.009977012000000108,1,1,0.0005020722787190176,take_profit
2021-10-21 20:00:00+00:00,2021-10-22 00:00:00+00:00,4080.51,4061.6334110933576,4110.373012026478,609.2687133918516,0.009977012000000032,2,5,0.009682613202761472,take_profit
2021-10-22 01:00:00+00:00,2021-10-22 04:00:00+00:00,4116.55,4116.55,4165.948600000001,187.66447235002852,0.009977012000000224,1,4,0.004474620738239563,take_profit
2021-10-22 05:00:00+00:00,2021-10-22 13:00:00+00:00,4149.26,4093.131017225942,4142.248589432653,2090.3733895824407,0.009977011999999766,4,9,0.021476118633202094,take_profit
2021-10-22 14:00:00+00:00,2021-10-22 14:00:00+00:00,4064.45,4009.4682818054252,4057.5819011870904,2101.983051667543,0.00997701199999991,4,1,0.021269790500559688,take_profit
2021-10-22 15:00:00+00:00,2021-10-22 15:00:00+00:00,4027.2,3990.6269932551504,4038.5145171742124,1258.6315283529984,0.009977012000000068,3,1,0.01641090584028598,take_profit
2021-10-22 16:00:00+00:00,2021-10-22 16:00:00+00:00,3966.53,3930.5079677086687,3977.674063321173,1262.7940678961313,0.009977012000000092,3,1,0.01979816111311403,take_profit
2021-10-22 17:00:00+00:00,2021-10-22 19:00:00+00:00,3972.97,3936.8894828647485,3984.1321566591255,1266.9703737680393,0.009977011999999976,3,3,0.014414908745850078,take_profit
2021-10-22 20:00:00+00:00,2021-10-23 00:00:00+00:00,3983.47,3947.2941271409645,3994.661656666656,1271.160491496703,0.00997701200000012,3,5,0.013897431134161843,take_profit
2021-10-23 01:00:00+00:00,2021-10-23 04:00:00+00:00,4001.09,4001.0899999999997,4049.10308,192.37341118734548,0.009977011999999959,1,4,0.0033090982707212873,take_profit
2021-10-23 05:00:00+00:00,2021-10-23 11:00:00+00:00,4036.69,3982.0838043231292,4029.868809975007,2142.8257281389087,0.009977012000000146,4,7,0.02456963502275375,take_profit
2021-10-23 12:00:00+00:00,2021-10-23 15:00:00+00:00,4039.24,4039.24,4087.7108799999996,193.53832667911774,0.009977011999999954,1,4,0.005461423436091925,take_profit
2021-10-23 16:00:00+00:00,2021-10-23 23:00:00+00:00,4086.61,4086.61,4135.64932,193.63487338950654,0.009977012000000052,1,8,0.005288001546514135,take_profit
2021-10-24 00:00:00+00:00,2021-10-25 07:00:00+00:00,4167.13,4105.6690584163725,4154.937087117369,2375.0042961041618,0.009977011999999808,5,32,0.049345712756741475,take_profit
2021-10-25 08:00:00+00:00,2021-10-25 15:00:00+00:00,4149.33,4130.135047249486,4179.69666781648,633.8387378873449,0.009977011999999995,2,8,0.01058484140813097,take_profit
2021-10-25 16:00:00+00:00,2021-10-26 00:00:00+00:00,4210.11,4190.6338767404695,4240.921483261355,634.8669436386845,0.009977011999999794,2,9,0.009695708663194006,take_profit
2021-10-26 01:00:00+00:00,2021-10-26 20:00:00+00:00,4239.54,4182.189757395311,4232.376034484055,2177.1137049020326,0.009977011999999882,4,20,0.025047528741325615,take_profit
2021-10-26 21:00:00+00:00,2021-10-26 21:00:00+00:00,4263.65,4224.929673170521,4275.628829248567,1303.6184795235458,0.009977012000000042,3,1,0.018094824856636837,take_profit
2021-10-26 22:00:00+00:00,2021-10-26 22:00:00+00:00,4205.16,4143.138154482868,4192.855812336663,2418.5740988385514,0.009977012000000278,5,1,0.02733546404893032,take_profit
2021-10-26 23:00:00+00:00,2021-10-27 01:00:00+00:00,4121.66,4121.66,4171.11992,198.49200764983834,0.009977012000000233,1,3,0.004660743486847542,take_profit
2021-10-27 02:00:00+00:00,2021-10-27 03:00:00+00:00,4148.23,4148.23,4198.00876,198.5910255069466,0.00997701200000008,1,2,0.0006725760143482797,take_profit
2021-10-27 04:00:00+00:00,2021-10-27 04:00:00+00:00,4209.72,4209.72,4260.23664,198.6900927591705,0.009977011999999837,1,1,0.0010879583440228631,take_profit
2021-10-27 05:00:00+00:00,2021-10-28 13:00:00+00:00,4279.51,4152.025743072462,4201.850051989332,3332.2961551312474,0.009977012000000039,8,33,0.09097770539150513,take_profit
2021-10-28 14:00:00+00:00,2021-10-28 17:00:00+00:00,4191.5,4172.109967282964,4222.1752868903595,651.8386704766162,0.009977011999999936,2,4,0.012191339615889387,take_profit
2021-10-28 18:00:00+00:00,2021-10-28 18:00:00+00:00,4223.35,4166.2187671057445,4216.213392311013,2235.3138986039266,0.00997701199999993,4,1,0.025430049605171378,take_profit
2021-10-28 19:00:00+00:00,2021-10-28 19:00:00+00:00,4178.42,4159.090475842654,4208.999561552766,656.5221754426748,0.009977012000000306,2,1,0.006801614007208484,take_profit
2021-10-28 20:00:00+00:00,2021-10-28 20:00:00+00:00,4259.04,4239.337524766034,4290.209575063227,657.5871779998124,0.009977011999999882,2,1,0.007943104549382003,take_profit
2021-10-28 21:00:00+00:00,2021-10-28 23:00:00+00:00,4252.31,4232.6386579928485,4283.430321888763,658.6539081916271,0.00997701200000015,2,3,0.010328503801463221,take_profit
2021-10-29 00:00:00+00:00,2021-10-29 00:00:00+00:00,4286.01,4286.01,4337.442120000001,202.87589929562455,0.009977011999999874,1,1,0.004675677378260891,take_profit
2021-10-29 01:00:00+00:00,2021-10-29 01:00:00+00:00,4353.01,4353.01,4405.246120000001,202.97710405971884,0.009977012000000127,1,1,0.0029864392684602146,take_profit
2021-10-29 02:00:00+00:00,2021-10-29 09:00:00+00:00,4353.11,4313.577242403885,4365.340169312732,1346.3343080172199,0.009977011999999867,3,8,0.014709024122983281,take_profit
2021-10-29 10:00:00+00:00,2021-10-29 13:00:00+00:00,4329.69,4309.660695275051,4361.376623618351,662.5647464843642,0.009977012000000068,2,4,0.011776824668740669,take_profit
2021-10-29 14:00:00+00:00,2021-10-29 15:00:00+00:00,4367.27,4347.066848816861,4399.231651002664,663.6395512292656,0.009977012000000188,2,2,0.008923194581512077,take_profit
2021-10-29 16:00:00+00:00,2021-10-30 00:00:00+00:00,4440.77,4380.697624966006,4433.265996465598,2275.7819990050048,0.0099770120000001,4,9,0.021667413534139406,take_profit
2021-10-30 01:00:00+00:00,2021-10-31 00:00:00+00:00,4374.7,4310.177611414596,4361.8997427515715,2519.851903561008,0.009977012000000087,5,24,0.03257366219397902,take_profit
2021-10-31 01:00:00+00:00,2021-11-01 11:00:00+00:00,4383.24,4297.383508602818,4348.952110706053,2884.530899854959,0.009977012000000087,6,35,0.054055903851945045,take_profit
2021-11-01 12:00:00+00:00,2021-11-01 12:00:00+00:00,4315.0,4315.0,4366.78,208.24281161664112,0.009977011999999992,1,1,2.317497103179207e-06,take_profit
2021-11-01 13:00:00+00:00,2021-11-01 14:00:00+00:00,4345.58,4325.47718755231,4377.382913802938,677.5125816320215,0.00997701199999998,2,2,0.008590337768491186,take_profit
2021-11-01 15:00:00+00:00,2021-11-01 19:00:00+00:00,4329.78,4290.459113740636,4341.9446231055235,1383.5020796095487,0.009977012000000228,3,5,0.015046953886802479,take_profit
2021-11-01 20:00:00+00:00,2021-11-02 06:00:00+00:00,4364.28,4324.645802076775,4376.541551701696,1388.0775903802714,0.009977012000000073,3,11,0.019753544685492234,take_profit
2021-11-02 07:00:00+00:00,2021-11-02 09:00:00+00:00,4376.0,4355.756463516701,4408.025541078901,683.1076585468254,0.00997701199999997,2,3,0.010507312614259499,take_profit
2021-11-02 10:00:00+00:00,2021-11-02 13:00:00+00:00,4425.54,4425.54,4478.64648,210.40804407267206,0.009977012000000124,1,4,0.0037554739082687966,take_profit
2021-11-02 14:00:00+00:00,2021-11-02 20:00:00+00:00,4488.38,4467.616589515332,4521.227988589516,684.5571092184982,0.00997701200000011,2,7,0.007550608460068071,take_profit
2021-11-02 21:00:00+00:00,2021-11-02 22:00:00+00:00,4499.44,4499.44,4553.433279999999,210.8544979763683,0.009977012000000023,1,2,0.004440552602101498,take_profit
2021-11-02 23:00:00+00:00,2021-11-02 23:00:00+00:00,4544.33,4544.33,4598.86196,210.95968286919742,0.009977012000000065,1,1,0.0005963475363805086,take_profit
2021-11-03 00:00:00+00:00,2021-11-03 00:00:00+00:00,4589.68,4568.447972000305,4623.269347664308,686.351851722502,0.009977012000000006,2,1,0.007926478534451227,take_profit
2021-11-03 01:00:00+00:00,2021-11-03 09:00:00+00:00,4632.4,4564.076797750011,4618.8457193230115,2591.6969890833716,0.009977012000000257,5,9,0.02681979103704339,take_profit
2021-11-03 10:00:00+00:00,2021-11-03 18:00:00+00:00,4594.48,4526.716079295067,4581.036672246608,2607.546612673934,0.00997701200000022,5,9,0.030358168933154475,take_profit
2021-11-03 19:00:00+00:00,2021-11-07 10:00:00+00:00,4653.36,4553.302128697962,4607.941754242338,3105.3916076923488,0.00997701200000015,7,88,0.07031263431155114,take_profit
2021-11-07 11:00:00+00:00,2021-11-08 00:00:00+00:00,4593.29,4593.29,4648.40948,215.5500795236294,0.009977012000000013,1,14,0.0046676782872406486,take_profit
2021-11-08 01:00:00+00:00,2021-11-08 06:00:00+00:00,4688.29,4688.29,4744.54948,215.65760681012762,0.00997701199999991,1,6,0.002111644117577973,take_profit
2021-11-08 07:00:00+00:00,2021-11-08 15:00:00+00:00,4737.53,4715.614012478125,4772.201380627863,701.6364253066859,0.009977011999999947,2,9,0.007113411419030554,take_profit
2021-11-08 16:00:00+00:00,2021-11-08 23:00:00+00:00,4763.78,4741.742579015445,4798.643489963631,702.7746116697817,0.009977012000000092,2,8,0.0066690737187694495,take_profit
2021-11-09 00:00:00+00:00,2021-11-10 13:00:00+00:00,4807.98,4737.067170806946,4793.911976856629,2653.710105826496,0.009977011999999924,5,38,0.027052941152001405,take_profit
2021-11-10 14:00:00+00:00,2021-11-10 14:00:00+00:00,4792.39,4792.39,4849.89868,217.78958390364278,0.009977012000000068,1,1,0.00024413705896224487,take_profit
2021-11-10 15:00:00+00:00,2021-11-12 02:00:00+00:00,4845.25,4741.066055296345,4797.9588479599015,3161.9454027659376,0.00997701200000021,7,36,0.07911253289303952,take_profit
2021-11-12 03:00:00+00:00,2021-11-15 12:00:00+00:00,4786.72,4692.9603645475245,4749.275888922095,3061.277719643025,0.009977012000000117,6,82,0.058259100177156777,take_profit
2021-11-15 13:00:00+00:00,2021-11-30 12:00:00+00:00,4740.43,4564.888730616405,4619.667395383802,3953.492511115852,0.009977011999999723,10,360,0.17454745666532365,take_profit
2021-11-30 13:00:00+00:00,2021-11-30 13:00:00+00:00,4584.0,4584.0,4639.008,222.97488906805665,0.009977011999999914,1,1,0.003477312390924869,take_profit
2021-11-30 14:00:00+00:00,2021-11-30 15:00:00+00:00,4649.23,4627.722491516395,4683.255161414592,725.4430131769477,0.0099770120000001,2,2,0.00804864461426928,take_profit
2021-11-30 16:00:00+00:00,2021-11-30 16:00:00+00:00,4613.85,4571.949332744904,4626.8127247378425,1481.3775339062267,0.009977011999999954,3,1,0.018468307378870147,take_profit
2021-11-30 17:00:00+00:00,2021-11-30 17:00:00+00:00,4557.49,4536.406884120824,4590.843766730273,729.022891532557,0.009977012000000013,2,1,0.008223824956280665,take_profit
2021-11-30 18:00:00+00:00,2021-11-30 18:00:00+00:00,4596.27,4596.27,4651.4252400000005,224.55066748611353,0.00997701199999995,1,1,0.00429261118254595,take_profit
2021-11-30 19:00:00+00:00,2021-12-01 00:00:00+00:00,4691.27,4648.666243208208,4704.450238126706,1489.4303913006152,0.009977012000000063,3,6,0.019817661315592632,take_profit
2021-12-01 01:00:00+00:00,2021-12-01 03:00:00+00:00,4723.91,4702.05701909762,4758.481703326791,732.985903829147,0.009977012000000179,2,3,0.012428263874629288,take_profit
2021-12-01 04:00:00+00:00,2021-12-01 07:00:00+00:00,4759.37,4716.14779322824,4772.741566746979,1496.7803547342191,0.00997701200000007,3,4,0.01586764634815102,take_profit
2021-12-01 08:00:00+00:00,2021-12-01 14:00:00+00:00,4766.69,4702.20875252472,4758.635257555016,2521.9004913113313,0.009977011999999714,4,7,0.024174007539823142,take_profit
2021-12-01 15:00:00+00:00,2025-08-12 15:00:00+00:00,4740.44,4410.073312136333,4462.994191881969,4555.521195497015,0.009977011999999856,13,32400,0.8140341402907747,take_profit
2025-08-12 16:00:00+00:00,2025-08-12 17:00:00+00:00,4472.62,4451.929495853306,4505.352649803546,748.0839147305378,0.009977012000000132,2,2,0.007208302963363707,take_profit
2025-08-12 18:00:00+00:00,2025-08-12 20:00:00+00:00,4500.26,4500.26,4554.2631200000005,230.421766366253,0.00997701199999995,1,3,0.005019709972312743,take_profit
2025-08-12 21:00:00+00:00,2025-08-13 03:00:00+00:00,4621.83,4600.44924492125,4655.6546358603055,749.6712351464084,0.009977011999999787,2,7,0.01265948769210469,take_profit
2025-08-13 04:00:00+00:00,2025-08-13 09:00:00+00:00,4646.99,4625.492853838545,4680.998768084607,750.8873430134845,0.009977011999999816,2,6,0.008345186884413297,take_profit
2025-08-13 10:00:00+00:00,2025-08-13 16:00:00+00:00,4706.82,4664.075025922032,4720.0439262330965,1533.3356586665905,0.009977011999999999,3,7,0.019295405390475886,take_profit
2025-08-13 17:00:00+00:00,2025-08-13 21:00:00+00:00,4700.54,4700.54,4756.94648,232.05017236303684,0.009977012000000016,1,5,0.0025592804231002707,take_profit
2025-08-13 22:00:00+00:00,2025-08-13 22:00:00+00:00,4721.16,4721.16,4777.81392,232.1659307307491,0.009977011999999966,1,1,0.00327673707309226,take_profit
2025-08-13 23:00:00+00:00,2025-08-14 12:00:00+00:00,4734.31,4664.483728597673,4720.457533340845,2847.6021557615604,0.009977012000000179,5,14,0.04671852920488947,take_profit
2025-08-14 13:00:00+00:00,2025-08-14 13:00:00+00:00,4567.33,4505.545588588462,4559.612135651524,2601.885327092634,0.00997701200000011,4,1,0.025397770688783163,take_profit
2025-08-14 14:00:00+00:00,2025-08-14 14:00:00+00:00,4612.71,4591.371434375714,4646.467891588222,764.185923177065,0.0099770120000001,2,1,0.007032742140737137,take_profit
2025-08-14 15:00:00+00:00,2025-08-14 15:00:00+00:00,4670.58,4628.164139391547,4683.702109064246,1560.4917791741027,0.009977012000000162,3,1,0.017595245130155205,take_profit
2025-08-14 16:00:00+00:00,2025-08-14 16:00:00+00:00,4618.87,4556.3883828765565,4611.065043471075,2629.2468177705887,0.009977011999999844,4,1,0.022405913134597808,take_profit
2025-08-14 17:00:00+00:00,2025-08-14 19:00:00+00:00,4546.48,4505.1911532316935,4559.253447070474,1574.34806053387,0.009977012000000025,3,3,0.01448373246995466,take_profit
2025-08-14 20:00:00+00:00,2025-08-14 23:00:00+00:00,4537.64,4496.431433669622,4550.388610873657,1579.554736124759,0.009977011999999907,3,4,0.018624218756886888,take_profit
2025-08-15 00:00:00+00:00,2025-08-15 01:00:00+00:00,4546.84,4546.84,4601.40208,239.044821466774,0.009977011999999705,1,2,0.0020937618213969344,take_profit
2025-08-15 02:00:00+00:00,2025-08-15 06:00:00+00:00,4604.02,4604.02,4659.26824,239.16406911939703,0.009977012000000016,1,5,0.0017549880321981303,take_profit
2025-08-15 07:00:00+00:00,2025-08-22 14:00:00+00:00,4647.63,4509.179650071123,4563.289805871977,4011.0983738785144,0.009977011999999836,8,176,0.12643648483205422,take_profit
2025-08-22 15:00:00+00:00,2025-08-22 16:00:00+00:00,4613.93,4613.93,4669.29716,241.28431508924405,0.009977012000000016,1,2,0.00014954713227129785,take_profit
2025-08-22 17:00:00+00:00,2025-08-22 17:00:00+00:00,4745.95,4745.95,4802.9014,241.40467991459445,0.009977011999999915,1,1,0.0,take_profit
2025-08-22 18:00:00+00:00,2025-08-22 19:00:00+00:00,4799.51,4777.307290725102,4834.634978213803,785.4038592606084,0.009977011999999971,2,2,0.009642651020625158,take_profit
2025-08-22 20:00:00+00:00,2025-08-24 15:00:00+00:00,4833.0,4761.718151179907,4818.858768994066,2965.7220449709566,0.009977011999999646,5,44,0.0358576453548521,take_profit
2025-08-24 16:00:00+00:00,2025-08-24 17:00:00+00:00,4798.31,4798.31,4855.88972,243.39635619201363,0.009977011999999893,1,2,0.000602295391502493,take_profit
2025-08-24 18:00:00+00:00,2025-08-24 19:00:00+00:00,4905.56,4833.207964763524,4891.206460340686,2985.3475331860245,0.009977011999999999,5,2,0.032893288431901875,take_profit
2025-08-24 20:00:00+00:00,2025-08-24 20:00:00+00:00,4813.01,4747.90216019691,4804.876986119273,2727.744789472432,0.009977012000000127,4,1,0.021194637035867412,take_profit
2025-08-24 21:00:00+00:00,2025-08-24 21:00:00+00:00,4786.72,4764.576457734156,4821.751375226966,801.151437547669,0.009977012000000268,2,1,0.006852291339372301,take_profit
2025-08-24 22:00:00+00:00,2025-08-25 00:00:00+00:00,4785.0,4720.271064581668,4776.914317356648,2747.34382040787,0.009977012000000222,4,3,0.024033437826541274,take_profit
2025-08-25 01:00:00+00:00,2025-08-25 02:00:00+00:00,4701.04,4701.04,4757.45248,248.13792313188242,0.009977012000000004,1,2,0.000182938243452443,take_profit
2025-08-25 03:00:00+00:00,2025-09-12 20:00:00+00:00,4764.33,4622.403221044566,4677.872059697101,4161.601797613781,0.009977012000000063,8,450,0.11622200813125881,take_profit
2025-09-12 21:00:00+00:00,2025-09-12 22:00:00+00:00,4670.48,4670.48,4726.5257599999995,250.33772443742055,0.009977012000000018,1,2,0.005579726280810429,take_profit
2025-09-12 23:00:00+00:00,2025-09-13 03:00:00+00:00,4695.17,4695.17,4751.5120400000005,250.46260556146444,0.009977012000000243,1,5,0.005039221157061374,take_profit
2025-09-13 04:00:00+00:00,2025-10-06 13:00:00+00:00,4756.8,4580.652538650738,4635.620369114547,4482.73282068735,0.009977012000000098,10,562,0.19799024554322237,take_profit
2025-10-06 14:00:00+00:00,2025-10-06 15:00:00+00:00,4637.88,4637.88,4693.53456,252.82376293976267,0.00997701200000011,1,2,0.0016968959955841658,take_profit
2025-10-06 16:00:00+00:00,2025-10-06 19:00:00+00:00,4673.39,4673.39,4729.47068,252.94988422559618,0.009977011999999981,1,4,0.0028672976147936604,take_profit
2025-10-06 20:00:00+00:00,2025-10-07 12:00:00+00:00,4722.61,4679.721629076457,4735.878288625375,1677.800601794559,0.009977011999999992,3,17,0.01772113301754742,take_profit
2025-10-07 13:00:00+00:00,2026-07-31 23:00:00+00:00,4747.46,4416.604080303676,1862.6,-294767.9738948166,-0.5791163009403851,13,7139,0.6828451424551233,eod_close
