entry_time,exit_time,p0,avg_entry,exit_price,pnl,pnl_pct,fills,hold_bars,max_dd_from_p0,reason
2021-11-01 00:00:00+00:00,2021-11-01 02:00:00+00:00,4287.48,4229.481250568987,4280.235025575815,55.538700133331986,0.009977011999999756,4,3,0.02245374905538907,take_profit
2021-11-01 03:00:00+00:00,2021-11-01 04:00:00+00:00,4236.14,4178.83575078725,4228.981779796697,55.847154854584005,0.009977012000000113,4,2,0.021207986516026414,take_profit
2021-11-01 05:00:00+00:00,2021-11-01 06:00:00+00:00,4226.91,4207.356159324355,4257.844433236247,16.402571298962812,0.009977011999999945,2,2,0.006709392913499382,take_profit
2021-11-01 07:00:00+00:00,2021-11-01 07:00:00+00:00,4241.99,4241.99,4292.89388,5.0522533331262025,0.00997701199999987,1,1,0.00012494136006915277,take_profit
2021-11-01 08:00:00+00:00,2021-11-01 12:00:00+00:00,4302.94,4302.94,4354.57528,5.054773652732877,0.009977012000000052,1,5,0.0019568016286537026,take_profit
2021-11-01 13:00:00+00:00,2021-11-01 14:00:00+00:00,4345.58,4325.477187552309,4377.382913802937,16.44557485774385,0.009977011999999891,2,2,0.008590337768491186,take_profit
2021-11-01 15:00:00+00:00,2021-11-01 19:00:00+00:00,4329.78,4290.459113740635,4341.944623105523,33.5823830182685,0.009977011999999843,3,5,0.015046953886802479,take_profit
2021-11-01 20:00:00+00:00,2021-11-02 06:00:00+00:00,4364.28,4324.645802076775,4376.541551701696,33.693446498021785,0.009977011999999843,3,11,0.019753544685492234,take_profit
2021-11-02 07:00:00+00:00,2021-11-02 09:00:00+00:00,4376.0,4355.756463516702,4408.025541078902,16.58138673597614,0.009977012000000065,2,3,0.010507312614259499,take_profit
2021-11-02 10:00:00+00:00,2021-11-02 13:00:00+00:00,4425.54,4425.54,4478.64648,5.107331337129324,0.009977012000000082,1,4,0.0037554739082687966,take_profit
2021-11-02 14:00:00+00:00,2021-11-02 20:00:00+00:00,4488.38,4467.616589515331,4521.227988589515,16.616569919535323,0.009977011999999862,2,7,0.007550608460068071,take_profit
2021-11-02 21:00:00+00:00,2021-11-02 22:00:00+00:00,4499.44,4499.44,4553.433279999999,5.118168318305379,0.009977011999999745,1,2,0.004440552602101498,take_profit
2021-11-02 23:00:00+00:00,2021-11-02 23:00:00+00:00,4544.33,4544.33,4598.86196,5.120721519642075,0.009977012000000151,1,1,0.0005963475363805086,take_profit
2021-11-03 00:00:00+00:00,2021-11-03 00:00:00+00:00,4589.68,4568.447972000304,4623.269347664307,16.66013453073265,0.00997701199999987,2,1,0.007926478534451227,take_profit
2021-11-03 01:00:00+00:00,2021-11-03 09:00:00+00:00,4632.4,4564.076797750011,4618.8457193230115,62.9094543748397,0.009977012000000066,5,9,0.02681979103704339,take_profit
2021-11-03 10:00:00+00:00,2021-11-03 18:00:00+00:00,4594.48,4526.716079295067,4581.036672246608,63.29417958628528,0.009977011999999978,5,9,0.030358168933154475,take_profit
2021-11-03 19:00:00+00:00,2021-11-04 18:00:00+00:00,4653.36,4584.727659005697,4420.691999999999,-240.67102844520105,-0.03770619220405099,5,24,0.05013151787095771,stop_loss
2021-11-04 19:00:00+00:00,2021-11-04 20:00:00+00:00,4443.15,4443.15,4496.467799999999,5.0744847843323555,0.009977011999999869,1,2,0.0005626638758538425,take_profit
2021-11-04 21:00:00+00:00,2021-11-05 03:00:00+00:00,4511.58,4490.709265464505,4544.597776650079,16.509704512704275,0.009977012000000032,2,7,0.00960860718417946,take_profit
2021-11-05 04:00:00+00:00,2021-11-06 21:00:00+00:00,4542.39,4475.394353970226,4529.099086217869,62.34142352620984,0.009977012000000065,5,42,0.04760049225187627,take_profit
2021-11-06 22:00:00+00:00,2021-11-07 01:00:00+00:00,4509.77,4509.77,4563.887240000001,5.1163511266447586,0.00997701200000018,1,4,0.0027296292272112324,take_profit
2021-11-07 02:00:00+00:00,2021-11-07 09:00:00+00:00,4552.58,4531.519597960892,4585.897833136422,16.645915570570878,0.009977011999999917,2,8,0.00746170303432345,take_profit
2021-11-07 10:00:00+00:00,2021-11-07 21:00:00+00:00,4582.76,4582.76,4637.75312,5.127207246443959,0.009977012000000052,1,12,0.0023806614354668046,take_profit
2021-11-07 22:00:00+00:00,2021-11-08 00:00:00+00:00,4625.62,4604.221712242258,4659.472372789165,16.681235674514028,0.009977011999999936,2,3,0.008321046692119064,take_profit
2021-11-08 01:00:00+00:00,2021-11-08 06:00:00+00:00,4688.29,4688.29,4744.54948,5.138086401280134,0.009977012000000032,1,6,0.002111644117577973,take_profit
2021-11-08 07:00:00+00:00,2021-11-08 15:00:00+00:00,4737.53,4715.614012478125,4772.201380627863,16.716630722352193,0.009977012000000183,2,9,0.007113411419030554,take_profit
2021-11-08 16:00:00+00:00,2021-11-08 23:00:00+00:00,4763.78,4741.742579015445,4798.643489963631,16.743748244245808,0.00997701199999992,2,8,0.0066690737187694495,take_profit
2021-11-09 00:00:00+00:00,2021-11-10 13:00:00+00:00,4807.98,4737.067170806946,4793.911976856629,63.22518370377384,0.00997701199999987,5,38,0.027052941152001405,take_profit
2021-11-10 14:00:00+00:00,2021-11-10 14:00:00+00:00,4792.39,4792.39,4849.89868,5.1888811897136975,0.009977011999999988,1,1,0.00024413705896224487,take_profit
2021-11-10 15:00:00+00:00,2021-11-10 20:00:00+00:00,4845.25,4750.343911138292,4602.9875,-239.19714317781654,-0.0329571471201708,6,6,0.056259222950312195,stop_loss
2021-11-10 21:00:00+00:00,2021-11-10 21:00:00+00:00,4638.25,4569.840516182538,4624.678602376728,62.18075315581791,0.009977011999999967,5,1,0.03801433730394,take_profit
2021-11-10 22:00:00+00:00,2021-11-10 22:00:00+00:00,4552.9,4552.9,4607.534799999999,5.103164933836183,0.009977011999999945,1,1,0.006108194776955235,take_profit
2021-11-10 23:00:00+00:00,2021-11-11 05:00:00+00:00,4640.57,4598.426675131618,4653.607795233198,33.848970610365086,0.009977012000000209,3,7,0.013812958321930163,take_profit
2021-11-11 06:00:00+00:00,2021-11-11 08:00:00+00:00,4656.01,4656.01,4711.88212,5.122596230023646,0.00997701199999986,1,3,0.003155061952186638,take_profit
2021-11-11 09:00:00+00:00,2021-11-11 14:00:00+00:00,4720.52,4698.682701361942,4755.066893778286,16.666233852292635,0.009977012000000085,2,6,0.00988874107089903,take_profit
2021-11-11 15:00:00+00:00,2021-11-12 01:00:00+00:00,4735.3,4713.394328539907,4769.955060482386,16.693269620976253,0.009977012000000018,2,11,0.009355267881654843,take_profit
2021-11-12 02:00:00+00:00,2021-11-12 13:00:00+00:00,4785.01,4714.435955012905,4545.7595,-238.22701268062974,-0.037706192204050755,5,12,0.05120365474680308,stop_loss
2021-11-12 14:00:00+00:00,2021-11-12 16:00:00+00:00,4604.6,4542.311419848015,4596.819156886191,55.922214078428624,0.009977011999999758,4,3,0.02101159709855362,take_profit
2021-11-12 17:00:00+00:00,2021-11-12 18:00:00+00:00,4571.33,4571.33,4626.18596,5.050850190384381,0.009977012000000013,1,2,0.002767247168766997,take_profit
2021-11-12 19:00:00+00:00,2021-11-13 00:00:00+00:00,4640.2,4640.2,4695.8823999999995,5.053369810032336,0.009977011999999957,1,6,0.004008447911727825,take_profit
2021-11-13 01:00:00+00:00,2021-11-13 14:00:00+00:00,4687.99,4624.573364273399,4680.06824464468,56.28891631074748,0.009977011999999945,4,14,0.02216514966968783,take_profit
2021-11-13 15:00:00+00:00,2021-11-15 00:00:00+00:00,4672.85,4603.930201270647,4659.177363685894,62.325711767225584,0.009977012000000155,5,34,0.03396856308248723,take_profit
2021-11-15 01:00:00+00:00,2021-11-15 01:00:00+00:00,4674.44,4674.44,4730.53328,5.1150616649797485,0.009977012000000314,1,1,0.002565013135263215,take_profit
2021-11-15 02:00:00+00:00,2021-11-15 12:00:00+00:00,4714.96,4693.148422125846,4749.466203191357,16.64172034051785,0.009977011999999922,2,11,0.01180709910582488,take_profit
2021-11-15 13:00:00+00:00,2021-11-16 00:00:00+00:00,4740.43,4638.499924773429,4503.4085000000005,-231.60030781036767,-0.031064727972797312,7,12,0.06753395788989613,stop_loss
2021-11-16 01:00:00+00:00,2021-11-16 01:00:00+00:00,4438.7,4373.2336763174535,4425.712480433263,61.42356084632138,0.009977011999999804,5,1,0.041886137833149366,take_profit
2021-11-16 02:00:00+00:00,2021-11-16 10:00:00+00:00,4399.17,4304.577794433316,4179.211499999999,-227.76466246405562,-0.0310647279727975,7,9,0.0673240634028692,stop_loss
2021-11-16 11:00:00+00:00,2021-11-16 14:00:00+00:00,4250.35,4250.35,4301.354200000001,4.927401737879109,0.009977012000000134,1,4,0.00657592904113796,take_profit
2021-11-16 15:00:00+00:00,2021-11-17 03:00:00+00:00,4312.83,4228.352660910079,4097.188499999999,-227.14345846394554,-0.032957147120171004,6,13,0.05781586568448094,stop_loss
2021-11-17 04:00:00+00:00,2021-11-17 05:00:00+00:00,4122.18,4103.110644145173,4152.347971874915,15.66270419053376,0.009977012000000002,2,2,0.01073218539704725,take_profit
2021-11-17 06:00:00+00:00,2021-11-17 07:00:00+00:00,4175.99,4156.67171711177,4206.551777717111,15.688112045193975,0.00997701199999982,2,2,0.007825689237761438,take_profit
2021-11-17 08:00:00+00:00,2021-11-17 10:00:00+00:00,4183.62,4145.626465415701,4195.37398300069,32.03562004323294,0.009977011999999976,3,3,0.01957395748179814,take_profit
2021-11-17 11:00:00+00:00,2021-11-17 16:00:00+00:00,4225.95,4187.572045626392,4237.822910173908,32.14156807664449,0.009977012000000009,3,6,0.01970917781800541,take_profit
2021-11-17 17:00:00+00:00,2021-11-17 19:00:00+00:00,4236.04,4216.443923609526,4267.041250692841,15.817668596498152,0.009977012000000283,2,3,0.008507946100603386,take_profit
2021-11-17 20:00:00+00:00,2021-11-17 23:00:00+00:00,4242.53,4222.903900631514,4273.578747439093,15.843327832596515,0.009977012000000118,2,4,0.010024678670510226,take_profit
2021-11-18 00:00:00+00:00,2021-11-18 02:00:00+00:00,4288.07,4288.07,4339.5268399999995,4.879997434006441,0.009977011999999962,1,3,0.0041510516386158046,take_profit
2021-11-18 03:00:00+00:00,2021-11-18 15:00:00+00:00,4336.73,4251.784520871115,4119.893499999999,-224.9582139678614,-0.032957147120170976,6,13,0.06611433038256921,stop_loss
2021-11-18 16:00:00+00:00,2021-11-18 16:00:00+00:00,4071.76,4034.7823217264086,4083.1997095871257,31.62473406562458,0.009977012000000174,3,1,0.01836797846631442,take_profit
2021-11-18 17:00:00+00:00,2021-11-18 17:00:00+00:00,4000.02,3981.515760785209,4029.2939499146314,15.563321668363187,0.009977011999999981,2,1,0.01000494997525012,take_profit
2021-11-18 18:00:00+00:00,2021-11-18 19:00:00+00:00,4036.69,4036.69,4085.1302800000003,4.79375107355736,0.009977012000000026,1,2,0.00021304583705960263,take_profit
2021-11-18 20:00:00+00:00,2021-11-18 21:00:00+00:00,4065.41,4028.489989235553,4076.8318691063796,31.796648022556838,0.009977011999999952,3,2,0.01431589925739343,take_profit
2021-11-18 22:00:00+00:00,2021-11-19 00:00:00+00:00,4019.59,3983.0861034511495,4030.8831366925633,31.90180572896361,0.009977011999999945,3,3,0.015710557544426195,take_profit
2021-11-19 01:00:00+00:00,2021-11-19 08:00:00+00:00,4101.78,4041.2829046444695,4089.778299500203,59.18670397373353,0.009977011999999928,5,8,0.030140573117036912,take_profit
2021-11-19 09:00:00+00:00,2021-11-19 12:00:00+00:00,4141.04,4121.88339709351,4171.3459978586325,15.795687531159729,0.009977012000000148,2,4,0.007012731101365832,take_profit
2021-11-19 13:00:00+00:00,2021-11-19 13:00:00+00:00,4140.47,4140.47,4190.15564,4.865323462021308,0.009977011999999993,1,1,0.002434506227553859,take_profit
2021-11-19 14:00:00+00:00,2021-11-19 17:00:00+00:00,4206.28,4206.28,4256.75536,4.867750531549575,0.009977012000000084,1,4,0.004117652652700179,take_profit
2021-11-19 18:00:00+00:00,2021-11-19 20:00:00+00:00,4254.67,4254.67,4305.7260400000005,4.870178811822882,0.009977012000000068,1,3,0.00270996340491736,take_profit
2021-11-19 21:00:00+00:00,2021-11-20 00:00:00+00:00,4267.34,4267.34,4318.5480800000005,4.872608303445247,0.009977012000000026,1,4,0.0044078981285766775,take_profit
2021-11-20 01:00:00+00:00,2021-11-20 12:00:00+00:00,4298.07,4278.186970554668,4329.525214201324,15.852904622831375,0.009977012000000136,2,12,0.008378179043151766,take_profit
2021-11-20 13:00:00+00:00,2021-11-20 18:00:00+00:00,4312.17,4253.83725737871,4304.883304467255,54.36347924977508,0.00997701199999987,4,6,0.026044891551121687,take_profit
2021-11-20 19:00:00+00:00,2021-11-20 21:00:00+00:00,4369.74,4369.74,4422.17688,4.910066492245733,0.009977012000000163,1,3,0.0009451363239003028,take_profit
2021-11-20 22:00:00+00:00,2021-11-21 16:00:00+00:00,4427.66,4362.356505121711,4414.7047831831715,60.22380581096786,0.00997701200000016,5,19,0.028139016997691817,take_profit
2021-11-21 17:00:00+00:00,2021-11-22 01:00:00+00:00,4410.63,4324.237008365696,4190.0985,-227.7285555724984,-0.03295714712017106,6,9,0.05546373193852128,stop_loss
2021-11-22 02:00:00+00:00,2021-11-22 03:00:00+00:00,4213.17,4151.030015105867,4200.842375287138,59.19942400841228,0.00997701200000003,5,2,0.028111849272637955,take_profit
2021-11-22 04:00:00+00:00,2021-11-22 07:00:00+00:00,4164.99,4145.722603515179,4195.471274757361,15.799082241114093,0.00997701199999998,2,4,0.009745521597891027,take_profit
2021-11-22 08:00:00+00:00,2021-11-22 13:00:00+00:00,4188.17,4150.135144602062,4199.936766337287,32.262224686441186,0.009977011999999983,3,6,0.014626913425195304,take_profit
2021-11-22 14:00:00+00:00,2021-11-22 19:00:00+00:00,4276.19,4213.120534014899,4062.3804999999993,-226.21186653868335,-0.037706192204050734,5,6,0.05266136443890464,stop_loss
2021-11-22 20:00:00+00:00,2021-11-22 22:00:00+00:00,4066.23,4047.4194708970554,4095.98850454782,15.51008849704408,0.009977012000000118,2,3,0.010695410736726706,take_profit
2021-11-22 23:00:00+00:00,2021-11-23 01:00:00+00:00,4113.24,4094.2120009130335,4143.34254492399,15.535248780320217,0.009977012000000108,2,3,0.012309031323239017,take_profit
2021-11-23 02:00:00+00:00,2021-11-23 03:00:00+00:00,4140.01,4140.01,4189.69012,4.78510417670185,0.00997701199999994,1,2,0.005541049417755153,take_profit
2021-11-23 04:00:00+00:00,2021-11-23 09:00:00+00:00,4178.68,4117.048707629309,4166.453292120861,58.69109617518461,0.009977012000000014,5,6,0.028492251141508895,take_profit
2021-11-23 10:00:00+00:00,2021-11-23 10:00:00+00:00,4141.9,4141.9,4191.6028,4.816769317333126,0.009977011999999976,1,1,0.006656365436152421,take_profit
2021-11-23 11:00:00+00:00,2021-11-23 13:00:00+00:00,4155.9,4136.674654188541,4186.314750038804,15.671233931090228,0.00997701200000015,2,3,0.00838326234991199,take_profit
2021-11-23 14:00:00+00:00,2021-11-23 14:00:00+00:00,4182.3,4182.3,4232.4876,4.826989770046396,0.009977011999999957,1,1,0.0021256246562896797,take_profit
2021-11-23 15:00:00+00:00,2021-11-23 16:00:00+00:00,4309.01,4289.076361713459,4340.545278054021,15.704485908670677,0.009977011999999981,2,2,0.009853771515963072,take_profit
2021-11-23 17:00:00+00:00,2021-11-23 20:00:00+00:00,4352.76,4313.230420928012,4364.989185979148,32.069055989346,0.009977011999999726,3,4,0.014418437956606892,take_profit
2021-11-23 21:00:00+00:00,2021-11-25 10:00:00+00:00,4383.21,4318.562097544647,4370.384842715183,59.49699962705654,0.009977012000000077,5,38,0.04917857004341576,take_profit
2021-11-25 11:00:00+00:00,2021-11-25 12:00:00+00:00,4365.36,4365.36,4417.74432,4.882909690791507,0.009977012000000004,1,2,0.002373229241116351,take_profit
2021-11-25 13:00:00+00:00,2021-11-25 16:00:00+00:00,4449.0,4449.0,4502.388,4.885345533220516,0.009977012000000026,1,4,0.003483928972802877,take_profit
2021-11-25 17:00:00+00:00,2021-11-25 23:00:00+00:00,4486.1,4486.1,4539.9332,4.887782590770939,0.009977011999999964,1,7,0.0039566661465415395,take_profit
2021-11-26 00:00:00+00:00,2021-11-26 08:00:00+00:00,4524.48,4389.6982210618735,4298.255999999999,-187.2378402755594,-0.022788453731490365,8,9,0.11567738171016331,stop_loss
2021-11-26 09:00:00+00:00,2021-11-26 09:00:00+00:00,4099.87,4080.903851023358,4129.874697235638,15.598538748757392,0.009977011999999964,2,1,0.01094424945181186,take_profit
2021-11-26 10:00:00+00:00,2021-11-26 11:00:00+00:00,4072.54,4017.4488445875495,4065.6582307226004,53.4911965832207,0.009977012000000124,4,2,0.0227229198485466,take_profit
2021-11-26 12:00:00+00:00,2021-11-26 12:00:00+00:00,3984.92,3948.730958969586,3996.115730477221,32.02961434706049,0.009977012000000125,3,1,0.01804804111500358,take_profit
2021-11-26 13:00:00+00:00,2021-11-26 13:00:00+00:00,4051.0,4032.2599254355932,4080.6470445408204,15.762573369392157,0.009977011999999931,2,1,0.008573191804492722,take_profit
2021-11-26 14:00:00+00:00,2021-11-26 16:00:00+00:00,4087.33,4050.210922810284,4098.813453884008,32.187672417862814,0.009977012000000134,3,3,0.01573888088311928,take_profit
2021-11-26 17:00:00+00:00,2021-11-26 20:00:00+00:00,4072.47,4053.630604428212,4102.274171681351,15.840357694568638,0.009977011999999993,2,4,0.00992518054153858,take_profit
2021-11-26 21:00:00+00:00,2021-11-27 02:00:00+00:00,4117.86,4062.1557797279547,4110.90164908469,54.32045277037014,0.009977011999999693,4,6,0.022045431364835073,take_profit
2021-11-27 03:00:00+00:00,2021-11-27 08:00:00+00:00,4115.19,4115.19,4164.572279999999,4.906180374621897,0.009977011999999985,1,6,0.0066218084705686854,take_profit
2021-11-27 09:00:00+00:00,2021-11-28 21:00:00+00:00,4161.18,4099.806814882436,4149.004496661025,60.176141121801265,0.009977011999999853,5,37,0.0473855973545966,take_profit
2021-11-28 22:00:00+00:00,2021-11-28 22:00:00+00:00,4251.93,4232.260415886784,4283.0475408774255,16.059747513778802,0.009977011999999915,2,1,0.008335038441366746,take_profit
2021-11-28 23:00:00+00:00,2021-11-28 23:00:00+00:00,4222.2,4222.2,4272.8664,4.946658144432945,0.009977012000000122,1,1,0.0,take_profit
2021-11-29 00:00:00+00:00,2021-11-29 00:00:00+00:00,4294.77,4294.77,4346.30724,4.949125787816229,0.009977011999999997,1,1,0.0029570850127016643,take_profit
2021-11-29 01:00:00+00:00,2021-11-29 13:00:00+00:00,4343.61,4304.163516630166,4355.8134788297275,32.827238686337296,0.009977011999999995,3,13,0.015360495072071238,take_profit
2021-11-29 14:00:00+00:00,2021-11-29 14:00:00+00:00,4345.59,4325.487141291942,4377.3929869874455,16.15510423263777,0.009977012000000037,2,1,0.009789234603356498,take_profit
2021-11-29 15:00:00+00:00,2021-11-29 16:00:00+00:00,4318.9,4318.9,4370.7267999999995,4.976029533339499,0.009977012000000013,1,2,0.004042696056866341,take_profit
2021-11-29 17:00:00+00:00,2021-11-30 00:00:00+00:00,4409.61,4409.61,4462.52532,4.978511828657815,0.009977011999999995,1,8,0.006472227702676647,take_profit
2021-11-30 01:00:00+00:00,2021-11-30 08:00:00+00:00,4483.25,4417.126608995927,4470.132128303879,61.06331351524295,0.009977011999999848,5,8,0.030533653041878175,take_profit
2021-11-30 09:00:00+00:00,2021-11-30 10:00:00+00:00,4421.27,4421.27,4474.32524,5.011456832855686,0.009977011999999936,1,2,0.004738457502030124,take_profit
2021-11-30 11:00:00+00:00,2021-11-30 11:00:00+00:00,4489.16,4489.16,4543.02992,5.013956801103632,0.009977011999999941,1,1,0.006275116057347048,take_profit
2021-11-30 12:00:00+00:00,2021-11-30 13:00:00+00:00,4590.47,4590.47,4645.5556400000005,5.016458016462309,0.009977012000000085,1,2,0.0048818530564408115,take_profit
2021-11-30 14:00:00+00:00,2021-11-30 15:00:00+00:00,4649.23,4627.722491516396,4683.255161414593,16.320915929808052,0.009977012000000153,2,2,0.00804864461426928,take_profit
2021-11-30 16:00:00+00:00,2021-11-30 16:00:00+00:00,4613.85,4571.949332744904,4626.8127247378425,33.32782555215317,0.009977011999999912,3,1,0.018468307378870147,take_profit
2021-11-30 17:00:00+00:00,2021-11-30 17:00:00+00:00,4557.49,4536.4068841208245,4590.843766730274,16.40145553473849,0.009977012000000047,2,1,0.008223824956280665,take_profit
2021-11-30 18:00:00+00:00,2021-11-30 18:00:00+00:00,4596.27,4596.27,4651.4252400000005,5.051909659965588,0.00997701200000007,1,1,0.00429261118254595,take_profit
2021-11-30 19:00:00+00:00,2021-12-01 00:00:00+00:00,4691.27,4648.666243208208,4704.450238126706,33.508997616865145,0.009977011999999855,3,6,0.019817661315592632,take_profit
2021-12-01 01:00:00+00:00,2021-12-01 03:00:00+00:00,4723.91,4702.057019097618,4758.481703326789,16.490614833740665,0.009977011999999749,2,3,0.012428263874629288,take_profit
2021-12-01 04:00:00+00:00,2021-12-01 07:00:00+00:00,4759.37,4716.14779322824,4772.741566746979,33.67435607109064,0.009977012000000115,3,4,0.01586764634815102,take_profit
2021-12-01 08:00:00+00:00,2021-12-01 14:00:00+00:00,4766.69,4702.208752524721,4758.635257555017,56.73736620852287,0.009977011999999987,4,7,0.024174007539823142,take_profit
2021-12-01 15:00:00+00:00,2021-12-02 03:00:00+00:00,4740.44,4647.586871702472,4503.418,-236.1103195512669,-0.03295714712017101,6,13,0.06105762334298074,stop_loss
2021-12-02 04:00:00+00:00,2021-12-02 05:00:00+00:00,4491.02,4491.02,4544.912240000001,5.00669031213323,0.009977012000000056,1,2,0.0014651460024673317,take_profit
2021-12-02 06:00:00+00:00,2021-12-02 07:00:00+00:00,4525.0,4525.0,4579.3,5.009187902599422,0.009977011999999995,1,2,0.005082872928176795,take_profit
2021-12-02 08:00:00+00:00,2021-12-02 14:00:00+00:00,4560.11,4518.697372420725,4572.921740889773,33.22562689923052,0.009977011999999863,3,7,0.01756755867731254,take_profit
2021-12-02 15:00:00+00:00,2021-12-02 15:00:00+00:00,4590.12,4548.4348366806535,4603.016054720822,33.33551051703171,0.009977012000000039,3,1,0.019785975094332983,take_profit
2021-12-02 16:00:00+00:00,2021-12-02 16:00:00+00:00,4543.05,4501.792302768129,4555.813810401347,33.44575754135258,0.009977011999999987,3,1,0.019154532747823694,take_profit
2021-12-02 17:00:00+00:00,2021-12-02 20:00:00+00:00,4483.74,4462.998054325496,4516.554030977402,16.459492812746475,0.009977012000000026,2,4,0.011316445645822413,take_profit
2021-12-02 21:00:00+00:00,2021-12-03 05:00:00+00:00,4536.55,4495.3513325019,4549.295548491923,33.61080392174972,0.009977011999999903,3,9,0.0146697380167749,take_profit
2021-12-03 06:00:00+00:00,2021-12-03 12:00:00+00:00,4570.91,4570.91,4625.76092,5.086552836112048,0.009977011999999952,1,7,0.005854414110100663,take_profit
2021-12-03 13:00:00+00:00,2021-12-03 13:00:00+00:00,4595.16,4595.16,4650.30192,5.089090266046185,0.009977011999999775,1,1,0.006032434126341684,take_profit
2021-12-03 14:00:00+00:00,2021-12-03 16:00:00+00:00,4598.45,4508.378093632708,4368.527499999999,-234.5969792920787,-0.03295714712017115,6,3,0.06073785732148881,stop_loss
2021-12-03 17:00:00+00:00,2021-12-03 18:00:00+00:00,4343.8,4304.351791145642,4356.00401263939,32.97975633719534,0.00997701200000009,3,2,0.01598139877526591,take_profit
2021-12-03 19:00:00+00:00,2021-12-03 19:00:00+00:00,4323.57,4259.801727063296,4310.919347788056,61.186601537205206,0.009977011999999985,5,1,0.0325633677724658,take_profit
2021-12-03 20:00:00+00:00,2021-12-03 20:00:00+00:00,4228.82,4166.449193476643,4216.446583798363,61.560790575213105,0.009977012000000118,5,1,0.046424298031129185,take_profit
2021-12-03 21:00:00+00:00,2021-12-03 21:00:00+00:00,4209.61,4209.61,4260.12532,5.052284699341385,0.009977012000000153,1,1,0.0022828718099775686,take_profit
2021-12-03 22:00:00+00:00,2021-12-03 22:00:00+00:00,4213.01,4193.520461234118,4243.842706768927,16.437477112497618,0.00997701199999999,2,1,0.008302852354967225,take_profit
2021-12-03 23:00:00+00:00,2021-12-03 23:00:00+00:00,4197.65,4197.65,4248.0217999999995,5.06300487991507,0.009977012000000137,1,1,4.764570652514399e-06,take_profit
2021-12-04 00:00:00+00:00,2021-12-04 00:00:00+00:00,4215.01,4176.731397209076,4226.852173975585,33.58259150984304,0.009977012000000141,3,1,0.015181458644226178,take_profit
2021-12-04 01:00:00+00:00,2021-12-04 03:00:00+00:00,4166.71,4105.255252990448,4154.518316026333,62.305028099374795,0.009977012000000002,5,3,0.02681012117473979,take_profit
2021-12-04 04:00:00+00:00,2021-12-04 04:00:00+00:00,4058.12,4021.266193352352,4069.52138767258,33.8997105389858,0.009977012000000094,3,1,0.019339004267986164,take_profit
2021-12-04 05:00:00+00:00,2021-12-04 05:00:00+00:00,4018.62,3898.9075131559125,3817.689,-196.42908718671606,-0.022788453731490264,8,1,0.1281385152116896,stop_loss
2021-12-04 06:00:00+00:00,2021-12-04 06:00:00+00:00,3846.47,3811.538292298902,3857.276751806489,33.36219424293222,0.009977012000000065,3,1,0.014696591940142455,take_profit
2021-12-04 07:00:00+00:00,2021-12-04 07:00:00+00:00,3899.51,3846.7595024131374,3892.9206164420953,56.21140990150161,0.009977012000000342,4,1,0.023300363378988675,take_profit
2021-12-04 08:00:00+00:00,2021-12-04 08:00:00+00:00,3893.51,3893.51,3940.23212,5.076970128624964,0.00997701199999984,1,1,0.0034210776394564706,take_profit
2021-12-04 09:00:00+00:00,2021-12-04 10:00:00+00:00,3938.2,3902.435246532934,3949.2644694913292,33.67522212227232,0.009977011999999915,3,2,0.0167995530953227,take_profit
2021-12-04 11:00:00+00:00,2021-12-04 11:00:00+00:00,3917.64,3864.644249414362,3911.0199804073345,56.73882540385239,0.009977012000000065,4,1,0.023907250283333806,take_profit
2021-12-04 12:00:00+00:00,2021-12-04 12:00:00+00:00,3866.35,3866.3500000000004,3912.7462000000005,5.124605880076729,0.009977012,1,1,0.0,take_profit
2021-12-04 13:00:00+00:00,2021-12-04 13:00:00+00:00,3910.61,3910.6100000000006,3957.537320000001,5.127162292794878,0.009977012000000214,1,1,0.004313904991804436,take_profit
2021-12-04 14:00:00+00:00,2021-12-04 14:00:00+00:00,3964.9,3964.9,4012.4788000000003,5.129719980780919,0.00997701200000018,1,1,0.003505763070947588,take_profit
2021-12-04 15:00:00+00:00,2021-12-04 18:00:00+00:00,4027.76,4009.127434527886,4057.2369637422207,16.689410790449074,0.009977012000000111,2,4,0.012984884898802356,take_profit
2021-12-04 19:00:00+00:00,2021-12-04 19:00:00+00:00,4065.04,4065.0400000000004,4113.82048,5.1406044672575035,0.009977011999999943,1,1,0.003500580560092894,take_profit
2021-12-04 20:00:00+00:00,2021-12-04 23:00:00+00:00,4117.37,4061.6724081873817,4110.412477085631,57.26061331780147,0.009977011999999974,4,4,0.020491235910301938,take_profit
2021-12-05 00:00:00+00:00,2021-12-05 00:00:00+00:00,4117.25,4098.203450505972,4147.381891912044,16.817710678604044,0.009977011999999941,2,1,0.012884813892768276,take_profit
2021-12-05 01:00:00+00:00,2021-12-05 03:00:00+00:00,4111.6,4092.5795876131783,4141.690542664536,16.844992171214926,0.009977011999999794,2,3,0.0083714369102054,take_profit
2021-12-05 04:00:00+00:00,2021-12-05 06:00:00+00:00,4162.81,4162.81,4212.763720000001,5.188526011704653,0.009977012000000111,1,3,0.00552511404556057,take_profit
2021-12-05 07:00:00+00:00,2021-12-05 12:00:00+00:00,4218.05,4179.7437894566665,4229.900714930147,34.41516524712324,0.00997701199999989,3,6,0.013525207145481959,take_profit
2021-12-05 13:00:00+00:00,2021-12-06 07:00:00+00:00,4231.93,4169.5133241305175,4020.3335,-241.30756150430443,-0.03770619220405096,5,19,0.051378449076426184,stop_loss
2021-12-06 08:00:00+00:00,2021-12-06 08:00:00+00:00,4071.99,4016.906284695068,4065.1091601114085,56.64535252044698,0.00997701199999979,4,1,0.020965179187571653,take_profit
2021-12-06 09:00:00+00:00,2021-12-06 09:00:00+00:00,4045.39,3985.724599958966,4033.5532951584737,62.72037455210648,0.009977011999999983,5,1,0.029950140777526977,take_profit
2021-12-06 10:00:00+00:00,2021-12-06 10:00:00+00:00,3960.69,3942.3677028075786,3989.6761152412696,16.738749951374757,0.009977012000000084,2,1,0.010020981192670987,take_profit
2021-12-06 11:00:00+00:00,2021-12-06 11:00:00+00:00,3946.98,3946.9799999999996,3994.3437599999997,5.155801715036432,0.009977012000000085,1,1,0.004003060567826587,take_profit
2021-12-06 12:00:00+00:00,2021-12-06 13:00:00+00:00,4044.42,4025.7103647569047,4074.0188891339876,16.774267035770208,0.009977012000000049,2,2,0.006705535033453472,take_profit
2021-12-06 14:00:00+00:00,2021-12-06 14:00:00+00:00,4045.42,4008.6815283706424,4056.78570671109,34.25358282204979,0.009977011999999967,3,1,0.015385299919415101,take_profit
2021-12-06 15:00:00+00:00,2021-12-06 15:00:00+00:00,4018.04,4018.04,4066.25648,5.183828963333667,0.009977011999999941,1,1,0.004489751221988822,take_profit
2021-12-06 16:00:00+00:00,2021-12-06 16:00:00+00:00,4125.41,4106.325702046716,4155.601610471277,16.86545296052077,0.00997701199999996,2,1,0.00703687633471576,take_profit
2021-12-06 17:00:00+00:00,2021-12-06 20:00:00+00:00,4169.29,4169.29,4219.32148,5.194828260850954,0.00997701199999995,1,4,0.004501965562481748,take_profit
2021-12-06 21:00:00+00:00,2021-12-06 21:00:00+00:00,4199.52,4199.52,4249.91424,5.197419704045842,0.009977012000000073,1,1,0.0002452661256526114,take_profit
2021-12-06 22:00:00+00:00,2021-12-06 22:00:00+00:00,4317.74,4317.74,4369.55288,5.200012439983539,0.009977011999999846,1,1,0.00012274940130710635,take_profit
2021-12-06 23:00:00+00:00,2021-12-07 01:00:00+00:00,4334.14,4314.090109411854,4365.8591907247965,16.91810548167973,0.009977011999999896,2,3,0.007415542645138442,take_profit
2021-12-07 02:00:00+00:00,2021-12-07 06:00:00+00:00,4337.39,4317.325074792665,4369.132975690177,16.94554983356079,0.009977012000000061,2,5,0.008945471815999986,take_profit
2021-12-07 07:00:00+00:00,2021-12-07 08:00:00+00:00,4361.99,4361.99,4414.33388,5.219499374081465,0.009977011999999908,1,2,0.006077501323937061,take_profit
2021-12-07 09:00:00+00:00,2021-12-08 14:00:00+00:00,4407.71,4342.700747390273,4394.813156358957,64.01911608153932,0.009977012000000087,5,30,0.04191745827198255,take_profit
2021-12-08 15:00:00+00:00,2021-12-08 22:00:00+00:00,4409.48,4389.08158380887,4441.750562814576,17.0853567736051,0.009977011999999815,2,8,0.011221277792392657,take_profit
2021-12-08 23:00:00+00:00,2021-12-09 00:00:00+00:00,4388.91,4388.91,4441.5769199999995,5.262562139422471,0.009977012000000047,1,2,0.00138986673228648,take_profit
2021-12-09 01:00:00+00:00,2021-12-09 15:00:00+00:00,4433.29,4346.4531567639,4211.6255,-242.59368899040965,-0.03295714712017094,6,15,0.06662771891755336,stop_loss
2021-12-09 16:00:00+00:00,2021-12-09 22:00:00+00:00,4201.36,4139.39420062926,4189.066931036811,63.06370591164705,0.009977012000000032,5,7,0.02979987432640855,take_profit
2021-12-09 23:00:00+00:00,2021-12-09 23:00:00+00:00,4166.82,4128.979034573755,4178.52678298864,34.312501593142315,0.009977012000000179,3,1,0.015201040601705892,take_profit
2021-12-10 00:00:00+00:00,2021-12-10 00:00:00+00:00,4105.64,4105.64,4154.90768,5.192745543933711,0.009977012000000132,1,1,0.0013737200533900506,take_profit
2021-12-10 01:00:00+00:00,2021-12-10 01:00:00+00:00,4119.37,4119.37,4168.80244,5.195335948164029,0.009977012000000283,1,1,0.005187686466619869,take_profit
2021-12-10 02:00:00+00:00,2021-12-10 11:00:00+00:00,4155.59,4094.2992617135756,4143.430852854139,63.72274260625272,0.009977011999999957,5,10,0.0322697859991001,take_profit
2021-12-10 12:00:00+00:00,2021-12-10 13:00:00+00:00,4156.67,4156.67,4206.55004,5.229715773001658,0.009977012000000111,1,2,0.005150757697868691,take_profit
2021-12-10 14:00:00+00:00,2021-12-10 14:00:00+00:00,4204.44,4142.42877375271,4192.137919037743,64.14442404338115,0.009977012000000101,5,1,0.046008505294402965,take_profit
2021-12-10 15:00:00+00:00,2021-12-10 15:00:00+00:00,4032.61,4013.9549982500193,4062.1224582290197,17.118798835378357,0.009977012000000077,2,1,0.01180624955053926,take_profit
2021-12-10 16:00:00+00:00,2021-12-10 18:00:00+00:00,4022.91,3968.490212835159,4016.112095389181,58.7045394777615,0.009977012000000101,4,3,0.023177252287523157,take_profit
2021-12-10 19:00:00+00:00,2021-12-10 19:00:00+00:00,3984.09,3984.09,4031.89908,5.3021476220850445,0.00997701200000008,1,1,0.004008443584356843,take_profit
2021-12-10 20:00:00+00:00,2021-12-10 21:00:00+00:00,4016.07,3997.491512896599,4045.4614110513585,17.250399645227844,0.00997701200000016,2,2,0.007554649196851684,take_profit
2021-12-10 22:00:00+00:00,2021-12-11 00:00:00+00:00,3994.6,3935.6837009524634,3982.911905363893,65.13832330869172,0.009977011999999902,5,3,0.04165122915936517,take_profit
2021-12-11 01:00:00+00:00,2021-12-11 01:00:00+00:00,3940.09,3940.0900000000006,3987.371080000001,5.345892265486441,0.009977012000000143,1,1,0.00289333492382156,take_profit
2021-12-11 02:00:00+00:00,2021-12-11 03:00:00+00:00,3969.37,3969.3700000000003,4017.00244,5.348559067050587,0.009977012000000092,1,2,0.0037965722520197686,take_profit
2021-12-11 04:00:00+00:00,2021-12-11 06:00:00+00:00,4008.53,3989.9863932131175,4037.8662299316748,17.401398076586474,0.009977012000000025,2,3,0.01292493757063073,take_profit
2021-12-11 07:00:00+00:00,2021-12-11 07:00:00+00:00,3959.99,3941.670941033249,3988.9709923256482,17.429626420034765,0.009977012000000021,2,1,0.007679312321495725,take_profit
2021-12-11 08:00:00+00:00,2021-12-11 08:00:00+00:00,3978.11,3978.1099999999997,4025.84732,5.368602676419073,0.00997701200000009,1,1,0.0033935713190434654,take_profit
2021-12-11 09:00:00+00:00,2021-12-11 13:00:00+00:00,4021.59,4002.985977174161,4051.0218089002506,17.46660943933648,0.009977011999999877,2,5,0.012654198961107503,take_profit
2021-12-11 14:00:00+00:00,2021-12-11 15:00:00+00:00,4010.68,4010.6799999999994,4058.8081599999996,5.379994035684035,0.00997701199999989,1,2,0.005146259487169226,take_profit
2021-12-11 16:00:00+00:00,2021-12-11 23:00:00+00:00,4058.01,4021.1571923170777,4069.4110786248825,35.685160554062804,0.009977012000000104,3,8,0.019780631393219936,take_profit
2021-12-12 00:00:00+00:00,2021-12-12 17:00:00+00:00,4089.68,4034.3569837823106,4082.7692675876983,60.12533746128611,0.00997701200000016,4,18,0.025290487275288005,take_profit
2021-12-12 18:00:00+00:00,2021-12-12 18:00:00+00:00,4085.23,4085.23,4134.25276,5.430472973358064,0.009977012000000028,1,1,2.4478425939832713e-06,take_profit
2021-12-12 19:00:00+00:00,2021-12-13 00:00:00+00:00,4148.86,4092.7364282132276,4141.849265351786,60.48942591105697,0.009977011999999846,4,6,0.023081039128820875,take_profit
2021-12-13 01:00:00+00:00,2021-12-13 01:00:00+00:00,4067.37,4012.3487815982317,4060.4969669774105,60.82537631974992,0.009977012000000143,4,1,0.02492273877222871,take_profit
2021-12-13 02:00:00+00:00,2021-12-13 04:00:00+00:00,3969.03,3969.03,4016.6583600000004,5.493699929940817,0.009977012000000009,1,3,0.0038145340297252293,take_profit
2021-12-13 05:00:00+00:00,2021-12-13 08:00:00+00:00,4017.75,3981.262813406556,4029.0379671674345,36.43936456722304,0.00997701199999994,3,4,0.01679547010142493,take_profit
2021-12-13 09:00:00+00:00,2021-12-13 15:00:00+00:00,4019.16,3940.4349071545494,3818.2019999999998,-254.0862259349651,-0.0329571471201711,6,7,0.06345604554185451,stop_loss
2021-12-13 16:00:00+00:00,2021-12-13 16:00:00+00:00,3810.99,3776.3805038303153,3821.6970698762793,35.71956401680609,0.009977012000000103,3,1,0.013350861587146557,take_profit
2021-12-13 17:00:00+00:00,2021-12-13 17:00:00+00:00,3809.1,3809.1,3854.8092,5.40568592400723,0.00997701200000007,1,1,0.001963718463679089,take_profit
2021-12-13 18:00:00+00:00,2021-12-13 19:00:00+00:00,3828.29,3771.826604796302,3817.088524053858,66.30276389874052,0.009977011999999823,5,2,0.04096868314573874,take_profit
2021-12-13 20:00:00+00:00,2021-12-13 21:00:00+00:00,3765.8,3731.600896702485,3776.380107462915,36.074849376797374,0.009977012000000148,3,2,0.014004992299113133,take_profit
2021-12-13 22:00:00+00:00,2021-12-14 00:00:00+00:00,3768.39,3768.39,3813.61068,5.459453687482778,0.00997701199999984,1,3,0.0037283826780136154,take_profit
2021-12-14 01:00:00+00:00,2021-12-14 08:00:00+00:00,3815.02,3758.7523238391004,3803.85735172517,66.96224566982619,0.009977011999999997,5,8,0.03408107952251888,take_profit
2021-12-14 09:00:00+00:00,2021-12-14 11:00:00+00:00,3817.62,3782.950293501869,3828.3456970238917,36.43366858974787,0.00997701200000003,3,3,0.014461889868556859,take_profit
2021-12-14 12:00:00+00:00,2021-12-14 20:00:00+00:00,3839.2,3782.575693360211,3827.9666016805336,67.59456739907182,0.009977012000000037,5,9,0.030126067930818883,take_profit
2021-12-14 21:00:00+00:00,2021-12-14 21:00:00+00:00,3834.37,3834.37,3880.38244,5.547475843600296,0.009977012000000098,1,1,0.0015308903418292683,take_profit
2021-12-14 22:00:00+00:00,2021-12-15 00:00:00+00:00,3851.03,3833.214993989195,3879.2135739170653,18.048568645230944,0.009977011999999902,2,3,0.008125098999488557,take_profit
2021-12-15 01:00:00+00:00,2021-12-15 04:00:00+00:00,3849.18,3831.373552157042,3877.3500347829267,18.07784682117017,0.009977012000000124,2,4,0.011945401358211365,take_profit
2021-12-15 05:00:00+00:00,2021-12-15 15:00:00+00:00,3856.22,3799.344665620315,3663.4089999999997,-257.98609509630023,-0.03770619220405091,5,11,0.05259295372152003,stop_loss
2021-12-15 16:00:00+00:00,2021-12-15 16:00:00+00:00,3659.38,3659.3799999999997,3703.29256,5.4395683709541345,0.009977012000000016,1,1,0.004276680749197976,take_profit
2021-12-15 17:00:00+00:00,2021-12-15 18:00:00+00:00,3714.76,3714.76,3759.33712,5.442281902899708,0.009977011999999985,1,2,0.00578233856292197,take_profit
2021-12-15 19:00:00+00:00,2021-12-15 19:00:00+00:00,3809.81,3792.185679220878,3837.6919073715285,17.706322889986268,0.009977012000000028,2,1,0.013320874269320517,take_profit
2021-12-15 20:00:00+00:00,2021-12-15 20:00:00+00:00,3969.37,3969.37,4017.0024399999998,5.453829598289872,0.009977012000000111,1,1,0.0008464819354203998,take_profit
2021-12-15 21:00:00+00:00,2021-12-15 22:00:00+00:00,4055.0,4018.1745276245615,4066.3926219560562,36.17490717621649,0.00997701200000004,3,2,0.015709001233045576,take_profit
2021-12-15 23:00:00+00:00,2021-12-16 00:00:00+00:00,4000.9,4000.9,4048.9108,5.474596118606996,0.009977011999999967,1,2,0.00010997525556751095,take_profit
2021-12-16 01:00:00+00:00,2021-12-16 10:00:00+00:00,4042.79,4006.075412709076,4054.1483176615848,36.31265019354214,0.009977012000000066,3,10,0.01591227840179676,take_profit
2021-12-16 11:00:00+00:00,2021-12-16 11:00:00+00:00,4050.6,4031.861775850263,4080.244117160466,17.870362306292463,0.009977012000000111,2,1,0.00799881499037182,take_profit
2021-12-16 12:00:00+00:00,2021-12-16 13:00:00+00:00,4069.99,4033.028395976989,4081.424736728713,36.49184396631472,0.009977011999999985,3,2,0.01573468239479703,take_profit
2021-12-16 14:00:00+00:00,2021-12-16 15:00:00+00:00,4077.24,4058.3785382332803,4107.0790806920795,17.958548038410754,0.009977011999999962,2,2,0.009013450275186156,take_profit
2021-12-16 16:00:00+00:00,2021-12-17 07:00:00+00:00,4081.3,4001.357743053241,3877.235,-254.86492621530397,-0.032957147120171004,6,16,0.0561830789209321,stop_loss
2021-12-17 08:00:00+00:00,2021-12-17 16:00:00+00:00,3881.55,3824.3010738076496,3870.1926866933413,66.25368871269711,0.00997701199999999,5,9,0.04677255220208426,take_profit
2021-12-17 17:00:00+00:00,2021-12-17 21:00:00+00:00,3909.56,3874.0553406214262,3920.544004708883,36.048147926651836,0.009977011999999902,3,5,0.019733678470211506,take_profit
2021-12-17 22:00:00+00:00,2021-12-17 22:00:00+00:00,3905.62,3852.786849582331,3899.020291777319,60.73692888843016,0.009977012000000063,4,1,0.02124118577844236,take_profit
2021-12-17 23:00:00+00:00,2021-12-18 03:00:00+00:00,3901.17,3843.631698704431,3889.7552790888844,67.25075861522419,0.009977011999999898,5,5,0.03438968309507144,take_profit
2021-12-18 04:00:00+00:00,2021-12-18 05:00:00+00:00,3877.24,3859.3037455679823,3905.615390514798,17.947814255562207,0.009977011999999985,2,2,0.009604770403689166,take_profit
2021-12-18 06:00:00+00:00,2021-12-18 09:00:00+00:00,3903.77,3885.7110168150343,3932.339549016815,17.97692898891455,0.009977012000000165,2,4,0.007180238589875992,take_profit
2021-12-18 10:00:00+00:00,2021-12-18 10:00:00+00:00,3942.48,3942.48,3989.78976,5.537180588836009,0.00997701199999997,1,1,0.004941052332541958,take_profit
2021-12-18 11:00:00+00:00,2021-12-18 22:00:00+00:00,3975.8,3939.693782226815,3986.970107613537,36.72776903075692,0.00997701200000019,3,12,0.017191508627194617,take_profit
2021-12-18 23:00:00+00:00,2021-12-19 03:00:00+00:00,3972.56,3918.8213208598854,3965.847176710204,61.882011258682724,0.009977012000000167,4,5,0.02206889260325837,take_profit
2021-12-19 04:00:00+00:00,2021-12-19 14:00:00+00:00,3988.58,3934.624610819049,3981.8401061488776,62.2256959053766,0.009977012000000089,4,11,0.022810122900882024,take_profit
2021-12-19 15:00:00+00:00,2021-12-19 22:00:00+00:00,3942.68,3906.8745614241197,3953.757056161209,37.25968326817792,0.009977011999999947,3,8,0.014883277364635182,take_profit
2021-12-19 23:00:00+00:00,2021-12-19 23:00:00+00:00,3977.81,3941.6855284168328,3988.985754757835,37.382908295896414,0.009977012000000028,3,1,0.01664232328844259,take_profit
2021-12-20 00:00:00+00:00,2021-12-20 01:00:00+00:00,3924.14,3905.986784447995,3952.858625861371,18.39706305516006,0.00997701199999992,2,2,0.008177587955577449,take_profit
2021-12-20 02:00:00+00:00,2021-12-20 05:00:00+00:00,3932.11,3878.9185069492623,3925.4655290326536,63.088019479763716,0.0099770119999999,4,4,0.02411427961069252,take_profit
2021-12-20 06:00:00+00:00,2021-12-20 14:00:00+00:00,3847.29,3795.245906803428,3840.788857685069,63.43840213935346,0.009977011999999978,4,9,0.024508160289450485,take_profit
2021-12-20 15:00:00+00:00,2021-12-20 19:00:00+00:00,3837.92,3820.165641329985,3866.007629025945,18.63215622877192,0.009977011999999879,2,5,0.011943969650227244,take_profit
2021-12-20 20:00:00+00:00,2021-12-20 20:00:00+00:00,3872.18,3872.18,3918.64616,5.739001019681268,0.009977011999999933,1,1,3.873786859072569e-05,take_profit
2021-12-20 21:00:00+00:00,2021-12-21 00:00:00+00:00,3929.77,3911.590739861523,3958.5298287398614,18.671690833636376,0.009977012000000037,2,4,0.00979701102100123,take_profit
2021-12-21 01:00:00+00:00,2021-12-21 03:00:00+00:00,3940.11,3921.882906642319,3968.945501522027,18.701979831065955,0.009977012000000052,2,3,0.006827220559832109,take_profit
2021-12-21 04:00:00+00:00,2021-12-21 12:00:00+00:00,4007.48,4007.48,4055.56976,5.760507801818676,0.00997701200000002,1,9,0.004531526046293395,take_profit
2021-12-21 13:00:00+00:00,2021-12-21 20:00:00+00:00,4017.07,3980.5889888248576,4028.356056690756,38.20908432562737,0.009977011999999882,3,8,0.01429151097690613,take_profit
2021-12-21 21:00:00+00:00,2021-12-22 02:00:00+00:00,4008.7,4008.7,4056.8044,5.78244205923329,0.009977012000000162,1,6,0.004158455359592791,take_profit
2021-12-22 03:00:00+00:00,2021-12-23 17:00:00+00:00,4054.36,3994.562301555508,4042.497049174174,70.9238191047707,0.009977011999999974,5,39,0.03974240077348832,take_profit
2021-12-23 18:00:00+00:00,2021-12-23 18:00:00+00:00,4044.16,4044.1599999999994,4092.6899199999993,5.820707023638533,0.009977011999999858,1,1,2.4727013767416552e-06,take_profit
2021-12-23 19:00:00+00:00,2021-12-23 19:00:00+00:00,4094.09,4094.0900000000006,4143.219080000001,5.823610686829852,0.009977012000000118,1,1,0.0013898082357740192,take_profit
2021-12-23 20:00:00+00:00,2021-12-24 19:00:00+00:00,4133.64,4077.722316279491,4126.654984074845,64.868542556801,0.00997701199999998,4,24,0.020664595852565904,take_profit
2021-12-24 20:00:00+00:00,2021-12-25 12:00:00+00:00,4078.28,4041.243110362688,4089.7380276870404,38.84217467668259,0.00997701200000002,3,17,0.014984258069578382,take_profit
2021-12-25 13:00:00+00:00,2021-12-25 20:00:00+00:00,4083.25,4064.3607357528717,4113.133064581906,19.11520449587124,0.00997701199999978,2,8,0.011326761770648381,take_profit
2021-12-25 21:00:00+00:00,2021-12-26 21:00:00+00:00,4105.5,4049.9629792351175,4098.562534985939,65.55070176035406,0.009977012000000035,4,25,0.025697235415905493,take_profit
2021-12-26 22:00:00+00:00,2021-12-27 15:00:00+00:00,4081.76,4062.8776285475155,4111.632160090086,19.252548533956315,0.009977011999999846,2,18,0.012239818117674738,take_profit
2021-12-27 16:00:00+00:00,2021-12-28 04:00:00+00:00,4092.74,4032.376235476941,3888.1029999999996,-274.75007759834807,-0.03770619220405111,5,13,0.05271285251445237,stop_loss
2021-12-28 05:00:00+00:00,2021-12-28 15:00:00+00:00,3911.77,3876.245270511944,3922.7602137580875,38.40565987092168,0.009977011999999945,3,11,0.015755016271406578,take_profit
2021-12-28 16:00:00+00:00,2021-12-29 13:00:00+00:00,3897.91,3840.4197803984425,3703.0144999999998,-269.2875674101397,-0.037706192204051026,5,22,0.05163279808923238,stop_loss
2021-12-29 14:00:00+00:00,2021-12-29 15:00:00+00:00,3756.64,3756.6399999999994,3801.7196799999992,5.677856916391534,0.009977012000000028,1,2,0.004490715107116969,take_profit
2021-12-29 16:00:00+00:00,2021-12-29 23:00:00+00:00,3795.05,3739.0768610873806,3605.2975,-263.1948881620792,-0.03770619220405089,5,8,0.05028919250075766,stop_loss
2021-12-30 00:00:00+00:00,2021-12-30 00:00:00+00:00,3630.18,3613.386654188541,3656.7472940388034,18.045808426523763,0.009977012000000092,2,1,0.012445663851379227,take_profit
2021-12-30 01:00:00+00:00,2021-12-30 06:00:00+00:00,3658.93,3642.0036556341774,3685.707699501788,18.07508212486823,0.00997701200000009,2,6,0.00922400811166106,take_profit
2021-12-30 07:00:00+00:00,2021-12-30 11:00:00+00:00,3696.55,3696.55,3740.9086,5.567413318768445,0.009977011999999933,1,5,0.004804479852835811,take_profit
2021-12-30 12:00:00+00:00,2021-12-30 19:00:00+00:00,3737.68,3720.389355246138,3765.034027509092,18.113434703116127,0.009977012000000006,2,8,0.009805547826459097,take_profit
2021-12-30 20:00:00+00:00,2021-12-31 08:00:00+00:00,3751.06,3716.9947579756813,3761.5986950713896,36.988205474010556,0.009977012000000106,3,13,0.018589412059524513,take_profit
2021-12-31 09:00:00+00:00,2022-01-02 15:00:00+00:00,3799.76,3743.717393363825,3788.642002084191,68.62338723109679,0.009977012000000077,5,55,0.046705581405141444,take_profit
2022-01-02 16:00:00+00:00,2022-01-02 16:00:00+00:00,3778.17,3778.1699999999996,3823.5080399999997,5.631910930400636,0.00997701200000005,1,1,2.382105622567156e-05,take_profit
2022-01-02 17:00:00+00:00,2022-01-03 14:00:00+00:00,3838.63,3803.7694912393276,3849.4147251341997,37.35610940170318,0.009977012000000042,3,22,0.017381201105602845,take_profit
2022-01-03 15:00:00+00:00,2022-01-04 10:00:00+00:00,3804.19,3748.08205535632,3793.0590400205956,69.30595112870469,0.0099770119999999,5,20,0.03264558289675333,take_profit
2022-01-04 11:00:00+00:00,2022-01-04 13:00:00+00:00,3805.76,3805.7599999999998,3851.42912,5.687928845440183,0.009977011999999943,1,3,6.831749768777282e-05,take_profit
2022-01-04 14:00:00+00:00,2022-01-05 19:00:00+00:00,3865.96,3790.2357043917646,3672.662,-262.2022514458613,-0.03295714712017119,6,30,0.0570000724270298,stop_loss
2022-01-05 20:00:00+00:00,2022-01-05 20:00:00+00:00,3655.29,3622.094492991562,3665.559626907461,36.860518792026596,0.009977011999999884,3,1,0.01967832921601291,take_profit
2022-01-05 21:00:00+00:00,2022-01-05 21:00:00+00:00,3593.13,3576.508048847295,3619.4261454334624,18.13998213021,0.00997701199999999,2,1,0.01116853551082207,take_profit
2022-01-05 22:00:00+00:00,2022-01-05 22:00:00+00:00,3554.24,3501.818564380235,3543.8403871527976,68.49742876179789,0.009977011999999971,5,1,0.03917574502565944,take_profit
2022-01-05 23:00:00+00:00,2022-01-05 23:00:00+00:00,3534.25,3517.9004298866316,3560.115235045271,18.280524319945016,0.009977012000000096,2,1,0.008791115512485015,take_profit
2022-01-06 00:00:00+00:00,2022-01-06 09:00:00+00:00,3539.82,3463.705782747869,3362.829,-254.40729520770128,-0.031064727972797503,7,10,0.0677492075868265,stop_loss
2022-01-06 10:00:00+00:00,2022-01-06 10:00:00+00:00,3308.44,3308.44,3348.1412800000003,5.503781556690797,0.00997701200000032,1,1,0.00010276746744693739,take_profit
2022-01-06 11:00:00+00:00,2022-01-06 13:00:00+00:00,3355.94,3340.415298485886,3380.500282067717,17.90641041707022,0.009977012000000111,2,3,0.011305327270451812,take_profit
2022-01-06 14:00:00+00:00,2022-01-06 16:00:00+00:00,3405.31,3374.38468573741,3414.877301966259,36.56545534650013,0.009977011999999943,3,3,0.013763798303238145,take_profit
2022-01-06 17:00:00+00:00,2022-01-06 18:00:00+00:00,3401.25,3401.2499999999995,3442.0649999999996,5.533700444341662,0.009977011999999895,1,2,0.0015817714075707782,take_profit
2022-01-06 19:00:00+00:00,2022-01-07 03:00:00+00:00,3456.45,3388.7469607665125,3283.6274999999996,-255.0926276963728,-0.0329571471201707,6,9,0.06614590114134435,stop_loss
2022-01-07 04:00:00+00:00,2022-01-07 04:00:00+00:00,3238.74,3190.9718694294256,3229.263531862579,66.31288109852449,0.009977012000000044,5,1,0.030403799008256238,take_profit
2022-01-07 05:00:00+00:00,2022-01-07 06:00:00+00:00,3217.31,3173.787941230772,3211.8733965255415,60.59080689287657,0.009977011999999886,4,2,0.020554438335130935,take_profit
2022-01-07 07:00:00+00:00,2022-01-07 07:00:00+00:00,3171.14,3142.3413000077317,3180.0493956078244,36.28073966782131,0.009977012000000052,3,1,0.01825526466822653,take_profit
2022-01-07 08:00:00+00:00,2022-01-07 08:00:00+00:00,3201.75,3201.75,3240.171,5.490612473395117,0.009977011999999947,1,1,0.0042914031389083415,take_profit
2022-01-07 09:00:00+00:00,2022-01-07 09:00:00+00:00,3231.0,3231.0,3269.772,5.493351468721812,0.0099770119999999,1,1,0.0007644692045805633,take_profit
2022-01-07 10:00:00+00:00,2022-01-07 13:00:00+00:00,3250.68,3202.7357665378645,3241.168595736319,67.37801466154633,0.009977011999999981,5,4,0.04187431552782799,take_profit
2022-01-07 14:00:00+00:00,2022-01-07 14:00:00+00:00,3166.72,3166.72,3204.72064,5.529703393438808,0.009977012000000066,1,1,0.002753637833468005,take_profit
2022-01-07 15:00:00+00:00,2022-01-07 15:00:00+00:00,3208.2,3160.882303458592,3198.8128911000954,67.82388464283031,0.00997701199999983,5,1,0.04481640795461622,take_profit
2022-01-07 16:00:00+00:00,2022-01-07 16:00:00+00:00,3131.69,3117.202687209922,3154.609119456441,18.100769548562994,0.009977012000000033,2,1,0.012992984618528672,take_profit
2022-01-07 17:00:00+00:00,2022-01-07 20:00:00+00:00,3214.11,3170.6312291290665,3208.6788038786153,62.07195672779653,0.009977011999999867,4,4,0.021819415016909847,take_profit
2022-01-07 21:00:00+00:00,2022-01-08 00:00:00+00:00,3215.09,3185.8921681924667,3224.1228742107764,37.16762687605387,0.009977012000000098,3,4,0.015526781520890572,take_profit
2022-01-08 01:00:00+00:00,2022-01-08 10:00:00+00:00,3235.78,3206.394272009126,3244.8710032732356,37.29054745535814,0.009977012000000073,3,10,0.016929457503291386,take_profit
2022-01-08 11:00:00+00:00,2022-01-08 17:00:00+00:00,3221.33,3158.2323618527666,3060.2634999999996,-260.0213965998537,-0.03295714712017116,6,7,0.05755076319408439,stop_loss
2022-01-08 18:00:00+00:00,2022-01-08 18:00:00+00:00,3040.84,3026.7729626417104,3063.094238193411,17.929806324576248,0.009977012000000061,2,1,0.013101642967074934,take_profit
2022-01-08 19:00:00+00:00,2022-01-08 19:00:00+00:00,3009.22,3009.22,3045.3306399999997,5.52266605732575,0.009977011999999971,1,1,0.003063916895408046,take_profit
2022-01-08 20:00:00+00:00,2022-01-08 20:00:00+00:00,3028.75,3014.7388914250932,3050.9157581221943,17.967850649646607,0.009977011999999947,2,1,0.008402806438299569,take_profit
2022-01-08 21:00:00+00:00,2022-01-08 21:00:00+00:00,3031.66,3031.66,3068.0399199999997,5.534384315679404,0.0099770120000001,1,1,0.00220011478859769,take_profit
2022-01-08 22:00:00+00:00,2022-01-08 22:00:00+00:00,3078.37,3078.3700000000003,3115.31044,5.537145146615785,0.009977011999999872,1,1,0.0009290631080733221,take_profit
2022-01-08 23:00:00+00:00,2022-01-09 01:00:00+00:00,3118.46,3090.1397132961997,3127.2213898557543,36.72753394474921,0.009977012000000077,3,3,0.01959621095027678,take_profit
2022-01-09 02:00:00+00:00,2022-01-09 16:00:00+00:00,3115.25,3086.958864903185,3124.002371282023,36.84899905103475,0.009977011999999875,3,15,0.013655404863173088,take_profit
2022-01-09 17:00:00+00:00,2022-01-09 19:00:00+00:00,3159.97,3159.97,3197.88964,5.576611052425392,0.009977011999999987,1,3,0.003677250100475603,take_profit
2022-01-09 20:00:00+00:00,2022-01-10 12:00:00+00:00,3204.11,3141.349657730213,3043.9045,-257.07072171902837,-0.032957147120170796,6,17,0.05433958259859996,stop_loss
2022-01-10 13:00:00+00:00,2022-01-10 14:00:00+00:00,3031.55,2986.8377118165627,3022.6797643583614,66.8270986786647,0.009977011999999822,5,2,0.03388365687519594,take_profit
2022-01-10 15:00:00+00:00,2022-01-10 16:00:00+00:00,3018.96,3004.9941803241263,3041.054110488016,17.834748321356074,0.009977011999999837,2,2,0.01256392930015629,take_profit
2022-01-10 17:00:00+00:00,2022-01-10 17:00:00+00:00,3075.74,3030.3759541299582,3066.7404655795176,67.34485149200918,0.009977011999999908,5,1,0.03415763361012308,take_profit
2022-01-10 18:00:00+00:00,2022-01-10 18:00:00+00:00,3012.3,3012.3,3048.4476000000004,5.526981697169731,0.009977012000000115,1,1,0.003007668558908608,take_profit
2022-01-10 19:00:00+00:00,2022-01-10 20:00:00+00:00,3042.9,3028.823433006163,3065.1693142022373,17.98189147184553,0.009977012000000151,2,2,0.007798481711525196,take_profit
2022-01-10 21:00:00+00:00,2022-01-11 02:00:00+00:00,3082.68,3068.41940926729,3105.2404421784977,18.011061484857237,0.009977012000000111,2,6,0.010017257710822939,take_profit
2022-01-11 03:00:00+00:00,2022-01-11 15:00:00+00:00,3115.61,3101.1970738796317,3138.4114387661875,18.040278817121134,0.009977012000000016,2,13,0.012880302733654118,take_profit
2022-01-11 16:00:00+00:00,2022-01-11 16:00:00+00:00,3133.55,3133.55,3171.1526000000003,5.556693345395729,0.009977011999999872,1,1,0.001132900384547935,take_profit
2022-01-11 17:00:00+00:00,2022-01-11 17:00:00+00:00,3218.68,3218.68,3257.3041599999997,5.559465305205094,0.009977011999999869,1,1,0.005682453676662471,take_profit
2022-01-11 18:00:00+00:00,2022-01-12 09:00:00+00:00,3231.66,3216.71022232367,3255.310744991554,18.087576047317498,0.009977011999999992,2,16,0.007878304029508067,take_profit
2022-01-12 10:00:00+00:00,2022-01-12 12:00:00+00:00,3261.6,3261.6,3300.7392,5.571261645972072,0.009977011999999954,1,3,0.006576526857983756,take_profit
2022-01-12 13:00:00+00:00,2022-01-12 13:00:00+00:00,3316.59,3316.59,3356.3890800000004,5.574040873187073,0.009977012000000224,1,1,0.004727747475569874,take_profit
2022-01-12 14:00:00+00:00,2022-01-12 21:00:00+00:00,3370.38,3354.788498516321,3395.0459604985167,18.13499727936619,0.00997701200000014,2,8,0.010099751363347741,take_profit
2022-01-12 22:00:00+00:00,2022-01-13 10:00:00+00:00,3366.63,3336.0559580608333,3376.0886295575633,37.03223693540576,0.009977011999999917,3,13,0.016820975277948604,take_profit
2022-01-13 11:00:00+00:00,2022-01-13 14:00:00+00:00,3356.08,3340.5546508407515,3380.6413066508408,18.22448891835097,0.00997701199999992,2,4,0.008110652904579092,take_profit
2022-01-13 15:00:00+00:00,2022-01-13 15:00:00+00:00,3386.43,3336.483591702912,3376.5213948033465,68.8165303826836,0.00997701200000001,5,1,0.033616522414459976,take_profit
2022-01-13 16:00:00+00:00,2022-01-14 05:00:00+00:00,3301.42,3256.760145879041,3295.8412676295893,62.87841870812281,0.00997701199999992,4,14,0.023989677169218175,take_profit
2022-01-14 06:00:00+00:00,2022-01-14 15:00:00+00:00,3304.82,3256.077256441627,3295.1501835189265,69.62191595848981,0.009977011999999976,5,10,0.03534836995660888,take_profit
2022-01-14 16:00:00+00:00,2022-01-14 19:00:00+00:00,3278.16,3278.16,3317.49792,5.713860030860815,0.009977011999999829,1,4,0.006094882495058209,take_profit
2022-01-14 20:00:00+00:00,2022-01-15 12:00:00+00:00,3308.01,3277.96831544447,3317.3039352298038,37.899672607868524,0.009977012000000035,3,17,0.014210960668196352,take_profit
2022-01-15 13:00:00+00:00,2022-01-15 14:00:00+00:00,3282.8,3282.8,3322.1936,5.735616667785848,0.009977011999999973,1,2,0.0023760204703302612,take_profit
2022-01-15 15:00:00+00:00,2022-01-16 13:00:00+00:00,3338.71,3293.5457065892288,3333.0682550682995,63.88838710410164,0.009977011999999974,4,23,0.02069362118902215,take_profit
2022-01-16 14:00:00+00:00,2022-01-16 16:00:00+00:00,3340.47,3340.47,3380.55564,5.770348643841885,0.009977012000000023,1,3,0.0035294434615488132,take_profit
2022-01-16 17:00:00+00:00,2022-01-17 17:00:00+00:00,3371.12,3321.3993986769315,3202.564,-267.4823068520336,-0.03770619220405113,5,25,0.052958660623175606,stop_loss
2022-01-17 18:00:00+00:00,2022-01-17 22:00:00+00:00,3207.23,3163.8442981103994,3201.810429687724,62.789700704615825,0.009977011999999928,4,5,0.020619038859077805,take_profit
2022-01-17 23:00:00+00:00,2022-01-18 00:00:00+00:00,3192.58,3192.58,3230.89096,5.671116156332914,0.009977012000000098,1,2,0.0003602102374882042,take_profit
2022-01-18 01:00:00+00:00,2022-01-19 07:00:00+00:00,3228.36,3165.1246620839834,3066.942,-261.427219785548,-0.03295714712017081,6,31,0.05623288604740486,stop_loss
2022-01-19 08:00:00+00:00,2022-01-19 10:00:00+00:00,3062.0,3020.578892319554,3056.8258390273886,61.71799038583322,0.009977012000000106,4,3,0.020248203788373612,take_profit
2022-01-19 11:00:00+00:00,2022-01-19 11:00:00+00:00,3078.34,3078.34,3115.28008,5.57432012711854,0.009977012000000014,1,1,0.0007601499509476359,take_profit
2022-01-19 12:00:00+00:00,2022-01-19 14:00:00+00:00,3117.15,3117.15,3154.5558,5.577100880058538,0.009977012000000004,1,3,0.0021109025872992726,take_profit
2022-01-19 15:00:00+00:00,2022-01-19 17:00:00+00:00,3158.23,3115.507144053033,3152.893229781669,62.12269762465712,0.009977011999999945,4,3,0.023880464690665362,take_profit
2022-01-19 18:00:00+00:00,2022-01-20 06:00:00+00:00,3150.69,3108.0691411633893,3145.36597085735,62.4677190121447,0.009977012000000366,4,13,0.02184600833468222,take_profit
2022-01-20 07:00:00+00:00,2022-01-20 13:00:00+00:00,3144.78,3130.2321323898655,3167.7949179785437,18.34706204189297,0.009977011999999988,2,7,0.00893544222489343,take_profit
2022-01-20 14:00:00+00:00,2022-01-20 14:00:00+00:00,3181.81,3181.81,3219.99172,5.651187467180193,0.009977012000000045,1,1,6.285730449015438e-06,take_profit
2022-01-20 15:00:00+00:00,2022-01-20 15:00:00+00:00,3220.04,3220.04,3258.68048,5.654006565438863,0.009977011999999964,1,1,0.000748437907603587,take_profit
2022-01-20 16:00:00+00:00,2022-01-20 21:00:00+00:00,3261.41,3197.5272968836566,3098.3394999999996,-260.63850154106603,-0.0329571471201709,6,6,0.055598652116722505,stop_loss
2022-01-20 22:00:00+00:00,2022-01-20 22:00:00+00:00,3081.34,3053.3568184835185,3089.9971003053206,36.64068607726631,0.009977011999999933,3,1,0.018284252954883312,take_profit
2022-01-20 23:00:00+00:00,2022-01-20 23:00:00+00:00,3061.01,3019.602284513089,3055.8375119272464,61.73528662904846,0.009977011999999971,4,1,0.024129290658965543,take_profit
2022-01-21 00:00:00+00:00,2022-01-21 00:00:00+00:00,3001.48,2987.59504344518,3023.4461839665223,18.13194321593619,0.009977012000000191,2,1,0.009588602955875169,take_profit
2022-01-21 01:00:00+00:00,2022-01-21 01:00:00+00:00,3016.59,2972.0983566455207,3007.763536925267,68.4670734420497,0.0099770120000002,5,1,0.04086070695719346,take_profit
2022-01-21 02:00:00+00:00,2022-01-21 02:00:00+00:00,2900.32,2886.903013315073,2921.545849474854,18.27242312299586,0.009977012000000215,2,1,0.007006123462238705,take_profit
2022-01-21 03:00:00+00:00,2022-01-21 03:00:00+00:00,2907.66,2864.774963678827,2899.1522632429733,68.99753220199727,0.009977012000000056,5,1,0.03358026729397518,take_profit
2022-01-21 04:00:00+00:00,2022-01-21 04:00:00+00:00,2837.21,2837.21,2871.25652,5.662616951134737,0.009977011999999862,1,1,0.0006908195022575122,take_profit
2022-01-21 05:00:00+00:00,2022-01-21 07:00:00+00:00,2863.05,2849.805425701895,2884.0030908103176,18.423177249543187,0.009977012000000026,2,3,0.010429437138715749,take_profit
2022-01-21 08:00:00+00:00,2022-01-21 12:00:00+00:00,2882.66,2840.1436883261476,2738.5269999999996,-262.9142510661595,-0.03770619220405105,5,5,0.0528227401080946,stop_loss
2022-01-21 13:00:00+00:00,2022-01-21 13:00:00+00:00,2777.9,2765.049332724644,2798.2299247173396,18.02656670300189,0.009977012000000047,2,1,0.0070124914503761895,take_profit
2022-01-21 14:00:00+00:00,2022-01-21 14:00:00+00:00,2796.97,2784.03111420528,2817.4394875757434,18.055809187648492,0.009977011999999985,2,1,0.011072696525168237,take_profit
2022-01-21 15:00:00+00:00,2022-01-21 15:00:00+00:00,2783.6,2783.6,2817.0032,5.5614769469929115,0.009977012000000068,1,1,0.006175456243713197,take_profit
2022-01-21 16:00:00+00:00,2022-01-21 16:00:00+00:00,2830.46,2804.755184577119,2838.4122467920447,36.88892523947288,0.009977012000000151,3,1,0.013570232400387164,take_profit
2022-01-21 17:00:00+00:00,2022-01-21 21:00:00+00:00,2809.96,2726.2528319840117,2669.462,-213.74984614560344,-0.02278845373149051,8,5,0.08957778758416492,stop_loss
2022-01-21 22:00:00+00:00,2022-01-21 22:00:00+00:00,2607.62,2569.1602494061144,2599.990172398988,67.13199935528519,0.009977012000000127,5,1,0.04127135088701571,take_profit
2022-01-21 23:00:00+00:00,2022-01-21 23:00:00+00:00,2545.62,2495.7577972389167,2418.339,-253.8509986210256,-0.032957147120170796,6,1,0.05602564404742259,stop_loss
2022-01-22 00:00:00+00:00,2022-01-22 00:00:00+00:00,2567.47,2555.5927896218514,2586.259903097314,17.504325798155378,0.009977011999999837,2,1,0.0071665881198220965,take_profit
2022-01-22 01:00:00+00:00,2022-01-22 03:00:00+00:00,2591.29,2567.757206334957,2598.5702928109768,35.744385861551564,0.009977012000000039,3,3,0.019793230398758906,take_profit
2022-01-22 04:00:00+00:00,2022-01-22 05:00:00+00:00,2567.69,2529.8191764128155,2560.177006529769,66.31575662783871,0.009977011999999938,5,2,0.03495749097437783,take_profit
2022-01-22 06:00:00+00:00,2022-01-22 06:00:00+00:00,2495.97,2473.302854676961,2502.9824889330844,36.08191862576314,0.009977011999999875,3,1,0.013601926305203916,take_profit
2022-01-22 07:00:00+00:00,2022-01-22 07:00:00+00:00,2507.12,2470.1425224883446,2499.784232758205,66.94197358767542,0.009977012000000089,5,1,0.03328919238010149,take_profit
2022-01-22 08:00:00+00:00,2022-01-22 08:00:00+00:00,2464.03,2464.03,2493.5983600000004,5.493917568968072,0.009977012000000115,1,1,0.0005235325868599076,take_profit
2022-01-22 09:00:00+00:00,2022-01-22 09:00:00+00:00,2469.37,2432.9492967058,2462.1446882662694,67.38495809324013,0.009977012000000215,5,1,0.03960119382676552,take_profit
2022-01-22 10:00:00+00:00,2022-01-22 10:00:00+00:00,2389.01,2353.7745252121485,2382.0198195146945,67.79705342149191,0.009977012000000281,5,1,0.03725811110041407,take_profit
2022-01-22 11:00:00+00:00,2022-01-22 11:00:00+00:00,2450.13,2416.985944297488,2445.989775629058,61.946911425312464,0.009977011999999924,4,1,0.026370029345381723,take_profit
2022-01-22 12:00:00+00:00,2022-01-22 12:00:00+00:00,2431.07,2431.07,2460.2428400000003,5.59499609452962,0.009977011999999971,1,1,0.0035457637994793837,take_profit
2022-01-22 13:00:00+00:00,2022-01-22 13:00:00+00:00,2490.65,2479.128161759111,2508.8776997002205,18.203174548008974,0.009977012000000035,2,1,0.013072892618392767,take_profit
2022-01-22 14:00:00+00:00,2022-01-22 14:00:00+00:00,2467.26,2433.8842187669316,2463.0908293921348,62.42312846540062,0.009977012000000035,4,1,0.020913888280927165,take_profit
2022-01-22 15:00:00+00:00,2022-01-22 15:00:00+00:00,2418.65,2396.685036063908,2425.4452564966746,37.377902510989315,0.009977012000000002,3,1,0.015566535050544762,take_profit
2022-01-22 16:00:00+00:00,2022-01-22 16:00:00+00:00,2387.0,2375.957650460321,2404.4691422658448,18.394599583355102,0.009977011999999928,2,1,0.010586510263929611,take_profit
2022-01-22 17:00:00+00:00,2022-01-22 17:00:00+00:00,2439.85,2403.864686769356,2432.7110630105885,69.45887628325363,0.009977012000000104,5,1,0.029038670410066157,take_profit
2022-01-22 18:00:00+00:00,2022-01-22 18:00:00+00:00,2379.98,2347.7848961929103,2375.958314947225,63.465337203821036,0.009977011999999758,4,1,0.024483399020159825,take_profit
2022-01-22 19:00:00+00:00,2022-01-22 19:00:00+00:00,2331.09,2331.09,2359.0630800000004,5.732139111108268,0.009977012000000063,1,1,0.004757431073017406,take_profit
2022-01-22 20:00:00+00:00,2022-01-22 20:00:00+00:00,2337.65,2326.835945370159,2354.757976714601,18.649365792228764,0.009977012000000264,2,1,0.007550317626676402,take_profit
2022-01-22 21:00:00+00:00,2022-01-22 21:00:00+00:00,2429.9,2418.6591934870276,2447.6831038088717,18.67961857423802,0.009977011999999997,2,1,0.008189637433639282,take_profit
2022-01-22 22:00:00+00:00,2022-01-22 22:00:00+00:00,2446.04,2409.963390546679,2438.882951233239,70.53512144620709,0.009977011999999692,5,1,0.033131101699072775,take_profit
2022-01-22 23:00:00+00:00,2022-01-22 23:00:00+00:00,2379.37,2379.37,2407.92244,5.7888066660461845,0.00997701199999996,1,1,0.004652492046213792,take_profit
2022-01-23 00:00:00+00:00,2022-01-23 00:00:00+00:00,2412.18,2412.18,2441.12616,5.791694415724805,0.009977011999999928,1,1,0.005866063063287001,take_profit
2022-01-23 01:00:00+00:00,2022-01-23 02:00:00+00:00,2448.01,2414.8946225301083,2443.8733580004696,64.51303081301012,0.009977011999999733,4,2,0.02436264557742833,take_profit
2022-01-23 03:00:00+00:00,2022-01-23 04:00:00+00:00,2395.37,2395.37,2424.11444,5.826765970088104,0.009977012000000113,1,2,0.003953460217001883,take_profit
2022-01-23 05:00:00+00:00,2022-01-23 05:00:00+00:00,2432.51,2421.2571195313094,2450.312204965685,18.95723182141478,0.009977011999999775,2,1,0.00880571919539902,take_profit
2022-01-23 06:00:00+00:00,2022-01-23 07:00:00+00:00,2467.84,2456.423681655634,2485.9007658355017,18.987984020079466,0.009977012000000098,2,2,0.007168211877593382,take_profit
2022-01-23 08:00:00+00:00,2022-01-23 08:00:00+00:00,2487.84,2487.84,2517.69408,5.8486016494780415,0.00997701200000018,1,1,0.004357193388642415,take_profit
2022-01-23 09:00:00+00:00,2022-01-23 09:00:00+00:00,2520.2,2520.2,2550.4424,5.851519227919994,0.009977012000000094,1,1,0.0044877390683278895,take_profit
2022-01-23 10:00:00+00:00,2022-01-23 14:00:00+00:00,2534.53,2497.148252785022,2407.8035,-271.2449382661498,-0.037706192204051,5,5,0.05110217673493704,stop_loss
2022-01-23 15:00:00+00:00,2022-01-23 16:00:00+00:00,2433.51,2422.252493494636,2451.3195234165714,18.597755552154922,0.009977011999999915,2,2,0.007302209565607059,take_profit
2022-01-23 17:00:00+00:00,2022-01-23 18:00:00+00:00,2426.38,2415.155477136118,2444.137342861751,18.627924612639845,0.009977011999999947,2,2,0.008329280656780898,take_profit
2022-01-23 19:00:00+00:00,2022-01-23 19:00:00+00:00,2414.53,2392.6024518336217,2421.313681255625,38.0388101108274,0.009977012000000113,3,1,0.016032105627182117,take_profit
2022-01-23 20:00:00+00:00,2022-01-23 20:00:00+00:00,2384.01,2384.01,2412.61812,5.756673297729321,0.009977011999999943,1,1,0.005541084139747751,take_profit
2022-01-23 21:00:00+00:00,2022-01-23 22:00:00+00:00,2423.48,2412.2688926424717,2441.2161193541815,18.72918713149511,0.009977012000000033,2,2,0.007967880898542569,take_profit
2022-01-23 23:00:00+00:00,2022-01-23 23:00:00+00:00,2445.5,2445.5,2474.846,5.768888083895945,0.009977011999999926,1,1,0.0032222449396851808,take_profit
2022-01-24 00:00:00+00:00,2022-01-24 00:00:00+00:00,2539.0,2504.6537581970438,2534.709603295408,64.25899365524765,0.009977011999999933,4,1,0.022244978337928326,take_profit
2022-01-24 01:00:00+00:00,2022-01-24 01:00:00+00:00,2490.27,2467.6546192127294,2497.266474643282,38.477187211650744,0.009977011999999966,3,1,0.015604733623261787,take_profit
2022-01-24 02:00:00+00:00,2022-01-24 09:00:00+00:00,2457.35,2409.216781391194,2334.4824999999996,-268.29565771284706,-0.032957147120170775,6,8,0.055482531995849065,stop_loss
2022-01-24 10:00:00+00:00,2022-01-24 10:00:00+00:00,2336.52,2290.7535328936265,2219.694,-262.129000465171,-0.032957147120170796,6,1,0.05414890520945679,stop_loss
2022-01-24 11:00:00+00:00,2022-01-24 11:00:00+00:00,2216.65,2206.395695807654,2232.872444157346,18.075136399747635,0.00997701199999986,2,1,0.007105316581327679,take_profit
2022-01-24 12:00:00+00:00,2022-01-24 12:00:00+00:00,2238.36,2205.3464599369045,2231.810617456147,68.25256822274332,0.009977011999999915,5,1,0.02954841937847367,take_profit
2022-01-24 13:00:00+00:00,2022-01-24 13:00:00+00:00,2190.45,2180.3168979685,2206.4807007441223,18.215176187612542,0.009977012000000215,2,1,0.00932228537515105,take_profit
2022-01-24 14:00:00+00:00,2022-01-24 14:00:00+00:00,2184.11,2174.0062270410103,2200.0943017655027,18.24472463234838,0.009977012000000125,2,1,0.01103882130478782,take_profit
2022-01-24 15:00:00+00:00,2022-01-24 15:00:00+00:00,2204.61,2174.787208294126,2200.8846547936555,62.56561384593897,0.009977012000000233,4,1,0.02068846644077643,take_profit
2022-01-24 16:00:00+00:00,2022-01-24 16:00:00+00:00,2274.55,2243.7810971670287,2270.706470333033,62.91309513254146,0.009977011999999872,4,1,0.02377173506847515,take_profit
2022-01-24 17:00:00+00:00,2022-01-24 17:00:00+00:00,2259.83,2229.2602214991825,2256.011344157173,63.262506285045674,0.009977012000000127,4,1,0.02103255554621354,take_profit
2022-01-24 18:00:00+00:00,2022-01-24 18:00:00+00:00,2348.02,2337.157973369855,2365.203869050293,18.580494791425963,0.009977012000000078,2,1,0.006937760325721231,take_profit
2022-01-24 19:00:00+00:00,2022-01-24 19:00:00+00:00,2385.6,2363.9351795563884,2392.302401711065,37.94195691862933,0.009977012000000047,3,1,0.01856975184439962,take_profit
2022-01-24 20:00:00+00:00,2022-01-24 20:00:00+00:00,2378.92,2378.92,2407.46704,5.742015841733746,0.009977012000000016,1,1,0.004472617826576712,take_profit
2022-01-24 21:00:00+00:00,2022-01-25 12:00:00+00:00,2465.14,2428.781684916126,2457.9270651351194,70.42797639546916,0.009977011999999787,5,16,0.047129169134410155,take_profit
2022-01-25 13:00:00+00:00,2022-01-25 14:00:00+00:00,2438.41,2405.424486224991,2434.289580059691,64.35081460710353,0.009977011999999882,4,2,0.020619994176532964,take_profit
2022-01-25 15:00:00+00:00,2022-01-25 15:00:00+00:00,2393.33,2382.258367648178,2410.845468059956,18.90013604968385,0.009977012000000155,2,1,0.011740963427525628,take_profit
2022-01-25 16:00:00+00:00,2022-01-25 16:00:00+00:00,2419.03,2419.03,2448.0583600000004,5.8215430747491155,0.009977012000000248,1,1,0.0026952952216384176,take_profit
2022-01-25 17:00:00+00:00,2022-01-25 17:00:00+00:00,2432.91,2432.91,2462.1049199999998,5.824447155004691,0.009977011999999924,1,1,0.0010481275509573833,take_profit
2022-01-25 18:00:00+00:00,2022-01-26 03:00:00+00:00,2480.61,2444.0235181043636,2473.351800321616,71.43902734783751,0.009977011999999829,5,10,0.03067793808780901,take_profit
2022-01-26 04:00:00+00:00,2022-01-26 09:00:00+00:00,2476.26,2464.804730426843,2494.3823871919653,19.06557516730777,0.009977012,2,6,0.012829832085483928,take_profit
2022-01-26 10:00:00+00:00,2022-01-26 10:00:00+00:00,2489.4,2489.4,2519.2728,5.872500959230138,0.00997701200000003,1,1,0.005061460592913919,take_profit
2022-01-26 11:00:00+00:00,2022-01-26 13:00:00+00:00,2526.09,2526.09,2556.40308,5.875430459857057,0.00997701199999987,1,3,0.004354555855096216,take_profit
2022-01-26 14:00:00+00:00,2022-01-26 14:00:00+00:00,2622.97,2622.97,2654.44564,5.878361421867339,0.00997701200000008,1,1,0.0030385402806741217,take_profit
2022-01-26 15:00:00+00:00,2022-01-26 15:00:00+00:00,2646.2,2610.4036136041814,2641.7284569674316,65.47840481868388,0.009977011999999941,4,1,0.022296122742045198,take_profit
2022-01-26 16:00:00+00:00,2022-01-26 17:00:00+00:00,2605.44,2605.44,2636.70528,5.9139577875205305,0.009977012000000134,1,2,0.0057226418570375265,take_profit
2022-01-26 18:00:00+00:00,2022-01-26 18:00:00+00:00,2595.38,2571.810063010169,2602.671783766291,39.22690838648441,0.009977011999999877,3,1,0.013631915172344746,take_profit
2022-01-26 19:00:00+00:00,2022-01-26 19:00:00+00:00,2604.89,2581.2336979689135,2612.2085023445406,39.356639410725165,0.009977012000000172,3,1,0.015697399890206448,take_profit
2022-01-26 20:00:00+00:00,2022-01-26 20:00:00+00:00,2573.84,2535.8784701495742,2566.3090117913694,73.01748954256527,0.009977012000000085,5,1,0.040523109439592274,take_profit
2022-01-26 21:00:00+00:00,2022-01-26 21:00:00+00:00,2519.74,2482.5763902863773,2512.367306969814,73.46403083564564,0.009977012000000065,5,1,0.04249247938279335,take_profit
2022-01-26 22:00:00+00:00,2022-01-26 23:00:00+00:00,2417.95,2417.95,2446.9654,6.029181813209561,0.009977012000000136,1,2,0.006584089828160061,take_profit
2022-01-27 00:00:00+00:00,2022-01-27 00:00:00+00:00,2463.0,2451.6060716731336,2481.0253445332114,19.615786512315708,0.009977012000000045,2,1,0.006938692651238386,take_profit
2022-01-27 01:00:00+00:00,2022-01-27 01:00:00+00:00,2484.44,2447.797029488395,2477.1705938422556,74.07013576911686,0.00997701200000023,5,1,0.040318945114392005,take_profit
2022-01-27 02:00:00+00:00,2022-01-27 03:00:00+00:00,2390.88,2369.1672292495714,2397.597236000566,40.30101965689573,0.009977011999999941,3,2,0.01541691762029049,take_profit
2022-01-27 04:00:00+00:00,2022-01-27 04:00:00+00:00,2364.87,2364.87,2393.24844,6.099028940552671,0.009977012000000106,1,1,0.0017421676455787807,take_profit
2022-01-27 05:00:00+00:00,2022-01-27 07:00:00+00:00,2393.81,2382.7361471505747,2411.3289809163816,19.843032327902165,0.009977012000000087,2,3,0.007711556054991848,take_profit
2022-01-27 08:00:00+00:00,2022-01-27 08:00:00+00:00,2403.78,2392.6600255649396,2421.3719458717187,19.875221461737056,0.009977011999999907,2,1,0.007733652830125945,take_profit
2022-01-27 09:00:00+00:00,2022-01-27 11:00:00+00:00,2440.08,2428.792100433691,2457.937605638895,19.907462812406948,0.009977011999999928,2,3,0.009692305170322322,take_profit
2022-01-27 12:00:00+00:00,2022-01-27 13:00:00+00:00,2456.67,2456.67,2486.15004,6.131815769301397,0.009977012000000026,1,2,0.00580053487037331,take_profit
2022-01-27 14:00:00+00:00,2022-01-27 14:00:00+00:00,2487.16,2487.16,2517.00592,6.134874629277078,0.00997701200000015,1,1,0.004736325769150254,take_profit
2022-01-27 15:00:00+00:00,2022-01-27 15:00:00+00:00,2492.86,2481.3279382180626,2511.1038734766794,19.959655345616056,0.00997701199999991,2,1,0.013077348908482589,take_profit
2022-01-27 16:00:00+00:00,2022-01-27 17:00:00+00:00,2479.6,2457.0815187910885,2486.5664970165817,40.758246308033904,0.009977012000000226,3,2,0.01726891434102263,take_profit
2022-01-27 18:00:00+00:00,2022-01-27 18:00:00+00:00,2448.71,2426.4720462489618,2455.5897108039494,40.89304176495807,0.009977011999999777,3,1,0.016008428927884403,take_profit
2022-01-27 19:00:00+00:00,2022-01-27 19:00:00+00:00,2434.5,2412.3910943284823,2441.3397874604243,41.028283016707974,0.009977011999999943,3,1,0.01807352639145615,take_profit
2022-01-27 20:00:00+00:00,2022-01-27 20:00:00+00:00,2394.9,2362.503066367113,2390.8531031635184,69.12787622461383,0.00997701200000002,4,1,0.023967597812017242,take_profit
2022-01-27 21:00:00+00:00,2022-01-27 21:00:00+00:00,2340.32,2329.493593852241,2357.447516978468,20.303181450738975,0.00997701200000014,2,1,0.010208005742804543,take_profit
2022-01-27 22:00:00+00:00,2022-01-27 22:00:00+00:00,2360.45,2339.0135792185933,2367.0817421692163,41.459737459225835,0.009977011999999865,3,1,0.013539791141519642,take_profit
2022-01-27 23:00:00+00:00,2022-01-27 23:00:00+00:00,2382.39,2382.39,2410.9786799999997,6.274385630544998,0.009977012000000188,1,1,0.00033579724562297827,take_profit
2022-01-28 00:00:00+00:00,2022-01-28 01:00:00+00:00,2424.02,2402.0062684223158,2430.8303436433835,41.61760349900214,0.009977012000000037,3,2,0.01603534624301775,take_profit
2022-01-28 02:00:00+00:00,2022-01-28 02:00:00+00:00,2396.29,2374.5280983480784,2403.0224355282553,41.755241017491244,0.009977011999999988,3,1,0.015144243810223288,take_profit
2022-01-28 03:00:00+00:00,2022-01-28 03:00:00+00:00,2404.33,2404.33,2433.18196,6.319106205092112,0.00997701200000007,1,1,0.0019589656993840433,take_profit
2022-01-28 04:00:00+00:00,2022-01-28 06:00:00+00:00,2446.91,2435.590504603211,2464.8175906584493,20.559047994897355,0.00997701200000008,2,3,0.010556170844044092,take_profit
2022-01-28 07:00:00+00:00,2022-01-28 07:00:00+00:00,2421.64,2410.4374045499503,2439.3626534045497,20.592398640932515,0.009977012000000058,2,1,0.013065525841991325,take_profit
2022-01-28 08:00:00+00:00,2022-01-28 09:00:00+00:00,2390.31,2390.31,2418.99372,6.342786918859133,0.009977012000000061,1,2,0.006354824269655423,take_profit
2022-01-28 10:00:00+00:00,2022-01-28 11:00:00+00:00,2389.0,2377.948398386974,2406.4837791676177,20.63609258238921,0.009977011999999992,2,2,0.007170364169108459,take_profit
2022-01-28 12:00:00+00:00,2022-01-28 12:00:00+00:00,2396.84,2375.0731035244526,2403.573980766746,42.13955249949322,0.009977011999999922,3,1,0.016254735401612135,take_profit
2022-01-28 13:00:00+00:00,2022-01-28 13:00:00+00:00,2374.92,2374.92,2403.41904,6.377266690133865,0.009977012000000222,1,1,0.002252707459619654,take_profit
2022-01-28 14:00:00+00:00,2022-01-28 14:00:00+00:00,2430.46,2397.5820295973163,2426.353013952484,71.03565432705909,0.009977011999999947,4,1,0.02071624301572538,take_profit
2022-01-28 15:00:00+00:00,2022-01-28 15:00:00+00:00,2395.83,2395.83,2424.57996,6.4158841722309035,0.009977012000000002,1,1,0.002433394689940408,take_profit
2022-01-28 16:00:00+00:00,2022-01-28 16:00:00+00:00,2442.94,2442.94,2472.25528,6.419084739899631,0.009977011999999815,1,1,0.004068867839570376,take_profit
2022-01-28 17:00:00+00:00,2022-01-28 17:00:00+00:00,2474.01,2462.565139009358,2492.1159206774705,20.884325562460617,0.009977011999999749,2,1,0.010654766957288016,take_profit
2022-01-28 18:00:00+00:00,2022-01-28 18:00:00+00:00,2454.51,2454.51,2483.96412,6.432705062511104,0.009977011999999959,1,1,0.0009044575088307868,take_profit
2022-01-28 19:00:00+00:00,2022-01-28 19:00:00+00:00,2470.15,2447.7173389424934,2477.0899470098034,42.667726289299935,0.009977011999999792,3,1,0.018071777017589972,take_profit
2022-01-28 20:00:00+00:00,2022-01-28 20:00:00+00:00,2461.74,2461.74,2491.28088,6.457198842151342,0.00997701200000016,1,1,0.0009342985043098488,take_profit
2022-01-28 21:00:00+00:00,2022-01-28 21:00:00+00:00,2509.44,2509.44,2539.55328,6.460420019667936,0.009977011999999952,1,1,0.0011994707982658354,take_profit
2022-01-28 22:00:00+00:00,2022-01-28 23:00:00+00:00,2533.99,2522.267669329681,2552.5348813616374,21.01880882212754,0.009977012000000127,2,2,0.0077427298450269706,take_profit
2022-01-29 00:00:00+00:00,2022-01-29 00:00:00+00:00,2544.99,2544.99,2575.5298799999996,6.474128049463161,0.009977011999999888,1,1,0.002129674379859889,take_profit
2022-01-29 01:00:00+00:00,2022-01-29 07:00:00+00:00,2561.4,2538.1386522953276,2568.5963161228715,42.94248234482984,0.009977011999999981,3,7,0.01615913172483793,take_profit
2022-01-29 08:00:00+00:00,2022-01-29 12:00:00+00:00,2567.94,2556.060615384615,2586.7333427692306,21.13306833138131,0.009977011999999974,2,5,0.012827402509404446,take_profit
2022-01-29 13:00:00+00:00,2022-01-29 13:00:00+00:00,2574.28,2574.28,2605.1713600000003,6.509321799025315,0.009977011999999957,1,1,0.004529421818916477,take_profit
2022-01-29 14:00:00+00:00,2022-01-29 14:00:00+00:00,2606.16,2567.721782925518,2598.534444320624,79.83927154646517,0.009977012000000113,5,1,0.028355895263529347,take_profit
2022-01-29 15:00:00+00:00,2022-01-29 16:00:00+00:00,2541.38,2529.623482918664,2559.978964713688,21.307423819765518,0.009977012000000054,2,2,0.006976524565393612,take_profit
2022-01-29 17:00:00+00:00,2022-01-29 18:00:00+00:00,2558.75,2558.75,2589.455,6.563026067781834,0.00997701199999999,1,2,0.0004885197850512946,take_profit
2022-01-29 19:00:00+00:00,2022-01-29 20:00:00+00:00,2592.07,2592.07,2623.17484,6.566300037273663,0.009977012000000141,1,2,0.004560062035361762,take_profit
2022-01-29 21:00:00+00:00,2022-01-30 00:00:00+00:00,2605.8,2582.135433806186,2613.1210590118603,43.55385331695106,0.009977012000000134,3,4,0.016236856243764065,take_profit
2022-01-30 01:00:00+00:00,2022-01-30 05:00:00+00:00,2568.65,2568.65,2599.4738,6.591302505846443,0.009977012000000037,1,5,0.0014209798921612873,take_profit
2022-01-30 06:00:00+00:00,2022-01-30 11:00:00+00:00,2605.21,2605.21,2636.4725200000003,6.594590581056423,0.009977012000000274,1,6,0.0035505774966317493,take_profit
2022-01-30 12:00:00+00:00,2022-01-30 23:00:00+00:00,2626.24,2587.505623288789,2618.555690768255,80.88512511665067,0.00997701200000003,5,12,0.03188589009382227,take_profit
2022-01-31 00:00:00+00:00,2022-01-31 00:00:00+00:00,2601.67,2566.475991763885,2597.2737036650515,73.90562610554935,0.009977012000000196,4,1,0.02632924237124616,take_profit
2022-01-31 01:00:00+00:00,2022-01-31 08:00:00+00:00,2538.98,2504.634028746408,2534.689637091365,74.31608834619328,0.009977012000000155,4,8,0.02477766662202926,take_profit
2022-01-31 09:00:00+00:00,2022-01-31 11:00:00+00:00,2531.91,2531.91,2562.29292,6.712170380907196,0.009977012000000066,1,3,0.0053161447286831035,take_profit
2022-01-31 12:00:00+00:00,2022-01-31 12:00:00+00:00,2558.0,2534.769529386838,2565.18676373948,44.52140209081699,0.00997701199999978,3,1,0.014855355746677092,take_profit
2022-01-31 13:00:00+00:00,2022-01-31 13:00:00+00:00,2540.2,2528.4489416419383,2558.7903289416417,21.910094182234843,0.009977012000000205,2,1,0.00795212975356264,take_profit
2022-01-31 14:00:00+00:00,2022-01-31 14:00:00+00:00,2558.41,2558.41,2589.11092,6.748658142903764,0.009977012000000125,1,1,0.0023569326261231567,take_profit
2022-01-31 15:00:00+00:00,2022-01-31 15:00:00+00:00,2587.07,2587.07,2618.11484,6.752024715067478,0.009977012000000023,1,1,0.0017007657311167038,take_profit
2022-01-31 16:00:00+00:00,2022-01-31 16:00:00+00:00,2620.66,2620.66,2652.10792,6.755392966647719,0.009977011999999896,1,1,0.0027893736692283415,take_profit
2022-01-31 17:00:00+00:00,2022-01-31 19:00:00+00:00,2684.78,2672.360109259682,2704.428430570798,21.978495647657383,0.009977011999999858,2,3,0.008659927442844478,take_profit
2022-01-31 20:00:00+00:00,2022-01-31 22:00:00+00:00,2672.5,2672.5,2704.57,6.76972688422336,0.009977011999999988,1,3,0.0037380729653881317,take_profit
2022-01-31 23:00:00+00:00,2022-02-01 02:00:00+00:00,2680.0,2680.0,2712.16,6.773103966541271,0.009977011999999811,1,4,0.0024179104477612006,take_profit
2022-02-01 03:00:00+00:00,2022-02-01 03:00:00+00:00,2715.09,2715.09,2747.67108,6.776482733518833,0.009977011999999797,1,1,0.0021325259936134577,take_profit
2022-02-01 04:00:00+00:00,2022-02-01 09:00:00+00:00,2751.63,2738.9008587080575,2771.767669012554,22.047110656684254,0.009977011999999737,2,6,0.012141894077328822,take_profit
2022-02-01 10:00:00+00:00,2022-02-01 11:00:00+00:00,2735.4,2735.4,2768.2248,6.790861400375775,0.00997701199999992,1,2,0.005995466842143778,take_profit
2022-02-01 12:00:00+00:00,2022-02-01 13:00:00+00:00,2761.31,2761.31,2794.44572,6.794249025659951,0.00997701200000004,1,2,0.002372062535535571,take_profit
2022-02-01 14:00:00+00:00,2022-02-01 16:00:00+00:00,2791.6,2753.8367197254297,2786.882760362135,75.68037352827287,0.009977011999999869,4,3,0.021331852700959927,take_profit
2022-02-01 17:00:00+00:00,2022-02-02 12:00:00+00:00,2801.98,2764.0763046053376,2797.245220260602,76.10069248541186,0.009977012000000193,4,20,0.022120072234634088,take_profit
2022-02-02 13:00:00+00:00,2022-02-02 15:00:00+00:00,2800.99,2759.6782380040154,2660.9404999999997,-318.4528576564171,-0.037706192204050935,5,3,0.0528634518509526,stop_loss
2022-02-02 16:00:00+00:00,2022-02-02 17:00:00+00:00,2663.9,2651.5767009054252,2683.3956213162905,21.834539805377517,0.009977012000000209,2,2,0.009722587184203645,take_profit
2022-02-02 18:00:00+00:00,2022-02-02 19:00:00+00:00,2685.83,2685.83,2718.05996,6.7253861908815225,0.009977012000000023,1,2,0.004799261308422302,take_profit
2022-02-02 20:00:00+00:00,2022-02-02 21:00:00+00:00,2707.26,2667.3306604517525,2699.3386283771733,82.48938229310443,0.009977012000000191,5,2,0.03492091635084935,take_profit
2022-02-02 22:00:00+00:00,2022-02-02 22:00:00+00:00,2654.22,2654.22,2686.07064,6.769891031668749,0.009977012000000214,1,1,0.004298814717694786,take_profit
2022-02-02 23:00:00+00:00,2022-02-03 00:00:00+00:00,2679.36,2679.36,2711.5123200000003,6.773268195871765,0.009977012000000117,1,2,0.005475188104622026,take_profit
2022-02-03 01:00:00+00:00,2022-02-03 23:00:00+00:00,2694.36,2654.62092236977,2686.4763734382072,83.07667303039307,0.00997701200000016,5,23,0.043910242135423605,take_profit
2022-02-04 00:00:00+00:00,2022-02-04 05:00:00+00:00,2695.21,2682.741859697177,2714.934762013543,22.1714182445221,0.009977012000000009,2,6,0.008834191027786311,take_profit
2022-02-04 06:00:00+00:00,2022-02-04 06:00:00+00:00,2770.39,2770.39,2803.63468,6.829150118256507,0.009977012000000006,1,1,0.0,take_profit
2022-02-04 07:00:00+00:00,2022-02-04 08:00:00+00:00,2796.79,2796.79,2830.35148,6.832556843890416,0.009977011999999898,1,2,0.004315661883802561,take_profit
2022-02-04 09:00:00+00:00,2022-02-04 10:00:00+00:00,2834.76,2834.76,2868.77712,6.835965268971563,0.009977011999999955,1,2,0.004134388801873969,take_profit
2022-02-04 11:00:00+00:00,2022-02-04 13:00:00+00:00,2832.66,2794.34128188044,2827.8733772630053,76.14504605706861,0.009977011999999825,4,3,0.02281248014233967,take_profit
2022-02-04 14:00:00+00:00,2022-02-04 14:00:00+00:00,2773.43,2773.43,2806.71116,6.877360396260087,0.009977011999999843,1,1,0.0039589966215119975,take_profit
2022-02-04 15:00:00+00:00,2022-02-04 15:00:00+00:00,2826.09,2826.09,2860.00308,6.880791171620217,0.0099770119999999,1,1,0.0008421529392199502,take_profit
2022-02-04 16:00:00+00:00,2022-02-04 16:00:00+00:00,2871.79,2871.79,2906.25148,6.884223658424617,0.009977011999999844,1,1,0.0013754487619219435,take_profit
2022-02-04 17:00:00+00:00,2022-02-04 18:00:00+00:00,2930.27,2930.27,2965.43324,6.887657857527188,0.00997701199999989,1,2,0.0021158459800632084,take_profit
2022-02-04 19:00:00+00:00,2022-02-04 23:00:00+00:00,2946.63,2946.63,2981.98956,6.89109376978206,0.009977011999999962,1,5,0.005643735385847598,take_profit
2022-02-05 00:00:00+00:00,2022-02-05 00:00:00+00:00,2994.99,2981.1350664231904,3016.908687220269,22.419994687875715,0.009977011999999981,2,1,0.009255456612542881,take_profit
2022-02-05 01:00:00+00:00,2022-02-05 02:00:00+00:00,2981.28,2967.4884893859853,3003.098351258617,22.456364139765356,0.009977011999999997,2,2,0.007805372189126811,take_profit
2022-02-05 03:00:00+00:00,2022-02-05 04:00:00+00:00,2993.21,2993.21,3029.12852,6.916917994570781,0.009977011999999999,1,2,0.004413322152471773,take_profit
2022-02-05 05:00:00+00:00,2022-02-05 14:00:00+00:00,3013.95,3000.007356767861,3036.007445049075,22.50401313283146,0.009977011999999997,2,10,0.008586738333416166,take_profit
2022-02-05 15:00:00+00:00,2022-02-05 15:00:00+00:00,3021.49,3021.49,3057.74788,6.9315946437162665,0.00997701200000003,1,1,0.0053119487405219705,take_profit
2022-02-05 16:00:00+00:00,2022-02-06 14:00:00+00:00,3051.33,3006.325976875602,3042.401888598109,85.01860625365589,0.00997701199999993,5,23,0.02960348438222019,take_profit
2022-02-06 15:00:00+00:00,2022-02-06 16:00:00+00:00,2977.67,2963.8951893783765,2999.461931650917,22.689679413697377,0.009977011999999938,2,2,0.009221975571503905,take_profit
2022-02-06 17:00:00+00:00,2022-02-06 23:00:00+00:00,3002.28,2988.3913426158415,3024.2520387272316,22.726486344980003,0.009977012000000065,2,7,0.008956526373289742,take_profit
2022-02-07 00:00:00+00:00,2022-02-07 00:00:00+00:00,3055.0,3013.673584597073,3049.837667612238,77.93466864465245,0.009977012000000002,4,1,0.020687397708674244,take_profit
2022-02-07 01:00:00+00:00,2022-02-07 02:00:00+00:00,3010.03,3010.03,3046.15036,7.038997694356567,0.009977011999999924,1,2,0.005049783556974606,take_profit
2022-02-07 03:00:00+00:00,2022-02-07 03:00:00+00:00,3034.5,3034.5,3070.914,7.04250910257997,0.00997701200000017,1,1,0.0,take_profit
2022-02-07 04:00:00+00:00,2022-02-07 05:00:00+00:00,3068.82,3068.82,3105.64584,7.046022262471183,0.009977012000000007,1,2,0.004392567827373394,take_profit
2022-02-07 06:00:00+00:00,2022-02-07 14:00:00+00:00,3093.3,3065.2082037733803,3101.9907022186608,46.73582052992151,0.009977011999999914,3,9,0.014318042220282533,take_profit
2022-02-07 15:00:00+00:00,2022-02-07 16:00:00+00:00,3122.95,3108.503118770448,3145.8051561956936,22.999864815708406,0.009977012000000177,2,2,0.009433388302726602,take_profit
2022-02-07 17:00:00+00:00,2022-02-07 18:00:00+00:00,3131.21,3131.21,3168.78452,7.084324863380516,0.00997701200000002,1,2,0.005090683793166237,take_profit
2022-02-07 19:00:00+00:00,2022-02-08 05:00:00+00:00,3161.59,3132.8780283088877,3170.4725646485945,46.989879261961505,0.00997701199999996,3,11,0.015685145765263725,take_profit
2022-02-08 06:00:00+00:00,2022-02-08 06:00:00+00:00,3185.56,3185.56,3223.78672,7.111299812552943,0.009977011999999987,1,1,0.005641080375192996,take_profit
2022-02-08 07:00:00+00:00,2022-02-08 08:00:00+00:00,3182.81,3139.7546388842584,3177.4316945508695,79.21196648120713,0.00997701199999994,4,2,0.025703702074581877,take_profit
2022-02-08 09:00:00+00:00,2022-02-08 20:00:00+00:00,3103.83,3061.8430383240375,3098.585154783926,79.65189944654412,0.00997701199999992,4,12,0.025329995521661913,take_profit
2022-02-08 21:00:00+00:00,2022-02-09 10:00:00+00:00,3116.99,3088.6830630975296,3125.7472598547,47.694196134022604,0.009977012000000077,3,14,0.019887776348335988,take_profit
2022-02-09 11:00:00+00:00,2022-02-09 12:00:00+00:00,3136.3,3136.3,3173.9356000000002,7.217888901925676,0.00997701200000014,1,2,0.00550330006695795,take_profit
2022-02-09 13:00:00+00:00,2022-02-09 16:00:00+00:00,3181.7,3166.9813391158787,3204.985115185269,23.48321416673525,0.009977011999999936,2,4,0.00919634157840141,take_profit
2022-02-09 17:00:00+00:00,2022-02-09 19:00:00+00:00,3202.95,3202.95,3241.3853999999997,7.233204165612051,0.009977012000000018,1,3,0.006222388735384517,take_profit
2022-02-09 20:00:00+00:00,2022-02-10 10:00:00+00:00,3246.94,3199.0509277451047,3237.439538878046,88.71796008238198,0.009977011999999884,5,15,0.027869316956888712,take_profit
2022-02-10 11:00:00+00:00,2022-02-10 13:00:00+00:00,3246.93,3199.041075234963,3237.4295681377826,89.26051821280817,0.009977011999999846,5,3,0.038149883120362896,take_profit
2022-02-10 14:00:00+00:00,2022-02-10 14:00:00+00:00,3125.69,3111.230443429962,3148.5652087511216,23.82175657533844,0.009977011999999974,2,1,0.012857960962219559,take_profit
2022-02-10 15:00:00+00:00,2022-02-10 15:00:00+00:00,3169.96,3169.96,3207.99952,7.3374806220952,0.009977011999999888,1,1,0.004078915822281618,take_profit
2022-02-10 16:00:00+00:00,2022-02-10 17:00:00+00:00,3209.9,3195.0508848816858,3233.391495500266,23.872302723717894,0.009977011999999806,2,2,0.00847689959188761,take_profit
2022-02-10 18:00:00+00:00,2022-02-11 00:00:00+00:00,3210.99,3148.0948960788287,3050.4404999999997,-338.7920147696004,-0.03295714712017089,6,7,0.06539727622944942,stop_loss
2022-02-11 01:00:00+00:00,2022-02-11 01:00:00+00:00,3038.64,3038.64,3075.1036799999997,7.184043041400173,0.009977011999999983,1,1,0.0025142827054208043,take_profit
2022-02-11 02:00:00+00:00,2022-02-11 07:00:00+00:00,3064.92,3050.7415676786122,3087.3504664907555,23.373097538150887,0.009977011999999855,2,6,0.009553267295720671,take_profit
2022-02-11 08:00:00+00:00,2022-02-11 12:00:00+00:00,3098.25,3083.9173818762843,3120.9243904587997,23.411013102283505,0.009977012000000163,2,5,0.011519406116356025,take_profit
2022-02-11 13:00:00+00:00,2022-02-11 20:00:00+00:00,3102.22,3041.455422942352,2947.1089999999995,-332.2454640640826,-0.032957147120171115,6,8,0.06277117677018394,stop_loss
2022-02-11 21:00:00+00:00,2022-02-12 01:00:00+00:00,2917.46,2903.9637230464887,2938.8112877230465,22.91002548553797,0.009977011999999822,2,5,0.01318270001988032,take_profit
2022-02-12 02:00:00+00:00,2022-02-12 16:00:00+00:00,2953.03,2909.475802188869,2944.3895118151354,86.5093376257064,0.009977011999999843,5,15,0.03207891555453213,take_profit
2022-02-12 17:00:00+00:00,2022-02-12 18:00:00+00:00,2932.28,2932.28,2967.46736,7.0998081530892705,0.009977011999999985,1,2,0.003444418677616177,take_profit
2022-02-12 19:00:00+00:00,2022-02-12 21:00:00+00:00,2971.17,2927.3482555847722,2962.4764346517895,87.08180799221918,0.009977011999999924,5,3,0.035376636139971836,take_profit
2022-02-12 22:00:00+00:00,2022-02-12 22:00:00+00:00,2876.34,2876.34,2910.85608,7.146790708812205,0.009977011999999816,1,1,0.0011507679898760039,take_profit
2022-02-12 23:00:00+00:00,2022-02-13 12:00:00+00:00,2915.59,2915.59,2950.57708,7.150355889645539,0.009977012000000052,1,14,0.006530410654447286,take_profit
2022-02-13 13:00:00+00:00,2022-02-14 12:00:00+00:00,2935.0,2891.711726404517,2926.4122671213713,87.70179492627904,0.009977012000000191,5,24,0.036112436115843194,take_profit
2022-02-14 13:00:00+00:00,2022-02-14 14:00:00+00:00,2927.57,2927.57,2962.70084,7.197672941991186,0.00997701199999982,1,2,0.001728395905136323,take_profit
2022-02-14 15:00:00+00:00,2022-02-14 16:00:00+00:00,2938.92,2925.3244482994746,2960.428341679068,23.417442065893283,0.009977011999999862,2,2,0.0075129639459393,take_profit
2022-02-14 17:00:00+00:00,2022-02-14 22:00:00+00:00,2949.75,2906.244178862597,2941.1191090089483,88.42536658405697,0.009977011999999893,5,6,0.031348419357572606,take_profit
2022-02-14 23:00:00+00:00,2022-02-15 01:00:00+00:00,2941.22,2927.6138084151253,2962.7451741161067,23.59887215564231,0.009977011999999882,2,3,0.009914253269051569,take_profit
2022-02-15 02:00:00+00:00,2022-02-15 07:00:00+00:00,3021.0,3021.0,3057.252,7.268828669191976,0.00997701200000009,1,6,0.004501820589208841,take_profit
2022-02-15 08:00:00+00:00,2022-02-15 08:00:00+00:00,3049.44,3049.44,3086.03328,7.272454728734942,0.009977012000000148,1,1,0.002800514192769808,take_profit
2022-02-15 09:00:00+00:00,2022-02-15 10:00:00+00:00,3078.18,3078.18,3115.11816,7.276082597139748,0.009977012000000016,1,2,0.0023325471544873386,take_profit
2022-02-15 11:00:00+00:00,2022-02-15 14:00:00+00:00,3106.78,3106.78,3144.06136,7.2797122753089525,0.009977011999999978,1,4,0.006019093724048781,take_profit
2022-02-15 15:00:00+00:00,2022-02-15 22:00:00+00:00,3119.17,3104.740605189074,3141.9974924513426,23.68435490710999,0.00997701200000015,2,8,0.010772096423086882,take_profit
2022-02-15 23:00:00+00:00,2022-02-15 23:00:00+00:00,3125.69,3125.69,3163.19828,7.295158718801304,0.009977011999999926,1,1,0.0007678304630337913,take_profit
2022-02-16 00:00:00+00:00,2022-02-16 19:00:00+00:00,3183.53,3136.5761609405695,3174.2150748718564,89.47785589769774,0.009977011999999902,5,20,0.04381928236894265,take_profit
2022-02-16 20:00:00+00:00,2022-02-17 13:00:00+00:00,3169.28,3107.2018885903462,3010.8160000000003,-338.3489735482035,-0.03295714712017094,6,18,0.05783648021001621,stop_loss
2022-02-17 14:00:00+00:00,2022-02-17 14:00:00+00:00,2994.15,2980.2989522939965,3016.0625397215244,23.33089370785183,0.009977011999999844,2,1,0.010968054372693468,take_profit
2022-02-17 15:00:00+00:00,2022-02-18 14:00:00+00:00,2973.73,2915.482214306646,2825.0434999999998,-331.1084220545381,-0.032957147120170886,6,24,0.0584215782872016,stop_loss
2022-02-18 15:00:00+00:00,2022-02-18 15:00:00+00:00,2850.42,2811.861034044907,2845.6033664534457,78.16839587627419,0.009977012000000167,4,1,0.02154770174219942,take_profit
2022-02-18 16:00:00+00:00,2022-02-18 16:00:00+00:00,2800.46,2787.5049693372894,2820.955028969337,22.958424471661147,0.009977011999999945,2,1,0.01275861822700557,take_profit
2022-02-18 17:00:00+00:00,2022-02-18 19:00:00+00:00,2785.22,2772.3354701361936,2805.603495777828,22.99566735801818,0.009977011999999997,2,3,0.012645320656895973,take_profit
2022-02-18 20:00:00+00:00,2022-02-19 00:00:00+00:00,2797.87,2772.4611505807475,2805.7306843877163,46.95787867907893,0.009977011999999756,3,5,0.015779861108629098,take_profit
2022-02-19 01:00:00+00:00,2022-02-20 05:00:00+00:00,2810.19,2755.145545769922,2669.6805,-327.43024784277986,-0.032957147120170824,6,29,0.05510659421604949,stop_loss
2022-02-20 06:00:00+00:00,2022-02-20 06:00:00+00:00,2656.79,2632.662368248498,2664.25431666748,46.03030194109215,0.00997701200000014,3,1,0.013847537818194124,take_profit
2022-02-20 07:00:00+00:00,2022-02-20 11:00:00+00:00,2636.35,2612.4079940574634,2643.756889986153,46.18253311256376,0.009977012000000186,3,5,0.013788002351736267,take_profit
2022-02-20 12:00:00+00:00,2022-02-20 12:00:00+00:00,2642.99,2630.7634313322683,2662.3325925082554,22.72757825565259,0.009977012000000283,2,1,0.008066621515783152,take_profit
2022-02-20 13:00:00+00:00,2022-02-20 15:00:00+00:00,2625.0,2612.8566537320244,2644.2109335768087,22.764446665989908,0.009977011999999829,2,3,0.009207619047619076,take_profit
2022-02-20 16:00:00+00:00,2022-02-20 16:00:00+00:00,2652.37,2640.1000391082703,2671.7812395775695,22.801374883830704,0.009977012000000045,2,1,0.00792121762800807,take_profit
2022-02-20 17:00:00+00:00,2022-02-20 22:00:00+00:00,2644.47,2608.697016124197,2640.0013803176876,78.19147972279461,0.009977012000000127,4,6,0.025891766592171513,take_profit
2022-02-20 23:00:00+00:00,2022-02-21 00:00:00+00:00,2652.2,2628.1140523220374,2659.651420949902,46.81972176208001,0.009977012000000155,3,2,0.017755071261594032,take_profit
2022-02-21 01:00:00+00:00,2022-02-21 01:00:00+00:00,2667.82,2667.82,2699.8338400000002,7.085548714316019,0.009977012000000056,1,1,0.004243164831210563,take_profit
2022-02-21 02:00:00+00:00,2022-02-21 04:00:00+00:00,2713.3,2713.3,2745.8596000000002,7.089083344543496,0.009977012000000072,1,3,0.003578668042604959,take_profit
2022-02-21 05:00:00+00:00,2022-02-21 11:00:00+00:00,2744.42,2703.9425881359743,2607.199,-328.6117500869623,-0.03770619220405107,5,7,0.05070288075440351,stop_loss
2022-02-21 12:00:00+00:00,2022-02-21 12:00:00+00:00,2626.78,2602.9249039885685,2634.1600028364314,45.93465892256427,0.009977011999999928,3,1,0.013567942499943019,take_profit
2022-02-21 13:00:00+00:00,2022-02-21 14:00:00+00:00,2609.4,2597.3288199041317,2628.496765742981,22.605593174473597,0.009977011999999855,2,2,0.01115198896297996,take_profit
2022-02-21 15:00:00+00:00,2022-02-21 15:00:00+00:00,2700.96,2700.9600000000005,2733.3715200000006,6.962882915208297,0.009977012000000214,1,1,0.0003221076950417225,take_profit
2022-02-21 16:00:00+00:00,2022-02-21 16:00:00+00:00,2723.41,2710.8114054629837,2743.3411423285393,22.65355880888046,0.009977012000000045,2,1,0.007494281066750822,take_profit
2022-02-21 17:00:00+00:00,2022-02-21 17:00:00+00:00,2710.71,2698.1701561287373,2730.5481980022823,22.690307145741826,0.00997701199999989,2,1,0.007448233119736178,take_profit
2022-02-21 18:00:00+00:00,2022-02-21 18:00:00+00:00,2695.42,2655.665288444723,2687.53327190606,85.67967080355811,0.009977012000000226,5,1,0.03304865290010459,take_profit
2022-02-21 19:00:00+00:00,2022-02-21 19:00:00+00:00,2638.84,2626.6326293844627,2658.1522209370764,22.86610365034312,0.00997701199999995,2,1,0.008344575646875135,take_profit
2022-02-21 20:00:00+00:00,2022-02-21 21:00:00+00:00,2652.76,2613.6344801829114,2644.998093945106,86.34348670282452,0.009977011999999914,5,2,0.02931286659931551,take_profit
2022-02-21 22:00:00+00:00,2022-02-21 22:00:00+00:00,2582.62,2582.62,2613.61144,7.086196793127442,0.009977011999999914,1,1,0.005660917982513839,take_profit
2022-02-21 23:00:00+00:00,2022-02-21 23:00:00+00:00,2618.45,2583.029000847203,2614.0253488573694,78.9323467793638,0.009977011999999959,4,1,0.023086176936737316,take_profit
2022-02-22 00:00:00+00:00,2022-02-22 00:00:00+00:00,2568.03,2568.0300000000007,2598.846360000001,7.129107195199936,0.009977012000000236,1,1,0.006199304525258689,take_profit
2022-02-22 01:00:00+00:00,2022-02-22 01:00:00+00:00,2596.86,2584.846830404017,2615.8649923688654,23.19436518866678,0.009977011999999784,2,1,0.011483098819343424,take_profit
2022-02-22 02:00:00+00:00,2022-02-22 10:00:00+00:00,2601.16,2562.795527854982,2593.5490741892418,87.58301776604276,0.009977012000000101,5,9,0.03889034123237319,take_profit
2022-02-22 11:00:00+00:00,2022-02-22 12:00:00+00:00,2595.59,2583.5827054705924,2614.5856979362393,23.374066957374907,0.00997701199999998,2,2,0.011211323822329552,take_profit
2022-02-22 13:00:00+00:00,2022-02-22 13:00:00+00:00,2603.7,2591.65518831317,2622.755050572928,23.411984094087074,0.009977011999999893,2,1,0.010546529938164934,take_profit
2022-02-22 14:00:00+00:00,2022-02-22 14:00:00+00:00,2612.75,2589.0223173985382,2620.0905852073206,47.80801059654277,0.009977012000000013,3,1,0.01636207061525213,take_profit
2022-02-22 15:00:00+00:00,2022-02-22 15:00:00+00:00,2644.62,2632.3858908924904,2663.9745215832004,23.52751633245498,0.00997701200000004,2,1,0.010322844113709996,take_profit
2022-02-22 16:00:00+00:00,2022-02-22 16:00:00+00:00,2623.83,2600.001694406203,2631.2017147390775,48.04393107444503,0.009977012,3,1,0.01431495180709114,take_profit
2022-02-22 17:00:00+00:00,2022-02-22 19:00:00+00:00,2602.49,2590.4507858175452,2621.536195247356,23.643618693288317,0.009977012000000009,2,3,0.00864172388750765,take_profit
2022-02-22 20:00:00+00:00,2022-02-22 20:00:00+00:00,2632.74,2608.8307782634492,2640.1367476026107,48.281015760419905,0.009977011999999896,3,1,0.01591117998738952,take_profit
2022-02-22 21:00:00+00:00,2022-02-22 23:00:00+00:00,2601.66,2601.66,2632.87992,7.3066963294983225,0.009977012000000032,1,3,0.0037207013983379215,take_profit
2022-02-23 00:00:00+00:00,2022-02-23 02:00:00+00:00,2636.28,2612.3386297622887,2643.686693319436,48.46485514825781,0.009977011999999815,3,3,0.014755640523768373,take_profit
2022-02-23 03:00:00+00:00,2022-02-23 04:00:00+00:00,2615.56,2615.56,2646.94672,7.334518001415859,0.00997701199999993,1,2,0.0031580235207755753,take_profit
2022-02-23 05:00:00+00:00,2022-02-23 07:00:00+00:00,2650.8,2650.8000000000006,2682.6096000000007,7.338176830121711,0.009977012000000113,1,3,0.0029877772747849978,take_profit
2022-02-23 08:00:00+00:00,2022-02-23 11:00:00+00:00,2695.62,2695.62,2727.96744,7.341837484036205,0.009977011999999952,1,4,0.004915381248098768,take_profit
2022-02-23 12:00:00+00:00,2022-02-23 13:00:00+00:00,2719.61,2719.61,2752.24532,7.3454999640702,0.009977011999999926,1,2,0.0010516213721820876,take_profit
2022-02-23 14:00:00+00:00,2022-02-23 17:00:00+00:00,2731.45,2694.5003969386826,2726.8344017019467,81.82069555196722,0.009977012000000209,4,4,0.025290596569587556,take_profit
2022-02-23 18:00:00+00:00,2022-02-24 02:00:00+00:00,2666.72,2609.3794274763673,2533.3839999999996,-333.8958526282604,-0.031064727972797645,7,9,0.06701865962680739,stop_loss
2022-02-24 03:00:00+00:00,2022-02-24 03:00:00+00:00,2496.22,2459.4032864345763,2488.9161258717913,88.5537347257723,0.00997701200000001,5,1,0.04335355056845944,take_profit
2022-02-24 04:00:00+00:00,2022-02-24 04:00:00+00:00,2397.41,2375.637927070876,2404.145582195726,48.18144002056761,0.009977012000000068,3,1,0.017631527356605663,take_profit
2022-02-24 05:00:00+00:00,2022-02-24 05:00:00+00:00,2402.46,2367.0261513518894,2395.4304651681123,89.3899439973211,0.009977011999999844,5,1,0.04264795251533846,take_profit
2022-02-24 06:00:00+00:00,2022-02-24 07:00:00+00:00,2335.61,2314.3991636165733,2342.171953579972,48.63641537521107,0.009977012000000111,3,2,0.014818398619632613,take_profit
2022-02-24 08:00:00+00:00,2022-02-24 08:00:00+00:00,2370.45,2370.45,2398.8954,7.360481383934257,0.009977012000000151,1,1,0.004408445653778742,take_profit
2022-02-24 09:00:00+00:00,2022-02-24 09:00:00+00:00,2381.2,2370.184481473027,2398.6266952507035,23.947135105263442,0.00997701199999993,2,1,0.0070930623215185095,take_profit
2022-02-24 10:00:00+00:00,2022-02-24 10:00:00+00:00,2369.44,2347.92193655604,2376.0969997947122,48.90080585516898,0.009977011999999875,3,1,0.015754777500168786,take_profit
2022-02-24 11:00:00+00:00,2022-02-24 11:00:00+00:00,2362.44,2351.511265921022,2379.7294011120744,24.065308178937357,0.00997701199999996,2,1,0.012025702240056828,take_profit
2022-02-24 12:00:00+00:00,2022-02-24 13:00:00+00:00,2394.52,2372.77417259866,2401.2474626698436,49.14211900213286,0.009977011999999766,3,2,0.018772029467283555,take_profit
2022-02-24 14:00:00+00:00,2022-02-24 14:00:00+00:00,2391.33,2380.2676197215246,2408.8308311581827,24.184064406932976,0.009977011999999771,2,1,0.006812108742833471,take_profit
2022-02-24 15:00:00+00:00,2022-02-24 15:00:00+00:00,2436.62,2425.348106520581,2454.452283798828,24.223295511989363,0.009977012000000151,2,1,0.008897571225714242,take_profit
2022-02-24 16:00:00+00:00,2022-02-24 16:00:00+00:00,2455.32,2455.32,2484.78384,7.461161013059268,0.009977011999999832,1,1,0.0022074515745402114,take_profit
2022-02-24 17:00:00+00:00,2022-02-24 18:00:00+00:00,2475.05,2452.572839604728,2482.0037136799847,49.489409635911215,0.009977011999999766,3,2,0.018375386355831202,take_profit
2022-02-24 19:00:00+00:00,2022-02-24 19:00:00+00:00,2524.92,2524.92,2555.21904,7.489570839397857,0.009977011999999843,1,1,0.004649652266210508,take_profit
2022-02-24 20:00:00+00:00,2022-02-24 20:00:00+00:00,2596.32,2596.3200000000006,2627.4758400000005,7.493307016304925,0.009977011999999966,1,1,0.0005084119060825182,take_profit
2022-02-24 21:00:00+00:00,2022-02-24 22:00:00+00:00,2651.47,2612.363506374714,2643.71186845121,91.9082190321842,0.009977011999999928,5,2,0.040366287380207866,take_profit
2022-02-24 23:00:00+00:00,2022-02-24 23:00:00+00:00,2566.6,2566.6,2597.3992,7.542893527215142,0.009977011999999983,1,1,0.00014415958856069932,take_profit
2022-02-25 00:00:00+00:00,2022-02-25 00:00:00+00:00,2596.26,2596.26,2627.41512,7.546656304176963,0.009977012000000028,1,1,0.005076533166940248,take_profit
2022-02-25 01:00:00+00:00,2022-02-25 01:00:00+00:00,2583.78,2583.78,2614.7853600000003,7.5504209582023805,0.00997701200000014,1,1,0.0005457120962312229,take_profit
2022-02-25 02:00:00+00:00,2022-02-25 06:00:00+00:00,2629.86,2605.9769329762594,2637.2486561719747,50.081465212990224,0.009977012000000066,3,5,0.016962880153316193,take_profit
2022-02-25 07:00:00+00:00,2022-02-25 11:00:00+00:00,2633.04,2597.421635085918,2628.590694706949,84.38143333907101,0.00997701200000012,4,5,0.023288670130343695,take_profit
2022-02-25 12:00:00+00:00,2022-02-25 12:00:00+00:00,2632.89,2632.89,2664.48468,7.6212643878481,0.009977012000000183,1,1,9.115458678478088e-05,take_profit
2022-02-25 13:00:00+00:00,2022-02-25 15:00:00+00:00,2708.22,2683.625306831909,2715.8288105138918,50.55136520625001,0.009977012000000026,3,3,0.01950727784301125,take_profit
2022-02-25 16:00:00+00:00,2022-02-25 21:00:00+00:00,2732.79,2695.822270131271,2728.1721373728465,85.17316007447153,0.009977011999999785,4,6,0.024429246301398852,take_profit
2022-02-25 22:00:00+00:00,2022-02-25 22:00:00+00:00,2706.71,2706.71,2739.19052,7.692772521031543,0.009977011999999924,1,1,0.005242526905357447,take_profit
2022-02-25 23:00:00+00:00,2022-02-25 23:00:00+00:00,2791.58,2766.2282732000426,2799.423012478443,51.02567413608358,0.009977011999999912,3,1,0.014855386555284032,take_profit
2022-02-26 00:00:00+00:00,2022-02-26 00:00:00+00:00,2768.05,2768.05,2801.2666000000004,7.722064253377653,0.009977012000000106,1,1,0.0024349271147559603,take_profit
2022-02-26 01:00:00+00:00,2022-02-26 19:00:00+00:00,2832.2,2790.4279221543006,2823.9130572201525,94.71401228265859,0.009977012000000111,5,19,0.03696772826777764,take_profit
2022-02-26 20:00:00+00:00,2022-02-26 21:00:00+00:00,2809.02,2809.02,2842.72824,7.773164551619288,0.00997701200000009,1,2,0.00020291774355474997,take_profit
2022-02-26 22:00:00+00:00,2022-02-27 01:00:00+00:00,2824.5,2782.8414893456747,2683.275,-360.32207309110345,-0.03770619220405075,5,4,0.05072048150115072,stop_loss
2022-02-27 02:00:00+00:00,2022-02-27 03:00:00+00:00,2682.34,2682.34,2714.52808,7.597295317064891,0.009977011999999919,1,2,0.001539700410835356,take_profit
2022-02-27 04:00:00+00:00,2022-02-27 06:00:00+00:00,2715.97,2703.4058231758345,2735.8466930539444,24.71760308903822,0.009977011999999893,2,3,0.007021432490049489,take_profit
2022-02-27 07:00:00+00:00,2022-02-27 09:00:00+00:00,2732.2,2732.2,2764.9864,7.613415623523792,0.009977012000000025,1,3,0.003597833247932043,take_profit
2022-02-27 10:00:00+00:00,2022-02-27 10:00:00+00:00,2768.38,2768.38,2801.6005600000003,7.617213580475777,0.009977012000000207,1,1,0.0035399764483200215,take_profit
2022-02-27 11:00:00+00:00,2022-02-27 11:00:00+00:00,2810.73,2797.7274599406524,2831.30018945994,24.782406641968464,0.009977011999999804,2,1,0.008577842766825746,take_profit
2022-02-27 12:00:00+00:00,2022-02-27 13:00:00+00:00,2820.97,2779.3635532658764,2812.715915905067,93.57953725197694,0.009977012000000028,5,2,0.038192536609747633,take_profit
2022-02-27 14:00:00+00:00,2022-02-27 15:00:00+00:00,2779.42,2766.5623011489006,2799.7610487626876,24.974411996294748,0.009977012000000297,2,2,0.01166430406343772,take_profit
2022-02-27 16:00:00+00:00,2022-02-27 19:00:00+00:00,2809.14,2748.737072096419,2668.6829999999995,-347.5651187120384,-0.031064727972797548,7,4,0.07444983162106548,stop_loss
2022-02-27 20:00:00+00:00,2022-02-27 20:00:00+00:00,2608.23,2596.1642323670394,2627.318203155444,24.45110914313682,0.009977011999999978,2,1,0.008523021359312644,take_profit
2022-02-27 21:00:00+00:00,2022-02-27 21:00:00+00:00,2633.91,2595.0624985669915,2626.2032485497953,92.32854225857773,0.009977011999999837,5,1,0.028827864277822645,take_profit
2022-02-27 22:00:00+00:00,2022-02-27 22:00:00+00:00,2602.87,2602.87,2634.10444,7.577389390339249,0.009977012000000077,1,1,0.0029236957665959777,take_profit
2022-02-27 23:00:00+00:00,2022-02-28 01:00:00+00:00,2630.09,2606.2048442318332,2637.4793023626153,50.26034511960552,0.009977011999999948,3,3,0.01914383157990805,take_profit
2022-02-28 02:00:00+00:00,2022-02-28 02:00:00+00:00,2643.82,2619.8101552711146,2651.247877134368,50.42656586753674,0.009977012000000094,3,1,0.019490736888290502,take_profit
2022-02-28 03:00:00+00:00,2022-02-28 06:00:00+00:00,2612.66,2588.933134733314,2620.0003323501137,50.593336339847156,0.009977012000000148,3,4,0.016856383915243457,take_profit
2022-02-28 07:00:00+00:00,2022-02-28 07:00:00+00:00,2606.5,2606.5,2637.7780000000002,7.6566356177303305,0.009977012000000151,1,1,0.0032150393247650524,take_profit
2022-02-28 08:00:00+00:00,2022-02-28 08:00:00+00:00,2635.32,2623.128913033554,2654.606459989957,24.910665216784764,0.009977012000000065,2,1,0.006951717438489505,take_profit
2022-02-28 09:00:00+00:00,2022-02-28 12:00:00+00:00,2625.34,2625.34,2656.8440800000003,7.672881835291832,0.00997701199999992,1,4,0.005279316202853774,take_profit
2022-02-28 13:00:00+00:00,2022-02-28 14:00:00+00:00,2635.17,2622.979606939055,2654.455362222324,24.963521863870938,0.009977011999999843,2,2,0.010545809188780975,take_profit
2022-02-28 15:00:00+00:00,2022-02-28 15:00:00+00:00,2757.65,2744.893009967283,2777.8317260868903,25.00401739565268,0.009977011999999954,2,1,0.007074864467934734,take_profit
2022-02-28 16:00:00+00:00,2022-02-28 20:00:00+00:00,2815.44,2802.4156713079205,2836.0446593636157,25.044578618810192,0.009977012000000078,2,5,0.009391072088199377,take_profit
2022-02-28 21:00:00+00:00,2022-02-28 22:00:00+00:00,2834.6,2821.487036445256,2855.3448808825988,25.08520563990669,0.009977011999999997,2,2,0.009070062795456163,take_profit
2022-02-28 23:00:00+00:00,2022-03-01 00:00:00+00:00,2897.25,2897.25,2932.017,7.726643066894553,0.009977011999999907,1,2,0.001449650530675578,take_profit
2022-03-01 01:00:00+00:00,2022-03-01 12:00:00+00:00,2947.68,2904.204709263395,2939.055165774556,94.77017314657496,0.009977012000000018,5,12,0.03175039352982675,take_profit
2022-03-01 13:00:00+00:00,2022-03-01 13:00:00+00:00,2950.44,2950.44,2985.84528,7.77777366516068,0.00997701199999984,1,1,0.0020878241889344825,take_profit
2022-03-01 14:00:00+00:00,2022-03-01 14:00:00+00:00,3019.63,2992.2072376944407,3028.113724546774,51.589481355091266,0.009977012000000176,3,1,0.017392859390057715,take_profit
2022-03-01 15:00:00+00:00,2022-03-01 15:00:00+00:00,2972.63,2945.63406807709,2980.981676894015,51.76009781535868,0.009977011999999933,3,1,0.01568644600908963,take_profit
2022-03-01 16:00:00+00:00,2022-03-01 16:00:00+00:00,2948.99,2922.2087546780654,2957.2752597342023,51.931278537485014,0.0099770120000002,3,1,0.01757550890304814,take_profit
2022-03-01 17:00:00+00:00,2022-03-01 17:00:00+00:00,2905.99,2905.99,2940.86188,7.859115561256544,0.009977012000000117,1,1,0.001001379908396056,take_profit
2022-03-01 18:00:00+00:00,2022-03-01 18:00:00+00:00,2934.5,2920.924895381572,2955.9759941261505,25.569428456687547,0.009977011999999829,2,1,0.007030158459703564,take_profit
2022-03-01 19:00:00+00:00,2022-03-02 00:00:00+00:00,2953.32,2939.657833371377,2974.9337273718334,25.610906883023745,0.009977012000000155,2,6,0.01048650332507153,take_profit
2022-03-02 01:00:00+00:00,2022-03-02 03:00:00+00:00,2943.92,2930.3013181161077,2965.464933933501,25.65245259517451,0.00997701200000003,2,3,0.010091986195277057,take_profit
2022-03-02 04:00:00+00:00,2022-03-02 04:00:00+00:00,3016.65,3002.694866468842,3038.727204866468,25.694065702291482,0.009977011999999995,2,1,0.010833209023254369,take_profit
2022-03-02 05:00:00+00:00,2022-03-02 08:00:00+00:00,2997.23,2970.0106632385114,3005.6507911973736,52.46809328192103,0.00997701200000007,3,4,0.015544352618918183,take_profit
2022-03-02 09:00:00+00:00,2022-03-02 10:00:00+00:00,2977.37,2977.3700000000003,3013.09844,7.940355408037249,0.009977012000000045,1,2,0.002310764197933112,take_profit
2022-03-02 11:00:00+00:00,2022-03-02 12:00:00+00:00,3007.22,2979.909939078455,3015.6688583473965,52.66787578438198,0.009977011999999997,3,2,0.018542042151887712,take_profit
2022-03-02 13:00:00+00:00,2022-03-02 13:00:00+00:00,2986.61,2946.2087281484332,2981.5632328862143,88.73923378059226,0.009977011999999685,4,1,0.02041444982773119,take_profit
2022-03-02 14:00:00+00:00,2022-03-02 14:00:00+00:00,2943.98,2943.98,2979.30776,8.014857480547562,0.009977012000000101,1,1,0.0010394092351170678,take_profit
2022-03-02 15:00:00+00:00,2022-03-02 15:00:00+00:00,3011.41,2970.673246936652,3006.3213258998917,89.27659342671723,0.009977011999999955,4,1,0.02187015384819725,take_profit
2022-03-02 16:00:00+00:00,2022-03-02 21:00:00+00:00,2952.7,2939.0407015141136,2974.309189932283,26.220954188681844,0.009977011999999952,2,6,0.013001659498086455,take_profit
2022-03-02 22:00:00+00:00,2022-03-03 15:00:00+00:00,2975.05,2916.776358873531,2826.2975,-372.1237118000663,-0.03295714712017071,6,18,0.05334364128333986,stop_loss
2022-03-03 16:00:00+00:00,2022-03-03 22:00:00+00:00,2827.99,2802.307615875952,2835.935307266463,52.313330629801385,0.009977012000000188,3,7,0.01520160962379633,take_profit
2022-03-03 23:00:00+00:00,2022-03-04 00:00:00+00:00,2834.0,2792.2013739796935,2825.7077904674497,97.05574788373269,0.0099770120000002,5,2,0.037822865208186326,take_profit
2022-03-04 01:00:00+00:00,2022-03-04 08:00:00+00:00,2734.38,2709.547734857226,2742.0623076755123,52.807323257371536,0.00997701200000023,3,8,0.017155625772570127,take_profit
2022-03-04 09:00:00+00:00,2022-03-04 20:00:00+00:00,2743.99,2703.5189301999076,2606.7904999999996,-370.2671863785581,-0.03770619220405102,5,12,0.052474681030178605,stop_loss
2022-03-04 21:00:00+00:00,2022-03-04 23:00:00+00:00,2614.45,2590.706878852783,2621.7953613990167,51.75742167471435,0.009977012000000006,3,3,0.01585419495496178,take_profit
2022-03-05 00:00:00+00:00,2022-03-05 07:00:00+00:00,2622.11,2609.9800229780108,2641.299783253747,25.47112018640746,0.009977011999999879,2,8,0.01248231386173731,take_profit
2022-03-05 08:00:00+00:00,2022-03-05 12:00:00+00:00,2638.14,2638.14,2669.7976799999997,7.845510896719702,0.009977011999999758,1,5,0.0027064522731924286,take_profit
2022-03-05 13:00:00+00:00,2022-03-05 16:00:00+00:00,2653.89,2641.6130075325264,2673.3123636229166,25.525166033793994,0.009977011999999987,2,4,0.010004182539592722,take_profit
2022-03-05 17:00:00+00:00,2022-03-06 16:00:00+00:00,2659.18,2623.2080270667248,2654.6865233915255,87.53202438540939,0.009977011999999874,4,24,0.026015538624688753,take_profit
2022-03-06 17:00:00+00:00,2022-03-07 00:00:00+00:00,2646.0,2606.974183327547,2513.7,-366.288694512592,-0.03770619220405099,5,8,0.05045351473922902,stop_loss
2022-03-07 01:00:00+00:00,2022-03-07 02:00:00+00:00,2542.37,2519.2814731928124,2549.5128508711264,51.20129223977892,0.009977012000000205,3,2,0.01391614910496903,take_profit
2022-03-07 03:00:00+00:00,2022-03-07 09:00:00+00:00,2520.41,2508.750490907708,2538.8554967986006,25.197434998503923,0.009977012000000018,2,7,0.011668736435738573,take_profit
2022-03-07 10:00:00+00:00,2022-03-07 12:00:00+00:00,2530.89,2530.89,2561.26068,7.761211497704153,0.009977011999999948,1,3,0.005089118847519906,take_profit
2022-03-07 13:00:00+00:00,2022-03-07 13:00:00+00:00,2559.83,2559.83,2590.54796,7.76508318271658,0.00997701200000004,1,1,0.0015157256536567308,take_profit
2022-03-07 14:00:00+00:00,2022-03-07 16:00:00+00:00,2620.27,2608.1485348854903,2639.4463173041163,25.26349655417971,0.009977012000000033,2,3,0.011315627778816721,take_profit
2022-03-07 17:00:00+00:00,2022-03-07 19:00:00+00:00,2593.19,2542.396022274332,2463.5305,-358.5356216688524,-0.03295714712017099,6,3,0.05578843046595123,stop_loss
2022-03-07 20:00:00+00:00,2022-03-07 21:00:00+00:00,2460.66,2460.66,2490.18792,7.602703799544656,0.009977012000000115,1,2,0.006364146204676735,take_profit
2022-03-07 22:00:00+00:00,2022-03-07 22:00:00+00:00,2483.63,2483.63,2513.43356,7.606496412896604,0.009977012000000014,1,1,0.001461570362735234,take_profit
2022-03-07 23:00:00+00:00,2022-03-07 23:00:00+00:00,2504.21,2492.625432701818,2522.53693789424,24.747538615466965,0.009977011999999907,2,1,0.0072917207422701046,take_profit
2022-03-08 00:00:00+00:00,2022-03-08 00:00:00+00:00,2491.12,2491.12,2521.0134399999997,7.622636242682802,0.009977011999999855,1,1,0.004403641735444218,take_profit
2022-03-08 01:00:00+00:00,2022-03-08 02:00:00+00:00,2519.31,2519.31,2549.54172,7.626438799346147,0.009977011999999987,1,2,0.004981522718522027,take_profit
2022-03-08 03:00:00+00:00,2022-03-08 07:00:00+00:00,2546.81,2512.358108670269,2542.506405974312,84.95004154914386,0.009977012000000052,4,5,0.020115359999371772,take_profit
2022-03-08 08:00:00+00:00,2022-03-08 08:00:00+00:00,2535.86,2535.86,2566.29032,7.672620632113876,0.009977011999999981,1,1,0.003379524106220439,take_profit
2022-03-08 09:00:00+00:00,2022-03-08 10:00:00+00:00,2569.39,2569.39,2600.22268,7.676448123519776,0.00997701199999998,1,2,0.001759172410572152,take_profit
2022-03-08 11:00:00+00:00,2022-03-08 14:00:00+00:00,2597.82,2574.2279041562615,2605.1186390061366,50.91739543869244,0.009977011999999957,3,4,0.01609041427042681,take_profit
2022-03-08 15:00:00+00:00,2022-03-08 16:00:00+00:00,2573.76,2550.386404986188,2580.9910418460227,51.08578917996874,0.009977012000000103,3,2,0.01884402586099714,take_profit
2022-03-08 17:00:00+00:00,2022-03-08 17:00:00+00:00,2540.87,2540.87,2571.36044,7.731161874120858,0.009977011999999806,1,1,0.0009957219377613753,take_profit
2022-03-08 18:00:00+00:00,2022-03-08 18:00:00+00:00,2592.61,2580.61649105988,2611.5838889525985,25.153134457258147,0.009977012000000125,2,1,0.00898708251530318,take_profit
2022-03-08 19:00:00+00:00,2022-03-08 20:00:00+00:00,2570.37,2558.479374115499,2589.181126604885,25.193937576359986,0.009977012000000052,2,2,0.007924929095811066,take_profit
2022-03-08 21:00:00+00:00,2022-03-08 23:00:00+00:00,2553.33,2553.33,2583.96996,7.760134235952819,0.009977011999999995,1,3,0.0018603157445375256,take_profit
2022-03-09 00:00:00+00:00,2022-03-09 01:00:00+00:00,2575.98,2575.98,2606.89176,7.764005383572567,0.009977012000000077,1,2,0.003214310670113976,take_profit
2022-03-09 02:00:00+00:00,2022-03-09 03:00:00+00:00,2619.33,2619.33,2650.76196,7.767878462316389,0.00997701199999985,1,2,0.004959283480890068,take_profit
2022-03-09 04:00:00+00:00,2022-03-09 07:00:00+00:00,2698.57,2698.57,2730.9528400000004,7.771753473148124,0.009977011999999955,1,4,0.0002260456463979542,take_profit
2022-03-09 08:00:00+00:00,2022-03-09 08:00:00+00:00,2744.99,2732.2915755915697,2765.0790744986684,25.28519817093911,0.009977012000000127,2,1,0.008029173148171748,take_profit
2022-03-09 09:00:00+00:00,2022-03-09 15:00:00+00:00,2755.31,2730.287659114484,2763.051111023858,51.63317287564769,0.009977012000000006,3,7,0.01594013014869473,take_profit
2022-03-09 16:00:00+00:00,2022-03-10 04:00:00+00:00,2757.47,2703.458196098552,2619.5964999999997,-360.03037332932763,-0.03295714712017094,6,13,0.06243041628739375,stop_loss
2022-03-10 05:00:00+00:00,2022-03-10 13:00:00+00:00,2602.85,2567.6400293513884,2598.451709703605,84.9963180497216,0.009977011999999933,4,9,0.0202009335920241,take_profit
2022-03-10 14:00:00+00:00,2022-03-10 15:00:00+00:00,2573.7,2573.7000000000003,2604.5844,7.67680028908228,0.00997701200000005,1,2,0.005323075727551704,take_profit
2022-03-10 16:00:00+00:00,2022-03-11 06:00:00+00:00,2597.49,2559.1796566332087,2589.889812512807,94.15883279572881,0.009977012000000124,5,15,0.028843229425329693,take_profit
2022-03-11 07:00:00+00:00,2022-03-11 07:00:00+00:00,2583.47,2583.47,2614.4716399999998,7.727601055747982,0.009977012000000007,1,1,0.0005767436819470641,take_profit
2022-03-11 08:00:00+00:00,2022-03-11 11:00:00+00:00,2608.67,2596.602196910903,2627.7614232738338,25.141549427120026,0.009977012000000144,2,4,0.010990274737701615,take_profit
2022-03-11 12:00:00+00:00,2022-03-13 22:00:00+00:00,2652.63,2600.6717442862123,2519.9985,-356.80496697038507,-0.03295714712017088,6,59,0.05753912155106446,stop_loss
2022-03-13 23:00:00+00:00,2022-03-14 01:00:00+00:00,2504.82,2504.82,2534.87784,7.566005479331693,0.009977012000000007,1,3,0.004718901957026917,take_profit
2022-03-14 02:00:00+00:00,2022-03-14 04:00:00+00:00,2529.96,2529.96,2560.31952,7.569779785704668,0.009977012000000016,1,3,0.004660152729687411,take_profit
2022-03-14 05:00:00+00:00,2022-03-14 08:00:00+00:00,2570.26,2570.26,2601.10312,7.5735559748925425,0.009977011999999895,1,4,0.0020503762265297815,take_profit
2022-03-14 09:00:00+00:00,2022-03-14 22:00:00+00:00,2593.61,2555.3568826984733,2586.021165290855,92.89250258642278,0.009977012000000344,5,14,0.03030910584089363,take_profit
2022-03-14 23:00:00+00:00,2022-03-15 00:00:00+00:00,2570.77,2570.77,2601.61924,7.623673528485597,0.009977012000000035,1,2,3.889885131600077e-06,take_profit
2022-03-15 01:00:00+00:00,2022-03-15 15:00:00+00:00,2587.69,2549.524196694959,2580.1184870552984,93.50721316520139,0.009977012000000068,5,15,0.031182251351591594,take_profit
2022-03-15 16:00:00+00:00,2022-03-15 16:00:00+00:00,2571.63,2571.63,2602.48956,7.674122731991133,0.009977011999999851,1,1,0.0016254282303442918,take_profit
2022-03-15 17:00:00+00:00,2022-03-15 18:00:00+00:00,2602.25,2590.211896066347,2621.294438819143,24.967559089069255,0.009977012000000054,2,2,0.008081467960418946,take_profit
2022-03-15 19:00:00+00:00,2022-03-15 19:00:00+00:00,2626.52,2626.52,2658.03824,7.690406054552682,0.009977011999999987,1,1,0.000182751321139766,take_profit
2022-03-15 20:00:00+00:00,2022-03-15 20:00:00+00:00,2659.43,2635.2783930950886,2666.90173381223,51.009977513432204,0.009977011999999943,3,1,0.014243653715269684,take_profit
2022-03-15 21:00:00+00:00,2022-03-16 01:00:00+00:00,2624.91,2612.7670700753247,2644.1202749162285,25.103284242331938,0.009977011999999912,2,5,0.008202185979709684,take_profit
2022-03-16 02:00:00+00:00,2022-03-16 02:00:00+00:00,2643.63,2643.63,2675.35356,7.732211564522004,0.009977011999999914,1,1,0.0007792315868710619,take_profit
2022-03-16 03:00:00+00:00,2022-03-16 03:00:00+00:00,2691.14,2651.4484141043445,2683.2657950735966,94.83847285703814,0.009977012000000045,5,1,0.03172633159181598,take_profit
2022-03-16 04:00:00+00:00,2022-03-16 08:00:00+00:00,2620.41,2620.41,2651.8549199999998,7.783379011988018,0.009977011999999797,1,5,0.005323594399349651,take_profit
2022-03-16 09:00:00+00:00,2022-03-16 14:00:00+00:00,2675.18,2675.18,2707.2821599999997,7.787261755278223,0.009977011999999858,1,6,0.004908080951562009,take_profit
2022-03-16 15:00:00+00:00,2022-03-16 18:00:00+00:00,2711.25,2671.2618119980393,2703.316953742016,95.51368407936934,0.009977011999999933,5,4,0.028894421392346756,take_profit
2022-03-16 19:00:00+00:00,2022-03-16 19:00:00+00:00,2676.37,2676.37,2708.48644,7.838793494088577,0.009977012000000078,1,1,0.0023800894495155343,take_profit
2022-03-16 20:00:00+00:00,2022-03-16 20:00:00+00:00,2753.16,2753.16,2786.19792,7.842703880926251,0.009977011999999917,1,1,0.004485754551133937,take_profit
2022-03-16 21:00:00+00:00,2022-03-17 12:00:00+00:00,2772.82,2759.9928329909458,2793.112746986837,25.516033480779697,0.009977012000000085,2,16,0.010797671684422376,take_profit
2022-03-17 13:00:00+00:00,2022-03-17 19:00:00+00:00,2806.51,2793.526981815415,2827.0493055972,25.55742529041254,0.009977012000000033,2,7,0.011523208540144216,take_profit
2022-03-17 20:00:00+00:00,2022-03-18 14:00:00+00:00,2828.78,2790.5137684571228,2823.999933678608,87.64264925003226,0.009977011999999813,4,19,0.022338251825875483,take_profit
2022-03-18 15:00:00+00:00,2022-03-18 15:00:00+00:00,2844.49,2844.49,2878.6238799999996,7.915814832178967,0.009977011999999967,1,1,0.0007242071513698222,take_profit
2022-03-18 16:00:00+00:00,2022-03-18 17:00:00+00:00,2896.66,2896.66,2931.41992,7.919763641157488,0.009977011999999967,1,2,0.005061001291142162,take_profit
2022-03-18 18:00:00+00:00,2022-03-18 20:00:00+00:00,2935.41,2935.41,2970.63492,7.9237144200017156,0.00997701199999994,1,3,0.004530883249699268,take_profit
2022-03-18 21:00:00+00:00,2022-03-19 12:00:00+00:00,2947.58,2933.9443868218823,2969.151719463745,25.779599166635762,0.00997701199999995,2,16,0.009207553314922708,take_profit
2022-03-19 13:00:00+00:00,2022-03-20 00:00:00+00:00,2971.32,2927.496043236889,2962.6259957557318,97.34498329431153,0.009977012000000297,5,12,0.02707887403578209,take_profit
2022-03-20 01:00:00+00:00,2022-03-21 13:00:00+00:00,2939.48,2896.1256509477166,2930.8791587590895,97.94030032023875,0.00997701200000031,5,37,0.041595792453086936,take_profit
2022-03-21 14:00:00+00:00,2022-03-21 15:00:00+00:00,2914.11,2900.629220269345,2935.4367709125772,26.13820802139844,0.00997701200000016,2,2,0.007316127393955671,take_profit
2022-03-21 16:00:00+00:00,2022-03-22 02:00:00+00:00,2955.0,2915.0263314187737,2950.006647395799,89.63429498914593,0.009977012000000342,4,11,0.024490693739424668,take_profit
2022-03-22 03:00:00+00:00,2022-03-22 03:00:00+00:00,2963.99,2963.99,2999.55788,8.09569870169912,0.009977012000000092,1,1,0.0,take_profit
2022-03-22 04:00:00+00:00,2022-03-22 04:00:00+00:00,3006.91,3006.91,3042.9929199999997,8.099737245853703,0.009977011999999872,1,1,9.977019598107474e-06,take_profit
2022-03-22 05:00:00+00:00,2022-03-22 08:00:00+00:00,3027.73,2986.7724786553513,3022.6137483992156,90.22205955831487,0.00997701200000039,4,4,0.020639224765748674,take_profit
2022-03-22 09:00:00+00:00,2022-03-23 14:00:00+00:00,3013.62,2969.172161133622,3004.8022270672254,99.89806959568523,0.009977012000000172,5,30,0.030849941266649347,take_profit
2022-03-23 15:00:00+00:00,2022-03-23 15:00:00+00:00,3003.22,3003.22,3039.25864,8.198619345139377,0.009977012000000101,1,1,0.0023374910928936217,take_profit
2022-03-23 16:00:00+00:00,2022-03-23 23:00:00+00:00,3031.59,2990.580262628033,3026.467225779569,91.32349610868005,0.00997701199999973,4,8,0.02607212716759191,take_profit
2022-03-24 00:00:00+00:00,2022-03-24 00:00:00+00:00,3035.99,3035.9900000000002,3072.4218800000003,8.248266012146814,0.009977012000000136,1,1,0.0022068583888615635,take_profit
2022-03-24 01:00:00+00:00,2022-03-24 06:00:00+00:00,3048.35,3020.6664170861486,3056.9144140911826,54.710227368987944,0.009977012000000155,3,6,0.016153000803713412,take_profit
2022-03-24 07:00:00+00:00,2022-03-24 14:00:00+00:00,3056.87,3029.1090427274216,3065.458351240151,54.891164743990885,0.009977012000000023,3,8,0.017838508016369603,take_profit
2022-03-24 15:00:00+00:00,2022-03-24 15:00:00+00:00,3078.56,3078.5599999999995,3115.5027199999995,8.307055384812202,0.009977011999999985,1,1,0.0021341146510057184,take_profit
2022-03-24 16:00:00+00:00,2022-03-25 01:00:00+00:00,3114.68,3100.2713760937377,3137.4746326068625,27.026789044153247,0.009977011999999981,2,10,0.009480909756379387,take_profit
2022-03-25 02:00:00+00:00,2022-03-25 10:00:00+00:00,3124.06,3109.60798386974,3146.923279676177,27.070631583705563,0.009977011999999882,2,9,0.008761035319424048,take_profit
2022-03-25 11:00:00+00:00,2022-03-25 12:00:00+00:00,3147.56,3147.5600000000004,3185.3307200000004,8.338185895113838,0.009977012000000021,1,2,0.0019125926114196335,take_profit
2022-03-25 13:00:00+00:00,2022-03-27 15:00:00+00:00,3183.15,3136.2017655552086,3173.836186741871,102.2709751397706,0.009977011999999957,5,51,0.033661624491462885,take_profit
2022-03-27 16:00:00+00:00,2022-03-27 20:00:00+00:00,3170.5,3170.5,3208.546,8.393363341461622,0.009977012000000065,1,5,0.0017347421542343478,take_profit
2022-03-27 21:00:00+00:00,2022-03-27 21:00:00+00:00,3238.35,3238.35,3277.2102,8.397550375800506,0.009977012000000039,1,1,0.004588756619883622,take_profit
2022-03-27 22:00:00+00:00,2022-03-28 00:00:00+00:00,3277.18,3277.1800000000003,3316.5061600000004,8.401739498843995,0.009977012000000026,1,3,0.004644236813357765,take_profit
2022-03-28 01:00:00+00:00,2022-03-28 05:00:00+00:00,3291.39,3291.3899999999994,3330.8866799999996,8.405930711634028,0.009977012000000016,1,5,0.002239175545893951,take_profit
2022-03-28 06:00:00+00:00,2022-03-28 13:00:00+00:00,3323.87,3323.87,3363.75644,8.410124015213228,0.009977012000000186,1,8,0.00644128681326281,take_profit
2022-03-28 14:00:00+00:00,2022-03-28 17:00:00+00:00,3378.51,3347.8280698704957,3388.0020067089417,55.783821277842435,0.009977012000000174,3,4,0.013390518305406891,take_profit
2022-03-28 18:00:00+00:00,2022-03-28 19:00:00+00:00,3386.01,3386.01,3426.6421200000004,8.442147203339005,0.00997701200000015,1,2,0.0029208419349028287,take_profit
2022-03-28 20:00:00+00:00,2022-03-28 21:00:00+00:00,3409.83,3378.8636373686954,3419.4100010171196,55.99622906159311,0.009977011999999811,3,2,0.013716226322133356,take_profit
2022-03-28 22:00:00+00:00,2022-03-29 01:00:00+00:00,3380.77,3350.067545686138,3390.268356234372,56.18141949460278,0.00997701199999985,3,4,0.019294421093419552,take_profit
2022-03-29 02:00:00+00:00,2022-03-29 09:00:00+00:00,3388.58,3388.5800000000004,3429.2429600000005,8.50231846082545,0.00997701200000006,1,8,0.006285818838569468,take_profit
2022-03-29 10:00:00+00:00,2022-03-29 11:00:00+00:00,3426.79,3426.79,3467.91148,8.506559847490962,0.009977011999999987,1,2,0.0034347012802068357,take_profit
2022-03-29 12:00:00+00:00,2022-03-31 16:00:00+00:00,3464.92,3397.0510550706963,3291.674,-392.1355566638522,-0.03295714712017098,6,53,0.0570431640557358,stop_loss
2022-03-31 17:00:00+00:00,2022-03-31 19:00:00+00:00,3271.53,3271.53,3310.78836,8.31518629225161,0.009977011999999853,1,3,0.003111693916913582,take_profit
2022-03-31 20:00:00+00:00,2022-04-01 07:00:00+00:00,3283.55,3239.1318817360784,3278.0014643169116,92.6219221842075,0.00997701200000012,4,12,0.022192444153431603,take_profit
2022-04-01 08:00:00+00:00,2022-04-01 13:00:00+00:00,3279.41,3279.41,3318.7629199999997,8.365538829377442,0.009977011999999957,1,6,0.005241796542670802,take_profit
2022-04-01 14:00:00+00:00,2022-04-01 14:00:00+00:00,3349.21,3349.21,3389.40052,8.369711983441903,0.009977012000000078,1,1,0.00014928893679404994,take_profit
2022-04-01 15:00:00+00:00,2022-04-01 17:00:00+00:00,3422.07,3422.07,3463.13484,8.373887219286644,0.009977012000000047,1,3,0.005131397078376522,take_profit
2022-04-01 18:00:00+00:00,2022-04-02 00:00:00+00:00,3469.71,3453.65899429354,3495.1029022250627,27.244224682668573,0.009977012000000235,2,7,0.012479429116554462,take_profit
2022-04-02 01:00:00+00:00,2022-04-02 12:00:00+00:00,3511.32,3479.4319561870966,3521.185139661342,55.6335668557258,0.009977012000000132,3,12,0.018887483909185196,take_profit
2022-04-02 13:00:00+00:00,2022-04-03 06:00:00+00:00,3508.37,3456.625100363139,3498.104601567497,103.21570761442126,0.009977012000000174,5,18,0.027437242936178274,take_profit
2022-04-03 07:00:00+00:00,2022-04-03 22:00:00+00:00,3505.19,3488.9748625123634,3530.8425608625116,27.54610336991209,0.009977011999999832,2,16,0.009982340472271185,take_profit
2022-04-03 23:00:00+00:00,2022-04-04 22:00:00+00:00,3544.47,3492.1926619724077,3534.098973916077,104.01538654789692,0.009977012000000141,5,24,0.03907495337807909,take_profit
2022-04-04 23:00:00+00:00,2022-04-05 12:00:00+00:00,3527.16,3510.843228486647,3552.973347228487,27.759520872668872,0.009977012000000087,2,14,0.007598180972793899,take_profit
2022-04-05 13:00:00+00:00,2022-04-06 00:00:00+00:00,3508.49,3433.049449325973,3333.0654999999997,-386.32505818075333,-0.03106472797279756,7,12,0.06854515760341337,stop_loss
2022-04-06 01:00:00+00:00,2022-04-06 05:00:00+00:00,3324.49,3324.49,3364.38388,8.357656286415704,0.009977012000000016,1,5,0.0005053406687942621,take_profit
2022-04-06 06:00:00+00:00,2022-04-06 16:00:00+00:00,3368.5,3302.5196769350064,3200.075,-385.2713974904218,-0.032957147120170935,6,11,0.05536588986195636,stop_loss
2022-04-06 17:00:00+00:00,2022-04-06 18:00:00+00:00,3211.88,3197.0217253290725,3235.3859860330213,26.566435030854336,0.009977011999999886,2,2,0.012646798759604932,take_profit
2022-04-06 19:00:00+00:00,2022-04-07 07:00:00+00:00,3237.99,3190.2329311688445,3228.5157263428705,100.31611265759238,0.009977011999999771,5,13,0.0292897754471137,take_profit
2022-04-07 08:00:00+00:00,2022-04-07 11:00:00+00:00,3225.11,3210.1905228638825,3248.712809138249,26.772262408516326,0.009977012000000141,2,4,0.00677806338388462,take_profit
2022-04-07 12:00:00+00:00,2022-04-07 19:00:00+00:00,3251.66,3203.7013125316907,3242.145728282071,101.09332655105027,0.009977012000000285,5,8,0.028311693104445097,take_profit
2022-04-07 20:00:00+00:00,2022-04-07 23:00:00+00:00,3217.95,3217.95,3256.5654,8.29671390128351,0.009977011999999928,1,4,0.006323901862987278,take_profit
2022-04-08 00:00:00+00:00,2022-04-08 02:00:00+00:00,3227.2,3227.1999999999994,3265.9263999999994,8.300852721991191,0.009977011999999926,1,3,0.0033372583044124883,take_profit
2022-04-08 03:00:00+00:00,2022-04-08 08:00:00+00:00,3262.44,3262.44,3301.58928,8.30499360735223,0.00997701200000012,1,6,0.00542232194308556,take_profit
2022-04-08 09:00:00+00:00,2022-04-08 14:00:00+00:00,3291.96,3247.4281157283726,3286.397253117113,92.50838701680914,0.009977011999999855,4,6,0.02490005953899812,take_profit
2022-04-08 15:00:00+00:00,2022-04-10 17:00:00+00:00,3290.92,3242.382267345537,3281.2908545536834,102.4295979235194,0.009977011999999884,5,51,0.03567391489309983,take_profit
2022-04-10 18:00:00+00:00,2022-04-11 09:00:00+00:00,3295.73,3224.8642754082503,3130.9435,-379.81911950284484,-0.03106472797279758,7,16,0.06667111686940375,stop_loss
2022-04-11 10:00:00+00:00,2022-04-12 12:00:00+00:00,3080.81,3035.3711767714813,3071.795630892739,100.73321153131656,0.009977012000000144,5,27,0.04245961289401162,take_profit
2022-04-12 13:00:00+00:00,2022-04-13 13:00:00+00:00,3079.75,3034.326810696528,3070.738732424886,101.3492493986123,0.0099770119999998,5,25,0.036603620423735696,take_profit
2022-04-13 14:00:00+00:00,2022-04-13 15:00:00+00:00,3079.11,3079.11,3116.0593200000003,8.317717450375426,0.009977012000000111,1,2,0.005774395848150991,take_profit
2022-04-13 16:00:00+00:00,2022-04-13 22:00:00+00:00,3093.43,3079.11967937305,3116.0691155255267,27.06147779767707,0.009977012000000122,2,7,0.007877986571540294,take_profit
2022-04-13 23:00:00+00:00,2022-04-16 22:00:00+00:00,3122.91,3076.850244465393,3060.99,-73.16329048596162,-0.007143397217634861,5,72,0.04694659788466516,time_stop
2022-04-16 23:00:00+00:00,2022-04-18 04:00:00+00:00,3060.98,3015.8336491617365,2907.931,-384.49908655591753,-0.03770619220405097,5,30,0.05224470594384807,stop_loss
2022-04-18 05:00:00+00:00,2022-04-18 12:00:00+00:00,2912.28,2898.8076859164576,2933.593378147455,26.362962079600038,0.009977012000000117,2,8,0.00997843613938234,take_profit
2022-04-18 13:00:00+00:00,2022-04-18 17:00:00+00:00,2941.18,2914.469681173565,2949.4433173476477,53.83400080030151,0.009977011999999886,3,5,0.015701181158582555,take_profit
2022-04-18 18:00:00+00:00,2022-04-18 18:00:00+00:00,2984.72,2984.7199999999993,3020.5366399999994,8.147067534818348,0.00997701199999995,1,1,0.0012999544345867133,take_profit
2022-04-18 19:00:00+00:00,2022-04-18 21:00:00+00:00,3014.42,3000.475182530625,3036.4808847209924,26.506272727467604,0.009977012000000193,2,3,0.00857544734973889,take_profit
2022-04-18 22:00:00+00:00,2022-04-19 00:00:00+00:00,3042.55,3042.55,3079.0606000000002,8.164354374400205,0.009977011999999962,1,3,0.003487206455111708,take_profit
2022-04-19 01:00:00+00:00,2022-04-19 13:00:00+00:00,3059.44,3045.2869183595826,3081.8303613798976,26.562515011281448,0.009977011999999797,2,13,0.009511544596396696,take_profit
2022-04-19 14:00:00+00:00,2022-04-20 10:00:00+00:00,3094.29,3079.975700981511,3116.9354093932893,26.605604410954584,0.009977011999999891,2,21,0.008913191717647644,take_profit
2022-04-20 11:00:00+00:00,2022-04-20 11:00:00+00:00,3126.37,3126.37,3163.8864399999998,8.194950115753159,0.009977011999999983,1,1,0.003556840681045395,take_profit
2022-04-20 12:00:00+00:00,2022-04-20 13:00:00+00:00,3152.78,3110.1308687548153,3147.452439179873,91.28262497642754,0.00997701200000003,4,2,0.02090853151821569,take_profit
2022-04-20 14:00:00+00:00,2022-04-21 01:00:00+00:00,3103.0,3061.0242661226566,3097.7565573161287,91.78959681002198,0.009977011999999976,4,12,0.0214469867869804,take_profit
2022-04-21 02:00:00+00:00,2022-04-21 10:00:00+00:00,3100.43,3086.0872971163353,3123.1203446817312,26.959035068120556,0.009977012000000169,2,9,0.010892037556080925,take_profit
2022-04-21 11:00:00+00:00,2022-04-21 12:00:00+00:00,3128.65,3128.6499999999996,3166.1937999999996,8.303812390036,0.00997701199999995,1,2,0.0007191600210953606,take_profit
2022-04-21 13:00:00+00:00,2022-04-21 20:00:00+00:00,3162.21,3115.570609319804,3004.0995,-384.92005090952625,-0.037706192204050956,5,8,0.053282356326746244,stop_loss
2022-04-21 21:00:00+00:00,2022-04-21 22:00:00+00:00,3001.08,2973.8256994731246,3009.511607866802,53.80565742492854,0.00997701199999999,3,2,0.019582950137950333,take_profit
2022-04-21 23:00:00+00:00,2022-04-22 05:00:00+00:00,2983.31,2983.31,3019.10972,8.142778137970708,0.009977012000000047,1,7,0.004853669246575119,take_profit
2022-04-22 06:00:00+00:00,2022-04-22 07:00:00+00:00,3012.2,2998.26545233204,3034.2446377600245,26.49231728617542,0.009977012000000023,2,2,0.008684682292012434,take_profit
2022-04-22 08:00:00+00:00,2022-04-25 00:00:00+00:00,3019.9,2960.747861771122,2868.9049999999997,-375.97485475841313,-0.032957147120170956,6,65,0.05579654955462101,stop_loss
2022-04-25 01:00:00+00:00,2022-04-25 11:00:00+00:00,2856.55,2817.908110664737,2851.7230079927135,88.76050661568297,0.009977012000000134,4,11,0.020843324989935397,take_profit
2022-04-25 12:00:00+00:00,2022-04-25 13:00:00+00:00,2861.73,2848.4915320703035,2882.6734304551474,26.0693770718799,0.009977012000000087,2,2,0.006894430991043885,take_profit
2022-04-25 14:00:00+00:00,2022-04-25 14:00:00+00:00,2857.12,2857.12,2891.40544,8.029783550598268,0.00997701199999985,1,1,0.004161533292266294,take_profit
2022-04-25 15:00:00+00:00,2022-04-25 16:00:00+00:00,2871.2,2871.2,2905.6544,8.033789212940405,0.009977011999999915,1,2,0.0025494566731679123,take_profit
2022-04-25 17:00:00+00:00,2022-04-25 18:00:00+00:00,2923.71,2923.71,2958.79452,8.037796873509478,0.009977011999999822,1,2,0.001388646616798501,take_profit
2022-04-25 19:00:00+00:00,2022-04-25 19:00:00+00:00,2960.13,2960.13,2995.6515600000002,8.041806533302633,0.009977011999999978,1,1,0.0024323256073213923,take_profit
2022-04-25 20:00:00+00:00,2022-04-26 00:00:00+00:00,3012.41,2998.4744808643377,3034.45617463471,26.163808791600786,0.009977011999999999,2,5,0.007442546001374339,take_profit
2022-04-26 01:00:00+00:00,2022-04-26 15:00:00+00:00,3011.01,2966.600655986802,2860.4595,-373.37958053095645,-0.037706192204050804,5,15,0.0522250009133148,stop_loss
2022-04-26 16:00:00+00:00,2022-04-26 16:00:00+00:00,2859.76,2846.5306453625503,2880.689013106901,25.600559447370415,0.009977011999999884,2,1,0.008165020840909852,take_profit
2022-04-26 17:00:00+00:00,2022-04-27 06:00:00+00:00,2882.01,2839.5032751669783,2873.577314468982,96.66892086338157,0.00997701199999986,5,14,0.03990617659203133,take_profit
2022-04-27 07:00:00+00:00,2022-04-27 08:00:00+00:00,2869.7,2869.7,2904.1364,7.933603600869901,0.00997701199999995,1,2,0.0009931351709237582,take_profit
2022-04-27 09:00:00+00:00,2022-04-27 13:00:00+00:00,2885.64,2872.2909235334396,2906.758414615841,25.811773359868766,0.00997701200000016,2,5,0.010337394824025148,take_profit
2022-04-27 14:00:00+00:00,2022-04-27 14:00:00+00:00,2904.73,2861.888178207493,2896.2308363459833,97.4664745666305,0.009977011999999922,5,1,0.02884949719939553,take_profit
2022-04-27 15:00:00+00:00,2022-04-27 16:00:00+00:00,2842.7,2842.7,2876.8124,7.999058711731436,0.009977011999999943,1,2,0.0026981390931155656,take_profit
2022-04-27 17:00:00+00:00,2022-04-27 21:00:00+00:00,2881.38,2855.2127547242567,2889.475307780948,53.05725108916704,0.009977012000000085,3,5,0.01473252399891728,take_profit
2022-04-27 22:00:00+00:00,2022-04-28 07:00:00+00:00,2887.54,2887.54,2922.19048,8.029516688509602,0.009977012000000196,1,10,0.006257921968180584,take_profit
2022-04-28 08:00:00+00:00,2022-04-28 08:00:00+00:00,2900.27,2900.27,2935.07324,8.033522217727295,0.009977012000000096,1,1,0.00018618956166148795,take_profit
2022-04-28 09:00:00+00:00,2022-04-28 15:00:00+00:00,2931.14,2891.48909681043,2926.186965972155,89.48449782884381,0.00997701200000011,4,7,0.026375403426653093,take_profit
2022-04-28 16:00:00+00:00,2022-04-28 16:00:00+00:00,2889.53,2889.53,2924.20436,8.082169140538213,0.00997701199999994,1,1,0.0048104709070333545,take_profit
2022-04-28 17:00:00+00:00,2022-04-28 17:00:00+00:00,2934.71,2934.71,2969.92652,8.086200935463353,0.009977012000000039,1,1,0.0023886516896048393,take_profit
2022-04-28 18:00:00+00:00,2022-04-29 16:00:00+00:00,2971.19,2912.9919664279414,2822.6304999999998,-372.75784359043064,-0.03295714712017103,6,23,0.05481642035682669,stop_loss
2022-04-29 17:00:00+00:00,2022-04-30 00:00:00+00:00,2815.94,2790.3670479208654,2823.851452495916,52.40247718230512,0.009977012000000122,3,8,0.013959814484683603,take_profit
2022-04-30 01:00:00+00:00,2022-05-01 15:00:00+00:00,2826.25,2784.5656786203626,2817.980466763807,97.22113948124934,0.009977011999999685,5,39,0.041394073418841146,take_profit
2022-05-01 16:00:00+00:00,2022-05-01 20:00:00+00:00,2805.76,2780.2794975654483,2813.6428515362336,52.89731161710006,0.009977012000000042,3,5,0.018055713959854124,take_profit
2022-05-01 21:00:00+00:00,2022-05-01 23:00:00+00:00,2813.18,2800.166126150803,2833.7681196646126,26.032088503266095,0.00997701200000009,2,3,0.0070880640414051205,take_profit
2022-05-02 00:00:00+00:00,2022-05-02 04:00:00+00:00,2824.81,2824.81,2858.70772,8.018298077276313,0.00997701199999992,1,5,0.0007858935645228528,take_profit
2022-05-02 05:00:00+00:00,2022-05-02 14:00:00+00:00,2856.82,2814.6848021216188,2848.4610197470784,98.34743116065147,0.009977012000000186,5,10,0.027317086830811868,take_profit
2022-05-02 15:00:00+00:00,2022-05-02 19:00:00+00:00,2827.99,2802.3076158759513,2835.9353072664626,53.51011869028025,0.0099770119999999,3,5,0.016969649821958276,take_profit
2022-05-02 20:00:00+00:00,2022-05-02 22:00:00+00:00,2841.72,2841.72,2875.82064,8.098052239940785,0.009977011999999893,1,3,0.006207508128879648,take_profit
2022-05-02 23:00:00+00:00,2022-05-04 10:00:00+00:00,2861.91,2819.6997297834246,2853.5361265408255,99.32564585743785,0.009977011999999985,5,36,0.03728978199873504,take_profit
2022-05-04 11:00:00+00:00,2022-05-04 16:00:00+00:00,2864.54,2838.5256871422102,2872.5879953879166,54.04235815919219,0.009977012000000042,3,6,0.013408784656524208,take_profit
2022-05-04 17:00:00+00:00,2022-05-04 18:00:00+00:00,2857.86,2844.63943483223,2878.775108050217,26.59559451165933,0.009977011999999976,2,2,0.010913760646077852,take_profit
2022-05-04 19:00:00+00:00,2022-05-05 15:00:00+00:00,2935.0,2871.890794550286,2788.25,-370.1268708562129,-0.031064727972797655,7,21,0.07038841567291317,stop_loss
2022-05-05 16:00:00+00:00,2022-05-05 18:00:00+00:00,2742.85,2717.9408145733732,2750.556104348254,53.08496193789961,0.009977011999999983,3,3,0.014069307472154763,take_profit
2022-05-05 19:00:00+00:00,2022-05-05 20:00:00+00:00,2729.0,2704.216593313792,2736.667192433558,53.26052424365298,0.009977011999999908,3,2,0.016855991205569805,take_profit
2022-05-05 21:00:00+00:00,2022-05-07 21:00:00+00:00,2756.44,2715.7853053255417,2618.618,-373.4448792382609,-0.037706192204050866,5,49,0.05094977579776815,stop_loss
2022-05-07 22:00:00+00:00,2022-05-07 22:00:00+00:00,2621.56,2597.752309405535,2628.9253371184013,52.20161223586183,0.009977011999999768,3,1,0.014041257876989253,take_profit
2022-05-07 23:00:00+00:00,2022-05-07 23:00:00+00:00,2602.95,2602.95,2634.1854,7.900027008759707,0.009977012000000007,1,1,0.001198640004610112,take_profit
2022-05-08 00:00:00+00:00,2022-05-08 17:00:00+00:00,2635.35,2583.7302154106183,2503.5825,-364.175594397675,-0.03295714712017064,6,18,0.05743070180431439,stop_loss
2022-05-08 18:00:00+00:00,2022-05-08 18:00:00+00:00,2529.49,2529.49,2559.84388,7.7222987282025315,0.00997701200000017,1,1,0.0066060747423392,take_profit
2022-05-08 19:00:00+00:00,2022-05-09 02:00:00+00:00,2562.08,2511.8953878229604,2433.9759999999997,-355.9826727606469,-0.032957147120171316,6,8,0.053956160619496575,stop_loss
2022-05-09 03:00:00+00:00,2022-05-09 03:00:00+00:00,2442.26,2442.26,2471.56712,7.5485688316599635,0.009977011999999832,1,1,0.003021791291672512,take_profit
2022-05-09 04:00:00+00:00,2022-05-09 07:00:00+00:00,2457.56,2435.2416749960585,2464.4645750960112,50.069180174646135,0.00997701200000025,3,4,0.01371685737072545,take_profit
2022-05-09 08:00:00+00:00,2022-05-09 08:00:00+00:00,2447.86,2436.5361098683707,2465.774543186791,24.6402943693447,0.009977011999999825,2,1,0.007247146487135798,take_profit
2022-05-09 09:00:00+00:00,2022-05-09 16:00:00+00:00,2463.96,2415.6973083511284,2340.7619999999997,-349.6912329958195,-0.032957147120171115,6,8,0.05800824688712472,stop_loss
2022-05-09 17:00:00+00:00,2022-05-09 17:00:00+00:00,2328.19,2293.8515585341506,2321.3777772365606,90.90436428624889,0.009977011999999884,5,1,0.03358402879490078,take_profit
2022-05-09 18:00:00+00:00,2022-05-09 18:00:00+00:00,2299.87,2268.758581671774,2295.9836846518356,83.06031484297273,0.009977012000000172,4,1,0.024018748885806494,take_profit
2022-05-09 19:00:00+00:00,2022-05-09 19:00:00+00:00,2285.05,2254.13905875075,2281.188727455759,83.52162103487717,0.009977012000000177,4,1,0.026279512483315542,take_profit
2022-05-09 20:00:00+00:00,2022-05-09 20:00:00+00:00,2270.68,2270.68,2297.92816,7.543606819886918,0.009977012000000163,1,1,0.003091584899677622,take_profit
2022-05-09 21:00:00+00:00,2022-05-09 21:00:00+00:00,2290.99,2280.391796241345,2307.7564977962415,24.542928957217555,0.009977012000000058,2,1,0.00786996014823275,take_profit
2022-05-09 22:00:00+00:00,2022-05-09 22:00:00+00:00,2276.45,2276.45,2303.7673999999997,7.55961320751112,0.009977011999999995,1,1,0.005609611456434353,take_profit
2022-05-09 23:00:00+00:00,2022-05-09 23:00:00+00:00,2293.37,2259.545118222939,2286.6596596416143,92.72148931876109,0.009977011999999811,5,1,0.029742257027867303,take_profit
2022-05-10 00:00:00+00:00,2022-05-10 00:00:00+00:00,2229.0,2218.6885642547363,2245.312827025793,24.745417034083857,0.009977011999999966,2,1,0.01301031852848811,take_profit
2022-05-10 01:00:00+00:00,2022-05-10 01:00:00+00:00,2288.98,2288.98,2316.44776,7.621982761809591,0.009977011999999829,1,1,0.006159948972904923,take_profit
2022-05-10 02:00:00+00:00,2022-05-10 02:00:00+00:00,2310.88,2310.88,2338.61056,7.625784992483659,0.009977012000000026,1,1,0.004790382884442361,take_profit
2022-05-10 03:00:00+00:00,2022-05-10 03:00:00+00:00,2322.64,2311.8953821806285,2339.638126766796,24.81029350842391,0.009977011999999947,2,1,0.00974752867426716,take_profit
2022-05-10 04:00:00+00:00,2022-05-10 04:00:00+00:00,2300.78,2300.78,2328.38936,7.641965749705378,0.009977011999999888,1,1,0.0012560957588297565,take_profit
2022-05-10 05:00:00+00:00,2022-05-10 05:00:00+00:00,2344.63,2344.63,2372.7655600000003,7.645777948904879,0.009977011999999993,1,1,0.0008060973373198873,take_profit
2022-05-10 06:00:00+00:00,2022-05-10 06:00:00+00:00,2405.0,2405.0,2433.86,7.649592049822104,0.009977011999999924,1,1,0.0050311850311849935,take_profit
2022-05-10 07:00:00+00:00,2022-05-10 11:00:00+00:00,2398.15,2376.371206762724,2404.8876612438767,50.73926079850753,0.009977012000000252,3,5,0.013635510706169453,take_profit
2022-05-10 12:00:00+00:00,2022-05-10 12:00:00+00:00,2402.0,2402.0,2430.824,7.678719364098811,0.00997701199999993,1,1,0.004304746044962592,take_profit
2022-05-10 13:00:00+00:00,2022-05-10 13:00:00+00:00,2444.99,2422.785829419673,2451.859259372709,50.93246043396539,0.009977011999999773,3,1,0.01840089325518705,take_profit
2022-05-10 14:00:00+00:00,2022-05-10 14:00:00+00:00,2425.76,2389.982499980586,2418.662289980353,94.49385040992274,0.00997701200000008,5,1,0.03411714266868949,take_profit
2022-05-10 15:00:00+00:00,2022-05-10 15:00:00+00:00,2357.89,2336.476827852202,2364.5145497864282,51.41341356112298,0.009977011999999978,3,1,0.015598692050943745,take_profit
2022-05-10 16:00:00+00:00,2022-05-10 16:00:00+00:00,2361.99,2340.5395937124385,2368.626068836988,51.583447730913576,0.009977012000000025,3,1,0.013751116643169347,take_profit
2022-05-10 17:00:00+00:00,2022-05-10 17:00:00+00:00,2353.52,2353.52,2381.76224,7.8064759463347855,0.009977011999999999,1,1,0.0006415921683264912,take_profit
2022-05-10 18:00:00+00:00,2022-05-10 21:00:00+00:00,2400.38,2353.362678379472,2280.361,-359.86307575345745,-0.03295714712017097,6,4,0.057578383422624765,stop_loss
2022-05-10 22:00:00+00:00,2022-05-10 22:00:00+00:00,2263.92,2263.92,2291.08704,7.630852300287074,0.009977012000000039,1,1,0.001435563094102265,take_profit
2022-05-10 23:00:00+00:00,2022-05-10 23:00:00+00:00,2320.16,2320.16,2348.0019199999997,7.634658955535656,0.009977012000000132,1,1,0.0031075443072891683,take_profit
2022-05-11 00:00:00+00:00,2022-05-11 00:00:00+00:00,2342.04,2342.04,2370.14448,7.638467509736415,0.009977012000000127,1,1,0.005439702140014595,take_profit
2022-05-11 01:00:00+00:00,2022-05-11 02:00:00+00:00,2355.37,2333.97971322591,2361.9874697846208,50.665472426916494,0.009977011999999917,3,2,0.015016748960885081,take_profit
2022-05-11 03:00:00+00:00,2022-05-11 05:00:00+00:00,2377.27,2355.68082843059,2383.9489983717567,50.833033009737846,0.00997701199999988,3,3,0.014626020603465312,take_profit
2022-05-11 06:00:00+00:00,2022-05-11 06:00:00+00:00,2380.92,2345.8038445080215,2373.9534906421177,94.3093849418965,0.009977012000000025,5,1,0.04245417737681229,take_profit
2022-05-11 07:00:00+00:00,2022-05-11 07:00:00+00:00,2293.85,2283.238565776459,2310.6374285657766,25.169193007590366,0.00997701199999996,2,1,0.011404407437277875,take_profit
2022-05-11 08:00:00+00:00,2022-05-11 08:00:00+00:00,2315.13,2304.420123716047,2332.0731652006393,25.210022176684106,0.009977012000000002,2,1,0.010405463192131821,take_profit
2022-05-11 09:00:00+00:00,2022-05-11 09:00:00+00:00,2377.97,2366.969423571483,2395.3730566543404,25.25091757837572,0.009977011999999886,2,1,0.007851234456279776,take_profit
2022-05-11 10:00:00+00:00,2022-05-11 11:00:00+00:00,2436.07,2413.9468363774017,2442.9141984139305,51.56317082345413,0.00997701199999991,3,2,0.01672776233852065,take_profit
2022-05-11 12:00:00+00:00,2022-05-11 12:00:00+00:00,2410.22,2338.420867451674,2289.709,-298.7785564025962,-0.02278845373149041,8,1,0.11667814556347546,stop_loss
2022-05-11 13:00:00+00:00,2022-05-11 13:00:00+00:00,2174.48,2164.420775774176,2190.3938250834663,24.890849427042667,0.009977011999999818,2,1,0.008038703506125611,take_profit
2022-05-11 14:00:00+00:00,2022-05-11 14:00:00+00:00,2341.07,2309.401249981234,2337.1140649810086,85.35679792001974,0.009977011999999955,4,1,0.022250509382461925,take_profit
2022-05-11 15:00:00+00:00,2022-05-11 15:00:00+00:00,2349.06,2314.4137471985664,2342.1867121649493,94.51102513978549,0.009977011999999908,5,1,0.04216580249120913,take_profit
2022-05-11 16:00:00+00:00,2022-05-11 16:00:00+00:00,2264.53,2231.1304789760884,2257.9040447238017,95.08901098455681,0.00997701199999999,5,1,0.027612793824767255,take_profit
2022-05-11 17:00:00+00:00,2022-05-11 17:00:00+00:00,2209.3,2176.7150654669504,2202.835646252554,95.67053152421067,0.009977012000000238,5,1,0.02847055628479613,take_profit
2022-05-11 18:00:00+00:00,2022-05-11 18:00:00+00:00,2185.22,2175.111092140303,2201.2124252459867,25.532454427045195,0.009977012000000247,2,1,0.009037991598099964,take_profit
2022-05-11 19:00:00+00:00,2022-05-11 19:00:00+00:00,2178.31,2146.182136539769,2171.9363221782464,96.41175309195933,0.009977012000000122,5,1,0.035949887757022625,take_profit
2022-05-11 20:00:00+00:00,2022-05-11 20:00:00+00:00,2117.52,2086.2887273921947,2111.324192120901,97.00136291233866,0.00997701199999998,5,1,0.04133136877101514,take_profit
2022-05-11 21:00:00+00:00,2022-05-11 21:00:00+00:00,2042.84,2024.2879536405817,2048.5794090842687,52.77773279181565,0.009977011999999997,3,1,0.018523232362789018,take_profit
2022-05-11 22:00:00+00:00,2022-05-11 22:00:00+00:00,2097.35,2068.978164535081,2093.8059025095017,88.92433003746737,0.009977012000000023,4,1,0.024817031015328846,take_profit
2022-05-11 23:00:00+00:00,2022-05-11 23:00:00+00:00,2083.73,2064.8066112076767,2089.5842905421687,53.2463691056073,0.009977011999999895,3,1,0.017147135185460696,take_profit
2022-05-12 00:00:00+00:00,2022-05-12 00:00:00+00:00,2084.99,2084.99,2110.0098799999996,8.058137211396229,0.009977011999999867,1,1,0.003664286159645789,take_profit
2022-05-12 01:00:00+00:00,2022-05-12 01:00:00+00:00,2152.25,2120.5064951121367,2145.9525730534824,98.83607307226339,0.009977012000000084,5,1,0.026795214310605213,take_profit
2022-05-12 02:00:00+00:00,2022-05-12 02:00:00+00:00,2104.86,2073.8154495535982,2098.7012349482416,99.44050891563711,0.009977012000000089,5,1,0.02832967513278798,take_profit
2022-05-12 03:00:00+00:00,2022-05-12 03:00:00+00:00,2049.7,2019.4690036154473,2043.7026316588326,100.04864120988532,0.009977012000000077,5,1,0.0381275308581743,take_profit
2022-05-12 04:00:00+00:00,2022-05-12 04:00:00+00:00,1971.56,1932.9421684007661,1872.982,-378.3210350610043,-0.03295714712017074,6,1,0.06165675911460972,stop_loss
2022-05-12 05:00:00+00:00,2022-05-12 05:00:00+00:00,1902.47,1865.2054652749123,1807.3464999999999,-369.62549308804046,-0.03295714712017118,6,1,0.053861558920771435,stop_loss
2022-05-12 06:00:00+00:00,2022-05-12 06:00:00+00:00,1835.29,1826.7998811534658,1848.7214797273075,25.48756983216026,0.00997701200000014,2,1,0.011055473521895703,take_profit
2022-05-12 07:00:00+00:00,2022-05-12 07:00:00+00:00,1846.18,1821.2058587271442,1843.06032903187,87.40309783371595,0.009977012000000311,4,1,0.02501381230432572,take_profit
2022-05-12 08:00:00+00:00,2022-05-12 08:00:00+00:00,1916.3,1890.377312655768,1913.0618404076372,87.88852327784298,0.009977011999999844,4,1,0.02399937379324741,take_profit
2022-05-12 09:00:00+00:00,2022-05-12 09:00:00+00:00,1914.69,1905.8325738415888,1928.7025647276878,25.813271476032696,0.00997701199999997,2,1,0.009343549086275115,take_profit
2022-05-12 10:00:00+00:00,2022-05-12 10:00:00+00:00,1916.08,1907.2161436506124,1930.1027373744198,25.85514546164859,0.009977012000000098,2,1,0.009284581019581628,take_profit
2022-05-12 11:00:00+00:00,2022-05-12 11:00:00+00:00,1979.36,1952.5842705100042,1976.0152817561243,88.66360438326046,0.009977012000000063,4,1,0.02250222294074851,take_profit
2022-05-12 12:00:00+00:00,2022-05-12 12:00:00+00:00,1952.76,1935.026014935669,1958.2463271148972,53.09025103968179,0.009977011999999999,3,1,0.018261332677850878,take_profit
2022-05-12 13:00:00+00:00,2022-05-12 13:00:00+00:00,1959.35,1930.4515744908656,1953.616993384756,98.4971508783292,0.009977012000000077,5,1,0.03883941102916779,take_profit
2022-05-12 14:00:00+00:00,2022-05-12 14:00:00+00:00,1909.12,1900.28834086586,1923.0918009562504,26.286819733601078,0.009977012000000044,2,1,0.009276525310090414,take_profit
2022-05-12 15:00:00+00:00,2022-05-12 15:00:00+00:00,2026.04,1996.1579646216717,2020.1118601971318,99.26027209684617,0.009977012000000078,5,1,0.02864701585358629,take_profit
2022-05-12 16:00:00+00:00,2022-05-12 16:00:00+00:00,1968.23,1968.23,1991.84876,8.146275401623598,0.009977012000000148,1,1,0.0028299538163730543,take_profit
2022-05-12 17:00:00+00:00,2022-05-12 17:00:00+00:00,2026.69,1996.7983777808413,2020.7599583142114,99.91712100942459,0.009977012000000023,5,1,0.047881027685536495,take_profit
2022-05-12 18:00:00+00:00,2022-05-12 18:00:00+00:00,1934.85,1917.2786645559513,1940.2860085306227,54.364175467601854,0.00997701200000001,3,1,0.01796004858257746,take_profit
2022-05-12 19:00:00+00:00,2022-05-12 19:00:00+00:00,1910.62,1910.62,1933.5474399999998,8.22730249331164,0.009977011999999947,1,1,0.002067391736713642,take_profit
2022-05-12 20:00:00+00:00,2022-05-12 23:00:00+00:00,1945.85,1917.1506858004184,1940.1564940300234,100.91094865777995,0.009977012000000004,5,4,0.038980394172212614,take_profit
2022-05-13 00:00:00+00:00,2022-05-13 00:00:00+00:00,1960.22,1951.1519503918437,1974.5657737965457,26.931011636980656,0.00997701199999993,2,1,0.010197834936894842,take_profit
2022-05-13 01:00:00+00:00,2022-05-13 01:00:00+00:00,2013.13,2003.817186791448,2027.8629930329453,26.974698807548975,0.009977011999999934,2,1,0.006914605614143186,take_profit
2022-05-13 02:00:00+00:00,2022-05-13 02:00:00+00:00,2018.69,2018.6900000000003,2042.9142800000004,8.30863707138019,0.009977012000000186,1,1,0.00406699394161562,take_profit
2022-05-13 03:00:00+00:00,2022-05-13 03:00:00+00:00,2065.05,2065.05,2089.8306000000002,8.312781839968238,0.009977011999999955,1,1,0.003820730732912194,take_profit
2022-05-13 04:00:00+00:00,2022-05-13 05:00:00+00:00,2096.46,2086.761699155444,2111.8028395453093,27.045419917345498,0.009977012000000061,2,2,0.012621275865029638,take_profit
2022-05-13 06:00:00+00:00,2022-05-13 06:00:00+00:00,2107.4,2097.6510903142353,2122.822903398006,27.089292679680966,0.009977011999999823,2,1,0.008721647527759375,take_profit
2022-05-13 07:00:00+00:00,2022-05-13 07:00:00+00:00,2094.53,2066.1963119954526,2090.990667739398,92.89579641840646,0.009977011999999816,4,1,0.02417248738380453,take_profit
2022-05-13 08:00:00+00:00,2022-05-13 08:00:00+00:00,2048.17,2048.17,2072.74804,8.390274933817409,0.009977011999999936,1,1,4.882407222052322e-05,take_profit
2022-05-13 09:00:00+00:00,2022-05-13 09:00:00+00:00,2068.87,2068.87,2093.6964399999997,8.394460427502281,0.009977011999999903,1,1,0.0007782025936862503,take_profit
2022-05-13 10:00:00+00:00,2022-05-13 10:00:00+00:00,2076.8,2067.1926470364456,2091.998958800883,27.311159081519236,0.009977011999999917,2,1,0.009394260400616437,take_profit
2022-05-13 11:00:00+00:00,2022-05-13 11:00:00+00:00,2097.04,2087.339016054173,2112.387084246823,27.35546292280469,0.009977012000000044,2,1,0.009556327013313987,take_profit
2022-05-13 12:00:00+00:00,2022-05-13 12:00:00+00:00,2114.99,2105.2059786958835,2130.468450440234,27.399838633260515,0.009977012000000065,2,1,0.008269542645591602,take_profit
2022-05-13 13:00:00+00:00,2022-05-13 13:00:00+00:00,2120.24,2091.5585207875934,2116.6572230370443,93.96073428973978,0.009977011999999815,4,1,0.020761800550881025,take_profit
2022-05-13 14:00:00+00:00,2022-05-13 15:00:00+00:00,2124.73,2095.987782455299,2121.139635844763,94.48257999434463,0.00997701200000006,4,2,0.0209956088538309,take_profit
2022-05-13 16:00:00+00:00,2022-05-13 16:00:00+00:00,2093.62,2074.6067951973696,2099.502076739738,56.57455418904283,0.009977012000000096,3,1,0.018785644004165002,take_profit
2022-05-13 17:00:00+00:00,2022-05-13 17:00:00+00:00,2067.64,2058.0750215323746,2082.7719217907634,27.841751436114464,0.009977012000000169,2,1,0.007951094000889931,take_profit
2022-05-13 18:00:00+00:00,2022-05-13 18:00:00+00:00,2052.01,2042.5173264855816,2067.0275344034085,27.886915998080894,0.009977011999999997,2,1,0.010726068586410504,take_profit
2022-05-13 19:00:00+00:00,2022-05-13 22:00:00+00:00,2076.49,2057.632361249599,2082.323949584594,56.94596281046597,0.009977011999999771,3,4,0.016956498706952507,take_profit
2022-05-13 23:00:00+00:00,2022-05-13 23:00:00+00:00,2058.82,2028.4544928641049,2052.795946778474,105.65056636597728,0.009977012000000037,5,1,0.028079190992898927,take_profit
2022-05-14 00:00:00+00:00,2022-05-14 00:00:00+00:00,2009.69,2009.69,2033.80628,8.670725878275107,0.009977011999999997,1,1,0.004100134846667898,take_profit
2022-05-14 01:00:00+00:00,2022-05-14 01:00:00+00:00,2038.84,2038.84,2063.30608,8.675051275081955,0.009977012000000035,1,1,0.006381079437327104,take_profit
2022-05-14 02:00:00+00:00,2022-05-14 14:00:00+00:00,2059.9,2029.5185639593403,1956.905,-402.12868759584126,-0.03770619220405091,5,13,0.05276469731540368,stop_loss
2022-05-14 15:00:00+00:00,2022-05-14 16:00:00+00:00,1972.94,1963.8131072053563,1987.3788644918207,27.571725689045707,0.009977012000000014,2,2,0.009093028678013551,take_profit
2022-05-14 17:00:00+00:00,2022-05-14 18:00:00+00:00,2008.23,2008.23,2032.32876,8.49253086443423,0.009977012000000098,1,2,0.00409813616966185,take_profit
2022-05-14 19:00:00+00:00,2022-05-14 20:00:00+00:00,2013.75,1995.46213440295,2019.4076800157854,56.33042070261854,0.009977012000000016,3,2,0.013497206703910646,take_profit
2022-05-14 21:00:00+00:00,2022-05-14 21:00:00+00:00,1998.34,1998.34,2022.32008,8.524867832717291,0.009977012000000176,1,1,0.0024770559564437577,take_profit
2022-05-14 22:00:00+00:00,2022-05-14 22:00:00+00:00,2027.75,2027.75,2052.083,8.529120468150495,0.009977012000000094,1,1,0.002633460732338759,take_profit
2022-05-14 23:00:00+00:00,2022-05-15 00:00:00+00:00,2055.84,2046.329608765122,2070.8855640703036,27.749272028007,0.009977012000000141,2,2,0.0068001400887229765,take_profit
2022-05-15 01:00:00+00:00,2022-05-15 10:00:00+00:00,2053.07,2025.2971608277296,2049.6007267576624,95.15902668829222,0.009977012000000134,4,10,0.025517882975251743,take_profit
2022-05-15 11:00:00+00:00,2022-05-15 11:00:00+00:00,2054.88,2054.88,2079.53856,8.594688103573048,0.009977012000000023,1,1,0.0034357237405591434,take_profit
2022-05-15 12:00:00+00:00,2022-05-15 16:00:00+00:00,2080.48,2061.5861260745614,2086.3251595874563,57.0080232159753,0.009977011999999792,3,5,0.01555890948242708,take_profit
2022-05-15 17:00:00+00:00,2022-05-15 19:00:00+00:00,2083.11,2073.4734567450355,2098.355138225976,28.055072372993436,0.009977011999999919,2,3,0.008338493886544803,take_profit
2022-05-15 20:00:00+00:00,2022-05-15 20:00:00+00:00,2104.04,2104.04,2129.28848,8.641409345162742,0.009977012000000021,1,1,0.003569323777114391,take_profit
2022-05-15 21:00:00+00:00,2022-05-15 22:00:00+00:00,2132.28,2132.28,2157.86736,8.645720117399378,0.00997701199999997,1,2,0.006228075112086686,take_profit
2022-05-15 23:00:00+00:00,2022-05-16 01:00:00+00:00,2130.37,2101.5514875345552,2126.77010538497,96.30370117941675,0.009977011999999971,4,3,0.020057548688725443,take_profit
2022-05-16 02:00:00+00:00,2022-05-16 10:00:00+00:00,2093.8,2052.7877985947803,1989.1100000000001,-400.7640674731574,-0.032957147120170796,6,9,0.054303180819562646,stop_loss
2022-05-16 11:00:00+00:00,2022-05-16 12:00:00+00:00,2049.69,2021.9628836703027,2046.2264382743465,94.61276788080795,0.009977011999999808,4,2,0.02187160009562429,take_profit
2022-05-16 13:00:00+00:00,2022-05-16 13:00:00+00:00,2029.77,2011.3366488129482,2035.4726885987036,56.65250847053994,0.009977011999999804,3,1,0.01845529296422749,take_profit
2022-05-16 14:00:00+00:00,2022-05-16 14:00:00+00:00,1994.62,1994.62,2018.5554399999999,8.57361157753246,0.009977011999999853,1,1,0.004822973799520657,take_profit
2022-05-16 15:00:00+00:00,2022-05-16 16:00:00+00:00,1999.05,1989.802321387811,2013.6799492444648,27.89402269739685,0.009977012000000044,2,2,0.009969735624421633,take_profit
2022-05-16 17:00:00+00:00,2022-05-16 17:00:00+00:00,1992.25,1992.25,2016.157,8.591803478771112,0.009977011999999879,1,1,0.0015409712636465988,take_profit
2022-05-16 18:00:00+00:00,2022-05-16 19:00:00+00:00,2021.78,2012.427171574222,2036.5762976331127,27.9532095758168,0.00997701200000005,2,2,0.008205640574147494,take_profit
2022-05-16 20:00:00+00:00,2022-05-16 20:00:00+00:00,2007.14,2007.14,2031.22568,8.610033980460457,0.009977011999999945,1,1,0.0008320296541347752,take_profit
2022-05-16 21:00:00+00:00,2022-05-17 00:00:00+00:00,2035.41,2025.994118694362,2050.3060481186944,28.012522039800842,0.009977012000000035,2,4,0.008548646218697997,take_profit
2022-05-17 01:00:00+00:00,2022-05-17 03:00:00+00:00,2047.45,2037.978421212813,2062.434162267367,28.057963623833984,0.009977012000000013,2,3,0.011116266575496345,take_profit
2022-05-17 04:00:00+00:00,2022-05-17 10:00:00+00:00,2073.48,2073.48,2098.3617600000002,8.642299896493455,0.00997701200000021,1,7,0.0042971236761385955,take_profit
2022-05-17 11:00:00+00:00,2022-05-17 13:00:00+00:00,2082.32,2082.32,2107.3078400000004,8.6466111129821,0.009977012000000092,1,3,0.004422951323523779,take_profit
2022-05-17 14:00:00+00:00,2022-05-17 14:00:00+00:00,2100.22,2071.8093407012975,2096.671052789713,96.31362587870899,0.009977011999999846,4,1,0.02415461237394179,take_profit
2022-05-17 15:00:00+00:00,2022-05-17 18:00:00+00:00,2055.86,2028.049419191404,2052.386012221701,96.84853923735682,0.009977012000000328,4,4,0.02327979531680179,take_profit
2022-05-17 19:00:00+00:00,2022-05-17 19:00:00+00:00,2028.71,2028.71,2053.05452,8.747283542089349,0.009977012000000233,1,1,0.0018041021141513977,take_profit
2022-05-17 20:00:00+00:00,2022-05-17 21:00:00+00:00,2046.65,2046.65,2071.2098,8.751647129732419,0.00997701199999992,1,2,0.002364840104561183,take_profit
2022-05-17 22:00:00+00:00,2022-05-17 23:00:00+00:00,2086.74,2077.08666423191,2102.011704202693,28.473256744693572,0.009977011999999907,2,2,0.007279296893719199,take_profit
2022-05-18 00:00:00+00:00,2022-05-18 13:00:00+00:00,2090.72,2059.884000214123,1986.1839999999997,-406.337347301549,-0.0377061922040508,5,14,0.05214949873727699,stop_loss
2022-05-18 14:00:00+00:00,2022-05-18 19:00:00+00:00,1986.95,1957.6445024802229,1981.1362365099856,105.03138962592857,0.009977011999999816,5,6,0.027912126626236208,take_profit
2022-05-18 20:00:00+00:00,2022-05-19 13:00:00+00:00,1981.59,1952.3635570446083,1975.7919197291437,105.67371316829485,0.009977011999999907,5,18,0.039569234806392774,take_profit
2022-05-19 14:00:00+00:00,2022-05-19 14:00:00+00:00,1960.96,1960.96,1984.49152,8.672625532813413,0.009977012000000058,1,1,0.00066294060052217,take_profit
2022-05-19 15:00:00+00:00,2022-05-19 15:00:00+00:00,1980.0,1980.0,2003.76,8.676951877263946,0.009977011999999959,1,1,0.0027727272727272774,take_profit
2022-05-19 16:00:00+00:00,2022-05-20 01:00:00+00:00,2023.82,2005.4406837230927,2029.50597192777,57.55367362980178,0.009977012000000127,3,10,0.0164342678696722,take_profit
2022-05-20 02:00:00+00:00,2022-05-20 09:00:00+00:00,2035.47,2016.9848842771805,2041.1887028885067,57.744014835260714,0.009977011999999974,3,8,0.016885535036134217,take_profit
2022-05-20 10:00:00+00:00,2022-05-20 11:00:00+00:00,2038.6,2038.5999999999997,2063.0631999999996,8.738796700983585,0.009977012000000058,1,2,0.0016727165701951607,take_profit
2022-05-20 12:00:00+00:00,2022-05-20 16:00:00+00:00,2054.5,2014.2575853534127,1951.7749999999999,-402.8412155265287,-0.032957147120171094,6,5,0.06400584083718666,stop_loss
2022-05-20 17:00:00+00:00,2022-05-20 19:00:00+00:00,1934.39,1934.39,1957.6026800000002,8.54219847289096,0.009977011999999999,1,3,0.005820956477235713,take_profit
2022-05-20 20:00:00+00:00,2022-05-21 06:00:00+00:00,1968.26,1950.38525172437,1973.7898747450624,56.65986281172991,0.009977012000000167,3,11,0.015699145438102736,take_profit
2022-05-21 07:00:00+00:00,2022-05-21 16:00:00+00:00,1972.08,1962.9570855968957,1986.5125706240585,27.883733940479488,0.009977012000000111,2,10,0.007859721715143403,take_profit
2022-05-21 17:00:00+00:00,2022-05-22 09:00:00+00:00,1981.2,1972.0348961424336,1995.6993148961428,27.92896660597171,0.009977012000000162,2,17,0.007762971936200337,take_profit
2022-05-22 10:00:00+00:00,2022-05-22 22:00:00+00:00,2027.55,2009.1368097374059,2033.2464514542548,57.03183147924574,0.009977012000000065,3,13,0.0180266824492614,take_profit
2022-05-22 23:00:00+00:00,2022-05-23 06:00:00+00:00,2035.43,2026.0140261736285,2050.326194487712,28.06678901411533,0.009977011999999957,2,8,0.00782635610165914,take_profit
2022-05-23 07:00:00+00:00,2022-05-23 11:00:00+00:00,2057.22,2057.22,2081.9066399999997,8.645018257331571,0.009977012000000045,1,5,0.003611670117926054,take_profit
2022-05-23 12:00:00+00:00,2022-05-23 15:00:00+00:00,2068.96,2050.1707449257983,2074.7727938649077,57.341859946214754,0.00997701199999972,3,4,0.016070876189003172,take_profit
2022-05-23 16:00:00+00:00,2022-05-23 22:00:00+00:00,2065.01,2034.5531966414285,1961.7595000000001,-402.0618322295959,-0.037706192204051026,5,7,0.05151064643754757,stop_loss
2022-05-23 23:00:00+00:00,2022-05-24 04:00:00+00:00,1978.11,1968.9591905957545,1992.5867008829036,27.56714178872744,0.009977011999999955,2,6,0.010611138915429379,take_profit
2022-05-24 05:00:00+00:00,2022-05-24 21:00:00+00:00,1987.62,1958.3046206596746,1981.8042761075908,104.09482861039032,0.009977012000000007,5,17,0.03753232509232143,take_profit
2022-05-24 22:00:00+00:00,2022-05-25 02:00:00+00:00,1983.56,1974.3839786958836,1998.0765864402342,27.78072228973997,0.009977012000000162,2,5,0.006720240375889777,take_profit
2022-05-25 03:00:00+00:00,2022-05-26 06:00:00+00:00,2015.45,1985.724156382277,1914.6775,-396.4542975378972,-0.037706192204050866,5,28,0.05232082165273266,stop_loss
2022-05-26 07:00:00+00:00,2022-05-26 08:00:00+00:00,1923.1,1885.431376195253,1826.945,-385.14737157564923,-0.032957147120170685,6,2,0.05823930112838646,stop_loss
2022-05-26 09:00:00+00:00,2022-05-26 09:00:00+00:00,1834.16,1825.675108574907,1847.583209877806,26.557882809152943,0.009977012000000202,2,1,0.0067769442142452474,take_profit
2022-05-26 10:00:00+00:00,2022-05-26 13:00:00+00:00,1838.85,1802.831618801228,1746.9074999999998,-376.90535048335005,-0.03295714712017096,6,4,0.05647551458792175,stop_loss
2022-05-26 14:00:00+00:00,2022-05-26 14:00:00+00:00,1810.44,1810.44,1832.1652800000002,7.992231641727926,0.009977011999999823,1,1,0.0002375113232142814,take_profit
2022-05-26 15:00:00+00:00,2022-05-26 15:00:00+00:00,1853.96,1853.96,1876.2075200000002,7.99621857127795,0.009977012000000084,1,1,0.00330643595331081,take_profit
2022-05-26 16:00:00+00:00,2022-05-26 16:00:00+00:00,1862.03,1862.03,1884.37436,8.000207489710078,0.009977012000000228,1,1,0.0008539067576784037,take_profit
2022-05-26 17:00:00+00:00,2022-05-27 00:00:00+00:00,1883.33,1846.4403690550705,1789.1634999999999,-368.79371610240196,-0.03295714712017065,6,8,0.0603133810856302,stop_loss
2022-05-27 01:00:00+00:00,2022-05-27 01:00:00+00:00,1773.89,1749.8937594045508,1770.8924845174054,87.06517647028159,0.009977012000000089,4,1,0.02102159660407364,take_profit
2022-05-27 02:00:00+00:00,2022-05-27 02:00:00+00:00,1743.21,1735.1458466103632,1755.9675967696876,25.571450657228525,0.009977012000000077,2,1,0.008157364861376441,take_profit
2022-05-27 03:00:00+00:00,2022-05-27 03:00:00+00:00,1753.34,1753.34,1774.38008,7.87641428048687,0.009977011999999981,1,1,0.0010095018650119099,take_profit
2022-05-27 04:00:00+00:00,2022-05-27 04:00:00+00:00,1768.01,1751.953821599384,1772.9772674585765,52.24375832486294,0.009977011999999976,3,1,0.014920730086368223,take_profit
2022-05-27 05:00:00+00:00,2022-05-27 05:00:00+00:00,1745.3,1729.4500624076813,1750.2034631565734,52.41653860647057,0.009977011999999992,3,1,0.01869592620179905,take_profit
2022-05-27 06:00:00+00:00,2022-05-27 06:00:00+00:00,1736.36,1728.3275349615765,1749.0674653811154,25.795488094282973,0.009977011999999858,2,1,0.007849754659171993,take_profit
2022-05-27 07:00:00+00:00,2022-05-27 07:00:00+00:00,1770.72,1770.72,1791.96864,7.945421381110009,0.009977011999999941,1,1,0.0037668293123701503,take_profit
2022-05-27 08:00:00+00:00,2022-05-27 08:00:00+00:00,1764.6,1756.4368956859162,1777.514138434147,25.850222201090673,0.009977011999999811,2,1,0.008166156636064749,take_profit
2022-05-27 09:00:00+00:00,2022-05-27 10:00:00+00:00,1766.32,1766.32,1787.51584,7.962280358188423,0.009977012000000002,1,2,0.005067032021377806,take_profit
2022-05-27 11:00:00+00:00,2022-05-27 11:00:00+00:00,1759.56,1759.56,1780.67472,7.966252346522538,0.009977012000000084,1,1,0.001977767169065004,take_profit
2022-05-27 12:00:00+00:00,2022-05-27 12:00:00+00:00,1771.26,1771.26,1792.51512,7.970226316285334,0.009977012000000061,1,1,0.004505267436739958,take_profit
2022-05-27 13:00:00+00:00,2022-05-27 14:00:00+00:00,1812.24,1785.511297805561,1806.9374333792277,97.75781299489063,0.009977012000000127,5,2,0.027170794155299525,take_profit
2022-05-27 15:00:00+00:00,2022-05-27 16:00:00+00:00,1768.47,1752.4096441105323,1773.4385598398587,53.1893117545078,0.00997701199999997,3,2,0.016873342493794023,take_profit
2022-05-27 17:00:00+00:00,2022-05-27 19:00:00+00:00,1746.46,1730.5995278705777,1751.3667222050246,53.365219165423696,0.009977011999999922,3,3,0.018013581759673877,take_profit
2022-05-27 20:00:00+00:00,2022-05-28 00:00:00+00:00,1754.33,1728.4554115786154,1749.1968765175588,99.00729306898575,0.009977011999999917,5,5,0.029259033363164245,take_profit
2022-05-28 01:00:00+00:00,2022-05-28 03:00:00+00:00,1748.37,1732.4921822103463,1753.2820883968704,53.869144733133,0.009977011999999971,3,3,0.0149053118047095,take_profit
2022-05-28 04:00:00+00:00,2022-05-28 11:00:00+00:00,1765.08,1756.9146751883131,1777.997651290573,26.510351857556998,0.009977011999999955,2,8,0.009144061458970626,take_profit
2022-05-28 12:00:00+00:00,2022-05-28 13:00:00+00:00,1772.97,1772.97,1794.24564,8.165610811468468,0.00997701200000006,1,2,0.0019515276626226256,take_profit
2022-05-28 14:00:00+00:00,2022-05-28 19:00:00+00:00,1788.61,1772.3667427508183,1793.635143663828,54.16198064468426,0.009977012000000006,3,6,0.015995661435416274,take_profit
2022-05-28 20:00:00+00:00,2022-05-29 10:00:00+00:00,1793.57,1777.2816985232025,1798.609078905481,54.3411048610169,0.009977012000000013,3,15,0.01873916267555763,take_profit
2022-05-29 11:00:00+00:00,2022-05-29 12:00:00+00:00,1795.94,1795.94,1817.4912800000002,8.223811060627554,0.009977012000000117,1,2,0.001965544505941163,take_profit
2022-05-29 13:00:00+00:00,2022-05-29 22:00:00+00:00,1814.18,1797.7045288596619,1819.2769832059778,54.548019220518654,0.00997701200000022,3,10,0.01592454993440568,take_profit
2022-05-29 23:00:00+00:00,2022-05-30 01:00:00+00:00,1810.67,1810.67,1832.39804,8.255124825826215,0.009977011999999891,1,3,0.004136590322919145,take_profit
2022-05-30 02:00:00+00:00,2022-05-30 02:00:00+00:00,1845.31,1845.31,1867.45372,8.259242899798778,0.009977012000000042,1,1,0.0006286206653623806,take_profit
2022-05-30 03:00:00+00:00,2022-05-30 05:00:00+00:00,1875.29,1875.29,1897.79348,8.263363028074878,0.009977012000000028,1,3,0.002922214697460136,take_profit
2022-05-30 06:00:00+00:00,2022-05-30 12:00:00+00:00,1899.01,1881.7641454264658,1904.3453151715835,54.81036492187559,0.009977012000000158,3,7,0.01384932148856507,take_profit
2022-05-30 13:00:00+00:00,2022-05-30 14:00:00+00:00,1888.1,1879.3655801567375,1901.9179671186182,26.97354982556999,0.009977012000000023,2,2,0.007128859700227641,take_profit
2022-05-30 15:00:00+00:00,2022-05-30 16:00:00+00:00,1896.73,1896.73,1919.4907600000001,8.308283166621663,0.009977012000000144,1,2,0.001017540714809205,take_profit
2022-05-30 17:00:00+00:00,2022-05-30 20:00:00+00:00,1918.74,1918.74,1941.76488,8.312427758664171,0.009977011999999987,1,4,0.003768097814190572,take_profit
2022-05-30 21:00:00+00:00,2022-05-30 21:00:00+00:00,1954.44,1954.44,1977.89328,8.316574418239043,0.009977011999999992,1,1,0.0029573688626921128,take_profit
2022-05-30 22:00:00+00:00,2022-05-31 00:00:00+00:00,1990.8,1990.8,2014.6896,8.320723146377532,0.009977011999999999,1,3,0.0062537673297167196,take_profit
2022-05-31 01:00:00+00:00,2022-05-31 13:00:00+00:00,1992.85,1963.4574834634554,1987.018973265017,102.0567879815153,0.009977011999999981,5,13,0.02871264771558311,take_profit
2022-05-31 14:00:00+00:00,2022-05-31 14:00:00+00:00,1944.5,1935.5046716883514,1958.7307277486116,27.23681207362415,0.009977012000000023,2,1,0.007410645410131181,take_profit
2022-05-31 15:00:00+00:00,2022-05-31 15:00:00+00:00,1961.85,1952.7744099520655,1976.2077028714903,27.28099531006592,0.009977011999999688,2,1,0.00821673420495955,take_profit
2022-05-31 16:00:00+00:00,2022-05-31 16:00:00+00:00,1988.62,1970.5603524352045,1994.207076664427,55.708653637659154,0.00997701199999994,3,1,0.01374319880117867,take_profit
2022-05-31 17:00:00+00:00,2022-05-31 18:00:00+00:00,1973.14,1946.4484113623137,1969.8057922986613,93.86259014874486,0.009977011999999976,4,2,0.024397660581611087,take_profit
2022-05-31 19:00:00+00:00,2022-05-31 22:00:00+00:00,1934.54,1934.54,1957.75448,8.477594979659898,0.009977012000000092,1,4,0.0033496335046057555,take_profit
2022-05-31 23:00:00+00:00,2022-06-01 12:00:00+00:00,1957.1,1930.6253919525143,1953.7928966559446,94.43097423408835,0.009977011999999964,4,14,0.022145010474681887,take_profit
2022-06-01 13:00:00+00:00,2022-06-01 14:00:00+00:00,1953.35,1924.540068406222,1947.6345492270966,104.55837610233175,0.009977011999999683,5,2,0.0324007474338956,take_profit
2022-06-01 15:00:00+00:00,2022-06-01 19:00:00+00:00,1910.0,1872.587971781464,1814.5,-395.374016008378,-0.0329571471201709,6,5,0.05349214659685868,stop_loss
2022-06-01 20:00:00+00:00,2022-06-01 20:00:00+00:00,1821.83,1794.9598550308485,1816.4993732912187,102.77988176207327,0.00997701200000014,5,1,0.0318800327143586,take_profit
2022-06-01 21:00:00+00:00,2022-06-01 22:00:00+00:00,1793.16,1793.16,1814.67792,8.435129230385655,0.009977011999999988,1,2,0.0012045773940976164,take_profit
2022-06-01 23:00:00+00:00,2022-06-01 23:00:00+00:00,1818.4,1818.4,1840.2208,8.439337099663362,0.009977012000000047,1,1,0.0018312802463705206,take_profit
2022-06-02 00:00:00+00:00,2022-06-02 01:00:00+00:00,1817.96,1809.5500503690178,1831.264650973446,27.45716416940104,0.009977011999999947,2,2,0.006787828115030114,take_profit
2022-06-02 02:00:00+00:00,2022-06-02 10:00:00+00:00,1825.31,1816.8660489994672,1838.6684415874608,27.50170485842409,0.00997701200000006,2,9,0.012770433515402833,take_profit
2022-06-02 11:00:00+00:00,2022-06-02 13:00:00+00:00,1829.84,1805.0868975578096,1826.7479403285033,94.31005843883031,0.009977012000000151,4,3,0.025914834083854244,take_profit
2022-06-02 14:00:00+00:00,2022-06-02 14:00:00+00:00,1799.58,1791.255076923077,1812.7501378461538,27.699306469241037,0.009977012000000118,2,1,0.008290823414352153,take_profit
2022-06-02 15:00:00+00:00,2022-06-02 15:00:00+00:00,1803.94,1803.94,1825.58728,8.531827777718945,0.00997701199999999,1,1,0.0005876026918855092,take_profit
2022-06-02 16:00:00+00:00,2022-06-02 20:00:00+00:00,1816.53,1808.1266656014607,1829.8241855886781,27.758080189406428,0.009977012000000023,2,5,0.008708912046594295,take_profit
2022-06-02 21:00:00+00:00,2022-06-02 22:00:00+00:00,1823.86,1823.86,1845.74632,8.54993102008234,0.009977012000000047,1,2,0.0008608116851073746,take_profit
2022-06-02 23:00:00+00:00,2022-06-03 12:00:00+00:00,1834.15,1807.098147524649,1742.4425,-396.3287859769116,-0.037706192204051026,5,14,0.052967314559877916,stop_loss
2022-06-03 13:00:00+00:00,2022-06-03 13:00:00+00:00,1746.4,1746.4,1767.3568,8.35648730561968,0.009977011999999893,1,1,0.003092075125973483,take_profit
2022-06-03 14:00:00+00:00,2022-06-03 21:00:00+00:00,1767.99,1751.9340032293337,1772.9572112680858,55.42805237164339,0.009977012000000033,3,8,0.014134695331987177,take_profit
2022-06-03 22:00:00+00:00,2022-06-04 14:00:00+00:00,1788.81,1764.611929578753,1785.787272733698,93.38980971146157,0.009977012000000032,4,17,0.02257366629211592,take_profit
2022-06-04 15:00:00+00:00,2022-06-04 22:00:00+00:00,1777.05,1777.05,1798.3745999999999,8.434893824117012,0.009977012000000077,1,8,0.00548662108550688,take_profit
2022-06-04 23:00:00+00:00,2022-06-05 15:00:00+00:00,1798.86,1782.5236574014104,1803.9139412902273,55.94811785545153,0.009977011999999905,3,17,0.014347975940317727,take_profit
2022-06-05 16:00:00+00:00,2022-06-05 16:00:00+00:00,1811.42,1803.0403046488625,1824.6767883046489,27.533466467007656,0.009977011999999974,2,1,0.008783164589106933,take_profit
2022-06-05 17:00:00+00:00,2022-06-05 17:00:00+00:00,1800.81,1800.81,1822.4197199999999,8.480746414390183,0.009977011999999917,1,1,0.0013493927732519458,take_profit
2022-06-05 18:00:00+00:00,2022-06-06 00:00:00+00:00,1824.56,1816.1195185269726,1837.9129527492962,27.59188829988352,0.009977011999999988,2,7,0.012063182356294116,take_profit
2022-06-06 01:00:00+00:00,2022-06-06 01:00:00+00:00,1836.01,1836.01,1858.04212,8.498741269861057,0.009977012000000009,1,1,5.446593428135416e-06,take_profit
2022-06-06 02:00:00+00:00,2022-06-06 05:00:00+00:00,1864.05,1864.05,1886.4186,8.502980872042713,0.00997701199999994,1,4,0.0038035460422198536,take_profit
2022-06-06 06:00:00+00:00,2022-06-06 06:00:00+00:00,1870.4,1870.4,1892.8448,8.507222589152548,0.009977011999999973,1,1,0.0015665098374679552,take_profit
2022-06-06 07:00:00+00:00,2022-06-06 09:00:00+00:00,1886.11,1886.11,1908.7433199999998,8.511466422245462,0.009977011999999952,1,3,0.0007793819024340044,take_profit
2022-06-06 10:00:00+00:00,2022-06-07 00:00:00+00:00,1911.44,1854.499250226879,1815.868,-326.05144784638287,-0.0227884537314907,8,15,0.08505106098020349,stop_loss
2022-06-07 01:00:00+00:00,2022-06-07 01:00:00+00:00,1758.8,1742.8274621913883,1763.741391737685,55.377703435032345,0.009977012000000044,3,1,0.018609279053900397,take_profit
2022-06-07 02:00:00+00:00,2022-06-07 03:00:00+00:00,1742.46,1734.3993161378683,1755.2121079315227,27.25275128088606,0.00997701199999987,2,2,0.00994570894023388,take_profit
2022-06-07 04:00:00+00:00,2022-06-07 13:00:00+00:00,1756.76,1748.6331638134368,1769.616761779198,27.296960373723323,0.009977011999999832,2,10,0.011720439900726291,take_profit
2022-06-07 14:00:00+00:00,2022-06-07 14:00:00+00:00,1761.7,1761.7,1782.8404,8.407898768962013,0.009977012000000016,1,1,0.002497587557472947,take_profit
2022-06-07 15:00:00+00:00,2022-06-07 18:00:00+00:00,1784.62,1776.3642824317124,1797.680653820893,27.35488037660025,0.009977011999999952,2,4,0.008920666584482885,take_profit
2022-06-07 19:00:00+00:00,2022-06-07 19:00:00+00:00,1807.53,1807.53,1829.22036,8.425739052796416,0.009977011999999985,1,1,0.00021023164207503156,take_profit
2022-06-07 20:00:00+00:00,2022-06-07 20:00:00+00:00,1846.97,1846.97,1869.13364,8.429942237778391,0.009977012000000035,1,1,0.004591303594535925,take_profit
2022-06-07 21:00:00+00:00,2022-06-07 22:00:00+00:00,1845.1,1817.886646129122,1839.7012858826715,103.39640107265404,0.009977011999999988,5,2,0.049899734431738084,take_profit
2022-06-07 23:00:00+00:00,2022-06-07 23:00:00+00:00,1808.16,1791.739199474631,1813.2400698683266,56.25722632762972,0.009977012000000089,3,1,0.014434563312981227,take_profit
2022-06-08 00:00:00+00:00,2022-06-08 01:00:00+00:00,1813.33,1796.8622481325392,1818.4245951101298,56.44327992941908,0.009977012000000111,3,2,0.013814363629344883,take_profit
2022-06-08 02:00:00+00:00,2022-06-08 03:00:00+00:00,1820.76,1793.9056364457538,1815.432504083103,104.71795010199094,0.009977011999999843,5,2,0.03047079241635362,take_profit
2022-06-08 04:00:00+00:00,2022-06-08 05:00:00+00:00,1779.49,1779.49,1800.8438800000001,8.594186203640334,0.009977011999999971,1,2,0.0040573422722240795,take_profit
2022-06-08 06:00:00+00:00,2022-06-08 13:00:00+00:00,1811.42,1794.9695937927704,1816.5092289182837,57.00469414543204,0.009977012000000195,3,8,0.015567897008976407,take_profit
2022-06-08 14:00:00+00:00,2022-06-09 08:00:00+00:00,1823.23,1796.3392064505983,1817.8952769280056,105.75952929321829,0.009977012000000111,5,19,0.028356268819622343,take_profit
2022-06-09 09:00:00+00:00,2022-06-09 17:00:00+00:00,1816.03,1791.4637118938863,1812.961276436613,96.63364206670849,0.00997701200000011,4,9,0.020385125796380008,take_profit
2022-06-09 18:00:00+00:00,2022-06-10 03:00:00+00:00,1805.25,1778.6243932169518,1799.9678859355552,106.99727259302017,0.00997701200000003,5,10,0.03336933942667221,take_profit
2022-06-10 04:00:00+00:00,2022-06-10 16:00:00+00:00,1792.42,1753.8788749464472,1702.799,-396.7565107092396,-0.031064727972797374,7,13,0.07331986922707852,stop_loss
2022-06-10 17:00:00+00:00,2022-06-11 08:00:00+00:00,1682.12,1649.1715597345742,1598.014,-395.47711534039445,-0.0329571471201709,6,16,0.06368154471738038,stop_loss
2022-06-11 09:00:00+00:00,2022-06-11 09:00:00+00:00,1578.19,1556.8410849346167,1575.5231779538321,93.36461911815059,0.009977011999999811,4,1,0.021030420925237173,take_profit
2022-06-11 10:00:00+00:00,2022-06-11 15:00:00+00:00,1596.73,1565.4541320327842,1516.8935,-388.5331929887452,-0.03295714712017084,6,6,0.05995378053897654,stop_loss
2022-06-11 16:00:00+00:00,2022-06-11 16:00:00+00:00,1517.61,1503.8278285741824,1521.8737625170727,54.620183398558765,0.009977011999999928,3,1,0.013751886189468897,take_profit
2022-06-11 17:00:00+00:00,2022-06-11 18:00:00+00:00,1535.75,1535.75,1554.179,8.266045924451078,0.009977012000000129,1,2,0.004870584405013849,take_profit
2022-06-11 19:00:00+00:00,2022-06-11 20:00:00+00:00,1551.18,1530.1964618511581,1548.558819393372,92.07455317013955,0.00997701199999965,4,2,0.021390167485398254,take_profit
2022-06-11 21:00:00+00:00,2022-06-11 21:00:00+00:00,1523.34,1523.34,1541.62008,8.316100892513532,0.009977011999999839,1,1,0.0013588561975658334,take_profit
2022-06-11 22:00:00+00:00,2022-06-12 01:00:00+00:00,1539.46,1518.6350037786615,1536.8586238240055,92.63210981336124,0.009977012000000108,4,4,0.02082548426071476,take_profit
2022-06-12 02:00:00+00:00,2022-06-12 02:00:00+00:00,1513.85,1491.522247706125,1509.4205146785985,102.56658957058062,0.00997701199999972,5,1,0.044423159494005354,take_profit
2022-06-12 03:00:00+00:00,2022-06-12 03:00:00+00:00,1453.28,1453.28,1470.71936,8.41762437274042,0.009977011999999957,1,1,0.002917538258284714,take_profit
2022-06-12 04:00:00+00:00,2022-06-12 04:00:00+00:00,1466.97,1460.1837429810546,1477.7059478968272,27.386522376018092,0.009977012000000077,2,1,0.009966120643230684,take_profit
2022-06-12 05:00:00+00:00,2022-06-12 05:00:00+00:00,1452.84,1433.1867530756176,1450.384994112525,93.91506959349317,0.009977012000000198,4,1,0.020539082073731396,take_profit
2022-06-12 06:00:00+00:00,2022-06-12 06:00:00+00:00,1431.03,1431.03,1448.20236,8.482334881644306,0.009977011999999983,1,1,0.0020474762932992767,take_profit
2022-06-12 07:00:00+00:00,2022-06-12 08:00:00+00:00,1458.34,1458.34,1475.84008,8.486566299489482,0.009977012000000063,1,2,0.005321118532029562,take_profit
2022-06-12 09:00:00+00:00,2022-06-12 14:00:00+00:00,1470.62,1448.9298463662726,1466.317004522668,104.09091641213308,0.009977012000000205,5,6,0.028300988698644038,take_profit
2022-06-12 15:00:00+00:00,2022-06-12 15:00:00+00:00,1510.1,1510.1,1528.2212,8.542725644286747,0.009977012000000158,1,1,0.003443480564200926,take_profit
2022-06-12 16:00:00+00:00,2022-06-12 16:00:00+00:00,1525.91,1512.0524521449063,1530.1970815706452,56.66335950629127,0.009977011999999888,3,1,0.018854322994147743,take_profit
2022-06-12 17:00:00+00:00,2022-06-12 17:00:00+00:00,1506.62,1506.62,1524.6994399999999,8.575253738987612,0.00997701199999998,1,1,0.0003982424234378338,take_profit
2022-06-12 18:00:00+00:00,2022-06-12 19:00:00+00:00,1521.5,1499.059417964045,1517.0481309796135,105.17870109745854,0.009977011999999872,5,2,0.028997699638514552,take_profit
2022-06-12 20:00:00+00:00,2022-06-13 00:00:00+00:00,1479.58,1450.598801721685,1405.6009999999999,-397.7196949840436,-0.03295714712017098,6,5,0.06373430297787207,stop_loss
2022-06-13 01:00:00+00:00,2022-06-13 01:00:00+00:00,1387.31,1366.848584381005,1383.250767393577,103.3896552879196,0.00997701199999986,5,1,0.031896259667990576,take_profit
2022-06-13 02:00:00+00:00,2022-06-13 03:00:00+00:00,1364.35,1344.2272210971046,1360.35794775027,104.02193874018121,0.009977011999999905,5,2,0.043947667387400455,take_profit
2022-06-13 04:00:00+00:00,2022-06-13 04:00:00+00:00,1350.96,1350.96,1367.17152,8.5370646572635,0.009977012000000082,1,1,0.005699650618819244,take_profit
2022-06-13 05:00:00+00:00,2022-06-13 05:00:00+00:00,1349.69,1331.432111422201,1347.4092967592674,95.09340026493555,0.00997701200000009,4,1,0.022375508450088573,take_profit
2022-06-13 06:00:00+00:00,2022-06-13 06:00:00+00:00,1323.05,1311.0347247284035,1326.7671414251442,56.940302928125675,0.009977011999999971,3,1,0.01742186614262496,take_profit
2022-06-13 07:00:00+00:00,2022-06-13 07:00:00+00:00,1324.35,1304.8171805328184,1320.4749866992122,105.64006571333448,0.009977012000000125,5,1,0.0465058330501755,take_profit
2022-06-13 08:00:00+00:00,2022-06-13 08:00:00+00:00,1283.07,1257.9379313893419,1218.9164999999998,-399.46428578414816,-0.03295714712017099,6,1,0.06084625156850362,stop_loss
2022-06-13 09:00:00+00:00,2022-06-13 09:00:00+00:00,1206.93,1190.6032927848596,1204.890532298278,94.30591416507377,0.009977012000000157,4,1,0.02231281018783199,take_profit
2022-06-13 10:00:00+00:00,2022-06-13 10:00:00+00:00,1237.55,1226.311192764926,1241.0269270781052,56.46876970970061,0.009977011999999867,3,1,0.01779322047594035,take_profit
2022-06-13 11:00:00+00:00,2022-06-13 11:00:00+00:00,1221.85,1203.828951586834,1218.274899005876,104.76524071910717,0.0099770120000001,5,1,0.0342513401808732,take_profit
2022-06-13 12:00:00+00:00,2022-06-13 12:00:00+00:00,1209.14,1209.14,1223.6496800000002,8.598067337378893,0.009977012000000136,1,1,0.0006285459086623475,take_profit
2022-06-13 13:00:00+00:00,2022-06-13 13:00:00+00:00,1218.32,1207.2558299619127,1221.7428999214558,57.03043746032563,0.009977012000000162,3,1,0.013461159629653838,take_profit
2022-06-13 14:00:00+00:00,2022-06-13 14:00:00+00:00,1237.33,1213.093861321654,1175.4634999999998,-397.6646900903452,-0.032957147120171046,6,1,0.0580928289138709,stop_loss
2022-06-13 15:00:00+00:00,2022-06-13 15:00:00+00:00,1192.55,1192.55,1206.8606,8.432430887123815,0.009977011999999981,1,1,0.006330971447738002,take_profit
2022-06-13 16:00:00+00:00,2022-06-13 16:00:00+00:00,1229.75,1224.0611314007456,1238.7498649775546,27.434694986189243,0.009977012000000254,2,1,0.00907501524700149,take_profit
2022-06-13 17:00:00+00:00,2022-06-13 17:00:00+00:00,1240.15,1223.373910290691,1238.0543972141793,94.08026523149965,0.009977012000000228,4,1,0.0251018022013467,take_profit
2022-06-13 18:00:00+00:00,2022-06-13 18:00:00+00:00,1239.47,1233.736166324279,1248.5410003201705,27.63181512653773,0.009977011999999957,2,1,0.006817430030577622,take_profit
2022-06-13 19:00:00+00:00,2022-06-13 20:00:00+00:00,1231.91,1226.211139161531,1240.9256728314695,27.676639132291257,0.009977012000000217,2,2,0.011421288892857566,take_profit
2022-06-13 21:00:00+00:00,2022-06-13 21:00:00+00:00,1242.17,1230.8892362464617,1245.6599070814193,56.516570812442296,0.009977012000000141,3,1,0.015835191640435748,take_profit
2022-06-13 22:00:00+00:00,2022-06-13 22:00:00+00:00,1229.6,1211.4646469461647,1226.0022227095187,104.85392503188632,0.009977012000000065,5,1,0.030733571893298606,take_profit
2022-06-13 23:00:00+00:00,2022-06-13 23:00:00+00:00,1193.59,1177.4437492108739,1191.5730742014043,95.80618151890849,0.009977011999999669,4,1,0.02102061847032894,take_profit
2022-06-14 00:00:00+00:00,2022-06-14 00:00:00+00:00,1209.35,1191.5133139104946,1205.8114736774205,106.0810697065408,0.009977011999999976,5,1,0.031148964319675735,take_profit
2022-06-14 01:00:00+00:00,2022-06-14 01:00:00+00:00,1172.53,1149.5631280381779,1113.9035,-401.1318855152258,-0.03295714712017086,6,1,0.060151979053840815,stop_loss
2022-06-14 02:00:00+00:00,2022-06-14 02:00:00+00:00,1102.51,1087.5958310160781,1100.646980988271,94.69960271921082,0.009977011999999862,4,1,0.024226537627776653,take_profit
2022-06-14 03:00:00+00:00,2022-06-14 03:00:00+00:00,1119.1,1113.92300235867,1127.290078386974,27.81371745131719,0.009977012000000006,2,1,0.012590474488428129,take_profit
2022-06-14 04:00:00+00:00,2022-06-14 04:00:00+00:00,1174.09,1156.7733631530762,1170.654643510913,105.02590995112041,0.009977011999999962,5,1,0.032442146683814635,take_profit
2022-06-14 05:00:00+00:00,2022-06-14 05:00:00+00:00,1156.88,1156.88,1170.7625600000001,8.619460421518738,0.009977012000000026,1,1,0.005419749671530503,take_profit
2022-06-14 06:00:00+00:00,2022-06-14 06:00:00+00:00,1227.13,1215.9858219689095,1230.5776518325365,57.17233643590225,0.009977011999999888,3,1,0.017096803109694993,take_profit
2022-06-14 07:00:00+00:00,2022-06-14 07:00:00+00:00,1234.18,1222.9717974115122,1237.6474589804504,57.361416485007794,0.009977011999999777,3,1,0.018911341943638808,take_profit
2022-06-14 08:00:00+00:00,2022-06-14 08:00:00+00:00,1241.15,1224.3603828224739,1239.0527074163435,96.64730296487141,0.009977012000000163,4,1,0.02173790436288927,take_profit
2022-06-14 09:00:00+00:00,2022-06-14 09:00:00+00:00,1219.4,1202.9046052561937,1217.339460519268,97.18406952267651,0.009977012000000058,4,1,0.024963096604887693,take_profit
2022-06-14 10:00:00+00:00,2022-06-14 10:00:00+00:00,1190.93,1185.4207141444115,1199.6457627141444,28.543417003422746,0.009977012000000238,2,1,0.012082993962701502,take_profit
2022-06-14 11:00:00+00:00,2022-06-14 11:00:00+00:00,1186.26,1168.7638679947604,1182.7890344106975,107.78128990293408,0.009977012000000056,5,1,0.02688280815335601,take_profit
2022-06-14 12:00:00+00:00,2022-06-14 12:00:00+00:00,1175.22,1164.5472425043006,1178.5218094143522,58.64301230071396,0.009977012000000111,3,1,0.01465257568795632,take_profit
2022-06-14 13:00:00+00:00,2022-06-14 13:00:00+00:00,1197.94,1192.39828562733,1206.707065054858,28.859691346143336,0.00997701199999991,2,1,0.007621416765447442,take_profit
2022-06-14 14:00:00+00:00,2022-06-14 14:00:00+00:00,1219.05,1202.5593398700696,1216.9900519485104,98.96692555580557,0.009977012000000039,4,1,0.02368237562036003,take_profit
2022-06-14 15:00:00+00:00,2022-06-14 15:00:00+00:00,1222.38,1216.7252252910296,1231.3259279945219,29.067050181787636,0.009977011999999948,2,1,0.007534481912334982,take_profit
2022-06-14 16:00:00+00:00,2022-06-14 16:00:00+00:00,1250.66,1233.7417365997303,1248.546637438927,99.67800961434114,0.009977011999999908,4,1,0.023131786416771993,take_profit
2022-06-14 17:00:00+00:00,2022-06-14 17:00:00+00:00,1226.94,1221.264130563798,1235.9193001305637,29.275898904700625,0.009977011999999931,2,1,0.011076336251161544,take_profit
2022-06-14 18:00:00+00:00,2022-06-14 18:00:00+00:00,1213.4,1213.4,1227.9608,9.01744337065577,0.009977011999999947,1,1,0.0063787703972309285,take_profit
2022-06-14 19:00:00+00:00,2022-06-14 20:00:00+00:00,1209.49,1193.128662466224,1207.4462064158186,100.44428456830246,0.009977012000000117,4,2,0.026118446617995946,take_profit
2022-06-14 21:00:00+00:00,2022-06-14 21:00:00+00:00,1189.32,1173.2315115001604,1187.3102896381624,101.00213906837416,0.009977011999999829,4,1,0.02539266135270579,take_profit
2022-06-14 22:00:00+00:00,2022-06-14 23:00:00+00:00,1169.01,1169.01,1183.03812,9.1224333969908,0.00997701200000006,1,2,0.0019931394941017848,take_profit
2022-06-15 00:00:00+00:00,2022-06-15 00:00:00+00:00,1208.9,1197.9213776683928,1212.2964342004136,60.5085244065649,0.00997701200000027,3,1,0.016866572917528414,take_profit
2022-06-15 01:00:00+00:00,2022-06-15 01:00:00+00:00,1193.27,1193.27,1207.58924,9.157168842069837,0.009977012000000231,1,1,0.00229621125143514,take_profit
2022-06-15 02:00:00+00:00,2022-06-15 02:00:00+00:00,1221.16,1204.6407969121317,1219.0964864750772,102.0006708338151,0.009977012000000094,4,1,0.021389498509613906,take_profit
2022-06-15 03:00:00+00:00,2022-06-15 03:00:00+00:00,1204.7,1186.9318966948965,1201.1750794552354,112.93989700132079,0.009977011999999945,5,1,0.029633933759442222,take_profit
2022-06-15 04:00:00+00:00,2022-06-15 04:00:00+00:00,1173.09,1155.788112138969,1169.6575694846365,113.63058532768628,0.009977012000000207,5,1,0.04423360526472809,take_profit
2022-06-15 05:00:00+00:00,2022-06-15 05:00:00+00:00,1137.52,1120.7427335671773,1134.1916463699833,114.32549758532696,0.009977011999999678,5,1,0.03919931078134883,take_profit
2022-06-15 06:00:00+00:00,2022-06-15 06:00:00+00:00,1123.93,1113.7230325112391,1127.087708901374,62.20366788354204,0.009977012000000184,3,1,0.015872874645218246,take_profit
2022-06-15 07:00:00+00:00,2022-06-15 07:00:00+00:00,1136.21,1119.452054738697,1132.8854793955613,115.4050685526272,0.009977012000000169,5,1,0.047385606534003526,take_profit
2022-06-15 08:00:00+00:00,2022-06-15 08:00:00+00:00,1094.38,1072.9438872032454,1039.661,-436.3893847845884,-0.032957147120170886,6,1,0.06493174217365089,stop_loss
2022-06-15 09:00:00+00:00,2022-06-15 09:00:00+00:00,1029.59,1020.2397809856899,1032.4826583575182,61.34782989006817,0.009977011999999995,3,1,0.014753445546285358,take_profit
2022-06-15 10:00:00+00:00,2022-06-15 10:00:00+00:00,1031.48,1031.48,1043.85776,9.28418668125687,0.009977012000000018,1,1,0.005312754488695872,take_profit
2022-06-15 11:00:00+00:00,2022-06-15 11:00:00+00:00,1065.04,1055.3678418992017,1068.0322560019922,61.58142372223119,0.009977012,3,1,0.013849245098775633,take_profit
2022-06-15 12:00:00+00:00,2022-06-15 12:00:00+00:00,1120.05,1114.86860762383,1128.247030915316,30.305757012724825,0.009977011999999851,2,1,0.013222623990000399,take_profit
2022-06-15 13:00:00+00:00,2022-06-15 13:00:00+00:00,1112.49,1112.49,1125.83988,9.334656078595344,0.009977012000000101,1,1,0.00395509173116171,take_profit
2022-06-15 14:00:00+00:00,2022-06-15 14:00:00+00:00,1140.0,1123.1861560821635,1136.6643899551495,114.49305541530157,0.009977012000000264,5,1,0.04064912280701747,take_profit
2022-06-15 15:00:00+00:00,2022-06-15 15:00:00+00:00,1106.11,1100.9930945750589,1114.2050117099595,30.555790513868942,0.009977012000000028,2,1,0.009094936308323717,take_profit
2022-06-15 16:00:00+00:00,2022-06-15 16:00:00+00:00,1120.17,1103.6486284724185,1116.8924120140875,115.38010726584616,0.009977012000000032,5,1,0.04245784122052918,take_profit
2022-06-15 17:00:00+00:00,2022-06-15 17:00:00+00:00,1078.66,1068.8641519032083,1081.6905217260469,62.777473304896375,0.009977012000000129,3,1,0.018615689837390977,take_profit
2022-06-15 18:00:00+00:00,2022-06-15 18:00:00+00:00,1114.24,1092.4148804595698,1058.528,-437.737909406942,-0.032957147120170616,6,1,0.06214101091326824,stop_loss
2022-06-15 19:00:00+00:00,2022-06-15 19:00:00+00:00,1172.13,1166.7076836338736,1180.70817583748,30.18426959943372,0.00997701199999975,2,1,0.007763643964406794,take_profit
2022-06-15 20:00:00+00:00,2022-06-15 20:00:00+00:00,1171.02,1160.3853847938137,1174.3100094113395,61.637231387967404,0.00997701200000005,3,1,0.015285819200355323,take_profit
2022-06-15 21:00:00+00:00,2022-06-15 21:00:00+00:00,1180.21,1180.21,1194.3725200000001,9.327983789274413,0.009977012000000165,1,1,0.0024571898221503723,take_profit
2022-06-15 22:00:00+00:00,2022-06-15 22:00:00+00:00,1227.0,1221.3238530015976,1235.9797392376167,30.348353104870057,0.00997701199999985,2,1,0.010586797066014677,take_profit
2022-06-15 23:00:00+00:00,2022-06-15 23:00:00+00:00,1217.64,1217.64,1232.25168,9.347776353739619,0.009977011999999908,1,1,0.002619821950658696,take_profit
2022-06-16 00:00:00+00:00,2022-06-16 00:00:00+00:00,1237.53,1231.8051408354256,1246.5868025254508,30.412747699546344,0.009977012000000167,2,1,0.011862338690779265,take_profit
2022-06-16 01:00:00+00:00,2022-06-16 01:00:00+00:00,1235.25,1224.0320802091835,1238.7204651716938,62.10379088105856,0.009977012000000007,3,1,0.016369156041287213,take_profit
2022-06-16 02:00:00+00:00,2022-06-16 04:00:00+00:00,1215.4,1198.9587151290611,1213.3462197106098,104.63765123577286,0.009977011999999513,4,3,0.023366792825407347,take_profit
2022-06-16 05:00:00+00:00,2022-06-16 05:00:00+00:00,1192.42,1186.903821349768,1201.146667205965,30.732568909193105,0.009977012000000006,2,1,0.00899012093054463,take_profit
2022-06-16 06:00:00+00:00,2022-06-16 07:00:00+00:00,1182.86,1166.8588989448426,1180.8612057321807,105.38947984214064,0.009977012000000115,4,2,0.02333327697276086,take_profit
2022-06-16 08:00:00+00:00,2022-06-16 08:00:00+00:00,1165.41,1160.0187706003196,1173.9389958475235,30.953384496890976,0.009977012000000144,2,1,0.009756223131773469,take_profit
2022-06-16 09:00:00+00:00,2022-06-16 09:00:00+00:00,1173.45,1156.1428025040475,1170.016516134096,116.88144091284812,0.009977011999999808,5,1,0.049034897098299855,take_profit
2022-06-16 10:00:00+00:00,2022-06-16 10:00:00+00:00,1128.1,1111.461669014288,1124.7992090424593,117.59623390407978,0.00997701199999983,5,1,0.03048488609165843,take_profit
2022-06-16 11:00:00+00:00,2022-06-16 11:00:00+00:00,1121.7,1106.526238900994,1119.804553767806,107.44896891488497,0.00997701199999992,4,1,0.020549166443790633,take_profit
2022-06-16 12:00:00+00:00,2022-06-16 12:00:00+00:00,1111.11,1111.11,1124.4433199999999,9.704705974967624,0.009977012000000039,1,1,0.006390006390006309,take_profit
2022-06-16 13:00:00+00:00,2022-06-16 13:00:00+00:00,1117.02,1100.5450877779806,1113.7516288313163,119.03185608830245,0.00997701200000004,5,1,0.02767184114877091,take_profit
2022-06-16 14:00:00+00:00,2022-06-16 14:00:00+00:00,1097.72,1087.7510585607974,1100.804071263527,64.76436315662522,0.009977012000000084,3,1,0.014320591772036609,take_profit
2022-06-16 15:00:00+00:00,2022-06-16 15:00:00+00:00,1099.12,1099.12,1112.30944,9.8012340276141,0.009977012000000013,1,1,0.0004185166314868341,take_profit
2022-06-16 16:00:00+00:00,2022-06-16 16:00:00+00:00,1114.41,1104.2894883674694,1117.540962227879,65.01096610581499,0.009977011999999908,3,1,0.01646611211313622,take_profit
2022-06-16 17:00:00+00:00,2022-06-16 17:00:00+00:00,1126.44,1116.2102379525058,1129.604760807936,65.22597002956627,0.00997701199999996,3,1,0.01766627605553788,take_profit
2022-06-16 18:00:00+00:00,2022-06-16 19:00:00+00:00,1107.62,1097.5611517355158,1110.731885556342,65.44168501315926,0.009977012000000108,3,2,0.013849515176685073,take_profit
2022-06-16 20:00:00+00:00,2022-06-16 20:00:00+00:00,1096.06,1090.9895862436279,1104.0814612785514,32.205488029276694,0.00997701200000022,2,1,0.009041475831614925,take_profit
2022-06-16 21:00:00+00:00,2022-06-16 21:00:00+00:00,1100.44,1100.44,1113.64528,9.91980350368317,0.009977011999999848,1,1,0.002208207626040551,take_profit
2022-06-16 22:00:00+00:00,2022-06-16 22:00:00+00:00,1102.83,1086.5643758878,1099.6031483984536,121.67010789614687,0.009977012000000177,5,1,0.03403063028753296,take_profit
2022-06-16 23:00:00+00:00,2022-06-16 23:00:00+00:00,1066.93,1057.240677868921,1069.9275660033481,66.1998166881167,0.009977012000000318,3,1,0.014415191249660342,take_profit
2022-06-17 00:00:00+00:00,2022-06-17 00:00:00+00:00,1068.5,1058.7964199178407,1071.5019769568548,66.41875237223303,0.00997701200000009,3,1,0.01627515208235854,take_profit
2022-06-17 01:00:00+00:00,2022-06-17 01:00:00+00:00,1066.28,1066.28,1079.07536,10.051604062685897,0.009977011999999928,1,1,0.0011254079603856824,take_profit
2022-06-17 02:00:00+00:00,2022-06-17 02:00:00+00:00,1107.73,1092.7452176319853,1105.858160243569,111.96368386695758,0.009977011999999775,4,1,0.020763182363933447,take_profit
2022-06-17 03:00:00+00:00,2022-06-17 03:00:00+00:00,1087.74,1077.8616919058795,1090.7960322087501,67.0419404351087,0.009977012000000118,3,1,0.016704359497674143,take_profit
2022-06-17 04:00:00+00:00,2022-06-17 04:00:00+00:00,1071.51,1071.51,1084.36812,10.1459153744903,0.009977012000000233,1,1,0.0032104226745434524,take_profit
2022-06-17 05:00:00+00:00,2022-06-17 05:00:00+00:00,1086.54,1086.54,1099.57848,10.150976670462228,0.009977012000000049,1,1,0.0019971653137482955,take_profit
2022-06-17 06:00:00+00:00,2022-06-17 06:00:00+00:00,1100.23,1095.1402956706993,1108.2819792187477,33.025939079002455,0.009977012000000167,2,1,0.011279459749325215,take_profit
2022-06-17 07:00:00+00:00,2022-06-17 07:00:00+00:00,1104.75,1099.639385984935,1112.8350586167542,33.07951336923588,0.009977012000000129,2,1,0.007250509164969442,take_profit
2022-06-17 08:00:00+00:00,2022-06-17 08:00:00+00:00,1099.31,1099.31,1112.50172,10.18901723588192,0.00997701200000002,1,1,0.004830302644385974,take_profit
2022-06-17 09:00:00+00:00,2022-06-17 10:00:00+00:00,1095.74,1090.671066575363,1103.7591193742674,33.14970307106523,0.009977011999999869,2,2,0.008304889846131298,take_profit
2022-06-17 11:00:00+00:00,2022-06-18 06:00:00+00:00,1104.88,1071.9662304810372,1049.636,-390.9470823803349,-0.022788453731490396,8,20,0.0948338281080299,stop_loss
2022-06-18 07:00:00+00:00,2022-06-18 07:00:00+00:00,1019.72,1004.6801641053539,1016.7363260746182,122.7839914533979,0.009977011999999934,5,1,0.03017494998627072,take_profit
2022-06-18 08:00:00+00:00,2022-06-18 08:00:00+00:00,1003.78,988.9752629404855,1000.8429660957714,123.53488172169818,0.009977011999999983,5,1,0.028462412082328734,take_profit
2022-06-18 09:00:00+00:00,2022-06-18 10:00:00+00:00,990.85,990.8500000000001,1002.7402000000002,10.138488913571337,0.00997701200000004,1,2,0.006469193117020707,take_profit
2022-06-18 11:00:00+00:00,2022-06-18 11:00:00+00:00,1006.58,1001.9235240051738,1013.946606293236,32.98531048613859,0.009977012000000073,2,1,0.007212541477080799,take_profit
2022-06-18 12:00:00+00:00,2022-06-18 18:00:00+00:00,1005.06,983.4489137889981,954.8069999999999,-459.0515827387371,-0.031064727972797405,7,7,0.07043360595387337,stop_loss
2022-06-18 19:00:00+00:00,2022-06-18 19:00:00+00:00,938.39,924.5496991280186,935.6442955175548,121.74674157618392,0.009977012000000023,5,1,0.02755783842538818,take_profit
2022-06-18 20:00:00+00:00,2022-06-18 20:00:00+00:00,915.16,901.6623180703089,912.4822658871526,122.49128850257512,0.009977011999999967,5,1,0.03671489138511301,take_profit
2022-06-18 21:00:00+00:00,2022-06-18 21:00:00+00:00,904.26,904.2599999999999,915.1111199999999,10.052841377143523,0.009977011999999967,1,1,0.0036272753411629097,take_profit
2022-06-18 22:00:00+00:00,2022-06-18 22:00:00+00:00,943.06,943.06,954.37672,10.057856243096353,0.009977012000000104,1,1,0.005344304710198676,take_profit
2022-06-18 23:00:00+00:00,2022-06-18 23:00:00+00:00,991.02,986.4355051358136,998.2727311974434,32.72297418596372,0.009977011999999945,2,1,0.01176565558717278,take_profit
2022-06-19 00:00:00+00:00,2022-06-19 00:00:00+00:00,995.12,990.5165383854523,1002.4027368460778,32.77605701010907,0.009977012000000148,2,1,0.007265455422461631,take_profit
2022-06-19 01:00:00+00:00,2022-06-19 01:00:00+00:00,991.03,976.4133125106194,988.1302722607469,123.7639383560163,0.009977012000000018,5,1,0.033036335933321906,take_profit
2022-06-19 02:00:00+00:00,2022-06-19 02:00:00+00:00,962.42,949.4008940385972,960.7937047670604,113.08446813055161,0.009977011999999705,4,1,0.022308347706822298,take_profit
2022-06-19 03:00:00+00:00,2022-06-19 03:00:00+00:00,950.7,950.7000000000002,962.1084000000002,10.213699811414244,0.009977011999999966,1,1,0.002366677185231934,take_profit
2022-06-19 04:00:00+00:00,2022-06-19 04:00:00+00:00,953.21,953.2099999999999,964.64852,10.218794921693416,0.009977011999999992,1,1,0.004825799141847046,take_profit
2022-06-19 05:00:00+00:00,2022-06-19 05:00:00+00:00,967.74,953.4668163920636,964.9084181887683,125.33734969945363,0.00997701200000006,5,1,0.032643065286130604,take_profit
2022-06-19 06:00:00+00:00,2022-06-19 06:00:00+00:00,946.41,942.031872631819,953.3362551034008,33.449904774470724,0.009977011999999818,2,1,0.008072611236144996,take_profit
2022-06-19 07:00:00+00:00,2022-06-19 07:00:00+00:00,954.62,954.6200000000001,966.0754400000002,10.303103690838043,0.009977011999999987,1,1,0.002011271500701807,take_profit
2022-06-19 08:00:00+00:00,2022-06-19 08:00:00+00:00,955.73,955.7299999999999,967.1987599999999,10.308243400296078,0.009977011999999985,1,1,0.0025425590909567176,take_profit
2022-06-19 09:00:00+00:00,2022-06-19 09:00:00+00:00,968.17,968.17,979.78804,10.313385673701305,0.009977012000000026,1,1,0.0034911224268465205,take_profit
2022-06-19 10:00:00+00:00,2022-06-19 10:00:00+00:00,992.6,992.6,1004.5112,10.3185305123327,0.009977012000000065,1,1,0.004634293773927083,take_profit
2022-06-19 11:00:00+00:00,2022-06-19 11:00:00+00:00,1063.57,1053.9111917005314,1066.5581260009378,68.44216100841095,0.009977011999999981,3,1,0.0148650300403358,take_profit
2022-06-19 12:00:00+00:00,2022-06-19 12:00:00+00:00,1055.12,1040.8468977348816,1053.3370605077002,115.31706634683724,0.009977012000000072,4,1,0.026300326029266817,take_profit
2022-06-19 13:00:00+00:00,2022-06-19 13:00:00+00:00,1032.91,1023.5296304139795,1035.8119859789472,69.04988855460033,0.009977012000000134,3,1,0.013815337251067464,take_profit
2022-06-19 14:00:00+00:00,2022-06-19 14:00:00+00:00,1021.36,1021.36,1033.61632,10.449791896627175,0.009977012000000236,1,1,0.001860264745045799,take_profit
2022-06-19 15:00:00+00:00,2022-06-19 15:00:00+00:00,1037.52,1032.7203944304954,1045.1130391636614,33.99812666011576,0.00997701200000013,2,1,0.009426324311820469,take_profit
2022-06-19 16:00:00+00:00,2022-06-19 16:00:00+00:00,1071.68,1057.1828828612083,1069.8690774555428,116.58787441113782,0.009977011999999768,4,1,0.023486488504031122,take_profit
2022-06-19 17:00:00+00:00,2022-06-19 18:00:00+00:00,1053.09,1048.2183670394886,1060.7969874439625,34.24240550127752,0.0099770120000001,2,2,0.00958132733194686,take_profit
2022-06-19 19:00:00+00:00,2022-06-19 19:00:00+00:00,1110.57,1100.4843613178814,1113.690173653696,69.92407300796003,0.009977011999999933,3,1,0.018513015838713405,take_profit
2022-06-19 20:00:00+00:00,2022-06-19 20:00:00+00:00,1100.77,1100.77,1113.97924,10.582088208874666,0.009977012000000009,1,1,0.0024437439247073,take_profit
2022-06-19 21:00:00+00:00,2022-06-19 22:00:00+00:00,1141.74,1131.371291040707,1144.9477465331956,70.1903225591459,0.009977012000000125,3,2,0.014364040849930888,take_profit
2022-06-19 23:00:00+00:00,2022-06-20 00:00:00+00:00,1141.56,1124.7231476641703,1084.482,-492.1509298684359,-0.03770619220405076,5,2,0.05185885980587972,stop_loss
2022-06-20 01:00:00+00:00,2022-06-20 01:00:00+00:00,1087.95,1078.0697847914037,1091.0066222089006,68.79481666722859,0.009977011999999957,3,1,0.019752745990164997,take_profit
2022-06-20 02:00:00+00:00,2022-06-20 02:00:00+00:00,1075.57,1061.020261009844,1073.7525041419622,115.91125004013884,0.009977012000000122,4,1,0.020984222319328297,take_profit
2022-06-20 03:00:00+00:00,2022-06-20 03:00:00+00:00,1075.21,1070.2360391082707,1083.07887157757,34.043677750205916,0.00997701200000007,2,1,0.007459008007738006,take_profit
2022-06-20 04:00:00+00:00,2022-06-20 04:00:00+00:00,1080.0,1075.0038803926045,1087.903926957316,34.09890300415145,0.009977012000000255,2,1,0.011657407407407332,take_profit
2022-06-20 05:00:00+00:00,2022-06-20 05:00:00+00:00,1069.2,1064.2538415886784,1077.0248876877424,34.154217843853075,0.009977011999999903,2,1,0.008398802843247304,take_profit
2022-06-20 06:00:00+00:00,2022-06-20 06:00:00+00:00,1081.24,1076.2381441071293,1089.153001836415,34.2096224146394,0.00997701200000009,2,1,0.010081018090340803,take_profit
2022-06-20 07:00:00+00:00,2022-06-20 08:00:00+00:00,1085.29,1075.433941574762,1088.3391488736593,69.85712891014009,0.009977012000000106,3,2,0.018400611818039442,take_profit
2022-06-20 09:00:00+00:00,2022-06-20 09:00:00+00:00,1126.48,1121.2688622080193,1134.7240885545154,34.37843827558345,0.009977011999999836,2,1,0.009835949151338619,take_profit
2022-06-20 10:00:00+00:00,2022-06-20 10:00:00+00:00,1124.29,1124.29,1137.7814799999999,10.589106805252868,0.00997701199999991,1,1,0.005843688016436984,take_profit
2022-06-20 11:00:00+00:00,2022-06-20 11:00:00+00:00,1161.25,1150.7041110244197,1164.5125603567128,70.23687646551843,0.009977012000000072,3,1,0.013588805166846048,take_profit
2022-06-20 12:00:00+00:00,2022-06-20 12:00:00+00:00,1153.04,1136.0338293061207,1149.6662352577941,130.30890008931783,0.009977012000000087,5,1,0.027353777839450467,take_profit
2022-06-20 13:00:00+00:00,2022-06-20 13:00:00+00:00,1131.0,1115.700433446576,1129.0888386479348,119.06467146260911,0.009977011999999771,4,1,0.02090185676392582,take_profit
2022-06-20 14:00:00+00:00,2022-06-20 14:00:00+00:00,1117.12,1117.12,1130.52544,10.753827051295957,0.009977011999999962,1,1,0.0013337868805497904,take_profit
2022-06-20 15:00:00+00:00,2022-06-20 15:00:00+00:00,1140.52,1130.1623704676608,1143.7243189132728,71.3294554512122,0.009977011999999962,3,1,0.017115000175358594,take_profit
2022-06-20 16:00:00+00:00,2022-06-20 16:00:00+00:00,1134.55,1117.8165380552791,1131.2303365119426,132.33593735309114,0.009977012000000188,5,1,0.028002291657485332,take_profit
2022-06-20 17:00:00+00:00,2022-06-20 17:00:00+00:00,1108.63,1103.5014369626417,1116.7434542061935,35.317680749718875,0.00997701199999984,2,1,0.013061165582746288,take_profit
2022-06-20 18:00:00+00:00,2022-06-20 19:00:00+00:00,1097.21,1092.1342663014532,1105.2398774970707,35.37497267635672,0.00997701199999983,2,2,0.012859890084851694,take_profit
2022-06-20 20:00:00+00:00,2022-06-20 20:00:00+00:00,1106.46,1106.46,1119.7375200000001,10.896055280349628,0.009977011999999948,1,1,0.004853315980695297,take_profit
2022-06-20 21:00:00+00:00,2022-06-20 21:00:00+00:00,1121.16,1105.9935437338313,1119.2654662586374,121.36993072924633,0.009977012000000111,4,1,0.020273645153234165,take_profit
2022-06-20 22:00:00+00:00,2022-06-20 23:00:00+00:00,1103.37,1098.2657699155443,1111.4449591545308,35.646917869321896,0.00997701200000003,2,2,0.011446749503792819,take_profit
2022-06-21 00:00:00+00:00,2022-06-21 00:00:00+00:00,1128.24,1117.993891257,1131.409817952084,72.79213160156723,0.009977011999999879,3,1,0.016849251932212997,take_profit
2022-06-21 01:00:00+00:00,2022-06-21 01:00:00+00:00,1129.88,1124.6531336833295,1138.1489712875295,35.82282642093287,0.009977011999999825,2,1,0.008726590434382524,take_profit
2022-06-21 02:00:00+00:00,2022-06-21 04:00:00+00:00,1131.75,1121.472015200764,1134.9296793831732,73.15134241709256,0.009977012000000047,3,3,0.01588690081731833,take_profit
2022-06-21 05:00:00+00:00,2022-06-21 05:00:00+00:00,1131.12,1131.12,1144.69344,11.070492961231594,0.009977012000000087,1,1,0.0002475422589999052,take_profit
2022-06-21 06:00:00+00:00,2022-06-21 06:00:00+00:00,1150.53,1150.53,1164.33636,11.076015483287392,0.0099770119999999,1,1,8.691646458580745e-06,take_profit
2022-06-21 07:00:00+00:00,2022-06-21 07:00:00+00:00,1160.53,1149.9906497026222,1163.7905374990537,73.46651096614823,0.009977012000000042,3,1,0.01735413991883008,take_profit
2022-06-21 08:00:00+00:00,2022-06-21 08:00:00+00:00,1148.55,1143.2367655786347,1156.9556067655783,36.15470535327995,0.009977011999999804,2,1,0.007435462104392464,take_profit
2022-06-21 09:00:00+00:00,2022-06-21 11:00:00+00:00,1166.8,1151.0161500844076,1164.8283438854205,123.98330911700032,0.009977011999999839,4,3,0.025419952005484962,take_profit
2022-06-21 12:00:00+00:00,2022-06-21 13:00:00+00:00,1141.39,1141.39,1155.0866800000001,11.198074517933719,0.009977012000000077,1,2,0.005388167059462664,take_profit
2022-06-21 14:00:00+00:00,2022-06-21 14:00:00+00:00,1184.73,1179.2493955717873,1193.4003883186488,36.43264474319449,0.009977012000000106,2,1,0.008634878833151872,take_profit
2022-06-21 15:00:00+00:00,2022-06-21 19:00:00+00:00,1182.9,1165.4534245873606,1123.755,-519.9245155855988,-0.03770619220405108,5,5,0.05184715529630582,stop_loss
2022-06-21 20:00:00+00:00,2022-06-21 21:00:00+00:00,1124.42,1119.218391843567,1132.6490125456896,35.64832991259664,0.009977012000000032,2,2,0.009720567047900306,take_profit
2022-06-21 22:00:00+00:00,2022-06-21 23:00:00+00:00,1129.84,1124.6133187247965,1138.108678549494,35.706158214421066,0.009977012000000176,2,2,0.009983714508248932,take_profit
2022-06-22 00:00:00+00:00,2022-06-22 01:00:00+00:00,1125.86,1110.6299646332113,1123.95752420881,122.44513149869636,0.009977011999999976,4,2,0.02170784999911164,take_profit
2022-06-22 02:00:00+00:00,2022-06-22 03:00:00+00:00,1101.69,1091.68500501571,1104.7852250758986,73.31805214857832,0.009977012000000174,3,2,0.013787907669126572,take_profit
2022-06-22 04:00:00+00:00,2022-06-22 05:00:00+00:00,1089.3,1089.3,1102.3716,11.095722285096144,0.009977012000000039,1,2,0.004002570458092262,take_profit
2022-06-22 06:00:00+00:00,2022-06-22 06:00:00+00:00,1093.16,1078.3723128439074,1091.3127805980344,123.59399897334879,0.009977012000000273,4,1,0.021186285630648834,take_profit
2022-06-22 07:00:00+00:00,2022-06-22 09:00:00+00:00,1078.87,1073.8791078140455,1086.7656571078141,36.300137143296524,0.009977012000000238,2,3,0.011373010650031962,take_profit
2022-06-22 10:00:00+00:00,2022-06-22 11:00:00+00:00,1091.25,1091.25,1104.345,11.18102067855375,0.009977012000000018,1,2,0.004966781214203961,take_profit
2022-06-22 12:00:00+00:00,2022-06-22 12:00:00+00:00,1097.33,1082.4859033014422,1095.4757341410595,124.54412815669457,0.009977011999999839,4,1,0.02414952657814878,take_profit
2022-06-22 13:00:00+00:00,2022-06-22 13:00:00+00:00,1082.8,1082.8,1095.7936,11.248727250485445,0.009977012000000146,1,1,0.006621721462873888,take_profit
2022-06-22 14:00:00+00:00,2022-06-22 15:00:00+00:00,1111.92,1095.520307606034,1108.6665512973066,137.96985572876292,0.009977012000000125,5,2,0.034184113965033444,take_profit
2022-06-22 16:00:00+00:00,2022-06-22 16:00:00+00:00,1075.02,1065.25720855412,1078.0402950567695,75.0683903849731,0.009977011999999983,3,1,0.019497311677922305,take_profit
2022-06-22 17:00:00+00:00,2022-06-22 19:00:00+00:00,1079.07,1069.270428489232,1082.1016736311028,75.31665616918235,0.009977012000000035,3,3,0.017227798011250354,take_profit
2022-06-22 20:00:00+00:00,2022-06-22 20:00:00+00:00,1070.72,1056.2358692306966,1068.910699661465,126.89978966935632,0.00997701200000017,4,1,0.025282053197848115,take_profit
2022-06-22 21:00:00+00:00,2022-06-22 21:00:00+00:00,1049.31,1049.31,1061.90172,11.461488737056925,0.009977012000000259,1,1,0.0031544538792158136,take_profit
2022-06-22 22:00:00+00:00,2022-06-23 00:00:00+00:00,1059.39,1054.4892230084458,1067.1430936845472,37.28965606690417,0.009977012000000104,2,3,0.0133001066651565,take_profit
2022-06-23 01:00:00+00:00,2022-06-23 01:00:00+00:00,1078.52,1078.52,1091.46224,11.485808274892861,0.009977012000000077,1,1,0.004561806920594957,take_profit
2022-06-23 02:00:00+00:00,2022-06-23 06:00:00+00:00,1085.04,1080.0205651677697,1092.980811949783,37.36877905192023,0.009977011999999825,2,5,0.011879746368797347,take_profit
2022-06-23 07:00:00+00:00,2022-06-23 09:00:00+00:00,1099.87,1094.7819610439014,1107.9193445764283,37.42939824611858,0.009977011999999922,2,3,0.007910025730313418,take_profit
2022-06-23 10:00:00+00:00,2022-06-23 12:00:00+00:00,1110.6,1110.6,1123.9271999999999,11.528851092866034,0.00997701199999984,1,3,0.006383936610840914,take_profit
2022-06-23 13:00:00+00:00,2022-06-23 13:00:00+00:00,1118.89,1108.728803258655,1122.033548897759,76.47014095629947,0.009977012000000098,3,1,0.01668618005344589,take_profit
2022-06-23 14:00:00+00:00,2022-06-23 15:00:00+00:00,1108.21,1098.1457936519892,1111.323543175813,76.72304260259443,0.009977012000000085,3,2,0.019184089658097283,take_profit
2022-06-23 16:00:00+00:00,2022-06-23 18:00:00+00:00,1094.21,1089.1481444114738,1102.2179221444114,37.757325924762426,0.00997701200000001,2,3,0.010445892470366806,take_profit
2022-06-23 19:00:00+00:00,2022-06-23 19:00:00+00:00,1101.85,1101.85,1115.0721999999998,11.629858043377226,0.009977011999999818,1,1,0.0019784907201523226,take_profit
2022-06-23 20:00:00+00:00,2022-06-23 20:00:00+00:00,1126.64,1126.64,1140.1596800000002,11.635659605040473,0.009977012000000155,1,1,0.005893630618476265,take_profit
2022-06-23 21:00:00+00:00,2022-06-23 22:00:00+00:00,1135.69,1130.4362564102564,1144.0014914871795,37.856316464430165,0.009977011999999993,2,2,0.012397749385836059,take_profit
2022-06-23 23:00:00+00:00,2022-06-24 00:00:00+00:00,1141.56,1141.56,1155.25872,11.660348706997638,0.00997701199999992,1,2,0.0008409544833386212,take_profit
2022-06-24 01:00:00+00:00,2022-06-24 01:00:00+00:00,1143.39,1143.39,1157.11068,11.666165478946368,0.00997701199999995,1,1,0.001600503765119648,take_profit
2022-06-24 02:00:00+00:00,2022-06-24 02:00:00+00:00,1151.44,1151.44,1165.25728,11.67198515259497,0.00997701199999972,1,1,0.001641422913916574,take_profit
2022-06-24 03:00:00+00:00,2022-06-24 05:00:00+00:00,1152.52,1142.0533924976228,1155.7580332075943,77.41954013189388,0.00997701199999996,3,3,0.013335994169298485,take_profit
2022-06-24 06:00:00+00:00,2022-06-24 07:00:00+00:00,1141.79,1136.508037586548,1150.1461340375865,38.10008975851406,0.0099770119999999,2,2,0.008574256211737678,take_profit
2022-06-24 08:00:00+00:00,2022-06-24 08:00:00+00:00,1148.71,1148.71,1162.49452,11.735434766074377,0.009977011999999919,1,1,0.00046138712120550245,take_profit
2022-06-24 09:00:00+00:00,2022-06-24 10:00:00+00:00,1159.37,1148.8411842397259,1162.6272784506025,77.84039740962999,0.00997701199999989,3,2,0.014145613565988308,take_profit
2022-06-24 11:00:00+00:00,2022-06-24 11:00:00+00:00,1163.1,1163.1,1177.0572,11.780119723700864,0.009977012000000033,1,1,0.0014616112114176065,take_profit
2022-06-24 12:00:00+00:00,2022-06-24 12:00:00+00:00,1195.9,1195.9,1210.2508,11.785996243492946,0.0099770119999999,1,1,0.0031106279789280267,take_profit
2022-06-24 13:00:00+00:00,2022-06-24 13:00:00+00:00,1210.78,1205.1788873164421,1219.6410339642393,38.345432814911874,0.00997701199999995,2,1,0.007226746394885942,take_profit
2022-06-24 14:00:00+00:00,2022-06-24 14:00:00+00:00,1202.88,1197.3154330061632,1211.6832182022372,38.40763632536664,0.009977012000000124,2,1,0.008695796754456002,take_profit
2022-06-24 15:00:00+00:00,2022-06-24 16:00:00+00:00,1202.11,1191.1930410364394,1205.4873575288766,78.42960583998502,0.00997701200000002,3,2,0.015098451888762148,take_profit
2022-06-24 17:00:00+00:00,2022-06-24 17:00:00+00:00,1204.53,1204.53,1218.98436,11.869288665314343,0.009977012000000092,1,1,0.0014196408557695004,take_profit
2022-06-24 18:00:00+00:00,2022-06-24 18:00:00+00:00,1204.12,1204.12,1218.56944,11.875209667086438,0.009977011999999948,1,1,0.0022672158921036036,take_profit
2022-06-24 19:00:00+00:00,2022-06-24 19:00:00+00:00,1221.35,1215.6999901088031,1230.2883899901087,38.63568637260141,0.00997701199999993,2,1,0.0076309002333482924,take_profit
2022-06-24 20:00:00+00:00,2022-06-24 20:00:00+00:00,1228.05,1222.3689956630906,1237.0374236110476,38.698360728966236,0.009977012000000103,2,1,0.010594031187655218,take_profit
2022-06-24 21:00:00+00:00,2022-06-24 22:00:00+00:00,1219.5,1219.5,1234.134,11.91971175835124,0.009977012000000122,1,2,0.003321033210332066,take_profit
2022-06-24 23:00:00+00:00,2022-06-25 05:00:00+00:00,1230.31,1213.667020577946,1228.2310248248814,132.77232477267717,0.009977011999999952,4,7,0.021368598158187747,take_profit
2022-06-25 06:00:00+00:00,2022-06-25 07:00:00+00:00,1218.88,1213.241416419387,1227.8003134164196,38.99585447608888,0.009977012000000129,2,2,0.006727487529535348,take_profit
2022-06-25 08:00:00+00:00,2022-06-25 21:00:00+00:00,1234.41,1216.2037043240202,1230.7981487759084,147.25018717261082,0.009977011999999744,5,14,0.044077737542631765,take_profit
2022-06-25 22:00:00+00:00,2022-06-26 06:00:00+00:00,1248.41,1237.0725677020419,1251.9174385144663,80.11775091412073,0.009977011999999867,3,9,0.016805376438830205,take_profit
2022-06-26 07:00:00+00:00,2022-06-26 11:00:00+00:00,1247.01,1241.241286007761,1256.136181439854,39.42794668991792,0.00997701199999981,2,5,0.00914988652857642,take_profit
2022-06-26 12:00:00+00:00,2022-06-26 12:00:00+00:00,1269.72,1252.5439030555142,1267.5744298921804,135.20805257679785,0.009977012000000268,4,1,0.02432819834294183,take_profit
2022-06-26 13:00:00+00:00,2022-06-26 20:00:00+00:00,1240.61,1223.827687655311,1238.5136199071746,135.95898052556367,0.009977012000000146,4,8,0.024576619566181162,take_profit
2022-06-26 21:00:00+00:00,2022-06-27 13:00:00+00:00,1247.21,1228.8149173045917,1184.8495,-568.9373441735606,-0.037706192204050894,5,17,0.05278982689362669,stop_loss
2022-06-27 14:00:00+00:00,2022-06-27 14:00:00+00:00,1183.24,1177.7662883664304,1191.8994838268277,39.0088667426121,0.009977012000000047,2,1,0.006963929549372916,take_profit
2022-06-27 15:00:00+00:00,2022-06-27 18:00:00+00:00,1191.05,1180.2334823988247,1194.3962841876105,79.65733733181969,0.00997701199999999,3,4,0.01558288904747907,take_profit
2022-06-27 19:00:00+00:00,2022-06-27 22:00:00+00:00,1198.52,1192.9756025260594,1207.2913097563721,39.20136566422616,0.009977012000000065,2,4,0.009645229115909577,take_profit
2022-06-27 23:00:00+00:00,2022-06-28 06:00:00+00:00,1202.28,1184.5475892407571,1198.7621603116463,148.02620711950112,0.009977012000000023,5,8,0.03336993046544889,take_profit
2022-06-28 07:00:00+00:00,2022-06-28 07:00:00+00:00,1199.61,1199.61,1214.00532,12.148488255973007,0.009977012000000002,1,1,8.33604254715358e-06,take_profit
2022-06-28 08:00:00+00:00,2022-06-28 08:00:00+00:00,1207.66,1207.66,1222.15192,12.154548536628681,0.009977012000000077,1,1,0.0030968981335806507,take_profit
2022-06-28 09:00:00+00:00,2022-06-28 13:00:00+00:00,1225.01,1219.343058814578,1233.9751755203529,39.5445081330472,0.009977011999999914,2,5,0.008342789038456852,take_profit
2022-06-28 14:00:00+00:00,2022-06-28 14:00:00+00:00,1227.81,1211.2008392484884,1225.7352493194703,135.60777021502145,0.009977012000000089,4,1,0.025989363175083977,take_profit
2022-06-28 15:00:00+00:00,2022-06-28 23:00:00+00:00,1204.05,1180.4657316353255,1143.8474999999999,-564.3264060130678,-0.03295714712017083,6,9,0.05625181678501725,stop_loss
2022-06-29 00:00:00+00:00,2022-06-29 01:00:00+00:00,1144.05,1138.7575827436658,1152.4226737365898,38.9131944369542,0.00997701199999996,2,2,0.00963244613434726,take_profit
2022-06-29 02:00:00+00:00,2022-06-29 05:00:00+00:00,1151.0,1135.4298840822362,1149.055042691223,133.44284146321115,0.009977012000000035,4,4,0.02169417897480454,take_profit
2022-06-29 06:00:00+00:00,2022-06-29 09:00:00+00:00,1133.25,1122.9583929545092,1136.4338936699633,79.90329292396564,0.009977011999999865,3,4,0.01654533421575116,take_profit
2022-06-29 10:00:00+00:00,2022-06-29 11:00:00+00:00,1129.55,1114.2700482754906,1127.6412888547966,134.62773816144727,0.009977012000000226,4,2,0.024036120578991516,take_profit
2022-06-29 12:00:00+00:00,2022-06-29 13:00:00+00:00,1117.94,1102.81710218149,1116.050907407668,135.37544311938473,0.009977012000000203,4,2,0.024813496252035,take_profit
2022-06-29 14:00:00+00:00,2022-06-29 16:00:00+00:00,1110.54,1100.4546337628067,1113.6600893679604,81.06050176743156,0.009977011999999917,3,3,0.014164280440146252,take_profit
2022-06-29 17:00:00+00:00,2022-06-29 18:00:00+00:00,1099.23,1094.1449217073728,1107.2746607678612,39.891897936203804,0.009977011999999907,2,2,0.010743884355412375,take_profit
2022-06-29 19:00:00+00:00,2022-06-29 19:00:00+00:00,1103.66,1103.66,1116.9039200000002,12.287340237055787,0.00997701200000014,1,1,0.001948063715274714,take_profit
2022-06-29 20:00:00+00:00,2022-06-30 06:00:00+00:00,1117.95,1096.0522110225593,1062.0525,-566.4220425366366,-0.03295714712017114,6,11,0.05581644975177789,stop_loss
2022-06-30 07:00:00+00:00,2022-06-30 13:00:00+00:00,1060.72,1039.9432007476619,1007.684,-553.4030819480467,-0.03295714712017088,6,7,0.05912964778640926,stop_loss
2022-06-30 14:00:00+00:00,2022-06-30 14:00:00+00:00,1007.67,1007.67,1019.76204,11.734844348860861,0.009977011999999867,1,1,0.0005557374934253729,take_profit
2022-06-30 15:00:00+00:00,2022-06-30 15:00:00+00:00,1026.87,1026.87,1039.1924399999998,11.740698283005258,0.00997701199999992,1,1,0.00271699436150629,take_profit
2022-06-30 16:00:00+00:00,2022-06-30 16:00:00+00:00,1032.22,1027.444912424865,1039.7742513739634,38.19805707639671,0.009977012000000222,2,1,0.007091511499486482,take_profit
2022-06-30 17:00:00+00:00,2022-06-30 20:00:00+00:00,1034.39,1019.133796482306,1031.3634020400937,144.23766653397797,0.009977012000000113,5,4,0.028180860217132887,take_profit
2022-06-30 21:00:00+00:00,2022-06-30 21:00:00+00:00,1011.61,1011.6099999999999,1023.7493199999999,11.837563307572736,0.009977012000000014,1,1,0.00032621267089099644,take_profit
2022-06-30 22:00:00+00:00,2022-06-30 22:00:00+00:00,1021.89,1017.1626993837024,1029.3686517763067,38.51320491921933,0.009977011999999993,2,1,0.0071534118153616785,take_profit
2022-06-30 23:00:00+00:00,2022-06-30 23:00:00+00:00,1023.75,1023.7499999999999,1036.0349999999999,11.8626808185129,0.00997701199999982,1,1,0.005870573870573862,take_profit
2022-07-01 00:00:00+00:00,2022-07-01 00:00:00+00:00,1071.02,1061.2935345441329,1074.0290569586625,78.68441243660618,0.009977012000000271,3,1,0.019196653657261253,take_profit
2022-07-01 01:00:00+00:00,2022-07-01 02:00:00+00:00,1095.74,1090.6710665753633,1103.7591193742676,38.72256501812444,0.009977011999999943,2,2,0.009801595268950672,take_profit
2022-07-01 03:00:00+00:00,2022-07-01 03:00:00+00:00,1092.57,1076.4557004830604,1089.373168888857,146.218233279611,0.009977011999999756,5,1,0.035210558591211576,take_profit
2022-07-01 04:00:00+00:00,2022-07-01 04:00:00+00:00,1054.52,1049.6417518070455,1062.23745282873,39.0225738075892,0.009977011999999948,2,1,0.00863900163107376,take_profit
2022-07-01 05:00:00+00:00,2022-07-01 07:00:00+00:00,1050.53,1050.53,1063.13636,12.01957455286447,0.009977012000000014,1,3,0.003236461595575437,take_profit
2022-07-01 08:00:00+00:00,2022-07-01 08:00:00+00:00,1066.81,1066.81,1079.6117199999999,12.025570524841896,0.009977012000000002,1,1,0.004115072037194883,take_profit
2022-07-01 09:00:00+00:00,2022-07-01 10:00:00+00:00,1070.13,1054.346667726496,1066.998827739214,147.49812964812554,0.00997701200000001,5,2,0.031743806827207934,take_profit
2022-07-01 11:00:00+00:00,2022-07-01 12:00:00+00:00,1039.51,1039.51,1051.98412,12.105149018387465,0.009977012000000054,1,2,0.005839289665323023,take_profit
2022-07-01 13:00:00+00:00,2022-07-01 13:00:00+00:00,1049.67,1049.67,1062.26604,12.111187679238355,0.009977012000000037,1,1,0.004744348223727474,take_profit
2022-07-01 14:00:00+00:00,2022-07-01 14:00:00+00:00,1061.29,1051.6518975148388,1064.271720285017,80.33274274421183,0.009977012000000058,3,1,0.01517963987223087,take_profit
2022-07-01 15:00:00+00:00,2022-07-01 16:00:00+00:00,1057.42,1057.42,1070.10904,12.157303389396247,0.009977011999999869,1,2,0.004596092375782685,take_profit
2022-07-01 17:00:00+00:00,2022-07-01 17:00:00+00:00,1064.52,1064.52,1077.29424,12.163368067486772,0.009977012000000148,1,1,0.00236726411903955,take_profit
2022-07-01 18:00:00+00:00,2022-07-01 20:00:00+00:00,1074.19,1064.4347461970478,1077.2079631514125,80.67885196293446,0.009977012000000283,3,3,0.015230080339604843,take_profit
2022-07-01 21:00:00+00:00,2022-07-01 23:00:00+00:00,1069.51,1059.7972476053626,1072.514814576627,80.94567263603858,0.00997701199999981,3,3,0.013847462856822233,take_profit
2022-07-02 00:00:00+00:00,2022-07-02 00:00:00+00:00,1059.73,1054.8276501559767,1067.4855819578484,39.8353876520373,0.00997701200000003,2,1,0.00820963830409637,take_profit
2022-07-02 01:00:00+00:00,2022-07-02 02:00:00+00:00,1052.14,1042.5849932169929,1055.0960131355969,81.34511912072139,0.009977011999999938,3,2,0.014389719999239738,take_profit
2022-07-02 03:00:00+00:00,2022-07-02 05:00:00+00:00,1041.82,1037.000502472799,1049.4445085024727,40.03196524593886,0.009977012000000013,2,3,0.0077268626058243795,take_profit
2022-07-02 06:00:00+00:00,2022-07-02 12:00:00+00:00,1046.28,1036.7782107923617,1049.21954932187,81.74653677308925,0.009977012000000094,3,7,0.01719425010513439,take_profit
2022-07-02 13:00:00+00:00,2022-07-02 16:00:00+00:00,1058.63,1053.7327387963176,1066.3775316618735,40.22951290070159,0.009977012000000158,2,4,0.013252977905406232,take_profit
2022-07-02 17:00:00+00:00,2022-07-02 18:00:00+00:00,1061.56,1061.56,1074.29872,12.39133102597566,0.009977012000000209,1,2,0.002402125174271784,take_profit
2022-07-02 19:00:00+00:00,2022-07-02 19:00:00+00:00,1070.13,1065.179539374572,1077.9616938470667,40.31487381528632,0.009977011999999712,2,1,0.007419659293730719,take_profit
2022-07-02 20:00:00+00:00,2022-07-03 04:00:00+00:00,1066.05,1051.62904250727,1064.2485910173573,138.2495421664462,0.009977012000000165,4,9,0.023704329065240826,take_profit
2022-07-03 05:00:00+00:00,2022-07-03 05:00:00+00:00,1073.08,1063.334826659276,1076.0948445791873,82.78146315833146,0.00997701200000017,3,1,0.015171282662988755,take_profit
2022-07-03 06:00:00+00:00,2022-07-03 17:00:00+00:00,1058.63,1049.0160542981976,1061.6042469497759,83.05523757607989,0.009977012000000165,3,12,0.016681937976441324,take_profit
2022-07-03 18:00:00+00:00,2022-07-03 19:00:00+00:00,1060.31,1060.31,1073.03372,12.5693171526068,0.009977011999999822,1,2,0.0026784619592382587,take_profit
2022-07-03 20:00:00+00:00,2022-07-04 02:00:00+00:00,1077.63,1063.0523944253173,1075.809023158421,140.00820598597966,0.009977011999999967,4,7,0.026085019904791184,take_profit
2022-07-04 03:00:00+00:00,2022-07-04 09:00:00+00:00,1050.42,1050.42,1063.02504,12.645430541571159,0.00997701199999995,1,7,0.004807600769216296,take_profit
2022-07-04 10:00:00+00:00,2022-07-04 11:00:00+00:00,1068.81,1068.81,1081.63572,12.651738722184291,0.009977012000000118,1,2,0.00021519259737466735,take_profit
2022-07-04 12:00:00+00:00,2022-07-04 12:00:00+00:00,1101.0,1101.0,1114.212,12.65805004963704,0.009977012000000231,1,1,9.082652134414992e-06,take_profit
2022-07-04 13:00:00+00:00,2022-07-04 15:00:00+00:00,1109.06,1094.057226099257,1107.1859128124481,140.99659171722124,0.009977012000000063,4,3,0.02228012911835251,take_profit
2022-07-04 16:00:00+00:00,2022-07-04 17:00:00+00:00,1112.2,1107.0549220117173,1120.339581075858,41.4113602487796,0.009977012000000276,2,2,0.007930228376191275,take_profit
2022-07-04 18:00:00+00:00,2022-07-04 21:00:00+00:00,1125.87,1120.66168409039,1134.1096242994747,41.47853727068377,0.009977012000000144,2,4,0.007398722765505723,take_profit
2022-07-04 22:00:00+00:00,2022-07-04 22:00:00+00:00,1135.27,1135.27,1148.89324,12.776050434986473,0.009977012000000018,1,1,0.0036114756841983927,take_profit
2022-07-04 23:00:00+00:00,2022-07-04 23:00:00+00:00,1142.94,1142.94,1156.6552800000002,12.782423775411871,0.009977012000000233,1,1,0.0021523439550632894,take_profit
2022-07-05 00:00:00+00:00,2022-07-05 05:00:00+00:00,1151.01,1145.685385528418,1159.433610154759,41.587283922849565,0.00997701200000011,2,6,0.0076802112926906965,take_profit
2022-07-05 06:00:00+00:00,2022-07-05 06:00:00+00:00,1158.44,1158.44,1172.34128,12.809546136718609,0.009977011999999947,1,1,0.0007682745761542247,take_profit
2022-07-05 07:00:00+00:00,2022-07-05 12:00:00+00:00,1165.84,1143.0041680741895,1107.5479999999998,-590.4946999714666,-0.03295714712017118,6,6,0.0628559665134152,stop_loss
2022-07-05 13:00:00+00:00,2022-07-05 14:00:00+00:00,1093.46,1093.46,1106.58152,12.52136755111701,0.009977011999999912,1,2,0.005569476706967009,take_profit
2022-07-05 15:00:00+00:00,2022-07-05 16:00:00+00:00,1093.38,1083.4504722599615,1096.4518779270811,83.05343992100279,0.009977012000000007,3,2,0.015584700653021082,take_profit
2022-07-05 17:00:00+00:00,2022-07-05 18:00:00+00:00,1095.6,1095.6,1108.7472,12.56904510116965,0.009977012000000141,1,2,0.0011591821832785524,take_profit
2022-07-05 19:00:00+00:00,2022-07-05 19:00:00+00:00,1127.5,1127.5,1141.03,12.575315176859704,0.009977012000000068,1,1,0.0032638580931264424,take_profit
2022-07-05 20:00:00+00:00,2022-07-05 20:00:00+00:00,1146.53,1146.53,1160.28836,12.581588380380708,0.009977011999999941,1,1,0.0013344613747568513,take_profit
2022-07-05 21:00:00+00:00,2022-07-05 21:00:00+00:00,1154.65,1144.164048907941,1157.8940174948361,83.45288087701738,0.009977011999999872,3,1,0.014489239163382859,take_profit
2022-07-05 22:00:00+00:00,2022-07-05 23:00:00+00:00,1152.8,1137.2055346394454,1150.8520010551188,140.6083802606281,0.009977012000000028,4,2,0.02116585704371952,take_profit
2022-07-06 00:00:00+00:00,2022-07-06 00:00:00+00:00,1132.51,1132.51,1146.10012,12.699637807848603,0.009977012000000035,1,1,0.00618979081862411,take_profit
2022-07-06 01:00:00+00:00,2022-07-06 01:00:00+00:00,1144.04,1128.5640352610262,1142.1068036841586,141.45983306498056,0.00997701199999991,4,1,0.026616202230691274,take_profit
2022-07-06 02:00:00+00:00,2022-07-06 03:00:00+00:00,1115.22,1115.22,1128.60264,12.776540352389247,0.009977012000000075,1,2,0.0033894657556356347,take_profit
2022-07-06 04:00:00+00:00,2022-07-06 04:00:00+00:00,1130.87,1130.87,1144.4404399999999,12.782913937209969,0.009977012000000082,1,1,0.0033956157648535362,take_profit
2022-07-06 05:00:00+00:00,2022-07-06 05:00:00+00:00,1132.34,1127.1017536331124,1140.6269746767098,41.5888786515352,0.009977011999999974,2,1,0.008946076266845543,take_profit
2022-07-06 06:00:00+00:00,2022-07-06 07:00:00+00:00,1131.86,1126.6239741307159,1140.1434618202845,41.65634364170728,0.009977012000000146,2,2,0.009762691498948595,take_profit
2022-07-06 08:00:00+00:00,2022-07-06 09:00:00+00:00,1139.36,1139.36,1153.0323199999998,12.830817630585443,0.009977012000000104,1,2,0.004827271450638956,take_profit
2022-07-06 10:00:00+00:00,2022-07-06 13:00:00+00:00,1146.7,1131.188052195569,1144.762308821916,142.92103031379884,0.009977011999999818,4,4,0.020668003837097798,take_profit
2022-07-06 14:00:00+00:00,2022-07-06 17:00:00+00:00,1141.33,1136.0501655634177,1149.6827675501788,41.97657689004063,0.00997701200000025,2,4,0.011635548001016335,take_profit
2022-07-06 18:00:00+00:00,2022-07-06 18:00:00+00:00,1141.67,1141.67,1155.37004,12.929454573950807,0.009977011999999839,1,1,0.006534287491131444,take_profit
2022-07-06 19:00:00+00:00,2022-07-06 22:00:00+00:00,1162.59,1157.211816023739,1171.0983578160237,42.06564480899215,0.009977011999999976,2,4,0.012446348239706197,take_profit
2022-07-06 23:00:00+00:00,2022-07-06 23:00:00+00:00,1190.6,1190.6,1204.8872,12.956888912275417,0.009977012000000124,1,1,0.003955988577187812,take_profit
2022-07-07 00:00:00+00:00,2022-07-07 08:00:00+00:00,1186.57,1175.7941675076393,1189.903697517731,85.94222559522132,0.009977012000000299,3,9,0.01971227993291578,take_profit
2022-07-07 09:00:00+00:00,2022-07-07 13:00:00+00:00,1185.87,1185.87,1200.10044,13.006224794886748,0.00997701199999997,1,5,0.006240144366583069,take_profit
2022-07-07 14:00:00+00:00,2022-07-07 14:00:00+00:00,1197.17,1197.17,1211.5360400000002,13.01271295792958,0.009977012000000098,1,1,0.0034498024507798467,take_profit
2022-07-07 15:00:00+00:00,2022-07-07 16:00:00+00:00,1223.14,1217.4817095031576,1232.0914900171956,42.3365237998878,0.009977012000000259,2,2,0.007954935657406362,take_profit
2022-07-07 17:00:00+00:00,2022-07-07 19:00:00+00:00,1233.69,1222.4862473452886,1237.156082313432,86.45251809123329,0.00997701199999992,3,3,0.013382616378506748,take_profit
2022-07-07 20:00:00+00:00,2022-07-08 01:00:00+00:00,1247.8,1236.4681074155187,1251.3057247045049,86.73843340246822,0.009977012000000033,3,6,0.01818400384677036,take_profit
2022-07-08 02:00:00+00:00,2022-07-08 04:00:00+00:00,1262.12,1250.6580603712728,1265.6659570957281,87.02529429130846,0.00997701199999992,3,3,0.015561119386429083,take_profit
2022-07-08 05:00:00+00:00,2022-07-08 20:00:00+00:00,1253.55,1235.0614087340314,1249.8821456388398,161.45607478169768,0.009977011999999948,5,16,0.04818315982609379,take_profit
2022-07-08 21:00:00+00:00,2022-07-08 23:00:00+00:00,1243.77,1225.425653816063,1240.1307616618558,162.44346567750108,0.009977011999999971,5,3,0.027296043480707886,take_profit
2022-07-09 00:00:00+00:00,2022-07-09 07:00:00+00:00,1214.03,1208.413852697253,1222.9148189296202,43.352747374801766,0.009977012000000068,2,8,0.0077098588996976185,take_profit
2022-07-09 08:00:00+00:00,2022-07-09 17:00:00+00:00,1225.01,1213.8850747436163,1228.4516956405398,88.52767871165634,0.009977012000000113,3,10,0.016114154170170047,take_profit
2022-07-09 18:00:00+00:00,2022-07-10 14:00:00+00:00,1228.04,1203.985828725921,1166.638,-617.2902310942154,-0.032957147120171025,6,21,0.05830428976254838,stop_loss
2022-07-10 15:00:00+00:00,2022-07-10 16:00:00+00:00,1159.54,1159.54,1173.4544799999999,13.08956349585901,0.009977011999999988,1,2,0.005640167652689828,take_profit
2022-07-10 17:00:00+00:00,2022-07-10 20:00:00+00:00,1172.06,1166.6380074564406,1180.637663545918,42.58655503000864,0.009977012000000094,2,4,0.008446666552906731,take_profit
2022-07-10 21:00:00+00:00,2022-07-11 21:00:00+00:00,1177.99,1160.6158421080943,1119.0905,-607.7459967704563,-0.03770619220405099,5,25,0.050925729420453494,stop_loss
2022-07-11 22:00:00+00:00,2022-07-11 22:00:00+00:00,1121.71,1106.536103626312,1119.8145368698279,142.66434924518398,0.009977012000000052,4,1,0.02630804753456775,take_profit
2022-07-11 23:00:00+00:00,2022-07-12 19:00:00+00:00,1098.72,1077.1988776731569,1043.7839999999999,-593.6920823052496,-0.032957147120170754,6,21,0.05939638852482888,stop_loss
2022-07-12 20:00:00+00:00,2022-07-13 02:00:00+00:00,1041.41,1041.41,1053.9069200000001,12.589167650601212,0.009977012000000065,1,7,0.005867045640045829,take_profit
2022-07-13 03:00:00+00:00,2022-07-13 07:00:00+00:00,1056.76,1051.871389484897,1064.4938461587158,40.958530137689195,0.009977012000000254,2,5,0.007239108217570774,take_profit
2022-07-13 08:00:00+00:00,2022-07-13 11:00:00+00:00,1069.57,1069.57,1082.40484,12.615879951771376,0.00997701199999995,1,4,0.0036182765036415487,take_profit
2022-07-13 12:00:00+00:00,2022-07-13 12:00:00+00:00,1082.02,1058.754097962283,1027.9189999999999,-570.2980277295828,-0.03106472797279738,7,1,0.06996173823034688,stop_loss
2022-07-13 13:00:00+00:00,2022-07-13 13:00:00+00:00,1029.28,1024.5185129726851,1036.8127351283574,40.12030715799483,0.00997701200000008,2,1,0.01282449867868795,take_profit
2022-07-13 14:00:00+00:00,2022-07-13 14:00:00+00:00,1041.73,1036.9109188160999,1049.3538498418932,40.185389848748855,0.009977012000000068,2,1,0.00857227880544869,take_profit
2022-07-13 15:00:00+00:00,2022-07-13 15:00:00+00:00,1066.45,1061.5165631895306,1074.254761947805,40.25057811587885,0.009977012000000035,2,1,0.009686342538328242,take_profit
2022-07-13 16:00:00+00:00,2022-07-13 16:00:00+00:00,1060.2,1055.2954759187403,1067.9590216297652,40.315872130650405,0.009977012000000188,2,1,0.010365968685153753,take_profit
2022-07-13 17:00:00+00:00,2022-07-13 17:00:00+00:00,1073.44,1073.44,1086.3212800000001,12.417931044923762,0.009977011999999992,1,1,0.0012762706811746518,take_profit
2022-07-13 18:00:00+00:00,2022-07-13 22:00:00+00:00,1094.34,1084.401754022358,1097.4145750706264,82.36735211009182,0.009977012000000108,3,5,0.018230166127528757,take_profit
2022-07-13 23:00:00+00:00,2022-07-13 23:00:00+00:00,1086.36,1086.36,1099.3963199999998,12.465214740296688,0.009977011999999896,1,1,0.0003405869140983568,take_profit
2022-07-14 00:00:00+00:00,2022-07-14 15:00:00+00:00,1115.01,1098.5647332396254,1111.7475100385009,152.89053072849492,0.009977011999999993,5,16,0.03847499125568389,take_profit
2022-07-14 16:00:00+00:00,2022-07-14 16:00:00+00:00,1140.96,1135.681877196987,1149.3100597233508,40.80326978390622,0.009977012000000063,2,1,0.006853877436544608,take_profit
2022-07-14 17:00:00+00:00,2022-07-14 17:00:00+00:00,1140.59,1140.59,1154.2770799999998,12.568057288750879,0.009977011999999877,1,1,0.0025863807327784903,take_profit
2022-07-14 18:00:00+00:00,2022-07-14 19:00:00+00:00,1195.78,1190.2482778665446,1204.5312572009432,40.889848123430966,0.009977011999999804,2,2,0.007049791767716523,take_profit
2022-07-14 20:00:00+00:00,2022-07-15 01:00:00+00:00,1194.05,1188.52628090999,1202.7885962809098,40.95617915449566,0.009977011999999948,2,6,0.011264184916879565,take_profit
2022-07-15 02:00:00+00:00,2022-07-15 02:00:00+00:00,1209.55,1198.5654746950158,1212.9482603913561,83.63381075022153,0.009977012000000287,3,1,0.014195361911454546,take_profit
2022-07-15 03:00:00+00:00,2022-07-15 04:00:00+00:00,1195.79,1195.79,1210.13948,12.656876588158866,0.009977012000000207,1,2,0.005017603425350605,take_profit
2022-07-15 05:00:00+00:00,2022-07-15 05:00:00+00:00,1192.92,1192.92,1207.23504,12.663190478638853,0.009977012000000092,1,1,0.002229822620125475,take_profit
2022-07-15 06:00:00+00:00,2022-07-15 07:00:00+00:00,1207.73,1202.1429967282966,1216.5687126890361,41.19936148708348,0.00997701200000006,2,2,0.011716194844874343,take_profit
2022-07-15 08:00:00+00:00,2022-07-15 09:00:00+00:00,1211.86,1206.2538911968347,1220.7289378911967,41.26619460708753,0.00997701199999982,2,2,0.007080025745548106,take_profit
2022-07-15 10:00:00+00:00,2022-07-15 12:00:00+00:00,1218.8,1213.1617865023204,1227.7197279403483,41.33313614299459,0.009977011999999872,2,3,0.009271414506071508,take_profit
2022-07-15 13:00:00+00:00,2022-07-15 14:00:00+00:00,1227.61,1221.9310311192269,1236.5942034926577,41.400186270675476,0.009977012000000169,2,2,0.009204877770627442,take_profit
2022-07-15 15:00:00+00:00,2022-07-15 17:00:00+00:00,1227.97,1216.818193511007,1231.4200118331391,84.54048729800525,0.009977012000000141,3,3,0.019748039447217765,take_profit
2022-07-15 18:00:00+00:00,2022-07-15 18:00:00+00:00,1221.59,1221.59,1236.2490799999998,12.79409015128249,0.009977011999999768,1,1,0.0006139539452680523,take_profit
2022-07-15 19:00:00+00:00,2022-07-15 19:00:00+00:00,1254.73,1254.73,1269.78676,12.800472490831226,0.009977012000000013,1,1,0.005028970376096806,take_profit
2022-07-15 20:00:00+00:00,2022-07-15 20:00:00+00:00,1266.33,1260.4719109792284,1275.5975739109792,41.646004949923736,0.009977011999999928,2,1,0.009942116194040984,take_profit
2022-07-15 21:00:00+00:00,2022-07-16 06:00:00+00:00,1256.68,1238.145244408187,1193.846,-594.3235552151218,-0.03770619220405096,5,10,0.050386733297259574,stop_loss
2022-07-16 07:00:00+00:00,2022-07-16 12:00:00+00:00,1198.19,1198.19,1212.56828,12.531154486657215,0.009977011999999997,1,6,0.005808761548669273,take_profit
2022-07-16 13:00:00+00:00,2022-07-16 13:00:00+00:00,1215.26,1215.26,1229.84312,12.537405660591503,0.009977011999999938,1,1,0.0021230024850648647,take_profit
2022-07-16 14:00:00+00:00,2022-07-16 15:00:00+00:00,1234.67,1234.67,1249.48604,12.543659952927555,0.009977011999999797,1,2,0.002518891687657534,take_profit
2022-07-16 16:00:00+00:00,2022-07-16 16:00:00+00:00,1274.34,1274.34,1289.6320799999999,12.549917365221518,0.009977011999999997,1,1,0.001671453458260654,take_profit
2022-07-16 17:00:00+00:00,2022-07-16 17:00:00+00:00,1358.86,1340.4780645386509,1356.5638013131147,139.79211394252343,0.009977011999999952,4,1,0.02498417791383941,take_profit
2022-07-16 18:00:00+00:00,2022-07-16 19:00:00+00:00,1328.14,1328.14,1344.07768,12.625913278944608,0.009977011999999997,1,2,0.002748204255575535,take_profit
2022-07-16 20:00:00+00:00,2022-07-16 20:00:00+00:00,1336.23,1324.0950305913113,1339.984170958407,83.74688512893772,0.009977011999999971,3,1,0.01618733301901627,take_profit
2022-07-16 21:00:00+00:00,2022-07-16 21:00:00+00:00,1347.62,1341.3858604580385,1357.482490783535,41.21393429840373,0.00997701199999995,2,1,0.007606001691871597,take_profit
2022-07-16 22:00:00+00:00,2022-07-17 00:00:00+00:00,1345.29,1345.29,1361.43348,12.694548503107399,0.009977012000000172,1,3,0.005203339057006296,take_profit
2022-07-17 01:00:00+00:00,2022-07-17 01:00:00+00:00,1363.49,1345.0454323608064,1361.1859775491362,141.40314387352737,0.009977012000000228,4,1,0.025904113708204633,take_profit
2022-07-17 02:00:00+00:00,2022-07-17 03:00:00+00:00,1338.72,1338.72,1354.78464,12.771420229407795,0.009977011999999933,1,2,0.0020990199593641278,take_profit
2022-07-17 04:00:00+00:00,2022-07-17 06:00:00+00:00,1353.61,1353.61,1369.85332,12.777791260052254,0.009977012000000061,1,3,0.004779811023854582,take_profit
2022-07-17 07:00:00+00:00,2022-07-17 17:00:00+00:00,1374.68,1354.4048640728317,1370.6577224417058,156.72439889638008,0.009977012000000066,5,11,0.040474874152530115,take_profit
2022-07-17 18:00:00+00:00,2022-07-17 18:00:00+00:00,1327.49,1327.49,1343.41988,12.862347529312956,0.009977011999999947,1,1,0.0037363746619560496,take_profit
2022-07-17 19:00:00+00:00,2022-07-17 19:00:00+00:00,1336.15,1336.15,1352.1838,12.868763919095272,0.009977011999999877,1,1,0.0015267746884707488,take_profit
2022-07-17 20:00:00+00:00,2022-07-17 21:00:00+00:00,1347.89,1347.89,1364.0646800000002,12.875183509697763,0.009977012000000025,1,2,0.00624680055494148,take_profit
2022-07-17 22:00:00+00:00,2022-07-17 22:00:00+00:00,1365.58,1359.2627768393822,1375.5739301614549,41.889075310316,0.009977012000000089,2,1,0.011885059828058422,take_profit
2022-07-17 23:00:00+00:00,2022-07-18 01:00:00+00:00,1360.3,1347.94643894641,1364.1217962137669,85.53881415034448,0.009977012000000056,3,3,0.01840035286333895,take_profit
2022-07-18 02:00:00+00:00,2022-07-18 02:00:00+00:00,1359.68,1359.68,1375.9961600000001,12.945173781831045,0.009977012000000162,1,1,0.0006986938103083413,take_profit
2022-07-18 03:00:00+00:00,2022-07-18 05:00:00+00:00,1412.76,1399.9300235873923,1416.729183870441,85.86451987508917,0.009977011999999678,3,3,0.013392225147937422,take_profit
2022-07-18 06:00:00+00:00,2022-07-18 06:00:00+00:00,1433.56,1433.56,1450.76272,12.99446505679748,0.009977012000000052,1,1,0.004576020536287247,take_profit
2022-07-18 07:00:00+00:00,2022-07-18 07:00:00+00:00,1454.01,1454.01,1471.45812,13.000947353487845,0.00997701200000013,1,1,0.0035281738089833507,take_profit
2022-07-18 08:00:00+00:00,2022-07-18 08:00:00+00:00,1467.14,1467.14,1484.7456800000002,13.007432883875481,0.009977011999999962,1,1,0.003114903826492471,take_profit
2022-07-18 09:00:00+00:00,2022-07-18 10:00:00+00:00,1478.4,1478.4,1496.1408000000001,13.013921649574286,0.009977012000000132,1,2,0.005282738095238212,take_profit
2022-07-18 11:00:00+00:00,2022-07-18 11:00:00+00:00,1485.38,1471.8905252387106,1489.5532115415751,86.32052013864086,0.009977011999999902,3,1,0.013451103421346738,take_profit
2022-07-18 12:00:00+00:00,2022-07-18 12:00:00+00:00,1479.08,1465.647738672981,1483.2355115370567,86.60599890694357,0.00997701199999995,3,1,0.017957108472834427,take_profit
2022-07-18 13:00:00+00:00,2022-07-18 15:00:00+00:00,1485.46,1471.9697987189104,1489.6334363035373,86.89242180912152,0.009977012000000052,3,3,0.014345724556702938,take_profit
2022-07-18 16:00:00+00:00,2022-07-18 16:00:00+00:00,1521.34,1500.7601215027535,1518.7692429607864,146.40360595230595,0.009977011999999987,4,1,0.020994649453770907,take_profit
2022-07-18 17:00:00+00:00,2022-07-18 21:00:00+00:00,1495.81,1473.7483194116319,1491.4332992445716,162.10489638656145,0.009977011999999818,5,5,0.030625547362298652,take_profit
2022-07-18 22:00:00+00:00,2022-07-18 22:00:00+00:00,1487.19,1487.19,1505.03628,13.303924138230968,0.009977012000000026,1,1,0.001889469402026604,take_profit
2022-07-18 23:00:00+00:00,2022-07-18 23:00:00+00:00,1514.42,1514.42,1532.5930400000002,13.310560808769651,0.009977012000000006,1,1,0.00115555790335574,take_profit
2022-07-19 00:00:00+00:00,2022-07-19 00:00:00+00:00,1581.03,1559.6426669248806,1578.3583789279792,148.2648354621706,0.009977011999999919,4,1,0.025318937654566942,take_profit
2022-07-19 01:00:00+00:00,2022-07-19 01:00:00+00:00,1560.14,1539.035255735934,1557.5036788047653,149.08827908587773,0.00997701200000005,4,1,0.021921109644006335,take_profit
2022-07-19 02:00:00+00:00,2022-07-19 03:00:00+00:00,1527.48,1520.4138215019402,1538.6587873599635,43.78792677824458,0.009977012000000026,2,2,0.010828292350799986,take_profit
2022-07-19 04:00:00+00:00,2022-07-19 04:00:00+00:00,1516.24,1502.4702702257623,1520.4999134684715,89.41632879135796,0.009977012000000035,3,1,0.015254840922281505,take_profit
2022-07-19 05:00:00+00:00,2022-07-19 05:00:00+00:00,1519.81,1519.81,1538.04772,13.531984592432991,0.009977011999999959,1,1,0.0038031069673182655,take_profit
2022-07-19 06:00:00+00:00,2022-07-19 06:00:00+00:00,1530.16,1509.4608092330793,1527.5743389438762,150.7312500125372,0.009977012000000033,4,1,0.02041616562973807,take_profit
2022-07-19 07:00:00+00:00,2022-07-19 08:00:00+00:00,1517.84,1510.818416495473,1528.9482374934187,44.270475044791965,0.00997701200000012,2,2,0.007965266431244346,take_profit
2022-07-19 09:00:00+00:00,2022-07-19 10:00:00+00:00,1534.97,1527.8691724872556,1546.2036025571026,44.34229008911643,0.009977012000000045,2,2,0.009752633601959665,take_profit
2022-07-19 11:00:00+00:00,2022-07-19 11:00:00+00:00,1541.77,1541.77,1560.27124,13.658131936628251,0.009977011999999903,1,1,0.005448283466405554,take_profit
2022-07-19 12:00:00+00:00,2022-07-19 12:00:00+00:00,1541.82,1541.82,1560.32184,13.66494530393993,0.009977012000000058,1,1,0.0017446913388072716,take_profit
2022-07-19 13:00:00+00:00,2022-07-19 13:00:00+00:00,1560.75,1553.5299132618122,1572.172272220954,44.45854480574417,0.009977011999999907,2,1,0.013294890277110364,take_profit
2022-07-19 14:00:00+00:00,2022-07-19 16:00:00+00:00,1559.62,1536.6171866218097,1555.0565928612714,167.87756370570423,0.009977011999999905,5,3,0.034117284979674416,take_profit
2022-07-19 17:00:00+00:00,2022-07-19 17:00:00+00:00,1564.67,1557.4317791980523,1576.120960548429,44.802993945471826,0.009977011999999943,2,1,0.011133338020157651,take_profit
2022-07-19 18:00:00+00:00,2022-07-19 19:00:00+00:00,1574.61,1567.3257963935175,1586.1337059502398,44.87567283569933,0.009977012000000052,2,2,0.010523240675468807,take_profit
2022-07-19 20:00:00+00:00,2022-07-19 21:00:00+00:00,1560.78,1553.5597744807121,1572.2024917744807,44.94846962476822,0.009977012000000124,2,2,0.008079293686490024,take_profit
2022-07-19 22:00:00+00:00,2022-07-19 23:00:00+00:00,1575.68,1552.440317908371,1571.0696017232715,169.7275429476249,0.009977012000000002,5,2,0.0315228980503656,take_profit
2022-07-20 00:00:00+00:00,2022-07-20 00:00:00+00:00,1542.33,1521.4661799448786,1539.7237741042172,155.0819178533784,0.009977012000000103,4,1,0.0206570578280912,take_profit
2022-07-20 01:00:00+00:00,2022-07-20 01:00:00+00:00,1522.72,1522.72,1540.99264,14.006876287414798,0.009977011999999902,1,1,0.003034044341704396,take_profit
2022-07-20 02:00:00+00:00,2022-07-20 03:00:00+00:00,1539.69,1539.69,1558.1662800000001,14.013863626055127,0.009977012000000063,1,2,0.0022212263507589663,take_profit
2022-07-20 04:00:00+00:00,2022-07-20 07:00:00+00:00,1561.72,1540.593882336151,1559.0810089241847,156.0988462137102,0.00997701200000003,4,4,0.02110493558384348,take_profit
2022-07-20 08:00:00+00:00,2022-07-20 09:00:00+00:00,1531.05,1531.05,1549.4225999999999,14.09872445342603,0.009977011999999858,1,2,0.0028607818164004322,take_profit
2022-07-20 10:00:00+00:00,2022-07-20 10:00:00+00:00,1550.47,1550.47,1569.07564,14.105757610579303,0.009977012000000176,1,1,0.0018639509310080815,take_profit
2022-07-20 11:00:00+00:00,2022-07-20 11:00:00+00:00,1592.69,1592.69,1611.80228,14.112794276226623,0.009977012000000054,1,1,0.0046713421946518495,take_profit
2022-07-20 12:00:00+00:00,2022-07-20 12:00:00+00:00,1602.9,1595.4849258160236,1614.6307449258159,45.91560981096427,0.009977011999999955,2,1,0.012414997816457727,take_profit
2022-07-20 13:00:00+00:00,2022-07-20 13:00:00+00:00,1602.0,1594.58908924903,1613.7241583200182,45.99009357357136,0.009977011999999782,2,1,0.008764044943820201,take_profit
2022-07-20 14:00:00+00:00,2022-07-20 14:00:00+00:00,1589.97,1589.97,1609.04964,14.165681667395575,0.009977011999999898,1,1,0.001421410466864149,take_profit
2022-07-20 15:00:00+00:00,2022-07-20 20:00:00+00:00,1605.84,1571.3107712165695,1525.5479999999998,-640.3564671861495,-0.031064727972797544,7,6,0.07572983609824135,stop_loss
2022-07-20 21:00:00+00:00,2022-07-20 21:00:00+00:00,1521.01,1521.01,1539.26212,13.853306018325384,0.009977012000000122,1,1,0.0037869573507077476,take_profit
2022-07-20 22:00:00+00:00,2022-07-21 01:00:00+00:00,1545.36,1524.4551917161807,1542.748654016775,154.31041313156857,0.009977012000000032,4,4,0.025029766526893305,take_profit
2022-07-21 02:00:00+00:00,2022-07-21 02:00:00+00:00,1530.47,1507.8971195605861,1525.9918849953133,170.85968183194927,0.009977012000000125,5,1,0.027984867393676404,take_profit
2022-07-21 03:00:00+00:00,2022-07-21 04:00:00+00:00,1488.73,1475.2101022220747,1492.9126234487396,92.9635044485949,0.009977011999999815,3,2,0.01690702813807747,take_profit
2022-07-21 05:00:00+00:00,2022-07-21 07:00:00+00:00,1485.22,1478.3493178117628,1496.089509625504,45.749662910983716,0.009977011999999851,2,3,0.010220708043252895,take_profit
2022-07-21 08:00:00+00:00,2022-07-21 09:00:00+00:00,1488.01,1488.01,1505.86612,14.091625192084166,0.009977011999999922,1,2,0.004831956774484079,take_profit
2022-07-21 10:00:00+00:00,2022-07-21 12:00:00+00:00,1511.19,1490.747425305156,1508.6363944088178,156.9650235264653,0.009977012000000018,4,3,0.022617936857708205,take_profit
2022-07-21 13:00:00+00:00,2022-07-21 15:00:00+00:00,1506.13,1492.4520841655196,1510.361509175506,93.98797354829003,0.009977012000000356,3,3,0.01661211183629581,take_profit
2022-07-21 16:00:00+00:00,2022-07-21 16:00:00+00:00,1511.01,1511.01,1529.14212,14.223842860928926,0.009977012000000045,1,1,0.0013368541571531505,take_profit
2022-07-21 17:00:00+00:00,2022-07-21 17:00:00+00:00,1558.36,1544.2077575509277,1562.7382506415388,94.34585109599539,0.009977011999999877,3,1,0.018352627120819264,take_profit
2022-07-21 18:00:00+00:00,2022-07-21 19:00:00+00:00,1536.23,1536.23,1554.6647600000001,14.278002917901176,0.009977012000000061,1,2,0.0017315115575142275,take_profit
2022-07-21 20:00:00+00:00,2022-07-21 20:00:00+00:00,1578.84,1578.84,1597.7860799999999,14.285125508223473,0.00997701199999999,1,1,0.002609510780066309,take_profit
2022-07-21 21:00:00+00:00,2022-07-22 05:00:00+00:00,1585.1,1563.6576101292376,1582.4215014507884,159.1204017217533,0.009977012000000106,4,9,0.020188000757050028,take_profit
2022-07-22 06:00:00+00:00,2022-07-22 07:00:00+00:00,1590.09,1590.09,1609.1710799999998,14.371628959525424,0.009977011999999964,1,2,0.0025407366878604128,take_profit
2022-07-22 08:00:00+00:00,2022-07-22 08:00:00+00:00,1601.69,1601.69,1620.91028,14.378798255254651,0.009977011999999818,1,1,0.004101917349799376,take_profit
2022-07-22 09:00:00+00:00,2022-07-22 09:00:00+00:00,1619.81,1619.81,1639.24772,14.38597112739194,0.009977012000000078,1,1,0.0008519517721213487,take_profit
2022-07-22 10:00:00+00:00,2022-07-22 12:00:00+00:00,1630.58,1623.0368771209005,1642.5133196463514,46.80438360458629,0.009977011999999898,2,3,0.007009775662647546,take_profit
2022-07-22 13:00:00+00:00,2022-07-22 13:00:00+00:00,1625.48,1610.7182074385134,1630.0468259277757,95.57602885514643,0.009977011999999934,3,1,0.0174902182739868,take_profit
2022-07-22 14:00:00+00:00,2022-07-22 14:00:00+00:00,1599.51,1592.110608080347,1611.215935377311,47.035351436339624,0.009977011999999928,2,1,0.007564816725122012,take_profit
2022-07-22 15:00:00+00:00,2022-07-22 15:00:00+00:00,1611.87,1590.0654798050682,1609.146265562729,161.2957002297735,0.009977011999999943,4,1,0.0265654178066469,take_profit
2022-07-22 16:00:00+00:00,2022-07-22 17:00:00+00:00,1574.9,1567.6144548428824,1586.425828300997,47.37330361992372,0.009977012000000203,2,2,0.010597498253857422,take_profit
2022-07-22 18:00:00+00:00,2022-07-22 19:00:00+00:00,1569.36,1546.2135314992136,1564.7680938772041,178.88383056963357,0.009977011999999934,5,2,0.0316753326196665,take_profit
2022-07-22 20:00:00+00:00,2022-07-22 23:00:00+00:00,1526.21,1526.21,1544.5245200000002,14.680968709171339,0.009977012000000158,1,4,0.006617700054383169,take_profit
2022-07-23 00:00:00+00:00,2022-07-23 00:00:00+00:00,1535.27,1528.1677846762534,1546.5057980923684,47.76415057879785,0.00997701200000003,2,1,0.0076989715164107525,take_profit
2022-07-23 01:00:00+00:00,2022-07-23 02:00:00+00:00,1544.3,1544.3,1562.8316,14.712119494394756,0.009977011999999848,1,2,0.0012821343003302586,take_profit
2022-07-23 03:00:00+00:00,2022-07-23 04:00:00+00:00,1566.76,1566.76,1585.56112,14.719458644031874,0.009977011999999895,1,2,0.002080727105619234,take_profit
2022-07-23 05:00:00+00:00,2022-07-23 08:00:00+00:00,1587.02,1565.551637390261,1584.3382570389442,163.9583895302021,0.009977012000000202,4,4,0.025280084687023408,take_profit
2022-07-23 09:00:00+00:00,2022-07-23 10:00:00+00:00,1550.4,1543.2277927413834,1561.74652625428,48.15534795523308,0.009977012000000104,2,2,0.01079076367389062,take_profit
2022-07-23 11:00:00+00:00,2022-07-23 22:00:00+00:00,1543.2,1520.4393649701706,1538.6846373498126,181.8368668935982,0.009977012000000323,5,12,0.03576982892690516,take_profit
2022-07-23 23:00:00+00:00,2022-07-24 00:00:00+00:00,1541.85,1541.85,1560.3521999999998,14.923323950173199,0.00997701200000005,1,2,0.0012452573207509456,take_profit
2022-07-24 01:00:00+00:00,2022-07-24 05:00:00+00:00,1565.09,1557.849836262649,1576.5440342978009,48.55264706388061,0.009977012000000172,2,5,0.012408232114446995,take_profit
2022-07-24 06:00:00+00:00,2022-07-24 11:00:00+00:00,1601.33,1593.9221886936011,1613.0492549579244,48.63140859732721,0.009977011999999976,2,6,0.013320177602367986,take_profit
2022-07-24 12:00:00+00:00,2022-07-24 12:00:00+00:00,1615.84,1593.981775756247,1613.1095570653222,166.76896979249068,0.009977011999999974,4,1,0.024327903752846783,take_profit
2022-07-24 13:00:00+00:00,2022-07-24 14:00:00+00:00,1578.03,1578.03,1596.96636,15.06244158439904,0.00997701199999999,1,2,0.003187518614981954,take_profit
2022-07-24 15:00:00+00:00,2022-07-24 16:00:00+00:00,1610.53,1595.9039758261863,1615.0548235361005,99.90822344975277,0.009977011999999945,3,2,0.016777085804052072,take_profit
2022-07-24 17:00:00+00:00,2022-07-24 17:00:00+00:00,1591.31,1591.31,1610.40572,15.1197947696337,0.009977011999999973,1,1,0.0007980845969672671,take_profit
2022-07-24 18:00:00+00:00,2022-07-24 20:00:00+00:00,1603.73,1596.3110862055848,1615.4668192400518,49.19185977463076,0.009977011999999763,2,3,0.008112338111776914,take_profit
2022-07-24 21:00:00+00:00,2022-07-24 21:00:00+00:00,1608.25,1608.25,1627.549,15.151876677090058,0.009977011999999948,1,1,0.00029846106015856875,take_profit
2022-07-24 22:00:00+00:00,2022-07-24 22:00:00+00:00,1622.0,1607.2698110498243,1626.5570487824223,100.50144076945253,0.009977011999999954,3,1,0.016646115906288533,take_profit
2022-07-24 23:00:00+00:00,2022-07-25 00:00:00+00:00,1605.36,1581.6825680070713,1600.662758823156,186.45806680324313,0.00997701199999973,5,2,0.030871580206308834,take_profit
2022-07-25 01:00:00+00:00,2022-07-25 11:00:00+00:00,1558.3,1535.3166552831883,1553.7404551465866,187.59835835226113,0.00997701199999994,5,11,0.03808637617916955,take_profit
2022-07-25 12:00:00+00:00,2022-07-25 13:00:00+00:00,1537.49,1516.6916528910485,1534.891952725741,171.41067792627655,0.009977011999999903,4,2,0.020026146511522003,take_profit
2022-07-25 14:00:00+00:00,2022-07-25 16:00:00+00:00,1521.77,1514.7302361713462,1532.9069990054024,50.34412000772954,0.0099770120000002,2,3,0.012853453544228068,take_profit
2022-07-25 17:00:00+00:00,2022-07-25 20:00:00+00:00,1527.61,1505.0793016602395,1523.1402532801624,190.101773477596,0.009977012000000075,5,4,0.0474204803582065,take_profit
2022-07-25 21:00:00+00:00,2022-07-25 23:00:00+00:00,1523.01,1493.1781187973231,1446.8595,-718.8453420182013,-0.03295714712017056,6,3,0.05740605774092098,stop_loss
2022-07-26 00:00:00+00:00,2022-07-26 00:00:00+00:00,1440.79,1427.7054692123777,1444.8379348429262,101.05562439647474,0.009977011999999794,3,1,0.019877983606215947,take_profit
2022-07-26 01:00:00+00:00,2022-07-26 03:00:00+00:00,1415.38,1408.8324002130414,1425.738389015598,49.73199729098269,0.009977011999999997,2,3,0.010541338721756752,take_profit
2022-07-26 04:00:00+00:00,2022-07-26 19:00:00+00:00,1433.04,1411.9041132561254,1361.388,-709.7174740642113,-0.03770619220405106,5,16,0.05315971640707871,stop_loss
2022-07-26 20:00:00+00:00,2022-07-26 20:00:00+00:00,1366.09,1359.7704175606789,1376.087662571407,48.661376607102284,0.00997701200000014,2,1,0.007261600626605748,take_profit
2022-07-26 21:00:00+00:00,2022-07-26 21:00:00+00:00,1380.55,1374.1635250703796,1390.6534873712242,48.74031452033705,0.009977012000000151,2,1,0.009785954873057834,take_profit
2022-07-26 22:00:00+00:00,2022-07-26 22:00:00+00:00,1380.34,1380.34,1396.90408,15.012793543446605,0.009977012000000044,1,1,0.001485141341988173,take_profit
2022-07-26 23:00:00+00:00,2022-07-26 23:00:00+00:00,1410.98,1410.9799999999998,1427.9117599999997,15.020282684513177,0.009977011999999875,1,1,0.002012785439906957,take_profit
2022-07-27 00:00:00+00:00,2022-07-27 05:00:00+00:00,1449.12,1435.959820338176,1453.1913381822342,99.62858613022581,0.009977011999999827,3,6,0.019522192779065892,take_profit
2022-07-27 06:00:00+00:00,2022-07-27 07:00:00+00:00,1452.67,1452.67,1470.10204,15.077475341510763,0.009977011999999896,1,2,0.00535565544824356,take_profit
2022-07-27 08:00:00+00:00,2022-07-27 12:00:00+00:00,1464.47,1451.1704193515022,1468.5844643837204,100.00794141090955,0.009977012000000063,3,5,0.013356367832731258,take_profit
2022-07-27 13:00:00+00:00,2022-07-27 13:00:00+00:00,1479.67,1472.8249923153007,1490.4988922230843,49.216406321045724,0.009977011999999808,2,1,0.00861002791162895,take_profit
2022-07-27 14:00:00+00:00,2022-07-27 16:00:00+00:00,1491.19,1484.2917003728219,1502.1032007772958,49.296244596960605,0.009977012000000061,2,3,0.008972699655979525,take_profit
2022-07-27 17:00:00+00:00,2022-07-27 17:00:00+00:00,1484.71,1484.71,1502.5265200000001,15.184028865727214,0.009977012000000037,1,1,0.004923520418128756,take_profit
2022-07-27 18:00:00+00:00,2022-07-27 18:00:00+00:00,1499.65,1499.6500000000003,1517.6458000000002,15.19160342763712,0.00997701199999992,1,1,8.668689360858142e-05,take_profit
2022-07-27 19:00:00+00:00,2022-07-27 19:00:00+00:00,1581.0,1581.0,1599.972,15.199181768122116,0.009977012000000023,1,1,0.0009234661606578345,take_profit
2022-07-27 20:00:00+00:00,2022-07-27 20:00:00+00:00,1587.96,1587.96,1607.0155200000002,15.206763889066679,0.00997701200000004,1,1,0.0018640268016826848,take_profit
2022-07-27 21:00:00+00:00,2022-07-27 21:00:00+00:00,1601.22,1601.22,1620.43464,15.214349792356643,0.009977011999999938,1,1,0.004783852312611685,take_profit
2022-07-27 22:00:00+00:00,2022-07-27 22:00:00+00:00,1606.94,1606.94,1626.2232800000002,15.221939479879438,0.009977012000000115,1,1,6.2230077040778774e-06,take_profit
2022-07-27 23:00:00+00:00,2022-07-28 00:00:00+00:00,1625.91,1618.3884807121663,1637.8091424807124,49.52418493774985,0.009977012000000132,2,2,0.009047241237214874,take_profit
2022-07-28 01:00:00+00:00,2022-07-28 02:00:00+00:00,1615.64,1615.64,1635.0276800000001,15.254238122892957,0.009977012000000186,1,2,0.006406130078482914,take_profit
2022-07-28 03:00:00+00:00,2022-07-28 13:00:00+00:00,1659.15,1634.6792200558953,1654.2953706965661,187.09894783668642,0.009977011999999943,5,11,0.039707078925956124,take_profit
2022-07-28 14:00:00+00:00,2022-07-28 14:00:00+00:00,1620.33,1620.33,1639.77396,15.3551821311205,0.009977011999999988,1,1,0.004826177383619347,take_profit
2022-07-28 15:00:00+00:00,2022-07-28 15:00:00+00:00,1651.83,1651.83,1671.65196,15.362842072939884,0.009977012000000096,1,1,0.003953191309032995,take_profit
2022-07-28 16:00:00+00:00,2022-07-28 16:00:00+00:00,1728.32,1720.3247282964314,1740.9686250359887,49.9826078664546,0.009977012000000096,2,1,0.007874699129790722,take_profit
2022-07-28 17:00:00+00:00,2022-07-28 17:00:00+00:00,1722.27,1722.27,1742.93724,15.395439689849127,0.009977011999999903,1,1,0.0006386919588681851,take_profit
2022-07-28 18:00:00+00:00,2022-07-28 20:00:00+00:00,1748.0,1732.1255423644227,1752.9110488727958,102.11697884583191,0.009977011999999964,3,3,0.019822654462242614,take_profit
2022-07-28 21:00:00+00:00,2022-07-28 21:00:00+00:00,1756.51,1748.3843203226052,1769.3649321664764,50.25431632978325,0.009977012000000077,2,1,0.012336963638123366,take_profit
2022-07-28 22:00:00+00:00,2022-07-29 04:00:00+00:00,1744.98,1719.2433145967134,1739.874234371874,189.76267055079006,0.009977012000000274,5,7,0.028069089617072985,take_profit
2022-07-29 05:00:00+00:00,2022-07-29 06:00:00+00:00,1740.21,1724.4062872299726,1745.0991626767322,103.24848249030765,0.009977011999999926,3,2,0.0162853908436339,take_profit
2022-07-29 07:00:00+00:00,2022-07-29 08:00:00+00:00,1715.75,1700.1684206589007,1720.5704417068075,103.58994532629549,0.009977012000000006,3,2,0.013469328282092321,take_profit
2022-07-29 09:00:00+00:00,2022-07-29 11:00:00+00:00,1719.81,1694.4445465716362,1714.7778811304959,192.18809997066637,0.009977012000000219,5,3,0.032294265064164045,take_profit
2022-07-29 12:00:00+00:00,2022-07-29 13:00:00+00:00,1681.4,1666.130370098135,1686.1239345393126,104.56814091555498,0.009977011999999973,3,2,0.015689306530272455,take_profit
2022-07-29 14:00:00+00:00,2022-07-29 14:00:00+00:00,1698.81,1698.81,1719.19572,15.825011950897988,0.00997701199999998,1,1,0.0018542391438712178,take_profit
2022-07-29 15:00:00+00:00,2022-07-29 16:00:00+00:00,1723.84,1698.4151081584878,1718.7960894563896,194.09970276211243,0.00997701199999975,5,2,0.035038054575830625,take_profit
2022-07-29 17:00:00+00:00,2022-07-29 17:00:00+00:00,1690.66,1682.8389448375563,1703.033012175607,51.80113182315381,0.009977012000000117,2,1,0.010445624785586742,take_profit
2022-07-29 18:00:00+00:00,2022-07-29 18:00:00+00:00,1694.7,1694.7,1715.0364,15.955574046477977,0.009977011999999926,1,1,0.0018882398064554466,take_profit
2022-07-29 19:00:00+00:00,2022-07-29 20:00:00+00:00,1723.59,1715.6166094498974,1736.204008763296,51.91104595509751,0.009977011999999912,2,2,0.008151590575484863,take_profit
2022-07-29 21:00:00+00:00,2022-07-29 21:00:00+00:00,1732.56,1716.825760685872,1737.4276698141025,106.00399458351421,0.009977012000000058,3,1,0.017055686383155536,take_profit
2022-07-29 22:00:00+00:00,2022-07-29 22:00:00+00:00,1716.23,1716.23,1736.82476,16.04230950688634,0.009977012000000066,1,1,0.00336202024204214,take_profit
2022-07-29 23:00:00+00:00,2022-07-29 23:00:00+00:00,1741.84,1733.7821842806054,1754.5875704919727,52.193237523891185,0.009977011999999863,2,1,0.012538465071418684,take_profit
2022-07-30 00:00:00+00:00,2022-07-30 01:00:00+00:00,1721.68,1698.3900285201598,1718.7707088624018,178.98335053516348,0.009977011999999955,4,2,0.02023604851075702,take_profit
2022-07-30 02:00:00+00:00,2022-07-30 12:00:00+00:00,1723.04,1699.731631163385,1720.1284107373456,179.97740079858704,0.009977011999999976,4,11,0.02599475345900267,take_profit
2022-07-30 13:00:00+00:00,2022-07-30 15:00:00+00:00,1720.5,1720.5,1741.146,16.255416636643076,0.00997701199999995,1,3,0.004359197907585004,take_profit
2022-07-30 16:00:00+00:00,2022-07-31 18:00:00+00:00,1736.84,1711.223371341881,1731.7580517979834,199.37877754764122,0.009977012000000153,5,27,0.03675065060684918,take_profit
2022-07-31 19:00:00+00:00,2022-07-31 19:00:00+00:00,1707.27,1707.27,1727.75724,16.36298588379259,0.009977012000000054,1,1,0.00238978017536765,take_profit
2022-07-31 20:00:00+00:00,2022-08-01 17:00:00+00:00,1717.37,1683.7311021457244,1631.5014999999999,-754.3012326088901,-0.032957147120171004,6,22,0.05465333620594275,stop_loss
2022-08-01 18:00:00+00:00,2022-08-01 23:00:00+00:00,1633.32,1618.4870084980885,1637.9088526000655,106.04003057223781,0.009977011999999787,3,6,0.01665319716895651,take_profit
2022-08-02 00:00:00+00:00,2022-08-02 00:00:00+00:00,1630.28,1630.28,1649.84336,16.04776307952602,0.009977012000000186,1,1,0.0021836739701155297,take_profit
2022-08-02 01:00:00+00:00,2022-08-02 01:00:00+00:00,1632.49,1617.6645461410164,1637.0765206947087,106.44379867860152,0.009977012000000068,3,1,0.019902112723508267,take_profit
2022-08-02 02:00:00+00:00,2022-08-02 02:00:00+00:00,1605.57,1590.9890200538025,1610.0808882944482,106.79582904741255,0.009977012000000264,3,1,0.014599176616404036,take_profit
2022-08-02 03:00:00+00:00,2022-08-02 06:00:00+00:00,1588.75,1574.3217708418058,1593.2136320919076,107.14902364919726,0.009977012000000198,3,4,0.014212431156569585,take_profit
2022-08-02 07:00:00+00:00,2022-08-02 07:00:00+00:00,1586.31,1578.9716717644371,1597.9193318256105,52.73071128576521,0.009977012000000255,2,1,0.008321198252548396,take_profit
2022-08-02 08:00:00+00:00,2022-08-02 11:00:00+00:00,1593.52,1571.9637088468505,1590.8272733530127,180.8264792485461,0.00997701200000006,4,4,0.021487022440885593,take_profit
2022-08-02 12:00:00+00:00,2022-08-02 14:00:00+00:00,1587.36,1572.944394123335,1591.8197268528152,108.27580544130979,0.009977012000000045,3,3,0.014609162382824205,take_profit
2022-08-02 15:00:00+00:00,2022-08-02 15:00:00+00:00,1623.71,1616.198657992848,1635.5930418887622,53.28522875441104,0.009977011999999896,2,1,0.01055607220501204,take_profit
2022-08-02 16:00:00+00:00,2022-08-02 16:00:00+00:00,1629.92,1629.92,1649.4790400000002,16.412699550215848,0.00997701200000001,1,1,0.002141209384509675,take_profit
2022-08-02 17:00:00+00:00,2022-08-02 17:00:00+00:00,1668.63,1653.4763408212511,1673.3180569111062,108.86439923358921,0.009977012000000033,3,1,0.015162139000257804,take_profit
2022-08-02 18:00:00+00:00,2022-08-02 18:00:00+00:00,1650.59,1642.9543101270635,1662.6697618485882,53.574890463572956,0.009977011999999846,2,1,0.009820730768997638,take_profit
2022-08-02 19:00:00+00:00,2022-08-02 19:00:00+00:00,1635.51,1627.9440707601002,1647.4793996092214,53.66179902123986,0.009977011999999987,2,1,0.008248191695556743,take_profit
2022-08-02 20:00:00+00:00,2022-08-02 21:00:00+00:00,1637.14,1637.14,1656.7856800000002,16.52868919300181,0.009977011999999943,1,2,0.002559341290298969,take_profit
2022-08-02 22:00:00+00:00,2022-08-03 08:00:00+00:00,1656.99,1632.5510778654238,1652.1416907998089,202.73056787341193,0.009977011999999992,5,11,0.04060374534547582,take_profit
2022-08-03 09:00:00+00:00,2022-08-03 11:00:00+00:00,1650.99,1650.99,1670.80188,16.638066804944856,0.009977011999999891,1,3,0.0025318142447865,take_profit
2022-08-03 12:00:00+00:00,2022-08-03 12:00:00+00:00,1665.55,1657.845104618428,1677.739245873849,54.13151842732532,0.009977011999999891,2,1,0.009336255291044973,take_profit
2022-08-03 13:00:00+00:00,2022-08-04 01:00:00+00:00,1654.43,1630.02883526931,1649.5891812925418,204.40316868167065,0.009977012000000252,5,13,0.02841462014107577,take_profit
2022-08-04 02:00:00+00:00,2022-08-04 06:00:00+00:00,1649.0,1626.6932049101715,1646.2135233690935,186.7654174681702,0.009977011999999992,4,5,0.02052759248029103,take_profit
2022-08-04 07:00:00+00:00,2022-08-04 13:00:00+00:00,1626.86,1619.3340859773261,1638.766095009054,54.853879023538866,0.009977011999999745,2,7,0.012656282654930308,take_profit
2022-08-04 14:00:00+00:00,2022-08-04 14:00:00+00:00,1633.42,1611.323962864992,1630.6598504193719,188.10733963359235,0.009977011999999683,4,1,0.022394730075547105,take_profit
2022-08-04 15:00:00+00:00,2022-08-04 16:00:00+00:00,1613.22,1591.3972177229755,1610.4939843356512,189.15206334647883,0.009977012000000082,4,2,0.020350603141542956,take_profit
2022-08-04 17:00:00+00:00,2022-08-04 18:00:00+00:00,1587.47,1587.47,1606.51964,17.08406490889729,0.009977011999999948,1,2,0.00294178787630637,take_profit
2022-08-04 19:00:00+00:00,2022-08-04 23:00:00+00:00,1598.15,1590.7568994902228,1609.8459822841055,55.58256168046864,0.009977012000000056,2,5,0.010674842786972545,take_profit
2022-08-05 00:00:00+00:00,2022-08-05 01:00:00+00:00,1607.97,1607.97,1627.26564,17.12031469917133,0.009977011999999924,1,2,0.0014490320093036109,take_profit
2022-08-05 02:00:00+00:00,2022-08-05 02:00:00+00:00,1647.13,1647.1300000000003,1666.8955600000004,17.12885517843165,0.009977012000000186,1,1,7.892516073419167e-05,take_profit
2022-08-05 03:00:00+00:00,2022-08-05 06:00:00+00:00,1661.55,1653.8636087651223,1673.7099720703038,55.728285659646644,0.0099770120000001,2,4,0.008979567271523485,take_profit
2022-08-05 07:00:00+00:00,2022-08-05 10:00:00+00:00,1664.68,1656.979129270334,1676.862878821578,55.818687429692545,0.009977012000000217,2,4,0.007538986471874447,take_profit
2022-08-05 11:00:00+00:00,2022-08-05 11:00:00+00:00,1669.11,1669.1100000000001,1689.1393200000002,17.19304519256866,0.009977012000000266,1,1,0.0017674089784375016,take_profit
2022-08-05 12:00:00+00:00,2022-08-05 12:00:00+00:00,1713.43,1690.2516301329504,1710.5346496945458,191.51139108205825,0.00997701199999997,4,1,0.022983139083592622,take_profit
2022-08-05 13:00:00+00:00,2022-08-05 14:00:00+00:00,1680.23,1672.4571944000609,1692.5266807328617,56.24779373213187,0.009977011999999981,2,2,0.012034066764669138,take_profit
2022-08-05 15:00:00+00:00,2022-08-05 21:00:00+00:00,1693.6,1670.689879827693,1690.7381583856252,192.88741338912223,0.00997701199999979,4,7,0.021746575342465713,take_profit
2022-08-05 22:00:00+00:00,2022-08-05 22:00:00+00:00,1698.46,1698.46,1718.84152,17.421438773380032,0.009977012000000004,1,1,5.8876864924642944e-06,take_profit
2022-08-05 23:00:00+00:00,2022-08-05 23:00:00+00:00,1715.42,1715.42,1736.00504,17.430129468564928,0.009977011999999967,1,1,0.0009676930431031945,take_profit
2022-08-06 00:00:00+00:00,2022-08-08 06:00:00+00:00,1736.81,1711.1938138114579,1731.7281395771954,213.7870707112961,0.009977012000000169,5,55,0.03961861113190271,take_profit
2022-08-08 07:00:00+00:00,2022-08-08 08:00:00+00:00,1733.69,1733.69,1754.4942800000001,17.545472307604996,0.009977011999999981,1,2,0.0031205117408533716,take_profit
2022-08-08 09:00:00+00:00,2022-08-08 12:00:00+00:00,1773.29,1773.29,1794.5694799999999,17.554224876992976,0.009977012000000009,1,4,0.0049512488087114755,take_profit
2022-08-08 13:00:00+00:00,2022-08-09 10:00:00+00:00,1808.07,1781.4028010767338,1717.6664999999998,-813.7193876679194,-0.03770619220405101,5,22,0.05283534376434539,stop_loss
2022-08-09 11:00:00+00:00,2022-08-09 21:00:00+00:00,1713.66,1688.3852528348768,1708.6458758688955,210.33281488865032,0.009977011999999952,5,11,0.02668557356768555,take_profit
2022-08-09 22:00:00+00:00,2022-08-10 00:00:00+00:00,1706.69,1681.51805326655,1701.6962699057485,211.6191133868051,0.00997701199999995,5,3,0.029243740808231184,take_profit
2022-08-10 01:00:00+00:00,2022-08-10 08:00:00+00:00,1672.21,1672.2100000000003,1692.2765200000003,17.367548380427024,0.009977012000000026,1,8,0.0031156373900407463,take_profit
2022-08-10 09:00:00+00:00,2022-08-10 12:00:00+00:00,1702.6,1694.7237099596741,1715.0603944791903,56.50486779588664,0.009977011999999919,2,4,0.007746975214377909,take_profit
2022-08-10 13:00:00+00:00,2022-08-10 13:00:00+00:00,1823.0,1814.566735144183,1836.3415359659132,56.59652932834615,0.00997701199999987,2,1,0.008041689522764718,take_profit
2022-08-10 14:00:00+00:00,2022-08-10 14:00:00+00:00,1829.0,1829.0,1850.948,17.432632892173388,0.009977012000000026,1,1,0.004898851831601988,take_profit
2022-08-10 15:00:00+00:00,2022-08-10 20:00:00+00:00,1844.55,1819.5979085003373,1841.4330834023415,194.18013144326687,0.009977011999999851,4,6,0.02194031064487275,take_profit
2022-08-10 21:00:00+00:00,2022-08-10 21:00:00+00:00,1842.5,1833.9765274290496,1855.9842457581983,57.03161529237423,0.00997701200000009,2,1,0.00739213025780184,take_profit
2022-08-10 22:00:00+00:00,2022-08-11 00:00:00+00:00,1860.69,1852.0823798219585,1874.307368379822,57.12413130843106,0.009977011999999896,2,3,0.008056151212722167,take_profit
2022-08-11 01:00:00+00:00,2022-08-11 01:00:00+00:00,1875.74,1875.74,1898.24888,17.59514270931504,0.009977012000000032,1,1,0.004009084414684328,take_profit
2022-08-11 02:00:00+00:00,2022-08-11 02:00:00+00:00,1906.52,1880.72961129493,1903.2983666304692,195.9903099658477,0.009977012000000033,4,1,0.02229192455363699,take_profit
2022-08-11 03:00:00+00:00,2022-08-11 05:00:00+00:00,1879.22,1879.22,1901.77064,17.701689940533242,0.009977011999999988,1,3,0.004900969551196792,take_profit
2022-08-11 06:00:00+00:00,2022-08-11 11:00:00+00:00,1892.09,1883.33712227041,1905.9371677376548,57.591988687410776,0.009977011999999933,2,6,0.011674920326200084,take_profit
2022-08-11 12:00:00+00:00,2022-08-11 12:00:00+00:00,1903.58,1903.58,1926.4229599999999,17.739250237292936,0.009977011999999952,1,1,0.0004675401086373426,take_profit
2022-08-11 13:00:00+00:00,2022-08-11 14:00:00+00:00,1927.12,1901.05094544966,1923.863556795056,197.5955074651465,0.00997701199999995,4,2,0.02185644900161894,take_profit
2022-08-11 15:00:00+00:00,2022-08-12 02:00:00+00:00,1902.33,1876.5962913867595,1899.1154468834006,198.69292722882892,0.009977012000000068,4,12,0.02347647358765296,take_profit
2022-08-12 03:00:00+00:00,2022-08-12 15:00:00+00:00,1903.11,1877.3657399615502,1899.8941288410888,199.7964419192249,0.009977011999999985,4,13,0.026299057857927265,take_profit
2022-08-12 16:00:00+00:00,2022-08-12 18:00:00+00:00,1897.68,1897.68,1920.45216,18.045456771267027,0.009977012000000087,1,3,0.003520087686016643,take_profit
2022-08-12 19:00:00+00:00,2022-08-12 20:00:00+00:00,1911.55,1911.55,1934.4886,18.05445875820419,0.009977011999999836,1,2,0.00012032120530460527,take_profit
2022-08-12 21:00:00+00:00,2022-08-12 23:00:00+00:00,1931.81,1922.8733760937378,1945.9478566068626,58.739712877860256,0.009977011999999872,2,3,0.007148736159353118,take_profit
2022-08-13 00:00:00+00:00,2022-08-13 03:00:00+00:00,1958.28,1958.28,1981.77936,18.092767576801634,0.009977011999999995,1,4,0.0060154829748554715,take_profit
2022-08-13 04:00:00+00:00,2022-08-13 18:00:00+00:00,1996.57,1978.4381545300546,2002.1794123844152,120.00818431454172,0.00997701200000016,3,15,0.017319703291144278,take_profit
2022-08-13 19:00:00+00:00,2022-08-14 04:00:00+00:00,1983.66,1974.4835160922164,1998.177318285323,59.05902549086113,0.009977011999999945,2,10,0.008091104322313391,take_profit
2022-08-14 05:00:00+00:00,2022-08-14 07:00:00+00:00,1991.9,1991.9,2015.8028000000002,18.19112094981483,0.00997701200000005,1,3,0.0026306541493046885,take_profit
2022-08-14 08:00:00+00:00,2022-08-14 18:00:00+00:00,2016.75,1977.2470115655854,1915.9125,-838.5746374427872,-0.0329571471201712,6,11,0.054915086153464736,stop_loss
2022-08-14 19:00:00+00:00,2022-08-14 21:00:00+00:00,1930.03,1930.03,1953.19036,17.781872140382347,0.009977012000000132,1,3,0.001963700046113254,take_profit
2022-08-14 22:00:00+00:00,2022-08-15 00:00:00+00:00,1948.35,1930.6560643396585,1953.8239371117345,117.94603452579213,0.009977012000000104,3,3,0.016090538147663362,take_profit
2022-08-15 01:00:00+00:00,2022-08-15 02:00:00+00:00,1957.42,1957.42,1980.90904,17.849580088059156,0.009977011999999934,1,2,0.005686056135116689,take_profit
2022-08-15 03:00:00+00:00,2022-08-15 06:00:00+00:00,2000.16,1970.6596683765788,1900.152,-827.4104656378986,-0.037706192204051144,5,4,0.05257579393648512,stop_loss
2022-08-15 07:00:00+00:00,2022-08-15 11:00:00+00:00,1906.96,1889.6419475213156,1912.3176508915715,115.6587295432364,0.009977012000000106,3,5,0.01675441540462309,take_profit
2022-08-15 12:00:00+00:00,2022-08-15 13:00:00+00:00,1891.23,1882.4811006619495,1905.070873869893,56.91855014180965,0.009977012000000129,2,2,0.010004071424416953,take_profit
2022-08-15 14:00:00+00:00,2022-08-15 16:00:00+00:00,1916.4,1907.5346633188774,1930.4250792787038,57.010882744908486,0.00997701200000001,2,3,0.01219995825506163,take_profit
2022-08-15 17:00:00+00:00,2022-08-17 05:00:00+00:00,1929.06,1900.6083212735593,1923.415621128842,215.2757842557694,0.00997701200000004,5,37,0.0394285299575959,take_profit
2022-08-17 06:00:00+00:00,2022-08-17 06:00:00+00:00,1924.59,1924.59,1947.68508,17.6676508012888,0.009977012000000032,1,1,0.0003065587995364821,take_profit
2022-08-17 07:00:00+00:00,2022-08-17 07:00:00+00:00,1951.77,1922.983371803933,1946.0591722655804,216.7003588796979,0.009977012000000236,5,1,0.032483335638932916,take_profit
2022-08-17 08:00:00+00:00,2022-08-19 06:00:00+00:00,1890.38,1834.066616082057,1795.861,-680.9393098424698,-0.022788453731490223,8,47,0.08854304425565236,stop_loss
2022-08-19 07:00:00+00:00,2022-08-19 07:00:00+00:00,1748.76,1740.6701721068248,1761.5582141721068,56.72816026129203,0.009977012000000137,2,1,0.009017818339852228,take_profit
2022-08-19 08:00:00+00:00,2022-08-19 21:00:00+00:00,1744.63,1710.4571482770139,1657.3985,-805.0772450200493,-0.03295714712017114,6,14,0.06570447602070359,stop_loss
2022-08-19 22:00:00+00:00,2022-08-19 22:00:00+00:00,1648.09,1625.7955149062486,1645.3050610851237,190.06341309355412,0.00997701200000011,4,1,0.021351989272430406,take_profit
2022-08-19 23:00:00+00:00,2022-08-20 00:00:00+00:00,1620.04,1612.5456355474398,1631.8961831740091,55.82251580602042,0.009977012000000075,2,2,0.010907138095355715,take_profit
2022-08-20 01:00:00+00:00,2022-08-20 04:00:00+00:00,1624.66,1624.66,1644.1559200000002,17.194224393482045,0.009977011999999933,1,4,0.006376718821168815,take_profit
2022-08-20 05:00:00+00:00,2022-08-20 19:00:00+00:00,1647.4,1615.1316359752796,1565.03,-792.6196811428999,-0.032957147120170865,6,15,0.05608838169236378,stop_loss
2022-08-20 20:00:00+00:00,2022-08-20 20:00:00+00:00,1564.23,1543.0699283909262,1561.5867675316174,187.12241938895386,0.009977012000000094,4,1,0.02316155552572193,take_profit
2022-08-20 21:00:00+00:00,2022-08-20 21:00:00+00:00,1532.83,1532.83,1551.22396,16.900749070313168,0.00997701200000006,1,1,0.005975874689300088,take_profit
2022-08-20 22:00:00+00:00,2022-08-20 22:00:00+00:00,1569.15,1569.15,1587.9798,16.909180019127234,0.009977011999999995,1,1,0.002485422043781723,take_profit
2022-08-20 23:00:00+00:00,2022-08-21 00:00:00+00:00,1573.5,1573.5,1592.382,16.917615173725153,0.009977011999999915,1,2,0.004658404829996776,take_profit
2022-08-21 01:00:00+00:00,2022-08-21 01:00:00+00:00,1576.8,1576.8,1595.7216,16.926054536205356,0.009977012000000045,1,1,0.0005010147133434574,take_profit
2022-08-21 02:00:00+00:00,2022-08-21 08:00:00+00:00,1594.49,1572.92058720268,1591.7956342491123,188.53741227648788,0.009977012000000167,4,7,0.020163186975145714,take_profit
2022-08-21 09:00:00+00:00,2022-08-21 09:00:00+00:00,1601.65,1601.65,1620.8698000000002,17.02855010990288,0.009977012000000007,1,1,0.0022726563231667968,take_profit
2022-08-21 10:00:00+00:00,2022-08-21 12:00:00+00:00,1617.13,1617.1300000000003,1636.5355600000003,17.037044812342174,0.009977011999999914,1,3,0.0037782985907132555,take_profit
2022-08-21 13:00:00+00:00,2022-08-21 16:00:00+00:00,1624.21,1609.4597409403427,1628.7732578316268,113.00564191385638,0.009977012000000127,3,4,0.014659434432739574,take_profit
2022-08-21 17:00:00+00:00,2022-08-21 21:00:00+00:00,1623.56,1623.56,1643.04272,17.101916684641083,0.009977011999999874,1,5,0.006596614846386975,take_profit
2022-08-21 22:00:00+00:00,2022-08-21 22:00:00+00:00,1621.69,1599.7526400671777,1618.9496717479838,190.49632091125022,0.009977011999999917,4,1,0.025337764924245783,take_profit
2022-08-21 23:00:00+00:00,2022-08-22 08:00:00+00:00,1618.61,1586.9055586414636,1537.6794999999997,-792.7429524731706,-0.03295714712017074,6,10,0.05479392812351328,stop_loss
2022-08-22 09:00:00+00:00,2022-08-22 10:00:00+00:00,1563.82,1556.5857113292245,1575.2647398651752,54.663684561659466,0.009977011999999829,2,2,0.00776304178230223,take_profit
2022-08-22 11:00:00+00:00,2022-08-22 14:00:00+00:00,1573.19,1558.9030789429555,1577.609915890271,111.62496951422145,0.009977012000000025,3,4,0.016018408456702653,take_profit
2022-08-22 15:00:00+00:00,2022-08-22 15:00:00+00:00,1562.15,1562.15,1580.8958,16.89297008739686,0.009977011999999985,1,1,0.0003840860352719882,take_profit
2022-08-22 16:00:00+00:00,2022-08-22 20:00:00+00:00,1589.77,1568.2644368526642,1587.0836100948961,188.16888833302073,0.009977011999999872,4,5,0.02548796366770035,take_profit
2022-08-22 21:00:00+00:00,2022-08-22 22:00:00+00:00,1579.75,1572.4420185650154,1591.3113227877955,55.266084998699625,0.009977011999999822,2,2,0.009621775597404682,take_profit
2022-08-22 23:00:00+00:00,2022-08-22 23:00:00+00:00,1587.73,1587.73,1606.78276,17.022834838168592,0.009977012000000186,1,1,0.0009573416134985053,take_profit
2022-08-23 00:00:00+00:00,2022-08-23 09:00:00+00:00,1624.65,1600.6880600691986,1619.896316790029,208.79144941622508,0.009977012000000014,5,10,0.037478841596651644,take_profit
2022-08-23 10:00:00+00:00,2022-08-23 11:00:00+00:00,1611.06,1603.6071773567676,1622.8504634850487,55.72205027027849,0.009977011999999745,2,2,0.009056149367497126,take_profit
2022-08-23 12:00:00+00:00,2022-08-23 13:00:00+00:00,1620.48,1612.983600091303,1632.3394032923986,55.81244192534905,0.009977011999999867,2,2,0.008515995260663479,take_profit
2022-08-23 14:00:00+00:00,2022-08-23 18:00:00+00:00,1636.11,1628.541295138096,1648.0837906797533,55.90298021270064,0.009977012000000077,2,5,0.007517831930615885,take_profit
2022-08-23 19:00:00+00:00,2022-08-23 23:00:00+00:00,1656.72,1649.055952522255,1668.8446239525222,55.99366537019523,0.009977011999999811,2,5,0.00923511516731853,take_profit
2022-08-24 00:00:00+00:00,2022-08-24 12:00:00+00:00,1665.4,1640.8370388940655,1660.5270833607942,211.43472343446047,0.009977012000000078,5,13,0.03631559985589049,take_profit
2022-08-24 13:00:00+00:00,2022-08-24 15:00:00+00:00,1657.87,1650.2006325800805,1670.0030401710414,56.42748455953824,0.009977011999999988,2,3,0.009307122995168402,take_profit
2022-08-24 16:00:00+00:00,2022-08-25 06:00:00+00:00,1683.49,1668.2013897683537,1688.219806445574,115.22670479004591,0.009977011999999974,3,15,0.018812110556047302,take_profit
2022-08-25 07:00:00+00:00,2022-08-25 15:00:00+00:00,1702.59,1694.713756220041,1715.0503212946815,56.70593996811931,0.009977011999999974,2,9,0.008310867560598772,take_profit
2022-08-25 16:00:00+00:00,2022-08-26 13:00:00+00:00,1701.2,1676.1090251991018,1696.222333501491,214.12430593679528,0.009977012000000073,5,22,0.04743710322125561,take_profit
2022-08-26 14:00:00+00:00,2022-08-26 14:00:00+00:00,1690.47,1665.5372818177318,1685.5237291995445,215.4337914457028,0.009977011999999957,5,1,0.035025762066170966,take_profit
2022-08-26 15:00:00+00:00,2022-08-26 15:00:00+00:00,1634.34,1610.235142395897,1629.5579641046477,216.75128516410405,0.009977012000000184,5,1,0.03006106440520325,take_profit
2022-08-26 16:00:00+00:00,2022-08-26 16:00:00+00:00,1593.53,1579.0583612837406,1598.0070616191456,117.93279050121782,0.00997701199999995,3,1,0.019340708991986304,take_profit
2022-08-26 17:00:00+00:00,2022-08-26 23:00:00+00:00,1580.7,1549.738118845529,1501.665,-822.3276670248706,-0.03295714712017103,6,7,0.059372429936104344,stop_loss
2022-08-27 00:00:00+00:00,2022-08-27 06:00:00+00:00,1508.18,1487.778142984489,1505.631480700303,194.1359093711726,0.009977012000000007,4,7,0.02585235184129216,take_profit
2022-08-27 07:00:00+00:00,2022-08-27 10:00:00+00:00,1499.57,1492.632934185498,1510.544529395724,57.01862706240172,0.009977012000000098,2,4,0.007662196496328954,take_profit
2022-08-27 11:00:00+00:00,2022-08-28 01:00:00+00:00,1503.28,1481.1081444870124,1498.8814422208566,215.3050271641623,0.009977011999999823,5,15,0.03709222500133042,take_profit
2022-08-28 02:00:00+00:00,2022-08-28 16:00:00+00:00,1494.08,1473.8688802863487,1491.555306849785,196.72656515386916,0.009977011999999933,4,15,0.023486024844720444,take_profit
2022-08-28 17:00:00+00:00,2022-08-29 12:00:00+00:00,1481.27,1459.4227696665137,1476.935842902512,217.82482236907526,0.00997701200000009,5,20,0.03995895414070362,take_profit
2022-08-29 13:00:00+00:00,2022-08-29 13:00:00+00:00,1475.9,1475.9,1493.6108000000002,17.876849970720514,0.009977012000000089,1,1,0.00024391896469959165,take_profit
2022-08-29 14:00:00+00:00,2022-08-29 14:00:00+00:00,1496.02,1496.02,1513.97224,17.885767848054456,0.009977012000000054,1,1,0.0006751246641087625,take_profit
2022-08-29 15:00:00+00:00,2022-08-29 15:00:00+00:00,1510.28,1510.2800000000002,1528.4033600000002,17.89469017407714,0.009977012000000177,1,1,0.00047011150250287124,take_profit
2022-08-29 16:00:00+00:00,2022-08-29 16:00:00+00:00,1521.88,1521.88,1540.1425600000002,17.90361695100728,0.009977012000000169,1,1,0.0012550266775304766,take_profit
2022-08-29 17:00:00+00:00,2022-08-29 20:00:00+00:00,1537.95,1530.8353868979684,1549.205411540744,58.24895297398143,0.00997701199999986,2,4,0.009551675932247507,take_profit
2022-08-29 21:00:00+00:00,2022-08-29 23:00:00+00:00,1546.03,1538.8780085216465,1557.3445446239064,58.34344374092052,0.009977012000000018,2,3,0.010038615033343455,take_profit
2022-08-30 00:00:00+00:00,2022-08-30 04:00:00+00:00,1551.79,1537.6974229895236,1556.1497920653978,119.13915392199124,0.009977011999999869,3,5,0.01819189452181031,take_profit
2022-08-30 05:00:00+00:00,2022-08-30 10:00:00+00:00,1582.44,1582.44,1601.42928,18.03014300653922,0.009977011999999954,1,6,0.00635095169485096,take_profit
2022-08-30 11:00:00+00:00,2022-08-30 12:00:00+00:00,1585.41,1571.0121030434666,1589.8642482799883,119.59279949634038,0.009977012000000217,3,2,0.014053147135441287,take_profit
2022-08-30 13:00:00+00:00,2022-08-30 14:00:00+00:00,1570.88,1547.7111130406565,1566.2836463971444,221.87783604842843,0.009977011999999967,5,2,0.03900361580770027,take_profit
2022-08-30 15:00:00+00:00,2022-08-30 15:00:00+00:00,1523.95,1516.9001514113977,1535.1029532283344,59.21453186286817,0.00997701199999998,2,1,0.007047475310869785,take_profit
2022-08-30 16:00:00+00:00,2022-08-30 16:00:00+00:00,1524.68,1502.192516188906,1520.2188263831729,223.5968673411844,0.009977011999999952,5,1,0.026923682346459553,take_profit
2022-08-30 17:00:00+00:00,2022-08-30 18:00:00+00:00,1487.41,1480.529186791448,1498.2955370329453,59.67330519089046,0.009977012000000082,2,2,0.009277872274625142,take_profit
2022-08-30 19:00:00+00:00,2022-08-30 19:00:00+00:00,1506.43,1506.43,1524.50716,18.380328885898507,0.009977012000000092,1,1,0.0006173536108548446,take_profit
2022-08-30 20:00:00+00:00,2022-08-30 20:00:00+00:00,1543.31,1536.1705913413984,1554.6046384374952,59.79992287875666,0.009977011999999981,2,1,0.011151356499990304,take_profit
2022-08-30 21:00:00+00:00,2022-08-30 21:00:00+00:00,1557.8,1536.7269100115616,1555.1676329317004,205.06853121891254,0.009977012000000025,4,1,0.022268583900372355,take_profit
2022-08-30 22:00:00+00:00,2022-08-30 23:00:00+00:00,1537.34,1530.2282087803394,1548.5909472857036,60.229589372103874,0.009977012000000146,2,2,0.013276178334005396,take_profit
2022-08-31 00:00:00+00:00,2022-08-31 00:00:00+00:00,1524.59,1524.59,1542.88508,18.55167327803497,0.009977011999999988,1,1,0.0,take_profit
2022-08-31 01:00:00+00:00,2022-08-31 01:00:00+00:00,1553.26,1553.26,1571.89912,18.560927791380664,0.009977011999999957,1,1,0.001854164788895537,take_profit
2022-08-31 02:00:00+00:00,2022-08-31 03:00:00+00:00,1583.1,1583.1,1602.0972,18.57018692134625,0.00997701200000012,1,2,0.0005621881119322043,take_profit
2022-08-31 04:00:00+00:00,2022-08-31 06:00:00+00:00,1606.55,1591.960120186249,1611.063641628484,123.17487666562738,0.009977012000000242,3,3,0.01565466372039455,take_profit
2022-08-31 07:00:00+00:00,2022-08-31 08:00:00+00:00,1583.75,1569.3671783293216,1588.1995844692735,123.58223996718698,0.009977011999999988,3,2,0.01499605367008682,take_profit
2022-08-31 09:00:00+00:00,2022-08-31 10:00:00+00:00,1576.51,1569.2170069238377,1588.0476110069237,60.81790756295595,0.009977011999999999,2,2,0.0070662412544164645,take_profit
2022-08-31 11:00:00+00:00,2022-08-31 12:00:00+00:00,1596.79,1589.4031909000992,1608.4760291909004,60.916565657837054,0.00997701200000009,2,2,0.011723520312627226,take_profit
2022-08-31 13:00:00+00:00,2022-08-31 13:00:00+00:00,1592.76,1585.3918338278932,1604.416535833828,61.01538379471913,0.00997701200000001,2,1,0.008011250910369416,take_profit
2022-08-31 14:00:00+00:00,2022-08-31 14:00:00+00:00,1590.28,1575.837876150626,1594.7479306644336,124.59533986044335,0.009977012000000188,3,1,0.016418492340971338,take_profit
2022-08-31 15:00:00+00:00,2022-08-31 15:00:00+00:00,1566.97,1545.7728631280115,1564.3221374855477,209.92862968525515,0.009977012000000162,4,1,0.02015992648231933,take_profit
2022-08-31 16:00:00+00:00,2022-08-31 17:00:00+00:00,1560.68,1539.5679509030965,1558.0427663139337,211.0945460066032,0.009977012000000111,4,2,0.020939590434938656,take_profit
2022-08-31 18:00:00+00:00,2022-08-31 19:00:00+00:00,1545.03,1545.03,1563.57036,19.065892605596673,0.009977011999999896,1,2,0.004452987967871098,take_profit
2022-08-31 20:00:00+00:00,2022-08-31 22:00:00+00:00,1575.33,1561.0236445382984,1579.755928272758,126.46286115273142,0.009977012000000072,3,3,0.01358445532047245,take_profit
2022-08-31 23:00:00+00:00,2022-09-01 00:00:00+00:00,1568.57,1547.3512191788643,1565.9194338090108,213.0751854572227,0.009977012000000066,4,2,0.022090184052990854,take_profit
2022-09-01 01:00:00+00:00,2022-09-01 02:00:00+00:00,1551.38,1551.38,1569.99656,19.244782395837092,0.00997701200000009,1,2,0.002165813662674604,take_profit
2022-09-01 03:00:00+00:00,2022-09-01 10:00:00+00:00,1557.13,1542.9889277928569,1561.5047949263712,127.6494258299117,0.009977011999999848,3,8,0.0167294959316179,take_profit
2022-09-01 11:00:00+00:00,2022-09-01 11:00:00+00:00,1565.3,1565.3,1584.0836,19.318060659746834,0.009977011999999985,1,1,0.0036861943397431688,take_profit
2022-09-01 12:00:00+00:00,2022-09-01 20:00:00+00:00,1577.99,1554.7162477509585,1573.37284272397,236.94325436415238,0.009977011999999905,5,9,0.041331060399622324,take_profit
2022-09-01 21:00:00+00:00,2022-09-02 03:00:00+00:00,1580.33,1573.0193354637447,1591.8955674893098,63.23517542408081,0.009977011999999943,2,7,0.008340030246847074,take_profit
2022-09-02 04:00:00+00:00,2022-09-02 12:00:00+00:00,1595.82,1588.4376781556718,1607.4989302935398,63.33775478247662,0.009977011999999964,2,9,0.01120427115840125,take_profit
2022-09-02 13:00:00+00:00,2022-09-02 13:00:00+00:00,1624.15,1624.15,1643.6398000000002,19.509037752680797,0.009977012000000089,1,1,0.0018655912323370378,take_profit
2022-09-02 14:00:00+00:00,2022-09-02 14:00:00+00:00,1629.1,1629.1,1648.6491999999998,19.518769847868953,0.009977011999999992,1,1,0.004487140138726871,take_profit
2022-09-02 15:00:00+00:00,2022-09-02 16:00:00+00:00,1637.99,1615.8321423352404,1635.2221280432634,217.41737568350072,0.0099770120000002,4,2,0.021288286253273902,take_profit
2022-09-02 17:00:00+00:00,2022-09-05 15:00:00+00:00,1610.26,1586.5102979761969,1605.5484215519111,240.734652186733,0.009977011999999999,5,71,0.047184926657806825,take_profit
2022-09-05 16:00:00+00:00,2022-09-05 22:00:00+00:00,1600.82,1586.2821571669422,1605.3175430529454,130.98196525675849,0.009977012000000084,3,7,0.015273422371034873,take_profit
2022-09-05 23:00:00+00:00,2022-09-05 23:00:00+00:00,1606.32,1606.32,1625.59584,19.82239664387066,0.00997701200000001,1,1,0.004407590019423233,take_profit
2022-09-06 00:00:00+00:00,2022-09-06 00:00:00+00:00,1617.8,1617.8000000000002,1637.2136000000003,19.83228505833017,0.009977012000000151,1,1,0.001563852144888103,take_profit
2022-09-06 01:00:00+00:00,2022-09-06 01:00:00+00:00,1662.32,1647.2236450704959,1666.990328811342,131.5462938743658,0.009977012000000006,3,1,0.014443669088984066,take_profit
2022-09-06 02:00:00+00:00,2022-09-06 04:00:00+00:00,1639.16,1631.5771857262419,1651.1561119549567,64.73721744503655,0.00997701199999983,2,3,0.00907782034700707,take_profit
2022-09-06 05:00:00+00:00,2022-09-06 05:00:00+00:00,1640.29,1640.29,1659.9734799999999,19.940094553022163,0.009977011999999891,1,1,0.002005742886928509,take_profit
2022-09-06 06:00:00+00:00,2022-09-06 06:00:00+00:00,1652.05,1652.05,1671.8745999999999,19.95004168115406,0.009977011999999926,1,1,0.0012408825398746736,take_profit
2022-09-06 07:00:00+00:00,2022-09-06 12:00:00+00:00,1666.67,1658.9599234573536,1678.867442538842,64.90694270853328,0.009977011999999983,2,6,0.011855976288047418,take_profit
2022-09-06 13:00:00+00:00,2022-09-06 13:00:00+00:00,1664.83,1649.710850511763,1669.5073807179042,132.54202601232828,0.009977011999999945,3,1,0.015635230023485866,take_profit
2022-09-06 14:00:00+00:00,2022-09-06 14:00:00+00:00,1649.24,1641.610555276573,1661.309881939892,65.22724210505658,0.009977012000000228,2,1,0.009658994445926647,take_profit
2022-09-06 15:00:00+00:00,2022-09-06 17:00:00+00:00,1666.01,1633.3771135432655,1582.7095,-925.694895309789,-0.032957147120170796,6,3,0.058186925648705624,stop_loss
2022-09-06 18:00:00+00:00,2022-09-06 18:00:00+00:00,1587.8,1573.3803982644336,1592.2609630436068,130.1346342226043,0.009977012000000023,3,1,0.014359491119788358,take_profit
2022-09-06 19:00:00+00:00,2022-09-06 21:00:00+00:00,1573.0,1565.723244312562,1584.5119232443128,64.04250446496917,0.009977012000000072,2,3,0.01144310235219326,take_profit
2022-09-06 22:00:00+00:00,2022-09-07 02:00:00+00:00,1584.69,1553.6499649227055,1505.4555,-908.8812826179819,-0.0329571471201709,6,5,0.05933652638686429,stop_loss
2022-09-07 03:00:00+00:00,2022-09-07 04:00:00+00:00,1497.83,1497.83,1515.80396,19.272715911828755,0.00997701200000002,1,2,0.0004806954060207282,take_profit
2022-09-07 05:00:00+00:00,2022-09-07 13:00:00+00:00,1511.83,1504.8362189758807,1522.8942536035913,62.70328090134353,0.009977012000000141,2,9,0.007824953863860307,take_profit
2022-09-07 14:00:00+00:00,2022-09-07 16:00:00+00:00,1536.14,1536.14,1554.5736800000002,19.31360968702461,0.009977012000000023,1,3,0.003469735831369637,take_profit
2022-09-07 17:00:00+00:00,2022-09-07 17:00:00+00:00,1554.1,1554.1000000000001,1572.7492000000002,19.323244292805384,0.009977012000000144,1,1,0.0008879737468630602,take_profit
2022-09-07 18:00:00+00:00,2022-09-07 20:00:00+00:00,1569.48,1569.48,1588.31376,19.33288370481455,0.00997701200000002,1,3,0.003854779927109587,take_profit
2022-09-07 21:00:00+00:00,2022-09-07 21:00:00+00:00,1639.74,1632.1545026249714,1651.740356656471,62.89903525387217,0.00997701200000003,2,1,0.007763425908985582,take_profit
2022-09-07 22:00:00+00:00,2022-09-08 11:00:00+00:00,1645.74,1621.4670039567188,1640.9246080041994,237.50972606046707,0.009977012000000063,5,14,0.030794657722362017,take_profit
2022-09-08 12:00:00+00:00,2022-09-08 12:00:00+00:00,1635.99,1621.1327608997549,1640.586354030552,129.22730651532038,0.009977012000000042,3,1,0.01628983062243662,take_profit
2022-09-08 13:00:00+00:00,2022-09-08 13:00:00+00:00,1618.1,1610.614610058586,1629.9419853792892,63.59598583376828,0.00997701200000011,2,1,0.012496137445151599,take_profit
2022-09-08 14:00:00+00:00,2022-09-08 15:00:00+00:00,1635.17,1627.6056436125696,1647.1369113359203,63.69915049456904,0.009977011999999941,2,2,0.011215959196903163,take_profit
2022-09-08 16:00:00+00:00,2022-09-08 19:00:00+00:00,1629.57,1622.031549417941,1641.4959280109563,63.80248250787099,0.009977011999999912,2,4,0.012622961885650777,take_profit
2022-09-08 20:00:00+00:00,2022-09-09 03:00:00+00:00,1649.6,1634.6191617187364,1654.2345916593613,130.28668341665252,0.009977012000000018,3,8,0.014118574199805993,take_profit
2022-09-09 04:00:00+00:00,2022-09-09 04:00:00+00:00,1672.97,1672.97,1693.04564,19.71717488767831,0.009977012000000018,1,1,0.0019247207062888319,take_profit
2022-09-09 05:00:00+00:00,2022-09-09 06:00:00+00:00,1696.26,1696.26,1716.61512,19.727010812201115,0.009977011999999905,1,2,0.0015092025986581923,take_profit
2022-09-09 07:00:00+00:00,2022-09-09 12:00:00+00:00,1712.57,1697.0172998209605,1717.3815074188121,130.84801645056177,0.009977011999999825,3,6,0.016448962670138942,take_profit
2022-09-09 13:00:00+00:00,2022-09-10 02:00:00+00:00,1728.15,1712.4558100898612,1733.0052798109396,131.28075631950014,0.009977012000000163,3,14,0.01860370916876434,take_profit
2022-09-10 03:00:00+00:00,2022-09-10 21:00:00+00:00,1740.02,1724.2180127144982,1744.9086288670721,131.71492734344247,0.009977012000000115,3,19,0.0184020873323295,take_profit
2022-09-10 22:00:00+00:00,2022-09-10 22:00:00+00:00,1750.69,1750.69,1771.69828,19.93332080948926,0.009977012000000122,1,1,0.0003941303143332369,take_profit
2022-09-10 23:00:00+00:00,2022-09-11 17:00:00+00:00,1783.41,1759.2849779071248,1780.3963976420102,222.0350120850162,0.009977011999999784,4,19,0.02228315418215666,take_profit
2022-09-11 18:00:00+00:00,2022-09-11 23:00:00+00:00,1771.41,1745.2834988995655,1766.2269008863602,245.84751443866116,0.009977011999999926,5,6,0.028965626252533388,take_profit
2022-09-12 00:00:00+00:00,2022-09-12 01:00:00+00:00,1766.12,1742.2288678325963,1763.1356142465875,224.6335708188417,0.009977011999999919,4,2,0.020457273571444685,take_profit
2022-09-12 02:00:00+00:00,2022-09-12 07:00:00+00:00,1761.61,1735.6280389613153,1756.455575428851,248.7247597876485,0.009977012000000078,5,6,0.02830365404374402,take_profit
2022-09-12 08:00:00+00:00,2022-09-13 12:00:00+00:00,1758.61,1706.2219721474341,1670.6794999999997,-781.5698467050752,-0.022788453731490514,8,29,0.08088206026350357,stop_loss
2022-09-13 13:00:00+00:00,2022-09-13 13:00:00+00:00,1628.68,1613.8891466465036,1633.2558164062616,132.7445207511846,0.009977012000000101,3,1,0.018861900434707878,take_profit
2022-09-13 14:00:00+00:00,2022-09-13 14:00:00+00:00,1603.58,1589.0170922338332,1608.0852973406393,133.18353272912464,0.009977012000000056,3,1,0.019125955674178928,take_profit
2022-09-13 15:00:00+00:00,2022-09-13 16:00:00+00:00,1590.1,1590.1,1609.1812,20.155574906923675,0.009977012000000101,1,2,0.00318847871203065,take_profit
2022-09-13 17:00:00+00:00,2022-09-13 17:00:00+00:00,1611.81,1611.8099999999997,1631.1517199999998,20.165629527559076,0.009977011999999971,1,1,0.0019170994099800339,take_profit
2022-09-13 18:00:00+00:00,2022-09-13 18:00:00+00:00,1619.36,1597.454159068123,1616.6236089769407,224.62267269195945,0.009977012000000061,4,1,0.025096334354312737,take_profit
2022-09-13 19:00:00+00:00,2022-09-13 19:00:00+00:00,1580.02,1580.02,1598.98024,20.28774231899456,0.009977012000000118,1,1,0.006379666080176154,take_profit
2022-09-13 20:00:00+00:00,2022-09-13 21:00:00+00:00,1605.25,1583.535031644665,1602.5374520244009,225.98287330183666,0.009977011999999834,4,2,0.021217878835072385,take_profit
2022-09-13 22:00:00+00:00,2022-09-14 02:00:00+00:00,1596.06,1572.5197335758749,1591.3899703787854,250.21877038784805,0.009977012000000033,5,5,0.027367392203300527,take_profit
2022-09-14 03:00:00+00:00,2022-09-14 04:00:00+00:00,1601.11,1601.11,1620.32332,20.535416347098362,0.00997701199999999,1,2,0.004471897621025323,take_profit
2022-09-14 05:00:00+00:00,2022-09-14 21:00:00+00:00,1621.32,1597.4071741922219,1616.5760602825285,251.87457813211586,0.009977012000000026,5,17,0.03782103471245648,take_profit
2022-09-14 22:00:00+00:00,2022-09-14 22:00:00+00:00,1620.36,1620.36,1639.80432,20.671308236290315,0.009977011999999988,1,1,0.00328939248068326,take_profit
2022-09-14 23:00:00+00:00,2022-09-15 00:00:00+00:00,1638.91,1631.3283422354107,1650.9042823422355,67.25356472166004,0.009977011999999915,2,2,0.00804803192365661,take_profit
2022-09-15 01:00:00+00:00,2022-09-15 06:00:00+00:00,1627.99,1603.9787984563168,1623.2265440377926,253.95263487206466,0.00997701200000017,5,6,0.03469923033925271,take_profit
2022-09-15 07:00:00+00:00,2022-09-15 07:00:00+00:00,1599.86,1599.8600000000001,1619.05832,20.84185403619813,0.009977012000000134,1,1,0.0027252384583650448,take_profit
2022-09-15 08:00:00+00:00,2022-09-15 08:00:00+00:00,1636.65,1614.5102691426514,1633.8843923723632,232.15506121782164,0.009977011999999933,4,1,0.023786392936791655,take_profit
2022-09-15 09:00:00+00:00,2022-09-15 14:00:00+00:00,1607.65,1573.0818520813518,1527.2675,-947.3839299992251,-0.031064727972797697,7,6,0.07801449320436667,stop_loss
2022-09-15 15:00:00+00:00,2022-09-15 15:00:00+00:00,1491.44,1471.2645928024415,1488.919767916071,228.18277305082665,0.009977011999999947,4,1,0.02242128412809101,take_profit
2022-09-15 16:00:00+00:00,2022-09-15 17:00:00+00:00,1492.95,1492.95,1510.8654000000001,20.6092877705064,0.00997701200000016,1,2,0.006356542416021976,take_profit
2022-09-15 18:00:00+00:00,2022-09-16 13:00:00+00:00,1508.08,1478.5405594158065,1432.676,-950.0473372577908,-0.03295714712017066,6,20,0.05556734390748499,stop_loss
2022-09-16 14:00:00+00:00,2022-09-16 14:00:00+00:00,1430.72,1430.72,1447.8886400000001,20.145637041856844,0.009977012000000169,1,1,0.003997987027510643,take_profit
2022-09-16 15:00:00+00:00,2022-09-16 16:00:00+00:00,1447.16,1427.5835890950902,1444.7145921642314,224.3999786488057,0.009977012000000167,4,2,0.02399181845822164,take_profit
2022-09-16 17:00:00+00:00,2022-09-16 17:00:00+00:00,1428.01,1415.0415307504686,1432.0220291194742,134.36687220910244,0.009977011999999804,3,1,0.015749189431446566,take_profit
2022-09-16 18:00:00+00:00,2022-09-16 18:00:00+00:00,1421.4,1414.8245514722664,1431.8024460899337,66.12529450596321,0.009977011999999997,2,1,0.008013226396510552,take_profit
2022-09-16 19:00:00+00:00,2022-09-16 21:00:00+00:00,1428.09,1428.09,1445.22708,20.367644406632508,0.009977012000000113,1,3,0.000777261937272791,take_profit
2022-09-16 22:00:00+00:00,2022-09-17 00:00:00+00:00,1439.78,1433.1195249182076,1450.3169592172262,66.26560233495184,0.009977012000000129,2,3,0.011626776313047833,take_profit
2022-09-17 01:00:00+00:00,2022-09-17 14:00:00+00:00,1443.05,1423.5291869894618,1440.6115372333354,227.24092418507644,0.009977012000000058,4,14,0.023512698797685503,take_profit
2022-09-17 15:00:00+00:00,2022-09-17 16:00:00+00:00,1445.33,1445.33,1462.6739599999999,20.52422072512354,0.009977011999999999,1,2,0.005991711235496291,take_profit
2022-09-17 17:00:00+00:00,2022-09-17 23:00:00+00:00,1466.44,1453.122528801421,1470.559999147038,136.13585943872204,0.00997701200000005,3,7,0.01358391751452502,take_profit
2022-09-18 00:00:00+00:00,2022-09-18 16:00:00+00:00,1468.82,1440.0495626764657,1395.379,-949.2549376206953,-0.03295714712017079,6,17,0.056235617706730516,stop_loss
2022-09-18 17:00:00+00:00,2022-09-18 21:00:00+00:00,1396.49,1375.8931886905086,1326.6654999999998,-932.5991964141358,-0.037706192204050706,5,5,0.05079878839089435,stop_loss
2022-09-18 22:00:00+00:00,2022-09-18 23:00:00+00:00,1333.62,1333.62,1349.6234399999998,19.663606636233453,0.00997701199999994,1,2,0.005758761866198645,take_profit
2022-09-19 00:00:00+00:00,2022-09-19 00:00:00+00:00,1334.51,1334.51,1350.52412,19.673415838202573,0.009977012000000179,1,1,0.002255509512854899,take_profit
2022-09-19 01:00:00+00:00,2022-09-19 02:00:00+00:00,1343.95,1324.1281004093187,1340.0176376142306,241.3018188143542,0.009977012000000009,5,2,0.03642248595557874,take_profit
2022-09-19 03:00:00+00:00,2022-09-19 05:00:00+00:00,1301.73,1295.7081492809862,1311.256647072358,64.39838468422658,0.009977011999999905,2,3,0.012852127553332886,take_profit
2022-09-19 06:00:00+00:00,2022-09-19 08:00:00+00:00,1296.54,1290.5421584113217,1306.0286643122577,64.50285098701534,0.009977012000000212,2,3,0.012757030249741593,take_profit
2022-09-19 09:00:00+00:00,2022-09-19 10:00:00+00:00,1293.54,1293.54,1309.06248,19.86790594934905,0.009977011999999962,1,2,0.003192788781174051,take_profit
2022-09-19 11:00:00+00:00,2022-09-19 12:00:00+00:00,1316.94,1310.847787263182,1326.5779607103402,64.63971623734233,0.009977012000000203,2,2,0.011222986620499014,take_profit
2022-09-19 13:00:00+00:00,2022-09-19 13:00:00+00:00,1318.49,1318.49,1334.31188,19.91006262738142,0.009977011999999943,1,1,0.005468376703653449,take_profit
2022-09-19 14:00:00+00:00,2022-09-19 14:00:00+00:00,1339.36,1339.36,1355.43232,19.919994774069437,0.009977012000000098,1,1,0.005711683191972184,take_profit
2022-09-19 15:00:00+00:00,2022-09-19 17:00:00+00:00,1354.83,1336.5025802355653,1352.540611198392,221.88657487961245,0.009977012000000007,4,3,0.024349918439951886,take_profit
2022-09-19 18:00:00+00:00,2022-09-19 18:00:00+00:00,1328.48,1328.48,1344.42176,20.040620126424983,0.009977012000000032,1,1,0.003906720462483481,take_profit
2022-09-19 19:00:00+00:00,2022-09-19 19:00:00+00:00,1344.69,1344.69,1360.82628,20.0506174017994,0.00997701200000002,1,1,0.0004313261792681991,take_profit
2022-09-19 20:00:00+00:00,2022-09-19 21:00:00+00:00,1362.38,1362.38,1378.72856,20.060619664320484,0.009977011999999931,1,2,0.004227895300870695,take_profit
2022-09-19 22:00:00+00:00,2022-09-20 07:00:00+00:00,1377.82,1359.1815837412566,1375.4917627461518,223.4529796701063,0.009977012000000039,4,10,0.025823402186061988,take_profit
2022-09-20 08:00:00+00:00,2022-09-20 14:00:00+00:00,1358.55,1340.1722580537983,1356.254325150444,224.6940084732887,0.009977012000000155,4,7,0.02174377093224391,take_profit
2022-09-20 15:00:00+00:00,2022-09-20 15:00:00+00:00,1359.67,1359.67,1375.98604,20.294185310399826,0.009977011999999882,1,1,0.006001456235704312,take_profit
2022-09-20 16:00:00+00:00,2022-09-20 16:00:00+00:00,1377.17,1364.663234083531,1381.0391928925335,134.61004906549715,0.009977011999999952,3,1,0.01430469731405712,take_profit
2022-09-20 17:00:00+00:00,2022-09-20 17:00:00+00:00,1367.31,1348.8137574322175,1364.999522521404,226.80224777136027,0.009977012000000044,4,1,0.025612333706328472,take_profit
2022-09-20 18:00:00+00:00,2022-09-20 19:00:00+00:00,1335.44,1335.44,1351.4652800000001,20.484599818043534,0.009977012000000209,1,2,0.0026358353800994294,take_profit
2022-09-20 20:00:00+00:00,2022-09-21 10:00:00+00:00,1352.09,1332.1480436641507,1348.1338201881206,251.25129435731287,0.009977011999999964,5,15,0.029125280121885293,take_profit
2022-09-21 11:00:00+00:00,2022-09-21 17:00:00+00:00,1346.09,1339.8629382941488,1355.9412935536786,67.05369062667796,0.00997701200000006,2,7,0.008974139916350266,take_profit
2022-09-21 18:00:00+00:00,2022-09-21 18:00:00+00:00,1399.43,1369.3390577913142,1329.4585,-933.1760822316828,-0.031064727972797673,7,1,0.06894235510171999,stop_loss
2022-09-21 19:00:00+00:00,2022-09-21 19:00:00+00:00,1375.61,1355.3211475159515,1371.5850012861429,247.4910262823214,0.009977011999999896,5,1,0.03926985119328878,take_profit
2022-09-21 20:00:00+00:00,2022-09-21 21:00:00+00:00,1323.47,1297.5465984364473,1257.2965,-935.8554009246109,-0.032957147120170754,6,2,0.062041451638495865,stop_loss
2022-09-21 22:00:00+00:00,2022-09-21 22:00:00+00:00,1253.12,1236.168459027916,1251.002480536251,220.9376463712324,0.009977011999999855,4,1,0.026430030643513704,take_profit
2022-09-21 23:00:00+00:00,2022-09-22 02:00:00+00:00,1243.89,1243.89,1258.8166800000001,19.954913653314406,0.009977012000000018,1,4,0.005281817524057725,take_profit
2022-09-22 03:00:00+00:00,2022-09-22 07:00:00+00:00,1265.66,1259.8050104237998,1274.9226705488854,64.92279354348102,0.009977012000000072,2,5,0.008730622758086833,take_profit
2022-09-22 08:00:00+00:00,2022-09-22 08:00:00+00:00,1278.59,1278.59,1293.93308,19.99725494847644,0.009977012000000162,1,1,0.0016346131285243262,take_profit
2022-09-22 09:00:00+00:00,2022-09-22 11:00:00+00:00,1289.52,1289.52,1304.99424,20.007230591105554,0.009977012000000018,1,3,0.003505180222098131,take_profit
2022-09-22 12:00:00+00:00,2022-09-22 13:00:00+00:00,1308.51,1289.210804469361,1304.6813341229933,245.39618187184897,0.009977012000000085,5,2,0.029277575257353743,take_profit
2022-09-22 14:00:00+00:00,2022-09-22 16:00:00+00:00,1271.78,1260.230333105392,1275.3530971026566,133.51826949760107,0.009977012000000101,3,3,0.01545864850838988,take_profit
2022-09-22 17:00:00+00:00,2022-09-22 18:00:00+00:00,1281.62,1281.62,1296.9994399999998,20.206232911504458,0.009977011999999954,1,2,0.005945600099873513,take_profit
2022-09-22 19:00:00+00:00,2022-09-22 19:00:00+00:00,1302.8,1302.8,1318.4336,20.216312802916036,0.00997701199999992,1,1,7.675775253293602e-06,take_profit
2022-09-22 20:00:00+00:00,2022-09-22 23:00:00+00:00,1323.88,1317.7556825686677,1333.5687507594916,65.77324889081319,0.009977011999999858,2,4,0.012697525455479478,take_profit
2022-09-23 00:00:00+00:00,2022-09-23 03:00:00+00:00,1326.47,1320.3337011336832,1336.1777055472874,65.87994548215829,0.009977011999999954,2,4,0.009084261234705612,take_profit
2022-09-23 04:00:00+00:00,2022-09-23 04:00:00+00:00,1340.77,1340.77,1356.85924,20.292072997692458,0.009977011999999936,1,1,0.005787718997292594,take_profit
2022-09-23 05:00:00+00:00,2022-09-23 11:00:00+00:00,1349.86,1329.950933902692,1282.3669999999997,-940.6312913215734,-0.03770619220405111,5,7,0.050168165587542266,stop_loss
2022-09-23 12:00:00+00:00,2022-09-23 12:00:00+00:00,1287.75,1287.75,1303.203,19.832961226428097,0.009977011999999955,1,1,0.0017006406523005667,take_profit
2022-09-23 13:00:00+00:00,2022-09-23 13:00:00+00:00,1298.19,1280.6287760353764,1295.9963213478009,220.91711800952544,0.009977011999999726,4,1,0.023432625424629733,take_profit
2022-09-23 14:00:00+00:00,2022-09-23 14:00:00+00:00,1270.86,1264.9809550330974,1280.1607264934946,64.88439364096575,0.009977012000000049,2,1,0.006853626677997427,take_profit
2022-09-23 15:00:00+00:00,2022-09-23 15:00:00+00:00,1283.68,1283.68,1299.08416,19.985427166603586,0.009977012000000033,1,1,0.0047597532095227215,take_profit
2022-09-23 16:00:00+00:00,2022-09-23 18:00:00+00:00,1293.95,1287.9641398463061,1303.4197095244617,65.02206846683839,0.009977011999999902,2,3,0.013006684956914993,take_profit
2022-09-23 19:00:00+00:00,2022-09-23 20:00:00+00:00,1282.62,1282.62,1298.01144,20.02783320680487,0.009977012000000056,1,2,0.006471129406995022,take_profit
2022-09-23 21:00:00+00:00,2022-09-23 21:00:00+00:00,1300.62,1300.62,1316.22744,20.037824103416824,0.009977012000000075,1,1,0.0012455598099367156,take_profit
2022-09-23 22:00:00+00:00,2022-09-24 05:00:00+00:00,1325.95,1319.8161066727534,1335.6538999528266,65.1925405405409,0.009977011999999931,2,8,0.011003431501942114,take_profit
2022-09-24 06:00:00+00:00,2022-09-24 13:00:00+00:00,1332.57,1326.4054823099748,1342.3223480976944,65.29829511362368,0.00997701199999982,2,8,0.01175923216041172,take_profit
2022-09-24 14:00:00+00:00,2022-09-25 22:00:00+00:00,1342.7,1316.399931785849,1275.565,-926.703268578487,-0.032957147120170886,6,33,0.05468831459000526,stop_loss
2022-09-25 23:00:00+00:00,2022-09-26 00:00:00+00:00,1290.94,1290.94,1306.43128,19.650628934101633,0.009977012000000013,1,2,0.0020527677506313935,take_profit
2022-09-26 01:00:00+00:00,2022-09-26 02:00:00+00:00,1293.05,1293.05,1308.5665999999999,19.66043166213558,0.009977011999999907,1,2,0.004771663895440892,take_profit
2022-09-26 03:00:00+00:00,2022-09-26 08:00:00+00:00,1304.37,1286.7251762817953,1302.1658783971768,218.99533065364085,0.00997701200000024,4,6,0.020331654361875836,take_profit
2022-09-26 09:00:00+00:00,2022-09-26 12:00:00+00:00,1320.7,1302.8342727258118,1318.4682839985217,220.21160225361382,0.009977012000000042,4,4,0.023760127205270015,take_profit
2022-09-26 13:00:00+00:00,2022-09-26 14:00:00+00:00,1315.86,1315.86,1331.65032,19.88933792227158,0.00997701199999998,1,2,0.005570501421123773,take_profit
2022-09-26 15:00:00+00:00,2022-09-26 19:00:00+00:00,1330.0,1317.9216083207564,1333.7366676206054,131.92472191653906,0.00997701199999997,3,5,0.014082706766917306,take_profit
2022-09-26 20:00:00+00:00,2022-09-27 00:00:00+00:00,1330.37,1324.2156595906565,1340.1062475057445,64.92345133830804,0.009977012000000014,2,5,0.011335192465253973,take_profit
2022-09-27 01:00:00+00:00,2022-09-27 01:00:00+00:00,1342.82,1342.82,1358.93384,19.997457559764825,0.009977011999999995,1,1,0.00044682086951334436,take_profit
2022-09-27 02:00:00+00:00,2022-09-27 03:00:00+00:00,1367.06,1367.06,1383.46472,20.007433303466996,0.009977012,1,2,0.0037891533656166055,take_profit
2022-09-27 04:00:00+00:00,2022-09-27 11:00:00+00:00,1385.66,1379.2498860229782,1395.8008846552539,65.09366486184808,0.00997701200000013,2,8,0.0076642177734798705,take_profit
2022-09-27 12:00:00+00:00,2022-09-27 17:00:00+00:00,1388.82,1361.6165586227921,1319.379,-923.7991878081957,-0.032957147120170935,6,6,0.05783326853011905,stop_loss
2022-09-27 18:00:00+00:00,2022-09-27 18:00:00+00:00,1314.31,1308.2299537396332,1323.9287131845088,63.70068285453908,0.009977011999999882,2,1,0.008034634142629933,take_profit
2022-09-27 19:00:00+00:00,2022-09-27 23:00:00+00:00,1323.11,1316.9892446169063,1332.7931155523092,63.80401735362011,0.009977012000000285,2,5,0.00856315801407285,take_profit
2022-09-28 00:00:00+00:00,2022-09-28 01:00:00+00:00,1328.01,1315.949680500788,1331.7410766667974,130.28981762011972,0.009977012000000009,3,2,0.016573670378988103,take_profit
2022-09-28 02:00:00+00:00,2022-09-28 02:00:00+00:00,1310.79,1291.4571767815253,1306.9546629029037,241.72377362554107,0.009977012000000288,5,1,0.03330815767590526,take_profit
2022-09-28 03:00:00+00:00,2022-09-28 06:00:00+00:00,1277.14,1277.14,1292.46568,19.838233257632282,0.009977011999999888,1,4,0.0009630894028845844,take_profit
2022-09-28 07:00:00+00:00,2022-09-28 10:00:00+00:00,1277.48,1265.878568569624,1281.0691113924595,131.58574790456078,0.009977012000000155,3,4,0.019006168394025715,take_profit
2022-09-28 11:00:00+00:00,2022-09-28 13:00:00+00:00,1302.74,1296.7134769839456,1312.2740387077529,64.7566337589169,0.009977011999999801,2,3,0.011445108003131923,take_profit
2022-09-28 14:00:00+00:00,2022-09-28 14:00:00+00:00,1310.57,1310.57,1326.29684,19.946075087094187,0.009977011999999959,1,1,0.004250059134574984,take_profit
2022-09-28 15:00:00+00:00,2022-09-28 18:00:00+00:00,1325.78,1319.6468930989881,1335.482655816176,64.89403749773192,0.009977012000000021,2,4,0.011495119853972762,take_profit
2022-09-28 19:00:00+00:00,2022-09-28 19:00:00+00:00,1333.18,1327.012660427604,1342.9368123527354,64.99930784268872,0.009977012000000202,2,1,0.008385964385904426,take_profit
2022-09-28 20:00:00+00:00,2022-09-28 20:00:00+00:00,1334.13,1334.13,1350.13956,20.020822571878398,0.009977012000000104,1,1,0.0007720387068727935,take_profit
2022-09-28 21:00:00+00:00,2022-09-29 16:00:00+00:00,1350.43,1330.512526980733,1346.4786773045016,245.56289261026905,0.009977011999999875,5,20,0.04584465688706566,take_profit
2022-09-29 17:00:00+00:00,2022-09-30 00:00:00+00:00,1337.45,1331.2629072510083,1347.2380621380205,65.53557573743183,0.009977012000000172,2,8,0.013293954914202379,take_profit
2022-09-30 01:00:00+00:00,2022-09-30 08:00:00+00:00,1337.52,1331.3325834284408,1347.308574429582,65.64188677817765,0.009977011999999789,2,8,0.013009151265027882,take_profit
2022-09-30 09:00:00+00:00,2022-09-30 14:00:00+00:00,1348.61,1330.3667210878752,1346.3311217409298,225.10205130751638,0.009977012000000101,4,6,0.026145438636818646,take_profit
2022-09-30 15:00:00+00:00,2022-09-30 15:00:00+00:00,1360.1,1353.8081275203529,1370.0538250505972,66.11352817754687,0.009977012000000042,2,1,0.008852290272774035,take_profit
2022-09-30 16:00:00+00:00,2022-09-30 19:00:00+00:00,1351.09,1338.8200795384143,1354.8859204928754,135.0059116299035,0.009977012000000274,3,4,0.013389189469243291,take_profit
2022-09-30 20:00:00+00:00,2022-10-02 23:00:00+00:00,1337.54,1317.8126414088915,1270.663,-946.6160365683427,-0.03770619220405095,5,52,0.05049568611032191,stop_loss
2022-10-03 00:00:00+00:00,2022-10-03 01:00:00+00:00,1276.72,1270.8138464581905,1286.0636126156887,64.90419235979789,0.009977011999999853,2,2,0.010714957077511172,take_profit
2022-10-03 02:00:00+00:00,2022-10-03 13:00:00+00:00,1298.26,1292.2542016282432,1307.7612520477821,65.00947917785197,0.009977011999999936,2,12,0.010899203549366144,take_profit
2022-10-03 14:00:00+00:00,2022-10-03 14:00:00+00:00,1297.76,1297.76,1313.33312,20.02395550518827,0.009977012000000118,1,1,1.5411170016013602e-05,take_profit
2022-10-03 15:00:00+00:00,2022-10-04 00:00:00+00:00,1319.99,1313.8836778513275,1329.6502819855434,65.14741941623106,0.00997701199999987,2,10,0.008037939681361147,take_profit
2022-10-04 01:00:00+00:00,2022-10-04 06:00:00+00:00,1321.59,1321.59,1337.4490799999999,20.066443296670514,0.00997701200000005,1,6,0.002217026460551182,take_profit
2022-10-04 07:00:00+00:00,2022-10-04 08:00:00+00:00,1337.93,1337.93,1353.9851600000002,20.076453453948943,0.00997701200000006,1,2,0.0002242269774950517,take_profit
2022-10-04 09:00:00+00:00,2022-10-04 14:00:00+00:00,1347.85,1347.85,1364.0241999999998,20.086468604800075,0.00997701199999994,1,6,0.004332826353080772,take_profit
2022-10-04 15:00:00+00:00,2022-10-04 20:00:00+00:00,1350.92,1344.6705945370159,1360.80664167146,65.3508041629857,0.00997701199999992,2,6,0.009475024427797487,take_profit
2022-10-04 21:00:00+00:00,2022-10-05 16:00:00+00:00,1361.31,1341.232058014219,1357.3268427103897,246.76772118896042,0.009977012000000054,5,20,0.033071085939279064,take_profit
2022-10-05 17:00:00+00:00,2022-10-06 00:00:00+00:00,1350.94,1350.94,1367.15128,20.252189265358084,0.009977011999999787,1,8,0.0059069980902186755,take_profit
2022-10-06 01:00:00+00:00,2022-10-06 13:00:00+00:00,1370.04,1363.7021447158181,1380.0665704524079,65.88997203002145,0.009977012000000098,2,13,0.01109456658199764,take_profit
2022-10-06 14:00:00+00:00,2022-10-09 13:00:00+00:00,1364.51,1344.3848612593617,1321.89,-466.2851587150435,-0.018698008355891575,5,72,0.04470469252698771,time_stop
2022-10-09 14:00:00+00:00,2022-10-10 00:00:00+00:00,1321.89,1315.7748883816482,1331.564187042228,65.24045566386212,0.009977012000000042,2,11,0.008994696986890057,take_profit
2022-10-10 01:00:00+00:00,2022-10-13 00:00:00+00:00,1333.18,1313.5169469873842,1296.44,-369.73463892395375,-0.014973945020271787,5,72,0.049633207818899225,time_stop
2022-10-13 01:00:00+00:00,2022-10-13 10:00:00+00:00,1296.44,1271.046047191812,1231.618,-917.3842326369486,-0.03295714712017094,6,10,0.05864521304495385,stop_loss
2022-10-13 11:00:00+00:00,2022-10-13 12:00:00+00:00,1242.94,1224.6078954743546,1239.3031902200469,238.47961460071747,0.00997701200000015,5,2,0.04259256279466431,take_profit
2022-10-13 13:00:00+00:00,2022-10-13 13:00:00+00:00,1217.93,1212.2958111542266,1226.8433608880773,63.64519768588525,0.009977012000000132,2,1,0.010214051710689493,take_profit
2022-10-13 14:00:00+00:00,2022-10-13 15:00:00+00:00,1222.55,1222.55,1237.2205999999999,19.60373506599626,0.009977011999999787,1,2,0.003721729172630939,take_profit
2022-10-13 16:00:00+00:00,2022-10-13 17:00:00+00:00,1256.9,1256.9,1271.9828,19.613514400996337,0.009977011999999869,1,2,0.004511098734982952,take_profit
2022-10-13 18:00:00+00:00,2022-10-13 19:00:00+00:00,1275.09,1275.09,1290.3910799999999,19.623298614423675,0.009977012000000018,1,2,0.003301727721180316,take_profit
2022-10-13 20:00:00+00:00,2022-10-14 01:00:00+00:00,1287.04,1287.04,1302.48448,19.6330877087114,0.00997701199999999,1,6,0.0028359646941818932,take_profit
2022-10-14 02:00:00+00:00,2022-10-14 12:00:00+00:00,1328.96,1322.8121823023664,1338.685928489995,63.8757411872848,0.009977012000000056,2,11,0.009481098001444841,take_profit
2022-10-14 13:00:00+00:00,2022-10-15 21:00:00+00:00,1338.74,1318.9949426258204,1271.8029999999999,-911.5606080361176,-0.03770619220405102,5,33,0.05133931906120682,stop_loss
2022-10-15 22:00:00+00:00,2022-10-16 01:00:00+00:00,1275.55,1269.6492589210986,1284.885050028152,62.500636758778455,0.00997701200000021,2,4,0.009337148680961041,take_profit
2022-10-16 02:00:00+00:00,2022-10-16 19:00:00+00:00,1282.69,1282.69,1298.08228,19.251192062003838,0.009977012000000023,1,18,0.00264288331553228,take_profit
2022-10-16 20:00:00+00:00,2022-10-16 22:00:00+00:00,1308.09,1296.2105839310511,1311.7651109382239,127.691940740664,0.009977012000000023,3,3,0.013355350167037459,take_profit
2022-10-16 23:00:00+00:00,2022-10-17 09:00:00+00:00,1308.32,1302.2676636993074,1317.8948756636992,62.840393980251974,0.00997701199999993,2,11,0.009691818515347802,take_profit
2022-10-17 10:00:00+00:00,2022-10-17 13:00:00+00:00,1317.97,1317.97,1333.78564,19.355842700209678,0.009977012000000054,1,4,0.003217068673793796,take_profit
2022-10-17 14:00:00+00:00,2022-10-18 00:00:00+00:00,1331.41,1325.2508485125163,1341.1538586946665,62.973731749376384,0.009977011999999967,2,11,0.0120924433495318,take_profit
2022-10-18 01:00:00+00:00,2022-10-20 00:00:00+00:00,1337.97,1318.236299344958,1271.0715,-898.6881738945995,-0.037706192204050776,5,48,0.05053177574983006,stop_loss
2022-10-20 01:00:00+00:00,2022-10-20 05:00:00+00:00,1276.85,1276.85,1292.1722,18.9486017230613,0.009977012000000021,1,5,0.0028116066883345095,take_profit
2022-10-20 06:00:00+00:00,2022-10-20 14:00:00+00:00,1292.37,1292.37,1307.87844,18.958054244400273,0.00997701200000016,1,9,0.0029403344243521244,take_profit
2022-10-20 15:00:00+00:00,2022-10-21 16:00:00+00:00,1306.14,1286.8757595659267,1302.318268680718,232.5276407502024,0.00997701199999985,5,26,0.040952730947677894,take_profit
2022-10-21 17:00:00+00:00,2022-10-22 13:00:00+00:00,1296.96,1296.96,1312.52352,19.083508034239458,0.009977012000000007,1,21,0.0020355292376018535,take_profit
2022-10-22 14:00:00+00:00,2022-10-23 17:00:00+00:00,1310.29,1304.2285504070605,1319.8792930119453,62.08769798342382,0.009977012000000023,2,28,0.008280609636034702,take_profit
2022-10-23 18:00:00+00:00,2022-10-23 22:00:00+00:00,1328.69,1328.69,1344.63428,19.12400033906397,0.00997701199999994,1,5,0.0026567521393251795,take_profit
2022-10-23 23:00:00+00:00,2022-10-25 13:00:00+00:00,1365.5,1345.3602597633283,1361.5045828804882,234.56303179754832,0.009977012000000288,5,39,0.03026730135481503,take_profit
2022-10-25 14:00:00+00:00,2022-10-25 15:00:00+00:00,1381.79,1381.79,1398.37148,19.250552267257717,0.009977012000000037,1,2,0.0033434892422147294,take_profit
2022-10-25 16:00:00+00:00,2022-10-25 16:00:00+00:00,1408.29,1408.29,1425.18948,19.260155416806356,0.009977011999999924,1,1,0.002272259264782144,take_profit
2022-10-25 17:00:00+00:00,2022-10-25 17:00:00+00:00,1428.34,1428.34,1445.48008,19.269763356892327,0.00997701200000003,1,1,8.401361020477679e-05,take_profit
2022-10-25 18:00:00+00:00,2022-10-25 18:00:00+00:00,1482.06,1482.06,1499.84472,19.279376089904872,0.009977012000000084,1,1,0.005006544944199186,take_profit
2022-10-25 19:00:00+00:00,2022-10-25 19:00:00+00:00,1494.94,1488.0243527352964,1505.88064496812,62.72494961781558,0.009977012000000042,2,1,0.007598967182629488,take_profit
2022-10-25 20:00:00+00:00,2022-10-25 20:00:00+00:00,1493.34,1471.3147494067873,1488.9705263996689,236.85237048157796,0.009977012000000065,5,1,0.02734809219601693,take_profit
2022-10-25 21:00:00+00:00,2022-10-25 22:00:00+00:00,1473.85,1460.4652349049227,1477.9908177237817,128.86964414800605,0.009977011999999943,3,2,0.018583980730739136,take_profit
2022-10-25 23:00:00+00:00,2022-10-26 01:00:00+00:00,1458.06,1458.06,1475.55672,19.502724643418105,0.009977012000000169,1,3,0.0017008902239962816,take_profit
2022-10-26 02:00:00+00:00,2022-10-26 03:00:00+00:00,1480.37,1480.37,1498.1344399999998,19.512453589307597,0.009977011999999907,1,2,0.002620966380026535,take_profit
2022-10-26 04:00:00+00:00,2022-10-26 06:00:00+00:00,1487.02,1480.1409909457504,1497.9026828370995,63.48326121145419,0.009977011999999955,2,3,0.0068526314373714235,take_profit
2022-10-26 07:00:00+00:00,2022-10-26 07:00:00+00:00,1497.74,1497.7399999999998,1515.7128799999998,19.553856051433513,0.00997701199999997,1,1,0.0033984536701963746,take_profit
2022-10-26 08:00:00+00:00,2022-10-26 08:00:00+00:00,1515.59,1515.59,1533.7770799999998,19.563610504256985,0.009977011999999919,1,1,0.004638457630361755,take_profit
2022-10-26 09:00:00+00:00,2022-10-26 11:00:00+00:00,1536.41,1529.3025109944458,1547.6541411263793,63.649698906215235,0.009977012000000228,2,3,0.008122831796200245,take_profit
2022-10-26 12:00:00+00:00,2022-10-26 13:00:00+00:00,1528.49,1521.4191492049,1539.6761789953587,63.75295069972981,0.009977011999999898,2,2,0.012469823158803751,take_profit
2022-10-26 14:00:00+00:00,2022-10-26 14:00:00+00:00,1529.43,1529.43,1547.7831600000002,19.636924711292977,0.009977012000000052,1,1,6.538383580805205e-06,take_profit
2022-10-26 15:00:00+00:00,2022-10-26 18:00:00+00:00,1574.91,1553.605455030369,1572.2487204907336,218.7334893797124,0.009977012000000472,4,4,0.021359950727343213,take_profit
2022-10-26 19:00:00+00:00,2022-10-26 20:00:00+00:00,1553.79,1553.7899999999997,1572.4354799999996,19.75583593538431,0.009977011999999945,1,2,0.005946749560751459,take_profit
2022-10-26 21:00:00+00:00,2022-10-26 22:00:00+00:00,1553.04,1553.04,1571.67648,19.765691145994424,0.009977012000000068,1,2,0.006561324885386117,take_profit
2022-10-26 23:00:00+00:00,2022-10-27 04:00:00+00:00,1568.42,1547.203248299097,1565.7696872786862,220.1678041714149,0.009977011999999848,4,6,0.023182565894339608,take_profit
2022-10-27 05:00:00+00:00,2022-10-27 12:00:00+00:00,1561.64,1547.4579702391172,1566.0274658819867,131.83271846010211,0.009977012000000072,3,8,0.017231884429189877,take_profit
2022-10-27 13:00:00+00:00,2022-10-27 13:00:00+00:00,1571.01,1549.7582121564153,1568.3553107022924,222.12276931874658,0.009977012000000337,4,1,0.02358355452861532,take_profit
2022-10-27 14:00:00+00:00,2022-10-27 14:00:00+00:00,1543.66,1543.66,1562.1839200000002,20.061953021545605,0.009977012000000179,1,1,0.0043597683427697926,take_profit
2022-10-27 15:00:00+00:00,2022-10-27 20:00:00+00:00,1547.66,1526.724078539282,1545.0447674817533,223.46783178583064,0.009977011999999928,4,6,0.02574854942299997,take_profit
2022-10-27 21:00:00+00:00,2022-10-28 02:00:00+00:00,1527.34,1506.678956693451,1524.7591041737724,224.70894307572962,0.009977011999999882,4,6,0.020257441041287357,take_profit
2022-10-28 03:00:00+00:00,2022-10-28 06:00:00+00:00,1501.41,1501.41,1519.42692,20.295534191892784,0.009977011999999905,1,4,0.0013120999593715422,take_profit
2022-10-28 07:00:00+00:00,2022-10-28 12:00:00+00:00,1511.25,1490.8066136570626,1508.6962930209475,226.06966609516166,0.009977012000000014,4,6,0.02079735318445,take_profit
2022-10-28 13:00:00+00:00,2022-10-28 13:00:00+00:00,1511.46,1511.46,1529.59752,20.418433619874804,0.009977011999999761,1,1,0.0014158495759068054,take_profit
2022-10-28 14:00:00+00:00,2022-10-28 16:00:00+00:00,1540.19,1533.0650245758197,1551.4618048707296,66.43084372175417,0.009977011999999997,2,3,0.012881527603737295,take_profit
2022-10-28 17:00:00+00:00,2022-10-29 03:00:00+00:00,1567.12,1559.870445408202,1578.5888907531003,66.53860705570514,0.009977012000000023,2,11,0.012768645668487412,take_profit
2022-10-29 04:00:00+00:00,2022-10-29 05:00:00+00:00,1589.53,1582.1767759263485,1601.1628972374647,66.64654520206932,0.009977011999999959,2,2,0.009380131233760974,take_profit
2022-10-29 06:00:00+00:00,2022-10-29 08:00:00+00:00,1580.73,1580.73,1599.69876,20.5281979271017,0.009977012000000045,1,3,0.0005630310046624661,take_profit
2022-10-29 09:00:00+00:00,2022-10-29 10:00:00+00:00,1628.84,1628.84,1648.38608,20.538438430954557,0.009977012000000047,1,2,0.004991282139436582,take_profit
2022-10-29 11:00:00+00:00,2022-10-29 14:00:00+00:00,1621.95,1614.4467998173932,1633.820161415202,66.8212762592866,0.0099770119999999,2,4,0.008181509910909697,take_profit
2022-10-29 15:00:00+00:00,2022-10-29 15:00:00+00:00,1618.59,1618.59,1638.01308,20.5820178770432,0.009977011999999848,1,1,0.0014457027412747628,take_profit
2022-10-29 16:00:00+00:00,2022-10-29 17:00:00+00:00,1632.41,1632.41,1651.99892,20.592285229010486,0.009977011999999903,1,2,0.005862497779357002,take_profit
2022-10-29 18:00:00+00:00,2022-10-30 06:00:00+00:00,1627.38,1612.6009525932577,1631.9521640243768,136.58732699298344,0.009977011999999856,3,13,0.014354360997431532,take_profit
2022-10-30 07:00:00+00:00,2022-10-31 10:00:00+00:00,1634.33,1610.2252898857562,1629.5479933643853,253.40740138599722,0.00997701200000025,5,28,0.04455036620511155,take_profit
2022-10-31 11:00:00+00:00,2022-10-31 13:00:00+00:00,1623.07,1599.1313634669093,1618.3209398285123,254.95712419076153,0.009977012000000078,5,3,0.04193904144614831,take_profit
2022-10-31 14:00:00+00:00,2022-10-31 14:00:00+00:00,1558.68,1551.4694891577267,1570.0871230276193,68.04269873428802,0.009977012000000013,2,1,0.008500782713578155,take_profit
2022-10-31 15:00:00+00:00,2022-10-31 15:00:00+00:00,1557.22,1557.22,1575.9066400000002,20.9582354625677,0.009977012000000195,1,1,0.003994297530214117,take_profit
2022-10-31 16:00:00+00:00,2022-10-31 16:00:00+00:00,1569.43,1562.1697592634862,1580.915796374648,68.18707500375058,0.009977012000000032,2,1,0.00886946216142171,take_profit
2022-10-31 17:00:00+00:00,2022-10-31 23:00:00+00:00,1563.82,1556.5857113292243,1575.264739865175,68.29768727544524,0.00997701199999981,2,7,0.008492025936488836,take_profit
2022-11-01 00:00:00+00:00,2022-11-01 02:00:00+00:00,1572.69,1572.69,1591.56228,21.036775996456527,0.009977011999999978,1,3,0.0024734690244104687,take_profit
2022-11-01 03:00:00+00:00,2022-11-01 09:00:00+00:00,1598.35,1590.9559742828878,1610.0474459742825,68.44260459185443,0.009977011999999964,2,7,0.011280382894860308,take_profit
2022-11-01 10:00:00+00:00,2022-11-02 03:00:00+00:00,1597.56,1575.9490578752536,1594.8604465697567,234.70639627588025,0.009977012000000117,4,18,0.021201081649515445,take_profit
2022-11-02 04:00:00+00:00,2022-11-02 07:00:00+00:00,1590.75,1569.2311799338115,1588.0619540930172,236.0099250920939,0.009977012000000094,4,4,0.023045733144743098,take_profit
2022-11-02 08:00:00+00:00,2022-11-02 16:00:00+00:00,1564.76,1550.549635966907,1569.15623159851,141.31870972483375,0.00997701199999981,3,9,0.01822004652470666,take_profit
2022-11-02 17:00:00+00:00,2022-11-02 18:00:00+00:00,1570.95,1547.7800806116445,1566.3534415789843,262.18542954890654,0.009977012000000242,5,2,0.027091887074699988,take_profit
2022-11-02 19:00:00+00:00,2022-11-02 19:00:00+00:00,1563.68,1542.5273684984456,1561.037696920427,239.5617030772737,0.00997701199999982,4,1,0.025376036017599548,take_profit
2022-11-02 20:00:00+00:00,2022-11-02 20:00:00+00:00,1535.93,1515.1527557414674,1533.3345888103652,240.89219763634173,0.009977011999999988,4,1,0.02143977915660223,take_profit
2022-11-02 21:00:00+00:00,2022-11-03 00:00:00+00:00,1511.27,1511.27,1529.40524,21.757192957117695,0.00997701200000013,1,4,0.00592217141874056,take_profit
2022-11-03 01:00:00+00:00,2022-11-03 02:00:00+00:00,1531.49,1531.49,1549.86788,21.76804654587795,0.009977011999999801,1,2,0.0012471514668721845,take_profit
2022-11-03 03:00:00+00:00,2022-11-03 14:00:00+00:00,1543.59,1529.5718912690497,1547.9267539642783,144.3860775282792,0.009977011999999862,3,12,0.013954482731813477,take_profit
2022-11-03 15:00:00+00:00,2022-11-04 05:00:00+00:00,1551.8,1537.7073321745488,1556.1598201606434,144.86359040131174,0.009977012000000098,3,15,0.017843794303389646,take_profit
2022-11-04 06:00:00+00:00,2022-11-04 06:00:00+00:00,1561.96,1561.9599999999998,1580.7035199999998,21.92319791935506,0.009977011999999983,1,1,0.0029450177981511284,take_profit
2022-11-04 07:00:00+00:00,2022-11-04 12:00:00+00:00,1582.18,1567.8114362804017,1586.6251735157666,145.41518678676402,0.009977012000000061,3,6,0.016420382004575976,take_profit
2022-11-04 13:00:00+00:00,2022-11-04 14:00:00+00:00,1609.72,1609.7199999999998,1629.0366399999998,22.006674772968836,0.009977012000000025,1,2,0.0021556543995229155,take_profit
2022-11-04 15:00:00+00:00,2022-11-04 15:00:00+00:00,1660.45,1637.988315399087,1657.644175183876,245.12986801683655,0.009977012000000111,4,1,0.02234936312445429,take_profit
2022-11-04 16:00:00+00:00,2022-11-04 18:00:00+00:00,1624.97,1617.4528291866393,1636.862263136879,71.99579187374638,0.00997701199999997,2,3,0.010566348917210824,take_profit
2022-11-04 19:00:00+00:00,2022-11-05 00:00:00+00:00,1637.51,1637.51,1657.16012,22.175851141595103,0.009977012000000002,1,6,0.0018137293818053185,take_profit
2022-11-05 01:00:00+00:00,2022-11-06 23:00:00+00:00,1658.28,1625.7985245265793,1575.366,-1022.262805153714,-0.03295714712017081,6,47,0.05661890633668613,stop_loss
2022-11-07 00:00:00+00:00,2022-11-07 02:00:00+00:00,1568.25,1568.25,1587.069,21.676957164533633,0.00997701199999984,1,3,0.0025761198788458242,take_profit
2022-11-07 03:00:00+00:00,2022-11-07 13:00:00+00:00,1592.7,1569.209290168475,1588.0398016504967,265.87600410528466,0.009977011999999877,5,11,0.02913919758899986,take_profit
2022-11-07 14:00:00+00:00,2022-11-07 15:00:00+00:00,1579.31,1572.0040540211517,1590.8681026694055,70.95671833228153,0.00997701199999991,2,2,0.007427294198099181,take_profit
2022-11-07 16:00:00+00:00,2022-11-07 19:00:00+00:00,1592.02,1584.6552570950316,1603.671120180172,71.07182348683637,0.00997701200000014,2,4,0.009421992186027814,take_profit
2022-11-07 20:00:00+00:00,2022-11-08 03:00:00+00:00,1600.53,1569.1796997253332,1520.5034999999998,-1008.6402870775928,-0.03295714712017105,6,8,0.06093606492849242,stop_loss
2022-11-08 04:00:00+00:00,2022-11-08 04:00:00+00:00,1507.06,1484.832393320338,1502.6503820401822,262.2021813494721,0.009977012000000104,5,1,0.03255344843602773,take_profit
2022-11-08 05:00:00+00:00,2022-11-08 05:00:00+00:00,1465.01,1445.1921237874167,1462.5344292728657,239.57700938122434,0.009977012000000165,4,1,0.02265513545982625,take_profit
2022-11-08 06:00:00+00:00,2022-11-08 06:00:00+00:00,1470.38,1470.38,1488.02456,21.638406193069386,0.009977011999999957,1,1,0.002693181354479819,take_profit
2022-11-08 07:00:00+00:00,2022-11-08 16:00:00+00:00,1485.15,1463.2455436012497,1480.8044901244646,265.4031619914422,0.00997701199999989,5,10,0.04188802477864191,take_profit
2022-11-08 17:00:00+00:00,2022-11-08 17:00:00+00:00,1545.82,1512.5813383413024,1468.5289999999998,-984.141276978633,-0.03106472797279755,7,1,0.0667930289425677,stop_loss
2022-11-08 18:00:00+00:00,2022-11-08 18:00:00+00:00,1447.1,1415.9840438820165,1374.745,-961.9595337234532,-0.031064727972797534,7,1,0.07326376891714463,stop_loss
2022-11-08 19:00:00+00:00,2022-11-08 19:00:00+00:00,1345.8,1305.7093557502897,1278.51,-796.8078056758604,-0.02278845373149051,8,1,0.08381631743201066,stop_loss
2022-11-08 20:00:00+00:00,2022-11-08 20:00:00+00:00,1315.39,1295.9893314464182,1311.5412034237752,250.2518811661721,0.00997701199999995,5,1,0.026904568226913766,take_profit
2022-11-08 21:00:00+00:00,2022-11-08 21:00:00+00:00,1310.57,1304.507255116792,1320.1613421781935,66.78696824780036,0.009977011999999997,2,1,0.00806519300762259,take_profit
2022-11-08 22:00:00+00:00,2022-11-08 22:00:00+00:00,1336.71,1318.6276979596573,1334.4512303351732,229.0288151526329,0.009977011999999964,4,1,0.02115642136289844,take_profit
2022-11-08 23:00:00+00:00,2022-11-08 23:00:00+00:00,1318.58,1318.58,1334.40296,20.685701624667672,0.009977012000000037,1,1,0.0036857831910084337,take_profit
2022-11-09 00:00:00+00:00,2022-11-09 07:00:00+00:00,1334.78,1315.0933486099557,1268.041,-958.8777959411163,-0.037706192204050845,5,8,0.05120694046959043,stop_loss
2022-11-09 08:00:00+00:00,2022-11-09 09:00:00+00:00,1274.36,1249.398538072998,1210.6419999999998,-931.530481728918,-0.03295714712017104,6,2,0.059135566088075506,stop_loss
2022-11-09 10:00:00+00:00,2022-11-09 10:00:00+00:00,1216.25,1192.4267647535107,1155.4375,-910.1196648504156,-0.03295714712017077,6,1,0.06587461459403897,stop_loss
2022-11-09 11:00:00+00:00,2022-11-09 11:00:00+00:00,1195.02,1184.1674288537367,1198.3774379999816,127.9450608231673,0.009977011999999879,3,1,0.013932821208013332,take_profit
2022-11-09 12:00:00+00:00,2022-11-09 12:00:00+00:00,1220.05,1214.4060039564788,1228.9788760039567,62.96496069618479,0.009977012000000196,2,1,0.006876767345600486,take_profit
2022-11-09 13:00:00+00:00,2022-11-09 13:00:00+00:00,1227.04,1208.9424043500505,1223.4497132022511,237.75866364242393,0.00997701199999985,5,1,0.028662472291041918,take_profit
2022-11-09 14:00:00+00:00,2022-11-09 14:00:00+00:00,1214.52,1198.0906193010924,1212.4677067327054,217.2426991139655,0.009977011999999983,4,1,0.02059249744755129,take_profit
2022-11-09 15:00:00+00:00,2022-11-09 15:00:00+00:00,1225.89,1201.8779417419787,1164.5955000000001,-904.0469541618077,-0.03295714712017103,6,1,0.06190604377227981,stop_loss
2022-11-09 16:00:00+00:00,2022-11-09 16:00:00+00:00,1163.02,1157.639826827969,1171.5315047499048,62.33866523449524,0.009977011999999974,2,1,0.012054822788946004,take_profit
2022-11-09 17:00:00+00:00,2022-11-09 17:00:00+00:00,1174.29,1163.6256882969783,1177.589196556542,127.29752233420368,0.009977012000000058,3,1,0.017627672891704815,take_profit
2022-11-09 18:00:00+00:00,2022-11-09 18:00:00+00:00,1168.54,1152.7326122897102,1166.5654036371868,214.4814922924088,0.009977012000000103,4,1,0.021488352987488576,take_profit
2022-11-09 19:00:00+00:00,2022-11-09 19:00:00+00:00,1163.72,1163.72,1177.68464,19.371798918041577,0.00997701199999993,1,1,0.001503798164506926,take_profit
2022-11-09 20:00:00+00:00,2022-11-09 20:00:00+00:00,1195.46,1177.8281773245462,1191.962115452441,237.6023742431389,0.009977012000000044,5,1,0.03970019908654412,take_profit
2022-11-09 21:00:00+00:00,2022-11-09 21:00:00+00:00,1164.99,1142.1708174061196,1106.7404999999999,-898.4627384198466,-0.03295714712017131,6,1,0.0551163529300681,stop_loss
2022-11-09 22:00:00+00:00,2022-11-09 22:00:00+00:00,1106.11,1106.11,1119.38332,19.051791962369407,0.009977012000000061,1,1,0.004963339993309897,take_profit
2022-11-09 23:00:00+00:00,2022-11-09 23:00:00+00:00,1117.65,1101.1657959168683,1114.3797854678708,233.67736899381998,0.00997701200000009,5,1,0.03947568559030118,take_profit
2022-11-10 00:00:00+00:00,2022-11-10 00:00:00+00:00,1102.73,1092.7155602583066,1105.8281469814062,127.14214903759239,0.009977011999999954,3,1,0.015234916978770828,take_profit
2022-11-10 01:00:00+00:00,2022-11-10 01:00:00+00:00,1146.15,1135.741241636718,1149.3701365363588,127.56263288139235,0.00997701200000009,3,1,0.014090651310910517,take_profit
2022-11-10 02:00:00+00:00,2022-11-10 02:00:00+00:00,1137.8,1132.5364954728752,1146.1269334185497,62.7767583523937,0.00997701199999987,2,1,0.009834768852170904,take_profit
2022-11-10 03:00:00+00:00,2022-11-10 03:00:00+00:00,1149.98,1149.98,1163.7797600000001,19.336241912803416,0.009977012000000172,1,1,0.003913111532374476,take_profit
2022-11-10 04:00:00+00:00,2022-11-10 05:00:00+00:00,1174.15,1168.7183390397931,1182.7429591082707,62.909961096384905,0.009977012000000132,2,2,0.012647447089383925,take_profit
2022-11-10 06:00:00+00:00,2022-11-10 07:00:00+00:00,1187.25,1181.75773795937,1195.9388308148823,63.012012895918815,0.009977011999999893,2,2,0.012836386607706893,take_profit
2022-11-10 08:00:00+00:00,2022-11-10 08:00:00+00:00,1189.54,1184.0371443353874,1198.2455900674122,63.11423024268424,0.009977011999999922,2,1,0.01150024379171786,take_profit
2022-11-10 09:00:00+00:00,2022-11-10 09:00:00+00:00,1215.89,1199.4420866696353,1213.8353917096708,216.434100109469,0.009977011999999825,4,1,0.024582815879726043,take_profit
2022-11-10 10:00:00+00:00,2022-11-10 10:00:00+00:00,1198.66,1187.7743722028256,1202.0276646692596,129.5970402769799,0.009977012000000014,3,1,0.01963025378339143,take_profit
2022-11-10 11:00:00+00:00,2022-11-10 11:00:00+00:00,1181.0,1181.0,1195.172,19.612806474587842,0.009977011999999999,1,1,0.0036071126164267495,take_profit
2022-11-10 12:00:00+00:00,2022-11-10 12:00:00+00:00,1187.05,1187.05,1201.2946,19.622590334865663,0.009977012000000146,1,1,0.0012889094814876986,take_profit
2022-11-10 13:00:00+00:00,2022-11-10 13:00:00+00:00,1214.99,1203.9560713485985,1218.4035442047816,130.1554020212261,0.009977011999999964,3,1,0.014806706228034806,take_profit
2022-11-10 14:00:00+00:00,2022-11-10 14:00:00+00:00,1300.08,1288.2733267260517,1303.7326066467642,130.58585127937658,0.009977011999999907,3,1,0.018368100424589168,take_profit
2022-11-10 15:00:00+00:00,2022-11-10 15:00:00+00:00,1324.2,1312.1742810062751,1327.9203723783505,131.01772411704405,0.009977012000000141,3,1,0.013751699139102881,take_profit
2022-11-10 16:00:00+00:00,2022-11-10 16:00:00+00:00,1321.64,1315.5260448908164,1331.3123574295062,64.47709506296997,0.00997701199999994,2,1,0.01112254471716961,take_profit
2022-11-10 17:00:00+00:00,2022-11-10 17:00:00+00:00,1321.28,1295.399494950478,1255.216,-915.0489249271814,-0.032957147120170775,6,1,0.0559154759021554,stop_loss
2022-11-10 18:00:00+00:00,2022-11-10 18:00:00+00:00,1259.12,1253.2952647036443,1268.334807880088,63.09730743698765,0.009977011999999816,2,1,0.006989008196200485,take_profit
2022-11-10 19:00:00+00:00,2022-11-10 19:00:00+00:00,1273.83,1273.83,1289.1159599999999,19.434976138769798,0.009977011999999836,1,1,0.00622532049017517,take_profit
2022-11-10 20:00:00+00:00,2022-11-10 20:00:00+00:00,1292.3,1292.3,1307.8075999999999,19.444671288277732,0.009977011999999902,1,1,0.006205989321364994,take_profit
2022-11-10 21:00:00+00:00,2022-11-10 21:00:00+00:00,1334.57,1322.4501058771666,1338.3195071476925,128.97527622536109,0.009977011999999792,3,1,0.014439107727582653,take_profit
2022-11-10 22:00:00+00:00,2022-11-10 23:00:00+00:00,1325.44,1305.891104138195,1321.5617973878534,239.28493448728477,0.009977012000000014,5,2,0.02931102124577509,take_profit
2022-11-11 00:00:00+00:00,2022-11-11 01:00:00+00:00,1299.28,1280.116937609152,1295.478340860462,240.74829079726624,0.009977012000000288,5,2,0.03331075672680252,take_profit
2022-11-11 02:00:00+00:00,2022-11-11 02:00:00+00:00,1262.74,1251.2724298428209,1266.2876990009347,130.98938592508603,0.009977011999999681,3,1,0.01614742543991645,take_profit
2022-11-11 03:00:00+00:00,2022-11-11 03:00:00+00:00,1252.33,1235.3891457278078,1250.2138154765414,220.7018522632352,0.00997701199999994,4,1,0.02495348670078973,take_profit
2022-11-11 04:00:00+00:00,2022-11-11 04:00:00+00:00,1239.12,1233.3877854371146,1248.18843886236,64.82116908170065,0.009977011999999872,2,1,0.009781134999031483,take_profit
2022-11-11 05:00:00+00:00,2022-11-11 05:00:00+00:00,1234.52,1234.52,1249.33424,19.965952994874215,0.009977011999999957,1,1,0.002421993973366174,take_profit
2022-11-11 06:00:00+00:00,2022-11-11 06:00:00+00:00,1265.78,1259.924455299399,1275.0435487629918,64.95870975466642,0.009977012000000129,2,1,0.012861634723253624,take_profit
2022-11-11 07:00:00+00:00,2022-11-11 07:00:00+00:00,1264.43,1258.580700448908,1273.6836688542949,65.06408501019632,0.009977011999999997,2,1,0.008043149877810612,take_profit
2022-11-11 08:00:00+00:00,2022-11-11 08:00:00+00:00,1278.34,1272.4263522787796,1287.695468506125,65.16963120422952,0.009977012000000203,2,1,0.008041679052521218,take_profit
2022-11-11 09:00:00+00:00,2022-11-11 11:00:00+00:00,1281.52,1269.8818793197108,1285.1204618715474,133.07844421316258,0.009977011999999766,3,3,0.013616642736750145,take_profit
2022-11-11 12:00:00+00:00,2022-11-11 12:00:00+00:00,1275.91,1275.91,1291.2209200000002,20.139671143058422,0.00997701200000006,1,1,0.006199496829713758,take_profit
2022-11-11 13:00:00+00:00,2022-11-11 13:00:00+00:00,1290.9,1284.9282492581603,1300.3473882492583,65.52389724007662,0.009977012000000042,2,1,0.008722596638004485,take_profit
2022-11-11 14:00:00+00:00,2022-11-11 14:00:00+00:00,1283.58,1258.4379417901844,1219.4009999999998,-929.9049789388773,-0.03295714712017103,6,1,0.06413312765857987,stop_loss
2022-11-11 15:00:00+00:00,2022-11-11 15:00:00+00:00,1261.99,1250.5292409659482,1265.5355918575397,130.72648980686972,0.009977011999999858,3,1,0.016307577714561865,take_profit
2022-11-11 16:00:00+00:00,2022-11-11 16:00:00+00:00,1260.18,1243.1329551023043,1258.050550563532,220.25890293696648,0.009977011999999869,4,1,0.021377898395467356,take_profit
2022-11-11 17:00:00+00:00,2022-11-11 17:00:00+00:00,1250.21,1250.21,1265.21252,19.89361008261926,0.00997701200000002,1,1,0.002663552523176048,take_profit
2022-11-11 18:00:00+00:00,2022-11-11 18:00:00+00:00,1274.29,1268.395087727307,1283.6158287800347,64.72334396765837,0.009977011999999978,2,1,0.010131131845969013,take_profit
2022-11-11 19:00:00+00:00,2022-11-11 19:00:00+00:00,1264.28,1258.4313943544091,1273.532571086662,64.82833741557624,0.009977012000000075,2,1,0.012876894358844539,take_profit
2022-11-11 20:00:00+00:00,2022-11-11 20:00:00+00:00,1274.18,1255.3871371550624,1270.4517828009232,244.79486208942035,0.00997701200000023,5,1,0.02917955076990697,take_profit
2022-11-11 21:00:00+00:00,2022-11-11 21:00:00+00:00,1246.02,1246.02,1260.97224,20.09027701976447,0.009977012000000056,1,1,0.0003370732412000391,take_profit
2022-11-11 22:00:00+00:00,2022-11-11 22:00:00+00:00,1269.74,1269.74,1284.97688,20.100299066509706,0.009977011999999936,1,1,0.0019216532518468777,take_profit
2022-11-11 23:00:00+00:00,2022-11-11 23:00:00+00:00,1280.39,1274.4668689035989,1289.760471330442,65.39580121112158,0.009977012000000072,2,1,0.007568006622982102,take_profit
2022-11-12 00:00:00+00:00,2022-11-13 08:00:00+00:00,1289.35,1270.3333950390677,1224.8825,-933.2531444173001,-0.03770619220405114,5,33,0.05223562260053509,stop_loss
2022-11-13 09:00:00+00:00,2022-11-13 10:00:00+00:00,1231.06,1219.8801316837223,1234.518693263927,130.45384063678466,0.009977011999999988,3,2,0.015482592237583827,take_profit
2022-11-13 11:00:00+00:00,2022-11-13 11:00:00+00:00,1230.05,1230.05,1244.8106,19.742471933060642,0.00997701200000007,1,1,0.003235640827608649,take_profit
2022-11-13 12:00:00+00:00,2022-11-13 21:00:00+00:00,1240.43,1222.1349154289453,1236.8005344140927,242.14881769989006,0.009977012000000262,5,10,0.03206146255733897,take_profit
2022-11-13 22:00:00+00:00,2022-11-14 00:00:00+00:00,1217.47,1201.0007132698522,1215.4127218290905,221.25403103499048,0.009977012000000207,4,3,0.02001692033479274,take_profit
2022-11-14 01:00:00+00:00,2022-11-14 01:00:00+00:00,1205.38,1189.0742603605959,1203.343151484923,222.4828471632827,0.009977012000000111,4,1,0.020292355937546695,take_profit
2022-11-14 02:00:00+00:00,2022-11-14 02:00:00+00:00,1190.01,1179.202927156228,1193.3533622821028,133.218926639438,0.009977011999999959,3,1,0.015865412895689854,take_profit
2022-11-14 03:00:00+00:00,2022-11-14 06:00:00+00:00,1193.86,1183.0179633908408,1197.2141789515308,133.6595075700261,0.009977011999999917,3,4,0.015437320958906268,take_profit
2022-11-14 07:00:00+00:00,2022-11-14 07:00:00+00:00,1236.84,1231.1183328007305,1245.8917527943393,65.77718269601246,0.009977011999999992,2,1,0.008812780957924924,take_profit
2022-11-14 08:00:00+00:00,2022-11-14 08:00:00+00:00,1260.06,1260.06,1275.18072,20.26042042204722,0.009977012000000266,1,1,0.002317349967461744,take_profit
2022-11-14 09:00:00+00:00,2022-11-14 12:00:00+00:00,1261.72,1250.2616929702745,1265.2648332859178,134.38608869417112,0.009977012000000186,3,4,0.014369273689883737,take_profit
2022-11-14 13:00:00+00:00,2022-11-14 13:00:00+00:00,1264.32,1252.838081076766,1267.8721380496872,134.83052965694333,0.00997701200000022,3,1,0.019235636547709392,take_profit
2022-11-14 14:00:00+00:00,2022-11-14 14:00:00+00:00,1259.16,1247.7249416038826,1262.6976409031292,135.27644047251852,0.009977012000000125,3,1,0.019187394771117316,take_profit
2022-11-14 15:00:00+00:00,2022-11-14 16:00:00+00:00,1251.81,1234.8761800112802,1249.6946941714157,227.92503964356,0.00997701199999995,4,2,0.020266653885174183,take_profit
2022-11-14 17:00:00+00:00,2022-11-14 18:00:00+00:00,1231.31,1231.31,1246.08572,20.586009492801622,0.009977011999999973,1,2,0.003086144025468773,take_profit
2022-11-14 19:00:00+00:00,2022-11-14 19:00:00+00:00,1243.02,1226.205086456908,1240.9195474943908,229.30523770733998,0.00997701199999993,4,1,0.02654020047947741,take_profit
2022-11-14 20:00:00+00:00,2022-11-14 23:00:00+00:00,1216.26,1216.26,1230.85512,20.71066789140241,0.009977012000000089,1,4,0.005072928485685686,take_profit
2022-11-15 00:00:00+00:00,2022-11-15 01:00:00+00:00,1243.29,1243.29,1258.20948,20.72099942050636,0.009977012000000054,1,2,0.005742827498009212,take_profit
2022-11-15 02:00:00+00:00,2022-11-15 07:00:00+00:00,1258.33,1252.5089192726164,1267.5390263038878,67.41523369952756,0.009977011999999808,2,6,0.008694062765729043,take_profit
2022-11-15 08:00:00+00:00,2022-11-15 09:00:00+00:00,1266.33,1260.4719109792284,1275.5975739109792,67.52459389933301,0.009977012000000082,2,2,0.008157431317271112,take_profit
2022-11-15 10:00:00+00:00,2022-11-15 13:00:00+00:00,1260.16,1260.16,1275.2819200000001,20.7986509174616,0.009977012000000117,1,4,0.004094718131031045,take_profit
2022-11-15 14:00:00+00:00,2022-11-16 13:00:00+00:00,1277.85,1252.8201778748398,1213.9574999999998,-958.7766031860046,-0.032957147120171,6,24,0.05387956332902916,stop_loss
2022-11-16 14:00:00+00:00,2022-11-16 15:00:00+00:00,1213.58,1197.1633351212165,1211.5292951426711,226.34890592546435,0.009977011999999999,4,2,0.02185270027521876,take_profit
2022-11-16 16:00:00+00:00,2022-11-16 16:00:00+00:00,1192.28,1192.28,1206.58736,20.443654340715966,0.009977012000000134,1,1,0.004202033079477968,take_profit
2022-11-16 17:00:00+00:00,2022-11-16 22:00:00+00:00,1208.23,1202.6406837099598,1217.0723719144794,66.51289868228105,0.009977012000000002,2,6,0.008202080729662466,take_profit
2022-11-16 23:00:00+00:00,2022-11-17 15:00:00+00:00,1215.97,1198.0356756238843,1212.412103731371,251.15584494666473,0.009977012000000125,5,17,0.028717813761852735,take_profit
2022-11-17 16:00:00+00:00,2022-11-17 16:00:00+00:00,1192.8,1192.8,1207.1136,20.612321913310097,0.009977011999999902,1,1,0.0031857813547954013,take_profit
2022-11-17 17:00:00+00:00,2022-11-18 02:00:00+00:00,1211.09,1205.487453245073,1219.953302684014,67.0616542511234,0.00997701199999989,2,10,0.012236910551651766,take_profit
2022-11-18 03:00:00+00:00,2022-11-19 22:00:00+00:00,1226.55,1209.9578838584418,1224.4773784647432,229.9707805020298,0.009977012000000254,4,44,0.023545717663364628,take_profit
2022-11-19 23:00:00+00:00,2022-11-20 11:00:00+00:00,1224.2,1206.1442914699862,1162.99,-962.3414693944724,-0.03770619220405121,5,13,0.0524424113706911,stop_loss
2022-11-20 12:00:00+00:00,2022-11-20 13:00:00+00:00,1167.76,1162.3578994141367,1176.3061942071063,65.98239775423372,0.009977011999999803,2,2,0.012639583476056716,take_profit
2022-11-20 14:00:00+00:00,2022-11-20 21:00:00+00:00,1176.57,1159.216785668062,1173.1273870960786,249.1526484018068,0.009977011999999858,5,8,0.0361389462590411,take_profit
2022-11-20 22:00:00+00:00,2022-11-20 22:00:00+00:00,1143.16,1137.8716999163053,1151.526160315301,66.49360612245528,0.00997701199999996,2,1,0.007138108401273734,take_profit
2022-11-20 23:00:00+00:00,2022-11-21 04:00:00+00:00,1142.87,1126.0138264926507,1139.5259924105624,251.0829953301145,0.009977011999999834,5,6,0.027789687366017127,take_profit
2022-11-21 05:00:00+00:00,2022-11-21 09:00:00+00:00,1128.71,1113.4414113487928,1126.8027082849783,229.4172871410774,0.009977011999999884,4,5,0.020430402849270356,take_profit
2022-11-21 10:00:00+00:00,2022-11-21 13:00:00+00:00,1120.77,1120.77,1134.21924,20.720788107725184,0.00997701200000002,1,4,0.005059021922428395,take_profit
2022-11-21 14:00:00+00:00,2022-11-21 16:00:00+00:00,1135.16,1118.4175411738847,1131.8385516679714,254.14823225318105,0.00997701199999983,5,3,0.03185454032911667,take_profit
2022-11-21 17:00:00+00:00,2022-11-21 20:00:00+00:00,1116.58,1100.1115773317733,1113.3129162597547,255.70248563789573,0.009977012000000066,5,4,0.032975693635923925,take_profit
2022-11-21 21:00:00+00:00,2022-11-21 21:00:00+00:00,1104.94,1089.992959268311,1103.0728747795308,233.638166109773,0.009977012000000165,4,1,0.02043549876011381,take_profit
2022-11-21 22:00:00+00:00,2022-11-21 22:00:00+00:00,1094.97,1094.97,1108.1096400000001,21.102014561182386,0.009977012000000035,1,1,0.001159849128286603,take_profit
2022-11-21 23:00:00+00:00,2022-11-22 13:00:00+00:00,1107.98,1091.6384186104517,1104.738079633777,258.82411758777744,0.009977011999999648,5,15,0.029765880250546054,take_profit
2022-11-22 14:00:00+00:00,2022-11-22 14:00:00+00:00,1132.98,1127.7387929696417,1141.2716584852774,69.07471801029988,0.009977012000000025,2,1,0.013204116577521258,take_profit
2022-11-22 15:00:00+00:00,2022-11-22 15:00:00+00:00,1121.9,1121.9,1135.3628,21.276113844684915,0.009977012000000063,1,1,0.00025849006150297795,take_profit
2022-11-22 16:00:00+00:00,2022-11-22 16:00:00+00:00,1135.36,1130.1077830023585,1143.6690763983868,69.22128406787851,0.009977012000000021,2,1,0.0073633032694474885,take_profit
2022-11-22 17:00:00+00:00,2022-11-22 19:00:00+00:00,1127.39,1122.1746525146466,1135.6407483448224,69.33357402136517,0.009977012000000207,2,3,0.011637499002120045,take_profit
2022-11-22 20:00:00+00:00,2022-11-22 23:00:00+00:00,1127.26,1127.26,1140.78712,21.355845620932996,0.009977012000000184,1,4,0.0038145591966360507,take_profit
2022-11-23 00:00:00+00:00,2022-11-23 02:00:00+00:00,1139.59,1134.3182148672297,1147.9300334456364,69.48068933207196,0.009977012000000042,2,3,0.010389701559332672,take_profit
2022-11-23 03:00:00+00:00,2022-11-23 10:00:00+00:00,1163.52,1163.52,1177.48224,21.40115948089624,0.009977012000000191,1,8,0.00519114411441141,take_profit
2022-11-23 11:00:00+00:00,2022-11-23 18:00:00+00:00,1174.59,1158.700771106997,1172.605180360281,238.3851014785323,0.009977012000000025,4,8,0.020424148000578936,take_profit
2022-11-23 19:00:00+00:00,2022-11-23 19:00:00+00:00,1170.32,1170.32,1184.36384,21.530754013047044,0.00997701199999993,1,1,0.0056651172328934666,take_profit
2022-11-23 20:00:00+00:00,2022-11-23 23:00:00+00:00,1168.91,1163.5025794719622,1177.4646104256258,70.04974924521139,0.009977011999999914,2,4,0.0076310408842426465,take_profit
2022-11-24 00:00:00+00:00,2022-11-24 01:00:00+00:00,1184.52,1184.52,1198.73424,21.5764390020463,0.009977012000000195,1,2,0.003309357376827806,take_profit
2022-11-24 02:00:00+00:00,2022-11-24 07:00:00+00:00,1202.62,1202.62,1217.05144,21.58720242158779,0.009977011999999943,1,6,0.004415359797774813,take_profit
2022-11-24 08:00:00+00:00,2022-11-25 20:00:00+00:00,1206.72,1188.9221037433927,1203.1891689883134,264.7751285431441,0.009977011999999863,5,37,0.029435163086714383,take_profit
2022-11-25 21:00:00+00:00,2022-11-26 01:00:00+00:00,1199.67,1199.67,1214.0660400000002,21.730054442207347,0.009977012000000125,1,5,0.003300907749631179,take_profit
2022-11-26 02:00:00+00:00,2022-11-26 14:00:00+00:00,1219.21,1213.5698898272847,1228.132728505212,70.69816801766501,0.0099770120000001,2,13,0.00835787108045378,take_profit
2022-11-26 15:00:00+00:00,2022-11-27 03:00:00+00:00,1214.27,1203.2426100268003,1217.681521347122,144.36789091268292,0.009977012000000045,3,13,0.014881369053011222,take_profit
2022-11-27 04:00:00+00:00,2022-11-27 23:00:00+00:00,1216.5,1200.0438349140227,1214.444360932991,243.24307428990505,0.00997701199999997,4,20,0.022893547061241193,take_profit
2022-11-28 00:00:00+00:00,2022-11-28 01:00:00+00:00,1193.88,1176.2714807222571,1190.3867384909242,269.33006942028805,0.00997701200000014,5,2,0.028620966931349943,take_profit
2022-11-28 02:00:00+00:00,2022-11-28 04:00:00+00:00,1164.0,1164.0,1177.968,22.10387774572473,0.00997701200000017,1,3,0.005051546391752671,take_profit
2022-11-28 05:00:00+00:00,2022-11-28 16:00:00+00:00,1174.28,1163.6157791119533,1177.5791684612968,146.6136246605056,0.00997701200000007,3,12,0.019807882276799395,take_profit
2022-11-28 17:00:00+00:00,2022-11-29 01:00:00+00:00,1177.03,1166.3408049938193,1180.3368946537453,147.0985044656445,0.00997701199999999,3,9,0.015938421280681028,take_profit
2022-11-29 02:00:00+00:00,2022-11-29 04:00:00+00:00,1177.18,1177.18,1191.30616,22.261422750241763,0.009977011999999898,1,3,0.00042474387944069724,take_profit
2022-11-29 05:00:00+00:00,2022-11-29 05:00:00+00:00,1197.86,1197.86,1212.23432,22.27252787433781,0.009977012000000002,1,1,0.0,take_profit
2022-11-29 06:00:00+00:00,2022-11-29 08:00:00+00:00,1208.15,1208.15,1222.6478000000002,22.28363853823157,0.009977012000000061,1,3,0.003964739477714018,take_profit
2022-11-29 09:00:00+00:00,2022-11-29 20:00:00+00:00,1215.06,1209.4390878794795,1223.9523569340333,72.49923950309221,0.009977012000000115,2,12,0.009958355965960454,take_profit
2022-11-29 21:00:00+00:00,2022-11-30 00:00:00+00:00,1222.49,1216.8347164269956,1231.4367330241196,72.61684691736082,0.009977012000000214,2,4,0.008171845986470245,take_profit
2022-11-30 01:00:00+00:00,2022-11-30 16:00:00+00:00,1274.76,1263.1832702428328,1278.3414694857468,148.28589379528057,0.009977011999999997,3,16,0.015422510904013368,take_profit
2022-11-30 17:00:00+00:00,2022-11-30 18:00:00+00:00,1273.42,1267.5291123792133,1282.739461727764,72.97519274716524,0.00997701200000025,2,2,0.011661509949584689,take_profit
2022-11-30 19:00:00+00:00,2022-11-30 19:00:00+00:00,1278.26,1278.26,1293.59912,22.477522217245223,0.009977011999999981,1,1,0.00019557836433902335,take_profit
2022-11-30 20:00:00+00:00,2022-11-30 22:00:00+00:00,1287.2,1287.2,1302.6464,22.48873514268962,0.009977011999999896,1,3,0.0017091361093847463,take_profit
2022-11-30 23:00:00+00:00,2022-12-01 13:00:00+00:00,1298.9,1281.3291715329424,1296.7051215913377,250.49948410036086,0.009977012000000018,4,15,0.022642235737932156,take_profit
2022-12-01 14:00:00+00:00,2022-12-02 11:00:00+00:00,1279.05,1273.1330677927413,1288.4106646062542,73.57287330049803,0.009977011999999928,2,22,0.012728196708494566,take_profit
2022-12-02 12:00:00+00:00,2022-12-02 13:00:00+00:00,1288.82,1277.1155843879378,1292.440971400593,150.23812984977303,0.009977011999999948,3,2,0.016154311695969908,take_profit
2022-12-02 14:00:00+00:00,2022-12-02 20:00:00+00:00,1276.86,1276.86,1292.18232,22.736563732860304,0.009977012000000004,1,7,0.003806212114092305,take_profit
2022-12-02 21:00:00+00:00,2022-12-03 00:00:00+00:00,1291.21,1291.21,1306.70452,22.747905881320094,0.009977011999999875,1,4,0.0025479976146405028,take_profit
2022-12-03 01:00:00+00:00,2022-12-05 00:00:00+00:00,1291.67,1272.6191773917963,1287.8906075204977,279.0115915062088,0.009977011999999837,5,48,0.042897953811732156,take_profit
2022-12-05 01:00:00+00:00,2022-12-05 05:00:00+00:00,1288.74,1288.74,1304.20488,22.898438787648047,0.00997701200000009,1,5,0.0019243602278194347,take_profit
2022-12-05 06:00:00+00:00,2022-12-07 07:00:00+00:00,1297.31,1271.899006110896,1232.4444999999998,-1055.5726641217807,-0.03295714712017092,6,50,0.060363367275362054,stop_loss
2022-12-07 08:00:00+00:00,2022-12-07 14:00:00+00:00,1224.63,1224.63,1239.3255600000002,22.38328863073548,0.009977012000000045,1,7,0.00540571437903703,take_profit
2022-12-07 15:00:00+00:00,2022-12-08 11:00:00+00:00,1233.4,1227.6942463668875,1242.42657732329,72.82344849214678,0.009977012000000047,2,21,0.00923463596562356,take_profit
2022-12-08 12:00:00+00:00,2022-12-08 17:00:00+00:00,1240.4,1240.4,1255.2848000000001,22.430782568673294,0.009977012000000054,1,6,0.0035714285714286225,take_profit
2022-12-08 18:00:00+00:00,2022-12-08 18:00:00+00:00,1254.53,1254.53,1269.58436,22.441972178016385,0.00997701200000016,1,1,0.00186524036890303,take_profit
2022-12-08 19:00:00+00:00,2022-12-09 13:00:00+00:00,1287.3,1268.3136304601478,1283.5333940256696,275.259199971817,0.00997701200000004,5,19,0.028975374815505286,take_profit
2022-12-09 14:00:00+00:00,2022-12-10 15:00:00+00:00,1275.04,1263.4607274235318,1278.6222561526142,149.76651944293008,0.00997701200000004,3,26,0.015066194001756836,take_profit
2022-12-10 16:00:00+00:00,2022-12-12 21:00:00+00:00,1278.26,1259.4069612926191,1274.5198448281305,277.8584612656341,0.009977011999999917,5,54,0.029907843474723465,take_profit
2022-12-12 22:00:00+00:00,2022-12-13 09:00:00+00:00,1275.02,1263.4409090534816,1278.6021999621234,151.1807585206334,0.009977011999999863,3,12,0.01562328434063785,take_profit
2022-12-13 10:00:00+00:00,2022-12-13 12:00:00+00:00,1278.05,1278.05,1293.3866,22.879218176662107,0.00997701200000022,1,3,0.0031219435859317,take_profit
2022-12-13 13:00:00+00:00,2022-12-13 13:00:00+00:00,1290.17,1290.17,1305.6520400000002,22.89063148837704,0.009977012000000209,1,1,0.0020074873853834344,take_profit
2022-12-13 14:00:00+00:00,2022-12-14 14:00:00+00:00,1337.87,1319.7720060965257,1335.6092701696841,254.97616216240203,0.009977012000000006,4,25,0.024441836650795534,take_profit
2022-12-14 15:00:00+00:00,2022-12-14 18:00:00+00:00,1340.8,1322.66237061465,1338.5343190620258,256.39226662355213,0.009977012000000068,4,4,0.020286396181384284,take_profit
2022-12-14 19:00:00+00:00,2022-12-14 19:00:00+00:00,1333.16,1315.125720471828,1330.9072291174898,257.81623594480334,0.009977012000000072,4,1,0.024123136007681057,take_profit
2022-12-14 20:00:00+00:00,2022-12-15 01:00:00+00:00,1307.54,1289.8522942075472,1305.3305217380378,259.2481138065632,0.0099770119999999,4,6,0.02020588280282062,take_profit
2022-12-15 02:00:00+00:00,2022-12-16 09:00:00+00:00,1286.0,1260.8105401628077,1221.7,-1078.8508364834233,-0.03295714712017092,6,32,0.061998444790046674,stop_loss
2022-12-16 10:00:00+00:00,2022-12-16 14:00:00+00:00,1212.89,1201.8751424933553,1216.2976442032755,151.66537019687712,0.009977011999999893,3,5,0.014716915796156398,take_profit
2022-12-16 15:00:00+00:00,2022-12-19 14:00:00+00:00,1214.56,1196.6464716939931,1186.43,-296.68166360480245,-0.010519518973864671,5,72,0.048774864971677,time_stop
2022-12-19 15:00:00+00:00,2022-12-20 01:00:00+00:00,1186.42,1168.9215081570178,1182.948566254902,279.5669882042457,0.009977011999999971,5,11,0.03026752751976541,take_profit
2022-12-20 02:00:00+00:00,2022-12-20 04:00:00+00:00,1185.82,1185.82,1200.04984,22.944020110001475,0.009977012000000111,1,3,0.0019564520753570834,take_profit
2022-12-20 05:00:00+00:00,2022-12-20 14:00:00+00:00,1208.34,1208.34,1222.84008,22.955465748199458,0.009977011999999981,1,10,0.003566876872403418,take_profit
2022-12-20 15:00:00+00:00,2022-12-21 14:00:00+00:00,1218.13,1207.0675554464385,1221.552366111796,152.2621540812961,0.009977012000000066,3,24,0.01636114372029263,take_profit
2022-12-21 15:00:00+00:00,2022-12-22 20:00:00+00:00,1211.11,1194.7267479677123,1209.0634689433248,256.5439878811994,0.009977011999999988,4,30,0.023589929899018206,take_profit
2022-12-22 21:00:00+00:00,2022-12-23 13:00:00+00:00,1217.36,1217.36,1231.96832,23.170850285262986,0.009977012000000016,1,17,0.006045869750936371,take_profit
2022-12-23 14:00:00+00:00,2022-12-25 21:00:00+00:00,1220.79,1204.2758020753718,1218.7271117002763,258.09748773317915,0.00997701200000009,4,56,0.02261650242875507,take_profit
2022-12-25 22:00:00+00:00,2022-12-27 00:00:00+00:00,1218.75,1218.75,1233.375,23.31116116444491,0.009977012000000196,1,27,0.00580923076923071,take_profit
2022-12-27 01:00:00+00:00,2022-12-30 00:00:00+00:00,1224.62,1206.5580968959111,1200.03,-212.03103529240616,-0.007398696249171237,5,72,0.03557021770018451,time_stop
2022-12-30 01:00:00+00:00,2022-12-31 00:00:00+00:00,1200.03,1189.1319305512461,1197.41,76.34328039740285,0.00494852312646758,3,24,0.015791271884869583,eod_close
