datetime,equity
2021-11-01 00:00:00+00:00,10002.942634134737
2021-11-01 01:00:00+00:00,10000.244447787512
2021-11-01 02:00:00+00:00,10055.538700133333
2021-11-01 03:00:00+00:00,10046.645034496987
2021-11-01 04:00:00+00:00,10111.385854987919
2021-11-01 05:00:00+00:00,10110.652064201973
2021-11-01 06:00:00+00:00,10127.788426286881
2021-11-01 07:00:00+00:00,10132.840679620007
2021-11-01 08:00:00+00:00,10133.295037774782
2021-11-01 09:00:00+00:00,10133.936096652227
2021-11-01 10:00:00+00:00,10135.392300120624
2021-11-01 11:00:00+00:00,10133.75260090015
2021-11-01 12:00:00+00:00,10137.895453272738
2021-11-01 13:00:00+00:00,10140.855308477581
2021-11-01 14:00:00+00:00,10154.34102813048
2021-11-01 15:00:00+00:00,10156.199627278505
2021-11-01 16:00:00+00:00,10147.44299409797
2021-11-01 17:00:00+00:00,10145.693330314993
2021-11-01 18:00:00+00:00,10155.254974254796
2021-11-01 19:00:00+00:00,10187.92341114875
2021-11-01 20:00:00+00:00,10173.261281309937
2021-11-01 21:00:00+00:00,10162.050996270395
2021-11-01 22:00:00+00:00,10169.94578295099
2021-11-01 23:00:00+00:00,10180.477365973524
2021-11-02 00:00:00+00:00,10173.955585672162
2021-11-02 01:00:00+00:00,10181.639740692308
2021-11-02 02:00:00+00:00,10171.178368223256
2021-11-02 03:00:00+00:00,10180.009295616966
2021-11-02 04:00:00+00:00,10214.225238681289
2021-11-02 05:00:00+00:00,10216.105321280127
2021-11-02 06:00:00+00:00,10221.616857646772
2021-11-02 07:00:00+00:00,10214.257708518402
2021-11-02 08:00:00+00:00,10217.783559761663
2021-11-02 09:00:00+00:00,10238.198244382747
2021-11-02 10:00:00+00:00,10239.671587723155
2021-11-02 11:00:00+00:00,10236.247661420748
2021-11-02 12:00:00+00:00,10238.870784170145
2021-11-02 13:00:00+00:00,10243.305575719876
2021-11-02 14:00:00+00:00,10241.678602019037
2021-11-02 15:00:00+00:00,10257.953261670553
2021-11-02 16:00:00+00:00,10253.573627860444
2021-11-02 17:00:00+00:00,10244.602082070855
2021-11-02 18:00:00+00:00,10252.538306262475
2021-11-02 19:00:00+00:00,10257.052010495343
2021-11-02 20:00:00+00:00,10259.922145639412
2021-11-02 21:00:00+00:00,10262.552770486831
2021-11-02 22:00:00+00:00,10265.040313957716
2021-11-02 23:00:00+00:00,10270.161035477358
2021-11-03 00:00:00+00:00,10286.821170008092
2021-11-03 01:00:00+00:00,10285.152106806649
2021-11-03 02:00:00+00:00,10280.713044982593
2021-11-03 03:00:00+00:00,10277.096568492463
2021-11-03 04:00:00+00:00,10240.753661942868
2021-11-03 05:00:00+00:00,10274.005816043715
2021-11-03 06:00:00+00:00,10268.457591595527
2021-11-03 07:00:00+00:00,10344.752578534797
2021-11-03 08:00:00+00:00,10304.39683652857
2021-11-03 09:00:00+00:00,10349.730624382933
2021-11-03 10:00:00+00:00,10347.123648908493
2021-11-03 11:00:00+00:00,10349.534485121103
2021-11-03 12:00:00+00:00,10331.475627160375
2021-11-03 13:00:00+00:00,10280.336887731959
2021-11-03 14:00:00+00:00,10322.251261301859
2021-11-03 15:00:00+00:00,10369.937180254628
2021-11-03 16:00:00+00:00,10338.225904145402
2021-11-03 17:00:00+00:00,10374.949381953129
2021-11-03 18:00:00+00:00,10413.024803969218
2021-11-03 19:00:00+00:00,10408.274048218922
2021-11-03 20:00:00+00:00,10404.454412878125
2021-11-03 21:00:00+00:00,10402.533640230651
2021-11-03 22:00:00+00:00,10394.937850859784
2021-11-03 23:00:00+00:00,10403.777083185165
2021-11-04 00:00:00+00:00,10384.569451249272
2021-11-04 01:00:00+00:00,10362.531112042554
2021-11-04 02:00:00+00:00,10373.115065445207
2021-11-04 03:00:00+00:00,10364.335051657072
2021-11-04 04:00:00+00:00,10392.743946845123
2021-11-04 05:00:00+00:00,10343.293294475156
2021-11-04 06:00:00+00:00,10383.91347320763
2021-11-04 07:00:00+00:00,10311.278456587
2021-11-04 08:00:00+00:00,10291.028483183834
2021-11-04 09:00:00+00:00,10323.670438937426
2021-11-04 10:00:00+00:00,10334.68553436003
2021-11-04 11:00:00+00:00,10301.72369578482
2021-11-04 12:00:00+00:00,10339.845383352182
2021-11-04 13:00:00+00:00,10354.295742119963
2021-11-04 14:00:00+00:00,10331.486706143869
2021-11-04 15:00:00+00:00,10261.446276158742
2021-11-04 16:00:00+00:00,10246.21707226007
2021-11-04 17:00:00+00:00,10208.846413926069
2021-11-04 18:00:00+00:00,10172.353775524016
2021-11-04 19:00:00+00:00,10177.183382166708
2021-11-04 20:00:00+00:00,10177.428260308348
2021-11-04 21:00:00+00:00,10178.052944582812
2021-11-04 22:00:00+00:00,10177.364472887932
2021-11-04 23:00:00+00:00,10179.256361555206
2021-11-05 00:00:00+00:00,10169.324294726732
2021-11-05 01:00:00+00:00,10188.786796507422
2021-11-05 02:00:00+00:00,10180.500416422623
2021-11-05 03:00:00+00:00,10193.93796482105
2021-11-05 04:00:00+00:00,10192.005760039287
2021-11-05 05:00:00+00:00,10193.26460665331
2021-11-05 06:00:00+00:00,10191.991187460495
2021-11-05 07:00:00+00:00,10191.96652617331
2021-11-05 08:00:00+00:00,10193.236582463327
2021-11-05 09:00:00+00:00,10187.964012050017
2021-11-05 10:00:00+00:00,10184.448336665624
2021-11-05 11:00:00+00:00,10169.890943807193
2021-11-05 12:00:00+00:00,10186.772787854807
2021-11-05 13:00:00+00:00,10203.099653466381
2021-11-05 14:00:00+00:00,10178.463110731414
2021-11-05 15:00:00+00:00,10164.348736437067
2021-11-05 16:00:00+00:00,10192.472454643605
2021-11-05 17:00:00+00:00,10190.764536533894
2021-11-05 18:00:00+00:00,10213.486173015648
2021-11-05 19:00:00+00:00,10206.047240804473
2021-11-05 20:00:00+00:00,10147.408719037807
2021-11-05 21:00:00+00:00,10163.855337872039
2021-11-05 22:00:00+00:00,10187.184234126134
2021-11-05 23:00:00+00:00,10179.783255650731
2021-11-06 00:00:00+00:00,10210.930621473713
2021-11-06 01:00:00+00:00,10209.108842156693
2021-11-06 02:00:00+00:00,10190.296440459382
2021-11-06 03:00:00+00:00,10200.99939394689
2021-11-06 04:00:00+00:00,10206.047240804473
2021-11-06 05:00:00+00:00,10221.25403760351
2021-11-06 06:00:00+00:00,10198.59565734804
2021-11-06 07:00:00+00:00,10176.59514184594
2021-11-06 08:00:00+00:00,10175.874020866286
2021-11-06 09:00:00+00:00,10164.399341418095
2021-11-06 10:00:00+00:00,10069.195545608813
2021-11-06 11:00:00+00:00,10040.016433064451
2021-11-06 12:00:00+00:00,10030.699202099042
2021-11-06 13:00:00+00:00,10058.288248281046
2021-11-06 14:00:00+00:00,10079.74019622236
2021-11-06 15:00:00+00:00,10080.535229403538
2021-11-06 16:00:00+00:00,10096.477736878782
2021-11-06 17:00:00+00:00,10107.05028339342
2021-11-06 18:00:00+00:00,10140.650896261188
2021-11-06 19:00:00+00:00,10213.263926808964
2021-11-06 20:00:00+00:00,10197.698013998492
2021-11-06 21:00:00+00:00,10256.27938834726
2021-11-06 22:00:00+00:00,10254.78622305804
2021-11-06 23:00:00+00:00,10256.701486470774
2021-11-07 00:00:00+00:00,10259.76636232342
2021-11-07 01:00:00+00:00,10261.395739473906
2021-11-07 02:00:00+00:00,10259.953835286045
2021-11-07 03:00:00+00:00,10260.591071978048
2021-11-07 04:00:00+00:00,10260.529149684655
2021-11-07 05:00:00+00:00,10259.980855923162
2021-11-07 06:00:00+00:00,10260.216160638054
2021-11-07 07:00:00+00:00,10259.635216940043
2021-11-07 08:00:00+00:00,10259.985359362681
2021-11-07 09:00:00+00:00,10278.041655044477
2021-11-07 10:00:00+00:00,10278.708506792223
2021-11-07 11:00:00+00:00,10278.66929769918
2021-11-07 12:00:00+00:00,10278.73203224805
2021-11-07 13:00:00+00:00,10280.06850219092
2021-11-07 14:00:00+00:00,10279.21486422238
2021-11-07 15:00:00+00:00,10279.912786078548
2021-11-07 16:00:00+00:00,10278.583037694487
2021-11-07 17:00:00+00:00,10280.597264817101
2021-11-07 18:00:00+00:00,10280.71377183643
2021-11-07 19:00:00+00:00,10279.835488152263
2021-11-07 20:00:00+00:00,10282.198116073063
2021-11-07 21:00:00+00:00,10283.16886229092
2021-11-07 22:00:00+00:00,10278.655748200947
2021-11-07 23:00:00+00:00,10284.532698228037
2021-11-08 00:00:00+00:00,10299.850097965435
2021-11-08 01:00:00+00:00,10299.156234625925
2021-11-08 02:00:00+00:00,10300.504898771555
2021-11-08 03:00:00+00:00,10302.870822203595
2021-11-08 04:00:00+00:00,10302.141073093064
2021-11-08 05:00:00+00:00,10302.814856482337
2021-11-08 06:00:00+00:00,10304.988184366715
2021-11-08 07:00:00+00:00,10302.925754372745
2021-11-08 08:00:00+00:00,10304.61418037605
2021-11-08 09:00:00+00:00,10302.594370890758
2021-11-08 10:00:00+00:00,10303.653711529898
2021-11-08 11:00:00+00:00,10303.656971039556
2021-11-08 12:00:00+00:00,10304.336035551825
2021-11-08 13:00:00+00:00,10302.110876958024
2021-11-08 14:00:00+00:00,10302.413204676437
2021-11-08 15:00:00+00:00,10321.70481508907
2021-11-08 16:00:00+00:00,10321.796965042633
2021-11-08 17:00:00+00:00,10323.208243856496
2021-11-08 18:00:00+00:00,10322.566458322277
2021-11-08 19:00:00+00:00,10319.913816932112
2021-11-08 20:00:00+00:00,10325.77831129389
2021-11-08 21:00:00+00:00,10330.45962441533
2021-11-08 22:00:00+00:00,10333.574606937982
2021-11-08 23:00:00+00:00,10338.448563333317
2021-11-09 00:00:00+00:00,10335.73411582239
2021-11-09 01:00:00+00:00,10336.431180230362
2021-11-09 02:00:00+00:00,10335.682560981739
2021-11-09 03:00:00+00:00,10338.578224531651
2021-11-09 04:00:00+00:00,10337.56753484305
2021-11-09 05:00:00+00:00,10339.782244872695
2021-11-09 06:00:00+00:00,10338.421411891337
2021-11-09 07:00:00+00:00,10336.143685358062
2021-11-09 08:00:00+00:00,10344.908951774902
2021-11-09 09:00:00+00:00,10347.37922701808
2021-11-09 10:00:00+00:00,10341.386002422418
2021-11-09 11:00:00+00:00,10332.862851050717
2021-11-09 12:00:00+00:00,10335.964730759479
2021-11-09 13:00:00+00:00,10346.326552908771
2021-11-09 14:00:00+00:00,10339.93682106527
2021-11-09 15:00:00+00:00,10338.61045168754
2021-11-09 16:00:00+00:00,10332.641789487763
2021-11-09 17:00:00+00:00,10343.905927036321
2021-11-09 18:00:00+00:00,10320.875203900003
2021-11-09 19:00:00+00:00,10325.179541859023
2021-11-09 20:00:00+00:00,10343.180153857922
2021-11-09 21:00:00+00:00,10359.341182355138
2021-11-09 22:00:00+00:00,10329.893474582088
2021-11-09 23:00:00+00:00,10312.036580044256
2021-11-10 00:00:00+00:00,10306.231277750936
2021-11-10 01:00:00+00:00,10317.892484591946
2021-11-10 02:00:00+00:00,10326.705059824184
2021-11-10 03:00:00+00:00,10270.314275807163
2021-11-10 04:00:00+00:00,10300.949758440604
2021-11-10 05:00:00+00:00,10284.003852008736
2021-11-10 06:00:00+00:00,10335.736978032202
2021-11-10 07:00:00+00:00,10302.085722199838
2021-11-10 08:00:00+00:00,10294.615089947934
2021-11-10 09:00:00+00:00,10292.08924111858
2021-11-10 10:00:00+00:00,10336.244820653978
2021-11-10 11:00:00+00:00,10322.22569143708
2021-11-10 12:00:00+00:00,10295.751053707168
2021-11-10 13:00:00+00:00,10401.673747037092
2021-11-10 14:00:00+00:00,10406.862628226805
2021-11-10 15:00:00+00:00,10406.498921238192
2021-11-10 16:00:00+00:00,10406.428113118844
2021-11-10 17:00:00+00:00,10405.684627865703
2021-11-10 18:00:00+00:00,10390.207347184725
2021-11-10 19:00:00+00:00,10309.151492378225
2021-11-10 20:00:00+00:00,10167.665485048987
2021-11-10 21:00:00+00:00,10229.846238204804
2021-11-10 22:00:00+00:00,10234.94940313864
2021-11-10 23:00:00+00:00,10236.768289550633
2021-11-11 00:00:00+00:00,10252.38102349817
2021-11-11 01:00:00+00:00,10244.28076485757
2021-11-11 02:00:00+00:00,10243.779565960791
2021-11-11 03:00:00+00:00,10259.751595509633
2021-11-11 04:00:00+00:00,10257.754170494527
2021-11-11 05:00:00+00:00,10268.798373749005
2021-11-11 06:00:00+00:00,10269.742408645472
2021-11-11 07:00:00+00:00,10272.177041556653
2021-11-11 08:00:00+00:00,10273.920969979028
2021-11-11 09:00:00+00:00,10274.218273640154
2021-11-11 10:00:00+00:00,10271.871157858544
2021-11-11 11:00:00+00:00,10273.56273366039
2021-11-11 12:00:00+00:00,10278.216266700698
2021-11-11 13:00:00+00:00,10273.787398053344
2021-11-11 14:00:00+00:00,10290.58720383132
2021-11-11 15:00:00+00:00,10288.391241461693
2021-11-11 16:00:00+00:00,10293.547346558411
2021-11-11 17:00:00+00:00,10291.863742557356
2021-11-11 18:00:00+00:00,10289.282433521568
2021-11-11 19:00:00+00:00,10292.643128548818
2021-11-11 20:00:00+00:00,10289.615680735187
2021-11-11 21:00:00+00:00,10290.991003926249
2021-11-11 22:00:00+00:00,10291.705260169121
2021-11-11 23:00:00+00:00,10288.303316301097
2021-11-12 00:00:00+00:00,10292.969436178531
2021-11-12 01:00:00+00:00,10307.280473452296
2021-11-12 02:00:00+00:00,10306.965238269931
2021-11-12 03:00:00+00:00,10305.618134456396
2021-11-12 04:00:00+00:00,10306.400358475918
2021-11-12 05:00:00+00:00,10297.370619434452
2021-11-12 06:00:00+00:00,10288.124101665193
2021-11-12 07:00:00+00:00,10282.149263337747
2021-11-12 08:00:00+00:00,10297.395898973326
2021-11-12 09:00:00+00:00,10170.542500568517
2021-11-12 10:00:00+00:00,10165.281036290602
2021-11-12 11:00:00+00:00,10148.894185715111
2021-11-12 12:00:00+00:00,10143.579169637927
2021-11-12 13:00:00+00:00,10069.053460771665
2021-11-12 14:00:00+00:00,10066.409147932887
2021-11-12 15:00:00+00:00,10063.048927873513
2021-11-12 16:00:00+00:00,10124.975674850091
2021-11-12 17:00:00+00:00,10129.499934269557
2021-11-12 18:00:00+00:00,10130.026525040475
2021-11-12 19:00:00+00:00,10131.047756893226
2021-11-12 20:00:00+00:00,10132.65836496274
2021-11-12 21:00:00+00:00,10131.131722242822
2021-11-12 22:00:00+00:00,10129.815538126435
2021-11-12 23:00:00+00:00,10132.27452336459
2021-11-13 00:00:00+00:00,10135.079894850507
2021-11-13 01:00:00+00:00,10120.945522929309
2021-11-13 02:00:00+00:00,10120.994306562807
2021-11-13 03:00:00+00:00,10127.446075133847
2021-11-13 04:00:00+00:00,10115.351718372458
2021-11-13 05:00:00+00:00,10112.136671324179
2021-11-13 06:00:00+00:00,10133.421005266266
2021-11-13 07:00:00+00:00,10131.81709415454
2021-11-13 08:00:00+00:00,10116.919505360045
2021-11-13 09:00:00+00:00,10090.299728698654
2021-11-13 10:00:00+00:00,10117.636390591477
2021-11-13 11:00:00+00:00,10110.835740865132
2021-11-13 12:00:00+00:00,10103.876653062722
2021-11-13 13:00:00+00:00,10118.635769225097
2021-11-13 14:00:00+00:00,10191.368811161254
2021-11-13 15:00:00+00:00,10191.663217698755
2021-11-13 16:00:00+00:00,10191.013937093168
2021-11-13 17:00:00+00:00,10192.238419309075
2021-11-13 18:00:00+00:00,10188.715309445868
2021-11-13 19:00:00+00:00,10187.066269282732
2021-11-13 20:00:00+00:00,10193.109488268823
2021-11-13 21:00:00+00:00,10191.757059991607
2021-11-13 22:00:00+00:00,10185.582157199573
2021-11-13 23:00:00+00:00,10187.237102328274
2021-11-14 00:00:00+00:00,10198.337691266805
2021-11-14 01:00:00+00:00,10193.333706641099
2021-11-14 02:00:00+00:00,10184.165666530278
2021-11-14 03:00:00+00:00,10181.667233239208
2021-11-14 04:00:00+00:00,10183.364886629293
2021-11-14 05:00:00+00:00,10186.464794601547
2021-11-14 06:00:00+00:00,10185.254727195615
2021-11-14 07:00:00+00:00,10164.657539242997
2021-11-14 08:00:00+00:00,10154.284295966238
2021-11-14 09:00:00+00:00,10162.140762123334
2021-11-14 10:00:00+00:00,10181.345457174015
2021-11-14 11:00:00+00:00,10189.15274357426
2021-11-14 12:00:00+00:00,10197.550187056728
2021-11-14 13:00:00+00:00,10189.054384060557
2021-11-14 14:00:00+00:00,10166.013667975425
2021-11-14 15:00:00+00:00,10154.062987060403
2021-11-14 16:00:00+00:00,10094.72248164349
2021-11-14 17:00:00+00:00,10120.978757735877
2021-11-14 18:00:00+00:00,10109.822890299618
2021-11-14 19:00:00+00:00,10105.254813354273
2021-11-14 20:00:00+00:00,10115.760034816121
2021-11-14 21:00:00+00:00,10144.14446544981
2021-11-14 22:00:00+00:00,10144.171575698743
2021-11-14 23:00:00+00:00,10215.715522635044
2021-11-15 00:00:00+00:00,10253.69452292848
2021-11-15 01:00:00+00:00,10258.809584593459
2021-11-15 02:00:00+00:00,10255.931741073013
2021-11-15 03:00:00+00:00,10256.895743369685
2021-11-15 04:00:00+00:00,10257.180488129243
2021-11-15 05:00:00+00:00,10255.873053221807
2021-11-15 06:00:00+00:00,10256.273000059658
2021-11-15 07:00:00+00:00,10252.561894172635
2021-11-15 08:00:00+00:00,10266.568920070356
2021-11-15 09:00:00+00:00,10267.644744873149
2021-11-15 10:00:00+00:00,10270.854466396986
2021-11-15 11:00:00+00:00,10267.740610449635
2021-11-15 12:00:00+00:00,10275.451304933975
2021-11-15 13:00:00+00:00,10273.161861343107
2021-11-15 14:00:00+00:00,10261.9111715498
2021-11-15 15:00:00+00:00,10235.242574678228
2021-11-15 16:00:00+00:00,10195.361355166831
2021-11-15 17:00:00+00:00,10182.252980697227
2021-11-15 18:00:00+00:00,10156.157480853828
2021-11-15 19:00:00+00:00,10174.883730096122
2021-11-15 20:00:00+00:00,10124.322857141928
2021-11-15 21:00:00+00:00,10133.75334237186
2021-11-15 22:00:00+00:00,10149.017256322593
2021-11-15 23:00:00+00:00,10125.360210517221
2021-11-16 00:00:00+00:00,10043.850997123605
2021-11-16 01:00:00+00:00,10105.274557969928
2021-11-16 02:00:00+00:00,10092.844334516885
2021-11-16 03:00:00+00:00,10063.807186681128
2021-11-16 04:00:00+00:00,10114.44691800017
2021-11-16 05:00:00+00:00,10104.139084334438
2021-11-16 06:00:00+00:00,10103.939209443413
2021-11-16 07:00:00+00:00,10067.419211497512
2021-11-16 08:00:00+00:00,10085.750594360115
2021-11-16 09:00:00+00:00,9961.228537251382
2021-11-16 10:00:00+00:00,9877.509895505871
2021-11-16 11:00:00+00:00,9881.900676225132
2021-11-16 12:00:00+00:00,9874.264918483705
2021-11-16 13:00:00+00:00,9880.22099525039
2021-11-16 14:00:00+00:00,9882.43729724375
2021-11-16 15:00:00+00:00,9878.19108244732
2021-11-16 16:00:00+00:00,9890.508092345352
2021-11-16 17:00:00+00:00,9881.545168020646
2021-11-16 18:00:00+00:00,9850.673119206906
2021-11-16 19:00:00+00:00,9872.550674482924
2021-11-16 20:00:00+00:00,9802.437874419546
2021-11-16 21:00:00+00:00,9882.987580512556
2021-11-16 22:00:00+00:00,9891.88849393337
2021-11-16 23:00:00+00:00,9820.182735415285
2021-11-17 00:00:00+00:00,9782.770416124913
2021-11-17 01:00:00+00:00,9711.306762451874
2021-11-17 02:00:00+00:00,9715.69313258565
2021-11-17 03:00:00+00:00,9655.293838779806
2021-11-17 04:00:00+00:00,9668.878914389728
2021-11-17 05:00:00+00:00,9670.95654297034
2021-11-17 06:00:00+00:00,9673.438457074668
2021-11-17 07:00:00+00:00,9686.644655015534
2021-11-17 08:00:00+00:00,9687.516931622275
2021-11-17 09:00:00+00:00,9670.530079758106
2021-11-17 10:00:00+00:00,9718.680275058767
2021-11-17 11:00:00+00:00,9721.232735183397
2021-11-17 12:00:00+00:00,9720.399905032045
2021-11-17 13:00:00+00:00,9717.949661290204
2021-11-17 14:00:00+00:00,9704.006119369844
2021-11-17 15:00:00+00:00,9705.612068468025
2021-11-17 16:00:00+00:00,9750.821843135413
2021-11-17 17:00:00+00:00,9755.549310805647
2021-11-17 18:00:00+00:00,9761.96132770257
2021-11-17 19:00:00+00:00,9766.63951173191
2021-11-17 20:00:00+00:00,9778.021759767611
2021-11-17 21:00:00+00:00,9776.898522789756
2021-11-17 22:00:00+00:00,9770.283070221192
2021-11-17 23:00:00+00:00,9782.482839564505
2021-11-18 00:00:00+00:00,9785.85669506247
2021-11-18 01:00:00+00:00,9784.5827094467
2021-11-18 02:00:00+00:00,9787.362836998513
2021-11-18 03:00:00+00:00,9770.658944764937
2021-11-18 04:00:00+00:00,9752.475032111823
2021-11-18 05:00:00+00:00,9754.350797263556
2021-11-18 06:00:00+00:00,9744.821500984917
2021-11-18 07:00:00+00:00,9743.651013324525
2021-11-18 08:00:00+00:00,9736.844373125497
2021-11-18 09:00:00+00:00,9686.910935532258
2021-11-18 10:00:00+00:00,9733.437566669325
2021-11-18 11:00:00+00:00,9664.776770945495
2021-11-18 12:00:00+00:00,9655.771616531867
2021-11-18 13:00:00+00:00,9640.748999122223
2021-11-18 14:00:00+00:00,9595.66712017301
2021-11-18 15:00:00+00:00,9562.404623030649
2021-11-18 16:00:00+00:00,9594.029357096271
2021-11-18 17:00:00+00:00,9609.592678764635
2021-11-18 18:00:00+00:00,9613.49875564167
2021-11-18 19:00:00+00:00,9614.386429838192
2021-11-18 20:00:00+00:00,9618.116763318278
2021-11-18 21:00:00+00:00,9646.183077860751
2021-11-18 22:00:00+00:00,9634.086156827692
2021-11-18 23:00:00+00:00,9654.063939719867
2021-11-19 00:00:00+00:00,9678.084883589712
2021-11-19 01:00:00+00:00,9655.085568334467
2021-11-19 02:00:00+00:00,9617.713362134964
2021-11-19 03:00:00+00:00,9627.26000956677
2021-11-19 04:00:00+00:00,9688.044730925947
2021-11-19 05:00:00+00:00,9726.08467476327
2021-11-19 06:00:00+00:00,9700.289662731715
2021-11-19 07:00:00+00:00,9702.592003202979
2021-11-19 08:00:00+00:00,9737.271587563446
2021-11-19 09:00:00+00:00,9738.308086715148
2021-11-19 10:00:00+00:00,9737.23456818299
2021-11-19 11:00:00+00:00,9743.100433383162
2021-11-19 12:00:00+00:00,9753.067275094607
2021-11-19 13:00:00+00:00,9757.932598556628
2021-11-19 14:00:00+00:00,9760.571048157664
2021-11-19 15:00:00+00:00,9758.590719874226
2021-11-19 16:00:00+00:00,9762.576869256924
2021-11-19 17:00:00+00:00,9762.800349088178
2021-11-19 18:00:00+00:00,9763.492750531661
2021-11-19 19:00:00+00:00,9766.369603994717
2021-11-19 20:00:00+00:00,9767.670527900002
2021-11-19 21:00:00+00:00,9768.217995745747
2021-11-19 22:00:00+00:00,9768.589575984097
2021-11-19 23:00:00+00:00,9770.317138261475
2021-11-20 00:00:00+00:00,9772.543136203447
2021-11-20 01:00:00+00:00,9775.167505600391
2021-11-20 02:00:00+00:00,9772.927874369452
2021-11-20 03:00:00+00:00,9770.064735255253
2021-11-20 04:00:00+00:00,9775.91604592829
2021-11-20 05:00:00+00:00,9770.068545088703
2021-11-20 06:00:00+00:00,9776.494859463173
2021-11-20 07:00:00+00:00,9771.623178877908
2021-11-20 08:00:00+00:00,9774.940225673969
2021-11-20 09:00:00+00:00,9775.663742592571
2021-11-20 10:00:00+00:00,9777.296293588395
2021-11-20 11:00:00+00:00,9785.663117441993
2021-11-20 12:00:00+00:00,9788.396040826277
2021-11-20 13:00:00+00:00,9786.022181646194
2021-11-20 14:00:00+00:00,9784.96544428137
2021-11-20 15:00:00+00:00,9730.766529726377
2021-11-20 16:00:00+00:00,9769.271212910204
2021-11-20 17:00:00+00:00,9779.892311960577
2021-11-20 18:00:00+00:00,9842.759520076053
2021-11-20 19:00:00+00:00,9845.490835499908
2021-11-20 20:00:00+00:00,9846.414554606812
2021-11-20 21:00:00+00:00,9847.669586568298
2021-11-20 22:00:00+00:00,9845.26636828038
2021-11-20 23:00:00+00:00,9847.880430851656
2021-11-21 00:00:00+00:00,9840.269503038056
2021-11-21 01:00:00+00:00,9835.894675173497
2021-11-21 02:00:00+00:00,9842.181485590543
2021-11-21 03:00:00+00:00,9811.500530028625
2021-11-21 04:00:00+00:00,9795.000269497574
2021-11-21 05:00:00+00:00,9840.38852414986
2021-11-21 06:00:00+00:00,9858.74443708106
2021-11-21 07:00:00+00:00,9817.569014904788
2021-11-21 08:00:00+00:00,9806.384947736322
2021-11-21 09:00:00+00:00,9820.904173948296
2021-11-21 10:00:00+00:00,9784.464952263801
2021-11-21 11:00:00+00:00,9782.432925747293
2021-11-21 12:00:00+00:00,9796.394468479755
2021-11-21 13:00:00+00:00,9778.590045668458
2021-11-21 14:00:00+00:00,9799.795002650237
2021-11-21 15:00:00+00:00,9846.960135128607
2021-11-21 16:00:00+00:00,9907.893392379267
2021-11-21 17:00:00+00:00,9899.597517395612
2021-11-21 18:00:00+00:00,9894.740422998257
2021-11-21 19:00:00+00:00,9886.153196881647
2021-11-21 20:00:00+00:00,9913.711463919428
2021-11-21 21:00:00+00:00,9897.66896414832
2021-11-21 22:00:00+00:00,9854.794172509057
2021-11-21 23:00:00+00:00,9779.981042299307
2021-11-22 00:00:00+00:00,9739.757826610947
2021-11-22 01:00:00+00:00,9680.164836806769
2021-11-22 02:00:00+00:00,9676.540134446597
2021-11-22 03:00:00+00:00,9739.364260815182
2021-11-22 04:00:00+00:00,9737.632177951238
2021-11-22 05:00:00+00:00,9752.53197565321
2021-11-22 06:00:00+00:00,9750.200462744902
2021-11-22 07:00:00+00:00,9755.163343056296
2021-11-22 08:00:00+00:00,9755.655205306572
2021-11-22 09:00:00+00:00,9754.747718459072
2021-11-22 10:00:00+00:00,9756.49055858414
2021-11-22 11:00:00+00:00,9752.784987290188
2021-11-22 12:00:00+00:00,9753.388815077176
2021-11-22 13:00:00+00:00,9787.425567742737
2021-11-22 14:00:00+00:00,9780.568521347719
2021-11-22 15:00:00+00:00,9778.435832220355
2021-11-22 16:00:00+00:00,9779.50331724365
2021-11-22 17:00:00+00:00,9770.604653284125
2021-11-22 18:00:00+00:00,9674.222907919066
2021-11-22 19:00:00+00:00,9561.213701204053
2021-11-22 20:00:00+00:00,9560.00744455587
2021-11-22 21:00:00+00:00,9571.396954795951
2021-11-22 22:00:00+00:00,9576.723789701096
2021-11-22 23:00:00+00:00,9572.03523494989
2021-11-23 00:00:00+00:00,9589.804941218144
2021-11-23 01:00:00+00:00,9592.259038481416
2021-11-23 02:00:00+00:00,9593.982970635429
2021-11-23 03:00:00+00:00,9597.044142658116
2021-11-23 04:00:00+00:00,9595.44693120429
2021-11-23 05:00:00+00:00,9594.27346200409
2021-11-23 06:00:00+00:00,9589.127709630704
2021-11-23 07:00:00+00:00,9572.199449619171
2021-11-23 08:00:00+00:00,9604.450793296448
2021-11-23 09:00:00+00:00,9655.735238833302
2021-11-23 10:00:00+00:00,9660.552008150637
2021-11-23 11:00:00+00:00,9658.45224023013
2021-11-23 12:00:00+00:00,9658.915022436735
2021-11-23 13:00:00+00:00,9676.223242081727
2021-11-23 14:00:00+00:00,9681.050231851774
2021-11-23 15:00:00+00:00,9672.317265231004
2021-11-23 16:00:00+00:00,9696.754717760445
2021-11-23 17:00:00+00:00,9690.774290616037
2021-11-23 18:00:00+00:00,9698.885420474464
2021-11-23 19:00:00+00:00,9725.276961478477
2021-11-23 20:00:00+00:00,9728.823773749791
2021-11-23 21:00:00+00:00,9722.55032723568
2021-11-23 22:00:00+00:00,9718.42328561619
2021-11-23 23:00:00+00:00,9722.658652030854
2021-11-24 00:00:00+00:00,9730.179950707683
2021-11-24 01:00:00+00:00,9692.907242767775
2021-11-24 02:00:00+00:00,9623.919917145085
2021-11-24 03:00:00+00:00,9623.740582481503
2021-11-24 04:00:00+00:00,9654.544759695247
2021-11-24 05:00:00+00:00,9653.979165756256
2021-11-24 06:00:00+00:00,9656.738160580597
2021-11-24 07:00:00+00:00,9654.999993841262
2021-11-24 08:00:00+00:00,9697.709233722027
2021-11-24 09:00:00+00:00,9682.148502912756
2021-11-24 10:00:00+00:00,9636.50093354407
2021-11-24 11:00:00+00:00,9686.604279554063
2021-11-24 12:00:00+00:00,9664.228831528675
2021-11-24 13:00:00+00:00,9587.418415619084
2021-11-24 14:00:00+00:00,9562.642642096522
2021-11-24 15:00:00+00:00,9631.52094788614
2021-11-24 16:00:00+00:00,9595.184986049597
2021-11-24 17:00:00+00:00,9575.83063735686
2021-11-24 18:00:00+00:00,9602.813606738895
2021-11-24 19:00:00+00:00,9575.692687615643
2021-11-24 20:00:00+00:00,9656.351901305188
2021-11-24 21:00:00+00:00,9639.287518316652
2021-11-24 22:00:00+00:00,9623.8647372486
2021-11-24 23:00:00+00:00,9654.98619886714
2021-11-25 00:00:00+00:00,9713.904533340894
2021-11-25 01:00:00+00:00,9728.637565702866
2021-11-25 02:00:00+00:00,9711.614567636694
2021-11-25 03:00:00+00:00,9720.981355065323
2021-11-25 04:00:00+00:00,9680.920750215926
2021-11-25 05:00:00+00:00,9664.739245571178
2021-11-25 06:00:00+00:00,9663.152823547183
2021-11-25 07:00:00+00:00,9690.89451650591
2021-11-25 08:00:00+00:00,9675.857994713264
2021-11-25 09:00:00+00:00,9691.846369720308
2021-11-25 10:00:00+00:00,9788.320773376847
2021-11-25 11:00:00+00:00,9790.250588523879
2021-11-25 12:00:00+00:00,9793.203683067639
2021-11-25 13:00:00+00:00,9793.682688272598
2021-11-25 14:00:00+00:00,9796.279723061574
2021-11-25 15:00:00+00:00,9795.644208197888
2021-11-25 16:00:00+00:00,9798.089028600858
2021-11-25 17:00:00+00:00,9801.044368658819
2021-11-25 18:00:00+00:00,9799.030460690377
2021-11-25 19:00:00+00:00,9799.338110770064
2021-11-25 20:00:00+00:00,9800.207604080382
2021-11-25 21:00:00+00:00,9798.923546832899
2021-11-25 22:00:00+00:00,9800.977820237327
2021-11-25 23:00:00+00:00,9802.976811191627
2021-11-26 00:00:00+00:00,9799.544526868105
2021-11-26 01:00:00+00:00,9795.280532933833
2021-11-26 02:00:00+00:00,9781.704702345249
2021-11-26 03:00:00+00:00,9752.760592714567
2021-11-26 04:00:00+00:00,9750.80813563729
2021-11-26 05:00:00+00:00,9760.84038704215
2021-11-26 06:00:00+00:00,9744.10201322169
2021-11-26 07:00:00+00:00,9643.052329272603
2021-11-26 08:00:00+00:00,9615.738970916069
2021-11-26 09:00:00+00:00,9631.337509664827
2021-11-26 10:00:00+00:00,9628.420685028603
2021-11-26 11:00:00+00:00,9684.828706248049
2021-11-26 12:00:00+00:00,9716.858320595109
2021-11-26 13:00:00+00:00,9732.6208939645
2021-11-26 14:00:00+00:00,9734.059891155608
2021-11-26 15:00:00+00:00,9729.296921741812
2021-11-26 16:00:00+00:00,9764.808566382364
2021-11-26 17:00:00+00:00,9764.3323027688
2021-11-26 18:00:00+00:00,9760.019987517362
2021-11-26 19:00:00+00:00,9774.689012498424
2021-11-26 20:00:00+00:00,9780.648924076932
2021-11-26 21:00:00+00:00,9767.013743443758
2021-11-26 22:00:00+00:00,9767.426492660961
2021-11-26 23:00:00+00:00,9747.145140818997
2021-11-27 00:00:00+00:00,9784.770280474833
2021-11-27 01:00:00+00:00,9814.17412626993
2021-11-27 02:00:00+00:00,9834.969376847303
2021-11-27 03:00:00+00:00,9834.456140619775
2021-11-27 04:00:00+00:00,9836.702805166839
2021-11-27 05:00:00+00:00,9831.445466874986
2021-11-27 06:00:00+00:00,9832.357502854771
2021-11-27 07:00:00+00:00,9835.50784703102
2021-11-27 08:00:00+00:00,9839.875557221925
2021-11-27 09:00:00+00:00,9833.170376264507
2021-11-27 10:00:00+00:00,9845.993788394386
2021-11-27 11:00:00+00:00,9827.470523705193
2021-11-27 12:00:00+00:00,9839.134490719376
2021-11-27 13:00:00+00:00,9848.862365647874
2021-11-27 14:00:00+00:00,9831.832657710498
2021-11-27 15:00:00+00:00,9844.065598725372
2021-11-27 16:00:00+00:00,9847.368808896057
2021-11-27 17:00:00+00:00,9847.281882312618
2021-11-27 18:00:00+00:00,9842.200628389772
2021-11-27 19:00:00+00:00,9830.181052625156
2021-11-27 20:00:00+00:00,9767.404044191644
2021-11-27 21:00:00+00:00,9803.867069549924
2021-11-27 22:00:00+00:00,9855.49730255421
2021-11-27 23:00:00+00:00,9827.205757284282
2021-11-28 00:00:00+00:00,9802.00056240744
2021-11-28 01:00:00+00:00,9733.483583681002
2021-11-28 02:00:00+00:00,9762.069067083601
2021-11-28 03:00:00+00:00,9725.414981939084
2021-11-28 04:00:00+00:00,9717.493349263505
2021-11-28 05:00:00+00:00,9765.361174169557
2021-11-28 06:00:00+00:00,9789.11137528966
2021-11-28 07:00:00+00:00,9789.023193849858
2021-11-28 08:00:00+00:00,9772.459780073648
2021-11-28 09:00:00+00:00,9785.040332152119
2021-11-28 10:00:00+00:00,9845.944313242286
2021-11-28 11:00:00+00:00,9829.131052053302
2021-11-28 12:00:00+00:00,9827.30863563072
2021-11-28 13:00:00+00:00,9805.483729279633
2021-11-28 14:00:00+00:00,9809.52537860391
2021-11-28 15:00:00+00:00,9801.412686142092
2021-11-28 16:00:00+00:00,9789.18485982283
2021-11-28 17:00:00+00:00,9740.405826705486
2021-11-28 18:00:00+00:00,9762.465883562712
2021-11-28 19:00:00+00:00,9832.511340579058
2021-11-28 20:00:00+00:00,9890.182002209807
2021-11-28 21:00:00+00:00,9900.051698343726
2021-11-28 22:00:00+00:00,9916.111445857503
2021-11-28 23:00:00+00:00,9921.058104001937
2021-11-29 00:00:00+00:00,9926.007229789753
2021-11-29 01:00:00+00:00,9924.346644093368
2021-11-29 02:00:00+00:00,9919.088208342691
2021-11-29 03:00:00+00:00,9918.141017594455
2021-11-29 04:00:00+00:00,9924.577439765542
2021-11-29 05:00:00+00:00,9923.294630248245
2021-11-29 06:00:00+00:00,9928.93675466589
2021-11-29 07:00:00+00:00,9934.54531720663
2021-11-29 08:00:00+00:00,9922.09758997193
2021-11-29 09:00:00+00:00,9913.168274929969
2021-11-29 10:00:00+00:00,9936.804125626793
2021-11-29 11:00:00+00:00,9916.971394040476
2021-11-29 12:00:00+00:00,9926.257725041232
2021-11-29 13:00:00+00:00,9958.834468476089
2021-11-29 14:00:00+00:00,9974.989572708726
2021-11-29 15:00:00+00:00,9976.472797234332
2021-11-29 16:00:00+00:00,9979.965602242066
2021-11-29 17:00:00+00:00,9982.715614500266
2021-11-29 18:00:00+00:00,9981.668786470176
2021-11-29 19:00:00+00:00,9976.91510194909
2021-11-29 20:00:00+00:00,9979.384078642086
2021-11-29 21:00:00+00:00,9983.916188331752
2021-11-29 22:00:00+00:00,9982.801531271634
2021-11-29 23:00:00+00:00,9983.414253509549
2021-11-30 00:00:00+00:00,9984.944114070722
2021-11-30 01:00:00+00:00,9981.728652499261
2021-11-30 02:00:00+00:00,9984.225484870289
2021-11-30 03:00:00+00:00,9976.204447882597
2021-11-30 04:00:00+00:00,9982.664845201092
2021-11-30 05:00:00+00:00,9932.839453532559
2021-11-30 06:00:00+00:00,9972.87625565463
2021-11-30 07:00:00+00:00,9972.862413442102
2021-11-30 08:00:00+00:00,10046.007427585966
2021-11-30 09:00:00+00:00,10047.560546373777
2021-11-30 10:00:00+00:00,10051.018884418821
2021-11-30 11:00:00+00:00,10056.032841219925
2021-11-30 12:00:00+00:00,10054.822078628873
2021-11-30 13:00:00+00:00,10061.049299236387
2021-11-30 14:00:00+00:00,10065.446104353967
2021-11-30 15:00:00+00:00,10077.370215166195
2021-11-30 16:00:00+00:00,10110.69804071835
2021-11-30 17:00:00+00:00,10127.099496253088
2021-11-30 18:00:00+00:00,10132.151405913053
2021-11-30 19:00:00+00:00,10139.304449621606
2021-11-30 20:00:00+00:00,10125.45370766189
2021-11-30 21:00:00+00:00,10112.288645997207
2021-11-30 22:00:00+00:00,10131.769184063533
2021-11-30 23:00:00+00:00,10115.507734540217
2021-12-01 00:00:00+00:00,10165.660403529919
2021-12-01 01:00:00+00:00,10159.973678063603
2021-12-01 02:00:00+00:00,10180.460772780949
2021-12-01 03:00:00+00:00,10182.15101836366
2021-12-01 04:00:00+00:00,10176.82871535697
2021-12-01 05:00:00+00:00,10168.128739024187
2021-12-01 06:00:00+00:00,10186.098510102818
2021-12-01 07:00:00+00:00,10215.825374434751
2021-12-01 08:00:00+00:00,10200.033231793572
2021-12-01 09:00:00+00:00,10223.78291907853
2021-12-01 10:00:00+00:00,10210.38253762191
2021-12-01 11:00:00+00:00,10174.67993873011
2021-12-01 12:00:00+00:00,10165.993112177755
2021-12-01 13:00:00+00:00,10179.391847430274
2021-12-01 14:00:00+00:00,10272.562740643274
2021-12-01 15:00:00+00:00,10270.439554586035
2021-12-01 16:00:00+00:00,10263.321241623778
2021-12-01 17:00:00+00:00,10252.487148627844
2021-12-01 18:00:00+00:00,10232.988577378628
2021-12-01 19:00:00+00:00,10252.874075970078
2021-12-01 20:00:00+00:00,10126.164251662474
2021-12-01 21:00:00+00:00,10125.302280068547
2021-12-01 22:00:00+00:00,10123.578336880688
2021-12-01 23:00:00+00:00,10148.319615287688
2021-12-02 00:00:00+00:00,10141.733613577824
2021-12-02 01:00:00+00:00,10186.098214052869
2021-12-02 02:00:00+00:00,10140.02313869612
2021-12-02 03:00:00+00:00,10036.452421092008
2021-12-02 04:00:00+00:00,10037.994495808156
2021-12-02 05:00:00+00:00,10041.459111404141
2021-12-02 06:00:00+00:00,10042.23618275473
2021-12-02 07:00:00+00:00,10046.46829930674
2021-12-02 08:00:00+00:00,10048.720423026056
2021-12-02 09:00:00+00:00,10047.975412754418
2021-12-02 10:00:00+00:00,10045.503783404201
2021-12-02 11:00:00+00:00,10052.379944935103
2021-12-02 12:00:00+00:00,10056.26734147275
2021-12-02 13:00:00+00:00,10053.344431576072
2021-12-02 14:00:00+00:00,10079.693926205971
2021-12-02 15:00:00+00:00,10113.029436723002
2021-12-02 16:00:00+00:00,10146.475194264356
2021-12-02 17:00:00+00:00,10147.006655770161
2021-12-02 18:00:00+00:00,10151.277477169584
2021-12-02 19:00:00+00:00,10154.516054996455
2021-12-02 20:00:00+00:00,10162.934687077102
2021-12-02 21:00:00+00:00,10163.259074116628
2021-12-02 22:00:00+00:00,10163.099057544498
2021-12-02 23:00:00+00:00,10159.690657122102
2021-12-03 00:00:00+00:00,10161.386913060738
2021-12-03 01:00:00+00:00,10161.134668104345
2021-12-03 02:00:00+00:00,10155.559574203307
2021-12-03 03:00:00+00:00,10157.917829443888
2021-12-03 04:00:00+00:00,10186.2019192817
2021-12-03 05:00:00+00:00,10196.545490998851
2021-12-03 06:00:00+00:00,10197.056324340467
2021-12-03 07:00:00+00:00,10195.774927278686
2021-12-03 08:00:00+00:00,10194.77878034544
2021-12-03 09:00:00+00:00,10196.82901564429
2021-12-03 10:00:00+00:00,10196.534851449238
2021-12-03 11:00:00+00:00,10200.623065205478
2021-12-03 12:00:00+00:00,10201.632043834963
2021-12-03 13:00:00+00:00,10206.721134101008
2021-12-03 14:00:00+00:00,10177.324982584223
2021-12-03 15:00:00+00:00,10114.275872847822
2021-12-03 16:00:00+00:00,9972.12415480893
2021-12-03 17:00:00+00:00,9981.170076339959
2021-12-03 18:00:00+00:00,10005.103911146127
2021-12-03 19:00:00+00:00,10066.29051268333
2021-12-03 20:00:00+00:00,10127.851303258543
2021-12-03 21:00:00+00:00,10132.903587957884
2021-12-03 22:00:00+00:00,10149.34106507038
2021-12-03 23:00:00+00:00,10154.404069950295
2021-12-04 00:00:00+00:00,10187.986661460138
2021-12-04 01:00:00+00:00,10195.601122465276
2021-12-04 02:00:00+00:00,10194.61957757226
2021-12-04 03:00:00+00:00,10250.291689559512
2021-12-04 04:00:00+00:00,10284.191400098496
2021-12-04 05:00:00+00:00,10087.762312911782
2021-12-04 06:00:00+00:00,10121.124507154715
2021-12-04 07:00:00+00:00,10177.335917056216
2021-12-04 08:00:00+00:00,10182.41288718484
2021-12-04 09:00:00+00:00,10185.684624397003
2021-12-04 10:00:00+00:00,10216.088109307115
2021-12-04 11:00:00+00:00,10272.826934710967
2021-12-04 12:00:00+00:00,10277.951540591044
2021-12-04 13:00:00+00:00,10283.078702883839
2021-12-04 14:00:00+00:00,10288.20842286462
2021-12-04 15:00:00+00:00,10288.814239809093
2021-12-04 16:00:00+00:00,10277.178933248442
2021-12-04 17:00:00+00:00,10289.533693904667
2021-12-04 18:00:00+00:00,10304.897833655068
2021-12-04 19:00:00+00:00,10310.038438122325
2021-12-04 20:00:00+00:00,10309.36612603601
2021-12-04 21:00:00+00:00,10306.512018651283
2021-12-04 22:00:00+00:00,10350.624970315808
2021-12-04 23:00:00+00:00,10367.299051440128
2021-12-05 00:00:00+00:00,10384.116762118732
2021-12-05 01:00:00+00:00,10386.319098623993
2021-12-05 02:00:00+00:00,10389.101004591745
2021-12-05 03:00:00+00:00,10400.961754289947
2021-12-05 04:00:00+00:00,10399.932513036634
2021-12-05 05:00:00+00:00,10405.201663882588
2021-12-05 06:00:00+00:00,10406.15028030165
2021-12-05 07:00:00+00:00,10404.854000304462
2021-12-05 08:00:00+00:00,10410.466044876559
2021-12-05 09:00:00+00:00,10407.561974703569
2021-12-05 10:00:00+00:00,10412.426239440725
2021-12-05 11:00:00+00:00,10414.545080182164
2021-12-05 12:00:00+00:00,10440.565445548773
2021-12-05 13:00:00+00:00,10434.208711256213
2021-12-05 14:00:00+00:00,10387.212605071603
2021-12-05 15:00:00+00:00,10281.685370235806
2021-12-05 16:00:00+00:00,10339.40027601131
2021-12-05 17:00:00+00:00,10410.439903656876
2021-12-05 18:00:00+00:00,10398.633188075808
2021-12-05 19:00:00+00:00,10386.473804366993
2021-12-05 20:00:00+00:00,10379.589109177514
2021-12-05 21:00:00+00:00,10392.929164444435
2021-12-05 22:00:00+00:00,10421.127281267269
2021-12-05 23:00:00+00:00,10475.453506337039
2021-12-06 00:00:00+00:00,10375.265091263409
2021-12-06 01:00:00+00:00,10392.545829522971
2021-12-06 02:00:00+00:00,10401.669200653796
2021-12-06 03:00:00+00:00,10431.98332624311
2021-12-06 04:00:00+00:00,10428.855313283968
2021-12-06 05:00:00+00:00,10380.079777876987
2021-12-06 06:00:00+00:00,10288.508731837852
2021-12-06 07:00:00+00:00,10199.25788404447
2021-12-06 08:00:00+00:00,10255.903236564915
2021-12-06 09:00:00+00:00,10318.623611117022
2021-12-06 10:00:00+00:00,10335.362361068397
2021-12-06 11:00:00+00:00,10340.518162783434
2021-12-06 12:00:00+00:00,10340.804426560646
2021-12-06 13:00:00+00:00,10357.292429819203
2021-12-06 14:00:00+00:00,10391.54601264125
2021-12-06 15:00:00+00:00,10396.729841604583
2021-12-06 16:00:00+00:00,10413.595294565104
2021-12-06 17:00:00+00:00,10413.775763930684
2021-12-06 18:00:00+00:00,10414.86990590093
2021-12-06 19:00:00+00:00,10416.193605593555
2021-12-06 20:00:00+00:00,10418.790122825956
2021-12-06 21:00:00+00:00,10423.987542530002
2021-12-06 22:00:00+00:00,10429.187554969985
2021-12-06 23:00:00+00:00,10440.646241928924
2021-12-07 00:00:00+00:00,10438.55723855086
2021-12-07 01:00:00+00:00,10446.105660451665
2021-12-07 02:00:00+00:00,10442.624861836117
2021-12-07 03:00:00+00:00,10453.935749730143
2021-12-07 04:00:00+00:00,10456.132687302334
2021-12-07 05:00:00+00:00,10455.032253455798
2021-12-07 06:00:00+00:00,10463.051210285226
2021-12-07 07:00:00+00:00,10461.438944425896
2021-12-07 08:00:00+00:00,10468.270709659308
2021-12-07 09:00:00+00:00,10466.088837671516
2021-12-07 10:00:00+00:00,10471.76594972542
2021-12-07 11:00:00+00:00,10474.711425751399
2021-12-07 12:00:00+00:00,10457.91037143683
2021-12-07 13:00:00+00:00,10443.782759529528
2021-12-07 14:00:00+00:00,10490.253078471806
2021-12-07 15:00:00+00:00,10479.80816989315
2021-12-07 16:00:00+00:00,10456.322999312415
2021-12-07 17:00:00+00:00,10430.603980350808
2021-12-07 18:00:00+00:00,10417.260067584284
2021-12-07 19:00:00+00:00,10418.293335165763
2021-12-07 20:00:00+00:00,10378.881557415072
2021-12-07 21:00:00+00:00,10382.010882090408
2021-12-07 22:00:00+00:00,10354.009330632336
2021-12-07 23:00:00+00:00,10408.270639625418
2021-12-08 00:00:00+00:00,10440.597153960254
2021-12-08 01:00:00+00:00,10415.311620144925
2021-12-08 02:00:00+00:00,10387.679092823091
2021-12-08 03:00:00+00:00,10389.332320953457
2021-12-08 04:00:00+00:00,10427.19419733193
2021-12-08 05:00:00+00:00,10434.678006814926
2021-12-08 06:00:00+00:00,10498.460138523064
2021-12-08 07:00:00+00:00,10498.17968017952
2021-12-08 08:00:00+00:00,10494.76989716064
2021-12-08 09:00:00+00:00,10425.71810078696
2021-12-08 10:00:00+00:00,10354.570247319423
2021-12-08 11:00:00+00:00,10350.510981820757
2021-12-08 12:00:00+00:00,10382.852257121041
2021-12-08 13:00:00+00:00,10388.25477047563
2021-12-08 14:00:00+00:00,10532.289825740847
2021-12-08 15:00:00+00:00,10531.016340845625
2021-12-08 16:00:00+00:00,10536.781974275662
2021-12-08 17:00:00+00:00,10525.45117818669
2021-12-08 18:00:00+00:00,10533.948300812752
2021-12-08 19:00:00+00:00,10527.571561080533
2021-12-08 20:00:00+00:00,10538.341079344666
2021-12-08 21:00:00+00:00,10540.804465353689
2021-12-08 22:00:00+00:00,10549.375182514454
2021-12-08 23:00:00+00:00,10554.610689514138
2021-12-09 00:00:00+00:00,10554.637744653877
2021-12-09 01:00:00+00:00,10552.070253096344
2021-12-09 02:00:00+00:00,10552.30140406162
2021-12-09 03:00:00+00:00,10524.391162374428
2021-12-09 04:00:00+00:00,10549.986158813339
2021-12-09 05:00:00+00:00,10535.1240346766
2021-12-09 06:00:00+00:00,10539.006645264784
2021-12-09 07:00:00+00:00,10556.68246246567
2021-12-09 08:00:00+00:00,10512.724493533813
2021-12-09 09:00:00+00:00,10468.511429257647
2021-12-09 10:00:00+00:00,10466.232710416105
2021-12-09 11:00:00+00:00,10453.670163036431
2021-12-09 12:00:00+00:00,10456.881085040422
2021-12-09 13:00:00+00:00,10445.576272086277
2021-12-09 14:00:00+00:00,10349.145033837356
2021-12-09 15:00:00+00:00,10312.044055663466
2021-12-09 16:00:00+00:00,10311.990655339167
2021-12-09 17:00:00+00:00,10302.80364697232
2021-12-09 18:00:00+00:00,10277.196606562724
2021-12-09 19:00:00+00:00,10275.771432873898
2021-12-09 20:00:00+00:00,10281.171706875342
2021-12-09 21:00:00+00:00,10343.762320893897
2021-12-09 22:00:00+00:00,10375.107761575111
2021-12-09 23:00:00+00:00,10409.420263168253
2021-12-10 00:00:00+00:00,10414.613008712187
2021-12-10 01:00:00+00:00,10419.808344660352
2021-12-10 02:00:00+00:00,10420.57738408153
2021-12-10 03:00:00+00:00,10419.952948516488
2021-12-10 04:00:00+00:00,10414.109957565575
2021-12-10 05:00:00+00:00,10411.765396070567
2021-12-10 06:00:00+00:00,10369.16343232627
2021-12-10 07:00:00+00:00,10314.79119129384
2021-12-10 08:00:00+00:00,10381.366181931047
2021-12-10 09:00:00+00:00,10424.892387186132
2021-12-10 10:00:00+00:00,10407.469437857388
2021-12-10 11:00:00+00:00,10483.531087266605
2021-12-10 12:00:00+00:00,10484.7756533318
2021-12-10 13:00:00+00:00,10488.760803039608
2021-12-10 14:00:00+00:00,10552.905227082989
2021-12-10 15:00:00+00:00,10570.024025918368
2021-12-10 16:00:00+00:00,10559.025209487168
2021-12-10 17:00:00+00:00,10567.946394136
2021-12-10 18:00:00+00:00,10628.728565396132
2021-12-10 19:00:00+00:00,10634.030713018217
2021-12-10 20:00:00+00:00,10638.097729914314
2021-12-10 21:00:00+00:00,10651.281112663446
2021-12-10 22:00:00+00:00,10642.826334588786
2021-12-10 23:00:00+00:00,10582.202480755117
2021-12-11 00:00:00+00:00,10716.419435972137
2021-12-11 01:00:00+00:00,10721.765328237623
2021-12-11 02:00:00+00:00,10724.015362826653
2021-12-11 03:00:00+00:00,10727.113887304673
2021-12-11 04:00:00+00:00,10729.752188976832
2021-12-11 05:00:00+00:00,10729.603815516755
2021-12-11 06:00:00+00:00,10744.51528538126
2021-12-11 07:00:00+00:00,10761.944911801293
2021-12-11 08:00:00+00:00,10767.313514477712
2021-12-11 09:00:00+00:00,10770.02541258889
2021-12-11 10:00:00+00:00,10773.638637899683
2021-12-11 11:00:00+00:00,10770.37056954119
2021-12-11 12:00:00+00:00,10780.926255576107
2021-12-11 13:00:00+00:00,10784.780123917048
2021-12-11 14:00:00+00:00,10786.658578621
2021-12-11 15:00:00+00:00,10790.160117952732
2021-12-11 16:00:00+00:00,10791.85590257044
2021-12-11 17:00:00+00:00,10787.874080059702
2021-12-11 18:00:00+00:00,10787.903474040542
2021-12-11 19:00:00+00:00,10771.346549872134
2021-12-11 20:00:00+00:00,10780.143594450716
2021-12-11 21:00:00+00:00,10792.121792523369
2021-12-11 22:00:00+00:00,10788.993954450983
2021-12-11 23:00:00+00:00,10825.845278506795
2021-12-12 00:00:00+00:00,10819.55329495418
2021-12-12 01:00:00+00:00,10807.934999582641
2021-12-12 02:00:00+00:00,10805.519972768878
2021-12-12 03:00:00+00:00,10813.605447156351
2021-12-12 04:00:00+00:00,10789.709329090652
2021-12-12 05:00:00+00:00,10824.106214990643
2021-12-12 06:00:00+00:00,10850.952200992415
2021-12-12 07:00:00+00:00,10851.96694643328
2021-12-12 08:00:00+00:00,10785.292201877463
2021-12-12 09:00:00+00:00,10774.816447473215
2021-12-12 10:00:00+00:00,10787.411229121628
2021-12-12 11:00:00+00:00,10822.405024104482
2021-12-12 12:00:00+00:00,10820.644142310037
2021-12-12 13:00:00+00:00,10835.492255746258
2021-12-12 14:00:00+00:00,10839.28262842244
2021-12-12 15:00:00+00:00,10805.378192515811
2021-12-12 16:00:00+00:00,10834.626737576105
2021-12-12 17:00:00+00:00,10885.970615968083
2021-12-12 18:00:00+00:00,10891.401088941442
2021-12-12 19:00:00+00:00,10889.60426082672
2021-12-12 20:00:00+00:00,10890.72932618349
2021-12-12 21:00:00+00:00,10886.791221053587
2021-12-12 22:00:00+00:00,10900.186841100804
2021-12-12 23:00:00+00:00,10889.772785349354
2021-12-13 00:00:00+00:00,10951.8905148525
2021-12-13 01:00:00+00:00,11012.715891172249
2021-12-13 02:00:00+00:00,11013.889369172502
2021-12-13 03:00:00+00:00,11015.94749536647
2021-12-13 04:00:00+00:00,11018.20959110219
2021-12-13 05:00:00+00:00,11034.652694470256
2021-12-13 06:00:00+00:00,11011.968133487811
2021-12-13 07:00:00+00:00,11011.00597515062
2021-12-13 08:00:00+00:00,11054.648955669412
2021-12-13 09:00:00+00:00,11051.982054364169
2021-12-13 10:00:00+00:00,11049.948818178107
2021-12-13 11:00:00+00:00,11057.646390052489
2021-12-13 12:00:00+00:00,11048.00534959408
2021-12-13 13:00:00+00:00,11043.171579919392
2021-12-13 14:00:00+00:00,10980.619653485066
2021-12-13 15:00:00+00:00,10800.562729734449
2021-12-13 16:00:00+00:00,10836.282293751256
2021-12-13 17:00:00+00:00,10841.687979675264
2021-12-13 18:00:00+00:00,10840.373534499633
2021-12-13 19:00:00+00:00,10907.990743574004
2021-12-13 20:00:00+00:00,10909.493203908716
2021-12-13 21:00:00+00:00,10944.065592950801
2021-12-13 22:00:00+00:00,10947.034730413794
2021-12-13 23:00:00+00:00,10945.4825503005
2021-12-14 00:00:00+00:00,10949.525046638284
2021-12-14 01:00:00+00:00,10940.985582580237
2021-12-14 02:00:00+00:00,10946.965980920304
2021-12-14 03:00:00+00:00,10940.875395909912
2021-12-14 04:00:00+00:00,10937.067581344358
2021-12-14 05:00:00+00:00,10898.057600185482
2021-12-14 06:00:00+00:00,10883.800446396637
2021-12-14 07:00:00+00:00,10986.58421752515
2021-12-14 08:00:00+00:00,11016.48729230811
2021-12-14 09:00:00+00:00,10998.312050545235
2021-12-14 10:00:00+00:00,11045.517263205296
2021-12-14 11:00:00+00:00,11052.920960897856
2021-12-14 12:00:00+00:00,11050.087578926788
2021-12-14 13:00:00+00:00,11040.286138410378
2021-12-14 14:00:00+00:00,11061.808460837563
2021-12-14 15:00:00+00:00,11031.56945351139
2021-12-14 16:00:00+00:00,11010.031553411201
2021-12-14 17:00:00+00:00,11002.874230279873
2021-12-14 18:00:00+00:00,10984.189321033278
2021-12-14 19:00:00+00:00,11021.389381725767
2021-12-14 20:00:00+00:00,11120.515528296928
2021-12-14 21:00:00+00:00,11126.06300414053
2021-12-14 22:00:00+00:00,11126.613647373279
2021-12-14 23:00:00+00:00,11136.405865465065
2021-12-15 00:00:00+00:00,11144.111572785761
2021-12-15 01:00:00+00:00,11144.258618145637
2021-12-15 02:00:00+00:00,11140.323097452865
2021-12-15 03:00:00+00:00,11149.894964107794
2021-12-15 04:00:00+00:00,11162.189419606932
2021-12-15 05:00:00+00:00,11160.817296888445
2021-12-15 06:00:00+00:00,11161.037066006777
2021-12-15 07:00:00+00:00,11162.709913835133
2021-12-15 08:00:00+00:00,11166.360683728477
2021-12-15 09:00:00+00:00,11164.90037577114
2021-12-15 10:00:00+00:00,11162.451106781307
2021-12-15 11:00:00+00:00,11160.893926909968
2021-12-15 12:00:00+00:00,11146.973383470366
2021-12-15 13:00:00+00:00,11151.413510619035
2021-12-15 14:00:00+00:00,11113.802109076154
2021-12-15 15:00:00+00:00,10904.203324510632
2021-12-15 16:00:00+00:00,10909.642892881586
2021-12-15 17:00:00+00:00,10911.13500407867
2021-12-15 18:00:00+00:00,10915.085174784484
2021-12-15 19:00:00+00:00,10932.791497674472
2021-12-15 20:00:00+00:00,10938.245327272762
2021-12-15 21:00:00+00:00,10938.582300758031
2021-12-15 22:00:00+00:00,10974.420234448977
2021-12-15 23:00:00+00:00,10976.362396049946
2021-12-16 00:00:00+00:00,10979.894830567584
2021-12-16 01:00:00+00:00,10980.361930810815
2021-12-16 02:00:00+00:00,10977.637873762222
2021-12-16 03:00:00+00:00,10975.446894500637
2021-12-16 04:00:00+00:00,10971.502439807258
2021-12-16 05:00:00+00:00,10957.571476720446
2021-12-16 06:00:00+00:00,10989.410768868864
2021-12-16 07:00:00+00:00,10990.418226516662
2021-12-16 08:00:00+00:00,10997.016620299986
2021-12-16 09:00:00+00:00,11010.31324601191
2021-12-16 10:00:00+00:00,11016.207480761126
2021-12-16 11:00:00+00:00,11034.077843067418
2021-12-16 12:00:00+00:00,11023.36392579468
2021-12-16 13:00:00+00:00,11070.569687033732
2021-12-16 14:00:00+00:00,11071.774434966052
2021-12-16 15:00:00+00:00,11088.528235072143
2021-12-16 16:00:00+00:00,11087.770244115265
2021-12-16 17:00:00+00:00,11074.453258248615
2021-12-16 18:00:00+00:00,11067.95955155467
2021-12-16 19:00:00+00:00,11037.524569931778
2021-12-16 20:00:00+00:00,11069.458851821426
2021-12-16 21:00:00+00:00,11088.787899181014
2021-12-16 22:00:00+00:00,11059.298313869534
2021-12-16 23:00:00+00:00,10975.357730673411
2021-12-17 00:00:00+00:00,11008.657032637353
2021-12-17 01:00:00+00:00,11016.779225459188
2021-12-17 02:00:00+00:00,11006.309870886344
2021-12-17 03:00:00+00:00,10992.10869798996
2021-12-17 04:00:00+00:00,11010.210549767517
2021-12-17 05:00:00+00:00,10976.691729078659
2021-12-17 06:00:00+00:00,10936.334055805932
2021-12-17 07:00:00+00:00,10833.663308856838
2021-12-17 08:00:00+00:00,10834.112857528931
2021-12-17 09:00:00+00:00,10838.882301156356
2021-12-17 10:00:00+00:00,10805.056539763413
2021-12-17 11:00:00+00:00,10818.935594942819
2021-12-17 12:00:00+00:00,10817.904943424091
2021-12-17 13:00:00+00:00,10808.307055103141
2021-12-17 14:00:00+00:00,10677.160560957895
2021-12-17 15:00:00+00:00,10844.801429556197
2021-12-17 16:00:00+00:00,10899.916997569533
2021-12-17 17:00:00+00:00,10881.820081830729
2021-12-17 18:00:00+00:00,10922.871354224297
2021-12-17 19:00:00+00:00,10903.053819866349
2021-12-17 20:00:00+00:00,10868.748149200637
2021-12-17 21:00:00+00:00,10935.965145496186
2021-12-17 22:00:00+00:00,10996.702074384615
2021-12-17 23:00:00+00:00,10991.37077548647
2021-12-18 00:00:00+00:00,11005.979770112337
2021-12-18 01:00:00+00:00,10887.136887750192
2021-12-18 02:00:00+00:00,10895.581261620468
2021-12-18 03:00:00+00:00,11063.95283299984
2021-12-18 04:00:00+00:00,11072.936824521614
2021-12-18 05:00:00+00:00,11081.900647255401
2021-12-18 06:00:00+00:00,11079.33445983524
2021-12-18 07:00:00+00:00,11079.454986863402
2021-12-18 08:00:00+00:00,11083.873781559065
2021-12-18 09:00:00+00:00,11099.877576244317
2021-12-18 10:00:00+00:00,11105.414756833152
2021-12-18 11:00:00+00:00,11103.93828792148
2021-12-18 12:00:00+00:00,11104.98666630443
2021-12-18 13:00:00+00:00,11090.33215977756
2021-12-18 14:00:00+00:00,11105.260156317374
2021-12-18 15:00:00+00:00,11098.140299647086
2021-12-18 16:00:00+00:00,11094.771814321002
2021-12-18 17:00:00+00:00,11093.609481765994
2021-12-18 18:00:00+00:00,11096.27600939219
2021-12-18 19:00:00+00:00,11105.00644180883
2021-12-18 20:00:00+00:00,11118.691008345755
2021-12-18 21:00:00+00:00,11135.390660142863
2021-12-18 22:00:00+00:00,11142.142525863908
2021-12-18 23:00:00+00:00,11142.961376882455
2021-12-19 00:00:00+00:00,11134.713674166029
2021-12-19 01:00:00+00:00,11113.39073338028
2021-12-19 02:00:00+00:00,11174.027958682016
2021-12-19 03:00:00+00:00,11204.02453712259
2021-12-19 04:00:00+00:00,11206.353336170945
2021-12-19 05:00:00+00:00,11203.392777365361
2021-12-19 06:00:00+00:00,11200.916290971116
2021-12-19 07:00:00+00:00,11201.839536323758
2021-12-19 08:00:00+00:00,11200.768964585057
2021-12-19 09:00:00+00:00,11189.574788304575
2021-12-19 10:00:00+00:00,11179.77537880449
2021-12-19 11:00:00+00:00,11183.116666774866
2021-12-19 12:00:00+00:00,11208.231750760706
2021-12-19 13:00:00+00:00,11243.687408417894
2021-12-19 14:00:00+00:00,11266.250233027966
2021-12-19 15:00:00+00:00,11263.485982917844
2021-12-19 16:00:00+00:00,11263.033520389496
2021-12-19 17:00:00+00:00,11264.81430682918
2021-12-19 18:00:00+00:00,11267.952523284715
2021-12-19 19:00:00+00:00,11269.377320300122
2021-12-19 20:00:00+00:00,11272.299427278576
2021-12-19 21:00:00+00:00,11275.288379841504
2021-12-19 22:00:00+00:00,11303.509916296143
2021-12-19 23:00:00+00:00,11340.89282459204
2021-12-20 00:00:00+00:00,11358.584469323056
2021-12-20 01:00:00+00:00,11359.289887647199
2021-12-20 02:00:00+00:00,11358.160603021573
2021-12-20 03:00:00+00:00,11354.00164525587
2021-12-20 04:00:00+00:00,11362.968001804908
2021-12-20 05:00:00+00:00,11422.377907126964
2021-12-20 06:00:00+00:00,11422.600185819017
2021-12-20 07:00:00+00:00,11417.84523622116
2021-12-20 08:00:00+00:00,11420.813234251687
2021-12-20 09:00:00+00:00,11370.819695869399
2021-12-20 10:00:00+00:00,11420.511813695211
2021-12-20 11:00:00+00:00,11445.767928817864
2021-12-20 12:00:00+00:00,11392.912520231162
2021-12-20 13:00:00+00:00,11383.32222601958
2021-12-20 14:00:00+00:00,11485.816309266316
2021-12-20 15:00:00+00:00,11474.47661802885
2021-12-20 16:00:00+00:00,11498.177047061505
2021-12-20 17:00:00+00:00,11486.050905440221
2021-12-20 18:00:00+00:00,11498.523787317288
2021-12-20 19:00:00+00:00,11504.44846549509
2021-12-20 20:00:00+00:00,11510.187466514772
2021-12-20 21:00:00+00:00,11506.975592105216
2021-12-20 22:00:00+00:00,11499.277341489265
2021-12-20 23:00:00+00:00,11524.155370268069
2021-12-21 00:00:00+00:00,11528.85915734841
2021-12-21 01:00:00+00:00,11526.884011677246
2021-12-21 02:00:00+00:00,11525.780005102215
2021-12-21 03:00:00+00:00,11547.561137179475
2021-12-21 04:00:00+00:00,11550.38628840458
2021-12-21 05:00:00+00:00,11547.54509009553
2021-12-21 06:00:00+00:00,11547.844466614415
2021-12-21 07:00:00+00:00,11546.369173672785
2021-12-21 08:00:00+00:00,11548.621694115373
2021-12-21 09:00:00+00:00,11548.49935274948
2021-12-21 10:00:00+00:00,11548.674948592288
2021-12-21 11:00:00+00:00,11549.551488496145
2021-12-21 12:00:00+00:00,11553.321644981294
2021-12-21 13:00:00+00:00,11551.708197227188
2021-12-21 14:00:00+00:00,11550.881426694217
2021-12-21 15:00:00+00:00,11547.205403941025
2021-12-21 16:00:00+00:00,11565.149790005451
2021-12-21 17:00:00+00:00,11559.440649500753
2021-12-21 18:00:00+00:00,11555.067486319547
2021-12-21 19:00:00+00:00,11575.712661073905
2021-12-21 20:00:00+00:00,11591.53072930692
2021-12-21 21:00:00+00:00,11593.37910669477
2021-12-21 22:00:00+00:00,11593.75897099108
2021-12-21 23:00:00+00:00,11591.738324030866
2021-12-22 00:00:00+00:00,11588.972391987401
2021-12-22 01:00:00+00:00,11595.285649930998
2021-12-22 02:00:00+00:00,11597.313171366153
2021-12-22 03:00:00+00:00,11595.910318561117
2021-12-22 04:00:00+00:00,11596.680440213802
2021-12-22 05:00:00+00:00,11593.812844375321
2021-12-22 06:00:00+00:00,11594.501524591638
2021-12-22 07:00:00+00:00,11595.716002151532
2021-12-22 08:00:00+00:00,11593.711399779142
2021-12-22 09:00:00+00:00,11585.585702785547
2021-12-22 10:00:00+00:00,11589.403987843525
2021-12-22 11:00:00+00:00,11589.315299070784
2021-12-22 12:00:00+00:00,11519.389765931337
2021-12-22 13:00:00+00:00,11528.75887992973
2021-12-22 14:00:00+00:00,11596.99163045314
2021-12-22 15:00:00+00:00,11612.743120021598
2021-12-22 16:00:00+00:00,11614.378714875209
2021-12-22 17:00:00+00:00,11566.875351300807
2021-12-22 18:00:00+00:00,11566.128666693723
2021-12-22 19:00:00+00:00,11595.427148419254
2021-12-22 20:00:00+00:00,11608.209677764311
2021-12-22 21:00:00+00:00,11624.227840406726
2021-12-22 22:00:00+00:00,11602.25397911258
2021-12-22 23:00:00+00:00,11563.444157749214
2021-12-23 00:00:00+00:00,11493.380252117957
2021-12-23 01:00:00+00:00,11520.50979284196
2021-12-23 02:00:00+00:00,11538.234663157707
2021-12-23 03:00:00+00:00,11529.807794020633
2021-12-23 04:00:00+00:00,11508.722842973013
2021-12-23 05:00:00+00:00,11504.438295584754
2021-12-23 06:00:00+00:00,11529.274447872716
2021-12-23 07:00:00+00:00,11442.71236806592
2021-12-23 08:00:00+00:00,11476.366509999432
2021-12-23 09:00:00+00:00,11476.099836925474
2021-12-23 10:00:00+00:00,11499.74484948309
2021-12-23 11:00:00+00:00,11483.104449668106
2021-12-23 12:00:00+00:00,11500.72265075427
2021-12-23 13:00:00+00:00,11506.58945838135
2021-12-23 14:00:00+00:00,11494.429166208858
2021-12-23 15:00:00+00:00,11512.136258319675
2021-12-23 16:00:00+00:00,11574.964434544203
2021-12-23 17:00:00+00:00,11668.236990470923
2021-12-23 18:00:00+00:00,11674.057697494562
2021-12-23 19:00:00+00:00,11679.881308181391
2021-12-23 20:00:00+00:00,11681.197136506877
2021-12-23 21:00:00+00:00,11677.102656903335
2021-12-23 22:00:00+00:00,11668.76614888171
2021-12-23 23:00:00+00:00,11676.549348848803
2021-12-24 00:00:00+00:00,11674.239287721128
2021-12-24 01:00:00+00:00,11681.49223413596
2021-12-24 02:00:00+00:00,11670.758057878027
2021-12-24 03:00:00+00:00,11672.166158038515
2021-12-24 04:00:00+00:00,11670.598682803084
2021-12-24 05:00:00+00:00,11670.069895976674
2021-12-24 06:00:00+00:00,11668.83291250775
2021-12-24 07:00:00+00:00,11668.993437080053
2021-12-24 08:00:00+00:00,11674.640124976362
2021-12-24 09:00:00+00:00,11687.680385820517
2021-12-24 10:00:00+00:00,11672.732715352526
2021-12-24 11:00:00+00:00,11659.862421702575
2021-12-24 12:00:00+00:00,11664.68760149357
2021-12-24 13:00:00+00:00,11666.953830749613
2021-12-24 14:00:00+00:00,11659.258093900964
2021-12-24 15:00:00+00:00,11699.674171580253
2021-12-24 16:00:00+00:00,11686.660389121964
2021-12-24 17:00:00+00:00,11705.806737365372
2021-12-24 18:00:00+00:00,11741.184474011467
2021-12-24 19:00:00+00:00,11744.749850738192
2021-12-24 20:00:00+00:00,11747.641324063847
2021-12-24 21:00:00+00:00,11745.719250490643
2021-12-24 22:00:00+00:00,11740.253794339944
2021-12-24 23:00:00+00:00,11745.781154876175
2021-12-25 00:00:00+00:00,11764.13403578356
2021-12-25 01:00:00+00:00,11752.806641537103
2021-12-25 02:00:00+00:00,11729.256825291495
2021-12-25 03:00:00+00:00,11738.399581905032
2021-12-25 04:00:00+00:00,11740.27625299939
2021-12-25 05:00:00+00:00,11744.491544995948
2021-12-25 06:00:00+00:00,11756.627351406129
2021-12-25 07:00:00+00:00,11752.08484496235
2021-12-25 08:00:00+00:00,11756.5214879085
2021-12-25 09:00:00+00:00,11746.348968181646
2021-12-25 10:00:00+00:00,11733.577980785683
2021-12-25 11:00:00+00:00,11750.814482990785
2021-12-25 12:00:00+00:00,11783.592025414873
2021-12-25 13:00:00+00:00,11782.086067491968
2021-12-25 14:00:00+00:00,11780.804595907166
2021-12-25 15:00:00+00:00,11782.395984691891
2021-12-25 16:00:00+00:00,11781.881377992482
2021-12-25 17:00:00+00:00,11783.182713974464
2021-12-25 18:00:00+00:00,11789.601420963892
2021-12-25 19:00:00+00:00,11787.576443703838
2021-12-25 20:00:00+00:00,11802.707229910746
2021-12-25 21:00:00+00:00,11803.906336667782
2021-12-25 22:00:00+00:00,11799.456207193201
2021-12-25 23:00:00+00:00,11800.584894436512
2021-12-26 00:00:00+00:00,11798.363811047924
2021-12-26 01:00:00+00:00,11803.467972945718
2021-12-26 02:00:00+00:00,11790.519915190283
2021-12-26 03:00:00+00:00,11736.573058961263
2021-12-26 04:00:00+00:00,11752.277231668986
2021-12-26 05:00:00+00:00,11759.22985302256
2021-12-26 06:00:00+00:00,11759.375712211797
2021-12-26 07:00:00+00:00,11775.56608221697
2021-12-26 08:00:00+00:00,11767.203488700785
2021-12-26 09:00:00+00:00,11782.453877264219
2021-12-26 10:00:00+00:00,11793.89572033094
2021-12-26 11:00:00+00:00,11768.662080593143
2021-12-26 12:00:00+00:00,11787.63998177038
2021-12-26 13:00:00+00:00,11783.231792940143
2021-12-26 14:00:00+00:00,11796.780490962492
2021-12-26 15:00:00+00:00,11802.436586189524
2021-12-26 16:00:00+00:00,11827.799878539976
2021-12-26 17:00:00+00:00,11832.937363316392
2021-12-26 18:00:00+00:00,11836.583843047289
2021-12-26 19:00:00+00:00,11838.496219083936
2021-12-26 20:00:00+00:00,11831.72187007276
2021-12-26 21:00:00+00:00,11868.257931671102
2021-12-26 22:00:00+00:00,11867.756017607062
2021-12-26 23:00:00+00:00,11865.021219167706
2021-12-27 00:00:00+00:00,11864.679913998694
2021-12-27 01:00:00+00:00,11871.866567642932
2021-12-27 02:00:00+00:00,11870.030323414632
2021-12-27 03:00:00+00:00,11874.495196331505
2021-12-27 04:00:00+00:00,11868.716009070346
2021-12-27 05:00:00+00:00,11865.850139525404
2021-12-27 06:00:00+00:00,11869.171511514574
2021-12-27 07:00:00+00:00,11860.69726812506
2021-12-27 08:00:00+00:00,11854.258551283196
2021-12-27 09:00:00+00:00,11861.513376670971
2021-12-27 10:00:00+00:00,11864.65919042643
2021-12-27 11:00:00+00:00,11865.067244699385
2021-12-27 12:00:00+00:00,11874.770395724892
2021-12-27 13:00:00+00:00,11878.950579614122
2021-12-27 14:00:00+00:00,11881.31349854356
2021-12-27 15:00:00+00:00,11887.510480205057
2021-12-27 16:00:00+00:00,11886.596925225067
2021-12-27 17:00:00+00:00,11890.2283169447
2021-12-27 18:00:00+00:00,11887.644414166967
2021-12-27 19:00:00+00:00,11884.74568438038
2021-12-27 20:00:00+00:00,11886.70863803466
2021-12-27 21:00:00+00:00,11878.886612480514
2021-12-27 22:00:00+00:00,11880.51235155736
2021-12-27 23:00:00+00:00,11865.766492604502
2021-12-28 00:00:00+00:00,11866.90062554389
2021-12-28 01:00:00+00:00,11789.897577527528
2021-12-28 02:00:00+00:00,11764.642581595017
2021-12-28 03:00:00+00:00,11750.832666020768
2021-12-28 04:00:00+00:00,11612.76040260671
2021-12-28 05:00:00+00:00,11613.585507762278
2021-12-28 06:00:00+00:00,11613.733792907393
2021-12-28 07:00:00+00:00,11612.955295895536
2021-12-28 08:00:00+00:00,11612.996815736167
2021-12-28 09:00:00+00:00,11607.290282759424
2021-12-28 10:00:00+00:00,11615.114027066033
2021-12-28 11:00:00+00:00,11624.061677675509
2021-12-28 12:00:00+00:00,11617.497483535908
2021-12-28 13:00:00+00:00,11618.1999249752
2021-12-28 14:00:00+00:00,11643.936287590002
2021-12-28 15:00:00+00:00,11651.16606247763
2021-12-28 16:00:00+00:00,11649.140764000225
2021-12-28 17:00:00+00:00,11619.966700369203
2021-12-28 18:00:00+00:00,11568.971093397402
2021-12-28 19:00:00+00:00,11583.721735268298
2021-12-28 20:00:00+00:00,11619.446526600455
2021-12-28 21:00:00+00:00,11581.994015250675
2021-12-28 22:00:00+00:00,11588.663386071394
2021-12-28 23:00:00+00:00,11555.465153044577
2021-12-29 00:00:00+00:00,11602.503723846983
2021-12-29 01:00:00+00:00,11571.479074068146
2021-12-29 02:00:00+00:00,11602.63376728917
2021-12-29 03:00:00+00:00,11598.936818004147
2021-12-29 04:00:00+00:00,11574.414340334646
2021-12-29 05:00:00+00:00,11573.801278392908
2021-12-29 06:00:00+00:00,11573.745545489115
2021-12-29 07:00:00+00:00,11562.22741203829
2021-12-29 08:00:00+00:00,11562.636119999446
2021-12-29 09:00:00+00:00,11595.94581883385
2021-12-29 10:00:00+00:00,11556.747009831848
2021-12-29 11:00:00+00:00,11552.139756451517
2021-12-29 12:00:00+00:00,11434.914882137466
2021-12-29 13:00:00+00:00,11381.878495067493
2021-12-29 14:00:00+00:00,11385.168536749592
2021-12-29 15:00:00+00:00,11387.556351983883
2021-12-29 16:00:00+00:00,11385.381741457872
2021-12-29 17:00:00+00:00,11374.426053212866
2021-12-29 18:00:00+00:00,11374.029430095414
2021-12-29 19:00:00+00:00,11350.713991008553
2021-12-29 20:00:00+00:00,11385.458740440532
2021-12-29 21:00:00+00:00,11352.540881436333
2021-12-29 22:00:00+00:00,11345.537801463186
2021-12-29 23:00:00+00:00,11124.361463821804
2021-12-30 00:00:00+00:00,11142.407272248327
2021-12-30 01:00:00+00:00,11140.580025623449
2021-12-30 02:00:00+00:00,11144.778026582273
2021-12-30 03:00:00+00:00,11144.276116096122
2021-12-30 04:00:00+00:00,11151.268077026962
2021-12-30 05:00:00+00:00,11156.654918284266
2021-12-30 06:00:00+00:00,11160.482354373195
2021-12-30 07:00:00+00:00,11161.803387085836
2021-12-30 08:00:00+00:00,11159.207996391575
2021-12-30 09:00:00+00:00,11158.114644704567
2021-12-30 10:00:00+00:00,11160.334525647015
2021-12-30 11:00:00+00:00,11166.049767691962
2021-12-30 12:00:00+00:00,11165.278077704961
2021-12-30 13:00:00+00:00,11162.447335852676
2021-12-30 14:00:00+00:00,11162.6891801016
2021-12-30 15:00:00+00:00,11158.555153540361
2021-12-30 16:00:00+00:00,11181.98455407493
2021-12-30 17:00:00+00:00,11174.56963143384
2021-12-30 18:00:00+00:00,11183.539689066716
2021-12-30 19:00:00+00:00,11184.163202395079
2021-12-30 20:00:00+00:00,11178.001065426557
2021-12-30 21:00:00+00:00,11183.912674821519
2021-12-30 22:00:00+00:00,11167.33841640209
2021-12-30 23:00:00+00:00,11172.758864699119
2021-12-31 00:00:00+00:00,11164.12002522573
2021-12-31 01:00:00+00:00,11189.717693746072
2021-12-31 02:00:00+00:00,11180.341513879337
2021-12-31 03:00:00+00:00,11206.148427646442
2021-12-31 04:00:00+00:00,11209.277142288476
2021-12-31 05:00:00+00:00,11203.36845508234
2021-12-31 06:00:00+00:00,11202.28237261106
2021-12-31 07:00:00+00:00,11185.323543564107
2021-12-31 08:00:00+00:00,11221.15140786909
2021-12-31 09:00:00+00:00,11219.960489436497
2021-12-31 10:00:00+00:00,11215.273066505433
2021-12-31 11:00:00+00:00,11218.718685599626
2021-12-31 12:00:00+00:00,11224.882247587704
2021-12-31 13:00:00+00:00,11223.908799955498
2021-12-31 14:00:00+00:00,11225.123199971913
2021-12-31 15:00:00+00:00,11220.511371338145
2021-12-31 16:00:00+00:00,11197.92843128891
2021-12-31 17:00:00+00:00,11171.073183623284
2021-12-31 18:00:00+00:00,11142.16461799288
2021-12-31 19:00:00+00:00,10998.708644120008
2021-12-31 20:00:00+00:00,11033.159368654218
2021-12-31 21:00:00+00:00,11112.761282508702
2021-12-31 22:00:00+00:00,11100.629194646626
2021-12-31 23:00:00+00:00,11090.405937552565
2022-01-01 00:00:00+00:00,11176.321676255087
2022-01-01 01:00:00+00:00,11179.717192525106
2022-01-01 02:00:00+00:00,11186.012663231146
2022-01-01 03:00:00+00:00,11178.010257319096
2022-01-01 04:00:00+00:00,11149.102483668921
2022-01-01 05:00:00+00:00,11199.392832749227
2022-01-01 06:00:00+00:00,11155.911870350963
2022-01-01 07:00:00+00:00,11162.133924489
2022-01-01 08:00:00+00:00,11173.311596967069
2022-01-01 09:00:00+00:00,11168.300916201038
2022-01-01 10:00:00+00:00,11118.230816824733
2022-01-01 11:00:00+00:00,11121.864936940756
2022-01-01 12:00:00+00:00,11163.91427626301
2022-01-01 13:00:00+00:00,11152.442937512942
2022-01-01 14:00:00+00:00,11129.647093148804
2022-01-01 15:00:00+00:00,11180.469712347112
2022-01-01 16:00:00+00:00,11184.727873291136
2022-01-01 17:00:00+00:00,11245.571854021506
2022-01-01 18:00:00+00:00,11230.539811723414
2022-01-01 19:00:00+00:00,11221.417803149361
2022-01-01 20:00:00+00:00,11246.03070757151
2022-01-01 21:00:00+00:00,11223.326633917372
2022-01-01 22:00:00+00:00,11240.285861125474
2022-01-01 23:00:00+00:00,11254.32677975556
2022-01-02 00:00:00+00:00,11247.058539523516
2022-01-02 01:00:00+00:00,11220.298200487352
2022-01-02 02:00:00+00:00,11219.380493387347
2022-01-02 03:00:00+00:00,11241.497234497481
2022-01-02 04:00:00+00:00,11178.707714715101
2022-01-02 05:00:00+00:00,11216.058393685329
2022-01-02 06:00:00+00:00,11204.73388807126
2022-01-02 07:00:00+00:00,11220.701991611355
2022-01-02 08:00:00+00:00,11214.791957887319
2022-01-02 09:00:00+00:00,11232.191684503425
2022-01-02 10:00:00+00:00,11213.250209959311
2022-01-02 11:00:00+00:00,11214.81031202932
2022-01-02 12:00:00+00:00,11233.05432917743
2022-01-02 13:00:00+00:00,11217.141288063334
2022-01-02 14:00:00+00:00,11230.558165865416
2022-01-02 15:00:00+00:00,11289.774795100187
2022-01-02 16:00:00+00:00,11295.406706030588
2022-01-02 17:00:00+00:00,11294.985560815578
2022-01-02 18:00:00+00:00,11283.097924491287
2022-01-02 19:00:00+00:00,11286.697021286689
2022-01-02 20:00:00+00:00,11298.04499314979
2022-01-02 21:00:00+00:00,11299.333194461806
2022-01-02 22:00:00+00:00,11315.19478771586
2022-01-02 23:00:00+00:00,11315.755302790554
2022-01-03 00:00:00+00:00,11294.868741059858
2022-01-03 01:00:00+00:00,11293.639541334653
2022-01-03 02:00:00+00:00,11286.431514146045
2022-01-03 03:00:00+00:00,11273.20532510283
2022-01-03 04:00:00+00:00,11279.961006792562
2022-01-03 05:00:00+00:00,11299.883875938698
2022-01-03 06:00:00+00:00,11291.072972308422
2022-01-03 07:00:00+00:00,11296.687956653162
2022-01-03 08:00:00+00:00,11295.232584178519
2022-01-03 09:00:00+00:00,11296.668289457559
2022-01-03 10:00:00+00:00,11311.526855735847
2022-01-03 11:00:00+00:00,11321.989803796798
2022-01-03 12:00:00+00:00,11306.737893606445
2022-01-03 13:00:00+00:00,11306.924731964677
2022-01-03 14:00:00+00:00,11332.762815432292
2022-01-03 15:00:00+00:00,11329.679741869417
2022-01-03 16:00:00+00:00,11308.386252023325
2022-01-03 17:00:00+00:00,11321.049570604033
2022-01-03 18:00:00+00:00,11311.840789403439
2022-01-03 19:00:00+00:00,11297.903174613351
2022-01-03 20:00:00+00:00,11234.977288166483
2022-01-03 21:00:00+00:00,11280.080110136656
2022-01-03 22:00:00+00:00,11333.051856301128
2022-01-03 23:00:00+00:00,11358.787867195439
2022-01-04 00:00:00+00:00,11316.610433513973
2022-01-04 01:00:00+00:00,11296.52153292381
2022-01-04 02:00:00+00:00,11284.579283264222
2022-01-04 03:00:00+00:00,11318.684126478118
2022-01-04 04:00:00+00:00,11293.892386487125
2022-01-04 05:00:00+00:00,11315.277345179878
2022-01-04 06:00:00+00:00,11335.532881811803
2022-01-04 07:00:00+00:00,11355.047813813675
2022-01-04 08:00:00+00:00,11366.61976115824
2022-01-04 09:00:00+00:00,11360.713439233574
2022-01-04 10:00:00+00:00,11402.068766560997
2022-01-04 11:00:00+00:00,11406.05252342408
2022-01-04 12:00:00+00:00,11405.394061862258
2022-01-04 13:00:00+00:00,11407.756695406437
2022-01-04 14:00:00+00:00,11408.568858775574
2022-01-04 15:00:00+00:00,11404.763158126867
2022-01-04 16:00:00+00:00,11407.651791749882
2022-01-04 17:00:00+00:00,11401.194481702636
2022-01-04 18:00:00+00:00,11332.428037202557
2022-01-04 19:00:00+00:00,11406.942838507402
2022-01-04 20:00:00+00:00,11414.38881668357
2022-01-04 21:00:00+00:00,11432.031750194586
2022-01-04 22:00:00+00:00,11414.847312876684
2022-01-04 23:00:00+00:00,11357.058452696627
2022-01-05 00:00:00+00:00,11402.94475170345
2022-01-05 01:00:00+00:00,11372.133807526207
2022-01-05 02:00:00+00:00,11388.731369716925
2022-01-05 03:00:00+00:00,11401.697642058181
2022-01-05 04:00:00+00:00,11402.926411855726
2022-01-05 05:00:00+00:00,11391.445667180158
2022-01-05 06:00:00+00:00,11419.523974046444
2022-01-05 07:00:00+00:00,11413.233406276922
2022-01-05 08:00:00+00:00,11422.550048920995
2022-01-05 09:00:00+00:00,11451.655387259856
2022-01-05 10:00:00+00:00,11432.875383189916
2022-01-05 11:00:00+00:00,11369.12607249938
2022-01-05 12:00:00+00:00,11366.081657777106
2022-01-05 13:00:00+00:00,11411.032624549978
2022-01-05 14:00:00+00:00,11422.880166180035
2022-01-05 15:00:00+00:00,11422.825146636864
2022-01-05 16:00:00+00:00,11371.308514378601
2022-01-05 17:00:00+00:00,11334.115303193215
2022-01-05 18:00:00+00:00,11288.26568388184
2022-01-05 19:00:00+00:00,11145.554443960576
2022-01-05 20:00:00+00:00,11182.414962752604
2022-01-05 21:00:00+00:00,11200.554944882815
2022-01-05 22:00:00+00:00,11269.052373644612
2022-01-05 23:00:00+00:00,11287.332897964558
2022-01-06 00:00:00+00:00,11293.513728091979
2022-01-06 01:00:00+00:00,11286.374615448427
2022-01-06 02:00:00+00:00,11284.270005388042
2022-01-06 03:00:00+00:00,11203.564996997124
2022-01-06 04:00:00+00:00,11206.708035323012
2022-01-06 05:00:00+00:00,11219.708738000701
2022-01-06 06:00:00+00:00,11183.540624606216
2022-01-06 07:00:00+00:00,11212.058934290962
2022-01-06 08:00:00+00:00,11117.13002297064
2022-01-06 09:00:00+00:00,11032.925602756855
2022-01-06 10:00:00+00:00,11038.429384313546
2022-01-06 11:00:00+00:00,11041.505474837206
2022-01-06 12:00:00+00:00,11047.769361917413
2022-01-06 13:00:00+00:00,11056.335794730614
2022-01-06 14:00:00+00:00,11054.078494544161
2022-01-06 15:00:00+00:00,11077.219948665974
2022-01-06 16:00:00+00:00,11092.901250077115
2022-01-06 17:00:00+00:00,11095.87193147795
2022-01-06 18:00:00+00:00,11098.434950521456
2022-01-06 19:00:00+00:00,11096.410891328245
2022-01-06 20:00:00+00:00,11088.933043338431
2022-01-06 21:00:00+00:00,11090.237743682821
2022-01-06 22:00:00+00:00,11090.913672776904
2022-01-06 23:00:00+00:00,11075.172661098948
2022-01-07 00:00:00+00:00,11014.452500794347
2022-01-07 01:00:00+00:00,11059.48826595505
2022-01-07 02:00:00+00:00,11003.28288064052
2022-01-07 03:00:00+00:00,10843.342322825081
2022-01-07 04:00:00+00:00,10909.655203923605
2022-01-07 05:00:00+00:00,10912.236414625173
2022-01-07 06:00:00+00:00,10970.246010816481
2022-01-07 07:00:00+00:00,11006.526750484303
2022-01-07 08:00:00+00:00,11012.017362957698
2022-01-07 09:00:00+00:00,11017.51071442642
2022-01-07 10:00:00+00:00,11005.591188045371
2022-01-07 11:00:00+00:00,11010.209419614208
2022-01-07 12:00:00+00:00,11019.080848879372
2022-01-07 13:00:00+00:00,11084.888729087967
2022-01-07 14:00:00+00:00,11090.418432481405
2022-01-07 15:00:00+00:00,11158.242317124234
2022-01-07 16:00:00+00:00,11176.343086672796
2022-01-07 17:00:00+00:00,11176.777828067263
2022-01-07 18:00:00+00:00,11158.93649385321
2022-01-07 19:00:00+00:00,11222.438641741777
2022-01-07 20:00:00+00:00,11238.415043400593
2022-01-07 21:00:00+00:00,11237.84439258439
2022-01-07 22:00:00+00:00,11229.874404598895
2022-01-07 23:00:00+00:00,11250.281991708482
2022-01-08 00:00:00+00:00,11275.582670276646
2022-01-08 01:00:00+00:00,11271.889317416935
2022-01-08 02:00:00+00:00,11275.904222240062
2022-01-08 03:00:00+00:00,11268.474586742015
2022-01-08 04:00:00+00:00,11286.163640537521
2022-01-08 05:00:00+00:00,11282.646791132489
2022-01-08 06:00:00+00:00,11287.083611077247
2022-01-08 07:00:00+00:00,11283.182470180938
2022-01-08 08:00:00+00:00,11282.146047674156
2022-01-08 09:00:00+00:00,11312.05091281363
2022-01-08 10:00:00+00:00,11312.873217732005
2022-01-08 11:00:00+00:00,11318.783053941177
2022-01-08 12:00:00+00:00,11308.19247656294
2022-01-08 13:00:00+00:00,11318.88120676672
2022-01-08 14:00:00+00:00,11290.620630902373
2022-01-08 15:00:00+00:00,11272.853288767352
2022-01-08 16:00:00+00:00,11208.135798013329
2022-01-08 17:00:00+00:00,11052.85182113215
2022-01-08 18:00:00+00:00,11070.781627456727
2022-01-08 19:00:00+00:00,11076.304293514051
2022-01-08 20:00:00+00:00,11094.272144163699
2022-01-08 21:00:00+00:00,11099.806528479377
2022-01-08 22:00:00+00:00,11105.343673625994
2022-01-08 23:00:00+00:00,11090.123332615229
2022-01-09 00:00:00+00:00,11136.520442133942
2022-01-09 01:00:00+00:00,11142.071207570742
2022-01-09 02:00:00+00:00,11145.41050982794
2022-01-09 03:00:00+00:00,11142.464534040144
2022-01-09 04:00:00+00:00,11146.084028852803
2022-01-09 05:00:00+00:00,11142.9058051254
2022-01-09 06:00:00+00:00,11145.603454270076
2022-01-09 07:00:00+00:00,11143.704380733128
2022-01-09 08:00:00+00:00,11140.143841166677
2022-01-09 09:00:00+00:00,11137.908212938019
2022-01-09 10:00:00+00:00,11143.738883190981
2022-01-09 11:00:00+00:00,11156.3574108055
2022-01-09 12:00:00+00:00,11145.45481617834
2022-01-09 13:00:00+00:00,11131.021134961547
2022-01-09 14:00:00+00:00,11138.52688265455
2022-01-09 15:00:00+00:00,11151.634529928146
2022-01-09 16:00:00+00:00,11178.920206621777
2022-01-09 17:00:00+00:00,11179.543426727045
2022-01-09 18:00:00+00:00,11179.891538423266
2022-01-09 19:00:00+00:00,11184.496817674202
2022-01-09 20:00:00+00:00,11182.49564338568
2022-01-09 21:00:00+00:00,11181.311745350678
2022-01-09 22:00:00+00:00,11177.046038053773
2022-01-09 23:00:00+00:00,11153.910319844033
2022-01-10 00:00:00+00:00,11131.069727605303
2022-01-10 01:00:00+00:00,11160.23277773047
2022-01-10 02:00:00+00:00,11164.601331797803
2022-01-10 03:00:00+00:00,11167.00206871769
2022-01-10 04:00:00+00:00,11206.633906067278
2022-01-10 05:00:00+00:00,11204.311881833291
2022-01-10 06:00:00+00:00,11179.615776632827
2022-01-10 07:00:00+00:00,11183.138169326758
2022-01-10 08:00:00+00:00,11147.776495187129
2022-01-10 09:00:00+00:00,11149.213001704768
2022-01-10 10:00:00+00:00,11135.379247158211
2022-01-10 11:00:00+00:00,11064.06153351336
2022-01-10 12:00:00+00:00,10927.426095955176
2022-01-10 13:00:00+00:00,10924.987418717437
2022-01-10 14:00:00+00:00,10994.25319463384
2022-01-10 15:00:00+00:00,10993.217857020234
2022-01-10 16:00:00+00:00,11012.087942955195
2022-01-10 17:00:00+00:00,11079.432794447206
2022-01-10 18:00:00+00:00,11084.959776144377
2022-01-10 19:00:00+00:00,11083.708255594804
2022-01-10 20:00:00+00:00,11102.94166761622
2022-01-10 21:00:00+00:00,11100.941877154848
2022-01-10 22:00:00+00:00,11097.792484782858
2022-01-10 23:00:00+00:00,11109.518014758323
2022-01-11 00:00:00+00:00,11093.102272792672
2022-01-11 01:00:00+00:00,11114.84886973965
2022-01-11 02:00:00+00:00,11120.952729101078
2022-01-11 03:00:00+00:00,11121.21504653364
2022-01-11 04:00:00+00:00,11120.85311165562
2022-01-11 05:00:00+00:00,11119.514130899997
2022-01-11 06:00:00+00:00,11119.054134848133
2022-01-11 07:00:00+00:00,11122.889218210777
2022-01-11 08:00:00+00:00,11118.972120048187
2022-01-11 09:00:00+00:00,11121.741011011547
2022-01-11 10:00:00+00:00,11114.777670534775
2022-01-11 11:00:00+00:00,11124.813751377056
2022-01-11 12:00:00+00:00,11131.220999738352
2022-01-11 13:00:00+00:00,11126.322367127581
2022-01-11 14:00:00+00:00,11127.382475492814
2022-01-11 15:00:00+00:00,11138.9930079182
2022-01-11 16:00:00+00:00,11144.549701263595
2022-01-11 17:00:00+00:00,11150.1091665688
2022-01-11 18:00:00+00:00,11149.88255608999
2022-01-11 19:00:00+00:00,11150.502984176586
2022-01-11 20:00:00+00:00,11151.02517781614
2022-01-11 21:00:00+00:00,11149.344851748272
2022-01-11 22:00:00+00:00,11149.641278500758
2022-01-11 23:00:00+00:00,11150.940730659908
2022-01-12 00:00:00+00:00,11149.813619635925
2022-01-12 01:00:00+00:00,11149.427575493151
2022-01-12 02:00:00+00:00,11149.094957102283
2022-01-12 03:00:00+00:00,11150.044556757046
2022-01-12 04:00:00+00:00,11148.817487874665
2022-01-12 05:00:00+00:00,11149.265574826097
2022-01-12 06:00:00+00:00,11150.153131672201
2022-01-12 07:00:00+00:00,11148.752172519395
2022-01-12 08:00:00+00:00,11156.904882370685
2022-01-12 09:00:00+00:00,11168.196742616117
2022-01-12 10:00:00+00:00,11165.336186528259
2022-01-12 11:00:00+00:00,11169.504336909406
2022-01-12 12:00:00+00:00,11173.768004262089
2022-01-12 13:00:00+00:00,11179.342045135276
2022-01-12 14:00:00+00:00,11179.687696627345
2022-01-12 15:00:00+00:00,11177.3549072852
2022-01-12 16:00:00+00:00,11185.801262469584
2022-01-12 17:00:00+00:00,11191.950137610787
2022-01-12 18:00:00+00:00,11186.975827527367
2022-01-12 19:00:00+00:00,11192.26407665849
2022-01-12 20:00:00+00:00,11192.242425689683
2022-01-12 21:00:00+00:00,11197.477042414643
2022-01-12 22:00:00+00:00,11196.297486227682
2022-01-12 23:00:00+00:00,11197.68637210416
2022-01-13 00:00:00+00:00,11194.77735395857
2022-01-13 01:00:00+00:00,11186.296126393458
2022-01-13 02:00:00+00:00,11186.979999152423
2022-01-13 03:00:00+00:00,11195.970559649646
2022-01-13 04:00:00+00:00,11194.7256734974
2022-01-13 05:00:00+00:00,11194.825708991777
2022-01-13 06:00:00+00:00,11198.727093272477
2022-01-13 07:00:00+00:00,11198.137995361145
2022-01-13 08:00:00+00:00,11217.6671468745
2022-01-13 09:00:00+00:00,11222.99125818634
2022-01-13 10:00:00+00:00,11234.509279350048
2022-01-13 11:00:00+00:00,11229.09660562137
2022-01-13 12:00:00+00:00,11247.248924484806
2022-01-13 13:00:00+00:00,11250.406324515821
2022-01-13 14:00:00+00:00,11252.7337682684
2022-01-13 15:00:00+00:00,11321.550298651084
2022-01-13 16:00:00+00:00,11320.958527127024
2022-01-13 17:00:00+00:00,11329.569138732331
2022-01-13 18:00:00+00:00,11316.825403747862
2022-01-13 19:00:00+00:00,11317.868281341016
2022-01-13 20:00:00+00:00,11352.075489874034
2022-01-13 21:00:00+00:00,11341.307465612517
2022-01-13 22:00:00+00:00,11296.592133266218
2022-01-13 23:00:00+00:00,11284.026216264449
2022-01-14 00:00:00+00:00,11338.078991552062
2022-01-14 01:00:00+00:00,11318.901468989361
2022-01-14 02:00:00+00:00,11346.333832413226
2022-01-14 03:00:00+00:00,11333.94190503148
2022-01-14 04:00:00+00:00,11345.328559053083
2022-01-14 05:00:00+00:00,11384.428717359206
2022-01-14 06:00:00+00:00,11381.576159800488
2022-01-14 07:00:00+00:00,11371.019122734708
2022-01-14 08:00:00+00:00,11359.890492295772
2022-01-14 09:00:00+00:00,11366.30266851054
2022-01-14 10:00:00+00:00,11309.007985626304
2022-01-14 11:00:00+00:00,11262.763094780874
2022-01-14 12:00:00+00:00,11282.267586648133
2022-01-14 13:00:00+00:00,11279.120319574053
2022-01-14 14:00:00+00:00,11421.282587410056
2022-01-14 15:00:00+00:00,11454.050633317695
2022-01-14 16:00:00+00:00,11456.472826662966
2022-01-14 17:00:00+00:00,11453.729250719756
2022-01-14 18:00:00+00:00,11455.837545719372
2022-01-14 19:00:00+00:00,11459.764493348555
2022-01-14 20:00:00+00:00,11458.355726032525
2022-01-14 21:00:00+00:00,11463.176596733429
2022-01-14 22:00:00+00:00,11460.139759662328
2022-01-14 23:00:00+00:00,11459.08941202577
2022-01-15 00:00:00+00:00,11460.30414685421
2022-01-15 01:00:00+00:00,11458.283049589798
2022-01-15 02:00:00+00:00,11460.537749705834
2022-01-15 03:00:00+00:00,11459.101524766225
2022-01-15 04:00:00+00:00,11458.592789667135
2022-01-15 05:00:00+00:00,11459.227843345252
2022-01-15 06:00:00+00:00,11460.889019179016
2022-01-15 07:00:00+00:00,11460.14495083681
2022-01-15 08:00:00+00:00,11459.880200938303
2022-01-15 09:00:00+00:00,11463.050278154402
2022-01-15 10:00:00+00:00,11461.776710015183
2022-01-15 11:00:00+00:00,11461.013607366549
2022-01-15 12:00:00+00:00,11497.664165956425
2022-01-15 13:00:00+00:00,11500.577679239625
2022-01-15 14:00:00+00:00,11503.399782624212
2022-01-15 15:00:00+00:00,11506.827678338075
2022-01-15 16:00:00+00:00,11506.247698483428
2022-01-15 17:00:00+00:00,11504.748700105394
2022-01-15 18:00:00+00:00,11503.630044599398
2022-01-15 19:00:00+00:00,11504.655765647973
2022-01-15 20:00:00+00:00,11504.946616079531
2022-01-15 21:00:00+00:00,11501.89871007781
2022-01-15 22:00:00+00:00,11502.633580694826
2022-01-15 23:00:00+00:00,11500.644094902624
2022-01-16 00:00:00+00:00,11506.3956637182
2022-01-16 01:00:00+00:00,11500.295279042737
2022-01-16 02:00:00+00:00,11490.512173664572
2022-01-16 03:00:00+00:00,11496.100913173708
2022-01-16 04:00:00+00:00,11498.175606210802
2022-01-16 05:00:00+00:00,11491.82221018935
2022-01-16 06:00:00+00:00,11507.778792409596
2022-01-16 07:00:00+00:00,11506.30008165416
2022-01-16 08:00:00+00:00,11494.925816033458
2022-01-16 09:00:00+00:00,11499.120181902486
2022-01-16 10:00:00+00:00,11491.614178638205
2022-01-16 11:00:00+00:00,11503.755324675894
2022-01-16 12:00:00+00:00,11526.933439603725
2022-01-16 13:00:00+00:00,11567.288169728312
2022-01-16 14:00:00+00:00,11568.496538873884
2022-01-16 15:00:00+00:00,11568.963545707955
2022-01-16 16:00:00+00:00,11573.058518372154
2022-01-16 17:00:00+00:00,11565.91357273998
2022-01-16 18:00:00+00:00,11566.305722492132
2022-01-16 19:00:00+00:00,11546.81038714547
2022-01-16 20:00:00+00:00,11560.577472491192
2022-01-16 21:00:00+00:00,11556.780051449998
2022-01-16 22:00:00+00:00,11578.268177160446
2022-01-16 23:00:00+00:00,11576.53581892111
2022-01-17 00:00:00+00:00,11552.581090419553
2022-01-17 01:00:00+00:00,11545.68607517557
2022-01-17 02:00:00+00:00,11551.995989292358
2022-01-17 03:00:00+00:00,11431.160824283475
2022-01-17 04:00:00+00:00,11422.348776970997
2022-01-17 05:00:00+00:00,11447.120658156928
2022-01-17 06:00:00+00:00,11463.485888880105
2022-01-17 07:00:00+00:00,11457.78899630763
2022-01-17 08:00:00+00:00,11459.581277116948
2022-01-17 09:00:00+00:00,11464.360692608463
2022-01-17 10:00:00+00:00,11463.464552203804
2022-01-17 11:00:00+00:00,11426.296062086756
2022-01-17 12:00:00+00:00,11434.980089341429
2022-01-17 13:00:00+00:00,11451.836063619538
2022-01-17 14:00:00+00:00,11426.530765526071
2022-01-17 15:00:00+00:00,11385.137613501345
2022-01-17 16:00:00+00:00,11366.38267503241
2022-01-17 17:00:00+00:00,11305.576211520121
2022-01-17 18:00:00+00:00,11317.725773882155
2022-01-17 19:00:00+00:00,11319.020044471057
2022-01-17 20:00:00+00:00,11312.916839605165
2022-01-17 21:00:00+00:00,11286.769458801467
2022-01-17 22:00:00+00:00,11368.365912224737
2022-01-17 23:00:00+00:00,11370.837215534639
2022-01-18 00:00:00+00:00,11374.037028381072
2022-01-18 01:00:00+00:00,11372.588416684457
2022-01-18 02:00:00+00:00,11371.74898269214
2022-01-18 03:00:00+00:00,11350.590646335106
2022-01-18 04:00:00+00:00,11348.482764251869
2022-01-18 05:00:00+00:00,11347.152054956448
2022-01-18 06:00:00+00:00,11400.320842774952
2022-01-18 07:00:00+00:00,11373.905270194224
2022-01-18 08:00:00+00:00,11312.851533267036
2022-01-18 09:00:00+00:00,11334.18683085377
2022-01-18 10:00:00+00:00,11354.485391608167
2022-01-18 11:00:00+00:00,11346.186411537059
2022-01-18 12:00:00+00:00,11328.23083460221
2022-01-18 13:00:00+00:00,11276.553808301906
2022-01-18 14:00:00+00:00,11233.635600018606
2022-01-18 15:00:00+00:00,11226.475266289708
2022-01-18 16:00:00+00:00,11259.452216123715
2022-01-18 17:00:00+00:00,11199.279136346922
2022-01-18 18:00:00+00:00,11207.293454832477
2022-01-18 19:00:00+00:00,11250.84667742201
2022-01-18 20:00:00+00:00,11242.700976666201
2022-01-18 21:00:00+00:00,11327.924275971614
2022-01-18 22:00:00+00:00,11363.70404757106
2022-01-18 23:00:00+00:00,11321.311368368779
2022-01-19 00:00:00+00:00,11306.268098424582
2022-01-19 01:00:00+00:00,11345.025868149807
2022-01-19 02:00:00+00:00,11316.866268225152
2022-01-19 03:00:00+00:00,11188.899936996777
2022-01-19 04:00:00+00:00,11193.191757825107
2022-01-19 05:00:00+00:00,11203.395780814912
2022-01-19 06:00:00+00:00,11190.257553789412
2022-01-19 07:00:00+00:00,11112.609808595524
2022-01-19 08:00:00+00:00,11112.465680368994
2022-01-19 09:00:00+00:00,11116.406675618859
2022-01-19 10:00:00+00:00,11174.327798981358
2022-01-19 11:00:00+00:00,11179.902119108476
2022-01-19 12:00:00+00:00,11179.737253076793
2022-01-19 13:00:00+00:00,11180.398315024095
2022-01-19 14:00:00+00:00,11185.479219988534
2022-01-19 15:00:00+00:00,11173.641970824536
2022-01-19 16:00:00+00:00,11149.489342388468
2022-01-19 17:00:00+00:00,11247.601917613192
2022-01-19 18:00:00+00:00,11245.65966421091
2022-01-19 19:00:00+00:00,11241.14489106716
2022-01-19 20:00:00+00:00,11227.294380569117
2022-01-19 21:00:00+00:00,11233.700800019149
2022-01-19 22:00:00+00:00,11249.818253793808
2022-01-19 23:00:00+00:00,11192.942515543811
2022-01-20 00:00:00+00:00,11250.640104219332
2022-01-20 01:00:00+00:00,11251.646340505964
2022-01-20 02:00:00+00:00,11270.825204129182
2022-01-20 03:00:00+00:00,11275.695387756485
2022-01-20 04:00:00+00:00,11273.481667925893
2022-01-20 05:00:00+00:00,11281.974302185074
2022-01-20 06:00:00+00:00,11310.069636625336
2022-01-20 07:00:00+00:00,11308.449628239216
2022-01-20 08:00:00+00:00,11308.346829139393
2022-01-20 09:00:00+00:00,11316.428272216017
2022-01-20 10:00:00+00:00,11313.652293584759
2022-01-20 11:00:00+00:00,11320.923831690741
2022-01-20 12:00:00+00:00,11311.621662281555
2022-01-20 13:00:00+00:00,11328.416698667228
2022-01-20 14:00:00+00:00,11334.067886134408
2022-01-20 15:00:00+00:00,11339.721892699847
2022-01-20 16:00:00+00:00,11337.59864591799
2022-01-20 17:00:00+00:00,11330.109179044368
2022-01-20 18:00:00+00:00,11308.8066810409
2022-01-20 19:00:00+00:00,11316.7775917204
2022-01-20 20:00:00+00:00,11290.461497272117
2022-01-20 21:00:00+00:00,11079.08339115878
2022-01-20 22:00:00+00:00,11115.724077236047
2022-01-20 23:00:00+00:00,11177.459363865099
2022-01-21 00:00:00+00:00,11195.591307081035
2022-01-21 01:00:00+00:00,11264.058380523085
2022-01-21 02:00:00+00:00,11282.33080364608
2022-01-21 03:00:00+00:00,11351.328335848077
2022-01-21 04:00:00+00:00,11356.990952799211
2022-01-21 05:00:00+00:00,11355.660268324604
2022-01-21 06:00:00+00:00,11352.182657753603
2022-01-21 07:00:00+00:00,11375.414130048754
2022-01-21 08:00:00+00:00,11376.713964849438
2022-01-21 09:00:00+00:00,11372.146919532825
2022-01-21 10:00:00+00:00,11375.635066233088
2022-01-21 11:00:00+00:00,11360.683134544237
2022-01-21 12:00:00+00:00,11112.499878982595
2022-01-21 13:00:00+00:00,11130.526445685597
2022-01-21 14:00:00+00:00,11148.582254873245
2022-01-21 15:00:00+00:00,11154.143731820237
2022-01-21 16:00:00+00:00,11191.03265705971
2022-01-21 17:00:00+00:00,11181.771234227283
2022-01-21 18:00:00+00:00,11162.685626279894
2022-01-21 19:00:00+00:00,11117.384762427904
2022-01-21 20:00:00+00:00,11125.32106074092
2022-01-21 21:00:00+00:00,10977.282810914108
2022-01-21 22:00:00+00:00,11044.414810269394
2022-01-21 23:00:00+00:00,10790.563811648368
2022-01-22 00:00:00+00:00,10808.068137446522
2022-01-22 01:00:00+00:00,10810.9173859375
2022-01-22 02:00:00+00:00,10807.946492510127
2022-01-22 03:00:00+00:00,10843.812523308074
2022-01-22 04:00:00+00:00,10841.448610343705
2022-01-22 05:00:00+00:00,10910.128279935914
2022-01-22 06:00:00+00:00,10946.210198561675
2022-01-22 07:00:00+00:00,11013.152172149352
2022-01-22 08:00:00+00:00,11018.64608971832
2022-01-22 09:00:00+00:00,11086.03104781156
2022-01-22 10:00:00+00:00,11153.828101233052
2022-01-22 11:00:00+00:00,11215.775012658367
2022-01-22 12:00:00+00:00,11221.370008752896
2022-01-22 13:00:00+00:00,11239.573183300907
2022-01-22 14:00:00+00:00,11301.996311766306
2022-01-22 15:00:00+00:00,11339.374214277295
2022-01-22 16:00:00+00:00,11357.76881386065
2022-01-22 17:00:00+00:00,11427.227690143905
2022-01-22 18:00:00+00:00,11490.693027347726
2022-01-22 19:00:00+00:00,11496.425166458834
2022-01-22 20:00:00+00:00,11515.074532251063
2022-01-22 21:00:00+00:00,11533.7541508253
2022-01-22 22:00:00+00:00,11604.289272271508
2022-01-22 23:00:00+00:00,11610.078078937553
2022-01-23 00:00:00+00:00,11615.869773353279
2022-01-23 01:00:00+00:00,11614.542385696363
2022-01-23 02:00:00+00:00,11680.38280416629
2022-01-23 03:00:00+00:00,11684.98921591148
2022-01-23 04:00:00+00:00,11686.209570136378
2022-01-23 05:00:00+00:00,11705.166801957792
2022-01-23 06:00:00+00:00,11708.307254466816
2022-01-23 07:00:00+00:00,11724.154785977873
2022-01-23 08:00:00+00:00,11730.00338762735
2022-01-23 09:00:00+00:00,11735.85490685527
2022-01-23 10:00:00+00:00,11742.345211132566
2022-01-23 11:00:00+00:00,11711.45743143148
2022-01-23 12:00:00+00:00,11716.0244105564
2022-01-23 13:00:00+00:00,11742.101462462893
2022-01-23 14:00:00+00:00,11464.60996858912
2022-01-23 15:00:00+00:00,11463.796710142053
2022-01-23 16:00:00+00:00,11483.207724141275
2022-01-23 17:00:00+00:00,11485.186639216812
2022-01-23 18:00:00+00:00,11501.835648753915
2022-01-23 19:00:00+00:00,11539.874458864744
2022-01-23 20:00:00+00:00,11545.631132162473
2022-01-23 21:00:00+00:00,11550.922612561662
2022-01-23 22:00:00+00:00,11564.360319293966
2022-01-23 23:00:00+00:00,11570.129207377862
2022-01-24 00:00:00+00:00,11634.38820103311
2022-01-24 01:00:00+00:00,11672.865388244762
2022-01-24 02:00:00+00:00,11663.710272518687
2022-01-24 03:00:00+00:00,11681.593175577027
2022-01-24 04:00:00+00:00,11665.322601879821
2022-01-24 05:00:00+00:00,11676.356084106916
2022-01-24 06:00:00+00:00,11669.02211194492
2022-01-24 07:00:00+00:00,11563.9835373645
2022-01-24 08:00:00+00:00,11557.04558755458
2022-01-24 09:00:00+00:00,11404.569730531915
2022-01-24 10:00:00+00:00,11142.440730066744
2022-01-24 11:00:00+00:00,11160.515866466492
2022-01-24 12:00:00+00:00,11228.768434689235
2022-01-24 13:00:00+00:00,11246.983610876849
2022-01-24 14:00:00+00:00,11265.228335509197
2022-01-24 15:00:00+00:00,11327.793949355135
2022-01-24 16:00:00+00:00,11390.707044487675
2022-01-24 17:00:00+00:00,11453.969550772723
2022-01-24 18:00:00+00:00,11472.550045564149
2022-01-24 19:00:00+00:00,11510.492002482777
2022-01-24 20:00:00+00:00,11516.23401832451
2022-01-24 21:00:00+00:00,11505.414607502173
2022-01-24 22:00:00+00:00,11458.987815384316
2022-01-24 23:00:00+00:00,11529.567448185244
2022-01-25 00:00:00+00:00,11390.82347012819
2022-01-25 01:00:00+00:00,11401.53738251346
2022-01-25 02:00:00+00:00,11456.616764071332
2022-01-25 03:00:00+00:00,11471.366540471648
2022-01-25 04:00:00+00:00,11365.272676363864
2022-01-25 05:00:00+00:00,11408.360605848251
2022-01-25 06:00:00+00:00,11323.200971631468
2022-01-25 07:00:00+00:00,11377.26412843735
2022-01-25 08:00:00+00:00,11383.245336977634
2022-01-25 09:00:00+00:00,11501.156443201418
2022-01-25 10:00:00+00:00,11509.286241217342
2022-01-25 11:00:00+00:00,11496.24952939895
2022-01-25 12:00:00+00:00,11586.66199471998
2022-01-25 13:00:00+00:00,11601.232649122583
2022-01-25 14:00:00+00:00,11651.012809327083
2022-01-25 15:00:00+00:00,11669.91294537677
2022-01-25 16:00:00+00:00,11675.734488451519
2022-01-25 17:00:00+00:00,11681.558935606523
2022-01-25 18:00:00+00:00,11684.75722627506
2022-01-25 19:00:00+00:00,11677.604127419849
2022-01-25 20:00:00+00:00,11651.711621094266
2022-01-25 21:00:00+00:00,11583.130210613861
2022-01-25 22:00:00+00:00,11655.539592669655
2022-01-25 23:00:00+00:00,11717.734393344097
2022-01-26 00:00:00+00:00,11614.79833971021
2022-01-26 01:00:00+00:00,11678.983374006233
2022-01-26 02:00:00+00:00,11676.846799677183
2022-01-26 03:00:00+00:00,11752.997962954363
2022-01-26 04:00:00+00:00,11757.782459173883
2022-01-26 05:00:00+00:00,11752.341560965566
2022-01-26 06:00:00+00:00,11740.635079960863
2022-01-26 07:00:00+00:00,11748.49645342826
2022-01-26 08:00:00+00:00,11768.76563014174
2022-01-26 09:00:00+00:00,11772.06353812167
2022-01-26 10:00:00+00:00,11777.936039080902
2022-01-26 11:00:00+00:00,11782.119113577108
2022-01-26 12:00:00+00:00,11778.758472004027
2022-01-26 13:00:00+00:00,11783.81146954076
2022-01-26 14:00:00+00:00,11789.689830962627
2022-01-26 15:00:00+00:00,11855.168235781312
2022-01-26 16:00:00+00:00,11856.711913879957
2022-01-26 17:00:00+00:00,11861.082193568833
2022-01-26 18:00:00+00:00,11900.309101955318
2022-01-26 19:00:00+00:00,11939.665741366043
2022-01-26 20:00:00+00:00,12012.68323090861
2022-01-26 21:00:00+00:00,12086.147261744252
2022-01-26 22:00:00+00:00,12090.593891256327
2022-01-26 23:00:00+00:00,12092.176443557462
2022-01-27 00:00:00+00:00,12111.792230069777
2022-01-27 01:00:00+00:00,12185.862365838893
2022-01-27 02:00:00+00:00,12213.065799767892
2022-01-27 03:00:00+00:00,12226.163385495787
2022-01-27 04:00:00+00:00,12232.26241443634
2022-01-27 05:00:00+00:00,12230.70130005684
2022-01-27 06:00:00+00:00,12245.202981318564
2022-01-27 07:00:00+00:00,12252.105446764243
2022-01-27 08:00:00+00:00,12271.98066822598
2022-01-27 09:00:00+00:00,12271.79413520616
2022-01-27 10:00:00+00:00,12266.356066006805
2022-01-27 11:00:00+00:00,12291.888131038388
2022-01-27 12:00:00+00:00,12291.44098544431
2022-01-27 13:00:00+00:00,12298.01994680769
2022-01-27 14:00:00+00:00,12304.154821436967
2022-01-27 15:00:00+00:00,12324.114476782583
2022-01-27 16:00:00+00:00,12329.832561870302
2022-01-27 17:00:00+00:00,12364.872723090615
2022-01-27 18:00:00+00:00,12405.765764855572
2022-01-27 19:00:00+00:00,12446.794047872281
2022-01-27 20:00:00+00:00,12515.921924096896
2022-01-27 21:00:00+00:00,12536.225105547634
2022-01-27 22:00:00+00:00,12577.68484300686
2022-01-27 23:00:00+00:00,12583.959228637405
2022-01-28 00:00:00+00:00,12585.3085538174
2022-01-28 01:00:00+00:00,12625.576832136407
2022-01-28 02:00:00+00:00,12667.332073153899
2022-01-28 03:00:00+00:00,12673.651179358993
2022-01-28 04:00:00+00:00,12676.01900223314
2022-01-28 05:00:00+00:00,12682.383420272015
2022-01-28 06:00:00+00:00,12694.21022735389
2022-01-28 07:00:00+00:00,12714.802625994822
2022-01-28 08:00:00+00:00,12717.732574384878
2022-01-28 09:00:00+00:00,12721.145412913682
2022-01-28 10:00:00+00:00,12723.79950231924
2022-01-28 11:00:00+00:00,12741.78150549607
2022-01-28 12:00:00+00:00,12783.921057995563
2022-01-28 13:00:00+00:00,12790.298324685697
2022-01-28 14:00:00+00:00,12861.333979012756
2022-01-28 15:00:00+00:00,12867.749863184987
2022-01-28 16:00:00+00:00,12874.168947924887
2022-01-28 17:00:00+00:00,12895.053273487349
2022-01-28 18:00:00+00:00,12901.48597854986
2022-01-28 19:00:00+00:00,12944.153704839158
2022-01-28 20:00:00+00:00,12950.61090368131
2022-01-28 21:00:00+00:00,12957.071323700979
2022-01-28 22:00:00+00:00,12949.175706954862
2022-01-28 23:00:00+00:00,12978.090132523106
2022-01-29 00:00:00+00:00,12984.56426057257
2022-01-29 01:00:00+00:00,12967.926065742126
2022-01-29 02:00:00+00:00,12964.304061635903
2022-01-29 03:00:00+00:00,12985.9206658489
2022-01-29 04:00:00+00:00,12981.126387641787
2022-01-29 05:00:00+00:00,12972.655931445472
2022-01-29 06:00:00+00:00,12987.953575336016
2022-01-29 07:00:00+00:00,13027.506742917398
2022-01-29 08:00:00+00:00,13023.893085317604
2022-01-29 09:00:00+00:00,13019.882794667425
2022-01-29 10:00:00+00:00,13021.786870489133
2022-01-29 11:00:00+00:00,13024.378069324766
2022-01-29 12:00:00+00:00,13048.63981124878
2022-01-29 13:00:00+00:00,13055.149133047806
2022-01-29 14:00:00+00:00,13134.98840459427
2022-01-29 15:00:00+00:00,13144.438303535971
2022-01-29 16:00:00+00:00,13156.295828414037
2022-01-29 17:00:00+00:00,13157.207228718738
2022-01-29 18:00:00+00:00,13162.85885448182
2022-01-29 19:00:00+00:00,13161.673114528388
2022-01-29 20:00:00+00:00,13169.425154519093
2022-01-29 21:00:00+00:00,13171.005841836843
2022-01-29 22:00:00+00:00,13167.325240706017
2022-01-29 23:00:00+00:00,13173.621474156153
2022-01-30 00:00:00+00:00,13212.979007836046
2022-01-30 01:00:00+00:00,13215.617465338659
2022-01-30 02:00:00+00:00,13215.404205342085
2022-01-30 03:00:00+00:00,13212.788558637134
2022-01-30 04:00:00+00:00,13217.89909036223
2022-01-30 05:00:00+00:00,13219.570310341893
2022-01-30 06:00:00+00:00,13221.613754164617
2022-01-30 07:00:00+00:00,13222.376669932011
2022-01-30 08:00:00+00:00,13219.332610674068
2022-01-30 09:00:00+00:00,13220.087922629828
2022-01-30 10:00:00+00:00,13224.462648923925
2022-01-30 11:00:00+00:00,13226.16490092295
2022-01-30 12:00:00+00:00,13225.254626653295
2022-01-30 13:00:00+00:00,13220.940044004228
2022-01-30 14:00:00+00:00,13221.107791877384
2022-01-30 15:00:00+00:00,13246.706353148202
2022-01-30 16:00:00+00:00,13214.594548477118
2022-01-30 17:00:00+00:00,13248.826944022709
2022-01-30 18:00:00+00:00,13213.601573385087
2022-01-30 19:00:00+00:00,13132.746076287653
2022-01-30 20:00:00+00:00,13180.229052635023
2022-01-30 21:00:00+00:00,13130.993243937322
2022-01-30 22:00:00+00:00,13181.042867654818
2022-01-30 23:00:00+00:00,13307.0500260396
2022-01-31 00:00:00+00:00,13380.955652145149
2022-01-31 01:00:00+00:00,13376.892623712454
2022-01-31 02:00:00+00:00,13370.05244046451
2022-01-31 03:00:00+00:00,13369.735420087367
2022-01-31 04:00:00+00:00,13355.876883922512
2022-01-31 05:00:00+00:00,13384.844194448724
2022-01-31 06:00:00+00:00,13377.713779549966
2022-01-31 07:00:00+00:00,13446.106342453906
2022-01-31 08:00:00+00:00,13455.27174049134
2022-01-31 09:00:00+00:00,13457.311856989127
2022-01-31 10:00:00+00:00,13459.95041159216
2022-01-31 11:00:00+00:00,13461.983910872248
2022-01-31 12:00:00+00:00,13506.505312963065
2022-01-31 13:00:00+00:00,13528.415407145301
2022-01-31 14:00:00+00:00,13535.164065288205
2022-01-31 15:00:00+00:00,13541.916090003273
2022-01-31 16:00:00+00:00,13548.67148296992
2022-01-31 17:00:00+00:00,13548.508274966125
2022-01-31 18:00:00+00:00,13546.579929077301
2022-01-31 19:00:00+00:00,13570.649978617577
2022-01-31 20:00:00+00:00,13572.880701495624
2022-01-31 21:00:00+00:00,13571.779902163795
2022-01-31 22:00:00+00:00,13577.419705501801
2022-01-31 23:00:00+00:00,13578.497048424426
2022-02-01 00:00:00+00:00,13579.030998186048
2022-02-01 01:00:00+00:00,13577.889712202674
2022-02-01 02:00:00+00:00,13584.192809468343
2022-02-01 03:00:00+00:00,13590.969292201862
2022-02-01 04:00:00+00:00,13588.399905387736
2022-02-01 05:00:00+00:00,13583.882449390432
2022-02-01 06:00:00+00:00,13584.188733143399
2022-02-01 07:00:00+00:00,13586.977527315154
2022-02-01 08:00:00+00:00,13610.319573330762
2022-02-01 09:00:00+00:00,13613.016402858546
2022-02-01 10:00:00+00:00,13612.474957746826
2022-02-01 11:00:00+00:00,13619.807264258921
2022-02-01 12:00:00+00:00,13624.034003454202
2022-02-01 13:00:00+00:00,13626.60151328458
2022-02-01 14:00:00+00:00,13618.622110897471
2022-02-01 15:00:00+00:00,13659.475892311779
2022-02-01 16:00:00+00:00,13702.281886812852
2022-02-01 17:00:00+00:00,13694.461599289902
2022-02-01 18:00:00+00:00,13684.316507199346
2022-02-01 19:00:00+00:00,13656.044229921308
2022-02-01 20:00:00+00:00,13687.192761997576
2022-02-01 21:00:00+00:00,13730.50000753908
2022-02-01 22:00:00+00:00,13716.559977181758
2022-02-01 23:00:00+00:00,13715.219903923493
2022-02-02 00:00:00+00:00,13691.360062983644
2022-02-02 01:00:00+00:00,13673.87827933396
2022-02-02 02:00:00+00:00,13725.678350275222
2022-02-02 03:00:00+00:00,13741.447185069475
2022-02-02 04:00:00+00:00,13683.278930845918
2022-02-02 05:00:00+00:00,13694.471495402679
2022-02-02 06:00:00+00:00,13664.091677320044
2022-02-02 07:00:00+00:00,13654.084532162153
2022-02-02 08:00:00+00:00,13691.439027173015
2022-02-02 09:00:00+00:00,13725.733486061217
2022-02-02 10:00:00+00:00,13694.857445904636
2022-02-02 11:00:00+00:00,13702.4110485858
2022-02-02 12:00:00+00:00,13778.382579298264
2022-02-02 13:00:00+00:00,13764.87004009026
2022-02-02 14:00:00+00:00,13547.889884370023
2022-02-02 15:00:00+00:00,13459.929721641847
2022-02-02 16:00:00+00:00,13472.742101737806
2022-02-02 17:00:00+00:00,13481.764261447224
2022-02-02 18:00:00+00:00,13481.355945443245
2022-02-02 19:00:00+00:00,13488.489647638105
2022-02-02 20:00:00+00:00,13493.00909581973
2022-02-02 21:00:00+00:00,13570.979029931208
2022-02-02 22:00:00+00:00,13577.748920962877
2022-02-02 23:00:00+00:00,13577.401625095328
2022-02-03 00:00:00+00:00,13584.522189158748
2022-02-03 01:00:00+00:00,13583.501670999141
2022-02-03 02:00:00+00:00,13586.833814806118
2022-02-03 03:00:00+00:00,13559.39394530074
2022-02-03 04:00:00+00:00,13567.767925999558
2022-02-03 05:00:00+00:00,13555.704002095426
2022-02-03 06:00:00+00:00,13560.696330839502
2022-02-03 07:00:00+00:00,13615.296227123807
2022-02-03 08:00:00+00:00,13618.877480081548
2022-02-03 09:00:00+00:00,13464.54283135444
2022-02-03 10:00:00+00:00,13393.692458666603
2022-02-03 11:00:00+00:00,13473.692901599843
2022-02-03 12:00:00+00:00,13449.81497856219
2022-02-03 13:00:00+00:00,13427.72319937381
2022-02-03 14:00:00+00:00,13431.953540069457
2022-02-03 15:00:00+00:00,13530.410802778519
2022-02-03 16:00:00+00:00,13447.652804428857
2022-02-03 17:00:00+00:00,13489.642852815283
2022-02-03 18:00:00+00:00,13477.014502442351
2022-02-03 19:00:00+00:00,13399.113561928432
2022-02-03 20:00:00+00:00,13352.141112278245
2022-02-03 21:00:00+00:00,13592.957173360086
2022-02-03 22:00:00+00:00,13593.740569785208
2022-02-03 23:00:00+00:00,13667.598862189141
2022-02-04 00:00:00+00:00,13665.079057595278
2022-02-04 01:00:00+00:00,13662.362892599134
2022-02-04 02:00:00+00:00,13669.347178826436
2022-02-04 03:00:00+00:00,13665.581953431385
2022-02-04 04:00:00+00:00,13666.285347186506
2022-02-04 05:00:00+00:00,13689.770280433662
2022-02-04 06:00:00+00:00,13696.59943055192
2022-02-04 07:00:00+00:00,13697.812836164212
2022-02-04 08:00:00+00:00,13703.431987395808
2022-02-04 09:00:00+00:00,13705.707138223897
2022-02-04 10:00:00+00:00,13710.26795266478
2022-02-04 11:00:00+00:00,13708.496930522639
2022-02-04 12:00:00+00:00,13711.088612870328
2022-02-04 13:00:00+00:00,13786.41299872185
2022-02-04 14:00:00+00:00,13793.29035911811
2022-02-04 15:00:00+00:00,13800.17115028973
2022-02-04 16:00:00+00:00,13807.055373948155
2022-02-04 17:00:00+00:00,13812.088927152417
2022-02-04 18:00:00+00:00,13813.943031805682
2022-02-04 19:00:00+00:00,13816.090450816555
2022-02-04 20:00:00+00:00,13815.26852113584
2022-02-04 21:00:00+00:00,13815.076503375674
2022-02-04 22:00:00+00:00,13815.401996895956
2022-02-04 23:00:00+00:00,13820.834125575464
2022-02-05 00:00:00+00:00,13843.25412026334
2022-02-05 01:00:00+00:00,13843.671669517293
2022-02-05 02:00:00+00:00,13865.710484403106
2022-02-05 03:00:00+00:00,13866.06538555516
2022-02-05 04:00:00+00:00,13872.627402397677
2022-02-05 05:00:00+00:00,13874.308743021547
2022-02-05 06:00:00+00:00,13870.710648955144
2022-02-05 07:00:00+00:00,13869.055295774435
2022-02-05 08:00:00+00:00,13876.322580202395
2022-02-05 09:00:00+00:00,13891.20954963674
2022-02-05 10:00:00+00:00,13889.226623334689
2022-02-05 11:00:00+00:00,13879.169281219356
2022-02-05 12:00:00+00:00,13875.128317770479
2022-02-05 13:00:00+00:00,13887.694362101285
2022-02-05 14:00:00+00:00,13895.131415530508
2022-02-05 15:00:00+00:00,13902.063010174224
2022-02-05 16:00:00+00:00,13864.796618523585
2022-02-05 17:00:00+00:00,13920.821951381822
2022-02-05 18:00:00+00:00,13925.154409130962
2022-02-05 19:00:00+00:00,13906.77685959377
2022-02-05 20:00:00+00:00,13922.124520378296
2022-02-05 21:00:00+00:00,13934.838726452563
2022-02-05 22:00:00+00:00,13930.279734964908
2022-02-05 23:00:00+00:00,13911.449117950684
2022-02-06 00:00:00+00:00,13950.12975380246
2022-02-06 01:00:00+00:00,13962.220992095805
2022-02-06 02:00:00+00:00,13944.296510035649
2022-02-06 03:00:00+00:00,13899.980847438259
2022-02-06 04:00:00+00:00,13923.908473569118
2022-02-06 05:00:00+00:00,13932.261905176932
2022-02-06 06:00:00+00:00,13884.350019480586
2022-02-06 07:00:00+00:00,13905.530924031926
2022-02-06 08:00:00+00:00,13908.900613392365
2022-02-06 09:00:00+00:00,13929.37360001084
2022-02-06 10:00:00+00:00,13896.781058381704
2022-02-06 11:00:00+00:00,13893.751169629042
2022-02-06 12:00:00+00:00,13903.124003060184
2022-02-06 13:00:00+00:00,13915.271874788155
2022-02-06 14:00:00+00:00,13987.08161642788
2022-02-06 15:00:00+00:00,14006.082381919805
2022-02-06 16:00:00+00:00,14009.771295841578
2022-02-06 17:00:00+00:00,14008.97524220249
2022-02-06 18:00:00+00:00,14005.916120038928
2022-02-06 19:00:00+00:00,14017.391658495128
2022-02-06 20:00:00+00:00,14004.789126215757
2022-02-06 21:00:00+00:00,14011.809993141183
2022-02-06 22:00:00+00:00,14008.109189100232
2022-02-06 23:00:00+00:00,14032.497782186556
2022-02-07 00:00:00+00:00,14110.43245083121
2022-02-07 01:00:00+00:00,14111.951409681862
2022-02-07 02:00:00+00:00,14117.471448525566
2022-02-07 03:00:00+00:00,14124.513957628145
2022-02-07 04:00:00+00:00,14127.83556710882
2022-02-07 05:00:00+00:00,14131.559979890617
2022-02-07 06:00:00+00:00,14129.990829890405
2022-02-07 07:00:00+00:00,14129.627378934543
2022-02-07 08:00:00+00:00,14124.118129054516
2022-02-07 09:00:00+00:00,14129.702774438196
2022-02-07 10:00:00+00:00,14135.488983169202
2022-02-07 11:00:00+00:00,14129.977581185314
2022-02-07 12:00:00+00:00,14135.702721750293
2022-02-07 13:00:00+00:00,14163.030726047124
2022-02-07 14:00:00+00:00,14178.295800420537
2022-02-07 15:00:00+00:00,14186.841873494832
2022-02-07 16:00:00+00:00,14201.295665236246
2022-02-07 17:00:00+00:00,14203.741348942676
2022-02-07 18:00:00+00:00,14208.379990099627
2022-02-07 19:00:00+00:00,14208.803186885709
2022-02-07 20:00:00+00:00,14210.958139972565
2022-02-07 21:00:00+00:00,14209.022061710064
2022-02-07 22:00:00+00:00,14209.535415794819
2022-02-07 23:00:00+00:00,14200.793729094436
2022-02-08 00:00:00+00:00,14198.927298331331
2022-02-08 01:00:00+00:00,14231.577462975092
2022-02-08 02:00:00+00:00,14213.765551628496
2022-02-08 03:00:00+00:00,14224.053207001529
2022-02-08 04:00:00+00:00,14247.70730512201
2022-02-08 05:00:00+00:00,14255.369869361588
2022-02-08 06:00:00+00:00,14262.48116917414
2022-02-08 07:00:00+00:00,14259.820717085016
2022-02-08 08:00:00+00:00,14341.693135655347
2022-02-08 09:00:00+00:00,14343.14527676693
2022-02-08 10:00:00+00:00,14356.529119494211
2022-02-08 11:00:00+00:00,14351.220823561815
2022-02-08 12:00:00+00:00,14322.605446284166
2022-02-08 13:00:00+00:00,14362.429059680271
2022-02-08 14:00:00+00:00,14329.36882071902
2022-02-08 15:00:00+00:00,14371.080887964617
2022-02-08 16:00:00+00:00,14289.133158428771
2022-02-08 17:00:00+00:00,14308.77352335885
2022-02-08 18:00:00+00:00,14326.356078170262
2022-02-08 19:00:00+00:00,14307.028291992385
2022-02-08 20:00:00+00:00,14421.345035101891
2022-02-08 21:00:00+00:00,14419.919103265156
2022-02-08 22:00:00+00:00,14419.914481202304
2022-02-08 23:00:00+00:00,14420.55463690735
2022-02-09 00:00:00+00:00,14423.418004844365
2022-02-09 01:00:00+00:00,14417.09271183096
2022-02-09 02:00:00+00:00,14396.320527811711
2022-02-09 03:00:00+00:00,14397.75846570597
2022-02-09 04:00:00+00:00,14403.773066145404
2022-02-09 05:00:00+00:00,14418.214291879158
2022-02-09 06:00:00+00:00,14433.95430022708
2022-02-09 07:00:00+00:00,14443.231318899729
2022-02-09 08:00:00+00:00,14424.940130416826
2022-02-09 09:00:00+00:00,14432.841057986363
2022-02-09 10:00:00+00:00,14469.03923123591
2022-02-09 11:00:00+00:00,14472.138776428406
2022-02-09 12:00:00+00:00,14476.257120137836
2022-02-09 13:00:00+00:00,14475.360585883584
2022-02-09 14:00:00+00:00,14477.078709266121
2022-02-09 15:00:00+00:00,14482.418487703988
2022-02-09 16:00:00+00:00,14499.74033430457
2022-02-09 17:00:00+00:00,14498.294013556531
2022-02-09 18:00:00+00:00,14500.638913491895
2022-02-09 19:00:00+00:00,14506.973538470182
2022-02-09 20:00:00+00:00,14508.881609343145
2022-02-09 21:00:00+00:00,14503.824551122769
2022-02-09 22:00:00+00:00,14507.158728078304
2022-02-09 23:00:00+00:00,14505.578676348372
2022-02-10 00:00:00+00:00,14495.989987836616
2022-02-10 01:00:00+00:00,14499.037593732852
2022-02-10 02:00:00+00:00,14456.068333678435
2022-02-10 03:00:00+00:00,14439.917036492287
2022-02-10 04:00:00+00:00,14414.21728194534
2022-02-10 05:00:00+00:00,14431.100645266932
2022-02-10 06:00:00+00:00,14443.541018240736
2022-02-10 07:00:00+00:00,14472.670373708417
2022-02-10 08:00:00+00:00,14497.217895379941
2022-02-10 09:00:00+00:00,14540.675894719236
2022-02-10 10:00:00+00:00,14595.691498552565
2022-02-10 11:00:00+00:00,14595.213195027489
2022-02-10 12:00:00+00:00,14594.449770411868
2022-02-10 13:00:00+00:00,14684.952016765375
2022-02-10 14:00:00+00:00,14708.773773340714
2022-02-10 15:00:00+00:00,14716.111253962808
2022-02-10 16:00:00+00:00,14737.082200960298
2022-02-10 17:00:00+00:00,14739.983556686526
2022-02-10 18:00:00+00:00,14741.694938265544
2022-02-10 19:00:00+00:00,14609.518974916065
2022-02-10 20:00:00+00:00,14582.471967820175
2022-02-10 21:00:00+00:00,14591.373514459328
2022-02-10 22:00:00+00:00,14594.540410859796
2022-02-10 23:00:00+00:00,14470.917328848727
2022-02-11 00:00:00+00:00,14401.191541916924
2022-02-11 01:00:00+00:00,14408.375584958325
2022-02-11 02:00:00+00:00,14411.969367427966
2022-02-11 03:00:00+00:00,14429.30678002494
2022-02-11 04:00:00+00:00,14419.98600289869
2022-02-11 05:00:00+00:00,14403.82998921319
2022-02-11 06:00:00+00:00,14424.43542737048
2022-02-11 07:00:00+00:00,14431.748682496476
2022-02-11 08:00:00+00:00,14418.85370408904
2022-02-11 09:00:00+00:00,14443.314382991846
2022-02-11 10:00:00+00:00,14446.438478401746
2022-02-11 11:00:00+00:00,14432.733505107226
2022-02-11 12:00:00+00:00,14455.15969559876
2022-02-11 13:00:00+00:00,14458.956902060203
2022-02-11 14:00:00+00:00,14452.521422300262
2022-02-11 15:00:00+00:00,14454.602188631325
2022-02-11 16:00:00+00:00,14456.809736493835
2022-02-11 17:00:00+00:00,14442.894795848531
2022-02-11 18:00:00+00:00,14298.614981204082
2022-02-11 19:00:00+00:00,14262.182917447582
2022-02-11 20:00:00+00:00,14122.91423153468
2022-02-11 21:00:00+00:00,14124.355262937746
2022-02-11 22:00:00+00:00,14112.73921184206
2022-02-11 23:00:00+00:00,14139.242020658567
2022-02-12 00:00:00+00:00,14141.501276492105
2022-02-12 01:00:00+00:00,14145.82425702022
2022-02-12 02:00:00+00:00,14145.913748928115
2022-02-12 03:00:00+00:00,14139.483504369211
2022-02-12 04:00:00+00:00,14140.616970035186
2022-02-12 05:00:00+00:00,14133.34715576376
2022-02-12 06:00:00+00:00,14122.603144593002
2022-02-12 07:00:00+00:00,14153.739330689687
2022-02-12 08:00:00+00:00,14196.082383421344
2022-02-12 09:00:00+00:00,14202.72548990858
2022-02-12 10:00:00+00:00,14123.656320011713
2022-02-12 11:00:00+00:00,14201.503953931133
2022-02-12 12:00:00+00:00,14141.363791005273
2022-02-12 13:00:00+00:00,14091.256912686353
2022-02-12 14:00:00+00:00,14098.640457441606
2022-02-12 15:00:00+00:00,14050.587871816688
2022-02-12 16:00:00+00:00,14232.333594645928
2022-02-12 17:00:00+00:00,14233.723941931665
2022-02-12 18:00:00+00:00,14239.433402799017
2022-02-12 19:00:00+00:00,14233.274104094711
2022-02-12 20:00:00+00:00,14245.482204103766
2022-02-12 21:00:00+00:00,14326.515210791236
2022-02-12 22:00:00+00:00,14333.662001500048
2022-02-12 23:00:00+00:00,14333.753226751918
2022-02-13 00:00:00+00:00,14337.436699481152
2022-02-13 01:00:00+00:00,14333.583787006373
2022-02-13 02:00:00+00:00,14335.427979019476
2022-02-13 03:00:00+00:00,14333.71393637614
2022-02-13 04:00:00+00:00,14333.29893178198
2022-02-13 05:00:00+00:00,14332.729221333191
2022-02-13 06:00:00+00:00,14335.172591576917
2022-02-13 07:00:00+00:00,14334.787054764589
2022-02-13 08:00:00+00:00,14336.071358922849
2022-02-13 09:00:00+00:00,14333.23508492134
2022-02-13 10:00:00+00:00,14336.78595263232
2022-02-13 11:00:00+00:00,14336.822787359612
2022-02-13 12:00:00+00:00,14340.812357389694
2022-02-13 13:00:00+00:00,14341.581657686804
2022-02-13 14:00:00+00:00,14347.695882698647
2022-02-13 15:00:00+00:00,14337.147024369637
2022-02-13 16:00:00+00:00,14317.137298411704
2022-02-13 17:00:00+00:00,14313.033106842482
2022-02-13 18:00:00+00:00,14207.355430856396
2022-02-13 19:00:00+00:00,14226.517739835848
2022-02-13 20:00:00+00:00,14365.877226217322
2022-02-13 21:00:00+00:00,14277.232567087334
2022-02-13 22:00:00+00:00,14363.690718695101
2022-02-13 23:00:00+00:00,14269.519054439503
2022-02-14 00:00:00+00:00,14267.119969797068
2022-02-14 01:00:00+00:00,14173.555668742085
2022-02-14 02:00:00+00:00,14188.587907957344
2022-02-14 03:00:00+00:00,14252.846934582578
2022-02-14 04:00:00+00:00,14254.669024184426
2022-02-14 05:00:00+00:00,14198.973818687888
2022-02-14 06:00:00+00:00,14271.250039561259
2022-02-14 07:00:00+00:00,14305.748269356282
2022-02-14 08:00:00+00:00,14231.498118080906
2022-02-14 09:00:00+00:00,14231.649958881058
2022-02-14 10:00:00+00:00,14273.679492363726
2022-02-14 11:00:00+00:00,14279.419074609552
2022-02-14 12:00:00+00:00,14428.514152315973
2022-02-14 13:00:00+00:00,14430.153576754894
2022-02-14 14:00:00+00:00,14435.711825257964
2022-02-14 15:00:00+00:00,14442.330460053843
2022-02-14 16:00:00+00:00,14459.129267323857
2022-02-14 17:00:00+00:00,14457.062108147413
2022-02-14 18:00:00+00:00,14429.45036825653
2022-02-14 19:00:00+00:00,14369.21512449561
2022-02-14 20:00:00+00:00,14417.685897058858
2022-02-14 21:00:00+00:00,14474.412847726848
2022-02-14 22:00:00+00:00,14547.554633907912
2022-02-14 23:00:00+00:00,14543.993507065315
2022-02-15 00:00:00+00:00,14539.374913261257
2022-02-15 01:00:00+00:00,14571.153506063554
2022-02-15 02:00:00+00:00,14572.342697403914
2022-02-15 03:00:00+00:00,14571.417552150127
2022-02-15 04:00:00+00:00,14568.875811934644
2022-02-15 05:00:00+00:00,14568.764987242783
2022-02-15 06:00:00+00:00,14572.971507068598
2022-02-15 07:00:00+00:00,14578.422334732746
2022-02-15 08:00:00+00:00,14585.69478946148
2022-02-15 09:00:00+00:00,14589.746518238313
2022-02-15 10:00:00+00:00,14592.97087205862
2022-02-15 11:00:00+00:00,14589.43983699682
2022-02-15 12:00:00+00:00,14592.98966765179
2022-02-15 13:00:00+00:00,14592.940397034636
2022-02-15 14:00:00+00:00,14600.25058433393
2022-02-15 15:00:00+00:00,14600.322528425299
2022-02-15 16:00:00+00:00,14598.236973598581
2022-02-15 17:00:00+00:00,14592.239105393779
2022-02-15 18:00:00+00:00,14607.821399595225
2022-02-15 19:00:00+00:00,14601.389884047374
2022-02-15 20:00:00+00:00,14604.139700671158
2022-02-15 21:00:00+00:00,14591.67386531
2022-02-15 22:00:00+00:00,14623.934939241039
2022-02-15 23:00:00+00:00,14631.23009795984
2022-02-16 00:00:00+00:00,14622.999139915228
2022-02-16 01:00:00+00:00,14601.992134806935
2022-02-16 02:00:00+00:00,14626.95026699254
2022-02-16 03:00:00+00:00,14605.463235037056
2022-02-16 04:00:00+00:00,14579.416328431715
2022-02-16 05:00:00+00:00,14593.355272548504
2022-02-16 06:00:00+00:00,14609.004198657318
2022-02-16 07:00:00+00:00,14646.49425839151
2022-02-16 08:00:00+00:00,14617.113658710394
2022-02-16 09:00:00+00:00,14589.494858657423
2022-02-16 10:00:00+00:00,14596.464330715819
2022-02-16 11:00:00+00:00,14610.584636559035
2022-02-16 12:00:00+00:00,14564.311487502182
2022-02-16 13:00:00+00:00,14442.545614686156
2022-02-16 14:00:00+00:00,14409.582325999552
2022-02-16 15:00:00+00:00,14421.436541601754
2022-02-16 16:00:00+00:00,14462.512112772758
2022-02-16 17:00:00+00:00,14434.090559702418
2022-02-16 18:00:00+00:00,14499.217334577164
2022-02-16 19:00:00+00:00,14720.707953857538
2022-02-16 20:00:00+00:00,14713.737292485175
2022-02-16 21:00:00+00:00,14715.862163349244
2022-02-16 22:00:00+00:00,14709.265203535393
2022-02-16 23:00:00+00:00,14687.580608570808
2022-02-17 00:00:00+00:00,14732.113967878895
2022-02-17 01:00:00+00:00,14718.90452599281
2022-02-17 02:00:00+00:00,14703.490923415977
2022-02-17 03:00:00+00:00,14600.003910491916
2022-02-17 04:00:00+00:00,14545.587201511331
2022-02-17 05:00:00+00:00,14556.903567516842
2022-02-17 06:00:00+00:00,14643.65275079889
2022-02-17 07:00:00+00:00,14673.415948124613
2022-02-17 08:00:00+00:00,14545.90475259822
2022-02-17 09:00:00+00:00,14532.423265545734
2022-02-17 10:00:00+00:00,14501.447600433708
2022-02-17 11:00:00+00:00,14547.0883521039
2022-02-17 12:00:00+00:00,14541.978666433042
2022-02-17 13:00:00+00:00,14382.358980309335
2022-02-17 14:00:00+00:00,14405.689874017187
2022-02-17 15:00:00+00:00,14408.727439822265
2022-02-17 16:00:00+00:00,14406.772292982978
2022-02-17 17:00:00+00:00,14395.629446491728
2022-02-17 18:00:00+00:00,14374.93942155637
2022-02-17 19:00:00+00:00,14338.117044948278
2022-02-17 20:00:00+00:00,14307.346424430312
2022-02-17 21:00:00+00:00,14288.348125460807
2022-02-17 22:00:00+00:00,14305.028090007727
2022-02-17 23:00:00+00:00,14282.44691056695
2022-02-18 00:00:00+00:00,14276.003747366516
2022-02-18 01:00:00+00:00,14332.396479489948
2022-02-18 02:00:00+00:00,14322.340327578988
2022-02-18 03:00:00+00:00,14329.084573171967
2022-02-18 04:00:00+00:00,14240.746999199651
2022-02-18 05:00:00+00:00,14303.733435719789
2022-02-18 06:00:00+00:00,14329.205006128985
2022-02-18 07:00:00+00:00,14322.731734689296
2022-02-18 08:00:00+00:00,14425.310505828927
2022-02-18 09:00:00+00:00,14397.701250432672
2022-02-18 10:00:00+00:00,14359.01216299081
2022-02-18 11:00:00+00:00,14242.67392651193
2022-02-18 12:00:00+00:00,14312.976665170881
2022-02-18 13:00:00+00:00,14300.903261229878
2022-02-18 14:00:00+00:00,14074.581451962647
2022-02-18 15:00:00+00:00,14152.74984783892
2022-02-18 16:00:00+00:00,14175.708272310581
2022-02-18 17:00:00+00:00,14174.625773996922
2022-02-18 18:00:00+00:00,14191.413470511
2022-02-18 19:00:00+00:00,14198.7039396686
2022-02-18 20:00:00+00:00,14199.818058306602
2022-02-18 21:00:00+00:00,14193.764391455179
2022-02-18 22:00:00+00:00,14197.539875227683
2022-02-18 23:00:00+00:00,14205.900811497819
2022-02-19 00:00:00+00:00,14245.661818347678
2022-02-19 01:00:00+00:00,14247.512029812362
2022-02-19 02:00:00+00:00,14246.757461257452
2022-02-19 03:00:00+00:00,14243.731590710076
2022-02-19 04:00:00+00:00,14246.291553156432
2022-02-19 05:00:00+00:00,14244.719113315496
2022-02-19 06:00:00+00:00,14247.334782165235
2022-02-19 07:00:00+00:00,14245.42050757627
2022-02-19 08:00:00+00:00,14230.631070219362
2022-02-19 09:00:00+00:00,14231.90500629135
2022-02-19 10:00:00+00:00,14231.013582384126
2022-02-19 11:00:00+00:00,14091.834424958932
2022-02-19 12:00:00+00:00,14058.248525575207
2022-02-19 13:00:00+00:00,14155.25695353252
2022-02-19 14:00:00+00:00,14110.076672372797
2022-02-19 15:00:00+00:00,14165.465050530951
2022-02-19 16:00:00+00:00,14176.807380529208
2022-02-19 17:00:00+00:00,14215.339796051063
2022-02-19 18:00:00+00:00,14181.060754278555
2022-02-19 19:00:00+00:00,14161.085650892735
2022-02-19 20:00:00+00:00,14202.296116553069
2022-02-19 21:00:00+00:00,14148.766620255741
2022-02-19 22:00:00+00:00,14156.076121810172
2022-02-19 23:00:00+00:00,14220.821922216888
2022-02-20 00:00:00+00:00,14119.434094621356
2022-02-20 01:00:00+00:00,14144.040649423132
2022-02-20 02:00:00+00:00,14058.122499686335
2022-02-20 03:00:00+00:00,14061.682731046898
2022-02-20 04:00:00+00:00,13975.386503643495
2022-02-20 05:00:00+00:00,13918.231570504899
2022-02-20 06:00:00+00:00,13964.26187244599
2022-02-20 07:00:00+00:00,13968.278403286602
2022-02-20 08:00:00+00:00,13946.714552229521
2022-02-20 09:00:00+00:00,13977.23148251939
2022-02-20 10:00:00+00:00,13962.769634392043
2022-02-20 11:00:00+00:00,14010.444405558552
2022-02-20 12:00:00+00:00,14033.171983814205
2022-02-20 13:00:00+00:00,14033.607878192888
2022-02-20 14:00:00+00:00,14041.797983495282
2022-02-20 15:00:00+00:00,14055.936430480195
2022-02-20 16:00:00+00:00,14078.737805364026
2022-02-20 17:00:00+00:00,14078.472646139253
2022-02-20 18:00:00+00:00,14082.783304295426
2022-02-20 19:00:00+00:00,14079.416682934714
2022-02-20 20:00:00+00:00,14070.665662664236
2022-02-20 21:00:00+00:00,14039.366560024358
2022-02-20 22:00:00+00:00,14156.92928508682
2022-02-20 23:00:00+00:00,14139.00012887067
2022-02-21 00:00:00+00:00,14203.749006848899
2022-02-21 01:00:00+00:00,14210.834555563215
2022-02-21 02:00:00+00:00,14212.483751902799
2022-02-21 03:00:00+00:00,14209.49352949593
2022-02-21 04:00:00+00:00,14217.923638907758
2022-02-21 05:00:00+00:00,14215.396147340973
2022-02-21 06:00:00+00:00,14216.635676100714
2022-02-21 07:00:00+00:00,14217.994241025272
2022-02-21 08:00:00+00:00,14207.483992401123
2022-02-21 09:00:00+00:00,14202.153612630089
2022-02-21 10:00:00+00:00,14132.79271290216
2022-02-21 11:00:00+00:00,13889.311888820794
2022-02-21 12:00:00+00:00,13935.246547743358
2022-02-21 13:00:00+00:00,13941.286946570528
2022-02-21 14:00:00+00:00,13957.852140917832
2022-02-21 15:00:00+00:00,13964.815023833042
2022-02-21 16:00:00+00:00,13987.468582641923
2022-02-21 17:00:00+00:00,14010.158889787665
2022-02-21 18:00:00+00:00,14095.838560591223
2022-02-21 19:00:00+00:00,14118.704664241566
2022-02-21 20:00:00+00:00,14126.198754045916
2022-02-21 21:00:00+00:00,14205.048150944393
2022-02-21 22:00:00+00:00,14212.134347737521
2022-02-21 23:00:00+00:00,14291.066694516885
2022-02-22 00:00:00+00:00,14298.195801712085
2022-02-22 01:00:00+00:00,14321.39016690075
2022-02-22 02:00:00+00:00,14317.125744541727
2022-02-22 03:00:00+00:00,14163.636218014986
2022-02-22 04:00:00+00:00,14134.207632202693
2022-02-22 05:00:00+00:00,14111.143833554457
2022-02-22 06:00:00+00:00,14197.787065271572
2022-02-22 07:00:00+00:00,14151.83056440424
2022-02-22 08:00:00+00:00,14268.107697648615
2022-02-22 09:00:00+00:00,14250.621642590382
2022-02-22 10:00:00+00:00,14408.973184666793
2022-02-22 11:00:00+00:00,14411.85494416256
2022-02-22 12:00:00+00:00,14432.347251624167
2022-02-22 13:00:00+00:00,14455.759235718255
2022-02-22 14:00:00+00:00,14503.567246314797
2022-02-22 15:00:00+00:00,14527.094762647252
2022-02-22 16:00:00+00:00,14575.138693721696
2022-02-22 17:00:00+00:00,14576.259303495006
2022-02-22 18:00:00+00:00,14574.340091765116
2022-02-22 19:00:00+00:00,14598.782312414984
2022-02-22 20:00:00+00:00,14647.063328175404
2022-02-22 21:00:00+00:00,14647.661112861995
2022-02-22 22:00:00+00:00,14647.101498839274
2022-02-22 23:00:00+00:00,14654.370024504902
2022-02-23 00:00:00+00:00,14650.849613778819
2022-02-23 01:00:00+00:00,14650.559127524706
2022-02-23 02:00:00+00:00,14702.83487965316
2022-02-23 03:00:00+00:00,14704.769990852063
2022-02-23 04:00:00+00:00,14710.169397654578
2022-02-23 05:00:00+00:00,14711.266109372917
2022-02-23 06:00:00+00:00,14711.701296316262
2022-02-23 07:00:00+00:00,14717.5075744847
2022-02-23 08:00:00+00:00,14718.677986018964
2022-02-23 09:00:00+00:00,14721.778770310902
2022-02-23 10:00:00+00:00,14722.787820608191
2022-02-23 11:00:00+00:00,14724.849411968737
2022-02-23 12:00:00+00:00,14729.827682461519
2022-02-23 13:00:00+00:00,14732.194911932806
2022-02-23 14:00:00+00:00,14719.797413001419
2022-02-23 15:00:00+00:00,14694.336989735939
2022-02-23 16:00:00+00:00,14734.765738114802
2022-02-23 17:00:00+00:00,14814.015607484771
2022-02-23 18:00:00+00:00,14807.089196159357
2022-02-23 19:00:00+00:00,14791.724642148536
2022-02-23 20:00:00+00:00,14780.853759829228
2022-02-23 21:00:00+00:00,14766.166393391715
2022-02-23 22:00:00+00:00,14825.41692068334
2022-02-23 23:00:00+00:00,14640.319346972832
2022-02-24 00:00:00+00:00,14576.169751644538
2022-02-24 01:00:00+00:00,14609.556543185152
2022-02-24 02:00:00+00:00,14480.119754856509
2022-02-24 03:00:00+00:00,14568.67348958228
2022-02-24 04:00:00+00:00,14616.854929602847
2022-02-24 05:00:00+00:00,14706.244873600172
2022-02-24 06:00:00+00:00,14707.154458129246
2022-02-24 07:00:00+00:00,14754.881288975383
2022-02-24 08:00:00+00:00,14762.241770359318
2022-02-24 09:00:00+00:00,14786.188905464584
2022-02-24 10:00:00+00:00,14835.089711319753
2022-02-24 11:00:00+00:00,14859.155019498692
2022-02-24 12:00:00+00:00,14845.2828443621
2022-02-24 13:00:00+00:00,14908.297138500826
2022-02-24 14:00:00+00:00,14932.481202907758
2022-02-24 15:00:00+00:00,14956.70449841975
2022-02-24 16:00:00+00:00,14964.165659432809
2022-02-24 17:00:00+00:00,14923.497631185757
2022-02-24 18:00:00+00:00,15013.65506906872
2022-02-24 19:00:00+00:00,15021.144639908118
2022-02-24 20:00:00+00:00,15028.637946924422
2022-02-24 21:00:00+00:00,15022.971728532493
2022-02-24 22:00:00+00:00,15120.546165956606
2022-02-24 23:00:00+00:00,15128.08905948382
2022-02-25 00:00:00+00:00,15135.635715787997
2022-02-25 01:00:00+00:00,15143.186136746199
2022-02-25 02:00:00+00:00,15145.167126407174
2022-02-25 03:00:00+00:00,15158.789453698902
2022-02-25 04:00:00+00:00,15139.846175960278
2022-02-25 05:00:00+00:00,15138.249324591794
2022-02-25 06:00:00+00:00,15193.267601959189
2022-02-25 07:00:00+00:00,15183.359033134202
2022-02-25 08:00:00+00:00,15186.094625658248
2022-02-25 09:00:00+00:00,15249.049284071569
2022-02-25 10:00:00+00:00,15251.228720676869
2022-02-25 11:00:00+00:00,15277.64903529826
2022-02-25 12:00:00+00:00,15285.270299686108
2022-02-25 13:00:00+00:00,15285.464561495874
2022-02-25 14:00:00+00:00,15269.778680225078
2022-02-25 15:00:00+00:00,15335.821664892359
2022-02-25 16:00:00+00:00,15338.394135445096
2022-02-25 17:00:00+00:00,15301.215678338642
2022-02-25 18:00:00+00:00,15259.735470846388
2022-02-25 19:00:00+00:00,15273.465334584665
2022-02-25 20:00:00+00:00,15382.987888183547
2022-02-25 21:00:00+00:00,15420.99482496683
2022-02-25 22:00:00+00:00,15428.687597487862
2022-02-25 23:00:00+00:00,15479.713271623945
2022-02-26 00:00:00+00:00,15487.435335877322
2022-02-26 01:00:00+00:00,15484.097891718415
2022-02-26 02:00:00+00:00,15470.409232394179
2022-02-26 03:00:00+00:00,15458.747003124477
2022-02-26 04:00:00+00:00,15484.367669603018
2022-02-26 05:00:00+00:00,15423.672182512646
2022-02-26 06:00:00+00:00,15434.615768344229
2022-02-26 07:00:00+00:00,15475.893124480815
2022-02-26 08:00:00+00:00,15360.899134711468
2022-02-26 09:00:00+00:00,15335.273197061251
2022-02-26 10:00:00+00:00,15402.022986908767
2022-02-26 11:00:00+00:00,15345.57115343793
2022-02-26 12:00:00+00:00,15382.548633760789
2022-02-26 13:00:00+00:00,15415.039875662125
2022-02-26 14:00:00+00:00,15453.376822173324
2022-02-26 15:00:00+00:00,15459.766313258526
2022-02-26 16:00:00+00:00,15476.55572068453
2022-02-26 17:00:00+00:00,15479.580532953587
2022-02-26 18:00:00+00:00,15488.247129904257
2022-02-26 19:00:00+00:00,15582.149348159981
2022-02-26 20:00:00+00:00,15585.24384446612
2022-02-26 21:00:00+00:00,15589.9225127116
2022-02-26 22:00:00+00:00,15572.919005969772
2022-02-26 23:00:00+00:00,15560.018104010118
2022-02-27 00:00:00+00:00,15458.819363196846
2022-02-27 01:00:00+00:00,15229.600439620499
2022-02-27 02:00:00+00:00,15236.45085282092
2022-02-27 03:00:00+00:00,15237.197734937563
2022-02-27 04:00:00+00:00,15233.622359367771
2022-02-27 05:00:00+00:00,15239.585427987897
2022-02-27 06:00:00+00:00,15261.9153380266
2022-02-27 07:00:00+00:00,15262.385501320681
2022-02-27 08:00:00+00:00,15264.098671147474
2022-02-27 09:00:00+00:00,15269.528753650124
2022-02-27 10:00:00+00:00,15277.1459672306
2022-02-27 11:00:00+00:00,15301.928373872566
2022-02-27 12:00:00+00:00,15318.763619237687
2022-02-27 13:00:00+00:00,15395.507911124543
2022-02-27 14:00:00+00:00,15388.627765370988
2022-02-27 15:00:00+00:00,15420.482323120837
2022-02-27 16:00:00+00:00,15403.540563503053
2022-02-27 17:00:00+00:00,15381.875433801495
2022-02-27 18:00:00+00:00,15310.867819498259
2022-02-27 19:00:00+00:00,15072.917204408797
2022-02-27 20:00:00+00:00,15097.368313551935
2022-02-27 21:00:00+00:00,15189.696855810515
2022-02-27 22:00:00+00:00,15197.274245200855
2022-02-27 23:00:00+00:00,15212.676548998606
2022-02-28 00:00:00+00:00,15191.300396787003
2022-02-28 01:00:00+00:00,15247.534590320462
2022-02-28 02:00:00+00:00,15297.961156188
2022-02-28 03:00:00+00:00,15295.847956450501
2022-02-28 04:00:00+00:00,15296.719526733685
2022-02-28 05:00:00+00:00,15296.459225541726
2022-02-28 06:00:00+00:00,15348.554492527846
2022-02-28 07:00:00+00:00,15356.211128145578
2022-02-28 08:00:00+00:00,15381.121793362363
2022-02-28 09:00:00+00:00,15376.563012100016
2022-02-28 10:00:00+00:00,15384.724821757623
2022-02-28 11:00:00+00:00,15384.800908903948
2022-02-28 12:00:00+00:00,15388.794675197654
2022-02-28 13:00:00+00:00,15381.127887518687
2022-02-28 14:00:00+00:00,15413.758197061525
2022-02-28 15:00:00+00:00,15438.762214457178
2022-02-28 16:00:00+00:00,15436.856305118294
2022-02-28 17:00:00+00:00,15454.215330655072
2022-02-28 18:00:00+00:00,15441.481734568679
2022-02-28 19:00:00+00:00,15441.472786152595
2022-02-28 20:00:00+00:00,15463.806793075986
2022-02-28 21:00:00+00:00,15460.458310122678
2022-02-28 22:00:00+00:00,15488.891998715893
2022-02-28 23:00:00+00:00,15494.446308169443
2022-03-01 00:00:00+00:00,15496.618641782788
2022-03-01 01:00:00+00:00,15479.528500784983
2022-03-01 02:00:00+00:00,15485.015316919285
2022-03-01 03:00:00+00:00,15475.528135787
2022-03-01 04:00:00+00:00,15498.68388529135
2022-03-01 05:00:00+00:00,15478.409427834584
2022-03-01 06:00:00+00:00,15516.160989940552
2022-03-01 07:00:00+00:00,15530.14959204682
2022-03-01 08:00:00+00:00,15535.01003854137
2022-03-01 09:00:00+00:00,15450.041135493344
2022-03-01 10:00:00+00:00,15540.657967360965
2022-03-01 11:00:00+00:00,15483.444853059158
2022-03-01 12:00:00+00:00,15591.388814929363
2022-03-01 13:00:00+00:00,15599.166588594524
2022-03-01 14:00:00+00:00,15650.756069949617
2022-03-01 15:00:00+00:00,15702.516167764974
2022-03-01 16:00:00+00:00,15754.44744630246
2022-03-01 17:00:00+00:00,15762.306561863716
2022-03-01 18:00:00+00:00,15787.875990320403
2022-03-01 19:00:00+00:00,15785.121307142805
2022-03-01 20:00:00+00:00,15792.60062174607
2022-03-01 21:00:00+00:00,15787.553886794207
2022-03-01 22:00:00+00:00,15792.715441641802
2022-03-01 23:00:00+00:00,15793.230796057522
2022-03-02 00:00:00+00:00,15813.486897203426
2022-03-02 01:00:00+00:00,15811.887567469686
2022-03-02 02:00:00+00:00,15826.31574368396
2022-03-02 03:00:00+00:00,15839.1393497986
2022-03-02 04:00:00+00:00,15864.83341550089
2022-03-02 05:00:00+00:00,15877.21888880143
2022-03-02 06:00:00+00:00,15848.239585668623
2022-03-02 07:00:00+00:00,15857.503735653245
2022-03-02 08:00:00+00:00,15917.301508782812
2022-03-02 09:00:00+00:00,15920.50586429509
2022-03-02 10:00:00+00:00,15925.24186419085
2022-03-02 11:00:00+00:00,15923.681143144877
2022-03-02 12:00:00+00:00,15977.909739975232
2022-03-02 13:00:00+00:00,16066.648973755826
2022-03-02 14:00:00+00:00,16074.663831236374
2022-03-02 15:00:00+00:00,16163.940424663091
2022-03-02 16:00:00+00:00,16166.192030853472
2022-03-02 17:00:00+00:00,16161.240016897947
2022-03-02 18:00:00+00:00,16149.189285502296
2022-03-02 19:00:00+00:00,16156.20186086688
2022-03-02 20:00:00+00:00,16170.128746208775
2022-03-02 21:00:00+00:00,16190.161378851773
2022-03-02 22:00:00+00:00,16185.478337735505
2022-03-02 23:00:00+00:00,16175.107563757942
2022-03-03 00:00:00+00:00,16216.507699569955
2022-03-03 01:00:00+00:00,16181.390004449087
2022-03-03 02:00:00+00:00,16154.783485566732
2022-03-03 03:00:00+00:00,16057.93063118718
2022-03-03 04:00:00+00:00,16079.813991993022
2022-03-03 05:00:00+00:00,16070.242135566354
2022-03-03 06:00:00+00:00,16122.90425732013
2022-03-03 07:00:00+00:00,16101.967935312688
2022-03-03 08:00:00+00:00,16096.116588451157
2022-03-03 09:00:00+00:00,16025.359261085137
2022-03-03 10:00:00+00:00,16112.013311138551
2022-03-03 11:00:00+00:00,16116.849973573226
2022-03-03 12:00:00+00:00,16122.802788877445
2022-03-03 13:00:00+00:00,16176.0398984731
2022-03-03 14:00:00+00:00,16033.307622428834
2022-03-03 15:00:00+00:00,15818.037667051707
2022-03-03 16:00:00+00:00,15814.662411412297
2022-03-03 17:00:00+00:00,15845.678402949181
2022-03-03 18:00:00+00:00,15840.706264714812
2022-03-03 19:00:00+00:00,15840.631495718806
2022-03-03 20:00:00+00:00,15815.24742157492
2022-03-03 21:00:00+00:00,15816.59326350302
2022-03-03 22:00:00+00:00,15870.350997681508
2022-03-03 23:00:00+00:00,15869.55468294026
2022-03-04 00:00:00+00:00,15967.406745565237
2022-03-04 01:00:00+00:00,16008.036404238432
2022-03-04 02:00:00+00:00,15994.473673308614
2022-03-04 03:00:00+00:00,15992.912495647628
2022-03-04 04:00:00+00:00,15998.22049969498
2022-03-04 05:00:00+00:00,15993.77114336117
2022-03-04 06:00:00+00:00,15991.25374438283
2022-03-04 07:00:00+00:00,16008.01688951767
2022-03-04 08:00:00+00:00,16020.214068822608
2022-03-04 09:00:00+00:00,16016.107620221006
2022-03-04 10:00:00+00:00,16027.61649044363
2022-03-04 11:00:00+00:00,16030.08403794997
2022-03-04 12:00:00+00:00,16016.479181428525
2022-03-04 13:00:00+00:00,16007.46644034359
2022-03-04 14:00:00+00:00,16018.054490457129
2022-03-04 15:00:00+00:00,15895.008798730003
2022-03-04 16:00:00+00:00,15908.180602356351
2022-03-04 17:00:00+00:00,15962.428113159081
2022-03-04 18:00:00+00:00,15894.39193740315
2022-03-04 19:00:00+00:00,15697.177742611959
2022-03-04 20:00:00+00:00,15649.94688244405
2022-03-04 21:00:00+00:00,15647.478037403154
2022-03-04 22:00:00+00:00,15686.774100565615
2022-03-04 23:00:00+00:00,15701.704304118764
2022-03-05 00:00:00+00:00,15683.96587869337
2022-03-05 01:00:00+00:00,15701.731063692234
2022-03-05 02:00:00+00:00,15699.17084451198
2022-03-05 03:00:00+00:00,15714.258548383403
2022-03-05 04:00:00+00:00,15706.978535828863
2022-03-05 05:00:00+00:00,15714.278092041268
2022-03-05 06:00:00+00:00,15714.67873702749
2022-03-05 07:00:00+00:00,15727.175424305173
2022-03-05 08:00:00+00:00,15730.108276580917
2022-03-05 09:00:00+00:00,15729.596103402313
2022-03-05 10:00:00+00:00,15729.277484041204
2022-03-05 11:00:00+00:00,15729.381705327549
2022-03-05 12:00:00+00:00,15735.020935201894
2022-03-05 13:00:00+00:00,15726.72217543507
2022-03-05 14:00:00+00:00,15732.498328670237
2022-03-05 15:00:00+00:00,15733.620663302194
2022-03-05 16:00:00+00:00,15760.546101235688
2022-03-05 17:00:00+00:00,15762.360317197905
2022-03-05 18:00:00+00:00,15762.419526373496
2022-03-05 19:00:00+00:00,15763.171482903517
2022-03-05 20:00:00+00:00,15762.008022603131
2022-03-05 21:00:00+00:00,15758.520602160748
2022-03-05 22:00:00+00:00,15762.979053082843
2022-03-05 23:00:00+00:00,15761.525467822054
2022-03-06 00:00:00+00:00,15763.92343943354
2022-03-06 01:00:00+00:00,15760.202142747568
2022-03-06 02:00:00+00:00,15761.01922937074
2022-03-06 03:00:00+00:00,15750.615122432402
2022-03-06 04:00:00+00:00,15778.57342866667
2022-03-06 05:00:00+00:00,15784.238121701712
2022-03-06 06:00:00+00:00,15779.583566235859
2022-03-06 07:00:00+00:00,15774.929010770002
2022-03-06 08:00:00+00:00,15756.211755811564
2022-03-06 09:00:00+00:00,15702.476398454695
2022-03-06 10:00:00+00:00,15670.889473776748
2022-03-06 11:00:00+00:00,15701.828755026963
2022-03-06 12:00:00+00:00,15731.030625235047
2022-03-06 13:00:00+00:00,15805.137888531997
2022-03-06 14:00:00+00:00,15760.666848203666
2022-03-06 15:00:00+00:00,15763.907788032253
2022-03-06 16:00:00+00:00,15848.078125621098
2022-03-06 17:00:00+00:00,15843.419992259951
2022-03-06 18:00:00+00:00,15835.1708426898
2022-03-06 19:00:00+00:00,15812.920416676803
2022-03-06 20:00:00+00:00,15833.856973967215
2022-03-06 21:00:00+00:00,15857.855953117505
2022-03-06 22:00:00+00:00,15857.075335780675
2022-03-06 23:00:00+00:00,15631.07713486612
2022-03-07 00:00:00+00:00,15481.789431108506
2022-03-07 01:00:00+00:00,15482.025189561728
2022-03-07 02:00:00+00:00,15532.990723348285
2022-03-07 03:00:00+00:00,15533.784037318776
2022-03-07 04:00:00+00:00,15533.833291075847
2022-03-07 05:00:00+00:00,15535.10465368026
2022-03-07 06:00:00+00:00,15537.752043122862
2022-03-07 07:00:00+00:00,15532.358756723515
2022-03-07 08:00:00+00:00,15555.003500873047
2022-03-07 09:00:00+00:00,15558.188158346788
2022-03-07 10:00:00+00:00,15554.787968635392
2022-03-07 11:00:00+00:00,15559.66712952793
2022-03-07 12:00:00+00:00,15565.949369844493
2022-03-07 13:00:00+00:00,15573.714453027209
2022-03-07 14:00:00+00:00,15569.89571110495
2022-03-07 15:00:00+00:00,15579.767302056312
2022-03-07 16:00:00+00:00,15598.97794958139
2022-03-07 17:00:00+00:00,15585.640153749331
2022-03-07 18:00:00+00:00,15469.581164020874
2022-03-07 19:00:00+00:00,15240.442327912537
2022-03-07 20:00:00+00:00,15241.957286075374
2022-03-07 21:00:00+00:00,15248.045031712081
2022-03-07 22:00:00+00:00,15255.651528124978
2022-03-07 23:00:00+00:00,15280.399066740445
2022-03-08 00:00:00+00:00,15288.021702983127
2022-03-08 01:00:00+00:00,15288.503098076893
2022-03-08 02:00:00+00:00,15295.648141782474
2022-03-08 03:00:00+00:00,15295.621334865005
2022-03-08 04:00:00+00:00,15293.071419555345
2022-03-08 05:00:00+00:00,15282.352758529014
2022-03-08 06:00:00+00:00,15304.203839680013
2022-03-08 07:00:00+00:00,15380.598183331618
2022-03-08 08:00:00+00:00,15388.270803963731
2022-03-08 09:00:00+00:00,15392.293842682262
2022-03-08 10:00:00+00:00,15395.94725208725
2022-03-08 11:00:00+00:00,15395.530638865383
2022-03-08 12:00:00+00:00,15384.669957243868
2022-03-08 13:00:00+00:00,15419.506382486004
2022-03-08 14:00:00+00:00,15446.864647525941
2022-03-08 15:00:00+00:00,15459.94292005799
2022-03-08 16:00:00+00:00,15497.95043670591
2022-03-08 17:00:00+00:00,15505.681598580031
2022-03-08 18:00:00+00:00,15530.834733037287
2022-03-08 19:00:00+00:00,15533.0249905809
2022-03-08 20:00:00+00:00,15556.028670613647
2022-03-08 21:00:00+00:00,15556.793760155717
2022-03-08 22:00:00+00:00,15559.833894444919
2022-03-08 23:00:00+00:00,15563.788804849599
2022-03-09 00:00:00+00:00,15566.592891493417
2022-03-09 01:00:00+00:00,15571.552810233172
2022-03-09 02:00:00+00:00,15571.112750813607
2022-03-09 03:00:00+00:00,15579.320688695487
2022-03-09 04:00:00+00:00,15584.294707395407
2022-03-09 05:00:00+00:00,15583.086436416112
2022-03-09 06:00:00+00:00,15584.972377276395
2022-03-09 07:00:00+00:00,15587.092442168636
2022-03-09 08:00:00+00:00,15612.377640339575
2022-03-09 09:00:00+00:00,15610.94321974819
2022-03-09 10:00:00+00:00,15611.956470882189
2022-03-09 11:00:00+00:00,15608.755389785669
2022-03-09 12:00:00+00:00,15607.302089595232
2022-03-09 13:00:00+00:00,15601.14737862185
2022-03-09 14:00:00+00:00,15622.4123673693
2022-03-09 15:00:00+00:00,15664.010813215224
2022-03-09 16:00:00+00:00,15660.02697310403
2022-03-09 17:00:00+00:00,15660.227510550618
2022-03-09 18:00:00+00:00,15623.849254085053
2022-03-09 19:00:00+00:00,15646.288638285725
2022-03-09 20:00:00+00:00,15549.868730939925
2022-03-09 21:00:00+00:00,15620.586077850814
2022-03-09 22:00:00+00:00,15653.985284130242
2022-03-09 23:00:00+00:00,15690.350170459857
2022-03-10 00:00:00+00:00,15623.622369330762
2022-03-10 01:00:00+00:00,15468.948032427816
2022-03-10 02:00:00+00:00,15458.35631796288
2022-03-10 03:00:00+00:00,15448.152966361657
2022-03-10 04:00:00+00:00,15303.980439885896
2022-03-10 05:00:00+00:00,15302.049467450206
2022-03-10 06:00:00+00:00,15304.601680151562
2022-03-10 07:00:00+00:00,15303.843692168828
2022-03-10 08:00:00+00:00,15308.28607743472
2022-03-10 09:00:00+00:00,15310.253008275988
2022-03-10 10:00:00+00:00,15300.936472437586
2022-03-10 11:00:00+00:00,15304.457758382687
2022-03-10 12:00:00+00:00,15311.318029365651
2022-03-10 13:00:00+00:00,15388.97675793562
2022-03-10 14:00:00+00:00,15394.70033078562
2022-03-10 15:00:00+00:00,15396.653558224702
2022-03-10 16:00:00+00:00,15395.116880335006
2022-03-10 17:00:00+00:00,15394.432937308282
2022-03-10 18:00:00+00:00,15395.676470084145
2022-03-10 19:00:00+00:00,15400.57065979487
2022-03-10 20:00:00+00:00,15402.08362467217
2022-03-10 21:00:00+00:00,15397.642436186941
2022-03-10 22:00:00+00:00,15400.301227693431
2022-03-10 23:00:00+00:00,15398.61061527672
2022-03-11 00:00:00+00:00,15394.912585664686
2022-03-11 01:00:00+00:00,15372.690042100317
2022-03-11 02:00:00+00:00,15275.516908147947
2022-03-11 03:00:00+00:00,15360.581577466895
2022-03-11 04:00:00+00:00,15313.425762513129
2022-03-11 05:00:00+00:00,15408.695244911916
2022-03-11 06:00:00+00:00,15490.812391020427
2022-03-11 07:00:00+00:00,15498.539992076174
2022-03-11 08:00:00+00:00,15496.8323014775
2022-03-11 09:00:00+00:00,15499.508144884236
2022-03-11 10:00:00+00:00,15498.790708608518
2022-03-11 11:00:00+00:00,15523.681541503294
2022-03-11 12:00:00+00:00,15523.259060562552
2022-03-11 13:00:00+00:00,15500.093077667523
2022-03-11 14:00:00+00:00,15482.256985497552
2022-03-11 15:00:00+00:00,15396.33291939756
2022-03-11 16:00:00+00:00,15319.660090691326
2022-03-11 17:00:00+00:00,15339.15564865458
2022-03-11 18:00:00+00:00,15307.984579299153
2022-03-11 19:00:00+00:00,15309.730450161533
2022-03-11 20:00:00+00:00,15216.217242095247
2022-03-11 21:00:00+00:00,15363.816074585713
2022-03-11 22:00:00+00:00,15357.45092039995
2022-03-11 23:00:00+00:00,15308.130068537683
2022-03-12 00:00:00+00:00,15398.078790259942
2022-03-12 01:00:00+00:00,15423.4302900741
2022-03-12 02:00:00+00:00,15392.804805363165
2022-03-12 03:00:00+00:00,15406.33530454662
2022-03-12 04:00:00+00:00,15407.681080003038
2022-03-12 05:00:00+00:00,15430.632007381422
2022-03-12 06:00:00+00:00,15415.682988122284
2022-03-12 07:00:00+00:00,15425.939979438774
2022-03-12 08:00:00+00:00,15398.878981071866
2022-03-12 09:00:00+00:00,15423.321173145203
2022-03-12 10:00:00+00:00,15417.283369746134
2022-03-12 11:00:00+00:00,15388.040032801251
2022-03-12 12:00:00+00:00,15423.93950240896
2022-03-12 13:00:00+00:00,15407.09912304891
2022-03-12 14:00:00+00:00,15365.889296234789
2022-03-12 15:00:00+00:00,15409.281461626888
2022-03-12 16:00:00+00:00,15447.399642122207
2022-03-12 17:00:00+00:00,15427.103893347028
2022-03-12 18:00:00+00:00,15402.043372009932
2022-03-12 19:00:00+00:00,15385.712204984742
2022-03-12 20:00:00+00:00,15419.974920658971
2022-03-12 21:00:00+00:00,15416.519551243842
2022-03-12 22:00:00+00:00,15418.811006750717
2022-03-12 23:00:00+00:00,15351.558606239414
2022-03-13 00:00:00+00:00,15362.361182200395
2022-03-13 01:00:00+00:00,15418.520028273653
2022-03-13 02:00:00+00:00,15434.778450679578
2022-03-13 03:00:00+00:00,15435.651386110769
2022-03-13 04:00:00+00:00,15416.083083528247
2022-03-13 05:00:00+00:00,15408.33578157643
2022-03-13 06:00:00+00:00,15423.139311597037
2022-03-13 07:00:00+00:00,15395.605473204902
2022-03-13 08:00:00+00:00,15394.58704853518
2022-03-13 09:00:00+00:00,15394.84165470261
2022-03-13 10:00:00+00:00,15423.466662383735
2022-03-13 11:00:00+00:00,15371.308770370099
2022-03-13 12:00:00+00:00,15246.806354496548
2022-03-13 13:00:00+00:00,15321.806056959667
2022-03-13 14:00:00+00:00,15341.01063644586
2022-03-13 15:00:00+00:00,15391.240796048949
2022-03-13 16:00:00+00:00,15402.51621203516
2022-03-13 17:00:00+00:00,15387.458075847124
2022-03-13 18:00:00+00:00,15394.514303915914
2022-03-13 19:00:00+00:00,15331.481091322032
2022-03-13 20:00:00+00:00,15268.338761799248
2022-03-13 21:00:00+00:00,15322.31526929453
2022-03-13 22:00:00+00:00,15166.876574532907
2022-03-13 23:00:00+00:00,15169.393775773864
2022-03-14 00:00:00+00:00,15170.455379023595
2022-03-14 01:00:00+00:00,15174.442580012239
2022-03-14 02:00:00+00:00,15172.19187470318
2022-03-14 03:00:00+00:00,15174.91519339931
2022-03-14 04:00:00+00:00,15182.012359797944
2022-03-14 05:00:00+00:00,15180.214701936271
2022-03-14 06:00:00+00:00,15182.728482537457
2022-03-14 07:00:00+00:00,15186.068388218848
2022-03-14 08:00:00+00:00,15189.585915772836
2022-03-14 09:00:00+00:00,15189.788874236101
2022-03-14 10:00:00+00:00,15188.513424804649
2022-03-14 11:00:00+00:00,15185.394160624961
2022-03-14 12:00:00+00:00,15178.933633912022
2022-03-14 13:00:00+00:00,15199.746032272606
2022-03-14 14:00:00+00:00,15218.065123827397
2022-03-14 15:00:00+00:00,15190.312482989048
2022-03-14 16:00:00+00:00,15164.223434866677
2022-03-14 17:00:00+00:00,15110.163634329598
2022-03-14 18:00:00+00:00,15087.358968705903
2022-03-14 19:00:00+00:00,15111.382565484146
2022-03-14 20:00:00+00:00,15076.111557486998
2022-03-14 21:00:00+00:00,15128.99986978819
2022-03-14 22:00:00+00:00,15282.47841835926
2022-03-14 23:00:00+00:00,15287.249222345554
2022-03-15 00:00:00+00:00,15290.102091887746
2022-03-15 01:00:00+00:00,15245.225434109841
2022-03-15 02:00:00+00:00,15280.294800616146
2022-03-15 03:00:00+00:00,15245.501881818785
2022-03-15 04:00:00+00:00,15249.707836247751
2022-03-15 05:00:00+00:00,15256.164864878137
2022-03-15 06:00:00+00:00,15244.791016281495
2022-03-15 07:00:00+00:00,15217.365369133586
2022-03-15 08:00:00+00:00,15159.892178041757
2022-03-15 09:00:00+00:00,15207.670211019693
2022-03-15 10:00:00+00:00,15228.272422011714
2022-03-15 11:00:00+00:00,15226.656562326067
2022-03-15 12:00:00+00:00,15277.6663146753
2022-03-15 13:00:00+00:00,15224.746909970301
2022-03-15 14:00:00+00:00,15310.717990063573
2022-03-15 15:00:00+00:00,15383.609305052945
2022-03-15 16:00:00+00:00,15391.283427784936
2022-03-15 17:00:00+00:00,15397.851728269357
2022-03-15 18:00:00+00:00,15416.250986874005
2022-03-15 19:00:00+00:00,15423.941392928558
2022-03-15 20:00:00+00:00,15474.951370441991
2022-03-15 21:00:00+00:00,15491.573127803895
2022-03-15 22:00:00+00:00,15481.067609547637
2022-03-15 23:00:00+00:00,15477.209813924233
2022-03-16 00:00:00+00:00,15470.869945306218
2022-03-16 01:00:00+00:00,15500.054654684323
2022-03-16 02:00:00+00:00,15507.786866248845
2022-03-16 03:00:00+00:00,15602.625339105884
2022-03-16 04:00:00+00:00,15601.402058411099
2022-03-16 05:00:00+00:00,15604.191817896353
2022-03-16 06:00:00+00:00,15609.622629005176
2022-03-16 07:00:00+00:00,15609.60180990454
2022-03-16 08:00:00+00:00,15610.408718117871
2022-03-16 09:00:00+00:00,15612.403010589984
2022-03-16 10:00:00+00:00,15609.68940679023
2022-03-16 11:00:00+00:00,15613.399844638874
2022-03-16 12:00:00+00:00,15608.278682580692
2022-03-16 13:00:00+00:00,15612.312654287307
2022-03-16 14:00:00+00:00,15618.19597987315
2022-03-16 15:00:00+00:00,15615.464208342946
2022-03-16 16:00:00+00:00,15608.439355341921
2022-03-16 17:00:00+00:00,15648.290503982962
2022-03-16 18:00:00+00:00,15713.709663952519
2022-03-16 19:00:00+00:00,15721.548457446606
2022-03-16 20:00:00+00:00,15729.391161327532
2022-03-16 21:00:00+00:00,15726.598562173373
2022-03-16 22:00:00+00:00,15714.74141603889
2022-03-16 23:00:00+00:00,15739.624228540924
2022-03-17 00:00:00+00:00,15734.107057316516
2022-03-17 01:00:00+00:00,15739.179892603388
2022-03-17 02:00:00+00:00,15740.957236353534
2022-03-17 03:00:00+00:00,15732.866619490893
2022-03-17 04:00:00+00:00,15738.966981633319
2022-03-17 05:00:00+00:00,15726.914369327646
2022-03-17 06:00:00+00:00,15719.999391299738
2022-03-17 07:00:00+00:00,15722.545065941873
2022-03-17 08:00:00+00:00,15735.32898114474
2022-03-17 09:00:00+00:00,15734.218141300898
2022-03-17 10:00:00+00:00,15737.189637883173
2022-03-17 11:00:00+00:00,15740.966493352233
2022-03-17 12:00:00+00:00,15754.907194808311
2022-03-17 13:00:00+00:00,15757.501125918432
2022-03-17 14:00:00+00:00,15752.277192864243
2022-03-17 15:00:00+00:00,15752.672562998778
2022-03-17 16:00:00+00:00,15751.099494591157
2022-03-17 17:00:00+00:00,15764.394664570686
2022-03-17 18:00:00+00:00,15770.532341517603
2022-03-17 19:00:00+00:00,15780.464620098723
2022-03-17 20:00:00+00:00,15769.747742665844
2022-03-17 21:00:00+00:00,15782.128279863275
2022-03-17 22:00:00+00:00,15781.190636237294
2022-03-17 23:00:00+00:00,15774.463270804277
2022-03-18 00:00:00+00:00,15723.112230485902
2022-03-18 01:00:00+00:00,15762.04514942542
2022-03-18 02:00:00+00:00,15746.226685591351
2022-03-18 03:00:00+00:00,15729.653464039551
2022-03-18 04:00:00+00:00,15738.490418984627
2022-03-18 05:00:00+00:00,15807.236267774442
2022-03-18 06:00:00+00:00,15800.569241267836
2022-03-18 07:00:00+00:00,15783.115469045355
2022-03-18 08:00:00+00:00,15804.12289218881
2022-03-18 09:00:00+00:00,15788.744703690081
2022-03-18 10:00:00+00:00,15787.675463589967
2022-03-18 11:00:00+00:00,15790.568701507927
2022-03-18 12:00:00+00:00,15818.243151157989
2022-03-18 13:00:00+00:00,15838.149885963092
2022-03-18 14:00:00+00:00,15868.107269348759
2022-03-18 15:00:00+00:00,15876.023084180937
2022-03-18 16:00:00+00:00,15882.363627969044
2022-03-18 17:00:00+00:00,15883.942847822094
2022-03-18 18:00:00+00:00,15882.33238416339
2022-03-18 19:00:00+00:00,15891.416727743948
2022-03-18 20:00:00+00:00,15891.866562242096
2022-03-18 21:00:00+00:00,15892.38887153006
2022-03-18 22:00:00+00:00,15886.792708674831
2022-03-18 23:00:00+00:00,15888.739785548909
2022-03-19 00:00:00+00:00,15896.067581087442
2022-03-19 01:00:00+00:00,15893.309895445598
2022-03-19 02:00:00+00:00,15892.259605015599
2022-03-19 03:00:00+00:00,15891.144681328367
2022-03-19 04:00:00+00:00,15890.624922218138
2022-03-19 05:00:00+00:00,15887.247834527832
2022-03-19 06:00:00+00:00,15888.327748534062
2022-03-19 07:00:00+00:00,15880.885408086926
2022-03-19 08:00:00+00:00,15890.404960675849
2022-03-19 09:00:00+00:00,15899.035904381704
2022-03-19 10:00:00+00:00,15894.645648612874
2022-03-19 11:00:00+00:00,15900.25004325164
2022-03-19 12:00:00+00:00,15917.646161408733
2022-03-19 13:00:00+00:00,15907.116369439207
2022-03-19 14:00:00+00:00,15919.538710991705
2022-03-19 15:00:00+00:00,15923.892212816578
2022-03-19 16:00:00+00:00,15929.382170941117
2022-03-19 17:00:00+00:00,15915.027853679187
2022-03-19 18:00:00+00:00,15913.89139737952
2022-03-19 19:00:00+00:00,15908.436407141126
2022-03-19 20:00:00+00:00,15911.067740573428
2022-03-19 21:00:00+00:00,15907.903146877437
2022-03-19 22:00:00+00:00,15934.87155873419
2022-03-19 23:00:00+00:00,15985.613516421108
2022-03-20 00:00:00+00:00,16014.991144703046
2022-03-20 01:00:00+00:00,16014.154824264999
2022-03-20 02:00:00+00:00,16006.766649076159
2022-03-20 03:00:00+00:00,16019.062492982497
2022-03-20 04:00:00+00:00,16006.322113866241
2022-03-20 05:00:00+00:00,16015.61289975353
2022-03-20 06:00:00+00:00,16009.86061413719
2022-03-20 07:00:00+00:00,16012.021055257392
2022-03-20 08:00:00+00:00,16012.234432158153
2022-03-20 09:00:00+00:00,16022.80053687089
2022-03-20 10:00:00+00:00,16014.061083846362
2022-03-20 11:00:00+00:00,15965.453362508513
2022-03-20 12:00:00+00:00,15979.213092602331
2022-03-20 13:00:00+00:00,15925.218437457392
2022-03-20 14:00:00+00:00,15890.939828845632
2022-03-20 15:00:00+00:00,15862.29281302532
2022-03-20 16:00:00+00:00,15846.07304874881
2022-03-20 17:00:00+00:00,15769.647144840492
2022-03-20 18:00:00+00:00,15829.040603172434
2022-03-20 19:00:00+00:00,15936.009779267417
2022-03-20 20:00:00+00:00,15925.952848181565
2022-03-20 21:00:00+00:00,15949.689914481845
2022-03-20 22:00:00+00:00,15939.734568558477
2022-03-20 23:00:00+00:00,15887.519795042026
2022-03-21 00:00:00+00:00,15917.62286485793
2022-03-21 01:00:00+00:00,15901.606270906384
2022-03-21 02:00:00+00:00,15828.160198430913
2022-03-21 03:00:00+00:00,15827.889304664288
2022-03-21 04:00:00+00:00,15833.002424509286
2022-03-21 05:00:00+00:00,15912.983809104524
2022-03-21 06:00:00+00:00,15885.014027700767
2022-03-21 07:00:00+00:00,15983.348464984665
2022-03-21 08:00:00+00:00,15954.362831956078
2022-03-21 09:00:00+00:00,16059.97753921795
2022-03-21 10:00:00+00:00,16053.103609889913
2022-03-21 11:00:00+00:00,16038.678516817272
2022-03-21 12:00:00+00:00,16062.110827630102
2022-03-21 13:00:00+00:00,16112.931445023281
2022-03-21 14:00:00+00:00,16131.453078837461
2022-03-21 15:00:00+00:00,16139.06965304468
2022-03-21 16:00:00+00:00,16093.977866796056
2022-03-21 17:00:00+00:00,16119.640023528285
2022-03-21 18:00:00+00:00,16091.075816354787
2022-03-21 19:00:00+00:00,16139.118066735495
2022-03-21 20:00:00+00:00,16114.271278808019
2022-03-21 21:00:00+00:00,16148.601103515746
2022-03-21 22:00:00+00:00,16108.729244326056
2022-03-21 23:00:00+00:00,16053.124165023673
2022-03-22 00:00:00+00:00,16095.705463293438
2022-03-22 01:00:00+00:00,16079.079359847543
2022-03-22 02:00:00+00:00,16228.703948033826
2022-03-22 03:00:00+00:00,16236.799646735526
2022-03-22 04:00:00+00:00,16244.89938398138
2022-03-22 05:00:00+00:00,16240.043013608452
2022-03-22 06:00:00+00:00,16229.67860034828
2022-03-22 07:00:00+00:00,16254.692482481703
2022-03-22 08:00:00+00:00,16335.121443539692
2022-03-22 09:00:00+00:00,16332.246983177527
2022-03-22 10:00:00+00:00,16335.807353100337
2022-03-22 11:00:00+00:00,16336.232431486558
2022-03-22 12:00:00+00:00,16333.248760266075
2022-03-22 13:00:00+00:00,16334.845854205138
2022-03-22 14:00:00+00:00,16340.276884398225
2022-03-22 15:00:00+00:00,16335.190821920985
2022-03-22 16:00:00+00:00,16331.87382465322
2022-03-22 17:00:00+00:00,16338.87932288274
2022-03-22 18:00:00+00:00,16333.191778234279
2022-03-22 19:00:00+00:00,16319.056947210574
2022-03-22 20:00:00+00:00,16333.881713665975
2022-03-22 21:00:00+00:00,16346.450921979293
2022-03-22 22:00:00+00:00,16332.572605410962
2022-03-22 23:00:00+00:00,16299.615568039324
2022-03-23 00:00:00+00:00,16307.875672555823
2022-03-23 01:00:00+00:00,16290.974492284848
2022-03-23 02:00:00+00:00,16347.26862850588
2022-03-23 03:00:00+00:00,16250.413067981965
2022-03-23 04:00:00+00:00,16219.048710817522
2022-03-23 05:00:00+00:00,16254.489423746621
2022-03-23 06:00:00+00:00,16284.337780833299
2022-03-23 07:00:00+00:00,16256.948712761663
2022-03-23 08:00:00+00:00,16279.68871392815
2022-03-23 09:00:00+00:00,16279.587647256296
2022-03-23 10:00:00+00:00,16294.478136909016
2022-03-23 11:00:00+00:00,16258.262579495728
2022-03-23 12:00:00+00:00,16303.641515156847
2022-03-23 13:00:00+00:00,16270.727469024023
2022-03-23 14:00:00+00:00,16435.01951313538
2022-03-23 15:00:00+00:00,16443.21813248052
2022-03-23 16:00:00+00:00,16438.68961861098
2022-03-23 17:00:00+00:00,16355.512133853805
2022-03-23 18:00:00+00:00,16324.874178316464
2022-03-23 19:00:00+00:00,16349.610811080645
2022-03-23 20:00:00+00:00,16407.309236329114
2022-03-23 21:00:00+00:00,16454.856163335666
2022-03-23 22:00:00+00:00,16476.810307123902
2022-03-23 23:00:00+00:00,16534.5416285892
2022-03-24 00:00:00+00:00,16542.789894601345
2022-03-24 01:00:00+00:00,16533.548501805817
2022-03-24 02:00:00+00:00,16557.932884974314
2022-03-24 03:00:00+00:00,16529.986001457277
2022-03-24 04:00:00+00:00,16548.21222983795
2022-03-24 05:00:00+00:00,16585.680277434447
2022-03-24 06:00:00+00:00,16597.500121970334
2022-03-24 07:00:00+00:00,16590.142059871752
2022-03-24 08:00:00+00:00,16599.52505819461
2022-03-24 09:00:00+00:00,16599.409875023506
2022-03-24 10:00:00+00:00,16604.75260211386
2022-03-24 11:00:00+00:00,16599.985790879018
2022-03-24 12:00:00+00:00,16562.097440712852
2022-03-24 13:00:00+00:00,16589.786427626423
2022-03-24 14:00:00+00:00,16652.391286714323
2022-03-24 15:00:00+00:00,16660.698342099135
2022-03-24 16:00:00+00:00,16666.298151728373
2022-03-24 17:00:00+00:00,16656.425760902646
2022-03-24 18:00:00+00:00,16664.744406753147
2022-03-24 19:00:00+00:00,16665.390345675434
2022-03-24 20:00:00+00:00,16661.54962775915
2022-03-24 21:00:00+00:00,16664.395250578942
2022-03-24 22:00:00+00:00,16666.83061489404
2022-03-24 23:00:00+00:00,16667.144855450828
2022-03-25 00:00:00+00:00,16660.76402636718
2022-03-25 01:00:00+00:00,16687.72513114329
2022-03-25 02:00:00+00:00,16686.47184242123
2022-03-25 03:00:00+00:00,16690.01783845085
2022-03-25 04:00:00+00:00,16692.184391329745
2022-03-25 05:00:00+00:00,16687.30964735223
2022-03-25 06:00:00+00:00,16692.042978395533
2022-03-25 07:00:00+00:00,16688.126106934673
2022-03-25 08:00:00+00:00,16699.082524582765
2022-03-25 09:00:00+00:00,16707.799337785946
2022-03-25 10:00:00+00:00,16714.795762726993
2022-03-25 11:00:00+00:00,16719.243890011476
2022-03-25 12:00:00+00:00,16723.133948622108
2022-03-25 13:00:00+00:00,16720.476600792404
2022-03-25 14:00:00+00:00,16724.05451004749
2022-03-25 15:00:00+00:00,16655.983257709624
2022-03-25 16:00:00+00:00,16579.035862106513
2022-03-25 17:00:00+00:00,16603.00262920185
2022-03-25 18:00:00+00:00,16667.882692169736
2022-03-25 19:00:00+00:00,16643.62205463318
2022-03-25 20:00:00+00:00,16674.870278216607
2022-03-25 21:00:00+00:00,16667.458212643527
2022-03-25 22:00:00+00:00,16591.149854739167
2022-03-25 23:00:00+00:00,16601.663886080718
2022-03-26 00:00:00+00:00,16562.415856041764
2022-03-26 01:00:00+00:00,16615.541101360715
2022-03-26 02:00:00+00:00,16600.22718614585
2022-03-26 03:00:00+00:00,16622.23481696636
2022-03-26 04:00:00+00:00,16634.348809599018
2022-03-26 05:00:00+00:00,16678.233462155054
2022-03-26 06:00:00+00:00,16663.833810535103
2022-03-26 07:00:00+00:00,16707.196026751186
2022-03-26 08:00:00+00:00,16696.355472697167
2022-03-26 09:00:00+00:00,16687.47405491797
2022-03-26 10:00:00+00:00,16670.625482954492
2022-03-26 11:00:00+00:00,16668.796955764654
2022-03-26 12:00:00+00:00,16673.531535095477
2022-03-26 13:00:00+00:00,16634.838593667722
2022-03-26 14:00:00+00:00,16652.92795193859
2022-03-26 15:00:00+00:00,16648.12806806527
2022-03-26 16:00:00+00:00,16675.033539572843
2022-03-26 17:00:00+00:00,16661.156324292846
2022-03-26 18:00:00+00:00,16677.776330357592
2022-03-26 19:00:00+00:00,16671.474442006915
2022-03-26 20:00:00+00:00,16736.223895889816
2022-03-26 21:00:00+00:00,16721.367112472406
2022-03-26 22:00:00+00:00,16706.60828586874
2022-03-26 23:00:00+00:00,16741.61152064558
2022-03-27 00:00:00+00:00,16757.480524471644
2022-03-27 01:00:00+00:00,16755.65199728181
2022-03-27 02:00:00+00:00,16778.704500782227
2022-03-27 03:00:00+00:00,16737.562639010943
2022-03-27 04:00:00+00:00,16721.758939727373
2022-03-27 05:00:00+00:00,16723.816032815936
2022-03-27 06:00:00+00:00,16757.839699455362
2022-03-27 07:00:00+00:00,16775.210707758793
2022-03-27 08:00:00+00:00,16736.974898128497
2022-03-27 09:00:00+00:00,16731.326055202757
2022-03-27 10:00:00+00:00,16749.056238489906
2022-03-27 11:00:00+00:00,16746.737927231366
2022-03-27 12:00:00+00:00,16683.03334602837
2022-03-27 13:00:00+00:00,16742.23191379927
2022-03-27 14:00:00+00:00,16747.978713538752
2022-03-27 15:00:00+00:00,16825.404923761875
2022-03-27 16:00:00+00:00,16827.471556327888
2022-03-27 17:00:00+00:00,16827.081892049497
2022-03-27 18:00:00+00:00,16826.86452830237
2022-03-27 19:00:00+00:00,16825.97386709462
2022-03-27 20:00:00+00:00,16833.798287103335
2022-03-27 21:00:00+00:00,16842.195837479136
2022-03-27 22:00:00+00:00,16839.464380705977
2022-03-27 23:00:00+00:00,16846.095064473175
2022-03-28 00:00:00+00:00,16850.59757697798
2022-03-28 01:00:00+00:00,16849.90592424705
2022-03-28 02:00:00+00:00,16852.112822190353
2022-03-28 03:00:00+00:00,16855.010174878378
2022-03-28 04:00:00+00:00,16856.66215178611
2022-03-28 05:00:00+00:00,16859.003507689613
2022-03-28 06:00:00+00:00,16856.92673603903
2022-03-28 07:00:00+00:00,16856.990073897097
2022-03-28 08:00:00+00:00,16857.68932385019
2022-03-28 09:00:00+00:00,16861.50479642031
2022-03-28 10:00:00+00:00,16864.707158524317
2022-03-28 11:00:00+00:00,16863.939503684513
2022-03-28 12:00:00+00:00,16861.99376468461
2022-03-28 13:00:00+00:00,16867.413631704825
2022-03-28 14:00:00+00:00,16869.502950633814
2022-03-28 15:00:00+00:00,16861.353265559526
2022-03-28 16:00:00+00:00,16883.53199689489
2022-03-28 17:00:00+00:00,16923.197452982666
2022-03-28 18:00:00+00:00,16930.000535776006
2022-03-28 19:00:00+00:00,16931.639600186005
2022-03-28 20:00:00+00:00,16932.36303931248
2022-03-28 21:00:00+00:00,16987.6358292476
2022-03-28 22:00:00+00:00,16984.349354812184
2022-03-28 23:00:00+00:00,16953.21047029912
2022-03-29 00:00:00+00:00,17004.459856384266
2022-03-29 01:00:00+00:00,17043.8172487422
2022-03-29 02:00:00+00:00,17039.51305339782
2022-03-29 03:00:00+00:00,17038.292038712065
2022-03-29 04:00:00+00:00,17043.083139546907
2022-03-29 05:00:00+00:00,17047.143138995834
2022-03-29 06:00:00+00:00,17049.879116347245
2022-03-29 07:00:00+00:00,17042.510317842476
2022-03-29 08:00:00+00:00,17049.130428330056
2022-03-29 09:00:00+00:00,17052.319567203027
2022-03-29 10:00:00+00:00,17053.10496247079
2022-03-29 11:00:00+00:00,17060.826127050517
2022-03-29 12:00:00+00:00,17060.08376210012
2022-03-29 13:00:00+00:00,17053.688222291777
2022-03-29 14:00:00+00:00,17056.95847430903
2022-03-29 15:00:00+00:00,17009.69690032861
2022-03-29 16:00:00+00:00,17073.82255010315
2022-03-29 17:00:00+00:00,17015.891648094
2022-03-29 18:00:00+00:00,17052.18644459841
2022-03-29 19:00:00+00:00,17098.82495207963
2022-03-29 20:00:00+00:00,17000.49849240958
2022-03-29 21:00:00+00:00,16932.805330632378
2022-03-29 22:00:00+00:00,16966.101063007423
2022-03-29 23:00:00+00:00,17009.64869827368
2022-03-30 00:00:00+00:00,16924.267178672235
2022-03-30 01:00:00+00:00,16845.893676271055
2022-03-30 02:00:00+00:00,16914.321302733
2022-03-30 03:00:00+00:00,16959.460278149534
2022-03-30 04:00:00+00:00,16923.196084340318
2022-03-30 05:00:00+00:00,17022.777254513472
2022-03-30 06:00:00+00:00,17022.042789828723
2022-03-30 07:00:00+00:00,17034.283867907783
2022-03-30 08:00:00+00:00,17017.911425977043
2022-03-30 09:00:00+00:00,16970.630261896673
2022-03-30 10:00:00+00:00,17003.681172710138
2022-03-30 11:00:00+00:00,17032.7843358431
2022-03-30 12:00:00+00:00,17009.924122530458
2022-03-30 13:00:00+00:00,16915.269986284125
2022-03-30 14:00:00+00:00,16927.419256277593
2022-03-30 15:00:00+00:00,16954.931079260277
2022-03-30 16:00:00+00:00,16993.949515637283
2022-03-30 17:00:00+00:00,17121.59335730668
2022-03-30 18:00:00+00:00,16997.86666062258
2022-03-30 19:00:00+00:00,16993.092640171748
2022-03-30 20:00:00+00:00,17049.03436699305
2022-03-30 21:00:00+00:00,16971.517740057407
2022-03-30 22:00:00+00:00,16976.322363203435
2022-03-30 23:00:00+00:00,16964.60153094274
2022-03-31 00:00:00+00:00,17006.680236839507
2022-03-31 01:00:00+00:00,17073.394112370384
2022-03-31 02:00:00+00:00,17022.869062599064
2022-03-31 03:00:00+00:00,17000.406684323985
2022-03-31 04:00:00+00:00,16979.26022194241
2022-03-31 05:00:00+00:00,16990.06297334718
2022-03-31 06:00:00+00:00,17009.281465931304
2022-03-31 07:00:00+00:00,17017.666604415463
2022-03-31 08:00:00+00:00,17030.519736398473
2022-03-31 09:00:00+00:00,17064.54993345826
2022-03-31 10:00:00+00:00,17060.081939959404
2022-03-31 11:00:00+00:00,17036.21183770524
2022-03-31 12:00:00+00:00,17095.122025960714
2022-03-31 13:00:00+00:00,16946.36232460494
2022-03-31 14:00:00+00:00,16946.882570423295
2022-03-31 15:00:00+00:00,16857.27787888458
2022-03-31 16:00:00+00:00,16668.690570386665
2022-03-31 17:00:00+00:00,16673.812412318817
2022-03-31 18:00:00+00:00,16677.291413567425
2022-03-31 19:00:00+00:00,16677.005756678915
2022-03-31 20:00:00+00:00,16679.94433392418
2022-03-31 21:00:00+00:00,16677.105499755024
2022-03-31 22:00:00+00:00,16677.739734377265
2022-03-31 23:00:00+00:00,16675.65437093933
2022-04-01 00:00:00+00:00,16680.593790177358
2022-04-01 01:00:00+00:00,16664.862206717175
2022-04-01 02:00:00+00:00,16629.92272909676
2022-04-01 03:00:00+00:00,16699.67003493135
2022-04-01 04:00:00+00:00,16691.194992843077
2022-04-01 05:00:00+00:00,16701.731531655525
2022-04-01 06:00:00+00:00,16737.006031158075
2022-04-01 07:00:00+00:00,16769.627678863122
2022-04-01 08:00:00+00:00,16768.840282454985
2022-04-01 09:00:00+00:00,16767.16214099972
2022-04-01 10:00:00+00:00,16769.94882643
2022-04-01 11:00:00+00:00,16770.206805557827
2022-04-01 12:00:00+00:00,16776.204181717592
2022-04-01 13:00:00+00:00,16777.9932176925
2022-04-01 14:00:00+00:00,16786.362929675943
2022-04-01 15:00:00+00:00,16788.05467790061
2022-04-01 16:00:00+00:00,16782.411845516523
2022-04-01 17:00:00+00:00,16794.736816895227
2022-04-01 18:00:00+00:00,16800.1742495268
2022-04-01 19:00:00+00:00,16804.644958747984
2022-04-01 20:00:00+00:00,16782.10184193304
2022-04-01 21:00:00+00:00,16790.134900727993
2022-04-01 22:00:00+00:00,16790.150698287078
2022-04-01 23:00:00+00:00,16793.231222308743
2022-04-02 00:00:00+00:00,16821.981041577896
2022-04-02 01:00:00+00:00,16809.445074943505
2022-04-02 02:00:00+00:00,16798.63054371663
2022-04-02 03:00:00+00:00,16809.2772481104
2022-04-02 04:00:00+00:00,16815.68128082846
2022-04-02 05:00:00+00:00,16818.947337514666
2022-04-02 06:00:00+00:00,16831.38717106949
2022-04-02 07:00:00+00:00,16824.742987124508
2022-04-02 08:00:00+00:00,16813.055627414054
2022-04-02 09:00:00+00:00,16840.208726138615
2022-04-02 10:00:00+00:00,16839.264131312702
2022-04-02 11:00:00+00:00,16830.13838468947
2022-04-02 12:00:00+00:00,16877.61460843362
2022-04-02 13:00:00+00:00,16875.785526289514
2022-04-02 14:00:00+00:00,16872.719335031277
2022-04-02 15:00:00+00:00,16848.132273090527
2022-04-02 16:00:00+00:00,16870.092822349707
2022-04-02 17:00:00+00:00,16870.75196035822
2022-04-02 18:00:00+00:00,16839.82357995091
2022-04-02 19:00:00+00:00,16894.632052426685
2022-04-02 20:00:00+00:00,16894.930366725166
2022-04-02 21:00:00+00:00,16914.646229906706
2022-04-02 22:00:00+00:00,16884.08257405307
2022-04-02 23:00:00+00:00,16821.734885670186
2022-04-03 00:00:00+00:00,16884.543605241633
2022-04-03 01:00:00+00:00,16816.305893634457
2022-04-03 02:00:00+00:00,16789.576074047938
2022-04-03 03:00:00+00:00,16866.177637560984
2022-04-03 04:00:00+00:00,16925.19851436612
2022-04-03 05:00:00+00:00,16926.90276460821
2022-04-03 06:00:00+00:00,16980.830316048043
2022-04-03 07:00:00+00:00,16978.958832132634
2022-04-03 08:00:00+00:00,16967.71726333954
2022-04-03 09:00:00+00:00,16982.09730105729
2022-04-03 10:00:00+00:00,16974.34994703673
2022-04-03 11:00:00+00:00,16974.90332946677
2022-04-03 12:00:00+00:00,16981.520202237392
2022-04-03 13:00:00+00:00,16985.686381389263
2022-04-03 14:00:00+00:00,16996.951666572215
2022-04-03 15:00:00+00:00,16987.06983746436
2022-04-03 16:00:00+00:00,16977.39355040195
2022-04-03 17:00:00+00:00,16981.725744282834
2022-04-03 18:00:00+00:00,16993.94759052343
2022-04-03 19:00:00+00:00,16976.7294914859
2022-04-03 20:00:00+00:00,16980.974725270637
2022-04-03 21:00:00+00:00,17008.967970767368
2022-04-03 22:00:00+00:00,17008.376419417957
2022-04-03 23:00:00+00:00,17000.78490485416
2022-04-04 00:00:00+00:00,16943.14959922983
2022-04-04 01:00:00+00:00,16969.903280779028
2022-04-04 02:00:00+00:00,17013.75334932428
2022-04-04 03:00:00+00:00,16981.508264989956
2022-04-04 04:00:00+00:00,17000.579392889034
2022-04-04 05:00:00+00:00,17024.925513611255
2022-04-04 06:00:00+00:00,17016.404371358476
2022-04-04 07:00:00+00:00,17014.61898917218
2022-04-04 08:00:00+00:00,16994.574016444218
2022-04-04 09:00:00+00:00,16921.860269220502
2022-04-04 10:00:00+00:00,16893.648809016962
2022-04-04 11:00:00+00:00,16958.84384707618
2022-04-04 12:00:00+00:00,16920.788554961102
2022-04-04 13:00:00+00:00,16962.064827913506
2022-04-04 14:00:00+00:00,16863.94420796162
2022-04-04 15:00:00+00:00,16796.750968827393
2022-04-04 16:00:00+00:00,16870.594936912763
2022-04-04 17:00:00+00:00,16836.088688498075
2022-04-04 18:00:00+00:00,16904.68365077447
2022-04-04 19:00:00+00:00,16996.869315294618
2022-04-04 20:00:00+00:00,17049.568140660875
2022-04-04 21:00:00+00:00,17046.67522268661
2022-04-04 22:00:00+00:00,17112.391805965854
2022-04-04 23:00:00+00:00,17109.67987931389
2022-04-05 00:00:00+00:00,17107.223858031328
2022-04-05 01:00:00+00:00,17116.851038153312
2022-04-05 02:00:00+00:00,17112.813322806098
2022-04-05 03:00:00+00:00,17119.962454097342
2022-04-05 04:00:00+00:00,17120.089127519997
2022-04-05 05:00:00+00:00,17117.033131198383
2022-04-05 06:00:00+00:00,17115.766396971805
2022-04-05 07:00:00+00:00,17122.345497861086
2022-04-05 08:00:00+00:00,17120.63540665521
2022-04-05 09:00:00+00:00,17108.31641630175
2022-04-05 10:00:00+00:00,17114.00880323243
2022-04-05 11:00:00+00:00,17119.226164828142
2022-04-05 12:00:00+00:00,17140.15132683852
2022-04-05 13:00:00+00:00,17125.868975214624
2022-04-05 14:00:00+00:00,17095.078741084602
2022-04-05 15:00:00+00:00,17095.062415030527
2022-04-05 16:00:00+00:00,17144.520592003595
2022-04-05 17:00:00+00:00,17104.72472564655
2022-04-05 18:00:00+00:00,17087.484440290486
2022-04-05 19:00:00+00:00,17141.436068106024
2022-04-05 20:00:00+00:00,17079.332484275474
2022-04-05 21:00:00+00:00,17109.9298597237
2022-04-05 22:00:00+00:00,17083.683866202406
2022-04-05 23:00:00+00:00,16978.578120744947
2022-04-06 00:00:00+00:00,16753.826268657765
2022-04-06 01:00:00+00:00,16757.97271076569
2022-04-06 02:00:00+00:00,16757.65805587798
2022-04-06 03:00:00+00:00,16757.610228335045
2022-04-06 04:00:00+00:00,16761.87694861242
2022-04-06 05:00:00+00:00,16762.183924944184
2022-04-06 06:00:00+00:00,16761.286161581127
2022-04-06 07:00:00+00:00,16753.557310859243
2022-04-06 08:00:00+00:00,16762.46531982486
2022-04-06 09:00:00+00:00,16755.278822163447
2022-04-06 10:00:00+00:00,16738.519679251
2022-04-06 11:00:00+00:00,16701.70584237355
2022-04-06 12:00:00+00:00,16705.633175976167
2022-04-06 13:00:00+00:00,16550.57640286184
2022-04-06 14:00:00+00:00,16561.864994064625
2022-04-06 15:00:00+00:00,16561.18458582775
2022-04-06 16:00:00+00:00,16376.912527453762
2022-04-06 17:00:00+00:00,16391.704867301323
2022-04-06 18:00:00+00:00,16403.478962484616
2022-04-06 19:00:00+00:00,16402.72901247974
2022-04-06 20:00:00+00:00,16409.077958734943
2022-04-06 21:00:00+00:00,16403.65490047529
2022-04-06 22:00:00+00:00,16364.344449746048
2022-04-06 23:00:00+00:00,16321.014493200644
2022-04-07 00:00:00+00:00,16278.6181617412
2022-04-07 01:00:00+00:00,16398.98797657471
2022-04-07 02:00:00+00:00,16375.720047419083
2022-04-07 03:00:00+00:00,16378.742674210613
2022-04-07 04:00:00+00:00,16446.216520192356
2022-04-07 05:00:00+00:00,16483.715983824768
2022-04-07 06:00:00+00:00,16465.20239472665
2022-04-07 07:00:00+00:00,16503.79507514221
2022-04-07 08:00:00+00:00,16502.806296140036
2022-04-07 09:00:00+00:00,16515.632989830323
2022-04-07 10:00:00+00:00,16511.599635381648
2022-04-07 11:00:00+00:00,16530.567337550725
2022-04-07 12:00:00+00:00,16522.937150444734
2022-04-07 13:00:00+00:00,16538.03332911506
2022-04-07 14:00:00+00:00,16467.219427417887
2022-04-07 15:00:00+00:00,16506.528217450297
2022-04-07 16:00:00+00:00,16576.008358498868
2022-04-07 17:00:00+00:00,16589.026011119153
2022-04-07 18:00:00+00:00,16632.028499508015
2022-04-07 19:00:00+00:00,16631.66066410177
2022-04-07 20:00:00+00:00,16636.108487882226
2022-04-07 21:00:00+00:00,16631.06917145178
2022-04-07 22:00:00+00:00,16635.499226264612
2022-04-07 23:00:00+00:00,16639.957378003055
2022-04-08 00:00:00+00:00,16637.000591327756
2022-04-08 01:00:00+00:00,16644.51848045003
2022-04-08 02:00:00+00:00,16648.258230725045
2022-04-08 03:00:00+00:00,16648.756371081254
2022-04-08 04:00:00+00:00,16646.462313723074
2022-04-08 05:00:00+00:00,16649.421647715128
2022-04-08 06:00:00+00:00,16648.516769534956
2022-04-08 07:00:00+00:00,16653.487227144346
2022-04-08 08:00:00+00:00,16656.563224332396
2022-04-08 09:00:00+00:00,16654.94438859946
2022-04-08 10:00:00+00:00,16654.249365827036
2022-04-08 11:00:00+00:00,16638.76879937919
2022-04-08 12:00:00+00:00,16616.23408638711
2022-04-08 13:00:00+00:00,16587.51067446883
2022-04-08 14:00:00+00:00,16749.071611349205
2022-04-08 15:00:00+00:00,16745.77331274377
2022-04-08 16:00:00+00:00,16738.66922107517
2022-04-08 17:00:00+00:00,16735.839687596606
2022-04-08 18:00:00+00:00,16775.376198459897
2022-04-08 19:00:00+00:00,16717.21908124663
2022-04-08 20:00:00+00:00,16749.869697619935
2022-04-08 21:00:00+00:00,16669.62033558466
2022-04-08 22:00:00+00:00,16575.387119471547
2022-04-08 23:00:00+00:00,16580.669658533803
2022-04-09 00:00:00+00:00,16655.38437269578
2022-04-09 01:00:00+00:00,16659.275105058994
2022-04-09 02:00:00+00:00,16569.440309030204
2022-04-09 03:00:00+00:00,16635.99397482055
2022-04-09 04:00:00+00:00,16627.83292644892
2022-04-09 05:00:00+00:00,16686.288807808498
2022-04-09 06:00:00+00:00,16611.1628780309
2022-04-09 07:00:00+00:00,16635.740919057087
2022-04-09 08:00:00+00:00,16634.760327973672
2022-04-09 09:00:00+00:00,16629.00330935493
2022-04-09 10:00:00+00:00,16643.364223931363
2022-04-09 11:00:00+00:00,16635.076647678
2022-04-09 12:00:00+00:00,16698.751804158972
2022-04-09 13:00:00+00:00,16674.078867221488
2022-04-09 14:00:00+00:00,16694.544752091428
2022-04-09 15:00:00+00:00,16634.47564023978
2022-04-09 16:00:00+00:00,16670.029975006106
2022-04-09 17:00:00+00:00,16735.44488986087
2022-04-09 18:00:00+00:00,16709.85462578084
2022-04-09 19:00:00+00:00,16710.23420942603
2022-04-09 20:00:00+00:00,16680.183837514993
2022-04-09 21:00:00+00:00,16722.823733658235
2022-04-09 22:00:00+00:00,16754.866919706532
2022-04-09 23:00:00+00:00,16790.010038857232
2022-04-10 00:00:00+00:00,16761.509633497393
2022-04-10 01:00:00+00:00,16783.746908711564
2022-04-10 02:00:00+00:00,16795.861953387277
2022-04-10 03:00:00+00:00,16786.05604255315
2022-04-10 04:00:00+00:00,16771.663496006284
2022-04-10 05:00:00+00:00,16745.978336014952
2022-04-10 06:00:00+00:00,16766.53911679619
2022-04-10 07:00:00+00:00,16741.48659621351
2022-04-10 08:00:00+00:00,16741.20190847962
2022-04-10 09:00:00+00:00,16733.26228390102
2022-04-10 10:00:00+00:00,16748.761949413027
2022-04-10 11:00:00+00:00,16768.531930933448
2022-04-10 12:00:00+00:00,16744.839585079375
2022-04-10 13:00:00+00:00,16731.775581290683
2022-04-10 14:00:00+00:00,16766.28606103273
2022-04-10 15:00:00+00:00,16782.007150337766
2022-04-10 16:00:00+00:00,16850.395470413205
2022-04-10 17:00:00+00:00,16851.501209272727
2022-04-10 18:00:00+00:00,16848.75078931418
2022-04-10 19:00:00+00:00,16849.62936849081
2022-04-10 20:00:00+00:00,16848.850395674322
2022-04-10 21:00:00+00:00,16840.09715722342
2022-04-10 22:00:00+00:00,16759.690609847097
2022-04-10 23:00:00+00:00,16701.085958331307
2022-04-11 00:00:00+00:00,16703.78717068943
2022-04-11 01:00:00+00:00,16650.398502905315
2022-04-11 02:00:00+00:00,16576.86196882648
2022-04-11 03:00:00+00:00,16612.9628775186
2022-04-11 04:00:00+00:00,16625.769801993003
2022-04-11 05:00:00+00:00,16644.646509530954
2022-04-11 06:00:00+00:00,16619.795355836206
2022-04-11 07:00:00+00:00,16623.449937261907
2022-04-11 08:00:00+00:00,16567.93207856021
2022-04-11 09:00:00+00:00,16471.68208976988
2022-04-11 10:00:00+00:00,16479.0216222084
2022-04-11 11:00:00+00:00,16463.967832201855
2022-04-11 12:00:00+00:00,16469.524574383016
2022-04-11 13:00:00+00:00,16488.992864421292
2022-04-11 14:00:00+00:00,16420.544058185238
2022-04-11 15:00:00+00:00,16354.777745896788
2022-04-11 16:00:00+00:00,16409.411085709344
2022-04-11 17:00:00+00:00,16420.875317624952
2022-04-11 18:00:00+00:00,16467.76236467691
2022-04-11 19:00:00+00:00,16359.333991515654
2022-04-11 20:00:00+00:00,16320.255914029407
2022-04-11 21:00:00+00:00,16224.886796354629
2022-04-11 22:00:00+00:00,16344.67971245831
2022-04-11 23:00:00+00:00,16276.725062407815
2022-04-12 00:00:00+00:00,16248.41339402492
2022-04-12 01:00:00+00:00,16252.367723294363
2022-04-12 02:00:00+00:00,16232.728995578058
2022-04-12 03:00:00+00:00,16287.69084945753
2022-04-12 04:00:00+00:00,16347.105477472338
2022-04-12 05:00:00+00:00,16407.118239326224
2022-04-12 06:00:00+00:00,16365.714085799125
2022-04-12 07:00:00+00:00,16427.886775405226
2022-04-12 08:00:00+00:00,16430.41222939243
2022-04-12 09:00:00+00:00,16428.152612667036
2022-04-12 10:00:00+00:00,16399.242810445066
2022-04-12 11:00:00+00:00,16480.19025666658
2022-04-12 12:00:00+00:00,16572.415301301196
2022-04-12 13:00:00+00:00,16557.96021648803
2022-04-12 14:00:00+00:00,16530.94743432442
2022-04-12 15:00:00+00:00,16584.0946055244
2022-04-12 16:00:00+00:00,16575.843446525316
2022-04-12 17:00:00+00:00,16548.056455190166
2022-04-12 18:00:00+00:00,16452.773769836775
2022-04-12 19:00:00+00:00,16356.484408238002
2022-04-12 20:00:00+00:00,16404.844984670875
2022-04-12 21:00:00+00:00,16480.027955501515
2022-04-12 22:00:00+00:00,16493.639818992648
2022-04-12 23:00:00+00:00,16539.960288120958
2022-04-13 00:00:00+00:00,16535.445296545273
2022-04-13 01:00:00+00:00,16547.920051046975
2022-04-13 02:00:00+00:00,16601.765506134754
2022-04-13 03:00:00+00:00,16611.631598837175
2022-04-13 04:00:00+00:00,16648.21975279123
2022-04-13 05:00:00+00:00,16663.73794605876
2022-04-13 06:00:00+00:00,16609.792157824857
2022-04-13 07:00:00+00:00,16619.22347356073
2022-04-13 08:00:00+00:00,16633.40389154658
2022-04-13 09:00:00+00:00,16616.079701648774
2022-04-13 10:00:00+00:00,16556.047035883203
2022-04-13 11:00:00+00:00,16494.57626168983
2022-04-13 12:00:00+00:00,16469.12508695579
2022-04-13 13:00:00+00:00,16673.76455069981
2022-04-13 14:00:00+00:00,16671.256557365177
2022-04-13 15:00:00+00:00,16682.082268150185
2022-04-13 16:00:00+00:00,16679.37875245659
2022-04-13 17:00:00+00:00,16681.596604526232
2022-04-13 18:00:00+00:00,16703.332967952407
2022-04-13 19:00:00+00:00,16685.451068971845
2022-04-13 20:00:00+00:00,16702.373751914572
2022-04-13 21:00:00+00:00,16702.919361037013
2022-04-13 22:00:00+00:00,16709.143745947862
2022-04-13 23:00:00+00:00,16707.07088563002
2022-04-14 00:00:00+00:00,16707.239257978235
2022-04-14 01:00:00+00:00,16712.64053600595
2022-04-14 02:00:00+00:00,16709.227655233368
2022-04-14 03:00:00+00:00,16706.969327705698
2022-04-14 04:00:00+00:00,16705.42725080219
2022-04-14 05:00:00+00:00,16704.962222411876
2022-04-14 06:00:00+00:00,16705.385063702764
2022-04-14 07:00:00+00:00,16710.824610800355
2022-04-14 08:00:00+00:00,16705.612075299134
2022-04-14 09:00:00+00:00,16699.31686910754
2022-04-14 10:00:00+00:00,16675.694642794348
2022-04-14 11:00:00+00:00,16664.680206871773
2022-04-14 12:00:00+00:00,16690.01698560925
2022-04-14 13:00:00+00:00,16597.093231371975
2022-04-14 14:00:00+00:00,16588.563143344978
2022-04-14 15:00:00+00:00,16496.216005816714
2022-04-14 16:00:00+00:00,16496.216005816714
2022-04-14 17:00:00+00:00,16515.902539996307
2022-04-14 18:00:00+00:00,16388.837933408082
2022-04-14 19:00:00+00:00,16429.208630188536
2022-04-14 20:00:00+00:00,16489.365623990707
2022-04-14 21:00:00+00:00,16509.185175293132
2022-04-14 22:00:00+00:00,16492.12572928953
2022-04-14 23:00:00+00:00,16516.434608487645
2022-04-15 00:00:00+00:00,16494.786071746235
2022-04-15 01:00:00+00:00,16521.090207786874
2022-04-15 02:00:00+00:00,16525.380009998305
2022-04-15 03:00:00+00:00,16583.009678466613
2022-04-15 04:00:00+00:00,16552.582011618084
2022-04-15 05:00:00+00:00,16572.268545797677
2022-04-15 06:00:00+00:00,16520.39186789199
2022-04-15 07:00:00+00:00,16558.46801930354
2022-04-15 08:00:00+00:00,16526.477401261698
2022-04-15 09:00:00+00:00,16523.318244594364
2022-04-15 10:00:00+00:00,16546.862275336178
2022-04-15 11:00:00+00:00,16534.0593772633
2022-04-15 12:00:00+00:00,16514.140063118743
2022-04-15 13:00:00+00:00,16466.28715317882
2022-04-15 14:00:00+00:00,16564.35402698899
2022-04-15 15:00:00+00:00,16539.3800621767
2022-04-15 16:00:00+00:00,16519.62701943569
2022-04-15 17:00:00+00:00,16547.560615231057
2022-04-15 18:00:00+00:00,16540.876504808595
2022-04-15 19:00:00+00:00,16519.194713786477
2022-04-15 20:00:00+00:00,16545.399086984988
2022-04-15 21:00:00+00:00,16560.396767584643
2022-04-15 22:00:00+00:00,16553.047571548006
2022-04-15 23:00:00+00:00,16578.221062044548
2022-04-16 00:00:00+00:00,16584.905172467013
2022-04-16 01:00:00+00:00,16577.68899355321
2022-04-16 02:00:00+00:00,16579.551233272898
2022-04-16 03:00:00+00:00,16570.672340323657
2022-04-16 04:00:00+00:00,16591.855317135145
2022-04-16 05:00:00+00:00,16582.211575729605
2022-04-16 06:00:00+00:00,16568.843354884673
2022-04-16 07:00:00+00:00,16558.534527864955
2022-04-16 08:00:00+00:00,16559.598664847636
2022-04-16 09:00:00+00:00,16555.508388320457
2022-04-16 10:00:00+00:00,16574.629599728003
2022-04-16 11:00:00+00:00,16574.629599728003
2022-04-16 12:00:00+00:00,16587.698532046546
2022-04-16 13:00:00+00:00,16581.47998155401
2022-04-16 14:00:00+00:00,16598.73895324186
2022-04-16 15:00:00+00:00,16501.536690730114
2022-04-16 16:00:00+00:00,16530.368152104624
2022-04-16 17:00:00+00:00,16510.38232939865
2022-04-16 18:00:00+00:00,16528.406149542803
2022-04-16 19:00:00+00:00,16524.44889013846
2022-04-16 20:00:00+00:00,16552.38248593383
2022-04-16 21:00:00+00:00,16610.01215440214
2022-04-16 22:00:00+00:00,16635.980455461897
2022-04-16 23:00:00+00:00,16634.69258520184
2022-04-17 00:00:00+00:00,16633.948754731508
2022-04-17 01:00:00+00:00,16634.160502091676
2022-04-17 02:00:00+00:00,16619.928114037222
2022-04-17 03:00:00+00:00,16617.808456116523
2022-04-17 04:00:00+00:00,16624.876938806057
2022-04-17 05:00:00+00:00,16629.196074401796
2022-04-17 06:00:00+00:00,16629.05417261631
2022-04-17 07:00:00+00:00,16625.426808224816
2022-04-17 08:00:00+00:00,16628.06086011791
2022-04-17 09:00:00+00:00,16629.976534221973
2022-04-17 10:00:00+00:00,16628.956615138788
2022-04-17 11:00:00+00:00,16634.366620710454
2022-04-17 12:00:00+00:00,16634.32227640249
2022-04-17 13:00:00+00:00,16646.091255736257
2022-04-17 14:00:00+00:00,16648.27299568811
2022-04-17 15:00:00+00:00,16656.494430384722
2022-04-17 16:00:00+00:00,16643.811958306884
2022-04-17 17:00:00+00:00,16636.424196600005
2022-04-17 18:00:00+00:00,16620.123228992266
2022-04-17 19:00:00+00:00,16637.94077193239
2022-04-17 20:00:00+00:00,16632.14053645064
2022-04-17 21:00:00+00:00,16640.379708870434
2022-04-17 22:00:00+00:00,16632.202618481788
2022-04-17 23:00:00+00:00,16530.17046641493
2022-04-18 00:00:00+00:00,16541.3245651488
2022-04-18 01:00:00+00:00,16537.642705417624
2022-04-18 02:00:00+00:00,16556.28845378101
2022-04-18 03:00:00+00:00,16556.018225543856
2022-04-18 04:00:00+00:00,16251.481368905981
2022-04-18 05:00:00+00:00,16251.39908695068
2022-04-18 06:00:00+00:00,16251.479920810532
2022-04-18 07:00:00+00:00,16242.749021268955
2022-04-18 08:00:00+00:00,16243.841771835989
2022-04-18 09:00:00+00:00,16257.774341565644
2022-04-18 10:00:00+00:00,16257.31902882938
2022-04-18 11:00:00+00:00,16260.715661841905
2022-04-18 12:00:00+00:00,16277.84433098558
2022-04-18 13:00:00+00:00,16270.904150672694
2022-04-18 14:00:00+00:00,16275.88948550572
2022-04-18 15:00:00+00:00,16263.164237716344
2022-04-18 16:00:00+00:00,16296.271103065665
2022-04-18 17:00:00+00:00,16331.67833178588
2022-04-18 18:00:00+00:00,16339.8253993207
2022-04-18 19:00:00+00:00,16341.807981178566
2022-04-18 20:00:00+00:00,16341.834517753725
2022-04-18 21:00:00+00:00,16366.331672048169
2022-04-18 22:00:00+00:00,16371.615271832086
2022-04-18 23:00:00+00:00,16369.008993154634
2022-04-19 00:00:00+00:00,16374.496026422568
2022-04-19 01:00:00+00:00,16371.843359564882
2022-04-19 02:00:00+00:00,16367.242338474605
2022-04-19 03:00:00+00:00,16365.102544038433
2022-04-19 04:00:00+00:00,16373.006682670006
2022-04-19 05:00:00+00:00,16365.189882586848
2022-04-19 06:00:00+00:00,16372.176966460062
2022-04-19 07:00:00+00:00,16366.351485280771
2022-04-19 08:00:00+00:00,16368.386473458844
2022-04-19 09:00:00+00:00,16366.395154554979
2022-04-19 10:00:00+00:00,16379.434799833361
2022-04-19 11:00:00+00:00,16368.53494899115
2022-04-19 12:00:00+00:00,16386.151134206484
2022-04-19 13:00:00+00:00,16401.05854143385
2022-04-19 14:00:00+00:00,16405.284744216875
2022-04-19 15:00:00+00:00,16404.53548379402
2022-04-19 16:00:00+00:00,16402.353891608756
2022-04-19 17:00:00+00:00,16399.61366356051
2022-04-19 18:00:00+00:00,16401.511966469294
2022-04-19 19:00:00+00:00,16404.569902117335
2022-04-19 20:00:00+00:00,16400.378809363356
2022-04-19 21:00:00+00:00,16401.525204285954
2022-04-19 22:00:00+00:00,16401.29221871277
2022-04-19 23:00:00+00:00,16402.21886587884
2022-04-20 00:00:00+00:00,16395.463389887653
2022-04-20 01:00:00+00:00,16404.398319887237
2022-04-20 02:00:00+00:00,16404.52806233641
2022-04-20 03:00:00+00:00,16408.463583294597
2022-04-20 04:00:00+00:00,16403.73230864816
2022-04-20 05:00:00+00:00,16415.469675549833
2022-04-20 06:00:00+00:00,16416.144336285524
2022-04-20 07:00:00+00:00,16406.846127428264
2022-04-20 08:00:00+00:00,16416.654656585597
2022-04-20 09:00:00+00:00,16420.97075539469
2022-04-20 10:00:00+00:00,16427.664145844807
2022-04-20 11:00:00+00:00,16435.859095960557
2022-04-20 12:00:00+00:00,16435.87057006464
2022-04-20 13:00:00+00:00,16527.141720936987
2022-04-20 14:00:00+00:00,16525.365591146336
2022-04-20 15:00:00+00:00,16510.05793769921
2022-04-20 16:00:00+00:00,16535.012549080042
2022-04-20 17:00:00+00:00,16534.069186452947
2022-04-20 18:00:00+00:00,16483.249235655006
2022-04-20 19:00:00+00:00,16544.891790858368
2022-04-20 20:00:00+00:00,16588.69914012369
2022-04-20 21:00:00+00:00,16588.128653738466
2022-04-20 22:00:00+00:00,16591.521546450585
2022-04-20 23:00:00+00:00,16563.027252788634
2022-04-21 00:00:00+00:00,16592.302212030365
2022-04-21 01:00:00+00:00,16618.93131774701
2022-04-21 02:00:00+00:00,16615.63982134076
2022-04-21 03:00:00+00:00,16617.128467381284
2022-04-21 04:00:00+00:00,16614.342206123634
2022-04-21 05:00:00+00:00,16604.30935083181
2022-04-21 06:00:00+00:00,16608.32424235661
2022-04-21 07:00:00+00:00,16628.88853424073
2022-04-21 08:00:00+00:00,16629.492080025502
2022-04-21 09:00:00+00:00,16618.43582101167
2022-04-21 10:00:00+00:00,16645.89035281513
2022-04-21 11:00:00+00:00,16651.037602196702
2022-04-21 12:00:00+00:00,16654.19416520517
2022-04-21 13:00:00+00:00,16651.60415969735
2022-04-21 14:00:00+00:00,16652.09522559183
2022-04-21 15:00:00+00:00,16598.191766377247
2022-04-21 16:00:00+00:00,16524.57379982843
2022-04-21 17:00:00+00:00,16481.464445077952
2022-04-21 18:00:00+00:00,16458.15855245659
2022-04-21 19:00:00+00:00,16351.54718691194
2022-04-21 20:00:00+00:00,16269.274114295642
2022-04-21 21:00:00+00:00,16268.777470129276
2022-04-21 22:00:00+00:00,16323.079771720568
2022-04-21 23:00:00+00:00,16322.337408660627
2022-04-22 00:00:00+00:00,16323.33495269604
2022-04-22 01:00:00+00:00,16326.007824111468
2022-04-22 02:00:00+00:00,16326.748466395293
2022-04-22 03:00:00+00:00,16325.570544534301
2022-04-22 04:00:00+00:00,16331.04747123831
2022-04-22 05:00:00+00:00,16331.222549858538
2022-04-22 06:00:00+00:00,16330.224543654535
2022-04-22 07:00:00+00:00,16357.714867144714
2022-04-22 08:00:00+00:00,16350.158488642888
2022-04-22 09:00:00+00:00,16339.775721155082
2022-04-22 10:00:00+00:00,16375.345359377836
2022-04-22 11:00:00+00:00,16391.908320687668
2022-04-22 12:00:00+00:00,16368.231431733286
2022-04-22 13:00:00+00:00,16345.532029020138
2022-04-22 14:00:00+00:00,16316.678083306619
2022-04-22 15:00:00+00:00,16258.473011743261
2022-04-22 16:00:00+00:00,16255.985386107706
2022-04-22 17:00:00+00:00,16262.785783194762
2022-04-22 18:00:00+00:00,16329.611467441311
2022-04-22 19:00:00+00:00,16284.903906393745
2022-04-22 20:00:00+00:00,16334.593936594203
2022-04-22 21:00:00+00:00,16310.758881457397
2022-04-22 22:00:00+00:00,16291.030996838519
2022-04-22 23:00:00+00:00,16304.025815034573
2022-04-23 00:00:00+00:00,16279.71944524817
2022-04-23 01:00:00+00:00,16304.800117673196
2022-04-23 02:00:00+00:00,16291.838964809256
2022-04-23 03:00:00+00:00,16249.925626327164
2022-04-23 04:00:00+00:00,16256.355704760961
2022-04-23 05:00:00+00:00,16278.507493292062
2022-04-23 06:00:00+00:00,16270.629805577355
2022-04-23 07:00:00+00:00,16295.306494017012
2022-04-23 08:00:00+00:00,16308.839957526892
2022-04-23 09:00:00+00:00,16277.329206668066
2022-04-23 10:00:00+00:00,16285.240559714886
2022-04-23 11:00:00+00:00,16291.704303480801
2022-04-23 12:00:00+00:00,16300.9959351443
2022-04-23 13:00:00+00:00,16305.035774997996
2022-04-23 14:00:00+00:00,16305.675416308164
2022-04-23 15:00:00+00:00,16316.31366125623
2022-04-23 16:00:00+00:00,16308.334977545182
2022-04-23 17:00:00+00:00,16296.855099294262
2022-04-23 18:00:00+00:00,16257.197338063816
2022-04-23 19:00:00+00:00,16273.323032146483
2022-04-23 20:00:00+00:00,16305.035774997996
2022-04-23 21:00:00+00:00,16318.939557161135
2022-04-23 22:00:00+00:00,16280.729405211594
2022-04-23 23:00:00+00:00,16205.184399947484
2022-04-24 00:00:00+00:00,16214.30770495041
2022-04-24 01:00:00+00:00,16188.28440322619
2022-04-24 02:00:00+00:00,16202.89515736372
2022-04-24 03:00:00+00:00,16282.24434515673
2022-04-24 04:00:00+00:00,16266.421639063086
2022-04-24 05:00:00+00:00,16245.784790477126
2022-04-24 06:00:00+00:00,16270.192156259873
2022-04-24 07:00:00+00:00,16260.597536607343
2022-04-24 08:00:00+00:00,16248.747339703168
2022-04-24 09:00:00+00:00,16258.77960867318
2022-04-24 10:00:00+00:00,16251.844550257669
2022-04-24 11:00:00+00:00,16224.811288570021
2022-04-24 12:00:00+00:00,16211.951131702423
2022-04-24 13:00:00+00:00,16224.272643256194
2022-04-24 14:00:00+00:00,16252.854510221092
2022-04-24 15:00:00+00:00,16241.50929329863
2022-04-24 16:00:00+00:00,16231.30869766805
2022-04-24 17:00:00+00:00,16170.812095858953
2022-04-24 18:00:00+00:00,16266.69096172
2022-04-24 19:00:00+00:00,16294.565856710502
2022-04-24 20:00:00+00:00,16230.433399033082
2022-04-24 21:00:00+00:00,16245.986782469809
2022-04-24 22:00:00+00:00,16191.583605773372
2022-04-24 23:00:00+00:00,16164.685005414183
2022-04-25 00:00:00+00:00,15981.7400123863
2022-04-25 01:00:00+00:00,15983.313530236506
2022-04-25 02:00:00+00:00,15982.028019952197
2022-04-25 03:00:00+00:00,15986.261820127696
2022-04-25 04:00:00+00:00,15983.299557298633
2022-04-25 05:00:00+00:00,15979.233432377609
2022-04-25 06:00:00+00:00,15958.459241723202
2022-04-25 07:00:00+00:00,15952.348646378668
2022-04-25 08:00:00+00:00,15943.612141816691
2022-04-25 09:00:00+00:00,16002.307574993016
2022-04-25 10:00:00+00:00,15994.422643077873
2022-04-25 11:00:00+00:00,16070.500519001986
2022-04-25 12:00:00+00:00,16069.138794639677
2022-04-25 13:00:00+00:00,16096.569896073866
2022-04-25 14:00:00+00:00,16104.599679624464
2022-04-25 15:00:00+00:00,16103.337772171473
2022-04-25 16:00:00+00:00,16112.633468837403
2022-04-25 17:00:00+00:00,16113.000511245156
2022-04-25 18:00:00+00:00,16120.671265710913
2022-04-25 19:00:00+00:00,16128.713072244216
2022-04-25 20:00:00+00:00,16127.021614043608
2022-04-25 21:00:00+00:00,16134.404434589462
2022-04-25 22:00:00+00:00,16135.487830740569
2022-04-25 23:00:00+00:00,16133.207456583803
2022-04-26 00:00:00+00:00,16154.876881035816
2022-04-26 01:00:00+00:00,16151.893016510105
2022-04-26 02:00:00+00:00,16153.59769697464
2022-04-26 03:00:00+00:00,16155.681460249707
2022-04-26 04:00:00+00:00,16160.391815888299
2022-04-26 05:00:00+00:00,16159.209849324712
2022-04-26 06:00:00+00:00,16150.64715821961
2022-04-26 07:00:00+00:00,16157.642649214473
2022-04-26 08:00:00+00:00,16154.613312688538
2022-04-26 09:00:00+00:00,16150.366988367501
2022-04-26 10:00:00+00:00,16149.54398942693
2022-04-26 11:00:00+00:00,16157.467543056904
2022-04-26 12:00:00+00:00,16135.833177289314
2022-04-26 13:00:00+00:00,16062.772201114485
2022-04-26 14:00:00+00:00,15910.149528154865
2022-04-26 15:00:00+00:00,15781.49730050486
2022-04-26 16:00:00+00:00,15807.097859952231
2022-04-26 17:00:00+00:00,15810.514919117752
2022-04-26 18:00:00+00:00,15803.21989801793
2022-04-26 19:00:00+00:00,15785.641058465226
2022-04-26 20:00:00+00:00,15764.467917587739
2022-04-26 21:00:00+00:00,15802.374469140694
2022-04-26 22:00:00+00:00,15736.51524467998
2022-04-26 23:00:00+00:00,15695.71115995976
2022-04-27 00:00:00+00:00,15717.391525776016
2022-04-27 01:00:00+00:00,15788.94355069477
2022-04-27 02:00:00+00:00,15792.591033622979
2022-04-27 03:00:00+00:00,15786.420992407973
2022-04-27 04:00:00+00:00,15808.817219359677
2022-04-27 05:00:00+00:00,15816.180362467087
2022-04-27 06:00:00+00:00,15903.766780815615
2022-04-27 07:00:00+00:00,15909.208369033466
2022-04-27 08:00:00+00:00,15911.700384416485
2022-04-27 09:00:00+00:00,15914.837927965067
2022-04-27 10:00:00+00:00,15914.287069622238
2022-04-27 11:00:00+00:00,15920.360146907433
2022-04-27 12:00:00+00:00,15904.163432813895
2022-04-27 13:00:00+00:00,15937.512157776353
2022-04-27 14:00:00+00:00,16034.978632342987
2022-04-27 15:00:00+00:00,16040.524841347804
2022-04-27 16:00:00+00:00,16042.977691054717
2022-04-27 17:00:00+00:00,16045.029677583501
2022-04-27 18:00:00+00:00,16022.560430164765
2022-04-27 19:00:00+00:00,16032.947099600093
2022-04-27 20:00:00+00:00,16055.759014045758
2022-04-27 21:00:00+00:00,16096.034942143884
2022-04-27 22:00:00+00:00,16091.760819819681
2022-04-27 23:00:00+00:00,16095.625520430443
2022-04-28 00:00:00+00:00,16097.243237328752
2022-04-28 01:00:00+00:00,16092.284280709324
2022-04-28 02:00:00+00:00,16097.688735958234
2022-04-28 03:00:00+00:00,16094.202709182533
2022-04-28 04:00:00+00:00,16096.396789932734
2022-04-28 05:00:00+00:00,16093.837957179643
2022-04-28 06:00:00+00:00,16094.798563599466
2022-04-28 07:00:00+00:00,16104.064458832394
2022-04-28 08:00:00+00:00,16112.097981050121
2022-04-28 09:00:00+00:00,16113.768985809176
2022-04-28 10:00:00+00:00,16111.07546687946
2022-04-28 11:00:00+00:00,16110.501618300143
2022-04-28 12:00:00+00:00,16107.154633249706
2022-04-28 13:00:00+00:00,16036.879719959434
2022-04-28 14:00:00+00:00,16066.256187882425
2022-04-28 15:00:00+00:00,16201.582478878965
2022-04-28 16:00:00+00:00,16209.664648019505
2022-04-28 17:00:00+00:00,16217.75084895497
2022-04-28 18:00:00+00:00,16214.88150041052
2022-04-28 19:00:00+00:00,16206.54956249658
2022-04-28 20:00:00+00:00,16218.417920319891
2022-04-28 21:00:00+00:00,16197.805667312434
2022-04-28 22:00:00+00:00,16201.53088946544
2022-04-28 23:00:00+00:00,16226.978172296145
2022-04-29 00:00:00+00:00,16247.93294812167
2022-04-29 01:00:00+00:00,16210.731297647282
2022-04-29 02:00:00+00:00,16147.713117191077
2022-04-29 03:00:00+00:00,16193.992093463603
2022-04-29 04:00:00+00:00,16174.914323989557
2022-04-29 05:00:00+00:00,16180.606884235844
2022-04-29 06:00:00+00:00,16177.252889279924
2022-04-29 07:00:00+00:00,16192.884352010271
2022-04-29 08:00:00+00:00,16132.697066379249
2022-04-29 09:00:00+00:00,16047.829101238127
2022-04-29 10:00:00+00:00,15988.18988852407
2022-04-29 11:00:00+00:00,15921.96932924202
2022-04-29 12:00:00+00:00,15977.435832534105
2022-04-29 13:00:00+00:00,16044.572352420979
2022-04-29 14:00:00+00:00,15976.214551727673
2022-04-29 15:00:00+00:00,15967.428114814738
2022-04-29 16:00:00+00:00,15844.99300536454
2022-04-29 17:00:00+00:00,15846.106364916239
2022-04-29 18:00:00+00:00,15844.271021540302
2022-04-29 19:00:00+00:00,15844.616529461555
2022-04-29 20:00:00+00:00,15871.356139722931
2022-04-29 21:00:00+00:00,15872.522001773708
2022-04-29 22:00:00+00:00,15894.071645486463
2022-04-29 23:00:00+00:00,15890.066345215244
2022-04-30 00:00:00+00:00,15897.395482546846
2022-04-30 01:00:00+00:00,15896.426415005111
2022-04-30 02:00:00+00:00,15896.260646161743
2022-04-30 03:00:00+00:00,15894.35570928372
2022-04-30 04:00:00+00:00,15895.122741389474
2022-04-30 05:00:00+00:00,15899.4243023928
2022-04-30 06:00:00+00:00,15898.098151645856
2022-04-30 07:00:00+00:00,15897.595225832925
2022-04-30 08:00:00+00:00,15895.490804414578
2022-04-30 09:00:00+00:00,15898.623554590089
2022-04-30 10:00:00+00:00,15897.676705433903
2022-04-30 11:00:00+00:00,15897.867761049989
2022-04-30 12:00:00+00:00,15896.255026878918
2022-04-30 13:00:00+00:00,15895.139599237951
2022-04-30 14:00:00+00:00,15860.95295797585
2022-04-30 15:00:00+00:00,15921.25563390556
2022-04-30 16:00:00+00:00,15893.98032755456
2022-04-30 17:00:00+00:00,15864.73127401758
2022-04-30 18:00:00+00:00,15879.750550223267
2022-04-30 19:00:00+00:00,15903.679885154226
2022-04-30 20:00:00+00:00,15872.287906101043
2022-04-30 21:00:00+00:00,15881.89347573947
2022-04-30 22:00:00+00:00,15855.708429738821
2022-04-30 23:00:00+00:00,15685.21420207591
2022-05-01 00:00:00+00:00,15719.684508938131
2022-05-01 01:00:00+00:00,15837.603722981003
2022-05-01 02:00:00+00:00,15795.337393370022
2022-05-01 03:00:00+00:00,15861.725945835904
2022-05-01 04:00:00+00:00,15845.5745444461
2022-05-01 05:00:00+00:00,15878.68142132087
2022-05-01 06:00:00+00:00,15857.880374076427
2022-05-01 07:00:00+00:00,15824.109262079564
2022-05-01 08:00:00+00:00,15865.781276054988
2022-05-01 09:00:00+00:00,15830.821532787015
2022-05-01 10:00:00+00:00,15824.214141309369
2022-05-01 11:00:00+00:00,15790.582868285579
2022-05-01 12:00:00+00:00,15815.334366519304
2022-05-01 13:00:00+00:00,15794.743077734467
2022-05-01 14:00:00+00:00,15802.434221253423
2022-05-01 15:00:00+00:00,15994.616622028097
2022-05-01 16:00:00+00:00,15995.650660402394
2022-05-01 17:00:00+00:00,15994.187061999328
2022-05-01 18:00:00+00:00,15973.819754956025
2022-05-01 19:00:00+00:00,15960.949219999226
2022-05-01 20:00:00+00:00,16047.513933645198
2022-05-01 21:00:00+00:00,16052.764896848388
2022-05-01 22:00:00+00:00,16051.247574646626
2022-05-01 23:00:00+00:00,16073.546022148463
2022-05-02 00:00:00+00:00,16077.46043284449
2022-05-02 01:00:00+00:00,16075.414033231275
2022-05-02 02:00:00+00:00,16076.818090743674
2022-05-02 03:00:00+00:00,16077.264319548223
2022-05-02 04:00:00+00:00,16081.564320225738
2022-05-02 05:00:00+00:00,16082.01148286956
2022-05-02 06:00:00+00:00,16080.996431295629
2022-05-02 07:00:00+00:00,16077.509827551374
2022-05-02 08:00:00+00:00,16074.563965387799
2022-05-02 09:00:00+00:00,16037.752377693738
2022-05-02 10:00:00+00:00,16029.700892377696
2022-05-02 11:00:00+00:00,15999.229717983968
2022-05-02 12:00:00+00:00,16000.87987194379
2022-05-02 13:00:00+00:00,16122.665182187808
2022-05-02 14:00:00+00:00,16179.91175138639
2022-05-02 15:00:00+00:00,16179.014163603122
2022-05-02 16:00:00+00:00,16171.765447617865
2022-05-02 17:00:00+00:00,16164.91655052691
2022-05-02 18:00:00+00:00,16172.048264758787
2022-05-02 19:00:00+00:00,16233.421870076669
2022-05-02 20:00:00+00:00,16228.407125037771
2022-05-02 21:00:00+00:00,16239.578227886526
2022-05-02 22:00:00+00:00,16241.51992231661
2022-05-02 23:00:00+00:00,16239.185615624545
2022-05-03 00:00:00+00:00,16227.987768835043
2022-05-03 01:00:00+00:00,16235.47053244789
2022-05-03 02:00:00+00:00,16230.840109420138
2022-05-03 03:00:00+00:00,16241.036300927248
2022-05-03 04:00:00+00:00,16239.304522714869
2022-05-03 05:00:00+00:00,16234.637056302894
2022-05-03 06:00:00+00:00,16231.12719564786
2022-05-03 07:00:00+00:00,16235.461271601835
2022-05-03 08:00:00+00:00,16235.26679383467
2022-05-03 09:00:00+00:00,16225.024298097282
2022-05-03 10:00:00+00:00,16222.088609897686
2022-05-03 11:00:00+00:00,16239.193392562203
2022-05-03 12:00:00+00:00,16228.784201595816
2022-05-03 13:00:00+00:00,16233.102539285708
2022-05-03 14:00:00+00:00,16210.306364068372
2022-05-03 15:00:00+00:00,16210.135677232302
2022-05-03 16:00:00+00:00,16178.93764895185
2022-05-03 17:00:00+00:00,16166.876525713897
2022-05-03 18:00:00+00:00,16105.469929093557
2022-05-03 19:00:00+00:00,16068.364345333743
2022-05-03 20:00:00+00:00,16104.870314146869
2022-05-03 21:00:00+00:00,16117.003698950459
2022-05-03 22:00:00+00:00,16108.820718501527
2022-05-03 23:00:00+00:00,16097.533848916792
2022-05-04 00:00:00+00:00,16139.859609859548
2022-05-04 01:00:00+00:00,16121.518446784354
2022-05-04 02:00:00+00:00,16137.42587860534
2022-05-04 03:00:00+00:00,16155.167426733846
2022-05-04 04:00:00+00:00,16140.953025350569
2022-05-04 05:00:00+00:00,16139.295266380312
2022-05-04 06:00:00+00:00,16221.654142881423
2022-05-04 07:00:00+00:00,16265.849291599152
2022-05-04 08:00:00+00:00,16315.405703369626
2022-05-04 09:00:00+00:00,16277.524147325861
2022-05-04 10:00:00+00:00,16340.845568174049
2022-05-04 11:00:00+00:00,16341.738172616155
2022-05-04 12:00:00+00:00,16338.669356752831
2022-05-04 13:00:00+00:00,16324.962048840815
2022-05-04 14:00:00+00:00,16325.855705787282
2022-05-04 15:00:00+00:00,16346.360583884885
2022-05-04 16:00:00+00:00,16394.887926333242
2022-05-04 17:00:00+00:00,16399.365625948554
2022-05-04 18:00:00+00:00,16421.4835208449
2022-05-04 19:00:00+00:00,16426.450331418313
2022-05-04 20:00:00+00:00,16423.73664909493
2022-05-04 21:00:00+00:00,16420.760262200594
2022-05-04 22:00:00+00:00,16417.951559074954
2022-05-04 23:00:00+00:00,16422.23867409459
2022-05-05 00:00:00+00:00,16422.89543552198
2022-05-05 01:00:00+00:00,16422.300158143113
2022-05-05 02:00:00+00:00,16424.15306378719
2022-05-05 03:00:00+00:00,16422.5069681245
2022-05-05 04:00:00+00:00,16423.58293897363
2022-05-05 05:00:00+00:00,16419.71503337573
2022-05-05 06:00:00+00:00,16418.890588179645
2022-05-05 07:00:00+00:00,16420.399742097903
2022-05-05 08:00:00+00:00,16417.87889610852
2022-05-05 09:00:00+00:00,16417.53234965322
2022-05-05 10:00:00+00:00,16418.72290441095
2022-05-05 11:00:00+00:00,16418.05496406565
2022-05-05 12:00:00+00:00,16419.116961267384
2022-05-05 13:00:00+00:00,16389.609221802522
2022-05-05 14:00:00+00:00,16198.280700474887
2022-05-05 15:00:00+00:00,16051.356649988687
2022-05-05 16:00:00+00:00,16055.64614001954
2022-05-05 17:00:00+00:00,16050.609621248841
2022-05-05 18:00:00+00:00,16104.441611926588
2022-05-05 19:00:00+00:00,16148.21529881546
2022-05-05 20:00:00+00:00,16157.70213617024
2022-05-05 21:00:00+00:00,16149.834411136195
2022-05-05 22:00:00+00:00,16148.514361965837
2022-05-05 23:00:00+00:00,16159.170411065674
2022-05-06 00:00:00+00:00,16149.31787015649
2022-05-06 01:00:00+00:00,16150.733575063829
2022-05-06 02:00:00+00:00,16157.859927469015
2022-05-06 03:00:00+00:00,16157.659050421353
2022-05-06 04:00:00+00:00,16158.21385369585
2022-05-06 05:00:00+00:00,16162.671411039228
2022-05-06 06:00:00+00:00,16154.57893569052
2022-05-06 07:00:00+00:00,16185.214740795955
2022-05-06 08:00:00+00:00,16149.922599063715
2022-05-06 09:00:00+00:00,16193.442964851505
2022-05-06 10:00:00+00:00,16049.885754113107
2022-05-06 11:00:00+00:00,16002.997675908628
2022-05-06 12:00:00+00:00,16028.82801580527
2022-05-06 13:00:00+00:00,15961.465112464095
2022-05-06 14:00:00+00:00,16080.015078646993
2022-05-06 15:00:00+00:00,16047.48123728211
2022-05-06 16:00:00+00:00,16129.671994414442
2022-05-06 17:00:00+00:00,16036.515183249827
2022-05-06 18:00:00+00:00,16031.414693002254
2022-05-06 19:00:00+00:00,16051.343037040988
2022-05-06 20:00:00+00:00,16111.018772937601
2022-05-06 21:00:00+00:00,16051.08801252861
2022-05-06 22:00:00+00:00,16073.238713032359
2022-05-06 23:00:00+00:00,16064.239990952708
2022-05-07 00:00:00+00:00,16042.453611180928
2022-05-07 01:00:00+00:00,16046.02395435423
2022-05-07 02:00:00+00:00,16025.22124055877
2022-05-07 03:00:00+00:00,15978.879643452241
2022-05-07 04:00:00+00:00,15932.392318052924
2022-05-07 05:00:00+00:00,16011.012732011957
2022-05-07 06:00:00+00:00,15952.757846970024
2022-05-07 07:00:00+00:00,15989.918561630919
2022-05-07 08:00:00+00:00,16037.170960567371
2022-05-07 09:00:00+00:00,16031.997606173405
2022-05-07 10:00:00+00:00,16059.831710095877
2022-05-07 11:00:00+00:00,16049.849322039914
2022-05-07 12:00:00+00:00,16047.84555801408
2022-05-07 13:00:00+00:00,15998.115778100233
2022-05-07 14:00:00+00:00,16048.90208813679
2022-05-07 15:00:00+00:00,16063.584213635164
2022-05-07 16:00:00+00:00,16056.953576313317
2022-05-07 17:00:00+00:00,16025.877017876315
2022-05-07 18:00:00+00:00,16045.732497768655
2022-05-07 19:00:00+00:00,16028.135806414528
2022-05-07 20:00:00+00:00,15995.89342163522
2022-05-07 21:00:00+00:00,15784.257256931978
2022-05-07 22:00:00+00:00,15836.45886916784
2022-05-07 23:00:00+00:00,15844.3588961766
2022-05-08 00:00:00+00:00,15837.005932693583
2022-05-08 01:00:00+00:00,15807.106102824178
2022-05-08 02:00:00+00:00,15659.09162499508
2022-05-08 03:00:00+00:00,15642.575374147473
2022-05-08 04:00:00+00:00,15609.281302868696
2022-05-08 05:00:00+00:00,15613.279580788818
2022-05-08 06:00:00+00:00,15701.129593781416
2022-05-08 07:00:00+00:00,15685.622254184678
2022-05-08 08:00:00+00:00,15709.38771920522
2022-05-08 09:00:00+00:00,15664.435117916366
2022-05-08 10:00:00+00:00,15725.418197969075
2022-05-08 11:00:00+00:00,15728.557032971788
2022-05-08 12:00:00+00:00,15684.725444183905
2022-05-08 13:00:00+00:00,15563.805562412725
2022-05-08 14:00:00+00:00,15570.083232418148
2022-05-08 15:00:00+00:00,15537.648604056783
2022-05-08 16:00:00+00:00,15554.090120737661
2022-05-08 17:00:00+00:00,15480.183301778925
2022-05-08 18:00:00+00:00,15487.905600507127
2022-05-08 19:00:00+00:00,15487.110068704458
2022-05-08 20:00:00+00:00,15475.929464829287
2022-05-08 21:00:00+00:00,15490.657329408601
2022-05-08 22:00:00+00:00,15484.079750120567
2022-05-08 23:00:00+00:00,15453.004501519483
2022-05-09 00:00:00+00:00,15468.918986730212
2022-05-09 01:00:00+00:00,15405.66998340877
2022-05-09 02:00:00+00:00,15131.92292774648
2022-05-09 03:00:00+00:00,15139.47149657814
2022-05-09 04:00:00+00:00,15139.899207777977
2022-05-09 05:00:00+00:00,15134.485436856943
2022-05-09 06:00:00+00:00,15173.44140253975
2022-05-09 07:00:00+00:00,15189.540676752786
2022-05-09 08:00:00+00:00,15214.180971122129
2022-05-09 09:00:00+00:00,15204.753067099455
2022-05-09 10:00:00+00:00,15012.898428406475
2022-05-09 11:00:00+00:00,15122.003418939805
2022-05-09 12:00:00+00:00,15076.143248807082
2022-05-09 13:00:00+00:00,15152.244267529413
2022-05-09 14:00:00+00:00,15039.685372969354
2022-05-09 15:00:00+00:00,15029.28528417775
2022-05-09 16:00:00+00:00,14864.489738126307
2022-05-09 17:00:00+00:00,14955.394102412558
2022-05-09 18:00:00+00:00,15038.454417255529
2022-05-09 19:00:00+00:00,15121.976038290406
2022-05-09 20:00:00+00:00,15129.519645110293
2022-05-09 21:00:00+00:00,15154.06257406751
2022-05-09 22:00:00+00:00,15161.622187275021
2022-05-09 23:00:00+00:00,15254.343676593784
2022-05-10 00:00:00+00:00,15279.089093627868
2022-05-10 01:00:00+00:00,15286.711076389678
2022-05-10 02:00:00+00:00,15294.336861382162
2022-05-10 03:00:00+00:00,15319.147154890587
2022-05-10 04:00:00+00:00,15326.789120640291
2022-05-10 05:00:00+00:00,15334.434898589197
2022-05-10 06:00:00+00:00,15342.08449063902
2022-05-10 07:00:00+00:00,15325.625766184203
2022-05-10 08:00:00+00:00,15338.174284870465
2022-05-10 09:00:00+00:00,15331.950763085826
2022-05-10 10:00:00+00:00,15324.446605175308
2022-05-10 11:00:00+00:00,15392.823751437529
2022-05-10 12:00:00+00:00,15400.502470801628
2022-05-10 13:00:00+00:00,15451.434931235595
2022-05-10 14:00:00+00:00,15545.928781645518
2022-05-10 15:00:00+00:00,15597.342195206642
2022-05-10 16:00:00+00:00,15648.925642937555
2022-05-10 17:00:00+00:00,15656.732118883889
2022-05-10 18:00:00+00:00,15649.120590905868
2022-05-10 19:00:00+00:00,15597.902571737512
2022-05-10 20:00:00+00:00,15499.828937316684
2022-05-10 21:00:00+00:00,15296.869043130433
2022-05-10 22:00:00+00:00,15304.499895430721
2022-05-10 23:00:00+00:00,15312.134554386255
2022-05-11 00:00:00+00:00,15319.773021895991
2022-05-11 01:00:00+00:00,15309.487354723076
2022-05-11 02:00:00+00:00,15370.438494322907
2022-05-11 03:00:00+00:00,15361.880374835539
2022-05-11 04:00:00+00:00,15359.33494126241
2022-05-11 05:00:00+00:00,15421.271527332645
2022-05-11 06:00:00+00:00,15515.580912274541
2022-05-11 07:00:00+00:00,15540.75010528213
2022-05-11 08:00:00+00:00,15565.960127458815
2022-05-11 09:00:00+00:00,15591.211045037191
2022-05-11 10:00:00+00:00,15597.239492803517
2022-05-11 11:00:00+00:00,15642.774215860645
2022-05-11 12:00:00+00:00,15343.995659458047
2022-05-11 13:00:00+00:00,15368.88650888509
2022-05-11 14:00:00+00:00,15454.24330680511
2022-05-11 15:00:00+00:00,15548.754331944896
2022-05-11 16:00:00+00:00,15643.843342929453
2022-05-11 17:00:00+00:00,15739.513874453663
2022-05-11 18:00:00+00:00,15765.04632888071
2022-05-11 19:00:00+00:00,15861.458081972669
2022-05-11 20:00:00+00:00,15958.459444885008
2022-05-11 21:00:00+00:00,16011.237177676823
2022-05-11 22:00:00+00:00,16100.161507714292
2022-05-11 23:00:00+00:00,16153.4078768199
2022-05-12 00:00:00+00:00,16161.466014031295
2022-05-12 01:00:00+00:00,16260.30208710356
2022-05-12 02:00:00+00:00,16359.7425960192
2022-05-12 03:00:00+00:00,16459.791237229085
2022-05-12 04:00:00+00:00,16081.470202168082
2022-05-12 05:00:00+00:00,15711.844709080044
2022-05-12 06:00:00+00:00,15737.332278912205
2022-05-12 07:00:00+00:00,15824.73537674592
2022-05-12 08:00:00+00:00,15912.623900023764
2022-05-12 09:00:00+00:00,15938.437171499796
2022-05-12 10:00:00+00:00,15964.292316961444
2022-05-12 11:00:00+00:00,16052.955921344706
2022-05-12 12:00:00+00:00,16106.046172384387
2022-05-12 13:00:00+00:00,16204.543323262718
2022-05-12 14:00:00+00:00,16230.83014299632
2022-05-12 15:00:00+00:00,16330.090415093166
2022-05-12 16:00:00+00:00,16338.236690494788
2022-05-12 17:00:00+00:00,16438.153811504213
2022-05-12 18:00:00+00:00,16492.517986971812
2022-05-12 19:00:00+00:00,16500.74528946512
2022-05-12 20:00:00+00:00,16489.263582777905
2022-05-12 21:00:00+00:00,16476.344431615165
2022-05-12 22:00:00+00:00,16527.678536101932
2022-05-12 23:00:00+00:00,16601.6562381229
2022-05-13 00:00:00+00:00,16628.587249759883
2022-05-13 01:00:00+00:00,16655.561948567432
2022-05-13 02:00:00+00:00,16663.87058563881
2022-05-13 03:00:00+00:00,16672.183367478778
2022-05-13 04:00:00+00:00,16673.246796434396
2022-05-13 05:00:00+00:00,16699.22878739612
2022-05-13 06:00:00+00:00,16726.318080075802
2022-05-13 07:00:00+00:00,16819.213876494206
2022-05-13 08:00:00+00:00,16827.604151428022
2022-05-13 09:00:00+00:00,16835.998611855524
2022-05-13 10:00:00+00:00,16863.30977093704
2022-05-13 11:00:00+00:00,16890.665233859847
2022-05-13 12:00:00+00:00,16918.065072493107
2022-05-13 13:00:00+00:00,17012.025806782847
2022-05-13 14:00:00+00:00,17012.41499931857
2022-05-13 15:00:00+00:00,17106.508386777194
2022-05-13 16:00:00+00:00,17163.082940966236
2022-05-13 17:00:00+00:00,17190.924692402354
2022-05-13 18:00:00+00:00,17218.811608400432
2022-05-13 19:00:00+00:00,17213.178303330034
2022-05-13 20:00:00+00:00,17182.753247111952
2022-05-13 21:00:00+00:00,17266.774537896465
2022-05-13 22:00:00+00:00,17275.7575712109
2022-05-13 23:00:00+00:00,17381.408137576876
2022-05-14 00:00:00+00:00,17390.078863455154
2022-05-14 01:00:00+00:00,17398.753914730238
2022-05-14 02:00:00+00:00,17391.485656270965
2022-05-14 03:00:00+00:00,17401.478520399643
2022-05-14 04:00:00+00:00,17347.191940841018
2022-05-14 05:00:00+00:00,17407.949230231516
2022-05-14 06:00:00+00:00,17438.66118294066
2022-05-14 07:00:00+00:00,17388.61736542545
2022-05-14 08:00:00+00:00,17436.851796579504
2022-05-14 09:00:00+00:00,17373.428043077824
2022-05-14 10:00:00+00:00,17302.195358964826
2022-05-14 11:00:00+00:00,17157.63995041334
2022-05-14 12:00:00+00:00,17154.332712872478
2022-05-14 13:00:00+00:00,17036.74204475296
2022-05-14 14:00:00+00:00,16996.62522713439
2022-05-14 15:00:00+00:00,16991.79069890167
2022-05-14 16:00:00+00:00,17024.196952823437
2022-05-14 17:00:00+00:00,17027.262534080197
2022-05-14 18:00:00+00:00,17032.68948368787
2022-05-14 19:00:00+00:00,17028.733389996134
2022-05-14 20:00:00+00:00,17089.01990439049
2022-05-14 21:00:00+00:00,17097.54477222321
2022-05-14 22:00:00+00:00,17106.07389269136
2022-05-14 23:00:00+00:00,17117.07493788493
2022-05-15 00:00:00+00:00,17133.823164719368
2022-05-15 01:00:00+00:00,17126.853141165986
2022-05-15 02:00:00+00:00,17121.352440062128
2022-05-15 03:00:00+00:00,17072.077209689327
2022-05-15 04:00:00+00:00,17077.20526533322
2022-05-15 05:00:00+00:00,17161.60647473822
2022-05-15 06:00:00+00:00,17176.284945939085
2022-05-15 07:00:00+00:00,17181.930511785577
2022-05-15 08:00:00+00:00,17111.266845940365
2022-05-15 09:00:00+00:00,17174.967647241574
2022-05-15 10:00:00+00:00,17228.98219140766
2022-05-15 11:00:00+00:00,17237.576879511234
2022-05-15 12:00:00+00:00,17238.250402565205
2022-05-15 13:00:00+00:00,17233.901262548243
2022-05-15 14:00:00+00:00,17230.91323283032
2022-05-15 15:00:00+00:00,17234.587141708664
2022-05-15 16:00:00+00:00,17294.58490272721
2022-05-15 17:00:00+00:00,17283.788426145435
2022-05-15 18:00:00+00:00,17312.212308091217
2022-05-15 19:00:00+00:00,17322.639975100203
2022-05-15 20:00:00+00:00,17331.281384445367
2022-05-15 21:00:00+00:00,17331.67746845286
2022-05-15 22:00:00+00:00,17339.927104562765
2022-05-15 23:00:00+00:00,17345.126026350576
2022-05-16 00:00:00+00:00,17335.71409571979
2022-05-16 01:00:00+00:00,17436.230805742183
2022-05-16 02:00:00+00:00,17436.407188701105
2022-05-16 03:00:00+00:00,17422.62762913156
2022-05-16 04:00:00+00:00,17421.308605223996
2022-05-16 05:00:00+00:00,17411.874430100437
2022-05-16 06:00:00+00:00,17147.097028670818
2022-05-16 07:00:00+00:00,17161.589027046957
2022-05-16 08:00:00+00:00,17245.280317669145
2022-05-16 09:00:00+00:00,17136.435058436946
2022-05-16 10:00:00+00:00,17035.466738269028
2022-05-16 11:00:00+00:00,17020.438858833608
2022-05-16 12:00:00+00:00,17130.079506149836
2022-05-16 13:00:00+00:00,17186.73201462038
2022-05-16 14:00:00+00:00,17195.30562619791
2022-05-16 15:00:00+00:00,17200.99383123464
2022-05-16 16:00:00+00:00,17223.19964889531
2022-05-16 17:00:00+00:00,17231.79145237408
2022-05-16 18:00:00+00:00,17236.834707603986
2022-05-16 19:00:00+00:00,17259.744661949895
2022-05-16 20:00:00+00:00,17268.354695930357
2022-05-16 21:00:00+00:00,17272.987630032432
2022-05-16 22:00:00+00:00,17266.60559004297
2022-05-16 23:00:00+00:00,17262.31550573059
2022-05-17 00:00:00+00:00,17296.367217970157
2022-05-17 01:00:00+00:00,17293.805271664165
2022-05-17 02:00:00+00:00,17305.04042926862
2022-05-17 03:00:00+00:00,17324.42518159399
2022-05-17 04:00:00+00:00,17324.81099320403
2022-05-17 05:00:00+00:00,17326.91858186705
2022-05-17 06:00:00+00:00,17330.05701092564
2022-05-17 07:00:00+00:00,17322.373702552144
2022-05-17 08:00:00+00:00,17328.10801309271
2022-05-17 09:00:00+00:00,17330.787363432628
2022-05-17 10:00:00+00:00,17333.067481490485
2022-05-17 11:00:00+00:00,17331.535580338394
2022-05-17 12:00:00+00:00,17339.160982993915
2022-05-17 13:00:00+00:00,17341.714092603466
2022-05-17 14:00:00+00:00,17438.027718482175
2022-05-17 15:00:00+00:00,17439.367433601892
2022-05-17 16:00:00+00:00,17453.47774228764
2022-05-17 17:00:00+00:00,17451.1108423119
2022-05-17 18:00:00+00:00,17534.87625771953
2022-05-17 19:00:00+00:00,17543.623541261622
2022-05-17 20:00:00+00:00,17545.786331926734
2022-05-17 21:00:00+00:00,17552.375188391354
2022-05-17 22:00:00+00:00,17555.67517883975
2022-05-17 23:00:00+00:00,17580.84844513605
2022-05-18 00:00:00+00:00,17580.37263071402
2022-05-18 01:00:00+00:00,17558.973350160155
2022-05-18 02:00:00+00:00,17576.24838895679
2022-05-18 03:00:00+00:00,17460.925369495875
2022-05-18 04:00:00+00:00,17432.076030579552
2022-05-18 05:00:00+00:00,17510.36644669668
2022-05-18 06:00:00+00:00,17360.370789649845
2022-05-18 07:00:00+00:00,17459.357470641728
2022-05-18 08:00:00+00:00,17442.1105832461
2022-05-18 09:00:00+00:00,17447.49370264534
2022-05-18 10:00:00+00:00,17467.40601809302
2022-05-18 11:00:00+00:00,17420.787158829684
2022-05-18 12:00:00+00:00,17248.10923169284
2022-05-18 13:00:00+00:00,17174.511097834496
2022-05-18 14:00:00+00:00,17169.619386541624
2022-05-18 15:00:00+00:00,17145.45188198981
2022-05-18 16:00:00+00:00,17270.81216189539
2022-05-18 17:00:00+00:00,17176.423020079736
2022-05-18 18:00:00+00:00,17232.078769038766
2022-05-18 19:00:00+00:00,17279.54248746043
2022-05-18 20:00:00+00:00,17284.060064479854
2022-05-18 21:00:00+00:00,17275.026337666273
2022-05-18 22:00:00+00:00,17228.692061428872
2022-05-18 23:00:00+00:00,17067.049514290833
2022-05-19 00:00:00+00:00,17158.641605265846
2022-05-19 01:00:00+00:00,17036.53688280035
2022-05-19 02:00:00+00:00,17232.890815109487
2022-05-19 03:00:00+00:00,17276.19382143436
2022-05-19 04:00:00+00:00,17247.307085049935
2022-05-19 05:00:00+00:00,17238.906627001932
2022-05-19 06:00:00+00:00,17342.90971728657
2022-05-19 07:00:00+00:00,17267.35979135807
2022-05-19 08:00:00+00:00,17163.95286261232
2022-05-19 09:00:00+00:00,17146.60998148096
2022-05-19 10:00:00+00:00,17205.955152852344
2022-05-19 11:00:00+00:00,17340.3624816204
2022-05-19 12:00:00+00:00,17272.400066186874
2022-05-19 13:00:00+00:00,17385.216200628725
2022-05-19 14:00:00+00:00,17393.88882616154
2022-05-19 15:00:00+00:00,17402.565778038803
2022-05-19 16:00:00+00:00,17396.259478408436
2022-05-19 17:00:00+00:00,17425.732464081157
2022-05-19 18:00:00+00:00,17422.542754072965
2022-05-19 19:00:00+00:00,17362.656667072275
2022-05-19 20:00:00+00:00,17427.025589760156
2022-05-19 21:00:00+00:00,17421.105947762968
2022-05-19 22:00:00+00:00,17399.927422753604
2022-05-19 23:00:00+00:00,17437.341859065935
2022-05-20 00:00:00+00:00,17426.652020119556
2022-05-20 01:00:00+00:00,17460.1194516686
2022-05-20 02:00:00+00:00,17462.63637939563
2022-05-20 03:00:00+00:00,17453.04782703687
2022-05-20 04:00:00+00:00,17449.156414546746
2022-05-20 05:00:00+00:00,17459.57084221816
2022-05-20 06:00:00+00:00,17446.893211943945
2022-05-20 07:00:00+00:00,17478.884632203284
2022-05-20 08:00:00+00:00,17485.707175233503
2022-05-20 09:00:00+00:00,17517.863466503863
2022-05-20 10:00:00+00:00,17521.02228461938
2022-05-20 11:00:00+00:00,17526.602263204848
2022-05-20 12:00:00+00:00,17523.067337897577
2022-05-20 13:00:00+00:00,17545.133122172043
2022-05-20 14:00:00+00:00,17317.200516697907
2022-05-20 15:00:00+00:00,17180.725561694962
2022-05-20 16:00:00+00:00,17123.76104767832
2022-05-20 17:00:00+00:00,17124.717762217326
2022-05-20 18:00:00+00:00,17125.60652665847
2022-05-20 19:00:00+00:00,17132.303246151212
2022-05-20 20:00:00+00:00,17128.016222944756
2022-05-20 21:00:00+00:00,17127.63796502354
2022-05-20 22:00:00+00:00,17121.300942613027
2022-05-20 23:00:00+00:00,17129.411474992197
2022-05-21 00:00:00+00:00,17135.56184367903
2022-05-21 01:00:00+00:00,17131.117633302947
2022-05-21 02:00:00+00:00,17152.846681831004
2022-05-21 03:00:00+00:00,17177.135511176286
2022-05-21 04:00:00+00:00,17169.63069923487
2022-05-21 05:00:00+00:00,17174.779349287703
2022-05-21 06:00:00+00:00,17188.96310896294
2022-05-21 07:00:00+00:00,17190.95534838242
2022-05-21 08:00:00+00:00,17191.025007926237
2022-05-21 09:00:00+00:00,17188.682705765455
2022-05-21 10:00:00+00:00,17187.563799342923
2022-05-21 11:00:00+00:00,17196.840047808957
2022-05-21 12:00:00+00:00,17196.59824906526
2022-05-21 13:00:00+00:00,17195.289691158207
2022-05-21 14:00:00+00:00,17207.564533264595
2022-05-21 15:00:00+00:00,17210.949715676325
2022-05-21 16:00:00+00:00,17216.84684290342
2022-05-21 17:00:00+00:00,17213.81130476377
2022-05-21 18:00:00+00:00,17217.405412788386
2022-05-21 19:00:00+00:00,17216.072814764764
2022-05-21 20:00:00+00:00,17213.954548199534
2022-05-21 21:00:00+00:00,17208.69435054682
2022-05-21 22:00:00+00:00,17217.95450959431
2022-05-21 23:00:00+00:00,17218.35157613846
2022-05-22 00:00:00+00:00,17222.506593904025
2022-05-22 01:00:00+00:00,17226.00928806135
2022-05-22 02:00:00+00:00,17219.01808069471
2022-05-22 03:00:00+00:00,17217.03274797396
2022-05-22 04:00:00+00:00,17206.28358938591
2022-05-22 05:00:00+00:00,17214.763796293108
2022-05-22 06:00:00+00:00,17218.06795717835
2022-05-22 07:00:00+00:00,17219.47187103088
2022-05-22 08:00:00+00:00,17231.1853340833
2022-05-22 09:00:00+00:00,17244.77580950939
2022-05-22 10:00:00+00:00,17244.223701114082
2022-05-22 11:00:00+00:00,17240.847052291883
2022-05-22 12:00:00+00:00,17255.253712105907
2022-05-22 13:00:00+00:00,17247.67564249275
2022-05-22 14:00:00+00:00,17241.29118823991
2022-05-22 15:00:00+00:00,17226.10757927601
2022-05-22 16:00:00+00:00,17238.84116790858
2022-05-22 17:00:00+00:00,17233.071260559445
2022-05-22 18:00:00+00:00,17251.375794218766
2022-05-22 19:00:00+00:00,17234.151341738103
2022-05-22 20:00:00+00:00,17236.453620039974
2022-05-22 21:00:00+00:00,17260.44279148169
2022-05-22 22:00:00+00:00,17301.807640988634
2022-05-22 23:00:00+00:00,17304.237376890633
2022-05-23 00:00:00+00:00,17303.863736796568
2022-05-23 01:00:00+00:00,17300.55617278204
2022-05-23 02:00:00+00:00,17302.02671191564
2022-05-23 03:00:00+00:00,17305.68871919105
2022-05-23 04:00:00+00:00,17301.513476047494
2022-05-23 05:00:00+00:00,17322.88905639374
2022-05-23 06:00:00+00:00,17329.87443000275
2022-05-23 07:00:00+00:00,17333.026339770076
2022-05-23 08:00:00+00:00,17328.0822307655
2022-05-23 09:00:00+00:00,17333.240935139638
2022-05-23 10:00:00+00:00,17336.04329820096
2022-05-23 11:00:00+00:00,17338.519448260082
2022-05-23 12:00:00+00:00,17336.354873689354
2022-05-23 13:00:00+00:00,17332.51544992228
2022-05-23 14:00:00+00:00,17355.678642616385
2022-05-23 15:00:00+00:00,17395.861308206295
2022-05-23 16:00:00+00:00,17392.180677682827
2022-05-23 17:00:00+00:00,17386.122061292957
2022-05-23 18:00:00+00:00,17349.76248566163
2022-05-23 19:00:00+00:00,17104.80862020481
2022-05-23 20:00:00+00:00,17202.45484229045
2022-05-23 21:00:00+00:00,17173.972512631153
2022-05-23 22:00:00+00:00,16993.7994759767
2022-05-23 23:00:00+00:00,16997.149870757006
2022-05-24 00:00:00+00:00,17007.664192976332
2022-05-24 01:00:00+00:00,17015.472829611215
2022-05-24 02:00:00+00:00,17013.566232515444
2022-05-24 03:00:00+00:00,17017.58971315137
2022-05-24 04:00:00+00:00,17021.366617765427
2022-05-24 05:00:00+00:00,17018.291215927482
2022-05-24 06:00:00+00:00,17021.917774464546
2022-05-24 07:00:00+00:00,17028.094571131405
2022-05-24 08:00:00+00:00,16997.280461062575
2022-05-24 09:00:00+00:00,17025.255952883188
2022-05-24 10:00:00+00:00,17035.701729976914
2022-05-24 11:00:00+00:00,17006.53940981662
2022-05-24 12:00:00+00:00,17007.512441107545
2022-05-24 13:00:00+00:00,16870.87415301402
2022-05-24 14:00:00+00:00,16896.794622335365
2022-05-24 15:00:00+00:00,17034.433911175183
2022-05-24 16:00:00+00:00,17013.516571455908
2022-05-24 17:00:00+00:00,17012.345626229893
2022-05-24 18:00:00+00:00,16937.830930028907
2022-05-24 19:00:00+00:00,17035.125833354192
2022-05-24 20:00:00+00:00,17074.83152147272
2022-05-24 21:00:00+00:00,17125.46144637582
2022-05-24 22:00:00+00:00,17124.311921058303
2022-05-24 23:00:00+00:00,17122.81547210118
2022-05-25 00:00:00+00:00,17120.892082375314
2022-05-25 01:00:00+00:00,17139.50759625138
2022-05-25 02:00:00+00:00,17153.242168665558
2022-05-25 03:00:00+00:00,17151.853108825646
2022-05-25 04:00:00+00:00,17148.430907434933
2022-05-25 05:00:00+00:00,17120.28965092336
2022-05-25 06:00:00+00:00,17127.591518150406
2022-05-25 07:00:00+00:00,17090.215988484175
2022-05-25 08:00:00+00:00,17094.940331850143
2022-05-25 09:00:00+00:00,17087.58771690943
2022-05-25 10:00:00+00:00,17024.85245561671
2022-05-25 11:00:00+00:00,16922.391915039978
2022-05-25 12:00:00+00:00,16994.331169136185
2022-05-25 13:00:00+00:00,17076.214967180986
2022-05-25 14:00:00+00:00,17062.46187448612
2022-05-25 15:00:00+00:00,17030.618175246476
2022-05-25 16:00:00+00:00,16976.452148632863
2022-05-25 17:00:00+00:00,17020.197562704598
2022-05-25 18:00:00+00:00,17089.22750873074
2022-05-25 19:00:00+00:00,16962.17009083435
2022-05-25 20:00:00+00:00,17011.310948963306
2022-05-25 21:00:00+00:00,17048.39140272907
2022-05-25 22:00:00+00:00,17033.950655399465
2022-05-25 23:00:00+00:00,16914.77481754744
2022-05-26 00:00:00+00:00,17003.270679387846
2022-05-26 01:00:00+00:00,16924.08460337165
2022-05-26 02:00:00+00:00,16964.920709373324
2022-05-26 03:00:00+00:00,16945.61348309015
2022-05-26 04:00:00+00:00,16891.976421580184
2022-05-26 05:00:00+00:00,16822.47040696076
2022-05-26 06:00:00+00:00,16756.787871127657
2022-05-26 07:00:00+00:00,16757.3688997423
2022-05-26 08:00:00+00:00,16371.640499552006
2022-05-26 09:00:00+00:00,16398.19838236116
2022-05-26 10:00:00+00:00,16394.15351572094
2022-05-26 11:00:00+00:00,16402.115541441857
2022-05-26 12:00:00+00:00,16377.482296810245
2022-05-26 13:00:00+00:00,16021.29303187781
2022-05-26 14:00:00+00:00,16029.285263519538
2022-05-26 15:00:00+00:00,16037.281482090815
2022-05-26 16:00:00+00:00,16045.281689580526
2022-05-26 17:00:00+00:00,16045.35934968927
2022-05-26 18:00:00+00:00,16027.929445238435
2022-05-26 19:00:00+00:00,15881.9269372134
2022-05-26 20:00:00+00:00,15886.692522679134
2022-05-26 21:00:00+00:00,15919.94571904002
2022-05-26 22:00:00+00:00,15850.474073139565
2022-05-26 23:00:00+00:00,15700.146327170518
2022-05-27 00:00:00+00:00,15676.487973478126
2022-05-27 01:00:00+00:00,15763.553149948408
2022-05-27 02:00:00+00:00,15789.124600605635
2022-05-27 03:00:00+00:00,15797.001014886122
2022-05-27 04:00:00+00:00,15849.244773210987
2022-05-27 05:00:00+00:00,15901.661311817457
2022-05-27 06:00:00+00:00,15927.45679991174
2022-05-27 07:00:00+00:00,15935.40222129285
2022-05-27 08:00:00+00:00,15961.25244349394
2022-05-27 09:00:00+00:00,15968.890493590887
2022-05-27 10:00:00+00:00,15969.214723852128
2022-05-27 11:00:00+00:00,15977.180976198651
2022-05-27 12:00:00+00:00,15985.151202514937
2022-05-27 13:00:00+00:00,15999.052662211103
2022-05-27 14:00:00+00:00,16082.909015509826
2022-05-27 15:00:00+00:00,16086.291087303394
2022-05-27 16:00:00+00:00,16136.098327264333
2022-05-27 17:00:00+00:00,16124.42719043717
2022-05-27 18:00:00+00:00,16124.174293269993
2022-05-27 19:00:00+00:00,16189.463546429759
2022-05-27 20:00:00+00:00,16184.427134097888
2022-05-27 21:00:00+00:00,16168.783736074163
2022-05-27 22:00:00+00:00,16195.637023351266
2022-05-27 23:00:00+00:00,16172.741034262657
2022-05-28 00:00:00+00:00,16288.470839498746
2022-05-28 01:00:00+00:00,16270.58612704037
2022-05-28 02:00:00+00:00,16273.382070183887
2022-05-28 03:00:00+00:00,16342.33998423188
2022-05-28 04:00:00+00:00,16340.153950440597
2022-05-28 05:00:00+00:00,16344.422565978035
2022-05-28 06:00:00+00:00,16341.878970587362
2022-05-28 07:00:00+00:00,16341.69860655057
2022-05-28 08:00:00+00:00,16344.948746450264
2022-05-28 09:00:00+00:00,16339.811756309633
2022-05-28 10:00:00+00:00,16346.671149026828
2022-05-28 11:00:00+00:00,16368.850336089437
2022-05-28 12:00:00+00:00,16374.515812919539
2022-05-28 13:00:00+00:00,16377.015946900905
2022-05-28 14:00:00+00:00,16372.638864547132
2022-05-28 15:00:00+00:00,16379.16991167127
2022-05-28 16:00:00+00:00,16364.169186598507
2022-05-28 17:00:00+00:00,16384.693569182804
2022-05-28 18:00:00+00:00,16421.74884773043
2022-05-28 19:00:00+00:00,16431.17792754559
2022-05-28 20:00:00+00:00,16430.379248641002
2022-05-28 21:00:00+00:00,16426.18305814679
2022-05-28 22:00:00+00:00,16427.111719884822
2022-05-28 23:00:00+00:00,16438.892025372636
2022-05-29 00:00:00+00:00,16435.064921051722
2022-05-29 01:00:00+00:00,16414.98757299318
2022-05-29 02:00:00+00:00,16399.060251664334
2022-05-29 03:00:00+00:00,16423.215649370024
2022-05-29 04:00:00+00:00,16419.541824623913
2022-05-29 05:00:00+00:00,16448.687500943073
2022-05-29 06:00:00+00:00,16443.452300679863
2022-05-29 07:00:00+00:00,16445.687210733748
2022-05-29 08:00:00+00:00,16451.534715121314
2022-05-29 09:00:00+00:00,16433.196206596964
2022-05-29 10:00:00+00:00,16485.519032406606
2022-05-29 11:00:00+00:00,16487.47331094709
2022-05-29 12:00:00+00:00,16493.742843467233
2022-05-29 13:00:00+00:00,16490.842810207534
2022-05-29 14:00:00+00:00,16488.8719125817
2022-05-29 15:00:00+00:00,16478.36506337678
2022-05-29 16:00:00+00:00,16488.423917409935
2022-05-29 17:00:00+00:00,16480.753670307957
2022-05-29 18:00:00+00:00,16475.16047271135
2022-05-29 19:00:00+00:00,16460.400822247422
2022-05-29 20:00:00+00:00,16487.137555188456
2022-05-29 21:00:00+00:00,16505.944416200386
2022-05-29 22:00:00+00:00,16548.29086268775
2022-05-29 23:00:00+00:00,16548.81927983781
2022-05-30 00:00:00+00:00,16545.162642847074
2022-05-30 01:00:00+00:00,16556.54598751358
2022-05-30 02:00:00+00:00,16564.805230413378
2022-05-30 03:00:00+00:00,16566.08601300252
2022-05-30 04:00:00+00:00,16563.632839979575
2022-05-30 05:00:00+00:00,16573.068593441454
2022-05-30 06:00:00+00:00,16575.28269225541
2022-05-30 07:00:00+00:00,16576.089152377288
2022-05-30 08:00:00+00:00,16576.237366669957
2022-05-30 09:00:00+00:00,16574.602650206692
2022-05-30 10:00:00+00:00,16569.707219304695
2022-05-30 11:00:00+00:00,16573.822345548226
2022-05-30 12:00:00+00:00,16627.878958363333
2022-05-30 13:00:00+00:00,16644.45346604515
2022-05-30 14:00:00+00:00,16654.852508188906
2022-05-30 15:00:00+00:00,16660.910205562093
2022-05-30 16:00:00+00:00,16663.160791355527
2022-05-30 17:00:00+00:00,16666.288110591853
2022-05-30 18:00:00+00:00,16663.3253439112
2022-05-30 19:00:00+00:00,16661.715993342354
2022-05-30 20:00:00+00:00,16671.473219114192
2022-05-30 21:00:00+00:00,16679.789793532433
2022-05-30 22:00:00+00:00,16682.563298724097
2022-05-30 23:00:00+00:00,16682.295456891607
2022-05-31 00:00:00+00:00,16688.11051667881
2022-05-31 01:00:00+00:00,16689.440650066816
2022-05-31 02:00:00+00:00,16702.65479294114
2022-05-31 03:00:00+00:00,16700.263402038338
2022-05-31 04:00:00+00:00,16686.434330074724
2022-05-31 05:00:00+00:00,16677.989303915125
2022-05-31 06:00:00+00:00,16662.256462069352
2022-05-31 07:00:00+00:00,16670.26006272389
2022-05-31 08:00:00+00:00,16673.422324520965
2022-05-31 09:00:00+00:00,16657.359153976544
2022-05-31 10:00:00+00:00,16678.095755672388
2022-05-31 11:00:00+00:00,16693.319387686613
2022-05-31 12:00:00+00:00,16652.042076618633
2022-05-31 13:00:00+00:00,16790.167304660325
2022-05-31 14:00:00+00:00,16817.40411673395
2022-05-31 15:00:00+00:00,16844.685112044015
2022-05-31 16:00:00+00:00,16900.393765681674
2022-05-31 17:00:00+00:00,16902.38109376691
2022-05-31 18:00:00+00:00,16994.256355830417
2022-05-31 19:00:00+00:00,16993.26184123823
2022-05-31 20:00:00+00:00,17001.79637006252
2022-05-31 21:00:00+00:00,16999.07585187688
2022-05-31 22:00:00+00:00,17002.733950810078
2022-05-31 23:00:00+00:00,16991.255676643657
2022-06-01 00:00:00+00:00,17039.408871322805
2022-06-01 01:00:00+00:00,17023.440697425114
2022-06-01 02:00:00+00:00,17000.38846092554
2022-06-01 03:00:00+00:00,16969.93279834613
2022-06-01 04:00:00+00:00,17011.95143984582
2022-06-01 05:00:00+00:00,17008.914940865536
2022-06-01 06:00:00+00:00,17025.95851578714
2022-06-01 07:00:00+00:00,16993.6834701741
2022-06-01 08:00:00+00:00,17016.016430416203
2022-06-01 09:00:00+00:00,17057.54790034012
2022-06-01 10:00:00+00:00,17016.80004305628
2022-06-01 11:00:00+00:00,17033.9905453479
2022-06-01 12:00:00+00:00,17097.16492504417
2022-06-01 13:00:00+00:00,17100.966240080874
2022-06-01 14:00:00+00:00,17201.723301146503
2022-06-01 15:00:00+00:00,17159.71102077254
2022-06-01 16:00:00+00:00,17053.708681998345
2022-06-01 17:00:00+00:00,16998.29377400459
2022-06-01 18:00:00+00:00,16838.87795787711
2022-06-01 19:00:00+00:00,16806.349285138123
2022-06-01 20:00:00+00:00,16909.129166900195
2022-06-01 21:00:00+00:00,16911.123950209287
2022-06-01 22:00:00+00:00,16917.564296130582
2022-06-01 23:00:00+00:00,16926.003633230244
2022-06-02 00:00:00+00:00,16933.27904481137
2022-06-02 01:00:00+00:00,16953.460797399646
2022-06-02 02:00:00+00:00,16955.32714466096
2022-06-02 03:00:00+00:00,16947.178791543676
2022-06-02 04:00:00+00:00,16950.104014750395
2022-06-02 05:00:00+00:00,16957.87934897343
2022-06-02 06:00:00+00:00,16962.24444888812
2022-06-02 07:00:00+00:00,16965.412177645652
2022-06-02 08:00:00+00:00,16958.470456253544
2022-06-02 09:00:00+00:00,16955.423980271422
2022-06-02 10:00:00+00:00,16980.962502258073
2022-06-02 11:00:00+00:00,16984.59122436626
2022-06-02 12:00:00+00:00,16979.547938637657
2022-06-02 13:00:00+00:00,17075.272560696903
2022-06-02 14:00:00+00:00,17102.971867166143
2022-06-02 15:00:00+00:00,17111.50369494386
2022-06-02 16:00:00+00:00,17115.60743487353
2022-06-02 17:00:00+00:00,17111.151579642647
2022-06-02 18:00:00+00:00,17109.35686179951
2022-06-02 19:00:00+00:00,17130.17031941703
2022-06-02 20:00:00+00:00,17139.26177513327
2022-06-02 21:00:00+00:00,17140.35279073889
2022-06-02 22:00:00+00:00,17147.811706153352
2022-06-02 23:00:00+00:00,17146.921626134994
2022-06-03 00:00:00+00:00,17142.91016570773
2022-06-03 01:00:00+00:00,17149.78428648646
2022-06-03 02:00:00+00:00,17145.656078084015
2022-06-03 03:00:00+00:00,17143.85815926621
2022-06-03 04:00:00+00:00,17131.529022372655
2022-06-03 05:00:00+00:00,17145.076760382948
2022-06-03 06:00:00+00:00,17124.587332288556
2022-06-03 07:00:00+00:00,17130.963660534253
2022-06-03 08:00:00+00:00,17119.778461816124
2022-06-03 09:00:00+00:00,17078.24281692206
2022-06-03 10:00:00+00:00,16875.94727383885
2022-06-03 11:00:00+00:00,16877.283729403207
2022-06-03 12:00:00+00:00,16751.482920176437
2022-06-03 13:00:00+00:00,16759.839407482057
2022-06-03 14:00:00+00:00,16768.83821664112
2022-06-03 15:00:00+00:00,16762.54222089716
2022-06-03 16:00:00+00:00,16760.97982391893
2022-06-03 17:00:00+00:00,16744.829898718206
2022-06-03 18:00:00+00:00,16748.3154229563
2022-06-03 19:00:00+00:00,16751.895194520068
2022-06-03 20:00:00+00:00,16779.012756100477
2022-06-03 21:00:00+00:00,16815.2674598537
2022-06-03 22:00:00+00:00,16811.675176480054
2022-06-03 23:00:00+00:00,16804.227077772288
2022-06-04 00:00:00+00:00,16803.24533094301
2022-06-04 01:00:00+00:00,16770.975705505254
2022-06-04 02:00:00+00:00,16753.593033983976
2022-06-04 03:00:00+00:00,16744.160350202328
2022-06-04 04:00:00+00:00,16827.676696493756
2022-06-04 05:00:00+00:00,16829.31946726472
2022-06-04 06:00:00+00:00,16838.434195413276
2022-06-04 07:00:00+00:00,16829.743408108836
2022-06-04 08:00:00+00:00,16860.532111912973
2022-06-04 09:00:00+00:00,16856.610659104874
2022-06-04 10:00:00+00:00,16853.908036223616
2022-06-04 11:00:00+00:00,16825.133051429046
2022-06-04 12:00:00+00:00,16778.499558575964
2022-06-04 13:00:00+00:00,16816.81321236321
2022-06-04 14:00:00+00:00,16908.657269565163
2022-06-04 15:00:00+00:00,16908.667331693447
2022-06-04 16:00:00+00:00,16905.886972970227
2022-06-04 17:00:00+00:00,16907.265270456952
2022-06-04 18:00:00+00:00,16908.596040444132
2022-06-04 19:00:00+00:00,16905.63507722265
2022-06-04 20:00:00+00:00,16908.001946699853
2022-06-04 21:00:00+00:00,16912.84975165316
2022-06-04 22:00:00+00:00,16917.09216338928
2022-06-04 23:00:00+00:00,16918.93326055633
2022-06-05 00:00:00+00:00,16915.945670820245
2022-06-05 01:00:00+00:00,16907.59156912104
2022-06-05 02:00:00+00:00,16919.055377556768
2022-06-05 03:00:00+00:00,16919.423692687233
2022-06-05 04:00:00+00:00,16913.960351585334
2022-06-05 05:00:00+00:00,16924.979112571753
2022-06-05 06:00:00+00:00,16915.418265643424
2022-06-05 07:00:00+00:00,16907.100482280417
2022-06-05 08:00:00+00:00,16911.82719312139
2022-06-05 09:00:00+00:00,16909.52443723108
2022-06-05 10:00:00+00:00,16906.25593706363
2022-06-05 11:00:00+00:00,16929.324005553142
2022-06-05 12:00:00+00:00,16937.180977109514
2022-06-05 13:00:00+00:00,16916.595711631817
2022-06-05 14:00:00+00:00,16951.763516318144
2022-06-05 15:00:00+00:00,16973.040281244732
2022-06-05 16:00:00+00:00,17000.57374771174
2022-06-05 17:00:00+00:00,17009.05449412613
2022-06-05 18:00:00+00:00,17004.287943762887
2022-06-05 19:00:00+00:00,17006.64412141461
2022-06-05 20:00:00+00:00,16998.150966572044
2022-06-05 21:00:00+00:00,17001.801978338568
2022-06-05 22:00:00+00:00,17005.468202654116
2022-06-05 23:00:00+00:00,16991.244469313704
2022-06-06 00:00:00+00:00,17036.646382426014
2022-06-06 01:00:00+00:00,17045.145123695875
2022-06-06 02:00:00+00:00,17045.73162921248
2022-06-06 03:00:00+00:00,17050.79698767289
2022-06-06 04:00:00+00:00,17051.756162854752
2022-06-06 05:00:00+00:00,17053.648104567917
2022-06-06 06:00:00+00:00,17062.15532715707
2022-06-06 07:00:00+00:00,17064.763454782504
2022-06-06 08:00:00+00:00,17069.95982645425
2022-06-06 09:00:00+00:00,17070.666793579316
2022-06-06 10:00:00+00:00,17068.483903407672
2022-06-06 11:00:00+00:00,17068.970144665
2022-06-06 12:00:00+00:00,17069.045980457428
2022-06-06 13:00:00+00:00,17071.057207558024
2022-06-06 14:00:00+00:00,17055.317613087038
2022-06-06 15:00:00+00:00,17067.24060961519
2022-06-06 16:00:00+00:00,16924.167050420874
2022-06-06 17:00:00+00:00,16912.288692148933
2022-06-06 18:00:00+00:00,16938.432181616616
2022-06-06 19:00:00+00:00,16952.419781077035
2022-06-06 20:00:00+00:00,16942.04009417585
2022-06-06 21:00:00+00:00,17004.207202888818
2022-06-06 22:00:00+00:00,16905.07286703046
2022-06-06 23:00:00+00:00,16930.27274859804
2022-06-07 00:00:00+00:00,16744.615345732935
2022-06-07 01:00:00+00:00,16799.993049167966
2022-06-07 02:00:00+00:00,16807.568034751657
2022-06-07 03:00:00+00:00,16827.24580044885
2022-06-07 04:00:00+00:00,16824.796847869213
2022-06-07 05:00:00+00:00,16825.203529936527
2022-06-07 06:00:00+00:00,16825.945126647508
2022-06-07 07:00:00+00:00,16829.404316467124
2022-06-07 08:00:00+00:00,16832.954411690018
2022-06-07 09:00:00+00:00,16829.715308636245
2022-06-07 10:00:00+00:00,16831.231993522575
2022-06-07 11:00:00+00:00,16824.935598221593
2022-06-07 12:00:00+00:00,16828.36567160521
2022-06-07 13:00:00+00:00,16854.542760822573
2022-06-07 14:00:00+00:00,16862.950659591534
2022-06-07 15:00:00+00:00,16860.658534425602
2022-06-07 16:00:00+00:00,16871.59721011334
2022-06-07 17:00:00+00:00,16869.97817197017
2022-06-07 18:00:00+00:00,16890.305539968133
2022-06-07 19:00:00+00:00,16898.73127902093
2022-06-07 20:00:00+00:00,16907.161221258706
2022-06-07 21:00:00+00:00,16904.361460053195
2022-06-07 22:00:00+00:00,17010.557622331362
2022-06-07 23:00:00+00:00,17066.814848658993
2022-06-08 00:00:00+00:00,17066.356410894736
2022-06-08 01:00:00+00:00,17123.25812858841
2022-06-08 02:00:00+00:00,17124.177630509043
2022-06-08 03:00:00+00:00,17227.976078690404
2022-06-08 04:00:00+00:00,17231.268688231597
2022-06-08 05:00:00+00:00,17236.570264894046
2022-06-08 06:00:00+00:00,17238.565362559333
2022-06-08 07:00:00+00:00,17238.984614834084
2022-06-08 08:00:00+00:00,17241.344849862322
2022-06-08 09:00:00+00:00,17255.413092859566
2022-06-08 10:00:00+00:00,17237.711330147802
2022-06-08 11:00:00+00:00,17242.41627234224
2022-06-08 12:00:00+00:00,17223.480498897065
2022-06-08 13:00:00+00:00,17293.574959039477
2022-06-08 14:00:00+00:00,17269.608759799994
2022-06-08 15:00:00+00:00,17315.095209977135
2022-06-08 16:00:00+00:00,17256.295652431076
2022-06-08 17:00:00+00:00,17273.28571326379
2022-06-08 18:00:00+00:00,17257.158482262985
2022-06-08 19:00:00+00:00,17249.376861076773
2022-06-08 20:00:00+00:00,17285.042624846916
2022-06-08 21:00:00+00:00,17358.850122764637
2022-06-08 22:00:00+00:00,17305.08619456898
2022-06-08 23:00:00+00:00,17256.68686885776
2022-06-09 00:00:00+00:00,17253.975091777716
2022-06-09 01:00:00+00:00,17201.68495547339
2022-06-09 02:00:00+00:00,17271.424787771044
2022-06-09 03:00:00+00:00,17300.487963868036
2022-06-09 04:00:00+00:00,17293.708521167926
2022-06-09 05:00:00+00:00,17302.07965911067
2022-06-09 06:00:00+00:00,17298.719413598443
2022-06-09 07:00:00+00:00,17375.238688596208
2022-06-09 08:00:00+00:00,17399.334488332694
2022-06-09 09:00:00+00:00,17400.206514966318
2022-06-09 10:00:00+00:00,17396.15303042165
2022-06-09 11:00:00+00:00,17392.629676422068
2022-06-09 12:00:00+00:00,17375.772105581746
2022-06-09 13:00:00+00:00,17416.418458073247
2022-06-09 14:00:00+00:00,17385.145865264138
2022-06-09 15:00:00+00:00,17432.24379433071
2022-06-09 16:00:00+00:00,17500.136107216807
2022-06-09 17:00:00+00:00,17495.968130399404
2022-06-09 18:00:00+00:00,17486.435318074688
2022-06-09 19:00:00+00:00,17472.312152454237
2022-06-09 20:00:00+00:00,17510.8464073281
2022-06-09 21:00:00+00:00,17508.352512284087
2022-06-09 22:00:00+00:00,17490.085540792872
2022-06-09 23:00:00+00:00,17490.02076429822
2022-06-10 00:00:00+00:00,17460.46044318805
2022-06-10 01:00:00+00:00,17470.519793396896
2022-06-10 02:00:00+00:00,17534.851446229513
2022-06-10 03:00:00+00:00,17602.965402992424
2022-06-10 04:00:00+00:00,17602.521842479873
2022-06-10 05:00:00+00:00,17601.844886181574
2022-06-10 06:00:00+00:00,17600.79020789075
2022-06-10 07:00:00+00:00,17600.226077642168
2022-06-10 08:00:00+00:00,17598.896692447688
2022-06-10 09:00:00+00:00,17570.703561985836
2022-06-10 10:00:00+00:00,17580.81198929693
2022-06-10 11:00:00+00:00,17583.240637417126
2022-06-10 12:00:00+00:00,17368.63289414656
2022-06-10 13:00:00+00:00,17364.604399216536
2022-06-10 14:00:00+00:00,17424.543520751206
2022-06-10 15:00:00+00:00,17354.838350901315
2022-06-10 16:00:00+00:00,17206.208892283183
2022-06-10 17:00:00+00:00,17205.977029074813
2022-06-10 18:00:00+00:00,17203.907751589624
2022-06-10 19:00:00+00:00,17194.50035137233
2022-06-10 20:00:00+00:00,17210.524664306497
2022-06-10 21:00:00+00:00,17210.107364490505
2022-06-10 22:00:00+00:00,17205.066382713296
2022-06-10 23:00:00+00:00,17187.058186141534
2022-06-11 00:00:00+00:00,17243.01638377487
2022-06-11 01:00:00+00:00,17231.804234218525
2022-06-11 02:00:00+00:00,17224.557357066256
2022-06-11 03:00:00+00:00,17210.02941937892
2022-06-11 04:00:00+00:00,17236.589907809648
2022-06-11 05:00:00+00:00,17207.704949348947
2022-06-11 06:00:00+00:00,17196.595349940984
2022-06-11 07:00:00+00:00,17202.611625312682
2022-06-11 08:00:00+00:00,16810.73177694279
2022-06-11 09:00:00+00:00,16904.09639606094
2022-06-11 10:00:00+00:00,16896.971122820818
2022-06-11 11:00:00+00:00,16876.31275386439
2022-06-11 12:00:00+00:00,16762.534388913715
2022-06-11 13:00:00+00:00,16888.735131397145
2022-06-11 14:00:00+00:00,16587.379865195835
2022-06-11 15:00:00+00:00,16515.563203072197
2022-06-11 16:00:00+00:00,16570.183386470755
2022-06-11 17:00:00+00:00,16568.38478113456
2022-06-11 18:00:00+00:00,16578.449432395206
2022-06-11 19:00:00+00:00,16575.111426721767
2022-06-11 20:00:00+00:00,16670.523985565345
2022-06-11 21:00:00+00:00,16678.840086457858
2022-06-11 22:00:00+00:00,16682.698079872644
2022-06-11 23:00:00+00:00,16677.10344570205
2022-06-12 00:00:00+00:00,16685.501351780833
2022-06-12 01:00:00+00:00,16771.472196271217
2022-06-12 02:00:00+00:00,16874.0387858418
2022-06-12 03:00:00+00:00,16882.45641021454
2022-06-12 04:00:00+00:00,16909.84293259056
2022-06-12 05:00:00+00:00,17003.758002184055
2022-06-12 06:00:00+00:00,17012.240337065698
2022-06-12 07:00:00+00:00,17018.91809110236
2022-06-12 08:00:00+00:00,17020.726903365186
2022-06-12 09:00:00+00:00,17015.967819606245
2022-06-12 10:00:00+00:00,17011.657213671635
2022-06-12 11:00:00+00:00,17027.710964914615
2022-06-12 12:00:00+00:00,17016.58665964154
2022-06-12 13:00:00+00:00,16991.89856163159
2022-06-12 14:00:00+00:00,17124.817819777323
2022-06-12 15:00:00+00:00,17133.36054542161
2022-06-12 16:00:00+00:00,17190.0239049279
2022-06-12 17:00:00+00:00,17198.59915866689
2022-06-12 18:00:00+00:00,17192.71958017868
2022-06-12 19:00:00+00:00,17303.77785976435
2022-06-12 20:00:00+00:00,17301.650867386015
2022-06-12 21:00:00+00:00,17299.92172927647
2022-06-12 22:00:00+00:00,17260.00159706547
2022-06-12 23:00:00+00:00,17126.58998194138
2022-06-13 00:00:00+00:00,16906.0581647803
2022-06-13 01:00:00+00:00,17009.44782006822
2022-06-13 02:00:00+00:00,16951.523774661506
2022-06-13 03:00:00+00:00,17113.469758808402
2022-06-13 04:00:00+00:00,17122.006823465665
2022-06-13 05:00:00+00:00,17217.1002237306
2022-06-13 06:00:00+00:00,17274.040526658726
2022-06-13 07:00:00+00:00,17379.68059237206
2022-06-13 08:00:00+00:00,16980.21630658791
2022-06-13 09:00:00+00:00,17074.522220752984
2022-06-13 10:00:00+00:00,17130.990990462684
2022-06-13 11:00:00+00:00,17235.75623118179
2022-06-13 12:00:00+00:00,17244.354298519167
2022-06-13 13:00:00+00:00,17301.384735979493
2022-06-13 14:00:00+00:00,16903.720045889146
2022-06-13 15:00:00+00:00,16912.152476776268
2022-06-13 16:00:00+00:00,16939.587171762454
2022-06-13 17:00:00+00:00,17033.667436993954
2022-06-13 18:00:00+00:00,17061.29925212049
2022-06-13 19:00:00+00:00,17064.127496702633
2022-06-13 20:00:00+00:00,17088.975891252783
2022-06-13 21:00:00+00:00,17145.492462065224
2022-06-13 22:00:00+00:00,17250.34638709711
2022-06-13 23:00:00+00:00,17346.152568616024
2022-06-14 00:00:00+00:00,17452.233638322563
2022-06-14 01:00:00+00:00,17051.10175280734
2022-06-14 02:00:00+00:00,17145.80135552655
2022-06-14 03:00:00+00:00,17173.615072977867
2022-06-14 04:00:00+00:00,17278.640982928984
2022-06-14 05:00:00+00:00,17287.260443350504
2022-06-14 06:00:00+00:00,17344.432779786406
2022-06-14 07:00:00+00:00,17401.79419627141
2022-06-14 08:00:00+00:00,17498.44149923628
2022-06-14 09:00:00+00:00,17595.62556875896
2022-06-14 10:00:00+00:00,17624.16898576238
2022-06-14 11:00:00+00:00,17731.95027566531
2022-06-14 12:00:00+00:00,17790.593287966025
2022-06-14 13:00:00+00:00,17819.45297931217
2022-06-14 14:00:00+00:00,17918.419904867973
2022-06-14 15:00:00+00:00,17947.48695504976
2022-06-14 16:00:00+00:00,18047.1649646641
2022-06-14 17:00:00+00:00,18076.4408635688
2022-06-14 18:00:00+00:00,18085.458306939458
2022-06-14 19:00:00+00:00,18088.02051960958
2022-06-14 20:00:00+00:00,18185.90259150776
2022-06-14 21:00:00+00:00,18286.904730576134
2022-06-14 22:00:00+00:00,18292.085081665624
2022-06-14 23:00:00+00:00,18296.027163973125
2022-06-15 00:00:00+00:00,18356.535688379692
2022-06-15 01:00:00+00:00,18365.692857221762
2022-06-15 02:00:00+00:00,18467.693528055574
2022-06-15 03:00:00+00:00,18580.63342505689
2022-06-15 04:00:00+00:00,18694.264010384577
2022-06-15 05:00:00+00:00,18808.589507969904
2022-06-15 06:00:00+00:00,18870.793175853447
2022-06-15 07:00:00+00:00,18986.19824440607
2022-06-15 08:00:00+00:00,18549.80885962148
2022-06-15 09:00:00+00:00,18611.15668951155
2022-06-15 10:00:00+00:00,18620.440876192806
2022-06-15 11:00:00+00:00,18682.022299915036
2022-06-15 12:00:00+00:00,18712.32805692776
2022-06-15 13:00:00+00:00,18721.662713006353
2022-06-15 14:00:00+00:00,18836.155768421653
2022-06-15 15:00:00+00:00,18866.711558935523
2022-06-15 16:00:00+00:00,18982.091666201373
2022-06-15 17:00:00+00:00,19044.86913950627
2022-06-15 18:00:00+00:00,18607.13123009933
2022-06-15 19:00:00+00:00,18637.315499698765
2022-06-15 20:00:00+00:00,18698.952731086734
2022-06-15 21:00:00+00:00,18708.280714876008
2022-06-15 22:00:00+00:00,18738.629067980877
2022-06-15 23:00:00+00:00,18747.97684433462
2022-06-16 00:00:00+00:00,18778.389592034164
2022-06-16 01:00:00+00:00,18840.493382915225
2022-06-16 02:00:00+00:00,18842.00588513681
2022-06-16 03:00:00+00:00,18838.245818407402
2022-06-16 04:00:00+00:00,18945.131034150996
2022-06-16 05:00:00+00:00,18975.863603060192
2022-06-16 06:00:00+00:00,18969.17072144032
2022-06-16 07:00:00+00:00,19081.25308290233
2022-06-16 08:00:00+00:00,19112.20646739922
2022-06-16 09:00:00+00:00,19229.08790831207
2022-06-16 10:00:00+00:00,19346.684142216152
2022-06-16 11:00:00+00:00,19454.133111131036
2022-06-16 12:00:00+00:00,19463.837817106003
2022-06-16 13:00:00+00:00,19582.869673194306
2022-06-16 14:00:00+00:00,19647.634036350933
2022-06-16 15:00:00+00:00,19657.435270378548
2022-06-16 16:00:00+00:00,19722.446236484364
2022-06-16 17:00:00+00:00,19787.67220651393
2022-06-16 18:00:00+00:00,19799.246812844216
2022-06-16 19:00:00+00:00,19853.113891527086
2022-06-16 20:00:00+00:00,19885.31937955636
2022-06-16 21:00:00+00:00,19895.239183060043
2022-06-16 22:00:00+00:00,20016.90929095619
2022-06-16 23:00:00+00:00,20083.109107644308
2022-06-17 00:00:00+00:00,20149.52786001654
2022-06-17 01:00:00+00:00,20159.579464079226
2022-06-17 02:00:00+00:00,20271.543147946188
2022-06-17 03:00:00+00:00,20338.585088381293
2022-06-17 04:00:00+00:00,20348.731003755784
2022-06-17 05:00:00+00:00,20358.881980426246
2022-06-17 06:00:00+00:00,20391.907919505247
2022-06-17 07:00:00+00:00,20424.987432874485
2022-06-17 08:00:00+00:00,20435.176450110368
2022-06-17 09:00:00+00:00,20439.276351761553
2022-06-17 10:00:00+00:00,20468.32615318143
2022-06-17 11:00:00+00:00,20443.356698794814
2022-06-17 12:00:00+00:00,20305.591730192933
2022-06-17 13:00:00+00:00,20530.226675111768
2022-06-17 14:00:00+00:00,20307.549082352656
2022-06-17 15:00:00+00:00,20414.39748260108
2022-06-17 16:00:00+00:00,20316.645012977253
2022-06-17 17:00:00+00:00,20356.943439795086
2022-06-17 18:00:00+00:00,20361.66411265089
2022-06-17 19:00:00+00:00,20356.943439795086
2022-06-17 20:00:00+00:00,20529.53584493775
2022-06-17 21:00:00+00:00,20373.06281052222
2022-06-17 22:00:00+00:00,20405.877243788167
2022-06-17 23:00:00+00:00,20436.849463256734
2022-06-18 00:00:00+00:00,20454.005079244896
2022-06-18 01:00:00+00:00,20315.37849099155
2022-06-18 02:00:00+00:00,20390.678979959728
2022-06-18 03:00:00+00:00,20350.84110659124
2022-06-18 04:00:00+00:00,20366.7302005937
2022-06-18 05:00:00+00:00,20336.333672936824
2022-06-18 06:00:00+00:00,20077.3790708011
2022-06-18 07:00:00+00:00,20200.163062254498
2022-06-18 08:00:00+00:00,20323.697943976196
2022-06-18 09:00:00+00:00,20327.261467555545
2022-06-18 10:00:00+00:00,20333.836432889766
2022-06-18 11:00:00+00:00,20366.821743375902
2022-06-18 12:00:00+00:00,20361.623521441255
2022-06-18 13:00:00+00:00,20361.35897542364
2022-06-18 14:00:00+00:00,20338.905632178295
2022-06-18 15:00:00+00:00,20316.373734456894
2022-06-18 16:00:00+00:00,20253.12265491618
2022-06-18 17:00:00+00:00,20005.764867014415
2022-06-18 18:00:00+00:00,19907.770160637163
2022-06-18 19:00:00+00:00,20029.51690221335
2022-06-18 20:00:00+00:00,20152.008190715922
2022-06-18 21:00:00+00:00,20162.061032093065
2022-06-18 22:00:00+00:00,20172.11888833616
2022-06-18 23:00:00+00:00,20204.841862522124
2022-06-19 00:00:00+00:00,20237.617919532233
2022-06-19 01:00:00+00:00,20361.381857888253
2022-06-19 02:00:00+00:00,20474.466326018803
2022-06-19 03:00:00+00:00,20484.680025830217
2022-06-19 04:00:00+00:00,20494.89882075191
2022-06-19 05:00:00+00:00,20620.236170451364
2022-06-19 06:00:00+00:00,20653.686075225836
2022-06-19 07:00:00+00:00,20663.989178916672
2022-06-19 08:00:00+00:00,20674.29742231697
2022-06-19 09:00:00+00:00,20684.61080799067
2022-06-19 10:00:00+00:00,20694.929338503003
2022-06-19 11:00:00+00:00,20763.371499511413
2022-06-19 12:00:00+00:00,20878.688565858254
2022-06-19 13:00:00+00:00,20947.738454412854
2022-06-19 14:00:00+00:00,20958.188246309484
2022-06-19 15:00:00+00:00,20992.1863729696
2022-06-19 16:00:00+00:00,21108.774247380738
2022-06-19 17:00:00+00:00,21103.515711288936
2022-06-19 18:00:00+00:00,21143.01665288202
2022-06-19 19:00:00+00:00,21212.94072588998
2022-06-19 20:00:00+00:00,21223.522814098855
2022-06-19 21:00:00+00:00,21218.90230067569
2022-06-19 22:00:00+00:00,21293.713136658003
2022-06-19 23:00:00+00:00,21270.05503046124
2022-06-20 00:00:00+00:00,20801.562206789567
2022-06-20 01:00:00+00:00,20870.357023456796
2022-06-20 02:00:00+00:00,20986.268273496935
2022-06-20 03:00:00+00:00,21020.31195124714
2022-06-20 04:00:00+00:00,21054.41085425129
2022-06-20 05:00:00+00:00,21088.56507209514
2022-06-20 06:00:00+00:00,21122.77469450978
2022-06-20 07:00:00+00:00,21143.12981138227
2022-06-20 08:00:00+00:00,21192.63182341992
2022-06-20 09:00:00+00:00,21227.010261695505
2022-06-20 10:00:00+00:00,21237.599368500756
2022-06-20 11:00:00+00:00,21307.836244966275
2022-06-20 12:00:00+00:00,21438.14514505559
2022-06-20 13:00:00+00:00,21557.2098165182
2022-06-20 14:00:00+00:00,21567.963643569496
2022-06-20 15:00:00+00:00,21639.293099020702
2022-06-20 16:00:00+00:00,21771.629036373793
2022-06-20 17:00:00+00:00,21806.946717123516
2022-06-20 18:00:00+00:00,21836.27413913894
2022-06-20 19:00:00+00:00,21842.321689799875
2022-06-20 20:00:00+00:00,21853.217745080226
2022-06-20 21:00:00+00:00,21974.58767580947
2022-06-20 22:00:00+00:00,22000.993254038283
2022-06-20 23:00:00+00:00,22010.234593678797
2022-06-21 00:00:00+00:00,22083.02672528036
2022-06-21 01:00:00+00:00,22118.849551701293
2022-06-21 02:00:00+00:00,22101.576842640745
2022-06-21 03:00:00+00:00,22173.029136422163
2022-06-21 04:00:00+00:00,22192.000894118384
2022-06-21 05:00:00+00:00,22203.071387079617
2022-06-21 06:00:00+00:00,22214.147402562907
2022-06-21 07:00:00+00:00,22287.613913529058
2022-06-21 08:00:00+00:00,22323.76861888234
2022-06-21 09:00:00+00:00,22308.267536283405
2022-06-21 10:00:00+00:00,22352.981368657496
2022-06-21 11:00:00+00:00,22447.751927999343
2022-06-21 12:00:00+00:00,22453.280172933104
2022-06-21 13:00:00+00:00,22458.95000251728
2022-06-21 14:00:00+00:00,22495.382647260474
2022-06-21 15:00:00+00:00,22462.330124077984
2022-06-21 16:00:00+00:00,22458.453425723892
2022-06-21 17:00:00+00:00,22320.926669386296
2022-06-21 18:00:00+00:00,22225.188922244393
2022-06-21 19:00:00+00:00,21975.458131674874
2022-06-21 20:00:00+00:00,21983.084501382626
2022-06-21 21:00:00+00:00,22011.106461587467
2022-06-21 22:00:00+00:00,22017.7226416502
2022-06-21 23:00:00+00:00,22046.81261980189
2022-06-22 00:00:00+00:00,22055.828669674633
2022-06-22 01:00:00+00:00,22169.25775130059
2022-06-22 02:00:00+00:00,22169.335355474646
2022-06-22 03:00:00+00:00,22242.575803449166
2022-06-22 04:00:00+00:00,22251.816028567955
2022-06-22 05:00:00+00:00,22253.671525734266
2022-06-22 06:00:00+00:00,22377.265524707618
2022-06-22 07:00:00+00:00,22378.23333431673
2022-06-22 08:00:00+00:00,22399.25220926369
2022-06-22 09:00:00+00:00,22413.565661850917
2022-06-22 10:00:00+00:00,22411.039445039907
2022-06-22 11:00:00+00:00,22424.74668252947
2022-06-22 12:00:00+00:00,22549.290810686158
2022-06-22 13:00:00+00:00,22560.539537936646
2022-06-22 14:00:00+00:00,22557.840630525567
2022-06-22 15:00:00+00:00,22698.50939366541
2022-06-22 16:00:00+00:00,22773.57778405038
2022-06-22 17:00:00+00:00,22775.770332110857
2022-06-22 18:00:00+00:00,22775.064027662665
2022-06-22 19:00:00+00:00,22848.894440219563
2022-06-22 20:00:00+00:00,22975.794229888917
2022-06-22 21:00:00+00:00,22987.255718625973
2022-06-22 22:00:00+00:00,22988.84848098806
2022-06-22 23:00:00+00:00,22968.295127759025
2022-06-23 00:00:00+00:00,23024.54537469288
2022-06-23 01:00:00+00:00,23036.031182967774
2022-06-23 02:00:00+00:00,23035.48384793689
2022-06-23 03:00:00+00:00,23019.742209039803
2022-06-23 04:00:00+00:00,23057.60930836771
2022-06-23 05:00:00+00:00,23051.581060167293
2022-06-23 06:00:00+00:00,23073.399962019692
2022-06-23 07:00:00+00:00,23059.09779342108
2022-06-23 08:00:00+00:00,23080.699077335863
2022-06-23 09:00:00+00:00,23110.82936026581
2022-06-23 10:00:00+00:00,23109.039769261337
2022-06-23 11:00:00+00:00,23105.505722664675
2022-06-23 12:00:00+00:00,23122.358211358678
2022-06-23 13:00:00+00:00,23198.82835231498
2022-06-23 14:00:00+00:00,23223.910453727323
2022-06-23 15:00:00+00:00,23275.551394917577
2022-06-23 16:00:00+00:00,23270.201310933913
2022-06-23 17:00:00+00:00,23287.393790457696
2022-06-23 18:00:00+00:00,23313.30872084234
2022-06-23 19:00:00+00:00,23324.938578885718
2022-06-23 20:00:00+00:00,23336.57423849076
2022-06-23 21:00:00+00:00,23304.96101757341
2022-06-23 22:00:00+00:00,23374.430554955186
2022-06-23 23:00:00+00:00,23376.493785201903
2022-06-24 00:00:00+00:00,23386.090903662185
2022-06-24 01:00:00+00:00,23397.75706914113
2022-06-24 02:00:00+00:00,23409.429054293727
2022-06-24 03:00:00+00:00,23406.097569504942
2022-06-24 04:00:00+00:00,23404.139468219208
2022-06-24 05:00:00+00:00,23486.848594425624
2022-06-24 06:00:00+00:00,23481.693695741513
2022-06-24 07:00:00+00:00,23524.94868418414
2022-06-24 08:00:00+00:00,23536.684118950216
2022-06-24 09:00:00+00:00,23519.579511731776
2022-06-24 10:00:00+00:00,23614.52451635985
2022-06-24 11:00:00+00:00,23626.304636083547
2022-06-24 12:00:00+00:00,23638.09063232704
2022-06-24 13:00:00+00:00,23676.43606514195
2022-06-24 14:00:00+00:00,23714.843701467315
2022-06-24 15:00:00+00:00,23715.5946202227
2022-06-24 16:00:00+00:00,23793.273307307296
2022-06-24 17:00:00+00:00,23805.14259597261
2022-06-24 18:00:00+00:00,23817.017805639698
2022-06-24 19:00:00+00:00,23855.653492012298
2022-06-24 20:00:00+00:00,23894.351852741267
2022-06-24 21:00:00+00:00,23898.520403172613
2022-06-24 22:00:00+00:00,23906.27156449962
2022-06-24 23:00:00+00:00,23899.941865587632
2022-06-25 00:00:00+00:00,23879.340744371388
2022-06-25 01:00:00+00:00,23928.62700760332
2022-06-25 02:00:00+00:00,23822.34303336427
2022-06-25 03:00:00+00:00,24003.52230424706
2022-06-25 04:00:00+00:00,23976.575447755422
2022-06-25 05:00:00+00:00,24039.043889272296
2022-06-25 06:00:00+00:00,24056.017992887697
2022-06-25 07:00:00+00:00,24078.039743748388
2022-06-25 08:00:00+00:00,24068.778686721183
2022-06-25 09:00:00+00:00,24070.27471403064
2022-06-25 10:00:00+00:00,24065.818462470565
2022-06-25 11:00:00+00:00,24030.688401686057
2022-06-25 12:00:00+00:00,23828.289756898183
2022-06-25 13:00:00+00:00,23862.476965002184
2022-06-25 14:00:00+00:00,23791.67792410596
2022-06-25 15:00:00+00:00,23672.14392697638
2022-06-25 16:00:00+00:00,23784.767743744513
2022-06-25 17:00:00+00:00,23823.561738756143
2022-06-25 18:00:00+00:00,24012.92492690665
2022-06-25 19:00:00+00:00,23934.367087008104
2022-06-25 20:00:00+00:00,23981.162343490883
2022-06-25 21:00:00+00:00,24225.289930921004
2022-06-25 22:00:00+00:00,24218.253320644933
2022-06-25 23:00:00+00:00,24220.480869278843
2022-06-26 00:00:00+00:00,24213.07105078436
2022-06-26 01:00:00+00:00,24209.20185615513
2022-06-26 02:00:00+00:00,24183.586779374855
2022-06-26 03:00:00+00:00,24192.66554076533
2022-06-26 04:00:00+00:00,24221.328487440987
2022-06-26 05:00:00+00:00,24239.550858517592
2022-06-26 06:00:00+00:00,24305.407681835128
2022-06-26 07:00:00+00:00,24291.369120030104
2022-06-26 08:00:00+00:00,24311.057210246163
2022-06-26 09:00:00+00:00,24296.585350717396
2022-06-26 10:00:00+00:00,24311.057210246163
2022-06-26 11:00:00+00:00,24344.83562852505
2022-06-26 12:00:00+00:00,24480.043681101844
2022-06-26 13:00:00+00:00,24468.279733778014
2022-06-26 14:00:00+00:00,24474.676131602584
2022-06-26 15:00:00+00:00,24461.54771304749
2022-06-26 16:00:00+00:00,24485.018901150852
2022-06-26 17:00:00+00:00,24456.20829584862
2022-06-26 18:00:00+00:00,24399.921939543878
2022-06-26 19:00:00+00:00,24491.80441050775
2022-06-26 20:00:00+00:00,24616.002661627408
2022-06-26 21:00:00+00:00,24603.20645419818
2022-06-26 22:00:00+00:00,24422.003908976912
2022-06-26 23:00:00+00:00,24220.33795241263
2022-06-27 00:00:00+00:00,24369.379398413606
2022-06-27 01:00:00+00:00,24441.998769633836
2022-06-27 02:00:00+00:00,24481.37515166372
2022-06-27 03:00:00+00:00,24491.67925163416
2022-06-27 04:00:00+00:00,24535.962347935685
2022-06-27 05:00:00+00:00,24430.099987525115
2022-06-27 06:00:00+00:00,24508.239412300936
2022-06-27 07:00:00+00:00,24586.74684064713
2022-06-27 08:00:00+00:00,24649.430115467294
2022-06-27 09:00:00+00:00,24656.79018687475
2022-06-27 10:00:00+00:00,24655.072836879677
2022-06-27 11:00:00+00:00,24492.90593020207
2022-06-27 12:00:00+00:00,24439.545412498017
2022-06-27 13:00:00+00:00,24047.065317453846
2022-06-27 14:00:00+00:00,24086.07418419646
2022-06-27 15:00:00+00:00,24088.559472462213
2022-06-27 16:00:00+00:00,24100.07652693726
2022-06-27 17:00:00+00:00,24086.05146059945
2022-06-27 18:00:00+00:00,24165.731521528276
2022-06-27 19:00:00+00:00,24174.02381014308
2022-06-27 20:00:00+00:00,24194.193308786253
2022-06-27 21:00:00+00:00,24183.236631709293
2022-06-27 22:00:00+00:00,24204.932887192503
2022-06-27 23:00:00+00:00,24187.1720149056
2022-06-28 00:00:00+00:00,24188.664629686573
2022-06-28 01:00:00+00:00,24026.58531348496
2022-06-28 02:00:00+00:00,24074.634088077306
2022-06-28 03:00:00+00:00,24157.468173442234
2022-06-28 04:00:00+00:00,24215.15172835648
2022-06-28 05:00:00+00:00,24194.630897541
2022-06-28 06:00:00+00:00,24352.959094312006
2022-06-28 07:00:00+00:00,24365.107582567976
2022-06-28 08:00:00+00:00,24377.262131104602
2022-06-28 09:00:00+00:00,24374.810723886672
2022-06-28 10:00:00+00:00,24373.27998361932
2022-06-28 11:00:00+00:00,24386.73254608626
2022-06-28 12:00:00+00:00,24380.660055253633
2022-06-28 13:00:00+00:00,24416.80663923765
2022-06-28 14:00:00+00:00,24552.41440945267
2022-06-28 15:00:00+00:00,24480.0458230337
2022-06-28 16:00:00+00:00,24555.61930099869
2022-06-28 17:00:00+00:00,24435.492010394253
2022-06-28 18:00:00+00:00,24235.078773433914
2022-06-28 19:00:00+00:00,24156.375260865607
2022-06-28 20:00:00+00:00,24226.3339387041
2022-06-28 21:00:00+00:00,24295.658932866525
2022-06-28 22:00:00+00:00,24055.2393461643
2022-06-28 23:00:00+00:00,23988.088003439603
2022-06-29 00:00:00+00:00,23993.16060897446
2022-06-29 01:00:00+00:00,24027.001197876554
2022-06-29 02:00:00+00:00,24025.236789342893
2022-06-29 03:00:00+00:00,24020.41903781655
2022-06-29 04:00:00+00:00,24037.860149989312
2022-06-29 05:00:00+00:00,24160.444039339767
2022-06-29 06:00:00+00:00,24128.57903593565
2022-06-29 07:00:00+00:00,24206.808138109154
2022-06-29 08:00:00+00:00,24168.121068455046
2022-06-29 09:00:00+00:00,24240.347332263733
2022-06-29 10:00:00+00:00,24237.098636429084
2022-06-29 11:00:00+00:00,24374.97507042518
2022-06-29 12:00:00+00:00,24349.13599936103
2022-06-29 13:00:00+00:00,24510.35051354456
2022-06-29 14:00:00+00:00,24515.353722445718
2022-06-29 15:00:00+00:00,24513.22603359549
2022-06-29 16:00:00+00:00,24591.41101531199
2022-06-29 17:00:00+00:00,24627.00464267249
2022-06-29 18:00:00+00:00,24631.302913248197
2022-06-29 19:00:00+00:00,24643.59025348525
2022-06-29 20:00:00+00:00,24628.51012422334
2022-06-29 21:00:00+00:00,24643.97797673629
2022-06-29 22:00:00+00:00,24626.24390397144
2022-06-29 23:00:00+00:00,24597.351613802064
2022-06-30 00:00:00+00:00,24504.476901188205
2022-06-30 01:00:00+00:00,24428.30246961376
2022-06-30 02:00:00+00:00,24508.17601926826
2022-06-30 03:00:00+00:00,24525.301565935173
2022-06-30 04:00:00+00:00,24492.420516334696
2022-06-30 05:00:00+00:00,24461.046514840906
2022-06-30 06:00:00+00:00,24077.168210948617
2022-06-30 07:00:00+00:00,24079.2056959903
2022-06-30 08:00:00+00:00,24055.555143145448
2022-06-30 09:00:00+00:00,23833.082038407738
2022-06-30 10:00:00+00:00,23736.585089315
2022-06-30 11:00:00+00:00,23687.34907289195
2022-06-30 12:00:00+00:00,23882.318054830786
2022-06-30 13:00:00+00:00,23523.76512900057
2022-06-30 14:00:00+00:00,23535.49997334943
2022-06-30 15:00:00+00:00,23547.240671632437
2022-06-30 16:00:00+00:00,23585.438728708836
2022-06-30 17:00:00+00:00,23583.872222261307
2022-06-30 18:00:00+00:00,23553.875691220408
2022-06-30 19:00:00+00:00,23578.256721934595
2022-06-30 20:00:00+00:00,23729.676395242815
2022-06-30 21:00:00+00:00,23741.513958550386
2022-06-30 22:00:00+00:00,23780.027163469604
2022-06-30 23:00:00+00:00,23791.889844288115
2022-07-01 00:00:00+00:00,23870.57425672472
2022-07-01 01:00:00+00:00,23887.734678834087
2022-07-01 02:00:00+00:00,23909.296821742846
2022-07-01 03:00:00+00:00,24055.51505502246
2022-07-01 04:00:00+00:00,24094.53762883005
2022-07-01 05:00:00+00:00,24100.573304428137
2022-07-01 06:00:00+00:00,24099.450583790487
2022-07-01 07:00:00+00:00,24106.557203382916
2022-07-01 08:00:00+00:00,24118.582773907758
2022-07-01 09:00:00+00:00,24108.85194605487
2022-07-01 10:00:00+00:00,24266.080903555885
2022-07-01 11:00:00+00:00,24277.355687011095
2022-07-01 12:00:00+00:00,24278.18605257427
2022-07-01 13:00:00+00:00,24290.29724025351
2022-07-01 14:00:00+00:00,24370.62998299772
2022-07-01 15:00:00+00:00,24368.766773639363
2022-07-01 16:00:00+00:00,24382.78728638712
2022-07-01 17:00:00+00:00,24394.95065445461
2022-07-01 18:00:00+00:00,24390.509299096513
2022-07-01 19:00:00+00:00,24413.239163040653
2022-07-01 20:00:00+00:00,24475.629506417543
2022-07-01 21:00:00+00:00,24472.9196939542
2022-07-01 22:00:00+00:00,24472.08909597359
2022-07-01 23:00:00+00:00,24556.57517905358
2022-07-02 00:00:00+00:00,24596.410566705614
2022-07-02 01:00:00+00:00,24603.389722811455
2022-07-02 02:00:00+00:00,24677.755685826334
2022-07-02 03:00:00+00:00,24677.606709907635
2022-07-02 04:00:00+00:00,24706.36518628049
2022-07-02 05:00:00+00:00,24717.78765107227
2022-07-02 06:00:00+00:00,24717.9914119379
2022-07-02 07:00:00+00:00,24711.59558870417
2022-07-02 08:00:00+00:00,24705.827606127717
2022-07-02 09:00:00+00:00,24742.92490868223
2022-07-02 10:00:00+00:00,24781.373236481588
2022-07-02 11:00:00+00:00,24764.87282475661
2022-07-02 12:00:00+00:00,24799.534187845362
2022-07-02 13:00:00+00:00,24790.78947818914
2022-07-02 14:00:00+00:00,24801.569717518618
2022-07-02 15:00:00+00:00,24792.28036235173
2022-07-02 16:00:00+00:00,24839.763700746065
2022-07-02 17:00:00+00:00,24840.49697639226
2022-07-02 18:00:00+00:00,24852.155031772043
2022-07-02 19:00:00+00:00,24892.469905587328
2022-07-02 20:00:00+00:00,24889.31248123869
2022-07-02 21:00:00+00:00,24899.413002818023
2022-07-02 22:00:00+00:00,24896.45049417928
2022-07-02 23:00:00+00:00,24892.344970396454
2022-07-03 00:00:00+00:00,24896.201831869494
2022-07-03 01:00:00+00:00,24871.396138399872
2022-07-03 02:00:00+00:00,24887.85705941197
2022-07-03 03:00:00+00:00,24893.49644901797
2022-07-03 04:00:00+00:00,25030.71944775377
2022-07-03 05:00:00+00:00,25113.500910912102
2022-07-03 06:00:00+00:00,25119.224567731555
2022-07-03 07:00:00+00:00,25118.466202299707
2022-07-03 08:00:00+00:00,25124.9304591341
2022-07-03 09:00:00+00:00,25130.388818717995
2022-07-03 10:00:00+00:00,25138.827984599477
2022-07-03 11:00:00+00:00,25137.86019034701
2022-07-03 12:00:00+00:00,25113.20079279424
2022-07-03 13:00:00+00:00,25053.201498448434
2022-07-03 14:00:00+00:00,25124.709793148988
2022-07-03 15:00:00+00:00,25117.812651642394
2022-07-03 16:00:00+00:00,25173.46544862664
2022-07-03 17:00:00+00:00,25196.556148488184
2022-07-03 18:00:00+00:00,25194.607871615695
2022-07-03 19:00:00+00:00,25209.12546564079
2022-07-03 20:00:00+00:00,25216.301479954633
2022-07-03 21:00:00+00:00,25206.217443781934
2022-07-03 22:00:00+00:00,25217.45289230599
2022-07-03 23:00:00+00:00,25211.192350463156
2022-07-04 00:00:00+00:00,25205.657115297232
2022-07-04 01:00:00+00:00,25211.688612926308
2022-07-04 02:00:00+00:00,25349.13367162677
2022-07-04 03:00:00+00:00,25349.43325098112
2022-07-04 04:00:00+00:00,25354.049980231346
2022-07-04 05:00:00+00:00,25352.84456789447
2022-07-04 06:00:00+00:00,25344.26203205594
2022-07-04 07:00:00+00:00,25348.360434001304
2022-07-04 08:00:00+00:00,25348.673841208893
2022-07-04 09:00:00+00:00,25361.77910216834
2022-07-04 10:00:00+00:00,25368.025580153484
2022-07-04 11:00:00+00:00,25374.430840890524
2022-07-04 12:00:00+00:00,25387.08889094016
2022-07-04 13:00:00+00:00,25312.288832777675
2022-07-04 14:00:00+00:00,25320.73023105821
2022-07-04 15:00:00+00:00,25528.085482657378
2022-07-04 16:00:00+00:00,25533.54242680107
2022-07-04 17:00:00+00:00,25569.496842906156
2022-07-04 18:00:00+00:00,25573.311861708207
2022-07-04 19:00:00+00:00,25565.495787942393
2022-07-04 20:00:00+00:00,25569.59517405818
2022-07-04 21:00:00+00:00,25610.975380176842
2022-07-04 22:00:00+00:00,25623.75143061183
2022-07-04 23:00:00+00:00,25636.533854387242
2022-07-05 00:00:00+00:00,25637.855371702397
2022-07-05 01:00:00+00:00,25635.6080405503
2022-07-05 02:00:00+00:00,25626.675947060598
2022-07-05 03:00:00+00:00,25659.42396116776
2022-07-05 04:00:00+00:00,25651.573160893455
2022-07-05 05:00:00+00:00,25678.121138310093
2022-07-05 06:00:00+00:00,25690.930684446812
2022-07-05 07:00:00+00:00,25678.889842299257
2022-07-05 08:00:00+00:00,25526.92332660978
2022-07-05 09:00:00+00:00,25419.409734090004
2022-07-05 10:00:00+00:00,25407.76813489996
2022-07-05 11:00:00+00:00,25176.168791013413
2022-07-05 12:00:00+00:00,25100.435984475345
2022-07-05 13:00:00+00:00,25101.072861037974
2022-07-05 14:00:00+00:00,25112.957352026464
2022-07-05 15:00:00+00:00,25177.547651852412
2022-07-05 16:00:00+00:00,25196.010791947465
2022-07-05 17:00:00+00:00,25202.883949086336
2022-07-05 18:00:00+00:00,25208.579837048634
2022-07-05 19:00:00+00:00,25221.155152225492
2022-07-05 20:00:00+00:00,25233.736740605873
2022-07-05 21:00:00+00:00,25317.18962148289
2022-07-05 22:00:00+00:00,25328.09965279952
2022-07-05 23:00:00+00:00,25457.79800174352
2022-07-06 00:00:00+00:00,25470.49763955137
2022-07-06 01:00:00+00:00,25611.95747261635
2022-07-06 02:00:00+00:00,25615.0819054442
2022-07-06 03:00:00+00:00,25624.734012968736
2022-07-06 04:00:00+00:00,25637.516926905944
2022-07-06 05:00:00+00:00,25679.10580555748
2022-07-06 06:00:00+00:00,25706.05188352699
2022-07-06 07:00:00+00:00,25720.762149199185
2022-07-06 08:00:00+00:00,25721.04348696625
2022-07-06 09:00:00+00:00,25733.59296682977
2022-07-06 10:00:00+00:00,25726.75266479537
2022-07-06 11:00:00+00:00,25708.741801656877
2022-07-06 12:00:00+00:00,25780.776642839857
2022-07-06 13:00:00+00:00,25876.51399714357
2022-07-06 14:00:00+00:00,25884.848268976184
2022-07-06 15:00:00+00:00,25863.20462556026
2022-07-06 16:00:00+00:00,25906.898886883686
2022-07-06 17:00:00+00:00,25918.49057403361
2022-07-06 18:00:00+00:00,25931.42002860756
2022-07-06 19:00:00+00:00,25913.54784378907
2022-07-06 20:00:00+00:00,25943.430750686268
2022-07-06 21:00:00+00:00,25945.214261572946
2022-07-06 22:00:00+00:00,25973.48567341655
2022-07-06 23:00:00+00:00,25986.442562328826
2022-07-07 00:00:00+00:00,25983.031958088777
2022-07-07 01:00:00+00:00,25983.06477594544
2022-07-07 02:00:00+00:00,25939.8134289065
2022-07-07 03:00:00+00:00,25980.579183284455
2022-07-07 04:00:00+00:00,25947.79092841673
2022-07-07 05:00:00+00:00,25899.41361487305
2022-07-07 06:00:00+00:00,25926.71276457319
2022-07-07 07:00:00+00:00,25983.653082178305
2022-07-07 08:00:00+00:00,26072.38478792405
2022-07-07 09:00:00+00:00,26070.565017385205
2022-07-07 10:00:00+00:00,26071.597319984096
2022-07-07 11:00:00+00:00,26071.30080753548
2022-07-07 12:00:00+00:00,26072.849261433817
2022-07-07 13:00:00+00:00,26085.391012718934
2022-07-07 14:00:00+00:00,26098.40372567686
2022-07-07 15:00:00+00:00,26104.217090809
2022-07-07 16:00:00+00:00,26140.74024947675
2022-07-07 17:00:00+00:00,26130.40219506334
2022-07-07 18:00:00+00:00,26213.179859778753
2022-07-07 19:00:00+00:00,26227.192767567984
2022-07-07 20:00:00+00:00,26209.765566481612
2022-07-07 21:00:00+00:00,26215.219174495887
2022-07-07 22:00:00+00:00,26171.871890458136
2022-07-07 23:00:00+00:00,26225.676863526147
2022-07-08 00:00:00+00:00,26255.178284790592
2022-07-08 01:00:00+00:00,26313.93120097045
2022-07-08 02:00:00+00:00,26326.26373865532
2022-07-08 03:00:00+00:00,26364.027147836256
2022-07-08 04:00:00+00:00,26400.95649526176
2022-07-08 05:00:00+00:00,26385.7312321022
2022-07-08 06:00:00+00:00,26385.112602819747
2022-07-08 07:00:00+00:00,26385.96995830042
2022-07-08 08:00:00+00:00,26154.506820090966
2022-07-08 09:00:00+00:00,26149.79451573557
2022-07-08 10:00:00+00:00,26153.459641345326
2022-07-08 11:00:00+00:00,26205.033194568226
2022-07-08 12:00:00+00:00,26069.94713638031
2022-07-08 13:00:00+00:00,25914.571989995566
2022-07-08 14:00:00+00:00,26280.56096159771
2022-07-08 15:00:00+00:00,26396.53600767765
2022-07-08 16:00:00+00:00,26210.26908829644
2022-07-08 17:00:00+00:00,26260.664565430496
2022-07-08 18:00:00+00:00,26298.62479496005
2022-07-08 19:00:00+00:00,26449.811226362224
2022-07-08 20:00:00+00:00,26562.412570043456
2022-07-08 21:00:00+00:00,26527.85658027037
2022-07-08 22:00:00+00:00,26535.10545748404
2022-07-08 23:00:00+00:00,26724.85603572096
2022-07-09 00:00:00+00:00,26720.419015758533
2022-07-09 01:00:00+00:00,26721.81546504719
2022-07-09 02:00:00+00:00,26725.345073091754
2022-07-09 03:00:00+00:00,26751.39023744931
2022-07-09 04:00:00+00:00,26753.976653697733
2022-07-09 05:00:00+00:00,26742.732927506673
2022-07-09 06:00:00+00:00,26754.156265937207
2022-07-09 07:00:00+00:00,26768.20878309576
2022-07-09 08:00:00+00:00,26769.260710484778
2022-07-09 09:00:00+00:00,26765.91374013041
2022-07-09 10:00:00+00:00,26783.17231800695
2022-07-09 11:00:00+00:00,26733.0098664193
2022-07-09 12:00:00+00:00,26760.247873633176
2022-07-09 13:00:00+00:00,26758.057149192384
2022-07-09 14:00:00+00:00,26766.162829623325
2022-07-09 15:00:00+00:00,26769.229843840436
2022-07-09 16:00:00+00:00,26820.930940643186
2022-07-09 17:00:00+00:00,26856.73646180742
2022-07-09 18:00:00+00:00,26850.303105151095
2022-07-09 19:00:00+00:00,26860.42239935613
2022-07-09 20:00:00+00:00,26867.146208441445
2022-07-09 21:00:00+00:00,26881.763184713862
2022-07-09 22:00:00+00:00,26843.46670688013
2022-07-09 23:00:00+00:00,26848.80190321956
2022-07-10 00:00:00+00:00,26800.492796639213
2022-07-10 01:00:00+00:00,26800.565881520575
2022-07-10 02:00:00+00:00,26581.372470496306
2022-07-10 03:00:00+00:00,26543.857670253037
2022-07-10 04:00:00+00:00,26597.955099589344
2022-07-10 05:00:00+00:00,26616.4406533324
2022-07-10 06:00:00+00:00,26553.780063071004
2022-07-10 07:00:00+00:00,26563.158763131818
2022-07-10 08:00:00+00:00,26542.362515170877
2022-07-10 09:00:00+00:00,26530.401274513606
2022-07-10 10:00:00+00:00,26474.40092052728
2022-07-10 11:00:00+00:00,26480.65338723449
2022-07-10 12:00:00+00:00,26496.556400381094
2022-07-10 13:00:00+00:00,26382.380921379845
2022-07-10 14:00:00+00:00,26239.446230713205
2022-07-10 15:00:00+00:00,26242.700782860047
2022-07-10 16:00:00+00:00,26252.535794209063
2022-07-10 17:00:00+00:00,26250.977028897567
2022-07-10 18:00:00+00:00,26252.660750736693
2022-07-10 19:00:00+00:00,26276.345914313104
2022-07-10 20:00:00+00:00,26295.12234923907
2022-07-10 21:00:00+00:00,26293.216650990085
2022-07-10 22:00:00+00:00,26296.461009595958
2022-07-10 23:00:00+00:00,26294.372298156784
2022-07-11 00:00:00+00:00,26306.606179443377
2022-07-11 01:00:00+00:00,26160.501688013104
2022-07-11 02:00:00+00:00,26119.932911522104
2022-07-11 03:00:00+00:00,26195.26608335552
2022-07-11 04:00:00+00:00,26123.817494968393
2022-07-11 05:00:00+00:00,26090.65980055184
2022-07-11 06:00:00+00:00,25994.100154886895
2022-07-11 07:00:00+00:00,26039.74401038081
2022-07-11 08:00:00+00:00,26029.616346395844
2022-07-11 09:00:00+00:00,26091.90841665958
2022-07-11 10:00:00+00:00,26061.386689581577
2022-07-11 11:00:00+00:00,26042.51871284245
2022-07-11 12:00:00+00:00,26172.652258293187
2022-07-11 13:00:00+00:00,25944.294245700527
2022-07-11 14:00:00+00:00,25980.365377701797
2022-07-11 15:00:00+00:00,26044.044799196352
2022-07-11 16:00:00+00:00,26016.991450195397
2022-07-11 17:00:00+00:00,26194.84987798628
2022-07-11 18:00:00+00:00,26118.823030537445
2022-07-11 19:00:00+00:00,26017.96259605697
2022-07-11 20:00:00+00:00,25976.61952937859
2022-07-11 21:00:00+00:00,25687.376352468615
2022-07-11 22:00:00+00:00,25830.0407017138
2022-07-11 23:00:00+00:00,25826.024858229866
2022-07-12 00:00:00+00:00,25797.422333211536
2022-07-12 01:00:00+00:00,25840.23984090778
2022-07-12 02:00:00+00:00,25841.65399712527
2022-07-12 03:00:00+00:00,25801.114852223873
2022-07-12 04:00:00+00:00,25818.87036917681
2022-07-12 05:00:00+00:00,25808.028504842718
2022-07-12 06:00:00+00:00,25749.700536425626
2022-07-12 07:00:00+00:00,25617.75807919592
2022-07-12 08:00:00+00:00,25587.658660207002
2022-07-12 09:00:00+00:00,25406.185464167007
2022-07-12 10:00:00+00:00,25459.95530003071
2022-07-12 11:00:00+00:00,25570.417245446355
2022-07-12 12:00:00+00:00,25671.966256112857
2022-07-12 13:00:00+00:00,25598.03273180027
2022-07-12 14:00:00+00:00,25719.599317231245
2022-07-12 15:00:00+00:00,25717.407611965064
2022-07-12 16:00:00+00:00,25824.94728369247
2022-07-12 17:00:00+00:00,25723.69050039479
2022-07-12 18:00:00+00:00,25508.172815886748
2022-07-12 19:00:00+00:00,25236.34861940855
2022-07-12 20:00:00+00:00,25242.33728749731
2022-07-12 21:00:00+00:00,25234.360542993967
2022-07-12 22:00:00+00:00,25236.975075334973
2022-07-12 23:00:00+00:00,25231.66128043821
2022-07-13 00:00:00+00:00,25236.82982353825
2022-07-13 01:00:00+00:00,25241.901532107142
2022-07-13 02:00:00+00:00,25248.937787059152
2022-07-13 03:00:00+00:00,25242.400315343264
2022-07-13 04:00:00+00:00,25244.9440475275
2022-07-13 05:00:00+00:00,25271.3788705857
2022-07-13 06:00:00+00:00,25283.114684362277
2022-07-13 07:00:00+00:00,25289.89631719684
2022-07-13 08:00:00+00:00,25296.875647133813
2022-07-13 09:00:00+00:00,25293.663153820387
2022-07-13 10:00:00+00:00,25291.867936968767
2022-07-13 11:00:00+00:00,25302.51219714861
2022-07-13 12:00:00+00:00,24732.21416941903
2022-07-13 13:00:00+00:00,24772.334476577023
2022-07-13 14:00:00+00:00,24812.519866425773
2022-07-13 15:00:00+00:00,24852.770444541653
2022-07-13 16:00:00+00:00,24893.086316672303
2022-07-13 17:00:00+00:00,24905.504247717225
2022-07-13 18:00:00+00:00,24907.14609516987
2022-07-13 19:00:00+00:00,24837.988060267653
2022-07-13 20:00:00+00:00,24838.21622637955
2022-07-13 21:00:00+00:00,24942.564194886847
2022-07-13 22:00:00+00:00,24987.87159982731
2022-07-13 23:00:00+00:00,25000.336814567607
2022-07-14 00:00:00+00:00,24997.978037127737
2022-07-14 01:00:00+00:00,24997.294861405033
2022-07-14 02:00:00+00:00,24995.939709561637
2022-07-14 03:00:00+00:00,24996.510889264224
2022-07-14 04:00:00+00:00,24982.178257246094
2022-07-14 05:00:00+00:00,24982.727087854735
2022-07-14 06:00:00+00:00,24972.387820247466
2022-07-14 07:00:00+00:00,24937.320726683713
2022-07-14 08:00:00+00:00,24790.547525141534
2022-07-14 09:00:00+00:00,24852.28141676249
2022-07-14 10:00:00+00:00,24827.47637678838
2022-07-14 11:00:00+00:00,24744.0032366508
2022-07-14 12:00:00+00:00,24819.67254398754
2022-07-14 13:00:00+00:00,24791.104941770172
2022-07-14 14:00:00+00:00,24965.99440900334
2022-07-14 15:00:00+00:00,25153.227345296098
2022-07-14 16:00:00+00:00,25194.030615080006
2022-07-14 17:00:00+00:00,25206.598672368757
2022-07-14 18:00:00+00:00,25204.41176626624
2022-07-14 19:00:00+00:00,25247.48852049219
2022-07-14 20:00:00+00:00,25245.666379400325
2022-07-14 21:00:00+00:00,25221.24441451606
2022-07-14 22:00:00+00:00,25239.221254871023
2022-07-14 23:00:00+00:00,25260.26899501791
2022-07-15 00:00:00+00:00,25221.382432484235
2022-07-15 01:00:00+00:00,25288.444699646683
2022-07-15 02:00:00+00:00,25372.078510396903
2022-07-15 03:00:00+00:00,25375.187008536283
2022-07-15 04:00:00+00:00,25384.735386985063
2022-07-15 05:00:00+00:00,25397.398577463704
2022-07-15 06:00:00+00:00,25379.498063742143
2022-07-15 07:00:00+00:00,25438.59793895079
2022-07-15 08:00:00+00:00,25432.324688223533
2022-07-15 09:00:00+00:00,25479.864133557876
2022-07-15 10:00:00+00:00,25479.958094215366
2022-07-15 11:00:00+00:00,25470.54949550075
2022-07-15 12:00:00+00:00,25521.197269700875
2022-07-15 13:00:00+00:00,25516.399637896673
2022-07-15 14:00:00+00:00,25562.59745597155
2022-07-15 15:00:00+00:00,25555.2468534987
2022-07-15 16:00:00+00:00,25520.11817215707
2022-07-15 17:00:00+00:00,25647.137943269554
2022-07-15 18:00:00+00:00,25659.93203342084
2022-07-15 19:00:00+00:00,25672.73250591167
2022-07-15 20:00:00+00:00,25714.378510861592
2022-07-15 21:00:00+00:00,25729.242007889847
2022-07-15 22:00:00+00:00,25704.131867695156
2022-07-15 23:00:00+00:00,25602.818535395512
2022-07-16 00:00:00+00:00,25376.540962993684
2022-07-16 01:00:00+00:00,25470.015107629762
2022-07-16 02:00:00+00:00,25465.309606471208
2022-07-16 03:00:00+00:00,25495.323073320345
2022-07-16 04:00:00+00:00,25494.94154619938
2022-07-16 05:00:00+00:00,25299.472484559046
2022-07-16 06:00:00+00:00,25120.05495564647
2022-07-16 07:00:00+00:00,25117.866943281613
2022-07-16 08:00:00+00:00,25118.89320106221
2022-07-16 09:00:00+00:00,25117.76222309992
2022-07-16 10:00:00+00:00,25118.715176753332
2022-07-16 11:00:00+00:00,25118.516208408113
2022-07-16 12:00:00+00:00,25132.586110133125
2022-07-16 13:00:00+00:00,25145.123515793715
2022-07-16 14:00:00+00:00,25154.364537579175
2022-07-16 15:00:00+00:00,25157.667175746643
2022-07-16 16:00:00+00:00,25170.217093111864
2022-07-16 17:00:00+00:00,25310.00920705439
2022-07-16 18:00:00+00:00,25316.806162442284
2022-07-16 19:00:00+00:00,25322.635120333336
2022-07-16 20:00:00+00:00,25406.38200546227
2022-07-16 21:00:00+00:00,25447.595939760675
2022-07-16 22:00:00+00:00,25458.408288063856
2022-07-16 23:00:00+00:00,25456.301255721137
2022-07-17 00:00:00+00:00,25460.290488263785
2022-07-17 01:00:00+00:00,25601.693632137314
2022-07-17 02:00:00+00:00,25604.712146629667
2022-07-17 03:00:00+00:00,25614.465052366722
2022-07-17 04:00:00+00:00,25611.46405118808
2022-07-17 05:00:00+00:00,25611.43569495853
2022-07-17 06:00:00+00:00,25627.242843626776
2022-07-17 07:00:00+00:00,25602.843695886826
2022-07-17 08:00:00+00:00,25650.04829149563
2022-07-17 09:00:00+00:00,25582.951339021994
2022-07-17 10:00:00+00:00,25648.323076133514
2022-07-17 11:00:00+00:00,25716.6835576795
2022-07-17 12:00:00+00:00,25620.97888351512
2022-07-17 13:00:00+00:00,25433.161357098106
2022-07-17 14:00:00+00:00,25576.71836834467
2022-07-17 15:00:00+00:00,25583.090955607433
2022-07-17 16:00:00+00:00,25502.68049087368
2022-07-17 17:00:00+00:00,25783.967242523155
2022-07-17 18:00:00+00:00,25796.829590052468
2022-07-17 19:00:00+00:00,25809.698353971562
2022-07-17 20:00:00+00:00,25805.031587348596
2022-07-17 21:00:00+00:00,25822.57353748126
2022-07-17 22:00:00+00:00,25864.462612791576
2022-07-17 23:00:00+00:00,25796.818310543422
2022-07-18 00:00:00+00:00,25859.40641715177
2022-07-18 01:00:00+00:00,25950.00142694192
2022-07-18 02:00:00+00:00,25962.946600723753
2022-07-18 03:00:00+00:00,25959.581349654603
2022-07-18 04:00:00+00:00,26035.161979394114
2022-07-18 05:00:00+00:00,26048.811120598846
2022-07-18 06:00:00+00:00,26061.805585655646
2022-07-18 07:00:00+00:00,26074.806533009134
2022-07-18 08:00:00+00:00,26087.813965893012
2022-07-18 09:00:00+00:00,26091.648233996995
2022-07-18 10:00:00+00:00,26100.827887542586
2022-07-18 11:00:00+00:00,26187.148407681223
2022-07-18 12:00:00+00:00,26273.754406588167
2022-07-18 13:00:00+00:00,26259.18357901224
2022-07-18 14:00:00+00:00,26343.423853748835
2022-07-18 15:00:00+00:00,26360.646828397286
2022-07-18 16:00:00+00:00,26507.050434349592
2022-07-18 17:00:00+00:00,26422.24960600878
2022-07-18 18:00:00+00:00,26485.846591448455
2022-07-18 19:00:00+00:00,26474.851071145436
2022-07-18 20:00:00+00:00,26463.727117319075
2022-07-18 21:00:00+00:00,26669.155330736154
2022-07-18 22:00:00+00:00,26682.459254874382
2022-07-18 23:00:00+00:00,26695.76981568315
2022-07-19 00:00:00+00:00,26844.034651145324
2022-07-19 01:00:00+00:00,26993.122930231202
2022-07-19 02:00:00+00:00,26998.441264749552
2022-07-19 03:00:00+00:00,27036.910857009447
2022-07-19 04:00:00+00:00,27126.327185800805
2022-07-19 05:00:00+00:00,27139.859170393236
2022-07-19 06:00:00+00:00,27290.590420405773
2022-07-19 07:00:00+00:00,27285.45364761152
2022-07-19 08:00:00+00:00,27334.86089545056
2022-07-19 09:00:00+00:00,27345.966002070778
2022-07-19 10:00:00+00:00,27379.203185539678
2022-07-19 11:00:00+00:00,27392.86131747631
2022-07-19 12:00:00+00:00,27406.526262780248
2022-07-19 13:00:00+00:00,27450.98480758599
2022-07-19 14:00:00+00:00,27454.965058608926
2022-07-19 15:00:00+00:00,27475.97750723574
2022-07-19 16:00:00+00:00,27618.8623712917
2022-07-19 17:00:00+00:00,27663.66536523717
2022-07-19 18:00:00+00:00,27672.682737337214
2022-07-19 19:00:00+00:00,27708.54103807287
2022-07-19 20:00:00+00:00,27720.54951869789
2022-07-19 21:00:00+00:00,27753.489507697643
2022-07-19 22:00:00+00:00,27734.258233245855
2022-07-19 23:00:00+00:00,27923.217050645268
2022-07-20 00:00:00+00:00,28078.298968498646
2022-07-20 01:00:00+00:00,28092.30584478606
2022-07-20 02:00:00+00:00,28096.897973159306
2022-07-20 03:00:00+00:00,28106.319708412113
2022-07-20 04:00:00+00:00,28105.27397306072
2022-07-20 05:00:00+00:00,28110.946357562512
2022-07-20 06:00:00+00:00,28112.36670106692
2022-07-20 07:00:00+00:00,28262.418554625823
2022-07-20 08:00:00+00:00,28262.24098345879
2022-07-20 09:00:00+00:00,28276.51727907925
2022-07-20 10:00:00+00:00,28290.623036689827
2022-07-20 11:00:00+00:00,28304.735830966052
2022-07-20 12:00:00+00:00,28350.651440777016
2022-07-20 13:00:00+00:00,28396.64153435059
2022-07-20 14:00:00+00:00,28410.807216017987
2022-07-20 15:00:00+00:00,28400.756262002353
2022-07-20 16:00:00+00:00,28126.67945917986
2022-07-20 17:00:00+00:00,27989.009728724082
2022-07-20 18:00:00+00:00,28154.939140271825
2022-07-20 19:00:00+00:00,28059.493991681073
2022-07-20 20:00:00+00:00,27770.450748831838
2022-07-20 21:00:00+00:00,27784.304054850163
2022-07-20 22:00:00+00:00,27745.045544831202
2022-07-20 23:00:00+00:00,27739.695927387198
2022-07-21 00:00:00+00:00,27802.840148507086
2022-07-21 01:00:00+00:00,27938.61446798173
2022-07-21 02:00:00+00:00,28109.47414981368
2022-07-21 03:00:00+00:00,28107.34246481199
2022-07-21 04:00:00+00:00,28202.437654262274
2022-07-21 05:00:00+00:00,28207.543637600946
2022-07-21 06:00:00+00:00,28188.06245222579
2022-07-21 07:00:00+00:00,28248.18731717326
2022-07-21 08:00:00+00:00,28249.050694055866
2022-07-21 09:00:00+00:00,28262.27894236534
2022-07-21 10:00:00+00:00,28237.452215419486
2022-07-21 11:00:00+00:00,28230.126353557636
2022-07-21 12:00:00+00:00,28419.24396589181
2022-07-21 13:00:00+00:00,28432.35111104106
2022-07-21 14:00:00+00:00,28454.3289793323
2022-07-21 15:00:00+00:00,28513.2319394401
2022-07-21 16:00:00+00:00,28527.45578230103
2022-07-21 17:00:00+00:00,28621.801633397023
2022-07-21 18:00:00+00:00,28627.23857958461
2022-07-21 19:00:00+00:00,28636.079636314924
2022-07-21 20:00:00+00:00,28650.364761823148
2022-07-21 21:00:00+00:00,28652.742212506753
2022-07-21 22:00:00+00:00,28640.434812646654
2022-07-21 23:00:00+00:00,28638.871559444095
2022-07-22 00:00:00+00:00,28679.781600801663
2022-07-22 01:00:00+00:00,28640.523298676988
2022-07-22 02:00:00+00:00,28600.24700383959
2022-07-22 03:00:00+00:00,28611.921805774316
2022-07-22 04:00:00+00:00,28696.49393987147
2022-07-22 05:00:00+00:00,28809.4851635449
2022-07-22 06:00:00+00:00,28813.655698387025
2022-07-22 07:00:00+00:00,28823.856792504426
2022-07-22 08:00:00+00:00,28838.23559075968
2022-07-22 09:00:00+00:00,28852.62156188707
2022-07-22 10:00:00+00:00,28845.64602860343
2022-07-22 11:00:00+00:00,28894.254978610377
2022-07-22 12:00:00+00:00,28899.425945491657
2022-07-22 13:00:00+00:00,28995.0019743468
2022-07-22 14:00:00+00:00,29042.03732578314
2022-07-22 15:00:00+00:00,29203.333026012915
2022-07-22 16:00:00+00:00,29238.483365624947
2022-07-22 17:00:00+00:00,29250.706329632838
2022-07-22 18:00:00+00:00,29284.699367449844
2022-07-22 19:00:00+00:00,29429.590160202475
2022-07-22 20:00:00+00:00,29428.947011595526
2022-07-22 21:00:00+00:00,29439.9657389306
2022-07-22 22:00:00+00:00,29441.07339071691
2022-07-22 23:00:00+00:00,29444.271128911645
2022-07-23 00:00:00+00:00,29492.035279490443
2022-07-23 01:00:00+00:00,29497.94396091983
2022-07-23 02:00:00+00:00,29506.747398984837
2022-07-23 03:00:00+00:00,29509.260659114272
2022-07-23 04:00:00+00:00,29521.466857628868
2022-07-23 05:00:00+00:00,29521.01259888146
2022-07-23 06:00:00+00:00,29521.164375720986
2022-07-23 07:00:00+00:00,29512.634517339782
2022-07-23 08:00:00+00:00,29685.425247159066
2022-07-23 09:00:00+00:00,29693.466619879753
2022-07-23 10:00:00+00:00,29733.5805951143
2022-07-23 11:00:00+00:00,29678.68155556861
2022-07-23 12:00:00+00:00,29715.602117247574
2022-07-23 13:00:00+00:00,29864.81140955571
2022-07-23 14:00:00+00:00,29715.841618519335
2022-07-23 15:00:00+00:00,29754.042071365482
2022-07-23 16:00:00+00:00,29696.44201550656
2022-07-23 17:00:00+00:00,29486.040148263062
2022-07-23 18:00:00+00:00,29458.856753918
2022-07-23 19:00:00+00:00,29630.219913864188
2022-07-23 20:00:00+00:00,29771.28616293239
2022-07-23 21:00:00+00:00,29666.863608443877
2022-07-23 22:00:00+00:00,29915.4174620079
2022-07-23 23:00:00+00:00,29920.531255098344
2022-07-24 00:00:00+00:00,29930.340785958073
2022-07-24 01:00:00+00:00,29934.961779608788
2022-07-24 02:00:00+00:00,29948.349591613252
2022-07-24 03:00:00+00:00,29905.6895939207
2022-07-24 04:00:00+00:00,29936.085232364407
2022-07-24 05:00:00+00:00,29978.893433021953
2022-07-24 06:00:00+00:00,29985.632950662686
2022-07-24 07:00:00+00:00,29980.302731005413
2022-07-24 08:00:00+00:00,29979.42371232509
2022-07-24 09:00:00+00:00,29974.28051791895
2022-07-24 10:00:00+00:00,29948.411293495632
2022-07-24 11:00:00+00:00,30027.52484161928
2022-07-24 12:00:00+00:00,30194.29381141177
2022-07-24 13:00:00+00:00,30196.3681658831
2022-07-24 14:00:00+00:00,30209.35625299617
2022-07-24 15:00:00+00:00,30209.79460406753
2022-07-24 16:00:00+00:00,30309.264476445926
2022-07-24 17:00:00+00:00,30324.384271215557
2022-07-24 18:00:00+00:00,30324.41822770846
2022-07-24 19:00:00+00:00,30339.35256884906
2022-07-24 20:00:00+00:00,30373.576130990186
2022-07-24 21:00:00+00:00,30388.728007667276
2022-07-24 22:00:00+00:00,30489.22944843673
2022-07-24 23:00:00+00:00,30483.54831324488
2022-07-25 00:00:00+00:00,30675.687515239977
2022-07-25 01:00:00+00:00,30667.174897403398
2022-07-25 02:00:00+00:00,30469.855632997293
2022-07-25 03:00:00+00:00,30365.615331025117
2022-07-25 04:00:00+00:00,30503.25657482641
2022-07-25 05:00:00+00:00,30567.48915526701
2022-07-25 06:00:00+00:00,30468.87685081915
2022-07-25 07:00:00+00:00,30495.426317401267
2022-07-25 08:00:00+00:00,30674.421108229086
2022-07-25 09:00:00+00:00,30659.00528892334
2022-07-25 10:00:00+00:00,30799.949922575863
2022-07-25 11:00:00+00:00,30863.285873592235
2022-07-25 12:00:00+00:00,30876.91485057243
2022-07-25 13:00:00+00:00,31034.69655151851
2022-07-25 14:00:00+00:00,31062.762982866898
2022-07-25 15:00:00+00:00,31067.25573254249
2022-07-25 16:00:00+00:00,31085.04067152624
2022-07-25 17:00:00+00:00,31057.794053286405
2022-07-25 18:00:00+00:00,31055.308109656722
2022-07-25 19:00:00+00:00,30938.51251431048
2022-07-25 20:00:00+00:00,31275.14244500384
2022-07-25 21:00:00+00:00,31263.541288161432
2022-07-25 22:00:00+00:00,31019.639442011045
2022-07-25 23:00:00+00:00,30556.297102985638
2022-07-26 00:00:00+00:00,30657.352727382116
2022-07-26 01:00:00+00:00,30661.067195181007
2022-07-26 02:00:00+00:00,30660.136739825477
2022-07-26 03:00:00+00:00,30707.0847246731
2022-07-26 04:00:00+00:00,30699.437813316195
2022-07-26 05:00:00+00:00,30703.38330161885
2022-07-26 06:00:00+00:00,30679.46303121272
2022-07-26 07:00:00+00:00,30621.24498296463
2022-07-26 08:00:00+00:00,30676.88951346817
2022-07-26 09:00:00+00:00,30755.890721172826
2022-07-26 10:00:00+00:00,30651.159762335006
2022-07-26 11:00:00+00:00,30614.027387978997
2022-07-26 12:00:00+00:00,30422.916686289933
2022-07-26 13:00:00+00:00,30384.827724141447
2022-07-26 14:00:00+00:00,30422.38397353261
2022-07-26 15:00:00+00:00,30112.6115051502
2022-07-26 16:00:00+00:00,30307.71755251917
2022-07-26 17:00:00+00:00,30244.191556208592
2022-07-26 18:00:00+00:00,30147.37101256542
2022-07-26 19:00:00+00:00,29997.36725060889
2022-07-26 20:00:00+00:00,30046.028627215994
2022-07-26 21:00:00+00:00,30094.768941736333
2022-07-26 22:00:00+00:00,30109.78173527978
2022-07-26 23:00:00+00:00,30124.802017964295
2022-07-27 00:00:00+00:00,30120.968066287212
2022-07-27 01:00:00+00:00,30089.147884439208
2022-07-27 02:00:00+00:00,30126.76655000671
2022-07-27 03:00:00+00:00,30037.009372705033
2022-07-27 04:00:00+00:00,30106.48087216453
2022-07-27 05:00:00+00:00,30224.430604094523
2022-07-27 06:00:00+00:00,30224.966736270315
2022-07-27 07:00:00+00:00,30239.508079436033
2022-07-27 08:00:00+00:00,30234.08707455773
2022-07-27 09:00:00+00:00,30231.31259189653
2022-07-27 10:00:00+00:00,30232.248471666047
2022-07-27 11:00:00+00:00,30217.69193839945
2022-07-27 12:00:00+00:00,30339.516020846946
2022-07-27 13:00:00+00:00,30388.732427167994
2022-07-27 14:00:00+00:00,30386.85671735901
2022-07-27 15:00:00+00:00,30385.187322994127
2022-07-27 16:00:00+00:00,30438.028671764958
2022-07-27 17:00:00+00:00,30453.212700630684
2022-07-27 18:00:00+00:00,30468.40430405832
2022-07-27 19:00:00+00:00,30483.603485826443
2022-07-27 20:00:00+00:00,30498.81024971551
2022-07-27 21:00:00+00:00,30514.024599507866
2022-07-27 22:00:00+00:00,30529.246538987743
2022-07-27 23:00:00+00:00,30536.939602679602
2022-07-28 00:00:00+00:00,30578.770723925496
2022-07-28 01:00:00+00:00,30577.203969796778
2022-07-28 02:00:00+00:00,30594.02496204839
2022-07-28 03:00:00+00:00,30580.520782286552
2022-07-28 04:00:00+00:00,30516.577080570743
2022-07-28 05:00:00+00:00,30625.833389057065
2022-07-28 06:00:00+00:00,30580.356143900317
2022-07-28 07:00:00+00:00,30389.162277224514
2022-07-28 08:00:00+00:00,30464.68701247397
2022-07-28 09:00:00+00:00,30401.195808637553
2022-07-28 10:00:00+00:00,30418.042752615806
2022-07-28 11:00:00+00:00,30653.67075818923
2022-07-28 12:00:00+00:00,30576.88536726793
2022-07-28 13:00:00+00:00,30781.12390988507
2022-07-28 14:00:00+00:00,30796.479092016194
2022-07-28 15:00:00+00:00,30811.841934089134
2022-07-28 16:00:00+00:00,30861.824541955586
2022-07-28 17:00:00+00:00,30877.219981645438
2022-07-28 18:00:00+00:00,30797.826188303352
2022-07-28 19:00:00+00:00,30830.70671612186
2022-07-28 20:00:00+00:00,30979.33696049127
2022-07-28 21:00:00+00:00,31029.591276821055
2022-07-28 22:00:00+00:00,31050.17567107367
2022-07-28 23:00:00+00:00,30991.89277265252
2022-07-29 00:00:00+00:00,31083.587962916605
2022-07-29 01:00:00+00:00,30967.874173892564
2022-07-29 02:00:00+00:00,30941.791600626395
2022-07-29 03:00:00+00:00,31096.518730171443
2022-07-29 04:00:00+00:00,31219.35394737184
2022-07-29 05:00:00+00:00,31203.798139285187
2022-07-29 06:00:00+00:00,31322.60242986215
2022-07-29 07:00:00+00:00,31320.680665203785
2022-07-29 08:00:00+00:00,31426.192375188446
2022-07-29 09:00:00+00:00,31432.863102150204
2022-07-29 10:00:00+00:00,31425.533804947372
2022-07-29 11:00:00+00:00,31618.38047515911
2022-07-29 12:00:00+00:00,31608.022927320708
2022-07-29 13:00:00+00:00,31722.948616074664
2022-07-29 14:00:00+00:00,31738.773628025563
2022-07-29 15:00:00+00:00,31751.022893156958
2022-07-29 16:00:00+00:00,31932.873330787676
2022-07-29 17:00:00+00:00,31984.67446261083
2022-07-29 18:00:00+00:00,32000.63003665731
2022-07-29 19:00:00+00:00,32020.34165894587
2022-07-29 20:00:00+00:00,32052.541082612406
2022-07-29 21:00:00+00:00,32158.545077195915
2022-07-29 22:00:00+00:00,32174.5873867028
2022-07-29 23:00:00+00:00,32226.78062422669
2022-07-30 00:00:00+00:00,32232.80803063314
2022-07-30 01:00:00+00:00,32405.763974761852
2022-07-30 02:00:00+00:00,32435.735724789483
2022-07-30 03:00:00+00:00,32393.43685232063
2022-07-30 04:00:00+00:00,32360.628514387878
2022-07-30 05:00:00+00:00,32395.07098409506
2022-07-30 06:00:00+00:00,32440.135310336023
2022-07-30 07:00:00+00:00,32445.98047399071
2022-07-30 08:00:00+00:00,32427.376512251063
2022-07-30 09:00:00+00:00,32353.400623847134
2022-07-30 10:00:00+00:00,32234.927441076434
2022-07-30 11:00:00+00:00,32441.143374510575
2022-07-30 12:00:00+00:00,32585.74137556044
2022-07-30 13:00:00+00:00,32589.447740853673
2022-07-30 14:00:00+00:00,32579.854919053887
2022-07-30 15:00:00+00:00,32601.996792197082
2022-07-30 16:00:00+00:00,32598.444602259056
2022-07-30 17:00:00+00:00,32590.982262437978
2022-07-30 18:00:00+00:00,32590.645318970477
2022-07-30 19:00:00+00:00,32356.928603360306
2022-07-30 20:00:00+00:00,32477.209286146724
2022-07-30 21:00:00+00:00,32359.261885276625
2022-07-30 22:00:00+00:00,32438.593470431588
2022-07-30 23:00:00+00:00,32416.077299939076
2022-07-31 00:00:00+00:00,32561.674091517598
2022-07-31 01:00:00+00:00,32411.294072010613
2022-07-31 02:00:00+00:00,32411.1774079148
2022-07-31 03:00:00+00:00,32378.044804703022
2022-07-31 04:00:00+00:00,32483.392483224983
2022-07-31 05:00:00+00:00,32349.578765323888
2022-07-31 06:00:00+00:00,32468.926135343783
2022-07-31 07:00:00+00:00,32426.92706084998
2022-07-31 08:00:00+00:00,32366.84505150467
2022-07-31 09:00:00+00:00,32499.142136160153
2022-07-31 10:00:00+00:00,32641.239004864197
2022-07-31 11:00:00+00:00,32667.721754614453
2022-07-31 12:00:00+00:00,32664.455159931604
2022-07-31 13:00:00+00:00,32548.84104097783
2022-07-31 14:00:00+00:00,32505.908653717495
2022-07-31 15:00:00+00:00,32591.540100046528
2022-07-31 16:00:00+00:00,32559.574137792908
2022-07-31 17:00:00+00:00,32541.72453113304
2022-07-31 18:00:00+00:00,32801.37556974472
2022-07-31 19:00:00+00:00,32817.738555628515
2022-07-31 20:00:00+00:00,32819.20936978622
2022-07-31 21:00:00+00:00,32793.95640335789
2022-07-31 22:00:00+00:00,32710.322042433683
2022-07-31 23:00:00+00:00,32632.29179574443
2022-08-01 00:00:00+00:00,32753.31587698697
2022-08-01 01:00:00+00:00,32853.4368784467
2022-08-01 02:00:00+00:00,32833.24640365648
2022-08-01 03:00:00+00:00,32794.40943156
2022-08-01 04:00:00+00:00,32832.77133366142
2022-08-01 05:00:00+00:00,32797.141084031624
2022-08-01 06:00:00+00:00,32717.685627357176
2022-08-01 07:00:00+00:00,32807.47385642426
2022-08-01 08:00:00+00:00,32693.81336010521
2022-08-01 09:00:00+00:00,32736.450892162204
2022-08-01 10:00:00+00:00,32386.680608296374
2022-08-01 11:00:00+00:00,32514.59320446734
2022-08-01 12:00:00+00:00,32375.041393417305
2022-08-01 13:00:00+00:00,32488.46435473882
2022-08-01 14:00:00+00:00,32722.198792310286
2022-08-01 15:00:00+00:00,32566.732136425606
2022-08-01 16:00:00+00:00,32361.026828562914
2022-08-01 17:00:00+00:00,32063.43732301963
2022-08-01 18:00:00+00:00,32062.919665753067
2022-08-01 19:00:00+00:00,32047.030523878355
2022-08-01 20:00:00+00:00,32116.529307210432
2022-08-01 21:00:00+00:00,32090.61600763226
2022-08-01 22:00:00+00:00,32119.809471714
2022-08-01 23:00:00+00:00,32169.477353591872
2022-08-02 00:00:00+00:00,32185.5251166714
2022-08-02 01:00:00+00:00,32291.968915350004
2022-08-02 02:00:00+00:00,32398.76474439742
2022-08-02 03:00:00+00:00,32380.01821192409
2022-08-02 04:00:00+00:00,32401.57474370933
2022-08-02 05:00:00+00:00,32418.13495921259
2022-08-02 06:00:00+00:00,32505.913768046616
2022-08-02 07:00:00+00:00,32558.644479332383
2022-08-02 08:00:00+00:00,32534.41816255934
2022-08-02 09:00:00+00:00,32522.969788467428
2022-08-02 10:00:00+00:00,32718.894320585012
2022-08-02 11:00:00+00:00,32739.47095858093
2022-08-02 12:00:00+00:00,32715.42327819011
2022-08-02 13:00:00+00:00,32785.727793501705
2022-08-02 14:00:00+00:00,32847.74676402224
2022-08-02 15:00:00+00:00,32901.03199277665
2022-08-02 16:00:00+00:00,32917.44469232686
2022-08-02 17:00:00+00:00,33026.309091560455
2022-08-02 18:00:00+00:00,33079.883982024025
2022-08-02 19:00:00+00:00,33133.545781045264
2022-08-02 20:00:00+00:00,33146.99227632529
2022-08-02 21:00:00+00:00,33150.074470238265
2022-08-02 22:00:00+00:00,33138.27032685258
2022-08-02 23:00:00+00:00,33065.32808739617
2022-08-03 00:00:00+00:00,32724.138065845655
2022-08-03 01:00:00+00:00,32878.073321476055
2022-08-03 02:00:00+00:00,32816.27540382798
2022-08-03 03:00:00+00:00,32973.070522850554
2022-08-03 04:00:00+00:00,32901.076570499994
2022-08-03 05:00:00+00:00,33082.86440873234
2022-08-03 06:00:00+00:00,33149.88468561828
2022-08-03 07:00:00+00:00,33086.71900721743
2022-08-03 08:00:00+00:00,33352.80503811168
2022-08-03 09:00:00+00:00,33354.68934159839
2022-08-03 10:00:00+00:00,33359.391630752354
2022-08-03 11:00:00+00:00,33369.44310491662
2022-08-03 12:00:00+00:00,33423.57462334395
2022-08-03 13:00:00+00:00,33431.08637693822
2022-08-03 14:00:00+00:00,33421.772259865276
2022-08-03 15:00:00+00:00,33423.34647683535
2022-08-03 16:00:00+00:00,33431.23774395457
2022-08-03 17:00:00+00:00,33428.00858093903
2022-08-03 18:00:00+00:00,33430.440544335106
2022-08-03 19:00:00+00:00,33421.85298894066
2022-08-03 20:00:00+00:00,33436.02180736706
2022-08-03 21:00:00+00:00,33384.84649217149
2022-08-03 22:00:00+00:00,33291.42475032098
2022-08-03 23:00:00+00:00,33254.06004744409
2022-08-04 00:00:00+00:00,33534.56497789261
2022-08-04 01:00:00+00:00,33627.97779202562
2022-08-04 02:00:00+00:00,33631.532140802636
2022-08-04 03:00:00+00:00,33628.476256950526
2022-08-04 04:00:00+00:00,33632.15350385257
2022-08-04 05:00:00+00:00,33626.58160896221
2022-08-04 06:00:00+00:00,33814.74320949378
2022-08-04 07:00:00+00:00,33812.08692325491
2022-08-04 08:00:00+00:00,33795.86745803857
2022-08-04 09:00:00+00:00,33820.66183829251
2022-08-04 10:00:00+00:00,33801.837103626385
2022-08-04 11:00:00+00:00,33796.95284814545
2022-08-04 12:00:00+00:00,33802.142369593945
2022-08-04 13:00:00+00:00,33869.59708851732
2022-08-04 14:00:00+00:00,34057.704428150915
2022-08-04 15:00:00+00:00,34058.50076940622
2022-08-04 16:00:00+00:00,34246.8564914974
2022-08-04 17:00:00+00:00,34254.9178253215
2022-08-04 18:00:00+00:00,34263.9405564063
2022-08-04 19:00:00+00:00,34259.08006983098
2022-08-04 20:00:00+00:00,34260.40955449908
2022-08-04 21:00:00+00:00,34244.17584697286
2022-08-04 22:00:00+00:00,34279.722068625095
2022-08-04 23:00:00+00:00,34319.52311808677
2022-08-05 00:00:00+00:00,34317.178141697
2022-08-05 01:00:00+00:00,34336.64343278594
2022-08-05 02:00:00+00:00,34353.77228796437
2022-08-05 03:00:00+00:00,34367.709719115635
2022-08-05 04:00:00+00:00,34352.96547805621
2022-08-05 05:00:00+00:00,34367.94589689004
2022-08-05 06:00:00+00:00,34409.50057362401
2022-08-05 07:00:00+00:00,34405.91130354637
2022-08-05 08:00:00+00:00,34404.92070693874
2022-08-05 09:00:00+00:00,34420.40317742653
2022-08-05 10:00:00+00:00,34465.31926105371
2022-08-05 11:00:00+00:00,34482.51230624627
2022-08-05 12:00:00+00:00,34674.02369732833
2022-08-05 13:00:00+00:00,34711.6012139403
2022-08-05 14:00:00+00:00,34730.27149106046
2022-08-05 15:00:00+00:00,34662.772504771216
2022-08-05 16:00:00+00:00,34739.14708350993
2022-08-05 17:00:00+00:00,34631.982131164725
2022-08-05 18:00:00+00:00,34656.60579335408
2022-08-05 19:00:00+00:00,34834.289214880046
2022-08-05 20:00:00+00:00,34810.47478102556
2022-08-05 21:00:00+00:00,34923.158904449585
2022-08-05 22:00:00+00:00,34940.58034322296
2022-08-05 23:00:00+00:00,34958.01047269152
2022-08-06 00:00:00+00:00,34957.30816652077
2022-08-06 01:00:00+00:00,34952.88449810472
2022-08-06 02:00:00+00:00,34959.25860214058
2022-08-06 03:00:00+00:00,34953.9099848739
2022-08-06 04:00:00+00:00,34951.929387878525
2022-08-06 05:00:00+00:00,34934.83490259376
2022-08-06 06:00:00+00:00,34932.732797914134
2022-08-06 07:00:00+00:00,34925.900957705344
2022-08-06 08:00:00+00:00,34862.09284315932
2022-08-06 09:00:00+00:00,34886.845911310025
2022-08-06 10:00:00+00:00,34917.24913632123
2022-08-06 11:00:00+00:00,34886.37506490499
2022-08-06 12:00:00+00:00,34883.348195158294
2022-08-06 13:00:00+00:00,34876.35276285483
2022-08-06 14:00:00+00:00,34913.818683941645
2022-08-06 15:00:00+00:00,34909.37927497983
2022-08-06 16:00:00+00:00,34850.38894680545
2022-08-06 17:00:00+00:00,34893.50139624896
2022-08-06 18:00:00+00:00,34975.94038263949
2022-08-06 19:00:00+00:00,34980.81916939098
2022-08-06 20:00:00+00:00,34989.075577739655
2022-08-06 21:00:00+00:00,35013.09422020851
2022-08-06 22:00:00+00:00,34965.18203236698
2022-08-06 23:00:00+00:00,34678.95987627968
2022-08-07 00:00:00+00:00,34452.534132172164
2022-08-07 01:00:00+00:00,34508.82782545857
2022-08-07 02:00:00+00:00,34621.16501783898
2022-08-07 03:00:00+00:00,34597.27147246631
2022-08-07 04:00:00+00:00,34483.80840622017
2022-08-07 05:00:00+00:00,34563.74545068685
2022-08-07 06:00:00+00:00,34590.891520560515
2022-08-07 07:00:00+00:00,34624.41754233997
2022-08-07 08:00:00+00:00,34538.350740159876
2022-08-07 09:00:00+00:00,34601.774967929225
2022-08-07 10:00:00+00:00,34611.282347239816
2022-08-07 11:00:00+00:00,34703.97929551808
2022-08-07 12:00:00+00:00,34895.50294978804
2022-08-07 13:00:00+00:00,34891.124551421315
2022-08-07 14:00:00+00:00,34859.349888988545
2022-08-07 15:00:00+00:00,34782.665369022856
2022-08-07 16:00:00+00:00,34877.48896793639
2022-08-07 17:00:00+00:00,34944.91630278387
2022-08-07 18:00:00+00:00,34895.252755595655
2022-08-07 19:00:00+00:00,34902.25819298241
2022-08-07 20:00:00+00:00,35072.26514670733
2022-08-07 21:00:00+00:00,35014.47028826663
2022-08-07 22:00:00+00:00,34855.471879006596
2022-08-07 23:00:00+00:00,34798.92799152782
2022-08-08 00:00:00+00:00,34890.499065940356
2022-08-08 01:00:00+00:00,34813.31415758989
2022-08-08 02:00:00+00:00,34986.07324743104
2022-08-08 03:00:00+00:00,34918.771009679745
2022-08-08 04:00:00+00:00,34950.545672112516
2022-08-08 05:00:00+00:00,35096.40888627239
2022-08-08 06:00:00+00:00,35171.79754340282
2022-08-08 07:00:00+00:00,35169.126940329195
2022-08-08 08:00:00+00:00,35189.34301571042
2022-08-08 09:00:00+00:00,35183.073530479945
2022-08-08 10:00:00+00:00,35187.13750281549
2022-08-08 11:00:00+00:00,35203.5222498171
2022-08-08 12:00:00+00:00,35206.897240587416
2022-08-08 13:00:00+00:00,35204.33197478466
2022-08-08 14:00:00+00:00,35183.61434462549
2022-08-08 15:00:00+00:00,35096.173414548735
2022-08-08 16:00:00+00:00,35023.355001619435
2022-08-08 17:00:00+00:00,35054.69977310891
2022-08-08 18:00:00+00:00,35085.68147774716
2022-08-08 19:00:00+00:00,35206.21967235533
2022-08-08 20:00:00+00:00,35373.95655762332
2022-08-08 21:00:00+00:00,35042.5975447346
2022-08-08 22:00:00+00:00,35147.76590930739
2022-08-08 23:00:00+00:00,35132.6381238395
2022-08-09 00:00:00+00:00,35096.93655013527
2022-08-09 01:00:00+00:00,35000.844856843214
2022-08-09 02:00:00+00:00,35094.27405989292
2022-08-09 03:00:00+00:00,35150.54942183348
2022-08-09 04:00:00+00:00,35171.00218778607
2022-08-09 05:00:00+00:00,35137.236970621736
2022-08-09 06:00:00+00:00,35168.09765297624
2022-08-09 07:00:00+00:00,35192.78619885984
2022-08-09 08:00:00+00:00,35065.83382321328
2022-08-09 09:00:00+00:00,34618.051373363654
2022-08-09 10:00:00+00:00,34393.1778529195
2022-08-09 11:00:00+00:00,34382.042480665645
2022-08-09 12:00:00+00:00,34391.802347180164
2022-08-09 13:00:00+00:00,34304.86420179338
2022-08-09 14:00:00+00:00,34333.11217721122
2022-08-09 15:00:00+00:00,34325.25365243057
2022-08-09 16:00:00+00:00,34371.53163169439
2022-08-09 17:00:00+00:00,34438.01724610847
2022-08-09 18:00:00+00:00,34392.23822079897
2022-08-09 19:00:00+00:00,34367.290523082615
2022-08-09 20:00:00+00:00,34474.69036175151
2022-08-09 21:00:00+00:00,34603.51066780815
2022-08-09 22:00:00+00:00,34598.85365313924
2022-08-09 23:00:00+00:00,34597.800396149294
2022-08-10 00:00:00+00:00,34815.129781194955
2022-08-10 01:00:00+00:00,34822.37419757857
2022-08-10 02:00:00+00:00,34822.187006477056
2022-08-10 03:00:00+00:00,34810.560359171905
2022-08-10 04:00:00+00:00,34821.29264899204
2022-08-10 05:00:00+00:00,34821.115857396166
2022-08-10 06:00:00+00:00,34821.2302519582
2022-08-10 07:00:00+00:00,34827.729942982995
2022-08-10 08:00:00+00:00,34832.49732957538
2022-08-10 09:00:00+00:00,34828.18052218285
2022-08-10 10:00:00+00:00,34823.5830885556
2022-08-10 11:00:00+00:00,34868.48597256701
2022-08-10 12:00:00+00:00,34889.002197371265
2022-08-10 13:00:00+00:00,34945.59872669961
2022-08-10 14:00:00+00:00,34963.031359591776
2022-08-10 15:00:00+00:00,34954.60833117811
2022-08-10 16:00:00+00:00,34940.281677822655
2022-08-10 17:00:00+00:00,34949.158969964425
2022-08-10 18:00:00+00:00,34878.40947818964
2022-08-10 19:00:00+00:00,34929.05869066694
2022-08-10 20:00:00+00:00,35157.21149103504
2022-08-10 21:00:00+00:00,35214.24310632741
2022-08-10 22:00:00+00:00,35202.05556290824
2022-08-10 23:00:00+00:00,35213.11179963986
2022-08-11 00:00:00+00:00,35271.36723763584
2022-08-11 01:00:00+00:00,35288.962380345154
2022-08-11 02:00:00+00:00,35484.952690311
2022-08-11 03:00:00+00:00,35484.263118443516
2022-08-11 04:00:00+00:00,35495.572042310174
2022-08-11 05:00:00+00:00,35502.65438025154
2022-08-11 06:00:00+00:00,35496.614769089305
2022-08-11 07:00:00+00:00,35483.23439757973
2022-08-11 08:00:00+00:00,35518.84495048758
2022-08-11 09:00:00+00:00,35489.63388645138
2022-08-11 10:00:00+00:00,35504.239418469486
2022-08-11 11:00:00+00:00,35560.24636893895
2022-08-11 12:00:00+00:00,35577.98561917624
2022-08-11 13:00:00+00:00,35579.71068021176
2022-08-11 14:00:00+00:00,35775.58112664139
2022-08-11 15:00:00+00:00,35760.40494087485
2022-08-11 16:00:00+00:00,35791.61551523818
2022-08-11 17:00:00+00:00,35793.3340916043
2022-08-11 18:00:00+00:00,35773.43843213261
2022-08-11 19:00:00+00:00,35852.37482947382
2022-08-11 20:00:00+00:00,35867.143980250235
2022-08-11 21:00:00+00:00,35851.30642282191
2022-08-11 22:00:00+00:00,35688.53152703071
2022-08-11 23:00:00+00:00,35733.15321661053
2022-08-12 00:00:00+00:00,35851.33293324499
2022-08-12 01:00:00+00:00,35794.931754535435
2022-08-12 02:00:00+00:00,35974.27405387022
2022-08-12 03:00:00+00:00,35973.29679349415
2022-08-12 04:00:00+00:00,35958.041476199076
2022-08-12 05:00:00+00:00,35966.154147196794
2022-08-12 06:00:00+00:00,35960.6325954531
2022-08-12 07:00:00+00:00,35950.32981175258
2022-08-12 08:00:00+00:00,35947.06006602726
2022-08-12 09:00:00+00:00,35964.3650410452
2022-08-12 10:00:00+00:00,35881.320886088266
2022-08-12 11:00:00+00:00,35860.94513784842
2022-08-12 12:00:00+00:00,35989.56591383116
2022-08-12 13:00:00+00:00,36021.96087315075
2022-08-12 14:00:00+00:00,35995.10715687266
2022-08-12 15:00:00+00:00,36174.07049578945
2022-08-12 16:00:00+00:00,36168.68167099661
2022-08-12 17:00:00+00:00,36173.51864334812
2022-08-12 18:00:00+00:00,36192.115952560715
2022-08-12 19:00:00+00:00,36204.170641273944
2022-08-12 20:00:00+00:00,36210.17041131892
2022-08-12 21:00:00+00:00,36199.849197848336
2022-08-12 22:00:00+00:00,36231.12853675845
2022-08-12 23:00:00+00:00,36268.91012419678
2022-08-13 00:00:00+00:00,36277.226675966085
2022-08-13 01:00:00+00:00,36272.25881428851
2022-08-13 02:00:00+00:00,36285.50644542873
2022-08-13 03:00:00+00:00,36287.002891773576
2022-08-13 04:00:00+00:00,36281.384755646664
2022-08-13 05:00:00+00:00,36282.90990133886
2022-08-13 06:00:00+00:00,36293.12293052767
2022-08-13 07:00:00+00:00,36284.47136002373
2022-08-13 08:00:00+00:00,36281.595833068175
2022-08-13 09:00:00+00:00,36324.630053335844
2022-08-13 10:00:00+00:00,36299.89501563548
2022-08-13 11:00:00+00:00,36277.117426961755
2022-08-13 12:00:00+00:00,36288.22629843792
2022-08-13 13:00:00+00:00,36273.1635209482
2022-08-13 14:00:00+00:00,36295.757687182784
2022-08-13 15:00:00+00:00,36336.14779617742
2022-08-13 16:00:00+00:00,36342.889603844196
2022-08-13 17:00:00+00:00,36403.991031887206
2022-08-13 18:00:00+00:00,36407.011076088114
2022-08-13 19:00:00+00:00,36397.82001541557
2022-08-13 20:00:00+00:00,36446.84473316463
2022-08-13 21:00:00+00:00,36438.60846550656
2022-08-13 22:00:00+00:00,36413.63011195443
2022-08-13 23:00:00+00:00,36428.24574328949
2022-08-14 00:00:00+00:00,36436.39216075493
2022-08-14 01:00:00+00:00,36441.99282276242
2022-08-14 02:00:00+00:00,36440.91462045082
2022-08-14 03:00:00+00:00,36435.044407865425
2022-08-14 04:00:00+00:00,36466.070101578975
2022-08-14 05:00:00+00:00,36464.89605302802
2022-08-14 06:00:00+00:00,36465.371563698645
2022-08-14 07:00:00+00:00,36484.26122252879
2022-08-14 08:00:00+00:00,36455.537513754534
2022-08-14 09:00:00+00:00,36482.0179967283
2022-08-14 10:00:00+00:00,36449.544717719225
2022-08-14 11:00:00+00:00,36422.080130930175
2022-08-14 12:00:00+00:00,36396.62810198294
2022-08-14 13:00:00+00:00,36336.589985350685
2022-08-14 14:00:00+00:00,36389.315368187235
2022-08-14 15:00:00+00:00,36409.91600132646
2022-08-14 16:00:00+00:00,35946.0966548328
2022-08-14 17:00:00+00:00,35735.72844557432
2022-08-14 18:00:00+00:00,35645.686585086005
2022-08-14 19:00:00+00:00,35645.186611312776
2022-08-14 20:00:00+00:00,35653.600044601226
2022-08-14 21:00:00+00:00,35663.46845722639
2022-08-14 22:00:00+00:00,35664.45542810514
2022-08-14 23:00:00+00:00,35680.115126361205
2022-08-15 00:00:00+00:00,35781.41449175218
2022-08-15 01:00:00+00:00,35794.609068859885
2022-08-15 02:00:00+00:00,35799.26407184023
2022-08-15 03:00:00+00:00,35780.07471489907
2022-08-15 04:00:00+00:00,35770.61159507681
2022-08-15 05:00:00+00:00,35714.81080202875
2022-08-15 06:00:00+00:00,34971.853606202334
2022-08-15 07:00:00+00:00,34971.34972801695
2022-08-15 08:00:00+00:00,35053.83343380177
2022-08-15 09:00:00+00:00,35085.150768237254
2022-08-15 10:00:00+00:00,35066.15199392218
2022-08-15 11:00:00+00:00,35087.512335745574
2022-08-15 12:00:00+00:00,35065.24345457775
2022-08-15 13:00:00+00:00,35144.430885887385
2022-08-15 14:00:00+00:00,35124.54765450633
2022-08-15 15:00:00+00:00,35169.13756381527
2022-08-15 16:00:00+00:00,35201.44176863229
2022-08-15 17:00:00+00:00,35139.08951433412
2022-08-15 18:00:00+00:00,35098.963369993966
2022-08-15 19:00:00+00:00,35044.054464062734
2022-08-15 20:00:00+00:00,35186.73570720262
2022-08-15 21:00:00+00:00,35187.352929595436
2022-08-15 22:00:00+00:00,35102.484850582885
2022-08-15 23:00:00+00:00,35162.30442213228
2022-08-16 00:00:00+00:00,35136.78622045551
2022-08-16 01:00:00+00:00,35158.78858101237
2022-08-16 02:00:00+00:00,35070.212067636574
2022-08-16 03:00:00+00:00,35033.5792714517
2022-08-16 04:00:00+00:00,34853.59088895824
2022-08-16 05:00:00+00:00,34843.383608287535
2022-08-16 06:00:00+00:00,34949.76615572223
2022-08-16 07:00:00+00:00,35020.87687772815
2022-08-16 08:00:00+00:00,34943.98203000883
2022-08-16 09:00:00+00:00,35098.90586774422
2022-08-16 10:00:00+00:00,35047.30239324232
2022-08-16 11:00:00+00:00,35248.272408225566
2022-08-16 12:00:00+00:00,35058.19015929107
2022-08-16 13:00:00+00:00,34962.3551352161
2022-08-16 14:00:00+00:00,34879.67616178338
2022-08-16 15:00:00+00:00,35029.83660187244
2022-08-16 16:00:00+00:00,34950.3332268706
2022-08-16 17:00:00+00:00,34925.495510571884
2022-08-16 18:00:00+00:00,34843.04336559851
2022-08-16 19:00:00+00:00,34938.65156121413
2022-08-16 20:00:00+00:00,34997.513546415204
2022-08-16 21:00:00+00:00,34943.414958860456
2022-08-16 22:00:00+00:00,34853.93113164726
2022-08-16 23:00:00+00:00,34908.36996189103
2022-08-17 00:00:00+00:00,35115.9180021954
2022-08-17 01:00:00+00:00,35027.56831727895
2022-08-17 02:00:00+00:00,35094.93636970561
2022-08-17 03:00:00+00:00,35127.59966785188
2022-08-17 04:00:00+00:00,35178.409242746064
2022-08-17 05:00:00+00:00,35416.717552888054
2022-08-17 06:00:00+00:00,35434.385203689344
2022-08-17 07:00:00+00:00,35651.085562569046
2022-08-17 08:00:00+00:00,35643.650901125635
2022-08-17 09:00:00+00:00,35649.067503825696
2022-08-17 10:00:00+00:00,35637.91815250874
2022-08-17 11:00:00+00:00,35630.56283349759
2022-08-17 12:00:00+00:00,35631.05880862721
2022-08-17 13:00:00+00:00,35300.81534056926
2022-08-17 14:00:00+00:00,35170.825915651236
2022-08-17 15:00:00+00:00,35259.08744582551
2022-08-17 16:00:00+00:00,35365.63423324705
2022-08-17 17:00:00+00:00,35500.78103841431
2022-08-17 18:00:00+00:00,35484.72283172921
2022-08-17 19:00:00+00:00,35348.05225512468
2022-08-17 20:00:00+00:00,35497.38185597731
2022-08-17 21:00:00+00:00,35366.103085996976
2022-08-17 22:00:00+00:00,35237.98907207868
2022-08-17 23:00:00+00:00,35298.11943725716
2022-08-18 00:00:00+00:00,35451.78592604664
2022-08-18 01:00:00+00:00,35562.43517503007
2022-08-18 02:00:00+00:00,35509.68924066297
2022-08-18 03:00:00+00:00,35466.90642723188
2022-08-18 04:00:00+00:00,35411.933442302616
2022-08-18 05:00:00+00:00,35411.81622911514
2022-08-18 06:00:00+00:00,35355.67111231104
2022-08-18 07:00:00+00:00,35424.24082698827
2022-08-18 08:00:00+00:00,35466.43757448195
2022-08-18 09:00:00+00:00,35555.87123653105
2022-08-18 10:00:00+00:00,35463.50724479489
2022-08-18 11:00:00+00:00,35593.965522462844
2022-08-18 12:00:00+00:00,35827.57140511535
2022-08-18 13:00:00+00:00,35541.33680128323
2022-08-18 14:00:00+00:00,35610.727008272836
2022-08-18 15:00:00+00:00,35753.60988381393
2022-08-18 16:00:00+00:00,35709.30329894557
2022-08-18 17:00:00+00:00,35609.78930277297
2022-08-18 18:00:00+00:00,35673.78770313838
2022-08-18 19:00:00+00:00,35722.19674956864
2022-08-18 20:00:00+00:00,35800.26073243194
2022-08-18 21:00:00+00:00,35706.25575607103
2022-08-18 22:00:00+00:00,35680.820494387335
2022-08-18 23:00:00+00:00,35440.41624686085
2022-08-19 00:00:00+00:00,35201.30134439667
2022-08-19 01:00:00+00:00,35086.31520747639
2022-08-19 02:00:00+00:00,35189.69723883591
2022-08-19 03:00:00+00:00,35107.882433973165
2022-08-19 04:00:00+00:00,35114.446372472186
2022-08-19 05:00:00+00:00,35094.16849103772
2022-08-19 06:00:00+00:00,34970.146252726576
2022-08-19 07:00:00+00:00,35026.87441298787
2022-08-19 08:00:00+00:00,35066.54946011512
2022-08-19 09:00:00+00:00,35072.453748244734
2022-08-19 10:00:00+00:00,35024.14593627516
2022-08-19 11:00:00+00:00,34866.042090418996
2022-08-19 12:00:00+00:00,34779.06924900109
2022-08-19 13:00:00+00:00,34648.79715941673
2022-08-19 14:00:00+00:00,34665.26834315728
2022-08-19 15:00:00+00:00,34746.750789995014
2022-08-19 16:00:00+00:00,34995.440708138325
2022-08-19 17:00:00+00:00,34846.57614599835
2022-08-19 18:00:00+00:00,34768.837150010746
2022-08-19 19:00:00+00:00,34784.310080191266
2022-08-19 20:00:00+00:00,34604.99878447027
2022-08-19 21:00:00+00:00,34221.797167967816
2022-08-19 22:00:00+00:00,34411.860581061366
2022-08-19 23:00:00+00:00,34394.01000010528
2022-08-20 00:00:00+00:00,34467.68309686739
2022-08-20 01:00:00+00:00,34458.28744652776
2022-08-20 02:00:00+00:00,34470.103160334445
2022-08-20 03:00:00+00:00,34469.12823148223
2022-08-20 04:00:00+00:00,34484.87732126087
2022-08-20 05:00:00+00:00,34462.63791889173
2022-08-20 06:00:00+00:00,34517.15624066862
2022-08-20 07:00:00+00:00,34506.532682979014
2022-08-20 08:00:00+00:00,34470.39209122466
2022-08-20 09:00:00+00:00,34463.52606197832
2022-08-20 10:00:00+00:00,34468.4854535288
2022-08-20 11:00:00+00:00,34463.37876575604
2022-08-20 12:00:00+00:00,34435.81664270849
2022-08-20 13:00:00+00:00,34500.244854197816
2022-08-20 14:00:00+00:00,34479.818103106736
2022-08-20 15:00:00+00:00,34489.19202312798
2022-08-20 16:00:00+00:00,34378.03412078646
2022-08-20 17:00:00+00:00,34364.96411408286
2022-08-20 18:00:00+00:00,33899.32607082085
2022-08-20 19:00:00+00:00,33692.25764011797
2022-08-20 20:00:00+00:00,33879.38005950692
2022-08-20 21:00:00+00:00,33896.280808577234
2022-08-20 22:00:00+00:00,33913.189988596365
2022-08-20 23:00:00+00:00,33914.22878613756
2022-08-21 00:00:00+00:00,33930.10760377009
2022-08-21 01:00:00+00:00,33947.033658306296
2022-08-21 02:00:00+00:00,33945.77231956533
2022-08-21 03:00:00+00:00,33936.150481170065
2022-08-21 04:00:00+00:00,33928.68086202501
2022-08-21 05:00:00+00:00,33940.84070714486
2022-08-21 06:00:00+00:00,33878.65099419016
2022-08-21 07:00:00+00:00,34078.51522147521
2022-08-21 08:00:00+00:00,34135.57107058278
2022-08-21 09:00:00+00:00,34152.59962069268
2022-08-21 10:00:00+00:00,34153.571455424855
2022-08-21 11:00:00+00:00,34161.04019958609
2022-08-21 12:00:00+00:00,34169.63666550502
2022-08-21 13:00:00+00:00,34148.473177233485
2022-08-21 14:00:00+00:00,34214.34481391498
2022-08-21 15:00:00+00:00,34240.287286633415
2022-08-21 16:00:00+00:00,34282.64230741888
2022-08-21 17:00:00+00:00,34277.97493036454
2022-08-21 18:00:00+00:00,34281.68758114496
2022-08-21 19:00:00+00:00,34281.582108111426
2022-08-21 20:00:00+00:00,34273.38685340578
2022-08-21 21:00:00+00:00,34299.744224103524
2022-08-21 22:00:00+00:00,34490.24054501478
2022-08-21 23:00:00+00:00,34488.005139067864
2022-08-22 00:00:00+00:00,34481.634439280766
2022-08-22 01:00:00+00:00,34492.04847054401
2022-08-22 02:00:00+00:00,34503.014806504565
2022-08-22 03:00:00+00:00,34414.99927892502
2022-08-22 04:00:00+00:00,34598.20056286258
2022-08-22 05:00:00+00:00,34559.04014548568
2022-08-22 06:00:00+00:00,34325.87950091947
2022-08-22 07:00:00+00:00,33964.290190169646
2022-08-22 08:00:00+00:00,33697.4975925416
2022-08-22 09:00:00+00:00,33717.984298354604
2022-08-22 10:00:00+00:00,33752.16127710326
2022-08-22 11:00:00+00:00,33744.676003362765
2022-08-22 12:00:00+00:00,33730.735291144134
2022-08-22 13:00:00+00:00,33797.73582621791
2022-08-22 14:00:00+00:00,33863.786246617485
2022-08-22 15:00:00+00:00,33880.67921670488
2022-08-22 16:00:00+00:00,33873.27278295877
2022-08-22 17:00:00+00:00,33846.91147319575
2022-08-22 18:00:00+00:00,33747.15055216779
2022-08-22 19:00:00+00:00,33855.27801886794
2022-08-22 20:00:00+00:00,34068.8481050379
2022-08-22 21:00:00+00:00,34061.471653369925
2022-08-22 22:00:00+00:00,34124.1141900366
2022-08-22 23:00:00+00:00,34141.13702487476
2022-08-23 00:00:00+00:00,34135.22078286025
2022-08-23 01:00:00+00:00,34138.63221721951
2022-08-23 02:00:00+00:00,34141.67626634008
2022-08-23 03:00:00+00:00,34108.58301600398
2022-08-23 04:00:00+00:00,34113.62400173771
2022-08-23 05:00:00+00:00,33733.764953435784
2022-08-23 06:00:00+00:00,33774.38415537263
2022-08-23 07:00:00+00:00,34140.479406269595
2022-08-23 08:00:00+00:00,34232.16647945178
2022-08-23 09:00:00+00:00,34349.92847429099
2022-08-23 10:00:00+00:00,34361.401908108346
2022-08-23 11:00:00+00:00,34405.650524561264
2022-08-23 12:00:00+00:00,34393.46101087349
2022-08-23 13:00:00+00:00,34461.462966486615
2022-08-23 14:00:00+00:00,34455.73139526272
2022-08-23 15:00:00+00:00,34496.9639052288
2022-08-23 16:00:00+00:00,34488.577207213144
2022-08-23 17:00:00+00:00,34473.96922911212
2022-08-23 18:00:00+00:00,34517.36594669931
2022-08-23 19:00:00+00:00,34509.291830769835
2022-08-23 20:00:00+00:00,34506.0555767863
2022-08-23 21:00:00+00:00,34510.95145934788
2022-08-23 22:00:00+00:00,34528.86902955593
2022-08-23 23:00:00+00:00,34573.35961206951
2022-08-24 00:00:00+00:00,34495.1200167396
2022-08-24 01:00:00+00:00,34317.76613133012
2022-08-24 02:00:00+00:00,34173.64454692751
2022-08-24 03:00:00+00:00,34211.578070485586
2022-08-24 04:00:00+00:00,34326.66889706314
2022-08-24 05:00:00+00:00,34512.59477273383
2022-08-24 06:00:00+00:00,34607.17053044833
2022-08-24 07:00:00+00:00,34374.40836548656
2022-08-24 08:00:00+00:00,34464.8553043104
2022-08-24 09:00:00+00:00,34483.6930404991
2022-08-24 10:00:00+00:00,34406.53573747962
2022-08-24 11:00:00+00:00,34682.26342402248
2022-08-24 12:00:00+00:00,34784.79433550397
2022-08-24 13:00:00+00:00,34777.25328399608
2022-08-24 14:00:00+00:00,34774.06907266437
2022-08-24 15:00:00+00:00,34841.22182006351
2022-08-24 16:00:00+00:00,34834.07321154636
2022-08-24 17:00:00+00:00,34810.69322088851
2022-08-24 18:00:00+00:00,34812.21298196452
2022-08-24 19:00:00+00:00,34845.31000095303
2022-08-24 20:00:00+00:00,34861.55455823209
2022-08-24 21:00:00+00:00,34818.325798736885
2022-08-24 22:00:00+00:00,34777.79123581569
2022-08-24 23:00:00+00:00,34749.158028457976
2022-08-25 00:00:00+00:00,34834.573514174816
2022-08-25 01:00:00+00:00,34880.91227970541
2022-08-25 02:00:00+00:00,34890.664169167816
2022-08-25 03:00:00+00:00,34840.24482577707
2022-08-25 04:00:00+00:00,34887.75935103008
2022-08-25 05:00:00+00:00,34916.18507137795
2022-08-25 06:00:00+00:00,34956.44852485356
2022-08-25 07:00:00+00:00,34961.19237231975
2022-08-25 08:00:00+00:00,34961.28467094381
2022-08-25 09:00:00+00:00,34957.315830109095
2022-08-25 10:00:00+00:00,34945.89131153063
2022-08-25 11:00:00+00:00,34962.41276523791
2022-08-25 12:00:00+00:00,34957.008168028886
2022-08-25 13:00:00+00:00,34960.966753460925
2022-08-25 14:00:00+00:00,34961.96152752027
2022-08-25 15:00:00+00:00,35013.15446482167
2022-08-25 16:00:00+00:00,35014.547565206674
2022-08-25 17:00:00+00:00,35048.43564802648
2022-08-25 18:00:00+00:00,35039.972023774164
2022-08-25 19:00:00+00:00,35053.70862027892
2022-08-25 20:00:00+00:00,35057.73891754194
2022-08-25 21:00:00+00:00,35034.59829409015
2022-08-25 22:00:00+00:00,35010.886711859435
2022-08-25 23:00:00+00:00,35013.43923345934
2022-08-26 00:00:00+00:00,34929.39411954663
2022-08-26 01:00:00+00:00,34993.35959553424
2022-08-26 02:00:00+00:00,35035.04032504874
2022-08-26 03:00:00+00:00,35011.17363669638
2022-08-26 04:00:00+00:00,34981.18552107208
2022-08-26 05:00:00+00:00,34796.4552934027
2022-08-26 06:00:00+00:00,34775.22271858006
2022-08-26 07:00:00+00:00,34792.794034506536
2022-08-26 08:00:00+00:00,34777.69981349779
2022-08-26 09:00:00+00:00,34793.68945439689
2022-08-26 10:00:00+00:00,34651.31769183133
2022-08-26 11:00:00+00:00,34390.75050373968
2022-08-26 12:00:00+00:00,35046.837449111365
2022-08-26 13:00:00+00:00,35227.278770758465
2022-08-26 14:00:00+00:00,35442.712562204164
2022-08-26 15:00:00+00:00,35659.46384736827
2022-08-26 16:00:00+00:00,35777.39663786949
2022-08-26 17:00:00+00:00,35752.60363446332
2022-08-26 18:00:00+00:00,35781.96538458929
2022-08-26 19:00:00+00:00,35789.139730133335
2022-08-26 20:00:00+00:00,35740.607392629536
2022-08-26 21:00:00+00:00,35735.5431487161
2022-08-26 22:00:00+00:00,35637.21241273014
2022-08-26 23:00:00+00:00,34955.06897084462
2022-08-27 00:00:00+00:00,35001.60507139575
2022-08-27 01:00:00+00:00,34980.3872975916
2022-08-27 02:00:00+00:00,34973.12003779357
2022-08-27 03:00:00+00:00,35000.616205046776
2022-08-27 04:00:00+00:00,34935.632305538486
2022-08-27 05:00:00+00:00,34946.7407576243
2022-08-27 06:00:00+00:00,35149.204880215795
2022-08-27 07:00:00+00:00,35202.345039365195
2022-08-27 08:00:00+00:00,35180.0454285094
2022-08-27 09:00:00+00:00,35168.11150297422
2022-08-27 10:00:00+00:00,35206.22350727819
2022-08-27 11:00:00+00:00,35206.849606992975
2022-08-27 12:00:00+00:00,35204.13564951006
2022-08-27 13:00:00+00:00,35214.502912567
2022-08-27 14:00:00+00:00,35176.40030582262
2022-08-27 15:00:00+00:00,35021.937941541386
2022-08-27 16:00:00+00:00,35012.7678653668
2022-08-27 17:00:00+00:00,35063.27606270937
2022-08-27 18:00:00+00:00,35010.2934003673
2022-08-27 19:00:00+00:00,35163.12800327712
2022-08-27 20:00:00+00:00,35182.6326097437
2022-08-27 21:00:00+00:00,34917.719298033364
2022-08-27 22:00:00+00:00,35230.084115028076
2022-08-27 23:00:00+00:00,35329.499385301795
2022-08-28 00:00:00+00:00,35266.3277494324
2022-08-28 01:00:00+00:00,35421.52853444236
2022-08-28 02:00:00+00:00,35420.953510706124
2022-08-28 03:00:00+00:00,35416.678510495585
2022-08-28 04:00:00+00:00,35415.7370250335
2022-08-28 05:00:00+00:00,35446.57115760117
2022-08-28 06:00:00+00:00,35443.20532380771
2022-08-28 07:00:00+00:00,35453.767078125114
2022-08-28 08:00:00+00:00,35440.65193265405
2022-08-28 09:00:00+00:00,35427.42072394873
2022-08-28 10:00:00+00:00,35406.490654037676
2022-08-28 11:00:00+00:00,35410.16598978916
2022-08-28 12:00:00+00:00,35319.296236927185
2022-08-28 13:00:00+00:00,35355.66202079309
2022-08-28 14:00:00+00:00,35420.40287336052
2022-08-28 15:00:00+00:00,35575.16964130881
2022-08-28 16:00:00+00:00,35618.25509959624
2022-08-28 17:00:00+00:00,35618.16771732357
2022-08-28 18:00:00+00:00,35626.467217772355
2022-08-28 19:00:00+00:00,35618.876357738154
2022-08-28 20:00:00+00:00,35618.56407552156
2022-08-28 21:00:00+00:00,35623.42098152645
2022-08-28 22:00:00+00:00,35579.46553640032
2022-08-28 23:00:00+00:00,35108.282590322386
2022-08-29 00:00:00+00:00,35182.40899238989
2022-08-29 01:00:00+00:00,35303.01384414086
2022-08-29 02:00:00+00:00,35404.78819859242
2022-08-29 03:00:00+00:00,35558.42114481299
2022-08-29 04:00:00+00:00,35450.51940631955
2022-08-29 05:00:00+00:00,35314.37192187701
2022-08-29 06:00:00+00:00,35520.01290825785
2022-08-29 07:00:00+00:00,35526.439189082244
2022-08-29 08:00:00+00:00,35377.58859138217
2022-08-29 09:00:00+00:00,35478.316807094874
2022-08-29 10:00:00+00:00,35462.17638083824
2022-08-29 11:00:00+00:00,35441.25360606112
2022-08-29 12:00:00+00:00,35836.07992196531
2022-08-29 13:00:00+00:00,35853.956771936035
2022-08-29 14:00:00+00:00,35871.84253978409
2022-08-29 15:00:00+00:00,35889.73722995817
2022-08-29 16:00:00+00:00,35907.64084690918
2022-08-29 17:00:00+00:00,35947.61626932309
2022-08-29 18:00:00+00:00,35907.00170220007
2022-08-29 19:00:00+00:00,35903.801304790744
2022-08-29 20:00:00+00:00,35965.88979988315
2022-08-29 21:00:00+00:00,35959.51320160197
2022-08-29 22:00:00+00:00,35957.96773357094
2022-08-29 23:00:00+00:00,36024.233243624076
2022-08-30 00:00:00+00:00,36022.46214794057
2022-08-30 01:00:00+00:00,35965.29851501327
2022-08-30 02:00:00+00:00,36004.39873088655
2022-08-30 03:00:00+00:00,36062.73873552287
2022-08-30 04:00:00+00:00,36143.372397546074
2022-08-30 05:00:00+00:00,36141.736359722745
2022-08-30 06:00:00+00:00,36135.30184177256
2022-08-30 07:00:00+00:00,36146.744787701704
2022-08-30 08:00:00+00:00,36146.76760514124
2022-08-30 09:00:00+00:00,36152.608869663396
2022-08-30 10:00:00+00:00,36161.40254055262
2022-08-30 11:00:00+00:00,36158.99063994
2022-08-30 12:00:00+00:00,36280.995340048954
2022-08-30 13:00:00+00:00,36274.901272386924
2022-08-30 14:00:00+00:00,36502.87317609739
2022-08-30 15:00:00+00:00,36562.087707960265
2022-08-30 16:00:00+00:00,36785.68457530145
2022-08-30 17:00:00+00:00,36814.57596717314
2022-08-30 18:00:00+00:00,36845.35788049234
2022-08-30 19:00:00+00:00,36863.738209378236
2022-08-30 20:00:00+00:00,36923.538132256996
2022-08-30 21:00:00+00:00,37128.60666347591
2022-08-30 22:00:00+00:00,37136.726768051405
2022-08-30 23:00:00+00:00,37188.836252848014
2022-08-31 00:00:00+00:00,37207.38792612605
2022-08-31 01:00:00+00:00,37225.94885391743
2022-08-31 02:00:00+00:00,37234.07126390613
2022-08-31 03:00:00+00:00,37244.51904083877
2022-08-31 04:00:00+00:00,37242.25151949964
2022-08-31 05:00:00+00:00,37240.98931386555
2022-08-31 06:00:00+00:00,37367.693917504395
2022-08-31 07:00:00+00:00,37367.09835845403
2022-08-31 08:00:00+00:00,37491.276157471584
2022-08-31 09:00:00+00:00,37489.46077233304
2022-08-31 10:00:00+00:00,37552.094065034544
2022-08-31 11:00:00+00:00,37567.04487219185
2022-08-31 12:00:00+00:00,37613.01063069238
2022-08-31 13:00:00+00:00,37674.02601448709
2022-08-31 14:00:00+00:00,37798.62135434753
2022-08-31 15:00:00+00:00,38008.54998403278
2022-08-31 16:00:00+00:00,37987.90312222504
2022-08-31 17:00:00+00:00,38219.64453003938
2022-08-31 18:00:00+00:00,38222.34241349261
2022-08-31 19:00:00+00:00,38238.71042264498
2022-08-31 20:00:00+00:00,38241.67298929542
2022-08-31 21:00:00+00:00,38277.52060217818
2022-08-31 22:00:00+00:00,38365.17328379772
2022-08-31 23:00:00+00:00,38350.61656109259
2022-09-01 00:00:00+00:00,38578.24846925494
2022-09-01 01:00:00+00:00,38586.51727410618
2022-09-01 02:00:00+00:00,38597.49325165078
2022-09-01 03:00:00+00:00,38591.15019809087
2022-09-01 04:00:00+00:00,38598.754722270074
2022-09-01 05:00:00+00:00,38604.41766580778
2022-09-01 06:00:00+00:00,38593.37492590925
2022-09-01 07:00:00+00:00,38598.04443445598
2022-09-01 08:00:00+00:00,38623.6408722201
2022-09-01 09:00:00+00:00,38644.10145515777
2022-09-01 10:00:00+00:00,38725.142677480704
2022-09-01 11:00:00+00:00,38744.46073814045
2022-09-01 12:00:00+00:00,38745.488754561564
2022-09-01 13:00:00+00:00,38763.78647797949
2022-09-01 14:00:00+00:00,38166.97899629062
2022-09-01 15:00:00+00:00,38435.55726707466
2022-09-01 16:00:00+00:00,38482.863667042315
2022-09-01 17:00:00+00:00,38731.45116880776
2022-09-01 18:00:00+00:00,38797.52752747225
2022-09-01 19:00:00+00:00,38872.14955838895
2022-09-01 20:00:00+00:00,38981.4039925046
2022-09-01 21:00:00+00:00,38980.908797718796
2022-09-01 22:00:00+00:00,38987.093928716575
2022-09-01 23:00:00+00:00,38986.638052527494
2022-09-02 00:00:00+00:00,38981.364673907876
2022-09-02 01:00:00+00:00,38978.69102166381
2022-09-02 02:00:00+00:00,38995.11417724751
2022-09-02 03:00:00+00:00,39044.63916792868
2022-09-02 04:00:00+00:00,39040.47490309386
2022-09-02 05:00:00+00:00,39037.72513846848
2022-09-02 06:00:00+00:00,39039.13851828552
2022-09-02 07:00:00+00:00,39061.656869156795
2022-09-02 08:00:00+00:00,39044.52854907918
2022-09-02 09:00:00+00:00,39060.419158381956
2022-09-02 10:00:00+00:00,39043.41061676642
2022-09-02 11:00:00+00:00,39059.02174299101
2022-09-02 12:00:00+00:00,39107.97692271116
2022-09-02 13:00:00+00:00,39127.48596046384
2022-09-02 14:00:00+00:00,39147.00473031171
2022-09-02 15:00:00+00:00,39143.05377442431
2022-09-02 16:00:00+00:00,39364.42210599521
2022-09-02 17:00:00+00:00,39250.918042332705
2022-09-02 18:00:00+00:00,39199.36148819769
2022-09-02 19:00:00+00:00,38959.84088586188
2022-09-02 20:00:00+00:00,39071.51385055619
2022-09-02 21:00:00+00:00,39237.12409751782
2022-09-02 22:00:00+00:00,39249.27897802877
2022-09-02 23:00:00+00:00,39170.72806272678
2022-09-03 00:00:00+00:00,39193.06265566564
2022-09-03 01:00:00+00:00,39140.64473346219
2022-09-03 02:00:00+00:00,39054.041209821706
2022-09-03 03:00:00+00:00,38960.90443790659
2022-09-03 04:00:00+00:00,39017.88044030164
2022-09-03 05:00:00+00:00,39104.02815592297
2022-09-03 06:00:00+00:00,39006.181367809855
2022-09-03 07:00:00+00:00,38695.47223474882
2022-09-03 08:00:00+00:00,38700.638058965975
2022-09-03 09:00:00+00:00,38811.09553560919
2022-09-03 10:00:00+00:00,38875.5164023172
2022-09-03 11:00:00+00:00,38765.210861680374
2022-09-03 12:00:00+00:00,38901.34552340295
2022-09-03 13:00:00+00:00,38962.27186196407
2022-09-03 14:00:00+00:00,38783.13931043401
2022-09-03 15:00:00+00:00,38758.82954941213
2022-09-03 16:00:00+00:00,38791.03998276613
2022-09-03 17:00:00+00:00,38843.30596896319
2022-09-03 18:00:00+00:00,38802.13131123237
2022-09-03 19:00:00+00:00,38775.08670209551
2022-09-03 20:00:00+00:00,38827.20075228619
2022-09-03 21:00:00+00:00,38817.62878388382
2022-09-03 22:00:00+00:00,38864.12120183819
2022-09-03 23:00:00+00:00,38898.91454730077
2022-09-04 00:00:00+00:00,38899.37035531993
2022-09-04 01:00:00+00:00,38862.90571378709
2022-09-04 02:00:00+00:00,38838.29208075243
2022-09-04 03:00:00+00:00,38818.388463915755
2022-09-04 04:00:00+00:00,38881.138034553514
2022-09-04 05:00:00+00:00,38825.37752020954
2022-09-04 06:00:00+00:00,38769.31313385282
2022-09-04 07:00:00+00:00,38716.28746762381
2022-09-04 08:00:00+00:00,38840.571120848224
2022-09-04 09:00:00+00:00,38824.921712190386
2022-09-04 10:00:00+00:00,38861.53828972961
2022-09-04 11:00:00+00:00,39006.63717582902
2022-09-04 12:00:00+00:00,39102.660731865486
2022-09-04 13:00:00+00:00,38770.37668589752
2022-09-04 14:00:00+00:00,38851.3585773017
2022-09-04 15:00:00+00:00,38945.86277327429
2022-09-04 16:00:00+00:00,39050.85055368759
2022-09-04 17:00:00+00:00,39083.51679506075
2022-09-04 18:00:00+00:00,39021.52690445493
2022-09-04 19:00:00+00:00,39045.380857457654
2022-09-04 20:00:00+00:00,39099.62201173775
2022-09-04 21:00:00+00:00,39105.54751598684
2022-09-04 22:00:00+00:00,39038.69567317664
2022-09-04 23:00:00+00:00,39230.4389132368
2022-09-05 00:00:00+00:00,39170.57612672039
2022-09-05 01:00:00+00:00,39134.71922921311
2022-09-05 02:00:00+00:00,39189.568127518745
2022-09-05 03:00:00+00:00,39172.70323080981
2022-09-05 04:00:00+00:00,39195.7975037806
2022-09-05 05:00:00+00:00,38972.2996383856
2022-09-05 06:00:00+00:00,39054.80088985364
2022-09-05 07:00:00+00:00,38975.33835851334
2022-09-05 08:00:00+00:00,39013.62623212281
2022-09-05 09:00:00+00:00,39021.223032442154
2022-09-05 10:00:00+00:00,38974.12287046225
2022-09-05 11:00:00+00:00,39041.734393304374
2022-09-05 12:00:00+00:00,39128.94566097041
2022-09-05 13:00:00+00:00,39155.990270107264
2022-09-05 14:00:00+00:00,39395.13754416011
2022-09-05 15:00:00+00:00,39605.156758181955
2022-09-05 16:00:00+00:00,39601.44639414091
2022-09-05 17:00:00+00:00,39601.04051580597
2022-09-05 18:00:00+00:00,39599.45167128889
2022-09-05 19:00:00+00:00,39589.778209544755
2022-09-05 20:00:00+00:00,39687.91837270957
2022-09-05 21:00:00+00:00,39680.55992745121
2022-09-05 22:00:00+00:00,39736.13872343871
2022-09-05 23:00:00+00:00,39755.961120082575
2022-09-06 00:00:00+00:00,39775.7934051409
2022-09-06 01:00:00+00:00,39907.33969901527
2022-09-06 02:00:00+00:00,39950.20608781911
2022-09-06 03:00:00+00:00,39935.824065158246
2022-09-06 04:00:00+00:00,39972.076916460304
2022-09-06 05:00:00+00:00,39992.017011013326
2022-09-06 06:00:00+00:00,40011.967052694476
2022-09-06 07:00:00+00:00,40004.71735882396
2022-09-06 08:00:00+00:00,40031.944688929696
2022-09-06 09:00:00+00:00,40003.22867027141
2022-09-06 10:00:00+00:00,40024.54042218152
2022-09-06 11:00:00+00:00,40042.79644495745
2022-09-06 12:00:00+00:00,40076.87399540301
2022-09-06 13:00:00+00:00,40209.41602141534
2022-09-06 14:00:00+00:00,40274.64326352039
2022-09-06 15:00:00+00:00,40277.26635753178
2022-09-06 16:00:00+00:00,40283.270959778514
2022-09-06 17:00:00+00:00,39348.9483682106
2022-09-06 18:00:00+00:00,39479.08300243321
2022-09-06 19:00:00+00:00,39517.49760780057
2022-09-06 20:00:00+00:00,39540.637788695174
2022-09-06 21:00:00+00:00,39543.12550689818
2022-09-06 22:00:00+00:00,39534.26814772052
2022-09-06 23:00:00+00:00,39435.88181299991
2022-09-07 00:00:00+00:00,39157.88094556427
2022-09-07 01:00:00+00:00,38986.66327630426
2022-09-07 02:00:00+00:00,38634.2442242802
2022-09-07 03:00:00+00:00,38648.46884987601
2022-09-07 04:00:00+00:00,38653.51694019203
2022-09-07 05:00:00+00:00,38657.93140229087
2022-09-07 06:00:00+00:00,38660.57497885987
2022-09-07 07:00:00+00:00,38659.87257928839
2022-09-07 08:00:00+00:00,38663.30795173796
2022-09-07 09:00:00+00:00,38660.53666615597
2022-09-07 10:00:00+00:00,38652.261122113894
2022-09-07 11:00:00+00:00,38654.08736099972
2022-09-07 12:00:00+00:00,38699.98465777996
2022-09-07 13:00:00+00:00,38716.22022109337
2022-09-07 14:00:00+00:00,38723.52487251954
2022-09-07 15:00:00+00:00,38724.39352634538
2022-09-07 16:00:00+00:00,38735.53383078039
2022-09-07 17:00:00+00:00,38754.85707507319
2022-09-07 18:00:00+00:00,38756.11385221155
2022-09-07 19:00:00+00:00,38753.74571383902
2022-09-07 20:00:00+00:00,38774.189958778
2022-09-07 21:00:00+00:00,38837.088994031874
2022-09-07 22:00:00+00:00,38820.19684805178
2022-09-07 23:00:00+00:00,38817.95180504499
2022-09-08 00:00:00+00:00,38802.41583077742
2022-09-08 01:00:00+00:00,38716.77081527189
2022-09-08 02:00:00+00:00,38804.62398955657
2022-09-08 03:00:00+00:00,38816.295685960635
2022-09-08 04:00:00+00:00,38916.609184784786
2022-09-08 05:00:00+00:00,38856.0425439853
2022-09-08 06:00:00+00:00,38785.618051493184
2022-09-08 07:00:00+00:00,38697.165405983775
2022-09-08 08:00:00+00:00,38848.96780212273
2022-09-08 09:00:00+00:00,38761.25975102022
2022-09-08 10:00:00+00:00,39042.717527049834
2022-09-08 11:00:00+00:00,39074.598720092334
2022-09-08 12:00:00+00:00,39203.826026607654
2022-09-08 13:00:00+00:00,39267.42201244142
2022-09-08 14:00:00+00:00,39323.558826517794
2022-09-08 15:00:00+00:00,39331.121162936
2022-09-08 16:00:00+00:00,39357.016735307436
2022-09-08 17:00:00+00:00,39358.434635868376
2022-09-08 18:00:00+00:00,39358.277091361604
2022-09-08 19:00:00+00:00,39394.92364544387
2022-09-08 20:00:00+00:00,39387.37121635611
2022-09-08 21:00:00+00:00,39377.88356502176
2022-09-08 22:00:00+00:00,39361.919555663015
2022-09-08 23:00:00+00:00,39387.85727567131
2022-09-09 00:00:00+00:00,39421.93544934376
2022-09-09 01:00:00+00:00,39363.99457326368
2022-09-09 02:00:00+00:00,39427.28261008393
2022-09-09 03:00:00+00:00,39525.21032886053
2022-09-09 04:00:00+00:00,39544.92750374821
2022-09-09 05:00:00+00:00,39556.039067465725
2022-09-09 06:00:00+00:00,39564.65451456041
2022-09-09 07:00:00+00:00,39559.286280909575
2022-09-09 08:00:00+00:00,39566.26074338602
2022-09-09 09:00:00+00:00,39534.806909040686
2022-09-09 10:00:00+00:00,39627.22138770642
2022-09-09 11:00:00+00:00,39575.185164965646
2022-09-09 12:00:00+00:00,39695.50253101097
2022-09-09 13:00:00+00:00,39695.0999880552
2022-09-09 14:00:00+00:00,39712.49232005837
2022-09-09 15:00:00+00:00,39685.99150383801
2022-09-09 16:00:00+00:00,39709.01280871558
2022-09-09 17:00:00+00:00,39617.12860822367
2022-09-09 18:00:00+00:00,39662.72527914447
2022-09-09 19:00:00+00:00,39740.86906870233
2022-09-09 20:00:00+00:00,39747.70089313323
2022-09-09 21:00:00+00:00,39695.19563570928
2022-09-09 22:00:00+00:00,39736.263344366904
2022-09-09 23:00:00+00:00,39726.66808533475
2022-09-10 00:00:00+00:00,39717.226350447105
2022-09-10 01:00:00+00:00,39778.48248410838
2022-09-10 02:00:00+00:00,39826.78328733047
2022-09-10 03:00:00+00:00,39817.3376960194
2022-09-10 04:00:00+00:00,39823.29356385724
2022-09-10 05:00:00+00:00,39819.184965919594
2022-09-10 06:00:00+00:00,39829.08295186029
2022-09-10 07:00:00+00:00,39712.47613325696
2022-09-10 08:00:00+00:00,39753.85752355039
2022-09-10 09:00:00+00:00,39800.66974325386
2022-09-10 10:00:00+00:00,39826.676531978
2022-09-10 11:00:00+00:00,39811.607892629014
2022-09-10 12:00:00+00:00,39830.88351250691
2022-09-10 13:00:00+00:00,39754.16348577067
2022-09-10 14:00:00+00:00,39763.34235237919
2022-09-10 15:00:00+00:00,39748.96212802584
2022-09-10 16:00:00+00:00,39806.17706321897
2022-09-10 17:00:00+00:00,39800.36378103357
2022-09-10 18:00:00+00:00,39893.45278655501
2022-09-10 19:00:00+00:00,39942.330251245396
2022-09-10 20:00:00+00:00,39888.55739103047
2022-09-10 21:00:00+00:00,39958.49821467391
2022-09-10 22:00:00+00:00,39978.4315354834
2022-09-10 23:00:00+00:00,39966.03040046901
2022-09-11 00:00:00+00:00,39960.70143804781
2022-09-11 01:00:00+00:00,39937.80620238272
2022-09-11 02:00:00+00:00,39943.724386430826
2022-09-11 03:00:00+00:00,39917.654411130316
2022-09-11 04:00:00+00:00,39907.31631747667
2022-09-11 05:00:00+00:00,39946.8707627602
2022-09-11 06:00:00+00:00,39866.8954591841
2022-09-11 07:00:00+00:00,39985.558604064696
2022-09-11 08:00:00+00:00,40022.83829281845
2022-09-11 09:00:00+00:00,39963.56990629129
2022-09-11 10:00:00+00:00,39992.12993903147
2022-09-11 11:00:00+00:00,40093.353771884875
2022-09-11 12:00:00+00:00,40134.42461542715
2022-09-11 13:00:00+00:00,40059.86523791964
2022-09-11 14:00:00+00:00,39989.09701520065
2022-09-11 15:00:00+00:00,40076.41994716283
2022-09-11 16:00:00+00:00,40108.518391038946
2022-09-11 17:00:00+00:00,40200.46654756843
2022-09-11 18:00:00+00:00,40184.17053182145
2022-09-11 19:00:00+00:00,40195.16941067334
2022-09-11 20:00:00+00:00,40215.027658234605
2022-09-11 21:00:00+00:00,39999.74874640917
2022-09-11 22:00:00+00:00,40184.09759121085
2022-09-11 23:00:00+00:00,40446.314062007084
2022-09-12 00:00:00+00:00,40321.85074337741
2022-09-12 01:00:00+00:00,40670.947632825926
2022-09-12 02:00:00+00:00,40586.85459296762
2022-09-12 03:00:00+00:00,40519.342648610516
2022-09-12 04:00:00+00:00,40521.92550263241
2022-09-12 05:00:00+00:00,40548.0410266315
2022-09-12 06:00:00+00:00,40665.84786840761
2022-09-12 07:00:00+00:00,40919.672392613575
2022-09-12 08:00:00+00:00,40912.31494425954
2022-09-12 09:00:00+00:00,40914.48250602793
2022-09-12 10:00:00+00:00,40923.843597087136
2022-09-12 11:00:00+00:00,40954.94710860839
2022-09-12 12:00:00+00:00,40937.140348262474
2022-09-12 13:00:00+00:00,40975.086632318395
2022-09-12 14:00:00+00:00,40850.5948274546
2022-09-12 15:00:00+00:00,40514.651649532796
2022-09-12 16:00:00+00:00,40618.196490070535
2022-09-12 17:00:00+00:00,40842.64005503504
2022-09-12 18:00:00+00:00,40839.024662558164
2022-09-12 19:00:00+00:00,40802.14765929402
2022-09-12 20:00:00+00:00,40768.01835431231
2022-09-12 21:00:00+00:00,40660.56888989953
2022-09-12 22:00:00+00:00,40509.87933146331
2022-09-12 23:00:00+00:00,40658.83350151063
2022-09-13 00:00:00+00:00,40245.81106495224
2022-09-13 01:00:00+00:00,40360.49131431877
2022-09-13 02:00:00+00:00,40547.190181824684
2022-09-13 03:00:00+00:00,40655.218109033754
2022-09-13 04:00:00+00:00,40627.88574190857
2022-09-13 05:00:00+00:00,40699.615128649806
2022-09-13 06:00:00+00:00,40517.97781061152
2022-09-13 07:00:00+00:00,40653.33810494578
2022-09-13 08:00:00+00:00,40638.008840843824
2022-09-13 09:00:00+00:00,40741.11983428434
2022-09-13 10:00:00+00:00,40881.68629378531
2022-09-13 11:00:00+00:00,40966.28647774423
2022-09-13 12:00:00+00:00,40138.10254590849
2022-09-13 13:00:00+00:00,40270.847066659684
2022-09-13 14:00:00+00:00,40404.0305993888
2022-09-13 15:00:00+00:00,40407.53149010379
2022-09-13 16:00:00+00:00,40424.186174295726
2022-09-13 17:00:00+00:00,40444.35180382329
2022-09-13 18:00:00+00:00,40668.97447651524
2022-09-13 19:00:00+00:00,40689.262218834236
2022-09-13 20:00:00+00:00,40690.64626209249
2022-09-13 21:00:00+00:00,40915.24509213607
2022-09-13 22:00:00+00:00,40902.87585363085
2022-09-13 23:00:00+00:00,40891.46674378463
2022-09-14 00:00:00+00:00,40906.26181175509
2022-09-14 01:00:00+00:00,41054.11706222869
2022-09-14 02:00:00+00:00,41165.463862523924
2022-09-14 03:00:00+00:00,41165.730069850615
2022-09-14 04:00:00+00:00,41185.99927887102
2022-09-14 05:00:00+00:00,41173.750970857
2022-09-14 06:00:00+00:00,41154.55620667188
2022-09-14 07:00:00+00:00,41219.41122260566
2022-09-14 08:00:00+00:00,41215.6621679038
2022-09-14 09:00:00+00:00,41243.873448559076
2022-09-14 10:00:00+00:00,41195.613542057414
2022-09-14 11:00:00+00:00,41104.24908998601
2022-09-14 12:00:00+00:00,41249.02880949101
2022-09-14 13:00:00+00:00,41246.45112902504
2022-09-14 14:00:00+00:00,41202.34415216299
2022-09-14 15:00:00+00:00,41099.38013799474
2022-09-14 16:00:00+00:00,40961.90384647664
2022-09-14 17:00:00+00:00,41018.61281672786
2022-09-14 18:00:00+00:00,40871.08421086748
2022-09-14 19:00:00+00:00,41198.69017546869
2022-09-14 20:00:00+00:00,41242.10783342789
2022-09-14 21:00:00+00:00,41437.87385700314
2022-09-14 22:00:00+00:00,41458.54516523943
2022-09-14 23:00:00+00:00,41480.95478461161
2022-09-15 00:00:00+00:00,41525.79872996109
2022-09-15 01:00:00+00:00,41645.90256949051
2022-09-15 02:00:00+00:00,41545.06141058296
2022-09-15 03:00:00+00:00,41524.936583657785
2022-09-15 04:00:00+00:00,41460.09667394953
2022-09-15 05:00:00+00:00,41754.174993042005
2022-09-15 06:00:00+00:00,41779.75136483316
2022-09-15 07:00:00+00:00,41800.593218869355
2022-09-15 08:00:00+00:00,42032.74828008718
2022-09-15 09:00:00+00:00,41987.446731882024
2022-09-15 10:00:00+00:00,41940.9636690989
2022-09-15 11:00:00+00:00,42092.29356245174
2022-09-15 12:00:00+00:00,42049.697462970464
2022-09-15 13:00:00+00:00,42024.346151168465
2022-09-15 14:00:00+00:00,41085.364350087955
2022-09-15 15:00:00+00:00,41313.54712313879
2022-09-15 16:00:00+00:00,41334.371301036284
2022-09-15 17:00:00+00:00,41334.156410909294
2022-09-15 18:00:00+00:00,41316.953836039655
2022-09-15 19:00:00+00:00,41311.89974443137
2022-09-15 20:00:00+00:00,41340.345782155855
2022-09-15 21:00:00+00:00,41284.05163416301
2022-09-15 22:00:00+00:00,41124.88920930855
2022-09-15 23:00:00+00:00,41085.87947323058
2022-09-16 00:00:00+00:00,41259.97532594539
2022-09-16 01:00:00+00:00,41063.22316363071
2022-09-16 02:00:00+00:00,40983.50020954996
2022-09-16 03:00:00+00:00,41099.67767682148
2022-09-16 04:00:00+00:00,41035.286060063954
2022-09-16 05:00:00+00:00,41076.68067083665
2022-09-16 06:00:00+00:00,41079.23589372385
2022-09-16 07:00:00+00:00,41067.992913020156
2022-09-16 08:00:00+00:00,40722.8674750552
2022-09-16 09:00:00+00:00,40914.849887980425
2022-09-16 10:00:00+00:00,41033.92327452411
2022-09-16 11:00:00+00:00,41186.214558601445
2022-09-16 12:00:00+00:00,40786.066654465365
2022-09-16 13:00:00+00:00,40384.1090736515
2022-09-16 14:00:00+00:00,40404.25471069336
2022-09-16 15:00:00+00:00,40409.41662812479
2022-09-16 16:00:00+00:00,40628.65468934217
2022-09-16 17:00:00+00:00,40763.02156155127
2022-09-16 18:00:00+00:00,40829.14685605724
2022-09-16 19:00:00+00:00,40826.40564324814
2022-09-16 20:00:00+00:00,40841.17191165955
2022-09-16 21:00:00+00:00,40849.514500463876
2022-09-16 22:00:00+00:00,40836.82897253489
2022-09-16 23:00:00+00:00,40846.48618625247
2022-09-17 00:00:00+00:00,40915.78010279883
2022-09-17 01:00:00+00:00,40917.40244374746
2022-09-17 02:00:00+00:00,40909.00398404636
2022-09-17 03:00:00+00:00,40910.22197314297
2022-09-17 04:00:00+00:00,40910.646853060396
2022-09-17 05:00:00+00:00,40889.16524460927
2022-09-17 06:00:00+00:00,40886.11149545183
2022-09-17 07:00:00+00:00,40890.59958133473
2022-09-17 08:00:00+00:00,40899.15933276089
2022-09-17 09:00:00+00:00,40888.8876310495
2022-09-17 10:00:00+00:00,40872.133493536254
2022-09-17 11:00:00+00:00,40804.57408974331
2022-09-17 12:00:00+00:00,40911.23839417145
2022-09-17 13:00:00+00:00,40881.348335257775
2022-09-17 14:00:00+00:00,41143.0210269839
2022-09-17 15:00:00+00:00,41139.556209198105
2022-09-17 16:00:00+00:00,41163.54524770902
2022-09-17 17:00:00+00:00,41167.23574632087
2022-09-17 18:00:00+00:00,41163.32384249426
2022-09-17 19:00:00+00:00,41158.991303847586
2022-09-17 20:00:00+00:00,41155.598182965725
2022-09-17 21:00:00+00:00,41146.21809941383
2022-09-17 22:00:00+00:00,41264.50873945538
2022-09-17 23:00:00+00:00,41299.68110714775
2022-09-18 00:00:00+00:00,41248.6784273937
2022-09-18 01:00:00+00:00,41256.57146602975
2022-09-18 02:00:00+00:00,41285.51260769529
2022-09-18 03:00:00+00:00,41251.49736976372
2022-09-18 04:00:00+00:00,41265.498116868155
2022-09-18 05:00:00+00:00,41310.131371060124
2022-09-18 06:00:00+00:00,41275.646309400225
2022-09-18 07:00:00+00:00,41266.90758805316
2022-09-18 08:00:00+00:00,41285.700537186625
2022-09-18 09:00:00+00:00,40872.84070861579
2022-09-18 10:00:00+00:00,41007.40247445153
2022-09-18 11:00:00+00:00,41044.62540448142
2022-09-18 12:00:00+00:00,41114.87713158008
2022-09-18 13:00:00+00:00,41062.2757140261
2022-09-18 14:00:00+00:00,40808.70542541875
2022-09-18 15:00:00+00:00,40754.88071908446
2022-09-18 16:00:00+00:00,40350.426169527054
2022-09-18 17:00:00+00:00,40277.301570327894
2022-09-18 18:00:00+00:00,40278.13692526895
2022-09-18 19:00:00+00:00,40379.77831472164
2022-09-18 20:00:00+00:00,40235.46057264619
2022-09-18 21:00:00+00:00,39417.82697311292
2022-09-18 22:00:00+00:00,39426.44167562075
2022-09-18 23:00:00+00:00,39437.49057974915
2022-09-19 00:00:00+00:00,39457.163995587354
2022-09-19 01:00:00+00:00,39450.17575149658
2022-09-19 02:00:00+00:00,39698.46581440171
2022-09-19 03:00:00+00:00,39686.24749165124
2022-09-19 04:00:00+00:00,39742.333779100685
2022-09-19 05:00:00+00:00,39762.86419908593
2022-09-19 06:00:00+00:00,39769.35023359527
2022-09-19 07:00:00+00:00,39814.79224606037
2022-09-19 08:00:00+00:00,39827.36705007295
2022-09-19 09:00:00+00:00,39830.81996216318
2022-09-19 10:00:00+00:00,39847.2349560223
2022-09-19 11:00:00+00:00,39826.201221559764
2022-09-19 12:00:00+00:00,39911.87467225965
2022-09-19 13:00:00+00:00,39931.78473488703
2022-09-19 14:00:00+00:00,39951.7047296611
2022-09-19 15:00:00+00:00,39911.3680773249
2022-09-19 16:00:00+00:00,39958.52620503125
2022-09-19 17:00:00+00:00,40173.59130454071
2022-09-19 18:00:00+00:00,40193.631924667134
2022-09-19 19:00:00+00:00,40213.682542068935
2022-09-19 20:00:00+00:00,40203.857614303655
2022-09-19 21:00:00+00:00,40233.743161733255
2022-09-19 22:00:00+00:00,40243.32727082858
2022-09-19 23:00:00+00:00,40229.04766764356
2022-09-20 00:00:00+00:00,40216.87937167214
2022-09-20 01:00:00+00:00,40225.3117346194
2022-09-20 02:00:00+00:00,40227.068271535296
2022-09-20 03:00:00+00:00,40142.51056269244
2022-09-20 04:00:00+00:00,40173.62310259523
2022-09-20 05:00:00+00:00,40181.85393325734
2022-09-20 06:00:00+00:00,40221.52653704872
2022-09-20 07:00:00+00:00,40457.196141403365
2022-09-20 08:00:00+00:00,40453.62628632549
2022-09-20 09:00:00+00:00,40452.098830061426
2022-09-20 10:00:00+00:00,40489.46911952966
2022-09-20 11:00:00+00:00,40470.030737491565
2022-09-20 12:00:00+00:00,40438.78353836533
2022-09-20 13:00:00+00:00,40496.24858136581
2022-09-20 14:00:00+00:00,40681.89014987665
2022-09-20 15:00:00+00:00,40702.18433518705
2022-09-20 16:00:00+00:00,40836.79438425254
2022-09-20 17:00:00+00:00,41063.596632023895
2022-09-20 18:00:00+00:00,41076.53401419528
2022-09-20 19:00:00+00:00,41084.081231841934
2022-09-20 20:00:00+00:00,41064.2356161295
2022-09-20 21:00:00+00:00,40789.88651054188
2022-09-20 22:00:00+00:00,41039.483436271476
2022-09-20 23:00:00+00:00,40884.81392549485
2022-09-21 00:00:00+00:00,41099.16056130862
2022-09-21 01:00:00+00:00,41007.3786538148
2022-09-21 02:00:00+00:00,41208.50567332287
2022-09-21 03:00:00+00:00,41154.494098131036
2022-09-21 04:00:00+00:00,41175.26778089712
2022-09-21 05:00:00+00:00,41046.09324442433
2022-09-21 06:00:00+00:00,40959.59918345278
2022-09-21 07:00:00+00:00,41055.53582749983
2022-09-21 08:00:00+00:00,40996.236405785705
2022-09-21 09:00:00+00:00,41187.54313889527
2022-09-21 10:00:00+00:00,41335.33252619924
2022-09-21 11:00:00+00:00,41340.67425404379
2022-09-21 12:00:00+00:00,41348.68094993154
2022-09-21 13:00:00+00:00,41336.48684412548
2022-09-21 14:00:00+00:00,41327.9433008123
2022-09-21 15:00:00+00:00,41344.58218027614
2022-09-21 16:00:00+00:00,41334.710444291384
2022-09-21 17:00:00+00:00,41402.38621682592
2022-09-21 18:00:00+00:00,40469.210134594236
2022-09-21 19:00:00+00:00,40716.70116087656
2022-09-21 20:00:00+00:00,40698.395544534695
2022-09-21 21:00:00+00:00,39780.84575995195
2022-09-21 22:00:00+00:00,40001.783406323186
2022-09-21 23:00:00+00:00,40002.8192675692
2022-09-22 00:00:00+00:00,39998.16093095155
2022-09-22 01:00:00+00:00,40020.72976870256
2022-09-22 02:00:00+00:00,40021.738319976495
2022-09-22 03:00:00+00:00,40015.39366051338
2022-09-22 04:00:00+00:00,40017.17847396001
2022-09-22 05:00:00+00:00,40009.167900122644
2022-09-22 06:00:00+00:00,40051.53239359705
2022-09-22 07:00:00+00:00,40086.66111351998
2022-09-22 08:00:00+00:00,40106.65836846846
2022-09-22 09:00:00+00:00,40108.70778847994
2022-09-22 10:00:00+00:00,40114.28501569003
2022-09-22 11:00:00+00:00,40126.66559905956
2022-09-22 12:00:00+00:00,40122.51479785399
2022-09-22 13:00:00+00:00,40372.06178093141
2022-09-22 14:00:00+00:00,40361.38558667619
2022-09-22 15:00:00+00:00,40393.22890404471
2022-09-22 16:00:00+00:00,40505.58005042902
2022-09-22 17:00:00+00:00,40517.257618073825
2022-09-22 18:00:00+00:00,40525.78628334052
2022-09-22 19:00:00+00:00,40546.00259614344
2022-09-22 20:00:00+00:00,40544.75549447809
2022-09-22 21:00:00+00:00,40489.15376620738
2022-09-22 22:00:00+00:00,40568.31901258405
2022-09-22 23:00:00+00:00,40611.775845034244
2022-09-23 00:00:00+00:00,40601.70118728439
2022-09-23 01:00:00+00:00,40665.65742350982
2022-09-23 02:00:00+00:00,40625.03881311187
2022-09-23 03:00:00+00:00,40677.6557905164
2022-09-23 04:00:00+00:00,40697.94786351409
2022-09-23 05:00:00+00:00,40684.723532888085
2022-09-23 06:00:00+00:00,40684.51269565355
2022-09-23 07:00:00+00:00,40626.20772917531
2022-09-23 08:00:00+00:00,40439.68874146779
2022-09-23 09:00:00+00:00,40354.99037209191
2022-09-23 10:00:00+00:00,40014.32303685884
2022-09-23 11:00:00+00:00,39757.31657219252
2022-09-23 12:00:00+00:00,39777.149533418946
2022-09-23 13:00:00+00:00,39998.06665142847
2022-09-23 14:00:00+00:00,40062.95104506943
2022-09-23 15:00:00+00:00,40082.93647223603
2022-09-23 16:00:00+00:00,40114.26038024375
2022-09-23 17:00:00+00:00,40115.97908358162
2022-09-23 18:00:00+00:00,40147.95854070287
2022-09-23 19:00:00+00:00,40161.0233891938
2022-09-23 20:00:00+00:00,40167.986373909676
2022-09-23 21:00:00+00:00,40188.024198013096
2022-09-23 22:00:00+00:00,40191.813138088524
2022-09-23 23:00:00+00:00,40187.9829022003
2022-09-24 00:00:00+00:00,40172.6559336798
2022-09-24 01:00:00+00:00,40176.01917777229
2022-09-24 02:00:00+00:00,40204.90350939006
2022-09-24 03:00:00+00:00,40190.56026252507
2022-09-24 04:00:00+00:00,40222.56054087559
2022-09-24 05:00:00+00:00,40253.21673855364
2022-09-24 06:00:00+00:00,40237.279055596126
2022-09-24 07:00:00+00:00,40226.97669340638
2022-09-24 08:00:00+00:00,40260.64422151928
2022-09-24 09:00:00+00:00,40247.58141778587
2022-09-24 10:00:00+00:00,40244.62380184623
2022-09-24 11:00:00+00:00,40249.55316174563
2022-09-24 12:00:00+00:00,40274.19996124263
2022-09-24 13:00:00+00:00,40318.51503366727
2022-09-24 14:00:00+00:00,40316.01914132268
2022-09-24 15:00:00+00:00,40328.087651130925
2022-09-24 16:00:00+00:00,40318.48344265469
2022-09-24 17:00:00+00:00,40311.37828842482
2022-09-24 18:00:00+00:00,40347.24706701974
2022-09-24 19:00:00+00:00,40340.48492023545
2022-09-24 20:00:00+00:00,40338.96588726217
2022-09-24 21:00:00+00:00,40229.42421455882
2022-09-24 22:00:00+00:00,40136.91119837943
2022-09-24 23:00:00+00:00,40186.181168382485
2022-09-25 00:00:00+00:00,40269.044299751265
2022-09-25 01:00:00+00:00,40269.23092842552
2022-09-25 02:00:00+00:00,40261.39252410685
2022-09-25 03:00:00+00:00,40414.80129434365
2022-09-25 04:00:00+00:00,40382.327905023456
2022-09-25 05:00:00+00:00,40289.760082593464
2022-09-25 06:00:00+00:00,40357.506291347665
2022-09-25 07:00:00+00:00,40479.374815635536
2022-09-25 08:00:00+00:00,40436.63684923136
2022-09-25 09:00:00+00:00,40297.78511558638
2022-09-25 10:00:00+00:00,40338.84342392227
2022-09-25 11:00:00+00:00,40413.868150972376
2022-09-25 12:00:00+00:00,40306.37003460206
2022-09-25 13:00:00+00:00,39980.51636935456
2022-09-25 14:00:00+00:00,39978.46345393777
2022-09-25 15:00:00+00:00,40067.85858890544
2022-09-25 16:00:00+00:00,39932.55280007128
2022-09-25 17:00:00+00:00,39817.58953673081
2022-09-25 18:00:00+00:00,39801.352842070715
2022-09-25 19:00:00+00:00,39863.12693324879
2022-09-25 20:00:00+00:00,39723.71531358104
2022-09-25 21:00:00+00:00,39596.434557739805
2022-09-25 22:00:00+00:00,39391.81176508879
2022-09-25 23:00:00+00:00,39395.46638746271
2022-09-26 00:00:00+00:00,39411.46239402289
2022-09-26 01:00:00+00:00,39422.15859572826
2022-09-26 02:00:00+00:00,39431.12282568502
2022-09-26 03:00:00+00:00,39427.429881879914
2022-09-26 04:00:00+00:00,39404.950004841194
2022-09-26 05:00:00+00:00,39399.52060269606
2022-09-26 06:00:00+00:00,39298.48369920762
2022-09-26 07:00:00+00:00,39557.68863327343
2022-09-26 08:00:00+00:00,39650.11815633866
2022-09-26 09:00:00+00:00,39619.859569940825
2022-09-26 10:00:00+00:00,39629.55987664836
2022-09-26 11:00:00+00:00,39533.02746159979
2022-09-26 12:00:00+00:00,39870.32975859228
2022-09-26 13:00:00+00:00,39881.851585784505
2022-09-26 14:00:00+00:00,39890.21909651455
2022-09-26 15:00:00+00:00,39890.206646431536
2022-09-26 16:00:00+00:00,39922.4849329578
2022-09-26 17:00:00+00:00,39928.29832478842
2022-09-26 18:00:00+00:00,40007.58096165085
2022-09-26 19:00:00+00:00,40022.14381843109
2022-09-26 20:00:00+00:00,40018.84878114671
2022-09-26 21:00:00+00:00,39981.14637276686
2022-09-26 22:00:00+00:00,40031.46534228424
2022-09-26 23:00:00+00:00,40074.32237680978
2022-09-27 00:00:00+00:00,40087.0672697694
2022-09-27 01:00:00+00:00,40107.06472732916
2022-09-27 02:00:00+00:00,40118.77591629731
2022-09-27 03:00:00+00:00,40127.07216063263
2022-09-27 04:00:00+00:00,40117.471719668596
2022-09-27 05:00:00+00:00,40156.32143977771
2022-09-27 06:00:00+00:00,40143.136900335
2022-09-27 07:00:00+00:00,40135.10330999355
2022-09-27 08:00:00+00:00,40116.20074448428
2022-09-27 09:00:00+00:00,40144.932644058375
2022-09-27 10:00:00+00:00,40157.26656805318
2022-09-27 11:00:00+00:00,40192.16582549448
2022-09-27 12:00:00+00:00,40194.83977571537
2022-09-27 13:00:00+00:00,40188.970872147656
2022-09-27 14:00:00+00:00,40189.491267537895
2022-09-27 15:00:00+00:00,40072.19387323147
2022-09-27 16:00:00+00:00,39510.90626530204
2022-09-27 17:00:00+00:00,39268.36663768628
2022-09-27 18:00:00+00:00,39332.067320540824
2022-09-27 19:00:00+00:00,39362.591950898546
2022-09-27 20:00:00+00:00,39363.950229382506
2022-09-27 21:00:00+00:00,39350.22191470538
2022-09-27 22:00:00+00:00,39388.83583160642
2022-09-27 23:00:00+00:00,39395.871337894445
2022-09-28 00:00:00+00:00,39402.22916957593
2022-09-28 01:00:00+00:00,39526.161155514565
2022-09-28 02:00:00+00:00,39767.884929140106
2022-09-28 03:00:00+00:00,39781.59006500687
2022-09-28 04:00:00+00:00,39776.4573941076
2022-09-28 05:00:00+00:00,39780.39244179704
2022-09-28 06:00:00+00:00,39787.723162397735
2022-09-28 07:00:00+00:00,39852.20359383624
2022-09-28 08:00:00+00:00,39837.66772555454
2022-09-28 09:00:00+00:00,39789.74001999633
2022-09-28 10:00:00+00:00,39919.308910302294
2022-09-28 11:00:00+00:00,39905.80037218649
2022-09-28 12:00:00+00:00,39950.70401457418
2022-09-28 13:00:00+00:00,39984.06554406121
2022-09-28 14:00:00+00:00,40004.01161914831
2022-09-28 15:00:00+00:00,40011.054549616434
2022-09-28 16:00:00+00:00,40007.392081541555
2022-09-28 17:00:00+00:00,40009.33999823024
2022-09-28 18:00:00+00:00,40068.90565664604
2022-09-28 19:00:00+00:00,40133.90496448873
2022-09-28 20:00:00+00:00,40153.9257870606
2022-09-28 21:00:00+00:00,40153.49690538879
2022-09-28 22:00:00+00:00,40117.59085613379
2022-09-28 23:00:00+00:00,40113.51503432647
2022-09-29 00:00:00+00:00,40101.30513808961
2022-09-29 01:00:00+00:00,40203.3551829588
2022-09-29 02:00:00+00:00,40126.1469211639
2022-09-29 03:00:00+00:00,40178.7121341491
2022-09-29 04:00:00+00:00,40171.35896635911
2022-09-29 05:00:00+00:00,40082.82285148233
2022-09-29 06:00:00+00:00,40071.52945374171
2022-09-29 07:00:00+00:00,39971.99895620275
2022-09-29 08:00:00+00:00,40013.3948043018
2022-09-29 09:00:00+00:00,40249.20329615177
2022-09-29 10:00:00+00:00,40243.659209352794
2022-09-29 11:00:00+00:00,40241.071968846605
2022-09-29 12:00:00+00:00,39932.82074282329
2022-09-29 13:00:00+00:00,39585.760909207114
2022-09-29 14:00:00+00:00,39939.10404119547
2022-09-29 15:00:00+00:00,40060.70434498644
2022-09-29 16:00:00+00:00,40399.488679670874
2022-09-29 17:00:00+00:00,40369.590476726094
2022-09-29 18:00:00+00:00,40371.217119623194
2022-09-29 19:00:00+00:00,40403.01059443025
2022-09-29 20:00:00+00:00,40425.19208848167
2022-09-29 21:00:00+00:00,40399.905185263044
2022-09-29 22:00:00+00:00,40383.14583420197
2022-09-29 23:00:00+00:00,40414.791432382
2022-09-30 00:00:00+00:00,40465.0242554083
2022-09-30 01:00:00+00:00,40481.33967597838
2022-09-30 02:00:00+00:00,40434.04361228392
2022-09-30 03:00:00+00:00,40439.47426677911
2022-09-30 04:00:00+00:00,40444.411225411095
2022-09-30 05:00:00+00:00,40451.22422832324
2022-09-30 06:00:00+00:00,40466.57816966873
2022-09-30 07:00:00+00:00,40500.643184229455
2022-09-30 08:00:00+00:00,40530.66614218648
2022-09-30 09:00:00+00:00,40524.560305591964
2022-09-30 10:00:00+00:00,40498.1261100027
2022-09-30 11:00:00+00:00,40461.36310252153
2022-09-30 12:00:00+00:00,40459.1962971553
2022-09-30 13:00:00+00:00,40597.2762666758
2022-09-30 14:00:00+00:00,40755.76819349399
2022-09-30 15:00:00+00:00,40821.88172167154
2022-09-30 16:00:00+00:00,40821.57619734084
2022-09-30 17:00:00+00:00,40817.41474092947
2022-09-30 18:00:00+00:00,40829.09996526109
2022-09-30 19:00:00+00:00,40956.88763330145
2022-09-30 20:00:00+00:00,40952.11471967047
2022-09-30 21:00:00+00:00,40909.39127606953
2022-09-30 22:00:00+00:00,40913.60314035548
2022-09-30 23:00:00+00:00,40977.35531980325
2022-10-01 00:00:00+00:00,40963.438311127655
2022-10-01 01:00:00+00:00,41005.70099188517
2022-10-01 02:00:00+00:00,40992.090976048006
2022-10-01 03:00:00+00:00,40986.46277401008
2022-10-01 04:00:00+00:00,40979.50426967228
2022-10-01 05:00:00+00:00,40981.85788143359
2022-10-01 06:00:00+00:00,40966.30357761969
2022-10-01 07:00:00+00:00,40978.27629831855
2022-10-01 08:00:00+00:00,41007.03129418504
2022-10-01 09:00:00+00:00,40998.43549470894
2022-10-01 10:00:00+00:00,40986.66743590237
2022-10-01 11:00:00+00:00,40943.5861075757
2022-10-01 12:00:00+00:00,40919.33367333955
2022-10-01 13:00:00+00:00,40948.80498582905
2022-10-01 14:00:00+00:00,40916.98006157823
2022-10-01 15:00:00+00:00,40915.0357736015
2022-10-01 16:00:00+00:00,40787.42062260951
2022-10-01 17:00:00+00:00,40827.81414564709
2022-10-01 18:00:00+00:00,40868.380290577996
2022-10-01 19:00:00+00:00,40804.85543383513
2022-10-01 20:00:00+00:00,40762.73569186432
2022-10-01 21:00:00+00:00,40826.4331705005
2022-10-01 22:00:00+00:00,40819.18305098094
2022-10-01 23:00:00+00:00,40801.92086164864
2022-10-02 00:00:00+00:00,40780.51574687658
2022-10-02 01:00:00+00:00,40734.59832325267
2022-10-02 02:00:00+00:00,40783.96818474305
2022-10-02 03:00:00+00:00,40763.25355754429
2022-10-02 04:00:00+00:00,40820.736648020844
2022-10-02 05:00:00+00:00,40822.80811074072
2022-10-02 06:00:00+00:00,40814.17701607457
2022-10-02 07:00:00+00:00,40790.700438582644
2022-10-02 08:00:00+00:00,40770.8489208505
2022-10-02 09:00:00+00:00,40719.23497474692
2022-10-02 10:00:00+00:00,40395.23434757749
2022-10-02 11:00:00+00:00,40552.244215423634
2022-10-02 12:00:00+00:00,40505.23641256546
2022-10-02 13:00:00+00:00,40540.44468596125
2022-10-02 14:00:00+00:00,40402.46631724798
2022-10-02 15:00:00+00:00,40465.65089436909
2022-10-02 16:00:00+00:00,40529.78704644685
2022-10-02 17:00:00+00:00,40547.676655631745
2022-10-02 18:00:00+00:00,40519.31972192378
2022-10-02 19:00:00+00:00,40684.70344938837
2022-10-02 20:00:00+00:00,40647.0210811053
2022-10-02 21:00:00+00:00,40603.248633099705
2022-10-02 22:00:00+00:00,40402.46631724798
2022-10-02 23:00:00+00:00,40010.2715967331
2022-10-03 00:00:00+00:00,40060.56244897747
2022-10-03 01:00:00+00:00,40075.1757890929
2022-10-03 02:00:00+00:00,40054.93737069877
2022-10-03 03:00:00+00:00,40066.37193404177
2022-10-03 04:00:00+00:00,40047.28074678628
2022-10-03 05:00:00+00:00,40085.26163119429
2022-10-03 06:00:00+00:00,40065.86820878436
2022-10-03 07:00:00+00:00,40067.177894453605
2022-10-03 08:00:00+00:00,40064.357033012166
2022-10-03 09:00:00+00:00,40070.90546135837
2022-10-03 10:00:00+00:00,40095.68874402248
2022-10-03 11:00:00+00:00,40102.69052510035
2022-10-03 12:00:00+00:00,40117.44967514219
2022-10-03 13:00:00+00:00,40140.185268270754
2022-10-03 14:00:00+00:00,40160.20922377594
2022-10-03 15:00:00+00:00,40156.347166700856
2022-10-03 16:00:00+00:00,40158.91547717421
2022-10-03 17:00:00+00:00,40167.09151879946
2022-10-03 18:00:00+00:00,40154.569105603914
2022-10-03 19:00:00+00:00,40173.61986976201
2022-10-03 20:00:00+00:00,40201.86981172255
2022-10-03 21:00:00+00:00,40174.31494742009
2022-10-03 22:00:00+00:00,40161.902846382945
2022-10-03 23:00:00+00:00,40199.38739151512
2022-10-04 00:00:00+00:00,40225.35664319218
2022-10-04 01:00:00+00:00,40220.13747324913
2022-10-04 02:00:00+00:00,40223.01090215414
2022-10-04 03:00:00+00:00,40234.611041066986
2022-10-04 04:00:00+00:00,40233.50119815658
2022-10-04 05:00:00+00:00,40229.03141985989
2022-10-04 06:00:00+00:00,40245.42308648885
2022-10-04 07:00:00+00:00,40261.54616226588
2022-10-04 08:00:00+00:00,40265.4995399428
2022-10-04 09:00:00+00:00,40263.38181096933
2022-10-04 10:00:00+00:00,40265.157528909316
2022-10-04 11:00:00+00:00,40266.30652287048
2022-10-04 12:00:00+00:00,40272.34993266621
2022-10-04 13:00:00+00:00,40271.82766268387
2022-10-04 14:00:00+00:00,40285.5860085476
2022-10-04 15:00:00+00:00,40288.05527950447
2022-10-04 16:00:00+00:00,40278.38808974704
2022-10-04 17:00:00+00:00,40292.07469579397
2022-10-04 18:00:00+00:00,40307.30625487983
2022-10-04 19:00:00+00:00,40327.939421181436
2022-10-04 20:00:00+00:00,40350.936812710584
2022-10-04 21:00:00+00:00,40343.63359282057
2022-10-04 22:00:00+00:00,40345.60276513309
2022-10-04 23:00:00+00:00,40349.18577039345
2022-10-05 00:00:00+00:00,40338.36272557806
2022-10-05 01:00:00+00:00,40342.57411965272
2022-10-05 02:00:00+00:00,40350.55517824823
2022-10-05 03:00:00+00:00,40339.236586058236
2022-10-05 04:00:00+00:00,40323.17772876303
2022-10-05 05:00:00+00:00,40332.56151886926
2022-10-05 06:00:00+00:00,40350.65191835242
2022-10-05 07:00:00+00:00,40335.56046209909
2022-10-05 08:00:00+00:00,40292.31943485734
2022-10-05 09:00:00+00:00,40283.80056742034
2022-10-05 10:00:00+00:00,40305.09773601283
2022-10-05 11:00:00+00:00,40197.38739467828
2022-10-05 12:00:00+00:00,40154.9444007313
2022-10-05 13:00:00+00:00,40004.139336098895
2022-10-05 14:00:00+00:00,39997.32299770051
2022-10-05 15:00:00+00:00,40125.72807509711
2022-10-05 16:00:00+00:00,40597.704533899545
2022-10-05 17:00:00+00:00,40592.01203816966
2022-10-05 18:00:00+00:00,40605.356549388256
2022-10-05 19:00:00+00:00,40595.20931701056
2022-10-05 20:00:00+00:00,40586.78831499298
2022-10-05 21:00:00+00:00,40591.651781398854
2022-10-05 22:00:00+00:00,40602.45948452303
2022-10-05 23:00:00+00:00,40597.56599671958
2022-10-06 00:00:00+00:00,40617.956723164905
2022-10-06 01:00:00+00:00,40628.30599496202
2022-10-06 02:00:00+00:00,40620.32404348793
2022-10-06 03:00:00+00:00,40619.657646797146
2022-10-06 04:00:00+00:00,40619.99824955022
2022-10-06 05:00:00+00:00,40620.26480822653
2022-10-06 06:00:00+00:00,40606.53703639633
2022-10-06 07:00:00+00:00,40613.43794434981
2022-10-06 08:00:00+00:00,40591.79669635313
2022-10-06 09:00:00+00:00,40574.041280127145
2022-10-06 10:00:00+00:00,40584.34619472151
2022-10-06 11:00:00+00:00,40635.77400793192
2022-10-06 12:00:00+00:00,40630.355461290754
2022-10-06 13:00:00+00:00,40683.84669519492
2022-10-06 14:00:00+00:00,40734.46085093898
2022-10-06 15:00:00+00:00,40692.71507459001
2022-10-06 16:00:00+00:00,40702.008132029
2022-10-06 17:00:00+00:00,40710.7659872071
2022-10-06 18:00:00+00:00,40674.03165021005
2022-10-06 19:00:00+00:00,40680.6973510956
2022-10-06 20:00:00+00:00,40704.68414333342
2022-10-06 21:00:00+00:00,40644.498216359425
2022-10-06 22:00:00+00:00,40657.624757649464
2022-10-06 23:00:00+00:00,40669.780792562226
2022-10-07 00:00:00+00:00,40703.45898764841
2022-10-07 01:00:00+00:00,40696.78313240943
2022-10-07 02:00:00+00:00,40712.3269147569
2022-10-07 03:00:00+00:00,40700.9679968876
2022-10-07 04:00:00+00:00,40670.67754923612
2022-10-07 05:00:00+00:00,40694.19250201819
2022-10-07 06:00:00+00:00,40656.927280236436
2022-10-07 07:00:00+00:00,40709.537005104794
2022-10-07 08:00:00+00:00,40708.9391673222
2022-10-07 09:00:00+00:00,40719.30168888718
2022-10-07 10:00:00+00:00,40714.91754514814
2022-10-07 11:00:00+00:00,40696.683492779004
2022-10-07 12:00:00+00:00,40416.248542393565
2022-10-07 13:00:00+00:00,40444.97154357771
2022-10-07 14:00:00+00:00,40571.90867784311
2022-10-07 15:00:00+00:00,40468.5058735802
2022-10-07 16:00:00+00:00,40278.007517339574
2022-10-07 17:00:00+00:00,40271.89229773263
2022-10-07 18:00:00+00:00,40329.338300100906
2022-10-07 19:00:00+00:00,40345.83086207116
2022-10-07 20:00:00+00:00,40416.06323270851
2022-10-07 21:00:00+00:00,40457.01667310654
2022-10-07 22:00:00+00:00,40457.01667310654
2022-10-07 23:00:00+00:00,40412.727658377444
2022-10-08 00:00:00+00:00,40457.01667310654
2022-10-08 01:00:00+00:00,40490.92834547233
2022-10-08 02:00:00+00:00,40462.94658302843
2022-10-08 03:00:00+00:00,40411.801109952154
2022-10-08 04:00:00+00:00,40358.43192065517
2022-10-08 05:00:00+00:00,40400.12659979344
2022-10-08 06:00:00+00:00,40428.10836223735
2022-10-08 07:00:00+00:00,40401.053148218736
2022-10-08 08:00:00+00:00,40304.32149261795
2022-10-08 09:00:00+00:00,40341.568739314804
2022-10-08 10:00:00+00:00,40356.20820443446
2022-10-08 11:00:00+00:00,40388.63739931978
2022-10-08 12:00:00+00:00,40372.886076089766
2022-10-08 13:00:00+00:00,40313.586976870894
2022-10-08 14:00:00+00:00,40298.94751175124
2022-10-08 15:00:00+00:00,40286.902382222404
2022-10-08 16:00:00+00:00,40379.557224751894
2022-10-08 17:00:00+00:00,40345.6455523861
2022-10-08 18:00:00+00:00,40298.57689238112
2022-10-08 19:00:00+00:00,40291.16450497876
2022-10-08 20:00:00+00:00,40305.062731358186
2022-10-08 21:00:00+00:00,39972.431846677326
2022-10-08 22:00:00+00:00,40055.6358952688
2022-10-08 23:00:00+00:00,40123.27393031533
2022-10-09 00:00:00+00:00,40067.86633448269
2022-10-09 01:00:00+00:00,40051.00315314233
2022-10-09 02:00:00+00:00,39993.18653140393
2022-10-09 03:00:00+00:00,40034.51059117208
2022-10-09 04:00:00+00:00,40081.20863180694
2022-10-09 05:00:00+00:00,40107.337297400256
2022-10-09 06:00:00+00:00,40152.18224118453
2022-10-09 07:00:00+00:00,40112.1553492118
2022-10-09 08:00:00+00:00,40120.494285039444
2022-10-09 09:00:00+00:00,40155.14719614547
2022-10-09 10:00:00+00:00,40250.7669936359
2022-10-09 11:00:00+00:00,40264.29460064521
2022-10-09 12:00:00+00:00,40325.26148702962
2022-10-09 13:00:00+00:00,40217.56153647987
2022-10-09 14:00:00+00:00,40219.24351279559
2022-10-09 15:00:00+00:00,40222.58683776003
2022-10-09 16:00:00+00:00,40220.93037220946
2022-10-09 17:00:00+00:00,40219.517057565405
2022-10-09 18:00:00+00:00,40221.279901637565
2022-10-09 19:00:00+00:00,40231.10556557395
2022-10-09 20:00:00+00:00,40236.46753262796
2022-10-09 21:00:00+00:00,40239.19816399806
2022-10-09 22:00:00+00:00,40215.36719931356
2022-10-09 23:00:00+00:00,40247.53900163763
2022-10-10 00:00:00+00:00,40282.80199214373
2022-10-10 01:00:00+00:00,40277.36181360364
2022-10-10 02:00:00+00:00,40263.61653110979
2022-10-10 03:00:00+00:00,40257.35450937643
2022-10-10 04:00:00+00:00,40264.5533690069
2022-10-10 05:00:00+00:00,40231.517506319135
2022-10-10 06:00:00+00:00,40209.03784720926
2022-10-10 07:00:00+00:00,40225.29496601301
2022-10-10 08:00:00+00:00,40131.78151620708
2022-10-10 09:00:00+00:00,40245.96079424936
2022-10-10 10:00:00+00:00,40192.063667936636
2022-10-10 11:00:00+00:00,40285.9611005372
2022-10-10 12:00:00+00:00,40348.49679064917
2022-10-10 13:00:00+00:00,40199.575462544686
2022-10-10 14:00:00+00:00,40134.22284945469
2022-10-10 15:00:00+00:00,40159.57515625684
2022-10-10 16:00:00+00:00,40019.2923919516
2022-10-10 17:00:00+00:00,40238.44899964132
2022-10-10 18:00:00+00:00,40158.63618193084
2022-10-10 19:00:00+00:00,40146.80510542316
2022-10-10 20:00:00+00:00,40141.73464406273
2022-10-10 21:00:00+00:00,40130.842541881066
2022-10-10 22:00:00+00:00,39858.16439760903
2022-10-10 23:00:00+00:00,39817.03732212998
2022-10-11 00:00:00+00:00,39589.24215064102
2022-10-11 01:00:00+00:00,39555.06348517441
2022-10-11 02:00:00+00:00,39628.491277468056
2022-10-11 03:00:00+00:00,39598.06850930546
2022-10-11 04:00:00+00:00,39580.60358684177
2022-10-11 05:00:00+00:00,39535.5328191935
2022-10-11 06:00:00+00:00,39589.05435577582
2022-10-11 07:00:00+00:00,39707.365120852526
2022-10-11 08:00:00+00:00,39720.88635114701
2022-10-11 09:00:00+00:00,39640.69794370612
2022-10-11 10:00:00+00:00,39689.33681379322
2022-10-11 11:00:00+00:00,39754.87722174841
2022-10-11 12:00:00+00:00,39740.22922226273
2022-10-11 13:00:00+00:00,39528.021024585454
2022-10-11 14:00:00+00:00,39673.18645538592
2022-10-11 15:00:00+00:00,39883.32890954598
2022-10-11 16:00:00+00:00,39920.70008772101
2022-10-11 17:00:00+00:00,39834.50224459369
2022-10-11 18:00:00+00:00,39607.08266283512
2022-10-11 19:00:00+00:00,39675.81558349874
2022-10-11 20:00:00+00:00,39660.41640455225
2022-10-11 21:00:00+00:00,39562.95086951286
2022-10-11 22:00:00+00:00,39645.58061020136
2022-10-11 23:00:00+00:00,39630.74481585046
2022-10-12 00:00:00+00:00,39751.12132444439
2022-10-12 01:00:00+00:00,39696.47301867086
2022-10-12 02:00:00+00:00,39707.74071058293
2022-10-12 03:00:00+00:00,39698.35096732287
2022-10-12 04:00:00+00:00,39852.342756787795
2022-10-12 05:00:00+00:00,39854.032910574606
2022-10-12 06:00:00+00:00,39946.80357398397
2022-10-12 07:00:00+00:00,39889.33834523242
2022-10-12 08:00:00+00:00,39962.20275293046
2022-10-12 09:00:00+00:00,40060.41946743065
2022-10-12 10:00:00+00:00,40004.08100787031
2022-10-12 11:00:00+00:00,39960.70039400885
2022-10-12 12:00:00+00:00,39902.8595755269
2022-10-12 13:00:00+00:00,39980.98223945057
2022-10-12 14:00:00+00:00,39936.8504461283
2022-10-12 15:00:00+00:00,39989.996392980225
2022-10-12 16:00:00+00:00,39903.98634471811
2022-10-12 17:00:00+00:00,39857.22542328303
2022-10-12 18:00:00+00:00,39929.90203611586
2022-10-12 19:00:00+00:00,39948.86931750117
2022-10-12 20:00:00+00:00,39989.05741865422
2022-10-12 21:00:00+00:00,40001.6396746227
2022-10-12 22:00:00+00:00,39901.169421740095
2022-10-12 23:00:00+00:00,39899.854857683684
2022-10-13 00:00:00+00:00,39913.06735321977
2022-10-13 01:00:00+00:00,39905.351105997266
2022-10-13 02:00:00+00:00,39888.67946380779
2022-10-13 03:00:00+00:00,39886.61965691356
2022-10-13 04:00:00+00:00,39876.97373194546
2022-10-13 05:00:00+00:00,39891.59333697524
2022-10-13 06:00:00+00:00,39874.56225070343
2022-10-13 07:00:00+00:00,39825.385818564566
2022-10-13 08:00:00+00:00,39833.41080130836
2022-10-13 09:00:00+00:00,39785.15802045143
2022-10-13 10:00:00+00:00,38995.68312058282
2022-10-13 11:00:00+00:00,38993.968404214276
2022-10-13 12:00:00+00:00,39234.16273518354
2022-10-13 13:00:00+00:00,39297.80793286943
2022-10-13 14:00:00+00:00,39294.99207480822
2022-10-13 15:00:00+00:00,39317.41166793543
2022-10-13 16:00:00+00:00,39328.57078707885
2022-10-13 17:00:00+00:00,39337.02518233642
2022-10-13 18:00:00+00:00,39351.37727788044
2022-10-13 19:00:00+00:00,39356.64848095084
2022-10-13 20:00:00+00:00,39364.776966396195
2022-10-13 21:00:00+00:00,39366.59460909885
2022-10-13 22:00:00+00:00,39362.913500768256
2022-10-13 23:00:00+00:00,39354.7417457605
2022-10-14 00:00:00+00:00,39359.56842722302
2022-10-14 01:00:00+00:00,39376.28156865955
2022-10-14 02:00:00+00:00,39379.71471191233
2022-10-14 03:00:00+00:00,39375.49674522905
2022-10-14 04:00:00+00:00,39371.55997632466
2022-10-14 05:00:00+00:00,39370.46478497532
2022-10-14 06:00:00+00:00,39369.57679198936
2022-10-14 07:00:00+00:00,39364.69520053528
2022-10-14 08:00:00+00:00,39363.92158934533
2022-10-14 09:00:00+00:00,39392.64190477223
2022-10-14 10:00:00+00:00,39406.518555491966
2022-10-14 11:00:00+00:00,39384.66403937587
2022-10-14 12:00:00+00:00,39440.15730984683
2022-10-14 13:00:00+00:00,39425.4903865661
2022-10-14 14:00:00+00:00,39412.71769981252
2022-10-14 15:00:00+00:00,39242.31931758083
2022-10-14 16:00:00+00:00,39152.955684268854
2022-10-14 17:00:00+00:00,39226.01374264139
2022-10-14 18:00:00+00:00,39072.20730396235
2022-10-14 19:00:00+00:00,39044.74186848395
2022-10-14 20:00:00+00:00,39085.20761008879
2022-10-14 21:00:00+00:00,38924.443261088556
2022-10-14 22:00:00+00:00,38990.909614946286
2022-10-14 23:00:00+00:00,38999.88165720256
2022-10-15 00:00:00+00:00,38994.38857010688
2022-10-15 01:00:00+00:00,39034.48810590535
2022-10-15 02:00:00+00:00,39049.86874977325
2022-10-15 03:00:00+00:00,39072.93971557511
2022-10-15 04:00:00+00:00,39041.07981042016
2022-10-15 05:00:00+00:00,38982.12067559319
2022-10-15 06:00:00+00:00,38950.260770438246
2022-10-15 07:00:00+00:00,38976.44448559432
2022-10-15 08:00:00+00:00,38710.5790701634
2022-10-15 09:00:00+00:00,38706.00149758367
2022-10-15 10:00:00+00:00,38791.3274504699
2022-10-15 11:00:00+00:00,38837.83558787999
2022-10-15 12:00:00+00:00,38799.75018401661
2022-10-15 13:00:00+00:00,38866.033434971156
2022-10-15 14:00:00+00:00,38857.79380432763
2022-10-15 15:00:00+00:00,38813.29979885262
2022-10-15 16:00:00+00:00,38800.299492726175
2022-10-15 17:00:00+00:00,38754.706869832036
2022-10-15 18:00:00+00:00,38760.01685402452
2022-10-15 19:00:00+00:00,38747.19965080127
2022-10-15 20:00:00+00:00,38718.63559790373
2022-10-15 21:00:00+00:00,38528.596701810704
2022-10-15 22:00:00+00:00,38519.805397612465
2022-10-15 23:00:00+00:00,38548.31213016886
2022-10-16 00:00:00+00:00,38581.04120668942
2022-10-16 01:00:00+00:00,38591.09733856948
2022-10-16 02:00:00+00:00,38588.02565642537
2022-10-16 03:00:00+00:00,38590.58041480854
2022-10-16 04:00:00+00:00,38592.00807390501
2022-10-16 05:00:00+00:00,38592.11326983844
2022-10-16 06:00:00+00:00,38591.49712222838
2022-10-16 07:00:00+00:00,38589.99432317946
2022-10-16 08:00:00+00:00,38598.45508182489
2022-10-16 09:00:00+00:00,38594.00679664008
2022-10-16 10:00:00+00:00,38587.64995666314
2022-10-16 11:00:00+00:00,38591.181534428106
2022-10-16 12:00:00+00:00,38588.130852358794
2022-10-16 13:00:00+00:00,38592.11326983844
2022-10-16 14:00:00+00:00,38589.813987293586
2022-10-16 15:00:00+00:00,38594.668028221604
2022-10-16 16:00:00+00:00,38591.96298993355
2022-10-16 17:00:00+00:00,38591.64740213327
2022-10-16 18:00:00+00:00,38589.72381935065
2022-10-16 19:00:00+00:00,38610.34853063148
2022-10-16 20:00:00+00:00,38611.97120484387
2022-10-16 21:00:00+00:00,38561.73845374592
2022-10-16 22:00:00+00:00,38738.04047137215
2022-10-16 23:00:00+00:00,38732.59841209496
2022-10-17 00:00:00+00:00,38737.116473721755
2022-10-17 01:00:00+00:00,38706.09669724076
2022-10-17 02:00:00+00:00,38720.1570632158
2022-10-17 03:00:00+00:00,38728.4676575378
2022-10-17 04:00:00+00:00,38745.13716359067
2022-10-17 05:00:00+00:00,38762.289843732025
2022-10-17 06:00:00+00:00,38754.89728017815
2022-10-17 07:00:00+00:00,38779.82906314418
2022-10-17 08:00:00+00:00,38764.17422267713
2022-10-17 09:00:00+00:00,38800.8808653524
2022-10-17 10:00:00+00:00,38801.11719400264
2022-10-17 11:00:00+00:00,38798.11732893862
2022-10-17 12:00:00+00:00,38801.23483576985
2022-10-17 13:00:00+00:00,38820.23670805262
2022-10-17 14:00:00+00:00,38810.416550683156
2022-10-17 15:00:00+00:00,38815.04791534088
2022-10-17 16:00:00+00:00,38794.079841314786
2022-10-17 17:00:00+00:00,38792.93791633256
2022-10-17 18:00:00+00:00,38792.70001529459
2022-10-17 19:00:00+00:00,38815.30061390122
2022-10-17 20:00:00+00:00,38835.474621920606
2022-10-17 21:00:00+00:00,38839.518939566005
2022-10-17 22:00:00+00:00,38841.80278953046
2022-10-17 23:00:00+00:00,38843.18261555066
2022-10-18 00:00:00+00:00,38883.21043980199
2022-10-18 01:00:00+00:00,38873.804981868285
2022-10-18 02:00:00+00:00,38857.48963299917
2022-10-18 03:00:00+00:00,38884.141769168404
2022-10-18 04:00:00+00:00,38892.3934981603
2022-10-18 05:00:00+00:00,38877.976684289395
2022-10-18 06:00:00+00:00,38896.519362656254
2022-10-18 07:00:00+00:00,38900.40810850301
2022-10-18 08:00:00+00:00,38834.20458164846
2022-10-18 09:00:00+00:00,38858.286155012
2022-10-18 10:00:00+00:00,38863.044968038856
2022-10-18 11:00:00+00:00,38871.00869596135
2022-10-18 12:00:00+00:00,38921.80174112553
2022-10-18 13:00:00+00:00,38832.74395448012
2022-10-18 14:00:00+00:00,38671.67664607174
2022-10-18 15:00:00+00:00,38667.44304501838
2022-10-18 16:00:00+00:00,38709.3471487858
2022-10-18 17:00:00+00:00,38695.258700105376
2022-10-18 18:00:00+00:00,38411.86413626453
2022-10-18 19:00:00+00:00,38545.343156454706
2022-10-18 20:00:00+00:00,38785.93051084349
2022-10-18 21:00:00+00:00,38717.83634222144
2022-10-18 22:00:00+00:00,38757.57299234571
2022-10-18 23:00:00+00:00,38723.435597466225
2022-10-19 00:00:00+00:00,38546.065641002424
2022-10-19 01:00:00+00:00,38644.50416062846
2022-10-19 02:00:00+00:00,38640.711116752966
2022-10-19 03:00:00+00:00,38623.1908664709
2022-10-19 04:00:00+00:00,38590.679061823765
2022-10-19 05:00:00+00:00,38554.735455574984
2022-10-19 06:00:00+00:00,38430.468113368166
2022-10-19 07:00:00+00:00,38525.836073666425
2022-10-19 08:00:00+00:00,38520.41743955857
2022-10-19 09:00:00+00:00,38648.29720450396
2022-10-19 10:00:00+00:00,38543.717566222345
2022-10-19 11:00:00+00:00,38534.50588823899
2022-10-19 12:00:00+00:00,38522.404272064785
2022-10-19 13:00:00+00:00,38411.14165171682
2022-10-19 14:00:00+00:00,38467.67606757544
2022-10-19 15:00:00+00:00,38615.96602099376
2022-10-19 16:00:00+00:00,38495.13048038858
2022-10-19 17:00:00+00:00,38451.23954411495
2022-10-19 18:00:00+00:00,38463.52178142608
2022-10-19 19:00:00+00:00,38474.720291915655
2022-10-19 20:00:00+00:00,38430.468113368166
2022-10-19 21:00:00+00:00,38427.57817517731
2022-10-19 22:00:00+00:00,38283.80375018221
2022-10-19 23:00:00+00:00,38260.684244655364
2022-10-20 00:00:00+00:00,37984.52226590738
2022-10-20 01:00:00+00:00,37986.99171352108
2022-10-20 02:00:00+00:00,37990.63227496024
2022-10-20 03:00:00+00:00,37987.27404277554
2022-10-20 04:00:00+00:00,38003.5005451901
2022-10-20 05:00:00+00:00,38003.470867630436
2022-10-20 06:00:00+00:00,38000.013733021704
2022-10-20 07:00:00+00:00,38001.658823958685
2022-10-20 08:00:00+00:00,37999.80809665458
2022-10-20 09:00:00+00:00,38007.343200678406
2022-10-20 10:00:00+00:00,38011.353109837284
2022-10-20 11:00:00+00:00,38012.24909686546
2022-10-20 12:00:00+00:00,38001.49725252737
2022-10-20 13:00:00+00:00,38009.69333058837
2022-10-20 14:00:00+00:00,38022.42892187484
2022-10-20 15:00:00+00:00,38011.35261228006
2022-10-20 16:00:00+00:00,37973.94437197184
2022-10-20 17:00:00+00:00,37917.71479877062
2022-10-20 18:00:00+00:00,38008.29945464283
2022-10-20 19:00:00+00:00,37937.07722517672
2022-10-20 20:00:00+00:00,37904.09181475578
2022-10-20 21:00:00+00:00,37941.343994683906
2022-10-20 22:00:00+00:00,37910.82018205558
2022-10-20 23:00:00+00:00,37904.4200277948
2022-10-21 00:00:00+00:00,37941.67220772292
2022-10-21 01:00:00+00:00,37970.06263559766
2022-10-21 02:00:00+00:00,38022.90493487897
2022-10-21 03:00:00+00:00,37985.98096798986
2022-10-21 04:00:00+00:00,37998.124850433385
2022-10-21 05:00:00+00:00,37993.8580809262
2022-10-21 06:00:00+00:00,37951.51859889335
2022-10-21 07:00:00+00:00,37937.56954473524
2022-10-21 08:00:00+00:00,37831.392626614106
2022-10-21 09:00:00+00:00,37868.64480654224
2022-10-21 10:00:00+00:00,37886.69652368802
2022-10-21 11:00:00+00:00,37788.724931542245
2022-10-21 12:00:00+00:00,37686.37682406395
2022-10-21 13:00:00+00:00,37980.744766006785
2022-10-21 14:00:00+00:00,37868.57013539551
2022-10-21 15:00:00+00:00,38190.800808167594
2022-10-21 16:00:00+00:00,38254.95656262504
2022-10-21 17:00:00+00:00,38255.504256587024
2022-10-21 18:00:00+00:00,38251.70309501907
2022-10-21 19:00:00+00:00,38262.38465368872
2022-10-21 20:00:00+00:00,38261.456463073286
2022-10-21 21:00:00+00:00,38256.07885077753
2022-10-21 22:00:00+00:00,38259.58534865805
2022-10-21 23:00:00+00:00,38257.154373236684
2022-10-22 00:00:00+00:00,38260.30727469228
2022-10-22 01:00:00+00:00,38256.019918040045
2022-10-22 02:00:00+00:00,38251.732561387806
2022-10-22 03:00:00+00:00,38255.76945390572
2022-10-22 04:00:00+00:00,38253.456343959326
2022-10-22 05:00:00+00:00,38252.410287868915
2022-10-22 06:00:00+00:00,38254.25193591541
2022-10-22 07:00:00+00:00,38257.06597413045
2022-10-22 08:00:00+00:00,38258.436160277044
2022-10-22 09:00:00+00:00,38257.11017368357
2022-10-22 10:00:00+00:00,38264.03477033838
2022-10-22 11:00:00+00:00,38265.87641838487
2022-10-22 12:00:00+00:00,38266.347880284775
2022-10-22 13:00:00+00:00,38274.040070659285
2022-10-22 14:00:00+00:00,38279.97609738926
2022-10-22 15:00:00+00:00,38281.01202813291
2022-10-22 16:00:00+00:00,38278.983938367186
2022-10-22 17:00:00+00:00,38273.61460718887
2022-10-22 18:00:00+00:00,38274.21282071689
2022-10-22 19:00:00+00:00,38277.81669245886
2022-10-22 20:00:00+00:00,38280.64726378655
2022-10-22 21:00:00+00:00,38281.98959658113
2022-10-22 22:00:00+00:00,38279.36329328739
2022-10-22 23:00:00+00:00,38276.97043917532
2022-10-23 00:00:00+00:00,38273.80428464898
2022-10-23 01:00:00+00:00,38269.29579732806
2022-10-23 02:00:00+00:00,38275.190389165116
2022-10-23 03:00:00+00:00,38276.401406795005
2022-10-23 04:00:00+00:00,38271.484383406176
2022-10-23 05:00:00+00:00,38269.83564856066
2022-10-23 06:00:00+00:00,38270.550586679514
2022-10-23 07:00:00+00:00,38271.07584733826
2022-10-23 08:00:00+00:00,38274.06691497835
2022-10-23 09:00:00+00:00,38271.52815512774
2022-10-23 10:00:00+00:00,38271.07584733826
2022-10-23 11:00:00+00:00,38267.394902973785
2022-10-23 12:00:00+00:00,38280.64629934011
2022-10-23 13:00:00+00:00,38287.08132994965
2022-10-23 14:00:00+00:00,38300.90472903683
2022-10-23 15:00:00+00:00,38312.48778413401
2022-10-23 16:00:00+00:00,38306.95842449914
2022-10-23 17:00:00+00:00,38336.12776864271
2022-10-23 18:00:00+00:00,38335.23420439748
2022-10-23 19:00:00+00:00,38337.3239242674
2022-10-23 20:00:00+00:00,38336.22862281834
2022-10-23 21:00:00+00:00,38345.68280374708
2022-10-23 22:00:00+00:00,38355.251768981776
2022-10-23 23:00:00+00:00,38351.510060385546
2022-10-24 00:00:00+00:00,38346.9361650122
2022-10-24 01:00:00+00:00,38329.795498109495
2022-10-24 02:00:00+00:00,38317.92379942219
2022-10-24 03:00:00+00:00,38295.42308511732
2022-10-24 04:00:00+00:00,38293.921188850625
2022-10-24 05:00:00+00:00,38246.23598238277
2022-10-24 06:00:00+00:00,38197.59206028507
2022-10-24 07:00:00+00:00,38171.93990526858
2022-10-24 08:00:00+00:00,38187.77456885901
2022-10-24 09:00:00+00:00,38314.29353094654
2022-10-24 10:00:00+00:00,38383.64935747262
2022-10-24 11:00:00+00:00,38434.953667505615
2022-10-24 12:00:00+00:00,38370.03154678485
2022-10-24 13:00:00+00:00,38354.671923102134
2022-10-24 14:00:00+00:00,38139.00434826259
2022-10-24 15:00:00+00:00,38266.44524688221
2022-10-24 16:00:00+00:00,38152.97047413871
2022-10-24 17:00:00+00:00,38144.241645466136
2022-10-24 18:00:00+00:00,38268.36558919019
2022-10-24 19:00:00+00:00,38324.57924584158
2022-10-24 20:00:00+00:00,38426.18281159038
2022-10-24 21:00:00+00:00,38393.18783920804
2022-10-24 22:00:00+00:00,38348.845389551345
2022-10-24 23:00:00+00:00,38301.18598499907
2022-10-25 00:00:00+00:00,38279.18933674418
2022-10-25 01:00:00+00:00,38241.48079687865
2022-10-25 02:00:00+00:00,38254.57403988751
2022-10-25 03:00:00+00:00,38371.19119095314
2022-10-25 04:00:00+00:00,38348.49623640444
2022-10-25 05:00:00+00:00,38410.9946497001
2022-10-25 06:00:00+00:00,38375.730181862884
2022-10-25 07:00:00+00:00,38363.50982172128
2022-10-25 08:00:00+00:00,38312.708038846875
2022-10-25 09:00:00+00:00,38311.13684968581
2022-10-25 10:00:00+00:00,38334.53011052832
2022-10-25 11:00:00+00:00,38368.747118924824
2022-10-25 12:00:00+00:00,38483.09477453558
2022-10-25 13:00:00+00:00,38589.81480077931
2022-10-25 14:00:00+00:00,38588.37355097115
2022-10-25 15:00:00+00:00,38609.06535304657
2022-10-25 16:00:00+00:00,38628.32550846338
2022-10-25 17:00:00+00:00,38647.59527182027
2022-10-25 18:00:00+00:00,38666.87464791017
2022-10-25 19:00:00+00:00,38729.59959752799
2022-10-25 20:00:00+00:00,38966.45196800957
2022-10-25 21:00:00+00:00,38975.398640000414
2022-10-25 22:00:00+00:00,39095.32161215757
2022-10-25 23:00:00+00:00,39095.616906436895
2022-10-26 00:00:00+00:00,39111.84948474785
2022-10-26 01:00:00+00:00,39114.824336800986
2022-10-26 02:00:00+00:00,39119.92950082715
2022-10-26 03:00:00+00:00,39134.3367903903
2022-10-26 04:00:00+00:00,39127.153610386915
2022-10-26 05:00:00+00:00,39146.00683565184
2022-10-26 06:00:00+00:00,39197.82005160175
2022-10-26 07:00:00+00:00,39217.373907653186
2022-10-26 08:00:00+00:00,39236.93751815744
2022-10-26 09:00:00+00:00,39227.46223227697
2022-10-26 10:00:00+00:00,39265.84552055566
2022-10-26 11:00:00+00:00,39300.58721706366
2022-10-26 12:00:00+00:00,39306.66237516299
2022-10-26 13:00:00+00:00,39364.34016776339
2022-10-26 14:00:00+00:00,39383.97709247468
2022-10-26 15:00:00+00:00,39377.229096189134
2022-10-26 16:00:00+00:00,39260.212956977724
2022-10-26 17:00:00+00:00,39482.50935625198
2022-10-26 18:00:00+00:00,39602.71058185439
2022-10-26 19:00:00+00:00,39614.08543643239
2022-10-26 20:00:00+00:00,39622.46641778978
2022-10-26 21:00:00+00:00,39617.51602045126
2022-10-26 22:00:00+00:00,39642.23210893577
2022-10-26 23:00:00+00:00,39637.320998448835
2022-10-27 00:00:00+00:00,39630.736356639914
2022-10-27 01:00:00+00:00,39636.51071498667
2022-10-27 02:00:00+00:00,39584.94608918399
2022-10-27 03:00:00+00:00,39732.254602232235
2022-10-27 04:00:00+00:00,39862.39991310719
2022-10-27 05:00:00+00:00,39861.949570908946
2022-10-27 06:00:00+00:00,39850.5381153
2022-10-27 07:00:00+00:00,39853.891425719165
2022-10-27 08:00:00+00:00,39853.353511034715
2022-10-27 09:00:00+00:00,39834.81723465867
2022-10-27 10:00:00+00:00,39794.60902758701
2022-10-27 11:00:00+00:00,39879.230584444886
2022-10-27 12:00:00+00:00,39994.23263156729
2022-10-27 13:00:00+00:00,40216.35540088604
2022-10-27 14:00:00+00:00,40236.41735390758
2022-10-27 15:00:00+00:00,40229.925323425654
2022-10-27 16:00:00+00:00,40236.24956134487
2022-10-27 17:00:00+00:00,40239.56102062495
2022-10-27 18:00:00+00:00,40244.85935547308
2022-10-27 19:00:00+00:00,40253.495121830936
2022-10-27 20:00:00+00:00,40459.88518569342
2022-10-27 21:00:00+00:00,40470.1896824334
2022-10-27 22:00:00+00:00,40440.880845676555
2022-10-27 23:00:00+00:00,40451.61277980264
2022-10-28 00:00:00+00:00,40497.73534625563
2022-10-28 01:00:00+00:00,40547.22193866871
2022-10-28 02:00:00+00:00,40684.59412876915
2022-10-28 03:00:00+00:00,40691.15478072545
2022-10-28 04:00:00+00:00,40691.80447256767
2022-10-28 05:00:00+00:00,40702.36196500379
2022-10-28 06:00:00+00:00,40704.88966296104
2022-10-28 07:00:00+00:00,40656.69210249055
2022-10-28 08:00:00+00:00,40736.98219237081
2022-10-28 09:00:00+00:00,40777.217248622466
2022-10-28 10:00:00+00:00,40721.68026941157
2022-10-28 11:00:00+00:00,40697.37721529983
2022-10-28 12:00:00+00:00,40930.959329056204
2022-10-28 13:00:00+00:00,40951.37776267608
2022-10-28 14:00:00+00:00,40941.57360237396
2022-10-28 15:00:00+00:00,40965.56741801386
2022-10-28 16:00:00+00:00,41017.80860639783
2022-10-28 17:00:00+00:00,40980.85468591935
2022-10-28 18:00:00+00:00,40999.39170506381
2022-10-28 19:00:00+00:00,41000.416793680095
2022-10-28 20:00:00+00:00,41010.539543765895
2022-10-28 21:00:00+00:00,40993.96727780264
2022-10-28 22:00:00+00:00,41005.798508915585
2022-10-28 23:00:00+00:00,40987.816746104945
2022-10-29 00:00:00+00:00,40983.3319834087
2022-10-29 01:00:00+00:00,40983.97266379388
2022-10-29 02:00:00+00:00,41062.98991129906
2022-10-29 03:00:00+00:00,41084.34721345353
2022-10-29 04:00:00+00:00,41072.87249123631
2022-10-29 05:00:00+00:00,41150.9937586556
2022-10-29 06:00:00+00:00,41152.486146994655
2022-10-29 07:00:00+00:00,41167.19303310648
2022-10-29 08:00:00+00:00,41171.5219565827
2022-10-29 09:00:00+00:00,41173.377334168086
2022-10-29 10:00:00+00:00,41192.06039501365
2022-10-29 11:00:00+00:00,41189.39614954418
2022-10-29 12:00:00+00:00,41233.36766213496
2022-10-29 13:00:00+00:00,41226.695264842674
2022-10-29 14:00:00+00:00,41258.88167127293
2022-10-29 15:00:00+00:00,41279.463689149976
2022-10-29 16:00:00+00:00,41277.955483237805
2022-10-29 17:00:00+00:00,41300.055974378985
2022-10-29 18:00:00+00:00,41301.31219773845
2022-10-29 19:00:00+00:00,41292.99645590726
2022-10-29 20:00:00+00:00,41296.50782860123
2022-10-29 21:00:00+00:00,41295.59512522951
2022-10-29 22:00:00+00:00,41272.788047162954
2022-10-29 23:00:00+00:00,41345.300834994334
2022-10-30 00:00:00+00:00,41244.63103481206
2022-10-30 01:00:00+00:00,41309.341277052226
2022-10-30 02:00:00+00:00,41320.87547488271
2022-10-30 03:00:00+00:00,41367.60593815183
2022-10-30 04:00:00+00:00,41336.39575578697
2022-10-30 05:00:00+00:00,41394.83003744291
2022-10-30 06:00:00+00:00,41436.643301371965
2022-10-30 07:00:00+00:00,41427.89739667907
2022-10-30 08:00:00+00:00,41394.96561387263
2022-10-30 09:00:00+00:00,41210.45109201769
2022-10-30 10:00:00+00:00,41193.58546354466
2022-10-30 11:00:00+00:00,41310.35850136218
2022-10-30 12:00:00+00:00,41243.02429219368
2022-10-30 13:00:00+00:00,41026.98382861943
2022-10-30 14:00:00+00:00,41233.41198856273
2022-10-30 15:00:00+00:00,41048.729695850096
2022-10-30 16:00:00+00:00,40973.0918967869
2022-10-30 17:00:00+00:00,41047.62664461376
2022-10-30 18:00:00+00:00,41087.02133162584
2022-10-30 19:00:00+00:00,41050.62064082667
2022-10-30 20:00:00+00:00,41164.23491816952
2022-10-30 21:00:00+00:00,41176.683639265335
2022-10-30 22:00:00+00:00,41048.25695960595
2022-10-30 23:00:00+00:00,41099.470052721656
2022-10-31 00:00:00+00:00,40983.80725165419
2022-10-31 01:00:00+00:00,40843.56216589117
2022-10-31 02:00:00+00:00,40834.26501975632
2022-10-31 03:00:00+00:00,40978.13441672444
2022-10-31 04:00:00+00:00,41083.71217791682
2022-10-31 05:00:00+00:00,41079.29997297147
2022-10-31 06:00:00+00:00,41042.89928217231
2022-10-31 07:00:00+00:00,41110.973301329184
2022-10-31 08:00:00+00:00,40976.24347174786
2022-10-31 09:00:00+00:00,41577.24881680418
2022-10-31 10:00:00+00:00,41690.05070275796
2022-10-31 11:00:00+00:00,41685.65677890477
2022-10-31 12:00:00+00:00,41691.94194292237
2022-10-31 13:00:00+00:00,41945.00782694871
2022-10-31 14:00:00+00:00,42013.05052568301
2022-10-31 15:00:00+00:00,42034.008761145575
2022-10-31 16:00:00+00:00,42102.19583614933
2022-10-31 17:00:00+00:00,42098.63835648338
2022-10-31 18:00:00+00:00,42110.09594104604
2022-10-31 19:00:00+00:00,42099.91590405786
2022-10-31 20:00:00+00:00,42101.39516967041
2022-10-31 21:00:00+00:00,42091.87407827327
2022-10-31 22:00:00+00:00,42135.963927545155
2022-10-31 23:00:00+00:00,42170.49352342478
2022-11-01 00:00:00+00:00,42164.929420299675
2022-11-01 01:00:00+00:00,42179.7562627143
2022-11-01 02:00:00+00:00,42191.53029942124
2022-11-01 03:00:00+00:00,42166.81115288197
2022-11-01 04:00:00+00:00,42178.958528713876
2022-11-01 05:00:00+00:00,42178.097012697435
2022-11-01 06:00:00+00:00,42205.407070418805
2022-11-01 07:00:00+00:00,42185.333747235585
2022-11-01 08:00:00+00:00,42171.03258136257
2022-11-01 09:00:00+00:00,42259.97290401309
2022-11-01 10:00:00+00:00,42269.923543636905
2022-11-01 11:00:00+00:00,42253.57818474097
2022-11-01 12:00:00+00:00,42282.62958489082
2022-11-01 13:00:00+00:00,42207.494338002914
2022-11-01 14:00:00+00:00,42139.3824664935
2022-11-01 15:00:00+00:00,42211.558515665136
2022-11-01 16:00:00+00:00,42186.80392028808
2022-11-01 17:00:00+00:00,42273.594128176286
2022-11-01 18:00:00+00:00,42354.27024925449
2022-11-01 19:00:00+00:00,42248.54128466216
2022-11-01 20:00:00+00:00,42234.22537408267
2022-11-01 21:00:00+00:00,42187.6986646993
2022-11-01 22:00:00+00:00,42274.63799665604
2022-11-01 23:00:00+00:00,42274.190624450435
2022-11-02 00:00:00+00:00,42409.29703054443
2022-11-02 01:00:00+00:00,42386.48104805836
2022-11-02 02:00:00+00:00,42447.174543952686
2022-11-02 03:00:00+00:00,42494.679300288975
2022-11-02 04:00:00+00:00,42491.7939897018
2022-11-02 05:00:00+00:00,42486.136367108906
2022-11-02 06:00:00+00:00,42487.88435899492
2022-11-02 07:00:00+00:00,42730.689225381066
2022-11-02 08:00:00+00:00,42741.170076859475
2022-11-02 09:00:00+00:00,42720.36844058055
2022-11-02 10:00:00+00:00,42698.36743727967
2022-11-02 11:00:00+00:00,42765.7170876724
2022-11-02 12:00:00+00:00,42744.3623204747
2022-11-02 13:00:00+00:00,42741.07697167505
2022-11-02 14:00:00+00:00,42804.684974823744
2022-11-02 15:00:00+00:00,42789.07956802543
2022-11-02 16:00:00+00:00,42872.0079351059
2022-11-02 17:00:00+00:00,42892.421729022164
2022-11-02 18:00:00+00:00,43134.19336465481
2022-11-02 19:00:00+00:00,43373.75506773209
2022-11-02 20:00:00+00:00,43614.64726536843
2022-11-02 21:00:00+00:00,43616.83439013304
2022-11-02 22:00:00+00:00,43612.79808651652
2022-11-02 23:00:00+00:00,43622.65819963688
2022-11-03 00:00:00+00:00,43636.40445832555
2022-11-03 01:00:00+00:00,43650.888477053944
2022-11-03 02:00:00+00:00,43658.17250487143
2022-11-03 03:00:00+00:00,43661.30158239178
2022-11-03 04:00:00+00:00,43669.76402840565
2022-11-03 05:00:00+00:00,43667.53186401468
2022-11-03 06:00:00+00:00,43661.44285861906
2022-11-03 07:00:00+00:00,43656.625339268925
2022-11-03 08:00:00+00:00,43656.25802107801
2022-11-03 09:00:00+00:00,43668.43603186925
2022-11-03 10:00:00+00:00,43656.87963647803
2022-11-03 11:00:00+00:00,43630.30775671833
2022-11-03 12:00:00+00:00,43645.57313868857
2022-11-03 13:00:00+00:00,43606.25311701764
2022-11-03 14:00:00+00:00,43802.55858239971
2022-11-03 15:00:00+00:00,43785.48113491672
2022-11-03 16:00:00+00:00,43805.47208473548
2022-11-03 17:00:00+00:00,43778.80213094501
2022-11-03 18:00:00+00:00,43798.240335607494
2022-11-03 19:00:00+00:00,43793.17350500827
2022-11-03 20:00:00+00:00,43777.46633015067
2022-11-03 21:00:00+00:00,43788.88973004711
2022-11-03 22:00:00+00:00,43726.7494095346
2022-11-03 23:00:00+00:00,43724.862806411744
2022-11-04 00:00:00+00:00,43796.553725080106
2022-11-04 01:00:00+00:00,43795.13877273797
2022-11-04 02:00:00+00:00,43821.739876770174
2022-11-04 03:00:00+00:00,43893.80811606311
2022-11-04 04:00:00+00:00,43913.42878854077
2022-11-04 05:00:00+00:00,43947.42217280102
2022-11-04 06:00:00+00:00,43969.34537072038
2022-11-04 07:00:00+00:00,43974.434576919244
2022-11-04 08:00:00+00:00,43963.19073785526
2022-11-04 09:00:00+00:00,43963.45448222836
2022-11-04 10:00:00+00:00,43984.49850694566
2022-11-04 11:00:00+00:00,43960.28954975109
2022-11-04 12:00:00+00:00,44114.76055750714
2022-11-04 13:00:00+00:00,44121.76746037997
2022-11-04 14:00:00+00:00,44136.767232280115
2022-11-04 15:00:00+00:00,44381.89710029695
2022-11-04 16:00:00+00:00,44394.50187470396
2022-11-04 17:00:00+00:00,44398.64686416937
2022-11-04 18:00:00+00:00,44453.8928921707
2022-11-04 19:00:00+00:00,44466.28793275861
2022-11-04 20:00:00+00:00,44462.57247871992
2022-11-04 21:00:00+00:00,44466.396413168506
2022-11-04 22:00:00+00:00,44468.14565977796
2022-11-04 23:00:00+00:00,44461.52835477474
2022-11-05 00:00:00+00:00,44476.068743312295
2022-11-05 01:00:00+00:00,44467.73595759843
2022-11-05 02:00:00+00:00,44461.6649801655
2022-11-05 03:00:00+00:00,44451.94866771107
2022-11-05 04:00:00+00:00,44438.468378359874
2022-11-05 05:00:00+00:00,44451.99243488428
2022-11-05 06:00:00+00:00,44482.191784404815
2022-11-05 07:00:00+00:00,44472.12533456464
2022-11-05 08:00:00+00:00,44436.936527297235
2022-11-05 09:00:00+00:00,44425.557062260516
2022-11-05 10:00:00+00:00,44429.67117654302
2022-11-05 11:00:00+00:00,44464.334777731805
2022-11-05 12:00:00+00:00,44427.65788657499
2022-11-05 13:00:00+00:00,44387.55693152747
2022-11-05 14:00:00+00:00,44349.287402347356
2022-11-05 15:00:00+00:00,44451.64802202898
2022-11-05 16:00:00+00:00,44472.51325912804
2022-11-05 17:00:00+00:00,44462.38303531907
2022-11-05 18:00:00+00:00,44362.2903761917
2022-11-05 19:00:00+00:00,44411.88311364454
2022-11-05 20:00:00+00:00,44384.96998173415
2022-11-05 21:00:00+00:00,44401.14810035444
2022-11-05 22:00:00+00:00,44397.972955578494
2022-11-05 23:00:00+00:00,44317.233559847344
2022-11-06 00:00:00+00:00,44353.06733660443
2022-11-06 01:00:00+00:00,44122.38446089824
2022-11-06 02:00:00+00:00,44160.55750938145
2022-11-06 03:00:00+00:00,44239.07063530106
2022-11-06 04:00:00+00:00,44215.733400420504
2022-11-06 05:00:00+00:00,44146.05508484853
2022-11-06 06:00:00+00:00,44166.89190170617
2022-11-06 07:00:00+00:00,44266.4085390183
2022-11-06 08:00:00+00:00,44409.43244992919
2022-11-06 09:00:00+00:00,44355.590115169034
2022-11-06 10:00:00+00:00,44365.591787260695
2022-11-06 11:00:00+00:00,44224.23482169842
2022-11-06 12:00:00+00:00,44191.06260926105
2022-11-06 13:00:00+00:00,44243.904776812036
2022-11-06 14:00:00+00:00,44325.41840435916
2022-11-06 15:00:00+00:00,44281.24435262094
2022-11-06 16:00:00+00:00,44253.23967076426
2022-11-06 17:00:00+00:00,44152.38947717325
2022-11-06 18:00:00+00:00,44061.5409556739
2022-11-06 19:00:00+00:00,44058.54045404641
2022-11-06 20:00:00+00:00,44082.044383461835
2022-11-06 21:00:00+00:00,43948.52206103803
2022-11-06 22:00:00+00:00,43915.34984860066
2022-11-06 23:00:00+00:00,43453.80593815858
2022-11-07 00:00:00+00:00,43458.59495904372
2022-11-07 01:00:00+00:00,43471.23122606005
2022-11-07 02:00:00+00:00,43475.48289532311
2022-11-07 03:00:00+00:00,43466.219071622734
2022-11-07 04:00:00+00:00,43478.24894978936
2022-11-07 05:00:00+00:00,43481.36703832436
2022-11-07 06:00:00+00:00,43425.018724084846
2022-11-07 07:00:00+00:00,43123.111025238264
2022-11-07 08:00:00+00:00,43429.675212034555
2022-11-07 09:00:00+00:00,43362.15305024987
2022-11-07 10:00:00+00:00,43607.13295381039
2022-11-07 11:00:00+00:00,43631.90239004296
2022-11-07 12:00:00+00:00,43708.41619648741
2022-11-07 13:00:00+00:00,43741.35889942839
2022-11-07 14:00:00+00:00,43736.57877398835
2022-11-07 15:00:00+00:00,43812.31561776067
2022-11-07 16:00:00+00:00,43776.20252807102
2022-11-07 17:00:00+00:00,43809.25511609566
2022-11-07 18:00:00+00:00,43823.85034857936
2022-11-07 19:00:00+00:00,43883.387441247505
2022-11-07 20:00:00+00:00,43882.71345111294
2022-11-07 21:00:00+00:00,43771.76409289369
2022-11-07 22:00:00+00:00,43554.80211073373
2022-11-07 23:00:00+00:00,43706.12412817815
2022-11-08 00:00:00+00:00,43594.67750722246
2022-11-08 01:00:00+00:00,43761.50662330139
2022-11-08 02:00:00+00:00,43207.681672069
2022-11-08 03:00:00+00:00,42874.74715416991
2022-11-08 04:00:00+00:00,43136.949335519384
2022-11-08 05:00:00+00:00,43376.5263449006
2022-11-08 06:00:00+00:00,43398.16475109367
2022-11-08 07:00:00+00:00,43405.99316461204
2022-11-08 08:00:00+00:00,43398.06748765807
2022-11-08 09:00:00+00:00,43402.636063876475
2022-11-08 10:00:00+00:00,43387.23718876332
2022-11-08 11:00:00+00:00,43384.38666682667
2022-11-08 12:00:00+00:00,43394.01901964952
2022-11-08 13:00:00+00:00,43289.713204734624
2022-11-08 14:00:00+00:00,43024.39461070183
2022-11-08 15:00:00+00:00,43357.65979413828
2022-11-08 16:00:00+00:00,43663.567913085106
2022-11-08 17:00:00+00:00,42679.42663610647
2022-11-08 18:00:00+00:00,41717.467102383016
2022-11-08 19:00:00+00:00,40920.659296707156
2022-11-08 20:00:00+00:00,41170.91117787333
2022-11-08 21:00:00+00:00,41237.698146121125
2022-11-08 22:00:00+00:00,41466.72696127376
2022-11-08 23:00:00+00:00,41487.41266289842
2022-11-09 00:00:00+00:00,41420.0817299797
2022-11-09 01:00:00+00:00,41417.17334754157
2022-11-09 02:00:00+00:00,41074.014671911405
2022-11-09 03:00:00+00:00,41409.759448076235
2022-11-09 04:00:00+00:00,41247.489245556986
2022-11-09 05:00:00+00:00,41224.69414567928
2022-11-09 06:00:00+00:00,41060.68533384732
2022-11-09 07:00:00+00:00,40528.53486695731
2022-11-09 08:00:00+00:00,40523.63580434574
2022-11-09 09:00:00+00:00,39597.00438522839
2022-11-09 10:00:00+00:00,38686.88472037798
2022-11-09 11:00:00+00:00,38814.82978120115
2022-11-09 12:00:00+00:00,38877.79474189734
2022-11-09 13:00:00+00:00,39115.553405539766
2022-11-09 14:00:00+00:00,39332.796104653724
2022-11-09 15:00:00+00:00,38428.74915049192
2022-11-09 16:00:00+00:00,38491.08781572642
2022-11-09 17:00:00+00:00,38618.38533806062
2022-11-09 18:00:00+00:00,38832.86683035303
2022-11-09 19:00:00+00:00,38852.23862927107
2022-11-09 20:00:00+00:00,39089.84100351421
2022-11-09 21:00:00+00:00,38191.37826509437
2022-11-09 22:00:00+00:00,38210.430057056736
2022-11-09 23:00:00+00:00,38444.107426050556
2022-11-10 00:00:00+00:00,38571.24957508815
2022-11-10 01:00:00+00:00,38698.812207969546
2022-11-10 02:00:00+00:00,38761.588966321935
2022-11-10 03:00:00+00:00,38780.92520823474
2022-11-10 04:00:00+00:00,38816.02251456665
2022-11-10 05:00:00+00:00,38843.83516933113
2022-11-10 06:00:00+00:00,38807.152618503795
2022-11-10 07:00:00+00:00,38906.847182227044
2022-11-10 08:00:00+00:00,38969.961412469725
2022-11-10 09:00:00+00:00,39186.3955125792
2022-11-10 10:00:00+00:00,39315.99255285618
2022-11-10 11:00:00+00:00,39335.605359330766
2022-11-10 12:00:00+00:00,39355.227949665634
2022-11-10 13:00:00+00:00,39485.383351686854
2022-11-10 14:00:00+00:00,39615.969202966226
2022-11-10 15:00:00+00:00,39746.98692708327
2022-11-10 16:00:00+00:00,39811.46402214624
2022-11-10 17:00:00+00:00,38896.415097219055
2022-11-10 18:00:00+00:00,38959.512404656045
2022-11-10 19:00:00+00:00,38978.94738079481
2022-11-10 20:00:00+00:00,38998.39205208309
2022-11-10 21:00:00+00:00,39127.36732830845
2022-11-10 22:00:00+00:00,39144.28028726822
2022-11-10 23:00:00+00:00,39366.65226279573
2022-11-11 00:00:00+00:00,39377.31196233867
2022-11-11 01:00:00+00:00,39607.400553593
2022-11-11 02:00:00+00:00,39738.389939518085
2022-11-11 03:00:00+00:00,39959.09179178132
2022-11-11 04:00:00+00:00,40023.91296086302
2022-11-11 05:00:00+00:00,40043.87891385789
2022-11-11 06:00:00+00:00,40108.837623612555
2022-11-11 07:00:00+00:00,40173.90170862275
2022-11-11 08:00:00+00:00,40239.07133982698
2022-11-11 09:00:00+00:00,40252.04249773246
2022-11-11 10:00:00+00:00,40308.7145983904
2022-11-11 11:00:00+00:00,40372.14978404014
2022-11-11 12:00:00+00:00,40392.2894551832
2022-11-11 13:00:00+00:00,40457.813352423276
2022-11-11 14:00:00+00:00,39527.9083734844
2022-11-11 15:00:00+00:00,39658.63486329128
2022-11-11 16:00:00+00:00,39878.89376622824
2022-11-11 17:00:00+00:00,39898.78737631086
2022-11-11 18:00:00+00:00,39963.510720278515
2022-11-11 19:00:00+00:00,40028.33905769409
2022-11-11 20:00:00+00:00,40273.133919783504
2022-11-11 21:00:00+00:00,40293.22419680327
2022-11-11 22:00:00+00:00,40313.324495869776
2022-11-11 23:00:00+00:00,40378.7202970809
2022-11-12 00:00:00+00:00,40353.39652264066
2022-11-12 01:00:00+00:00,40321.05748979116
2022-11-12 02:00:00+00:00,40355.908292182365
2022-11-12 03:00:00+00:00,40139.99298295821
2022-11-12 04:00:00+00:00,40103.595096616096
2022-11-12 05:00:00+00:00,39909.34327538919
2022-11-12 06:00:00+00:00,40178.531921438094
2022-11-12 07:00:00+00:00,40277.21496087902
2022-11-12 08:00:00+00:00,40185.344360058276
2022-11-12 09:00:00+00:00,40196.24426185057
2022-11-12 10:00:00+00:00,40147.389344888696
2022-11-12 11:00:00+00:00,40162.571350956525
2022-11-12 12:00:00+00:00,40322.76097908252
2022-11-12 13:00:00+00:00,40272.34893329318
2022-11-12 14:00:00+00:00,40473.99711645056
2022-11-12 15:00:00+00:00,40440.908128866824
2022-11-12 16:00:00+00:00,40381.153310112655
2022-11-12 17:00:00+00:00,40408.013782386515
2022-11-12 18:00:00+00:00,40329.37877659927
2022-11-12 19:00:00+00:00,40317.31102818638
2022-11-12 20:00:00+00:00,40269.6239578451
2022-11-12 21:00:00+00:00,40117.80389716676
2022-11-12 22:00:00+00:00,40166.07489081834
2022-11-12 23:00:00+00:00,40099.31299234055
2022-11-13 00:00:00+00:00,40156.53747675008
2022-11-13 01:00:00+00:00,40235.172482537324
2022-11-13 02:00:00+00:00,40312.445000600535
2022-11-13 03:00:00+00:00,40389.32823645687
2022-11-13 04:00:00+00:00,40280.13457743052
2022-11-13 05:00:00+00:00,40234.39391812359
2022-11-13 06:00:00+00:00,39928.807385732565
2022-11-13 07:00:00+00:00,39976.29981497041
2022-11-13 08:00:00+00:00,39445.46715266361
2022-11-13 09:00:00+00:00,39507.34566949299
2022-11-13 10:00:00+00:00,39575.920993300395
2022-11-13 11:00:00+00:00,39595.663465233454
2022-11-13 12:00:00+00:00,39587.847995719385
2022-11-13 13:00:00+00:00,39595.15057589449
2022-11-13 14:00:00+00:00,39591.30795182855
2022-11-13 15:00:00+00:00,39571.87050750633
2022-11-13 16:00:00+00:00,39581.871809929165
2022-11-13 17:00:00+00:00,39572.03035391588
2022-11-13 18:00:00+00:00,39545.468307452655
2022-11-13 19:00:00+00:00,39581.09771917441
2022-11-13 20:00:00+00:00,39475.59625751926
2022-11-13 21:00:00+00:00,39837.812282933344
2022-11-13 22:00:00+00:00,39853.5051847072
2022-11-13 23:00:00+00:00,39842.39089743933
2022-11-14 00:00:00+00:00,40059.06631396834
2022-11-14 01:00:00+00:00,40281.54916113161
2022-11-14 02:00:00+00:00,40414.76808777105
2022-11-14 03:00:00+00:00,40411.3438886068
2022-11-14 04:00:00+00:00,40426.96150877956
2022-11-14 05:00:00+00:00,40385.3300786674
2022-11-14 06:00:00+00:00,40548.427595341076
2022-11-14 07:00:00+00:00,40614.20477803709
2022-11-14 08:00:00+00:00,40634.46519845914
2022-11-14 09:00:00+00:00,40635.35664495338
2022-11-14 10:00:00+00:00,40652.384366480444
2022-11-14 11:00:00+00:00,40609.184406309934
2022-11-14 12:00:00+00:00,40768.85128715331
2022-11-14 13:00:00+00:00,40903.68181681025
2022-11-14 14:00:00+00:00,41038.958257282764
2022-11-14 15:00:00+00:00,41028.545680091884
2022-11-14 16:00:00+00:00,41266.883296926324
2022-11-14 17:00:00+00:00,41280.95784420341
2022-11-14 18:00:00+00:00,41287.46930641912
2022-11-14 19:00:00+00:00,41516.77454412647
2022-11-14 20:00:00+00:00,41514.187195634455
2022-11-14 21:00:00+00:00,41533.88032157951
2022-11-14 22:00:00+00:00,41521.09257745935
2022-11-14 23:00:00+00:00,41537.48521201787
2022-11-15 00:00:00+00:00,41532.00399390496
2022-11-15 01:00:00+00:00,41558.20621143837
2022-11-15 02:00:00+00:00,41557.79447035548
2022-11-15 03:00:00+00:00,41553.175387348056
2022-11-15 04:00:00+00:00,41555.8148633523
2022-11-15 05:00:00+00:00,41529.25055978279
2022-11-15 06:00:00+00:00,41575.70737955764
2022-11-15 07:00:00+00:00,41625.621445137906
2022-11-15 08:00:00+00:00,41636.659024340275
2022-11-15 09:00:00+00:00,41693.14603903724
2022-11-15 10:00:00+00:00,41702.3653406686
2022-11-15 11:00:00+00:00,41691.408433106044
2022-11-15 12:00:00+00:00,41702.894180852614
2022-11-15 13:00:00+00:00,41713.944689954704
2022-11-15 14:00:00+00:00,41714.46045895049
2022-11-15 15:00:00+00:00,41679.5513966178
2022-11-15 16:00:00+00:00,41717.62409272439
2022-11-15 17:00:00+00:00,41709.33319042038
2022-11-15 18:00:00+00:00,41375.057026508715
2022-11-15 19:00:00+00:00,41653.41798718322
2022-11-15 20:00:00+00:00,41579.36423306792
2022-11-15 21:00:00+00:00,41449.922328614324
2022-11-15 22:00:00+00:00,41421.92392294881
2022-11-15 23:00:00+00:00,41571.24875316487
2022-11-16 00:00:00+00:00,41552.17737539271
2022-11-16 01:00:00+00:00,41731.73236824762
2022-11-16 02:00:00+00:00,41713.06676447061
2022-11-16 03:00:00+00:00,41807.20633134595
2022-11-16 04:00:00+00:00,41663.35945006445
2022-11-16 05:00:00+00:00,41657.881501129894
2022-11-16 06:00:00+00:00,41478.73228227014
2022-11-16 07:00:00+00:00,41415.63442602395
2022-11-16 08:00:00+00:00,41258.80277689757
2022-11-16 09:00:00+00:00,41121.85405353366
2022-11-16 10:00:00+00:00,41121.85405353366
2022-11-16 11:00:00+00:00,40943.31349566663
2022-11-16 12:00:00+00:00,40942.09617368118
2022-11-16 13:00:00+00:00,40755.1680867687
2022-11-16 14:00:00+00:00,40746.097800721756
2022-11-16 15:00:00+00:00,40981.516992694174
2022-11-16 16:00:00+00:00,41001.96064703489
2022-11-16 17:00:00+00:00,41011.521855086714
2022-11-16 18:00:00+00:00,41004.75848117783
2022-11-16 19:00:00+00:00,41028.904514512964
2022-11-16 20:00:00+00:00,41050.05879899042
2022-11-16 21:00:00+00:00,41020.70861372065
2022-11-16 22:00:00+00:00,41068.47354571718
2022-11-16 23:00:00+00:00,41066.75752678732
2022-11-17 00:00:00+00:00,41078.98844888133
2022-11-17 01:00:00+00:00,41071.88607894812
2022-11-17 02:00:00+00:00,41047.88038276109
2022-11-17 03:00:00+00:00,41027.10222598195
2022-11-17 04:00:00+00:00,41041.686424837426
2022-11-17 05:00:00+00:00,41126.56349170991
2022-11-17 06:00:00+00:00,41016.62963115964
2022-11-17 07:00:00+00:00,41054.327690116304
2022-11-17 08:00:00+00:00,41038.75184539768
2022-11-17 09:00:00+00:00,40906.1080184482
2022-11-17 10:00:00+00:00,40910.9360085207
2022-11-17 11:00:00+00:00,41163.88070579745
2022-11-17 12:00:00+00:00,41161.991492290814
2022-11-17 13:00:00+00:00,40879.86894196721
2022-11-17 14:00:00+00:00,40928.14884269223
2022-11-17 15:00:00+00:00,41319.629390663846
2022-11-17 16:00:00+00:00,41340.24171257715
2022-11-17 17:00:00+00:00,41338.46455563235
2022-11-17 18:00:00+00:00,41340.544692525335
2022-11-17 19:00:00+00:00,41318.1046225422
2022-11-17 20:00:00+00:00,41310.807563555216
2022-11-17 21:00:00+00:00,41341.666881713914
2022-11-17 22:00:00+00:00,41340.21861046459
2022-11-17 23:00:00+00:00,41305.348695000066
2022-11-18 00:00:00+00:00,41393.35902476676
2022-11-18 01:00:00+00:00,41380.993016407134
2022-11-18 02:00:00+00:00,41407.30336682828
2022-11-18 03:00:00+00:00,41393.83381461543
2022-11-18 04:00:00+00:00,41392.77048165225
2022-11-18 05:00:00+00:00,41384.50700283191
2022-11-18 06:00:00+00:00,41387.75730450125
2022-11-18 07:00:00+00:00,41366.27225956835
2022-11-18 08:00:00+00:00,41367.0530868798
2022-11-18 09:00:00+00:00,41395.821684607705
2022-11-18 10:00:00+00:00,41434.74390506311
2022-11-18 11:00:00+00:00,41414.0982055172
2022-11-18 12:00:00+00:00,41422.78519385072
2022-11-18 13:00:00+00:00,41437.90280991166
2022-11-18 14:00:00+00:00,41382.96042915288
2022-11-18 15:00:00+00:00,41345.279207030835
2022-11-18 16:00:00+00:00,41303.76217187841
2022-11-18 17:00:00+00:00,41274.102615089374
2022-11-18 18:00:00+00:00,41301.888245517075
2022-11-18 19:00:00+00:00,41379.5357606849
2022-11-18 20:00:00+00:00,41386.19669948606
2022-11-18 21:00:00+00:00,41366.97513323128
2022-11-18 22:00:00+00:00,41385.62576187454
2022-11-18 23:00:00+00:00,41434.155458854424
2022-11-19 00:00:00+00:00,41388.290137395
2022-11-19 01:00:00+00:00,41389.432012618054
2022-11-19 02:00:00+00:00,41324.7257499782
2022-11-19 03:00:00+00:00,41357.26919383531
2022-11-19 04:00:00+00:00,41346.42137921627
2022-11-19 05:00:00+00:00,41289.13730552628
2022-11-19 06:00:00+00:00,41339.760440415106
2022-11-19 07:00:00+00:00,41324.34512490385
2022-11-19 08:00:00+00:00,41387.719199783474
2022-11-19 09:00:00+00:00,41367.16544576846
2022-11-19 10:00:00+00:00,41360.88513204165
2022-11-19 11:00:00+00:00,41412.45982961636
2022-11-19 12:00:00+00:00,41351.55981772002
2022-11-19 13:00:00+00:00,41346.231066679095
2022-11-19 14:00:00+00:00,41345.089191456034
2022-11-19 15:00:00+00:00,41377.06169770162
2022-11-19 16:00:00+00:00,41385.62576187454
2022-11-19 17:00:00+00:00,41347.372941902155
2022-11-19 18:00:00+00:00,41343.376378621455
2022-11-19 19:00:00+00:00,41358.41106905836
2022-11-19 20:00:00+00:00,41370.97169651198
2022-11-19 21:00:00+00:00,41417.02733050859
2022-11-19 22:00:00+00:00,41637.2741473303
2022-11-19 23:00:00+00:00,41624.09852815888
2022-11-20 00:00:00+00:00,41632.20223620843
2022-11-20 01:00:00+00:00,41625.712474206484
2022-11-20 02:00:00+00:00,41626.10321903906
2022-11-20 03:00:00+00:00,41633.019560085595
2022-11-20 04:00:00+00:00,41635.40615295255
2022-11-20 05:00:00+00:00,41632.68654712742
2022-11-20 06:00:00+00:00,41639.513312770105
2022-11-20 07:00:00+00:00,41640.789862443125
2022-11-20 08:00:00+00:00,41567.40898128296
2022-11-20 09:00:00+00:00,41565.476720863284
2022-11-20 10:00:00+00:00,41408.93910332215
2022-11-20 11:00:00+00:00,40674.93267793583
2022-11-20 12:00:00+00:00,40693.170206064904
2022-11-20 13:00:00+00:00,40740.91507569006
2022-11-20 14:00:00+00:00,40731.97688105007
2022-11-20 15:00:00+00:00,40739.84661223609
2022-11-20 16:00:00+00:00,40736.318205286756
2022-11-20 17:00:00+00:00,40732.374691637495
2022-11-20 18:00:00+00:00,40741.61081571077
2022-11-20 19:00:00+00:00,40754.254273945895
2022-11-20 20:00:00+00:00,40740.41738394849
2022-11-20 21:00:00+00:00,40990.06772409187
2022-11-20 22:00:00+00:00,41056.56133021432
2022-11-20 23:00:00+00:00,41077.01031083263
2022-11-21 00:00:00+00:00,41138.381522475676
2022-11-21 01:00:00+00:00,41030.934200213655
2022-11-21 02:00:00+00:00,40958.9688973245
2022-11-21 03:00:00+00:00,41011.43833787376
2022-11-21 04:00:00+00:00,41307.64432554443
2022-11-21 05:00:00+00:00,41318.905289085975
2022-11-21 06:00:00+00:00,41304.536965676314
2022-11-21 07:00:00+00:00,41300.876970007725
2022-11-21 08:00:00+00:00,41283.55784200828
2022-11-21 09:00:00+00:00,41537.06161268552
2022-11-21 10:00:00+00:00,41546.81396639492
2022-11-21 11:00:00+00:00,41542.815361282795
2022-11-21 12:00:00+00:00,41547.07313524478
2022-11-21 13:00:00+00:00,41557.78240079324
2022-11-21 14:00:00+00:00,41554.38788310431
2022-11-21 15:00:00+00:00,41546.872128356896
2022-11-21 16:00:00+00:00,41811.93063304643
2022-11-21 17:00:00+00:00,41770.27290679207
2022-11-21 18:00:00+00:00,41761.94076192475
2022-11-21 19:00:00+00:00,41579.362624371905
2022-11-21 20:00:00+00:00,42067.63311868433
2022-11-21 21:00:00+00:00,42301.2712847941
2022-11-21 22:00:00+00:00,42322.373299355284
2022-11-21 23:00:00+00:00,42319.036074145406
2022-11-22 00:00:00+00:00,42318.330121924126
2022-11-22 01:00:00+00:00,42309.417993445386
2022-11-22 02:00:00+00:00,42355.66908274168
2022-11-22 03:00:00+00:00,42325.188243569326
2022-11-22 04:00:00+00:00,42310.6023205298
2022-11-22 05:00:00+00:00,42292.27641722372
2022-11-22 06:00:00+00:00,42137.70404028789
2022-11-22 07:00:00+00:00,42305.66502143507
2022-11-22 08:00:00+00:00,42213.13943619403
2022-11-22 09:00:00+00:00,42048.379963052204
2022-11-22 10:00:00+00:00,42322.58340898708
2022-11-22 11:00:00+00:00,42149.27733493301
2022-11-22 12:00:00+00:00,42456.242751031525
2022-11-22 13:00:00+00:00,42581.19741694307
2022-11-22 14:00:00+00:00,42650.272134953375
2022-11-22 15:00:00+00:00,42671.54824879806
2022-11-22 16:00:00+00:00,42740.76953286594
2022-11-22 17:00:00+00:00,42702.61123410023
2022-11-22 18:00:00+00:00,42762.31138655313
2022-11-22 19:00:00+00:00,42810.103106887305
2022-11-22 20:00:00+00:00,42808.8541718982
2022-11-22 21:00:00+00:00,42815.07619348383
2022-11-22 22:00:00+00:00,42827.65302370113
2022-11-22 23:00:00+00:00,42831.45895250824
2022-11-23 00:00:00+00:00,42819.423642914495
2022-11-23 01:00:00+00:00,42810.399233367396
2022-11-23 02:00:00+00:00,42900.93964184031
2022-11-23 03:00:00+00:00,42912.20246587685
2022-11-23 04:00:00+00:00,42899.678630309994
2022-11-23 05:00:00+00:00,42889.01495267292
2022-11-23 06:00:00+00:00,42896.400332176316
2022-11-23 07:00:00+00:00,42904.66974713149
2022-11-23 08:00:00+00:00,42899.77071733622
2022-11-23 09:00:00+00:00,42905.167017073116
2022-11-23 10:00:00+00:00,42922.3408013212
2022-11-23 11:00:00+00:00,42920.90654855716
2022-11-23 12:00:00+00:00,42889.26531181493
2022-11-23 13:00:00+00:00,42827.96645616982
2022-11-23 14:00:00+00:00,42932.74472266127
2022-11-23 15:00:00+00:00,42875.837179322094
2022-11-23 16:00:00+00:00,42771.739850169964
2022-11-23 17:00:00+00:00,42803.67026092333
2022-11-23 18:00:00+00:00,43160.725902799735
2022-11-23 19:00:00+00:00,43182.25665681278
2022-11-23 20:00:00+00:00,43245.993760727026
2022-11-23 21:00:00+00:00,43212.53597378055
2022-11-23 22:00:00+00:00,43240.80931085785
2022-11-23 23:00:00+00:00,43252.30640605799
2022-11-24 00:00:00+00:00,43245.912329660154
2022-11-24 01:00:00+00:00,43273.882845060034
2022-11-24 02:00:00+00:00,43267.333614095354
2022-11-24 03:00:00+00:00,43270.46100510807
2022-11-24 04:00:00+00:00,43272.85148214653
2022-11-24 05:00:00+00:00,43268.591759905066
2022-11-24 06:00:00+00:00,43292.190980592975
2022-11-24 07:00:00+00:00,43295.47004748163
2022-11-24 08:00:00+00:00,43280.65721920357
2022-11-24 09:00:00+00:00,43292.60111714098
2022-11-24 10:00:00+00:00,43262.624275258844
2022-11-24 11:00:00+00:00,43256.88652036735
2022-11-24 12:00:00+00:00,43249.80214953192
2022-11-24 13:00:00+00:00,43282.3551262633
2022-11-24 14:00:00+00:00,43257.84351645585
2022-11-24 15:00:00+00:00,43274.86945707578
2022-11-24 16:00:00+00:00,43344.17222945831
2022-11-24 17:00:00+00:00,43334.81995221638
2022-11-24 18:00:00+00:00,43381.2216354552
2022-11-24 19:00:00+00:00,43369.1116354368
2022-11-24 20:00:00+00:00,43309.1611402962
2022-11-24 21:00:00+00:00,43288.89787293868
2022-11-24 22:00:00+00:00,43373.547972077205
2022-11-24 23:00:00+00:00,43376.665397824516
2022-11-25 00:00:00+00:00,43263.35896200878
2022-11-25 01:00:00+00:00,43246.57282336941
2022-11-25 02:00:00+00:00,43208.74626686462
2022-11-25 03:00:00+00:00,43185.688539093855
2022-11-25 04:00:00+00:00,42970.075682061295
2022-11-25 05:00:00+00:00,42915.665697050295
2022-11-25 06:00:00+00:00,43115.466297746425
2022-11-25 07:00:00+00:00,43181.694845075384
2022-11-25 08:00:00+00:00,43090.04523917571
2022-11-25 09:00:00+00:00,43049.683733901154
2022-11-25 10:00:00+00:00,43188.83058081454
2022-11-25 11:00:00+00:00,43365.66303210028
2022-11-25 12:00:00+00:00,43320.395708505064
2022-11-25 13:00:00+00:00,43292.967724257716
2022-11-25 14:00:00+00:00,43363.210122939956
2022-11-25 15:00:00+00:00,43288.507889420755
2022-11-25 16:00:00+00:00,43230.75302828202
2022-11-25 17:00:00+00:00,43326.19349379312
2022-11-25 18:00:00+00:00,43319.057758053976
2022-11-25 19:00:00+00:00,43453.967761872234
2022-11-25 20:00:00+00:00,43560.24517602478
2022-11-25 21:00:00+00:00,43557.88579436885
2022-11-25 22:00:00+00:00,43557.32354923775
2022-11-25 23:00:00+00:00,43557.3960969966
2022-11-26 00:00:00+00:00,43570.50910440906
2022-11-26 01:00:00+00:00,43581.97523046699
2022-11-26 02:00:00+00:00,43578.02847029673
2022-11-26 03:00:00+00:00,43573.546823694815
2022-11-26 04:00:00+00:00,43586.509674025474
2022-11-26 05:00:00+00:00,43582.24228941249
2022-11-26 06:00:00+00:00,43575.67158841843
2022-11-26 07:00:00+00:00,43579.36760772759
2022-11-26 08:00:00+00:00,43574.54671297652
2022-11-26 09:00:00+00:00,43581.83162060036
2022-11-26 10:00:00+00:00,43581.33167595951
2022-11-26 11:00:00+00:00,43584.25992314164
2022-11-26 12:00:00+00:00,43579.88540753419
2022-11-26 13:00:00+00:00,43582.028027423556
2022-11-26 14:00:00+00:00,43652.67339848465
2022-11-26 15:00:00+00:00,43644.43929356684
2022-11-26 16:00:00+00:00,43642.39220833758
2022-11-26 17:00:00+00:00,43648.084541825956
2022-11-26 18:00:00+00:00,43639.75254580512
2022-11-26 19:00:00+00:00,43637.87465610106
2022-11-26 20:00:00+00:00,43642.450488946226
2022-11-26 21:00:00+00:00,43653.83140653547
2022-11-26 22:00:00+00:00,43615.10538667479
2022-11-26 23:00:00+00:00,43666.52468802841
2022-11-27 00:00:00+00:00,43673.612862747716
2022-11-27 01:00:00+00:00,43736.205049675846
2022-11-27 02:00:00+00:00,43783.659778728834
2022-11-27 03:00:00+00:00,43797.04128939734
2022-11-27 04:00:00+00:00,43799.32926627565
2022-11-27 05:00:00+00:00,43795.49883428845
2022-11-27 06:00:00+00:00,43794.92337032794
2022-11-27 07:00:00+00:00,43795.57076728352
2022-11-27 08:00:00+00:00,43786.2734276714
2022-11-27 09:00:00+00:00,43783.935605331804
2022-11-27 10:00:00+00:00,43787.98183630419
2022-11-27 11:00:00+00:00,43792.7114307297
2022-11-27 12:00:00+00:00,43791.07495509198
2022-11-27 13:00:00+00:00,43787.802003816534
2022-11-27 14:00:00+00:00,43788.30553478198
2022-11-27 15:00:00+00:00,43831.32516334918
2022-11-27 16:00:00+00:00,43807.23739954135
2022-11-27 17:00:00+00:00,43817.988767289724
2022-11-27 18:00:00+00:00,43829.38639211586
2022-11-27 19:00:00+00:00,43803.53610900503
2022-11-27 20:00:00+00:00,43805.65113216864
2022-11-27 21:00:00+00:00,43816.872505064486
2022-11-27 22:00:00+00:00,43821.513805895745
2022-11-27 23:00:00+00:00,44040.28436368724
2022-11-28 00:00:00+00:00,44039.75909177616
2022-11-28 01:00:00+00:00,44309.61443310752
2022-11-28 02:00:00+00:00,44307.03768056819
2022-11-28 03:00:00+00:00,44323.63716987519
2022-11-28 04:00:00+00:00,44331.71831085325
2022-11-28 05:00:00+00:00,44317.150225202495
2022-11-28 06:00:00+00:00,44331.02916230954
2022-11-28 07:00:00+00:00,44329.0302936501
2022-11-28 08:00:00+00:00,44330.55773102194
2022-11-28 09:00:00+00:00,44324.655411301144
2022-11-28 10:00:00+00:00,44318.425247242
2022-11-28 11:00:00+00:00,44333.82674217854
2022-11-28 12:00:00+00:00,44334.25798403676
2022-11-28 13:00:00+00:00,44335.61331559118
2022-11-28 14:00:00+00:00,44312.203043287635
2022-11-28 15:00:00+00:00,44315.43630852944
2022-11-28 16:00:00+00:00,44478.33193551375
2022-11-28 17:00:00+00:00,44466.85906678077
2022-11-28 18:00:00+00:00,44450.28794669583
2022-11-28 19:00:00+00:00,44471.130821867184
2022-11-28 20:00:00+00:00,44490.18540301496
2022-11-28 21:00:00+00:00,44478.40732858381
2022-11-28 22:00:00+00:00,44466.32092759687
2022-11-28 23:00:00+00:00,44447.574673004885
2022-11-29 00:00:00+00:00,44473.301882098516
2022-11-29 01:00:00+00:00,44625.4304399794
2022-11-29 02:00:00+00:00,44633.40536203024
2022-11-29 03:00:00+00:00,44637.381801084586
2022-11-29 04:00:00+00:00,44647.69186272964
2022-11-29 05:00:00+00:00,44669.96439060398
2022-11-29 06:00:00+00:00,44660.87910070621
2022-11-29 07:00:00+00:00,44665.75476917806
2022-11-29 08:00:00+00:00,44692.24802914221
2022-11-29 09:00:00+00:00,44694.551442137825
2022-11-29 10:00:00+00:00,44688.96618011066
2022-11-29 11:00:00+00:00,44694.16561811621
2022-11-29 12:00:00+00:00,44692.199752863235
2022-11-29 13:00:00+00:00,44686.60748430414
2022-11-29 14:00:00+00:00,44660.73776512958
2022-11-29 15:00:00+00:00,44680.665251825536
2022-11-29 16:00:00+00:00,44683.786424440565
2022-11-29 17:00:00+00:00,44682.64599598507
2022-11-29 18:00:00+00:00,44720.58024776772
2022-11-29 19:00:00+00:00,44722.861104678705
2022-11-29 20:00:00+00:00,44764.747268645304
2022-11-29 21:00:00+00:00,44756.96700038429
2022-11-29 22:00:00+00:00,44763.7527873909
2022-11-29 23:00:00+00:00,44751.534712672794
2022-11-30 00:00:00+00:00,44837.36411556267
2022-11-30 01:00:00+00:00,44853.303084186446
2022-11-30 02:00:00+00:00,44842.45499072861
2022-11-30 03:00:00+00:00,44808.41838003816
2022-11-30 04:00:00+00:00,44837.117039979516
2022-11-30 05:00:00+00:00,44843.88992372568
2022-11-30 06:00:00+00:00,44831.893883870194
2022-11-30 07:00:00+00:00,44851.638561909844
2022-11-30 08:00:00+00:00,44827.24470095969
2022-11-30 09:00:00+00:00,44816.33921018198
2022-11-30 10:00:00+00:00,44806.12248724285
2022-11-30 11:00:00+00:00,44817.77414317904
2022-11-30 12:00:00+00:00,44770.978884956785
2022-11-30 13:00:00+00:00,44814.82259526224
2022-11-30 14:00:00+00:00,44865.36628274574
2022-11-30 15:00:00+00:00,44872.066259923784
2022-11-30 16:00:00+00:00,44985.65000935795
2022-11-30 17:00:00+00:00,44970.09716571386
2022-11-30 18:00:00+00:00,45058.62520210512
2022-11-30 19:00:00+00:00,45081.102724322365
2022-11-30 20:00:00+00:00,45093.00114801301
2022-11-30 21:00:00+00:00,45096.115043230784
2022-11-30 22:00:00+00:00,45103.59145946505
2022-11-30 23:00:00+00:00,45093.63516024723
2022-12-01 00:00:00+00:00,45081.06468077859
2022-12-01 01:00:00+00:00,45055.90539281133
2022-12-01 02:00:00+00:00,45083.951783772725
2022-12-01 03:00:00+00:00,45099.269575524246
2022-12-01 04:00:00+00:00,45050.18301559323
2022-12-01 05:00:00+00:00,45035.09731159553
2022-12-01 06:00:00+00:00,45058.654218607335
2022-12-01 07:00:00+00:00,44991.81294550978
2022-12-01 08:00:00+00:00,45050.18301559323
2022-12-01 09:00:00+00:00,45048.674445193465
2022-12-01 10:00:00+00:00,45010.49600969156
2022-12-01 11:00:00+00:00,45040.31928605627
2022-12-01 12:00:00+00:00,45104.14341835427
2022-12-01 13:00:00+00:00,45354.09094356542
2022-12-01 14:00:00+00:00,45353.435019266704
2022-12-01 15:00:00+00:00,45337.49856708757
2022-12-01 16:00:00+00:00,45342.82206073019
2022-12-01 17:00:00+00:00,45356.59370732741
2022-12-01 18:00:00+00:00,45356.767299511404
2022-12-01 19:00:00+00:00,45362.785161890024
2022-12-01 20:00:00+00:00,45340.91254670621
2022-12-01 21:00:00+00:00,45364.05817123935
2022-12-01 22:00:00+00:00,45371.98554764195
2022-12-01 23:00:00+00:00,45365.678364956664
2022-12-02 00:00:00+00:00,45401.4962189217
2022-12-02 01:00:00+00:00,45344.03720601818
2022-12-02 02:00:00+00:00,45339.40808111156
2022-12-02 03:00:00+00:00,45338.366528007566
2022-12-02 04:00:00+00:00,45342.87992479152
2022-12-02 05:00:00+00:00,45346.69895283949
2022-12-02 06:00:00+00:00,45336.91992647424
2022-12-02 07:00:00+00:00,45361.45428847937
2022-12-02 08:00:00+00:00,45370.24962580196
2022-12-02 09:00:00+00:00,45373.89506166593
2022-12-02 10:00:00+00:00,45391.427872249784
2022-12-02 11:00:00+00:00,45427.66381686592
2022-12-02 12:00:00+00:00,45428.94886967968
2022-12-02 13:00:00+00:00,45577.90194671569
2022-12-02 14:00:00+00:00,45580.74020502626
2022-12-02 15:00:00+00:00,45579.367310209505
2022-12-02 16:00:00+00:00,45578.51147967439
2022-12-02 17:00:00+00:00,45580.70454542063
2022-12-02 18:00:00+00:00,45584.912378884976
2022-12-02 19:00:00+00:00,45594.27302536286
2022-12-02 20:00:00+00:00,45600.63851044855
2022-12-02 21:00:00+00:00,45597.829265174245
2022-12-02 22:00:00+00:00,45597.247130490585
2022-12-02 23:00:00+00:00,45606.08499341522
2022-12-03 00:00:00+00:00,45623.38641632987
2022-12-03 01:00:00+00:00,45615.653572519346
2022-12-03 02:00:00+00:00,45613.02477155182
2022-12-03 03:00:00+00:00,45616.86359795891
2022-12-03 04:00:00+00:00,45622.85804671762
2022-12-03 05:00:00+00:00,45631.676803064576
2022-12-03 06:00:00+00:00,45611.618455295036
2022-12-03 07:00:00+00:00,45562.70385975852
2022-12-03 08:00:00+00:00,45483.618231434644
2022-12-03 09:00:00+00:00,45585.106924977124
2022-12-03 10:00:00+00:00,45540.90261382915
2022-12-03 11:00:00+00:00,45502.27362120435
2022-12-03 12:00:00+00:00,45561.81005829104
2022-12-03 13:00:00+00:00,45536.32288789941
2022-12-03 14:00:00+00:00,45494.70711749434
2022-12-03 15:00:00+00:00,45535.1281767873
2022-12-03 16:00:00+00:00,45471.808487845614
2022-12-03 17:00:00+00:00,45530.74756937624
2022-12-03 18:00:00+00:00,45513.22513973201
2022-12-03 19:00:00+00:00,45438.555695225295
2022-12-03 20:00:00+00:00,45408.090561866564
2022-12-03 21:00:00+00:00,45345.6168229109
2022-12-03 22:00:00+00:00,44923.46559113049
2022-12-03 23:00:00+00:00,44890.536477887086
2022-12-04 00:00:00+00:00,45124.77223675849
2022-12-04 01:00:00+00:00,45236.950749207674
2022-12-04 02:00:00+00:00,45309.8338531864
2022-12-04 03:00:00+00:00,45253.415305829374
2022-12-04 04:00:00+00:00,45374.594442565096
2022-12-04 05:00:00+00:00,45320.151642002675
2022-12-04 06:00:00+00:00,45263.51356722402
2022-12-04 07:00:00+00:00,45253.19577840775
2022-12-04 08:00:00+00:00,45283.49056259169
2022-12-04 09:00:00+00:00,45259.123018791564
2022-12-04 10:00:00+00:00,45275.80710283489
2022-12-04 11:00:00+00:00,45207.31454728861
2022-12-04 12:00:00+00:00,45254.293415515865
2022-12-04 13:00:00+00:00,45198.31392300208
2022-12-04 14:00:00+00:00,45308.51668865667
2022-12-04 15:00:00+00:00,45314.663456462105
2022-12-04 16:00:00+00:00,45304.78472248909
2022-12-04 17:00:00+00:00,45514.87246498199
2022-12-04 18:00:00+00:00,45609.04972885812
2022-12-04 19:00:00+00:00,45724.52115263164
2022-12-04 20:00:00+00:00,45704.32462984236
2022-12-04 21:00:00+00:00,45681.4937779936
2022-12-04 22:00:00+00:00,45660.63867293944
2022-12-04 23:00:00+00:00,45744.498147999315
2022-12-05 00:00:00+00:00,45902.39800783608
2022-12-05 01:00:00+00:00,45903.589965678104
2022-12-05 02:00:00+00:00,45906.16969155898
2022-12-05 03:00:00+00:00,45903.856833872676
2022-12-05 04:00:00+00:00,45921.27443137179
2022-12-05 05:00:00+00:00,45925.29644662373
2022-12-05 06:00:00+00:00,45920.31244162565
2022-12-05 07:00:00+00:00,45922.59348427481
2022-12-05 08:00:00+00:00,45930.65670480209
2022-12-05 09:00:00+00:00,45917.677748953356
2022-12-05 10:00:00+00:00,45920.701456651084
2022-12-05 11:00:00+00:00,45919.14539654933
2022-12-05 12:00:00+00:00,45912.06063100099
2022-12-05 13:00:00+00:00,45886.1805170342
2022-12-05 14:00:00+00:00,45882.02121300382
2022-12-05 15:00:00+00:00,45642.23158139635
2022-12-05 16:00:00+00:00,45491.51827219639
2022-12-05 17:00:00+00:00,45601.3079675114
2022-12-05 18:00:00+00:00,45548.06326557505
2022-12-05 19:00:00+00:00,45357.966478496564
2022-12-05 20:00:00+00:00,45420.45199647144
2022-12-05 21:00:00+00:00,45489.53809733099
2022-12-05 22:00:00+00:00,45477.437028709086
2022-12-05 23:00:00+00:00,45484.257631023254
2022-12-06 00:00:00+00:00,45642.451600825836
2022-12-06 01:00:00+00:00,45575.56569426118
2022-12-06 02:00:00+00:00,45618.46948301154
2022-12-06 03:00:00+00:00,45537.2823135301
2022-12-06 04:00:00+00:00,45526.501361485134
2022-12-06 05:00:00+00:00,45425.95248220867
2022-12-06 06:00:00+00:00,45512.200098568355
2022-12-06 07:00:00+00:00,45505.81953511317
2022-12-06 08:00:00+00:00,45556.86404275462
2022-12-06 09:00:00+00:00,45404.17055868925
2022-12-06 10:00:00+00:00,45329.1439332335
2022-12-06 11:00:00+00:00,45410.99116100341
2022-12-06 12:00:00+00:00,45448.61448344603
2022-12-06 13:00:00+00:00,45364.34704195174
2022-12-06 14:00:00+00:00,45305.1618154192
2022-12-06 15:00:00+00:00,45374.027896849264
2022-12-06 16:00:00+00:00,45387.66910147757
2022-12-06 17:00:00+00:00,45314.62265088723
2022-12-06 18:00:00+00:00,45260.27785180345
2022-12-06 19:00:00+00:00,45280.07960045745
2022-12-06 20:00:00+00:00,45343.66521557978
2022-12-06 21:00:00+00:00,45405.050636407206
2022-12-06 22:00:00+00:00,45340.58494356694
2022-12-06 23:00:00+00:00,45746.300771544644
2022-12-07 00:00:00+00:00,45690.85587531342
2022-12-07 01:00:00+00:00,45610.10874469096
2022-12-07 02:00:00+00:00,45620.00961901796
2022-12-07 03:00:00+00:00,45547.1831878571
2022-12-07 04:00:00+00:00,45570.065208523956
2022-12-07 05:00:00+00:00,45503.39932138879
2022-12-07 06:00:00+00:00,45282.05977532286
2022-12-07 07:00:00+00:00,44869.723782501955
2022-12-07 08:00:00+00:00,44875.386495309
2022-12-07 09:00:00+00:00,44878.753950437
2022-12-07 10:00:00+00:00,44877.25323673865
2022-12-07 11:00:00+00:00,44868.10254345604
2022-12-07 12:00:00+00:00,44866.94955610244
2022-12-07 13:00:00+00:00,44882.341022203786
2022-12-07 14:00:00+00:00,44892.10707113269
2022-12-07 15:00:00+00:00,44890.68058020811
2022-12-07 16:00:00+00:00,44882.499435918406
2022-12-07 17:00:00+00:00,44885.66281171043
2022-12-07 18:00:00+00:00,44881.93584597845
2022-12-07 19:00:00+00:00,44887.517204416086
2022-12-07 20:00:00+00:00,44886.86271287291
2022-12-07 21:00:00+00:00,44887.97171243218
2022-12-07 22:00:00+00:00,44900.819232980546
2022-12-07 23:00:00+00:00,44905.51139613825
2022-12-08 00:00:00+00:00,44881.6942135276
2022-12-08 01:00:00+00:00,44881.456635646195
2022-12-08 02:00:00+00:00,44915.78663950894
2022-12-08 03:00:00+00:00,44909.55022012211
2022-12-08 04:00:00+00:00,44887.15850479987
2022-12-08 05:00:00+00:00,44891.61309007618
2022-12-08 06:00:00+00:00,44891.43490666513
2022-12-08 07:00:00+00:00,44914.71753904263
2022-12-08 08:00:00+00:00,44920.538197137
2022-12-08 09:00:00+00:00,44898.38405969617
2022-12-08 10:00:00+00:00,44917.92484044156
2022-12-08 11:00:00+00:00,44964.930519624846
2022-12-08 12:00:00+00:00,44960.47321319808
2022-12-08 13:00:00+00:00,44970.450196848346
2022-12-08 14:00:00+00:00,44975.62881268134
2022-12-08 15:00:00+00:00,44979.902076095976
2022-12-08 16:00:00+00:00,44982.05681485166
2022-12-08 17:00:00+00:00,44987.361302193516
2022-12-08 18:00:00+00:00,45009.80327437153
2022-12-08 19:00:00+00:00,45001.61476285297
2022-12-08 20:00:00+00:00,44988.82046673772
2022-12-08 21:00:00+00:00,44985.79645701617
2022-12-08 22:00:00+00:00,45019.34584788924
2022-12-08 23:00:00+00:00,44995.83845156321
2022-12-09 00:00:00+00:00,44977.808506808295
2022-12-09 01:00:00+00:00,45003.427004260695
2022-12-09 02:00:00+00:00,45000.85944883673
2022-12-09 03:00:00+00:00,45017.52003069887
2022-12-09 04:00:00+00:00,45015.180702423706
2022-12-09 05:00:00+00:00,45000.28888096474
2022-12-09 06:00:00+00:00,44993.15678256485
2022-12-09 07:00:00+00:00,45008.676228683005
2022-12-09 08:00:00+00:00,44995.83845156321
2022-12-09 09:00:00+00:00,45023.396879780375
2022-12-09 10:00:00+00:00,45022.76925512119
2022-12-09 11:00:00+00:00,45039.486893770525
2022-12-09 12:00:00+00:00,45029.33078564909
2022-12-09 13:00:00+00:00,45285.06247434334
2022-12-09 14:00:00+00:00,45299.82992065775
2022-12-09 15:00:00+00:00,45326.72229265779
2022-12-09 16:00:00+00:00,45313.44997975259
2022-12-09 17:00:00+00:00,45306.49505595948
2022-12-09 18:00:00+00:00,45276.00930666633
2022-12-09 19:00:00+00:00,45277.16846063185
2022-12-09 20:00:00+00:00,45238.452718183515
2022-12-09 21:00:00+00:00,45229.21295858649
2022-12-09 22:00:00+00:00,45277.99498144162
2022-12-09 23:00:00+00:00,45265.76980296454
2022-12-10 00:00:00+00:00,45280.0127293456
2022-12-10 01:00:00+00:00,45294.84911099254
2022-12-10 02:00:00+00:00,45270.873518251086
2022-12-10 03:00:00+00:00,45290.6949241314
2022-12-10 04:00:00+00:00,45279.18189197338
2022-12-10 05:00:00+00:00,45265.651111911364
2022-12-10 06:00:00+00:00,45290.45754202505
2022-12-10 07:00:00+00:00,45283.21738778134
2022-12-10 08:00:00+00:00,45268.26231508123
2022-12-10 09:00:00+00:00,45290.45754202505
2022-12-10 10:00:00+00:00,45293.42481835443
2022-12-10 11:00:00+00:00,45302.3266473426
2022-12-10 12:00:00+00:00,45307.78643578867
2022-12-10 13:00:00+00:00,45324.40318323324
2022-12-10 14:00:00+00:00,45367.7254176423
2022-12-10 15:00:00+00:00,45434.82899378628
2022-12-10 16:00:00+00:00,45425.36673372662
2022-12-10 17:00:00+00:00,45399.27123165849
2022-12-10 18:00:00+00:00,45426.88060945172
2022-12-10 19:00:00+00:00,45426.590594979105
2022-12-10 20:00:00+00:00,45432.158872853375
2022-12-10 21:00:00+00:00,45401.88136191205
2022-12-10 22:00:00+00:00,45408.72570346583
2022-12-10 23:00:00+00:00,45392.65890168279
2022-12-11 00:00:00+00:00,45404.31748348204
2022-12-11 01:00:00+00:00,45421.02231710484
2022-12-11 02:00:00+00:00,45413.77195528939
2022-12-11 03:00:00+00:00,45429.37473391624
2022-12-11 04:00:00+00:00,45433.9569625836
2022-12-11 05:00:00+00:00,45446.77560227332
2022-12-11 06:00:00+00:00,45435.871058102886
2022-12-11 07:00:00+00:00,45451.47383672973
2022-12-11 08:00:00+00:00,45437.959162305735
2022-12-11 09:00:00+00:00,45425.37253419411
2022-12-11 10:00:00+00:00,45430.012765756
2022-12-11 11:00:00+00:00,45433.84095679456
2022-12-11 12:00:00+00:00,45440.04726650858
2022-12-11 13:00:00+00:00,45429.31673102172
2022-12-11 14:00:00+00:00,45428.794704971006
2022-12-11 15:00:00+00:00,45433.434936532896
2022-12-11 16:00:00+00:00,45436.04506678646
2022-12-11 17:00:00+00:00,45438.59719414549
2022-12-11 18:00:00+00:00,45468.87470508682
2022-12-11 19:00:00+00:00,45439.293228879775
2022-12-11 20:00:00+00:00,45388.134675909954
2022-12-11 21:00:00+00:00,45384.770508027585
2022-12-11 22:00:00+00:00,45368.198463162946
2022-12-11 23:00:00+00:00,45376.51331587469
2022-12-12 00:00:00+00:00,45271.51046052732
2022-12-12 01:00:00+00:00,45333.02585058137
2022-12-12 02:00:00+00:00,45083.62868744872
2022-12-12 03:00:00+00:00,45062.86280534224
2022-12-12 04:00:00+00:00,45122.730401627945
2022-12-12 05:00:00+00:00,45143.93811101329
2022-12-12 06:00:00+00:00,45126.7068471377
2022-12-12 07:00:00+00:00,45120.9630925125
2022-12-12 08:00:00+00:00,45154.32105206653
2022-12-12 09:00:00+00:00,45252.40670797374
2022-12-12 10:00:00+00:00,45316.2507497692
2022-12-12 11:00:00+00:00,45296.36852222044
2022-12-12 12:00:00+00:00,45154.76287934539
2022-12-12 13:00:00+00:00,45137.31070183037
2022-12-12 14:00:00+00:00,45225.89707124206
2022-12-12 15:00:00+00:00,45184.80713430796
2022-12-12 16:00:00+00:00,45227.222553078645
2022-12-12 17:00:00+00:00,45283.1137038546
2022-12-12 18:00:00+00:00,45302.11227684564
2022-12-12 19:00:00+00:00,45300.34496773019
2022-12-12 20:00:00+00:00,45567.65047144128
2022-12-12 21:00:00+00:00,45712.68745505191
2022-12-12 22:00:00+00:00,45705.79937816247
2022-12-12 23:00:00+00:00,45711.08233747151
2022-12-13 00:00:00+00:00,45702.09235247781
2022-12-13 01:00:00+00:00,45695.94246256319
2022-12-13 02:00:00+00:00,45716.94608358752
2022-12-13 03:00:00+00:00,45708.345715090094
2022-12-13 04:00:00+00:00,45724.55185164648
2022-12-13 05:00:00+00:00,45723.90828665687
2022-12-13 06:00:00+00:00,45696.00096847133
2022-12-13 07:00:00+00:00,45733.10833098436
2022-12-13 08:00:00+00:00,45718.13161507479
2022-12-13 09:00:00+00:00,45863.86821357255
2022-12-13 10:00:00+00:00,45864.13829023009
2022-12-13 11:00:00+00:00,45877.49238953657
2022-12-13 12:00:00+00:00,45886.74743174921
2022-12-13 13:00:00+00:00,45909.63806323759
2022-12-13 14:00:00+00:00,45898.15523187749
2022-12-13 15:00:00+00:00,45857.929940523856
2022-12-13 16:00:00+00:00,45847.40067910457
2022-12-13 17:00:00+00:00,45654.61281364113
2022-12-13 18:00:00+00:00,45818.65725300026
2022-12-13 19:00:00+00:00,45819.0441502629
2022-12-13 20:00:00+00:00,45847.67454769822
2022-12-13 21:00:00+00:00,45880.36736639125
2022-12-13 22:00:00+00:00,45885.20358217425
2022-12-13 23:00:00+00:00,45901.840164467736
2022-12-14 00:00:00+00:00,45986.18376772314
2022-12-14 01:00:00+00:00,45908.03052066997
2022-12-14 02:00:00+00:00,45878.23943144673
2022-12-14 03:00:00+00:00,45884.42978764896
2022-12-14 04:00:00+00:00,45863.73078409775
2022-12-14 05:00:00+00:00,45905.515688462816
2022-12-14 06:00:00+00:00,45928.14917832722
2022-12-14 07:00:00+00:00,45936.85436673661
2022-12-14 08:00:00+00:00,45968.38649364173
2022-12-14 09:00:00+00:00,45921.95882212499
2022-12-14 10:00:00+00:00,45955.618883974625
2022-12-14 11:00:00+00:00,46014.040370633185
2022-12-14 12:00:00+00:00,46133.39817615746
2022-12-14 13:00:00+00:00,46040.155935861345
2022-12-14 14:00:00+00:00,46164.614225399986
2022-12-14 15:00:00+00:00,46158.04086360893
2022-12-14 16:00:00+00:00,46154.48085500603
2022-12-14 17:00:00+00:00,46152.468676230485
2022-12-14 18:00:00+00:00,46421.00649202353
2022-12-14 19:00:00+00:00,46678.82272796833
2022-12-14 20:00:00+00:00,46678.21849221716
2022-12-14 21:00:00+00:00,46682.551671687375
2022-12-14 22:00:00+00:00,46684.067392901234
2022-12-14 23:00:00+00:00,46676.31046668912
2022-12-15 00:00:00+00:00,46671.60281491901
2022-12-15 01:00:00+00:00,46938.07084177489
2022-12-15 02:00:00+00:00,46945.60535112621
2022-12-15 03:00:00+00:00,46946.73569725055
2022-12-15 04:00:00+00:00,46946.57161474863
2022-12-15 05:00:00+00:00,46943.59989832497
2022-12-15 06:00:00+00:00,46942.214312753196
2022-12-15 07:00:00+00:00,46938.03932464879
2022-12-15 08:00:00+00:00,46931.69480124121
2022-12-15 09:00:00+00:00,46939.844232169904
2022-12-15 10:00:00+00:00,46937.054829637265
2022-12-15 11:00:00+00:00,46945.331880289676
2022-12-15 12:00:00+00:00,46936.92720991355
2022-12-15 13:00:00+00:00,46903.33320264643
2022-12-15 14:00:00+00:00,46869.55999212855
2022-12-15 15:00:00+00:00,46873.707144634645
2022-12-15 16:00:00+00:00,46870.04789242338
2022-12-15 17:00:00+00:00,46870.779742865634
2022-12-15 18:00:00+00:00,46896.76043356561
2022-12-15 19:00:00+00:00,46931.27937942519
2022-12-15 20:00:00+00:00,46885.90465200553
2022-12-15 21:00:00+00:00,46826.27038010213
2022-12-15 22:00:00+00:00,46804.66562865306
2022-12-15 23:00:00+00:00,46869.47988300026
2022-12-16 00:00:00+00:00,47010.836685338465
2022-12-16 01:00:00+00:00,46900.5495731794
2022-12-16 02:00:00+00:00,46937.997809024455
2022-12-16 03:00:00+00:00,46977.50364024561
2022-12-16 04:00:00+00:00,46934.088377809865
2022-12-16 05:00:00+00:00,46962.071674924846
2022-12-16 06:00:00+00:00,46963.92351076334
2022-12-16 07:00:00+00:00,47100.547843736495
2022-12-16 08:00:00+00:00,46400.867052867005
2022-12-16 09:00:00+00:00,45859.22000529147
2022-12-16 10:00:00+00:00,45850.24138865962
2022-12-16 11:00:00+00:00,45856.813728094065
2022-12-16 12:00:00+00:00,45858.30572468981
2022-12-16 13:00:00+00:00,45847.52179992813
2022-12-16 14:00:00+00:00,46010.885375488346
2022-12-16 15:00:00+00:00,45996.89990255123
2022-12-16 16:00:00+00:00,45782.390188264704
2022-12-16 17:00:00+00:00,45889.81022810537
2022-12-16 18:00:00+00:00,45935.72535447862
2022-12-16 19:00:00+00:00,46078.596143053976
2022-12-16 20:00:00+00:00,46121.521447244784
2022-12-16 21:00:00+00:00,45916.93218647469
2022-12-16 22:00:00+00:00,45560.60775822287
2022-12-16 23:00:00+00:00,45280.66044578115
2022-12-17 00:00:00+00:00,45418.63279657244
2022-12-17 01:00:00+00:00,45339.75781787776
2022-12-17 02:00:00+00:00,45445.94472949358
2022-12-17 03:00:00+00:00,45480.08464564501
2022-12-17 04:00:00+00:00,45596.16036055987
2022-12-17 05:00:00+00:00,45525.05515588586
2022-12-17 06:00:00+00:00,45607.461850044485
2022-12-17 07:00:00+00:00,45678.3316070209
2022-12-17 08:00:00+00:00,45597.10215135026
2022-12-17 09:00:00+00:00,45514.69545719163
2022-12-17 10:00:00+00:00,45686.57227643676
2022-12-17 11:00:00+00:00,45591.92230200314
2022-12-17 12:00:00+00:00,45577.79544014738
2022-12-17 13:00:00+00:00,45534.94395918489
2022-12-17 14:00:00+00:00,45522.229783514704
2022-12-17 15:00:00+00:00,45592.86409279353
2022-12-17 16:00:00+00:00,45553.544327294985
2022-12-17 17:00:00+00:00,45456.30442818781
2022-12-17 18:00:00+00:00,45524.11336509548
2022-12-17 19:00:00+00:00,45515.16635258682
2022-12-17 20:00:00+00:00,45535.65030227769
2022-12-17 21:00:00+00:00,45557.54693815412
2022-12-17 22:00:00+00:00,45728.24651891126
2022-12-17 23:00:00+00:00,45759.32561499394
2022-12-18 00:00:00+00:00,45706.820778430025
2022-12-18 01:00:00+00:00,45638.07005073197
2022-12-18 02:00:00+00:00,45745.66964853337
2022-12-18 03:00:00+00:00,45768.27262750259
2022-12-18 04:00:00+00:00,45856.565514101116
2022-12-18 05:00:00+00:00,45760.267405784325
2022-12-18 06:00:00+00:00,45724.71480344732
2022-12-18 07:00:00+00:00,45752.96852715885
2022-12-18 08:00:00+00:00,45765.68270282904
2022-12-18 09:00:00+00:00,45538.94657004403
2022-12-18 10:00:00+00:00,45595.454017467084
2022-12-18 11:00:00+00:00,45644.427138567065
2022-12-18 12:00:00+00:00,45618.2924441339
2022-12-18 13:00:00+00:00,45559.43051973489
2022-12-18 14:00:00+00:00,45468.783156160396
2022-12-18 15:00:00+00:00,45458.65890516377
2022-12-18 16:00:00+00:00,45534.7085114873
2022-12-18 17:00:00+00:00,45551.189850319024
2022-12-18 18:00:00+00:00,45589.096929631996
2022-12-18 19:00:00+00:00,45674.56444385936
2022-12-18 20:00:00+00:00,45723.06666956415
2022-12-18 21:00:00+00:00,45648.4297494262
2022-12-18 22:00:00+00:00,45768.97897059538
2022-12-18 23:00:00+00:00,45662.792058979554
2022-12-19 00:00:00+00:00,45808.53418379152
2022-12-19 01:00:00+00:00,45833.2561920391
2022-12-19 02:00:00+00:00,45679.50884550888
2022-12-19 03:00:00+00:00,45573.557381590654
2022-12-19 04:00:00+00:00,45640.42452770793
2022-12-19 05:00:00+00:00,45566.49395066277
2022-12-19 06:00:00+00:00,45639.48273691755
2022-12-19 07:00:00+00:00,45587.448795748816
2022-12-19 08:00:00+00:00,45680.45063629926
2022-12-19 09:00:00+00:00,45691.98757348147
2022-12-19 10:00:00+00:00,45744.49241004539
2022-12-19 11:00:00+00:00,45667.97190832667
2022-12-19 12:00:00+00:00,45744.72785774298
2022-12-19 13:00:00+00:00,45653.37415107572
2022-12-19 14:00:00+00:00,45714.20371188354
2022-12-19 15:00:00+00:00,45699.15767713164
2022-12-19 16:00:00+00:00,45675.32243974164
2022-12-19 17:00:00+00:00,45672.19587183737
2022-12-19 18:00:00+00:00,45610.51719687568
2022-12-19 19:00:00+00:00,45636.656593571344
2022-12-19 20:00:00+00:00,45706.96255709761
2022-12-19 21:00:00+00:00,45703.48588857159
2022-12-19 22:00:00+00:00,45532.88059312164
2022-12-19 23:00:00+00:00,45659.80390659687
2022-12-20 00:00:00+00:00,45763.97681482654
2022-12-20 01:00:00+00:00,45993.770700087785
2022-12-20 02:00:00+00:00,46005.49767263831
2022-12-20 03:00:00+00:00,46004.54835441567
2022-12-20 04:00:00+00:00,46016.714720197786
2022-12-20 05:00:00+00:00,46014.60410699023
2022-12-20 06:00:00+00:00,46022.840742472115
2022-12-20 07:00:00+00:00,46014.35681770324
2022-12-20 08:00:00+00:00,46019.664026247
2022-12-20 09:00:00+00:00,46019.169447673026
2022-12-20 10:00:00+00:00,46014.20463968048
2022-12-20 11:00:00+00:00,46021.965718841246
2022-12-20 12:00:00+00:00,46024.30545594118
2022-12-20 13:00:00+00:00,46018.80802486897
2022-12-20 14:00:00+00:00,46039.670185945986
2022-12-20 15:00:00+00:00,46035.310414792424
2022-12-20 16:00:00+00:00,46083.93008257685
2022-12-20 17:00:00+00:00,46092.897837584795
2022-12-20 18:00:00+00:00,46120.55894105998
2022-12-20 19:00:00+00:00,46147.083286858106
2022-12-20 20:00:00+00:00,46099.086851604356
2022-12-20 21:00:00+00:00,46139.252289527234
2022-12-20 22:00:00+00:00,46130.789760153544
2022-12-20 23:00:00+00:00,46149.104189395104
2022-12-21 00:00:00+00:00,46048.0590625451
2022-12-21 01:00:00+00:00,46092.39261195054
2022-12-21 02:00:00+00:00,46068.01547509798
2022-12-21 03:00:00+00:00,46068.14178150654
2022-12-21 04:00:00+00:00,46021.408410338416
2022-12-21 05:00:00+00:00,46070.92052249492
2022-12-21 06:00:00+00:00,46082.91963130835
2022-12-21 07:00:00+00:00,46073.19403784904
2022-12-21 08:00:00+00:00,46128.8951640251
2022-12-21 09:00:00+00:00,46127.884712756604
2022-12-21 10:00:00+00:00,46146.95698044954
2022-12-21 11:00:00+00:00,46144.93607791254
2022-12-21 12:00:00+00:00,46102.37081822698
2022-12-21 13:00:00+00:00,46124.47443972542
2022-12-21 14:00:00+00:00,46191.93234002728
2022-12-21 15:00:00+00:00,46198.17664744998
2022-12-21 16:00:00+00:00,46184.99334768277
2022-12-21 17:00:00+00:00,46190.53719194904
2022-12-21 18:00:00+00:00,46187.31757105214
2022-12-21 19:00:00+00:00,46184.80283757053
2022-12-21 20:00:00+00:00,46186.9746528501
2022-12-21 21:00:00+00:00,46191.14682430822
2022-12-21 22:00:00+00:00,46186.87939779398
2022-12-21 23:00:00+00:00,46194.709363407164
2022-12-22 00:00:00+00:00,46202.06305373974
2022-12-22 01:00:00+00:00,46192.785211273505
2022-12-22 02:00:00+00:00,46196.25249531633
2022-12-22 03:00:00+00:00,46196.67161756326
2022-12-22 04:00:00+00:00,46190.82295711741
2022-12-22 05:00:00+00:00,46189.66084543273
2022-12-22 06:00:00+00:00,46189.62274341028
2022-12-22 07:00:00+00:00,46194.86177149696
2022-12-22 08:00:00+00:00,46197.757525203044
2022-12-22 09:00:00+00:00,46204.044358907064
2022-12-22 10:00:00+00:00,46200.91999306628
2022-12-22 11:00:00+00:00,46201.77728857137
2022-12-22 12:00:00+00:00,46197.700372169376
2022-12-22 13:00:00+00:00,46187.98435644499
2022-12-22 14:00:00+00:00,46084.96112445681
2022-12-22 15:00:00+00:00,45991.27077856563
2022-12-22 16:00:00+00:00,46079.639804921106
2022-12-22 17:00:00+00:00,46006.75148391258
2022-12-22 18:00:00+00:00,46051.47352158153
2022-12-22 19:00:00+00:00,46170.158929241436
2022-12-22 20:00:00+00:00,46448.47632790847
2022-12-22 21:00:00+00:00,46441.732340026574
2022-12-22 22:00:00+00:00,46443.42854348274
2022-12-22 23:00:00+00:00,46446.820950395064
2022-12-23 00:00:00+00:00,46442.17068473997
2022-12-23 01:00:00+00:00,46445.58215011809
2022-12-23 02:00:00+00:00,46460.00940872839
2022-12-23 03:00:00+00:00,46458.78966691721
2022-12-23 04:00:00+00:00,46457.874860558826
2022-12-23 05:00:00+00:00,46453.43423802753
2022-12-23 06:00:00+00:00,46453.85352427512
2022-12-23 07:00:00+00:00,46454.6920967703
2022-12-23 08:00:00+00:00,46448.28845226164
2022-12-23 09:00:00+00:00,46450.0037141836
2022-12-23 10:00:00+00:00,46459.323303959594
2022-12-23 11:00:00+00:00,46456.90287880305
2022-12-23 12:00:00+00:00,46460.23811031798
2022-12-23 13:00:00+00:00,46471.647178193736
2022-12-23 14:00:00+00:00,46458.88469095908
2022-12-23 15:00:00+00:00,46466.205234451176
2022-12-23 16:00:00+00:00,46463.12490186489
2022-12-23 17:00:00+00:00,46465.61578809207
2022-12-23 18:00:00+00:00,46464.87422654352
2022-12-23 19:00:00+00:00,46467.78342954168
2022-12-23 20:00:00+00:00,46467.479199162786
2022-12-23 21:00:00+00:00,46470.7306613372
2022-12-23 22:00:00+00:00,46464.83619774616
2022-12-23 23:00:00+00:00,46467.80244394036
2022-12-24 00:00:00+00:00,46466.30030644458
2022-12-24 01:00:00+00:00,46460.15865567069
2022-12-24 02:00:00+00:00,46461.66079316647
2022-12-24 03:00:00+00:00,46465.59677369339
2022-12-24 04:00:00+00:00,46463.01081547281
2022-12-24 05:00:00+00:00,46461.73685076119
2022-12-24 06:00:00+00:00,46461.793893957234
2022-12-24 07:00:00+00:00,46468.65809188099
2022-12-24 08:00:00+00:00,46464.531967367264
2022-12-24 09:00:00+00:00,46464.58901056331
2022-12-24 10:00:00+00:00,46464.3988665765
2022-12-24 11:00:00+00:00,46466.94679599973
2022-12-24 12:00:00+00:00,46463.61927623059
2022-12-24 13:00:00+00:00,46464.05660740025
2022-12-24 14:00:00+00:00,46464.76014015144
2022-12-24 15:00:00+00:00,46466.205234451176
2022-12-24 16:00:00+00:00,46465.939032869646
2022-12-24 17:00:00+00:00,46467.53624235883
2022-12-24 18:00:00+00:00,46471.51025168311
2022-12-24 19:00:00+00:00,46474.666641864125
2022-12-24 20:00:00+00:00,46471.339122094985
2022-12-24 21:00:00+00:00,46465.76790328152
2022-12-24 22:00:00+00:00,46465.10239932769
2022-12-24 23:00:00+00:00,46468.601048684955
2022-12-25 00:00:00+00:00,46470.90179092533
2022-12-25 01:00:00+00:00,46471.339122094985
2022-12-25 02:00:00+00:00,46468.10667431926
2022-12-25 03:00:00+00:00,46470.42643095831
2022-12-25 04:00:00+00:00,46465.92001847096
2022-12-25 05:00:00+00:00,46465.74888888284
2022-12-25 06:00:00+00:00,46466.319320843264
2022-12-25 07:00:00+00:00,46467.441170365426
2022-12-25 08:00:00+00:00,46467.91653033245
2022-12-25 09:00:00+00:00,46469.7419126058
2022-12-25 10:00:00+00:00,46465.67283128812
2022-12-25 11:00:00+00:00,46463.14391626357
2022-12-25 12:00:00+00:00,46464.76014015144
2022-12-25 13:00:00+00:00,46464.189708191014
2022-12-25 14:00:00+00:00,46659.606248104006
2022-12-25 15:00:00+00:00,46588.14558458031
2022-12-25 16:00:00+00:00,46604.454925204336
2022-12-25 17:00:00+00:00,46553.810130634985
2022-12-25 18:00:00+00:00,46548.01602278171
2022-12-25 19:00:00+00:00,46558.10206237815
2022-12-25 20:00:00+00:00,46490.074944248976
2022-12-25 21:00:00+00:00,46729.74466592692
2022-12-25 22:00:00+00:00,46724.65028981212
2022-12-25 23:00:00+00:00,46726.9485305467
2022-12-26 00:00:00+00:00,46726.71870647324
2022-12-26 01:00:00+00:00,46732.387700285224
2022-12-26 02:00:00+00:00,46733.65173268924
2022-12-26 03:00:00+00:00,46731.54501201587
2022-12-26 04:00:00+00:00,46730.35758763634
2022-12-26 05:00:00+00:00,46729.64896340984
2022-12-26 06:00:00+00:00,46728.365778999694
2022-12-26 07:00:00+00:00,46731.1236678812
2022-12-26 08:00:00+00:00,46728.825427146614
2022-12-26 09:00:00+00:00,46728.346626993574
2022-12-26 10:00:00+00:00,46727.88697884666
2022-12-26 11:00:00+00:00,46730.60656371592
2022-12-26 12:00:00+00:00,46729.22761927517
2022-12-26 13:00:00+00:00,46721.72003287552
2022-12-26 14:00:00+00:00,46723.769297530525
2022-12-26 15:00:00+00:00,46720.93480062454
2022-12-26 16:00:00+00:00,46723.501169444826
2022-12-26 17:00:00+00:00,46719.95804831234
2022-12-26 18:00:00+00:00,46718.023695694064
2022-12-26 19:00:00+00:00,46725.05248194067
2022-12-26 20:00:00+00:00,46724.80350586109
2022-12-26 21:00:00+00:00,46723.9225135795
2022-12-26 22:00:00+00:00,46727.06344258343
2022-12-26 23:00:00+00:00,46745.334456423385
2022-12-27 00:00:00+00:00,46753.05582709136
2022-12-27 01:00:00+00:00,46748.029344830145
2022-12-27 02:00:00+00:00,46750.62282573724
2022-12-27 03:00:00+00:00,46748.94469103265
2022-12-27 04:00:00+00:00,46750.184222348544
2022-12-27 05:00:00+00:00,46747.1330683402
2022-12-27 06:00:00+00:00,46749.95538579792
2022-12-27 07:00:00+00:00,46746.02702501217
2022-12-27 08:00:00+00:00,46732.963813687806
2022-12-27 09:00:00+00:00,46766.16975768357
2022-12-27 10:00:00+00:00,46760.81195058482
2022-12-27 11:00:00+00:00,46748.102733745916
2022-12-27 12:00:00+00:00,46732.21621269728
2022-12-27 13:00:00+00:00,46735.829617484815
2022-12-27 14:00:00+00:00,46692.28346271943
2022-12-27 15:00:00+00:00,46708.48660318236
2022-12-27 16:00:00+00:00,46696.87647891365
2022-12-27 17:00:00+00:00,46659.36684666088
2022-12-27 18:00:00+00:00,46650.43598183879
2022-12-27 19:00:00+00:00,46706.95559778429
2022-12-27 20:00:00+00:00,46685.904273560795
2022-12-27 21:00:00+00:00,46711.548613978506
2022-12-27 22:00:00+00:00,46708.23143561602
2022-12-27 23:00:00+00:00,46712.69686802706
2022-12-28 00:00:00+00:00,46673.01831146036
2022-12-28 01:00:00+00:00,46684.75601951224
2022-12-28 02:00:00+00:00,46643.41887376429
2022-12-28 03:00:00+00:00,46514.6874022846
2022-12-28 04:00:00+00:00,46508.518117282554
2022-12-28 05:00:00+00:00,46362.590798964724
2022-12-28 06:00:00+00:00,46431.40205475687
2022-12-28 07:00:00+00:00,46440.41870206756
2022-12-28 08:00:00+00:00,46443.97790495337
2022-12-28 09:00:00+00:00,46474.112489386476
2022-12-28 10:00:00+00:00,46485.97649900582
2022-12-28 11:00:00+00:00,46480.993614965686
2022-12-28 12:00:00+00:00,46427.60557167868
2022-12-28 13:00:00+00:00,46448.24894841633
2022-12-28 14:00:00+00:00,46677.461614261876
2022-12-28 15:00:00+00:00,46313.47379914068
2022-12-28 16:00:00+00:00,46404.58939301717
2022-12-28 17:00:00+00:00,46487.63746035252
2022-12-28 18:00:00+00:00,46488.82386131446
2022-12-28 19:00:00+00:00,46403.64027224763
2022-12-28 20:00:00+00:00,46436.859499181766
2022-12-28 21:00:00+00:00,46273.13616643494
2022-12-28 22:00:00+00:00,46229.71389122818
2022-12-28 23:00:00+00:00,46335.06629664787
2022-12-29 00:00:00+00:00,46426.41917071675
2022-12-29 01:00:00+00:00,46368.76008396679
2022-12-29 02:00:00+00:00,46371.607446275426
2022-12-29 03:00:00+00:00,46448.960788993485
2022-12-29 04:00:00+00:00,46465.80768265294
2022-12-29 05:00:00+00:00,46457.97743630418
2022-12-29 06:00:00+00:00,46424.046368792886
2022-12-29 07:00:00+00:00,46449.43534937826
2022-12-29 08:00:00+00:00,46381.09865397089
2022-12-29 09:00:00+00:00,46549.80487075784
2022-12-29 10:00:00+00:00,46559.058798260914
2022-12-29 11:00:00+00:00,46541.26278383192
2022-12-29 12:00:00+00:00,46550.75399152738
2022-12-29 13:00:00+00:00,46580.41401557572
2022-12-29 14:00:00+00:00,46617.66700578043
2022-12-29 15:00:00+00:00,46596.549068658016
2022-12-29 16:00:00+00:00,46590.85434404074
2022-12-29 17:00:00+00:00,46518.2466051704
2022-12-29 18:00:00+00:00,46577.0920928823
2022-12-29 19:00:00+00:00,46531.77157613645
2022-12-29 20:00:00+00:00,46482.89185650479
2022-12-29 21:00:00+00:00,46452.519991879286
2022-12-29 22:00:00+00:00,46516.82292401609
2022-12-29 23:00:00+00:00,46580.41401557572
2022-12-30 00:00:00+00:00,46541.02479179895
2022-12-30 01:00:00+00:00,46530.87136478464
2022-12-30 02:00:00+00:00,46534.14526950228
2022-12-30 03:00:00+00:00,46533.970919546904
2022-12-30 04:00:00+00:00,46534.571458282095
2022-12-30 05:00:00+00:00,46530.30189962046
2022-12-30 06:00:00+00:00,46529.54243936244
2022-12-30 07:00:00+00:00,46494.10096065462
2022-12-30 08:00:00+00:00,46511.88498836337
2022-12-30 09:00:00+00:00,46522.200990201534
2022-12-30 10:00:00+00:00,46511.06223975051
2022-12-30 11:00:00+00:00,46509.54331923446
2022-12-30 12:00:00+00:00,46518.909995750095
2022-12-30 13:00:00+00:00,46509.29016581512
2022-12-30 14:00:00+00:00,46528.03482801533
2022-12-30 15:00:00+00:00,46602.55923089449
2022-12-30 16:00:00+00:00,46608.39157546764
2022-12-30 17:00:00+00:00,46608.78039843919
2022-12-30 18:00:00+00:00,46635.99800644723
2022-12-30 19:00:00+00:00,46600.226293065236
2022-12-30 20:00:00+00:00,46632.88742267488
2022-12-30 21:00:00+00:00,46644.03368119246
2022-12-30 22:00:00+00:00,46643.12642759219
2022-12-30 23:00:00+00:00,46666.326198227616
2022-12-31 00:00:00+00:00,46632.88742267488
