entry_time,exit_time,p0,avg_entry,exit_price,qty,cost_quote,proceeds,pnl,pnl_pct,fills,max_dd_from_p0,reason
2021-01-01 00:00:00+00:00,2021-01-01 01:00:00+00:00,736.42,733.0132940728904,741.8094536017651,2.215921611700648,1625.9259259259263,1642.1478084000005,16.221882474074164,0.009977012000000052,2,0.00962765812987143,take_profit
2021-01-01 02:00:00+00:00,2021-01-02 12:00:00+00:00,748.27,737.2337763259651,746.0805816418767,8.319523150850763,6139.573042775776,6200.827636698426,61.2545939226502,0.009977011999999962,5,0.04541141566546837,take_profit
2021-01-02 13:00:00+00:00,2021-01-02 13:00:00+00:00,752.39,752.39,761.41868,0.6690279642153891,503.87382381983645,508.90097900657287,5.027155186736422,0.009977012000000056,1,0.004359441247225472,take_profit
2021-01-02 14:00:00+00:00,2021-01-02 14:00:00+00:00,770.77,760.3434333223848,769.4675545222535,7.3742743723842015,5612.593688248126,5668.590602826903,55.99691457877634,0.009977012000000094,4,0.023054867210711344,take_profit
2021-01-02 15:00:00+00:00,2021-01-02 16:00:00+00:00,760.99,760.99,770.12188,0.6654727424549651,506.925027308112,511.98262438866544,5.057597080553421,0.009977012000000118,1,0.00017083010289227908,take_profit
2021-01-02 17:00:00+00:00,2021-01-02 19:00:00+00:00,781.94,778.3227168835122,787.6625894861143,2.1168830273953287,1649.2674166235502,1665.722177430412,16.45476080686194,0.009977011999999867,2,0.012711972785635796,take_profit
2021-01-02 20:00:00+00:00,2021-01-02 20:00:00+00:00,784.79,773.2151433611585,782.4937250814925,8.04625201046901,6227.711613408213,6289.845566907727,62.133953499513154,0.009977012000000007,5,0.044177423259725485,take_profit
2021-01-02 21:00:00+00:00,2021-01-02 21:00:00+00:00,756.57,753.0700794339192,762.1069203871263,2.2048191256248253,1662.0453594311425,1678.6276059267316,16.58224649558906,0.009977012000000144,2,0.007097823069907615,take_profit
2021-01-02 22:00:00+00:00,2021-01-02 23:00:00+00:00,768.94,765.3828553602679,774.5674496245911,2.1728691160545726,1664.74150987987,1681.3506559008392,16.60914602096932,0.009977011999999843,2,0.007750929851483908,take_profit
2021-01-03 00:00:00+00:00,2021-01-03 05:00:00+00:00,774.44,770.8574121585634,780.1077011044662,2.160937373999759,1667.442033992168,1684.078123174612,16.63608918244404,0.009977011999999862,2,0.007398894685191904,take_profit
2021-01-03 06:00:00+00:00,2021-01-03 06:00:00+00:00,786.48,786.48,795.91776,0.6523816476521287,513.5987169624086,518.7228975247272,5.124180562318543,0.009977011999999978,1,0.0034965924117587224,take_profit
2021-01-03 07:00:00+00:00,2021-01-03 08:00:00+00:00,799.83,796.1299570874231,805.6835165724722,2.09677967486596,1670.980092665483,1687.651481101768,16.671388436285042,0.009977012000000243,2,0.01041471312653944,take_profit
2021-01-03 09:00:00+00:00,2021-01-03 10:00:00+00:00,817.31,817.31,827.11772,0.6291049992254181,514.6884954123387,519.8235487073296,5.135053294990826,0.009977011999999955,1,0.005273396875114639,take_profit
2021-01-03 11:00:00+00:00,2021-01-03 12:00:00+00:00,825.69,825.69,835.59828,0.6230308019099313,514.9452480770883,520.0828629964964,5.137614919408065,0.009977011999999959,1,0.002034661919122266,take_profit
2021-01-03 13:00:00+00:00,2021-01-03 13:00:00+00:00,831.46,831.46,841.4375200000001,0.6190158596856562,515.2021288230587,520.3423066447521,5.140177821693328,0.009977012000000243,1,0.0,take_profit
2021-01-03 14:00:00+00:00,2021-01-03 14:00:00+00:00,874.17,866.2312273276358,876.6260020555675,3.9410791961550142,3417.3031722530236,3451.39764701023,34.09447475720617,0.009977011999999908,3,0.013578594552546994,take_profit
2021-01-03 15:00:00+00:00,2021-01-03 15:00:00+00:00,912.39,898.9331727612322,909.720370834367,7.045802739426767,6340.045857059746,6403.30057065618,63.25471359643416,0.00997701199999981,5,0.036026260699919994,take_profit
2021-01-03 16:00:00+00:00,2021-01-03 16:00:00+00:00,917.95,917.95,928.9654,0.5662686099838701,520.3265971318253,525.5179018353288,5.19130470350342,0.009977012000000063,1,0.00025055830927612414,take_profit
2021-01-03 17:00:00+00:00,2021-01-03 17:00:00+00:00,935.26,926.7664386451659,937.8876359089079,3.7202924162823834,3451.2934468034464,3485.7270429377263,34.433596134279924,0.009977012000000167,3,0.019523982635844567,take_profit
2021-01-03 18:00:00+00:00,2021-01-03 18:00:00+00:00,935.65,921.850111349365,932.9123126855574,6.938985052286054,6403.10725035183,6466.991128225878,63.88387787404827,0.009977012000000165,5,0.04993320151766155,take_profit
2021-01-03 19:00:00+00:00,2021-01-03 19:00:00+00:00,917.77,905.3548954944863,916.2191542404202,6.4557432390717295,5850.589334883905,5908.960734885115,58.37140000120962,0.00997701200000015,4,0.020037700077361414,take_profit
2021-01-03 20:00:00+00:00,2021-01-03 20:00:00+00:00,921.61,921.61,932.66932,0.5727934651983049,528.4206060674773,533.6926647952597,5.272058727782451,0.009977011999999919,1,0.0016601382363472322,take_profit
2021-01-03 21:00:00+00:00,2021-01-03 21:00:00+00:00,946.38,942.0020114129194,953.3060355498744,1.8232270213456208,1719.2027240940545,1736.3552303027736,17.15250620871916,0.009977012000000052,2,0.01049261396056547,take_profit
2021-01-03 22:00:00+00:00,2021-01-03 22:00:00+00:00,949.87,949.87,961.26844,0.5569312563613843,529.5418343143024,534.8250795497582,5.283245235455865,0.009977012000000111,1,0.004969101034878486,take_profit
2021-01-03 23:00:00+00:00,2021-01-03 23:00:00+00:00,991.73,977.1029882204945,988.8282240791405,6.640583560064785,6495.029069136328,6559.830052099449,64.80098296312099,0.009977011999999848,5,0.03703629011928652,take_profit
2021-01-04 00:00:00+00:00,2021-01-04 00:00:00+00:00,978.33,965.0956720192651,976.6768200834963,6.143064259473435,5934.579309063107,5993.7886780445815,59.209368981474654,0.009977012000000056,4,0.02464403626588167,take_profit
2021-01-04 01:00:00+00:00,2021-01-04 01:00:00+00:00,975.8,962.5998965138539,974.1510952720201,6.1931978940873815,5967.539191129461,6027.0774012498305,59.53821012036951,0.0099770120000001,4,0.020280795244927204,take_profit
2021-01-04 02:00:00+00:00,2021-01-04 02:00:00+00:00,966.96,966.96,978.56352,0.5568425180510509,538.9834246793235,544.3608687751503,5.377444095826718,0.00997701200000002,1,0.004922644163150483,take_profit
2021-01-04 03:00:00+00:00,2021-01-04 03:00:00+00:00,979.46,979.46,991.21352,0.5500102552296477,539.2522968841149,544.6324235211553,5.380126637040348,0.009977011999999947,1,0.0016539725971453703,take_profit
2021-01-04 04:00:00+00:00,2021-01-04 04:00:00+00:00,1021.41,1016.6849198813054,1028.885138919881,1.7239253492930833,1754.4433489763665,1771.9474513224234,17.504102346056925,0.009977011999999731,2,0.007499437052701626,take_profit
2021-01-04 05:00:00+00:00,2021-01-04 05:00:00+00:00,1027.7,1022.9458221106294,1035.2211719759568,1.716153543057927,1757.289386357818,1774.8218836529827,17.532497295164603,0.009977012000000009,2,0.010654860367811662,take_profit
2021-01-04 06:00:00+00:00,2021-01-04 06:00:00+00:00,1084.45,1084.45,1097.4634,0.498623136211748,541.2731331980282,546.6734217432225,5.400288545194371,0.009977012000000084,1,0.005403660841901542,take_profit
2021-01-04 07:00:00+00:00,2021-01-04 07:00:00+00:00,1104.99,1072.0729536413376,1084.9378290850336,8.459116357669592,9077.867726489083,9168.437721730676,90.56999524159255,0.009977011999999808,8,0.08415460773400665,take_profit
2021-01-04 08:00:00+00:00,2021-01-04 08:00:00+00:00,1044.3,1023.8448266656455,1036.1309645856334,7.431860132365479,7616.688237262318,7692.6800272057435,75.99178994342583,0.00997701200000011,6,0.05785693766159146,take_profit
2021-01-04 09:00:00+00:00,2021-01-04 09:00:00+00:00,1022.64,992.1761149981246,1004.0822283781021,9.280866136485525,9217.471178294156,9309.43399884965,91.96282055549455,0.009977011999999959,8,0.11112414926073691,take_profit
2021-01-04 10:00:00+00:00,2021-01-04 10:00:00+00:00,969.94,941.0460191086607,952.3385713379647,9.866951145694216,9294.549646041225,9387.28147939437,92.7318333531457,0.00997701199999964,8,0.0824174691218014,take_profit
2021-01-04 11:00:00+00:00,2021-01-04 11:00:00+00:00,965.28,951.04309889736,962.4556160841283,7.1998533162006515,6854.2250344803815,6922.609719900093,68.38468541971179,0.009977012000000089,5,0.032570860268523065,take_profit
2021-01-04 12:00:00+00:00,2021-01-04 12:00:00+00:00,976.97,963.7540693760401,975.3191182085526,6.491819875086746,6262.7806028739815,6325.264440102223,62.4838372282411,0.009977012000000025,4,0.02134149462112452,take_profit
2021-01-04 13:00:00+00:00,2021-01-04 13:00:00+00:00,1019.48,1004.4437038619682,1016.4970283083118,6.8968605434569605,6934.442591881258,7003.627608833767,69.18501695250961,0.009977011999999886,5,0.043365245026876484,take_profit
2021-01-04 14:00:00+00:00,2021-01-04 14:00:00+00:00,1012.56,1007.8758603058662,1019.9703706295367,1.834359192464167,1850.6570062210171,1869.1210333799684,18.46402715895124,0.009977012000000042,2,0.010873429722683093,take_profit
2021-01-04 15:00:00+00:00,2021-01-04 15:00:00+00:00,1043.26,1033.7856369148215,1046.1910645577993,3.6519378814619694,3779.100028789315,3816.8041551257465,37.70412633643173,0.009977012000000103,3,0.015557004006671413,take_profit
2021-01-04 16:00:00+00:00,2021-01-04 16:00:00+00:00,1040.0,1019.6290526977607,1031.8646013301338,7.815790062114161,7977.183800918952,8056.772259426927,79.58845850797479,0.0099770120000001,6,0.05572115384615389,take_profit
2021-01-04 17:00:00+00:00,2021-01-04 17:00:00+00:00,1010.29,996.6233341350497,1008.5828141446704,6.426937418467862,6411.647445716467,6475.6165292221485,63.96908350568174,0.009977011999999875,4,0.02448801829177762,take_profit
2021-01-04 18:00:00+00:00,2021-01-04 18:00:00+00:00,999.47,999.4699999999999,1011.4636399999999,0.5788226123886764,579.0949313354458,584.8725684145187,5.777637079072861,0.0099770119999999,1,0.000550291654576994,take_profit
2021-01-04 19:00:00+00:00,2021-01-04 19:00:00+00:00,1015.09,1015.09,1027.27108,0.5702001097205273,579.3838131893995,585.1643324461958,5.78051925679631,0.009977011999999851,1,0.0036252943088790784,take_profit
2021-01-04 20:00:00+00:00,2021-01-04 20:00:00+00:00,1042.16,1028.062213722974,1040.3989602876497,6.271252036655764,6453.690942561598,6518.079494539825,64.38855197822704,0.009977011999999794,4,0.023700775312811895,take_profit
2021-01-04 21:00:00+00:00,2021-01-04 21:00:00+00:00,1019.69,1005.8961759338101,1017.9669300450158,6.445043260295925,6489.53390316281,6554.280060789072,64.74615762626217,0.009977011999999997,4,0.02646882876168248,take_profit
2021-01-04 22:00:00+00:00,2021-01-04 22:00:00+00:00,1006.18,1006.18,1018.25416,0.5819470125204551,586.1295746324639,591.977396432127,5.847821799663052,0.00997701200000011,1,0.0029616967143054965,take_profit
2021-01-04 23:00:00+00:00,2021-01-04 23:00:00+00:00,1012.72,1008.0351201399984,1020.1315415816784,1.889865104681435,1906.957355201142,1925.9830916174724,19.025736416330346,0.009977012000000151,2,0.011483924480606679,take_profit
2021-01-05 00:00:00+00:00,2021-01-05 00:00:00+00:00,1041.45,1041.45,1053.9474,0.5634316378997747,587.3732525432636,593.2334825323668,5.860229989103232,0.009977012000000103,1,0.0,take_profit
2021-01-05 01:00:00+00:00,2021-01-05 01:00:00+00:00,1095.14,1078.987795589316,1091.9356491363878,6.67027816732651,7204.353088819995,7276.2310060393875,71.87791721939266,0.009977011999999792,5,0.030334021221031123,take_profit
2021-01-05 02:00:00+00:00,2021-01-05 02:00:00+00:00,1114.46,1098.0228451818666,1111.199119324049,6.594729071544144,7248.4115899304,7320.729079344076,72.31748941367641,0.00997701200000024,5,0.041526838109936626,take_profit
2021-01-05 03:00:00+00:00,2021-01-05 03:00:00+00:00,1078.47,1055.280431072793,1067.9437962456664,8.171931996450205,8632.312232143666,8718.436914871509,86.12468272784281,0.009977011999999846,7,0.0773966823370145,take_profit
2021-01-05 04:00:00+00:00,2021-01-05 04:00:00+00:00,1001.75,992.6526098761786,1004.5644411946928,3.9977572464568434,3972.356520867659,4011.9887695446337,39.63224867697454,0.009977011999999914,3,0.015722485650112302,take_profit
2021-01-05 05:00:00+00:00,2021-01-05 05:00:00+00:00,1004.05,989.2412807142946,1001.1121760828661,7.4425260990044,7369.823873802478,7443.352695029292,73.5288212268133,0.009977011999999931,5,0.02948060355559973,take_profit
2021-01-05 06:00:00+00:00,2021-01-05 06:00:00+00:00,989.9,985.3206862968881,997.1445345324507,1.9941571281255936,1966.851121189731,1986.4744184280546,19.62329723832363,0.009977012000000117,2,0.010980907162339635,take_profit
2021-01-05 07:00:00+00:00,2021-01-05 07:00:00+00:00,1015.16,1005.9408269946609,1018.0121169185969,3.9886597698924073,4016.3720796055077,4056.443472040197,40.07139243468919,0.009977012000000021,3,0.014017494779148133,take_profit
2021-01-05 08:00:00+00:00,2021-01-05 08:00:00+00:00,1003.52,1003.52,1015.56224,0.6050873240524504,607.8250564896045,613.889334372102,6.064277882497436,0.009977011999999955,1,9.964923469378693e-06,take_profit
2021-01-05 09:00:00+00:00,2021-01-05 09:00:00+00:00,1026.97,1026.97,1039.29364,0.5915656174117508,608.1282703837295,614.1955734348873,6.067303051157751,0.009977012000000061,1,0.004420771784959714,take_profit
2021-01-05 10:00:00+00:00,2021-01-05 10:00:00+00:00,1035.85,1021.8375720474234,1034.0996229119924,6.622479464326874,6773.872208970664,6841.455213286031,67.58300431536645,0.009977011999999945,4,0.0202828594873774,take_profit
2021-01-05 11:00:00+00:00,2021-01-05 11:00:00+00:00,1028.31,1028.31,1040.64972,0.5943722952867361,611.8107857520556,617.9148293032333,6.1040435511777105,0.009977012000000037,1,0.004123270220069832,take_profit
2021-01-05 12:00:00+00:00,2021-01-05 12:00:00+00:00,1042.23,1032.7649908572496,1045.1581707475366,3.9254275889936636,4058.1022903481844,4098.590025596216,40.48773524803164,0.009977012000000078,3,0.014353837444709935,take_profit
2021-01-05 13:00:00+00:00,2021-01-05 13:00:00+00:00,1028.98,1024.2199007836873,1036.5105395930916,1.9479180395713118,1997.0935147392227,2017.0185407008983,19.9250259616756,0.0099770120000001,2,0.008280044315730123,take_profit
2021-01-05 14:00:00+00:00,2021-01-05 14:00:00+00:00,1023.75,1009.901254412849,1022.0200694658032,6.774595587134702,6848.521102689777,6916.848879913566,68.32777722378887,0.00997701199999996,4,0.022222222222222223,take_profit
2021-01-05 15:00:00+00:00,2021-01-05 15:00:00+00:00,1047.94,1043.0921911283574,1055.6092974218977,1.9264177616670781,2011.442766812711,2031.510955434515,20.068188621803984,0.00997701200000018,2,0.011393782086760744,take_profit
2021-01-05 16:00:00+00:00,2021-01-05 16:00:00+00:00,1052.83,1043.2687269837159,1055.7879517075205,3.9331402273368887,4107.429627649848,4148.409502334067,40.979874684218885,0.0099770120000002,3,0.015710038657712987,take_profit
2021-01-05 17:00:00+00:00,2021-01-05 17:00:00+00:00,1065.85,1065.85,1078.6401999999998,0.5826183915171684,621.6054180165904,627.807182731407,6.201764714816591,0.009977012000000084,1,0.004831824365529731,take_profit
2021-01-05 18:00:00+00:00,2021-01-05 18:00:00+00:00,1081.99,1076.9846745796242,1089.9084906745798,1.8759363631612689,2022.3770907020248,2042.5543712044844,20.177280502459553,0.009977012000000179,2,0.011035222136988378,take_profit
2021-01-05 19:00:00+00:00,2021-01-05 19:00:00+00:00,1074.0,1058.1595891510908,1070.8575042209038,7.209644784212856,7636.591354142122,7712.781717721495,76.19036357937239,0.009977012000000025,5,0.03165735567970205,take_profit
2021-01-05 20:00:00+00:00,2021-01-05 20:00:00+00:00,1096.36,1086.403409397402,1099.4402503101708,3.8207340913530956,4155.013556803691,4196.468176920084,41.454620116393016,0.009977011999999978,3,0.01761282790324341,take_profit
2021-01-05 21:00:00+00:00,2021-01-05 21:00:00+00:00,1099.0,1084.13331242952,1097.1429121786741,6.450971391433576,7000.7136966796315,7070.559901239969,69.84620456033736,0.009977012000000044,4,0.022347588717015417,take_profit
2021-01-05 22:00:00+00:00,2021-01-05 22:00:00+00:00,1082.09,1082.09,1095.0750799999998,0.5837468517041735,632.2989296902593,638.6073836993662,6.3084540091068675,0.00997701199999999,1,0.0001386206322947847,take_profit
2021-01-05 23:00:00+00:00,2021-01-05 23:00:00+00:00,1108.18,1093.1891302712877,1106.307399834543,6.436272695479438,7043.106456616621,7113.375614251561,70.26915763494071,0.009977011999999888,4,0.02442743958562703,take_profit
2021-01-06 00:00:00+00:00,2021-01-06 00:00:00+00:00,1100.16,1083.933755680134,1096.9409607482955,7.187392450490156,7798.455748154991,7876.261034735803,77.80528658081221,0.009977012000000113,5,0.03356784467713793,take_profit
2021-01-06 01:00:00+00:00,2021-01-06 01:00:00+00:00,1081.01,1066.3866715827437,1079.1833116417367,6.675260690165604,7125.534563896725,7196.626107747137,71.09154385041256,0.009977012000000025,4,0.021970194540291026,take_profit
2021-01-06 02:00:00+00:00,2021-01-06 02:00:00+00:00,1071.81,1071.81,1084.67172,0.5998535926537623,643.5726517940229,649.9935838638438,6.4209320698208785,0.009977012000000141,1,0.0,take_profit
2021-01-06 03:00:00+00:00,2021-01-06 03:00:00+00:00,1077.47,1067.6849588852372,1080.49717839186,3.994163192988388,4268.776741227962,4311.3663780005145,42.589636772552694,0.0099770120000001,3,0.015285808421580208,take_profit
2021-01-06 04:00:00+00:00,2021-01-06 04:00:00+00:00,1075.49,1075.49,1088.39588,0.6000773201572357,646.0231802361416,652.4685612576358,6.4453810214942,0.00997701200000008,1,0.0022873294963226404,take_profit
2021-01-06 05:00:00+00:00,2021-01-06 05:00:00+00:00,1119.17,1102.663377458311,1115.8953379878108,7.178793527782519,7923.716433854391,8002.771447799552,79.05501394516159,0.00997701199999989,5,0.029307433187094167,take_profit
2021-01-06 06:00:00+00:00,2021-01-06 06:00:00+00:00,1101.8,1101.8,1115.0216,0.5896241620843072,650.2981999844742,656.7862329292977,6.488032944823544,0.00997701200000007,1,0.003893628607732768,take_profit
2021-01-06 07:00:00+00:00,2021-01-06 07:00:00+00:00,1113.16,1098.1017634795671,1111.278984641322,6.589876221433564,7243.598298166431,7315.867765310417,72.26946714398582,0.009977011999999967,4,0.02015882712278563,take_profit
2021-01-06 08:00:00+00:00,2021-01-06 08:00:00+00:00,1106.61,1096.560324047994,1109.71904793657,3.9514520356309513,4337.342867519101,4380.616589356453,43.27372183735224,0.009977011999999945,3,0.014006741309042935,take_profit
2021-01-06 09:00:00+00:00,2021-01-06 10:00:00+00:00,1110.85,1100.7618184985806,1113.9709603205636,3.949388091574351,4351.687304942964,4395.104141404628,43.41683646166348,0.00997701199999997,3,0.017869199261826448,take_profit
2021-01-06 11:00:00+00:00,2021-01-06 11:00:00+00:00,1114.71,1114.71,1128.08652,0.5902091416610254,658.5706029038656,665.1411697118847,6.570566808019066,0.009977011999999945,1,0.003319248952642432,take_profit
2021-01-06 12:00:00+00:00,2021-01-06 12:00:00+00:00,1151.88,1136.2979799102052,1149.9335556691276,6.449371597143999,7335.743661186167,7408.932463722745,73.1888025365779,0.009977011999999941,4,0.024620620203493527,take_profit
2021-01-06 13:00:00+00:00,2021-01-06 13:00:00+00:00,1143.84,1133.4522198959503,1147.0536465347018,3.871469252222727,4392.517936126891,4436.342140285846,43.82420415895467,0.00997701200000033,3,0.019967827668205273,take_profit
2021-01-06 14:00:00+00:00,2021-01-06 14:00:00+00:00,1134.99,1129.739494635928,1143.296368571559,1.9115080518041077,2161.6678082459257,2183.2347939088086,21.56698566288287,0.009977011999999803,2,0.009145455026035568,take_profit
2021-01-06 15:00:00+00:00,2021-01-06 15:00:00+00:00,1133.23,1133.23,1146.82876,0.5869614312463711,665.8281308621874,672.471106113737,6.642975251549615,0.009977012,1,0.002038421150163643,take_profit
2021-01-06 16:00:00+00:00,2021-01-06 16:00:00+00:00,1144.01,1144.01,1157.73812,0.5817205438284107,666.1602796247648,672.8065687285044,6.646289103739605,0.009977011999999955,1,0.0,take_profit
2021-01-06 17:00:00+00:00,2021-01-06 17:00:00+00:00,1173.09,1173.09,1187.16708,0.5675831364054523,666.4925940799519,673.1421986889989,6.649604609046946,0.009977012000000205,1,0.001781619483586015,take_profit
2021-01-06 18:00:00+00:00,2021-01-06 18:00:00+00:00,1192.27,1186.754515255269,1200.9955694383323,1.825354703570538,2168.4163527575365,2190.050668729995,21.634315972458353,0.009977012000000082,2,0.007171194444211424,take_profit
2021-01-06 19:00:00+00:00,2021-01-06 19:00:00+00:00,1191.77,1174.1926010824911,1188.282912295481,6.966365186532623,8188.042500966219,8269.73469925487,81.69219828865062,0.009977012000000077,5,0.035048709062990326,take_profit
2021-01-06 20:00:00+00:00,2021-01-06 20:00:00+00:00,1160.78,1143.6596721553099,1157.3835882211736,7.196090652193325,8238.116792880188,8320.308582980155,82.19179009996697,0.009977011999999978,5,0.03805199951756584,take_profit
2021-01-06 21:00:00+00:00,2021-01-06 21:00:00+00:00,1197.33,1181.1331564797426,1195.3067543574996,6.36653910228485,7527.2576834168285,7602.357223651371,75.09954023454247,0.009977012000000077,4,0.020128118396766065,take_profit
2021-01-06 22:00:00+00:00,2021-01-06 22:00:00+00:00,1181.23,1175.7655867001447,1189.8747737405465,1.8784187238384435,2210.7908837862306,2232.847970963257,22.05708717702646,0.009977012000000287,2,0.0068657247106830395,take_profit
2021-01-06 23:00:00+00:00,2021-01-06 23:00:00+00:00,1178.01,1178.01,1192.14612,0.5774805494674385,680.9588208990363,687.7527552266519,6.793934327615602,0.009977012000000098,1,0.0020882675019736983,take_profit
2021-01-07 00:00:00+00:00,2021-01-07 00:00:00+00:00,1208.75,1197.7727398930183,1212.1460127717346,3.7671921658276557,4516.756839005911,4561.820576189755,45.06373718384384,0.009977011999999955,3,0.017166494312306102,take_profit
2021-01-07 01:00:00+00:00,2021-01-07 02:00:00+00:00,1199.8,1188.9040192956716,1203.1708675272196,3.8078456000319596,4531.694633368705,4576.907405106159,45.212771737454204,0.009977011999999787,3,0.01657776296049331,take_profit
2021-01-07 03:00:00+00:00,2021-01-07 03:00:00+00:00,1196.53,1196.53,1210.88836,0.5725945281091327,685.812343061482,692.6547010379545,6.842357976472499,0.009977011999999966,1,0.0023902451254877856,take_profit
2021-01-07 04:00:00+00:00,2021-01-07 12:00:00+00:00,1213.17,1195.276972784384,1209.6202964577967,7.030448904077346,8411.74542880967,8495.66951389385,83.92408508417975,0.009977012000000063,5,0.04462688658638121,take_profit
2021-01-07 13:00:00+00:00,2021-01-07 13:00:00+00:00,1226.86,1215.7182739732352,1230.306893260914,3.760898025142615,4576.76922494067,4622.431706419134,45.66248147846363,0.009977011999999971,3,0.014557488221964936,take_profit
2021-01-07 14:00:00+00:00,2021-01-07 15:00:00+00:00,1218.01,1218.01,1232.62612,0.5680915226468987,692.6337892884376,699.5442049157735,6.910415627335965,0.009977011999999641,1,0.0024712440784558343,take_profit
2021-01-07 16:00:00+00:00,2021-01-07 16:00:00+00:00,1249.84,1244.0581943239745,1258.9868926558622,1.8095717683979269,2253.466052745512,2275.948910595346,22.48285784983409,0.009977011999999771,2,0.008929142930294962,take_profit
2021-01-07 17:00:00+00:00,2021-01-07 18:00:00+00:00,1263.97,1226.3170265921333,1241.032830911239,9.478458662764002,11635.230474471671,11751.315308538242,116.08483406657069,0.009977012000000098,8,0.10520028165225442,take_profit
2021-01-07 19:00:00+00:00,2021-01-07 19:00:00+00:00,1223.25,1205.2083030065844,1219.6708026426634,7.112272223138736,8580.349886456359,8665.956140237733,85.60625378137411,0.009977012000000044,5,0.043531575720416923,take_profit
2021-01-07 20:00:00+00:00,2021-01-07 20:00:00+00:00,1234.23,1228.5204067564484,1243.2626516375258,1.8620978114089834,2289.9150757682246,2312.761585958145,22.846510189920537,0.009977012000000021,2,0.008766599418260726,take_profit
2021-01-07 21:00:00+00:00,2021-01-07 21:00:00+00:00,1242.9,1242.9,1257.8148,0.5669201082398626,705.3303328641895,712.3674220591395,7.037089194949999,0.009977011999999981,1,0.002671172258428002,take_profit
2021-01-07 22:00:00+00:00,2021-01-07 22:00:00+00:00,1254.25,1242.859531756623,1257.7738461377025,3.7604677014792727,4678.411538184619,4725.088106242025,46.67656805740626,0.00997701199999997,3,0.013553916683276858,take_profit
2021-01-07 23:00:00+00:00,2021-01-07 23:00:00+00:00,1245.4,1227.031612969058,1241.7559923246868,7.06670639367208,8679.751896502712,8766.349885331141,86.59798882842915,0.009977011999999865,5,0.03528986670949096,take_profit
2021-01-08 00:00:00+00:00,2021-01-08 00:00:00+00:00,1224.86,1206.794557139297,1221.2760918249685,7.229151284660872,8732.833256321617,8819.960838513938,87.12758219232092,0.009977012000000122,5,0.0346243652335776,take_profit
2021-01-08 01:00:00+00:00,2021-01-08 01:00:00+00:00,1183.42,1172.6727742247745,1186.7448475154717,4.0477782032077165,4751.470765767934,4798.8762466156495,47.40548084771581,0.009977011999999988,3,0.01979009988000885,take_profit
2021-01-08 02:00:00+00:00,2021-01-08 02:00:00+00:00,1184.52,1149.2337985386632,1163.0246041211271,10.478053342075572,12053.78683043468,12174.047606287368,120.26077585268831,0.009977011999999962,8,0.10090163104042142,take_profit
2021-01-08 03:00:00+00:00,2021-01-08 03:00:00+00:00,1111.57,1111.57,1124.90884,0.6516553357015324,725.0856071128652,732.3197949160576,7.2341878031924125,0.009977012000000098,1,0.005361785582554438,take_profit
2021-01-08 04:00:00+00:00,2021-01-08 04:00:00+00:00,1150.1,1144.779595221791,1158.5169503644524,2.058639202016121,2359.047199591317,2382.583441810206,23.536242218888674,0.009977011999999875,2,0.00704286583775316,take_profit
2021-01-08 05:00:00+00:00,2021-01-08 05:00:00+00:00,1168.91,1153.0976071264697,1166.9347784119873,7.008651161292285,8089.748631902189,8170.46015107966,80.71151917747102,0.009977011999999914,4,0.02282468282416958,take_profit
2021-01-08 06:00:00+00:00,2021-01-08 06:00:00+00:00,1148.29,1137.861807232061,1151.5161489188458,4.252853195905726,4844.003226612549,4892.331904932501,48.328678319951905,0.009977011999999955,3,0.0199252801992527,take_profit
2021-01-08 07:00:00+00:00,2021-01-08 07:00:00+00:00,1175.22,1169.7833891805524,1183.820789850719,2.0358223287501938,2383.8549984933397,2407.6387484195675,23.783749926227756,0.009977011999999884,2,0.007521995881622095,take_profit
2021-01-08 08:00:00+00:00,2021-01-08 08:00:00+00:00,1208.2,1191.856112900224,1206.1583862550267,6.852040040974076,8174.820629301354,8256.380912817742,81.56028351638815,0.009977012000000122,4,0.021908624399933806,take_profit
2021-01-08 09:00:00+00:00,2021-01-08 09:00:00+00:00,1199.99,1194.4388022521496,1208.7720678791754,2.0081247949449845,2400.9831580049354,2424.937795784149,23.9546377792135,0.009977012000000151,2,0.01166676388969908,take_profit
2021-01-08 10:00:00+00:00,2021-01-08 10:00:00+00:00,1221.51,1221.51,1236.16812,0.6048264287462909,739.5410720499318,746.9194822002668,7.3784101503349575,0.009977011999999896,1,0.004322518849620529,take_profit
2021-01-08 11:00:00+00:00,2021-01-08 11:00:00+00:00,1251.47,1245.680653884197,1260.6288217308074,1.9296049869018685,2406.0776795016286,2430.0831453829487,24.005465881320106,0.009977012000000084,2,0.009165221699281667,take_profit
2021-01-08 12:00:00+00:00,2021-01-08 12:00:00+00:00,1255.24,1238.2597807952964,1253.11889816484,6.65674257267698,8251.027626480194,8333.34822812192,82.32060164172617,0.009977012000000212,4,0.024186609732003362,take_profit
2021-01-08 13:00:00+00:00,2021-01-08 13:00:00+00:00,1249.91,1233.001882200893,1247.7979047873039,6.722257304131382,8296.85276139409,8379.630560956752,82.77779956266204,0.009977012000000009,4,0.022633629621332887,take_profit
2021-01-08 14:00:00+00:00,2021-01-08 15:00:00+00:00,1250.0,1225.5156883386544,1240.2218765987182,8.520335131479634,10452.256630161446,10556.538919987643,104.28228982619657,0.009977011999999643,6,0.06262399999999997,take_profit
2021-01-08 16:00:00+00:00,2021-01-08 16:00:00+00:00,1216.93,1211.3004371908999,1225.8360424371906,2.023714546800747,2453.7800953847136,2478.2614888417274,24.481393457013837,0.009977011999999758,2,0.012268577485968843,take_profit
2021-01-08 17:00:00+00:00,2021-01-08 17:00:00+00:00,1227.22,1216.0750046341345,1230.667904689744,4.1162639647532675,5010.696416429079,5060.688194704149,49.99177827506992,0.009977011999999999,3,0.014650999820733054,take_profit
2021-01-08 18:00:00+00:00,2021-01-08 18:00:00+00:00,1215.59,1197.6612802385234,1212.0332156013858,7.7542260837694075,9296.23257131754,9388.981195236363,92.7486239188238,0.009977011999999768,5,0.03503648434093726,take_profit
2021-01-08 19:00:00+00:00,2021-01-08 19:00:00+00:00,1182.55,1182.55,1196.7405999999999,0.6445202738111742,762.9403901855895,770.5522556137557,7.6118654281661975,0.009977011999999855,1,0.0024692402012598583,take_profit
2021-01-08 20:00:00+00:00,2021-01-08 20:00:00+00:00,1184.75,1167.2761389634588,1181.2834526310203,8.008723705000278,9357.749834232083,9451.112216621215,93.36238238913211,0.009977012000000065,5,0.03510445241612148,take_profit
2021-01-08 21:00:00+00:00,2021-01-08 21:00:00+00:00,1146.34,1141.036989119683,1154.7294329891192,2.1865105359596555,2497.3867854152854,2522.3032433420144,24.91645792672898,0.0099770119999997,2,0.009447458869096367,take_profit
2021-01-08 22:00:00+00:00,2021-01-08 22:00:00+00:00,1193.63,1177.4832081121456,1191.6130066094913,7.265992949326735,8564.148836930404,8649.593452646246,85.44461571584179,0.009977012000000129,4,0.022888164674145388,take_profit
2021-01-08 23:00:00+00:00,2021-01-08 23:00:00+00:00,1216.85,1211.2208072738338,1225.7554569611198,2.0746137555854696,2515.3306785001328,2540.4261628634968,25.095484363363994,0.00997701200000001,2,0.006960594978838641,take_profit
2021-01-09 00:00:00+00:00,2021-01-09 00:00:00+00:00,1216.72,1198.7746138844643,1213.1599092510778,7.915173755475651,9498.00736991869,9592.769103424454,94.76173350576391,0.009977011999999652,5,0.02768097836807159,take_profit
2021-01-09 01:00:00+00:00,2021-01-09 01:00:00+00:00,1197.91,1181.705310548177,1195.8857742747552,7.336647312473049,8678.433524292705,8765.018359705777,86.58483541307214,0.009977012000000177,4,0.022163601606130828,take_profit
2021-01-09 02:00:00+00:00,2021-01-09 02:00:00+00:00,1198.26,1187.3780048018266,1201.6265408594486,4.372071202979226,5196.49767952452,5248.343199231108,51.845519706587766,0.009977011999999898,3,0.017425266636623006,take_profit
2021-01-09 03:00:00+00:00,2021-01-09 03:00:00+00:00,1199.66,1199.66,1214.05592,0.6548814775629048,786.4215349080225,794.2676719988582,7.8461370908356685,0.009977011999999884,1,0.0062934498107798725,take_profit
2021-01-09 04:00:00+00:00,2021-01-09 10:00:00+00:00,1226.53,1208.4399263328555,1222.9412054488498,7.974007569667083,9645.754874941065,9741.990687077408,96.23581213634316,0.009977011999999756,5,0.043113499058318905,take_profit
2021-01-09 11:00:00+00:00,2021-01-09 11:00:00+00:00,1218.39,1218.39,1233.01068,0.6490811700169996,791.6256323693816,799.5236908030384,7.898058433656843,0.009977011999999917,1,0.0031927379574685443,take_profit
2021-01-09 12:00:00+00:00,2021-01-09 14:00:00+00:00,1220.65,1215.0032283344747,1229.5832670744883,2.1176552053063755,2575.5334443909423,2601.2295724720316,25.696128081089228,0.009977011999999792,2,0.00790562405275885,take_profit
2021-01-09 15:00:00+00:00,2021-01-09 16:00:00+00:00,1223.17,1206.6236067010152,1221.1030899814275,7.312388571217255,8832.132804205654,8920.251099178808,88.11829497315375,0.009977012000000033,4,0.023782466868873618,take_profit
2021-01-09 17:00:00+00:00,2021-01-09 17:00:00+00:00,1200.89,1200.89,1215.30068,0.6636024491729738,797.7112564437764,805.670031221851,7.9587747780745985,0.009977011999999955,1,0.00048297512678109947,take_profit
2021-01-09 18:00:00+00:00,2021-01-09 20:00:00+00:00,1222.51,1222.51,1237.18012,0.6521918724488941,798.1091951826802,806.0719402003281,7.962745017647876,0.009977011999999917,1,0.004065406417943434,take_profit
2021-01-09 21:00:00+00:00,2021-01-09 21:00:00+00:00,1271.14,1265.259659742829,1280.442775659743,2.0501964953746508,2596.6275476913625,2622.5341318942096,25.90658420284717,0.009977011999999952,2,0.007583743726104205,take_profit
2021-01-09 22:00:00+00:00,2021-01-09 22:00:00+00:00,1287.95,1281.991896066347,1297.375798819143,2.026720242606957,2600.8397663821215,2626.7883759413926,25.948609559271063,0.009977011999999785,2,0.009029853643386862,take_profit
2021-01-09 23:00:00+00:00,2021-01-09 23:00:00+00:00,1286.65,1274.9652912375198,1290.26487473237,4.161435567372937,5310.996907028838,5363.984786902228,52.98787987338983,0.009977012000000044,3,0.015388800373061968,take_profit
2021-01-10 00:00:00+00:00,2021-01-10 00:00:00+00:00,1276.0,1276.0,1291.3120000000001,0.6292678186749394,803.749486115338,811.7685043833047,8.019018267966771,0.009977012000000262,1,0.00170846394984331,take_profit
2021-01-10 01:00:00+00:00,2021-01-10 01:00:00+00:00,1289.85,1289.85,1305.3282,0.6228214804757977,804.1504370287363,812.1734555887772,8.023018560040896,0.009977011999999938,1,0.003589564678063249,take_profit
2021-01-10 02:00:00+00:00,2021-01-10 02:00:00+00:00,1323.5,1317.3774404626038,1333.185969748155,1.9839919892042919,2616.2825712074673,2642.385253815795,26.10268260832754,0.009977011999999917,2,0.010253116735927418,take_profit
2021-01-10 03:00:00+00:00,2021-01-10 03:00:00+00:00,1337.99,1319.8903828003397,1335.7290673939438,6.790639397933678,8971.871505903655,9061.383975580513,89.51246967685802,0.009977011999999908,4,0.0250226085396752,take_profit
2021-01-10 04:00:00+00:00,2021-01-10 04:00:00+00:00,1310.91,1310.91,1326.64092,0.6175267663115138,810.3323455709976,818.4170411067477,8.08469553575003,0.009977012000000049,1,0.003592923999359251,take_profit
2021-01-10 05:00:00+00:00,2021-01-10 05:00:00+00:00,1318.69,1312.5896916990034,1328.3407679993916,2.0065362935379314,2636.3952501679823,2662.6985972156517,26.303347047669376,0.009977012000000157,2,0.009820352016015929,take_profit
2021-01-10 06:00:00+00:00,2021-01-10 07:00:00+00:00,1315.54,1315.54,1331.32648,0.6166590874868636,812.0517477001687,820.1535977315942,8.101850031425556,0.009977012,1,0.0015658968940510706,take_profit
2021-01-10 08:00:00+00:00,2021-01-10 13:00:00+00:00,1344.77,1304.7100388856563,1320.3665593522842,10.428037136133934,13619.183921307682,13755.062682720774,135.87876141309243,0.0099770119999999,8,0.08014009830677364,take_profit
2021-01-10 14:00:00+00:00,2021-01-10 14:00:00+00:00,1309.77,1292.0521279534232,1307.5567534888644,7.052247203473277,9120.991998099325,9211.992244716266,91.00024661694079,0.009977011999999983,4,0.020400528337036296,take_profit
2021-01-10 15:00:00+00:00,2021-01-10 15:00:00+00:00,1296.24,1284.4681996764639,1299.8818180725814,4.24769771454019,5461.494130295565,5515.983522771452,54.48939247588714,0.009977011999999768,3,0.015614392396469796,take_profit
2021-01-10 16:00:00+00:00,2021-01-10 16:00:00+00:00,1303.4,1303.4,1319.0408000000002,0.6334960372616304,826.5252602270361,834.7715126666244,8.246252439588261,0.009977011999999999,1,0.005562375326070277,take_profit
2021-01-10 17:00:00+00:00,2021-01-10 17:00:00+00:00,1297.38,1278.2449606823484,1293.5839002105365,7.922976241796143,10137.64209677867,10238.785473629936,101.1433768512652,0.009977011999999926,5,0.037606560915075145,take_profit
2021-01-10 18:00:00+00:00,2021-01-10 18:00:00+00:00,1300.81,1283.2133340686476,1298.6118940774713,7.211280985291755,9262.87479083291,9355.290603775546,92.41581294263597,0.009977011999999843,4,0.021378986938907257,take_profit
2021-01-10 19:00:00+00:00,2021-01-10 19:00:00+00:00,1283.64,1266.2756006979337,1281.4709079063089,7.34832548984515,9314.319593370976,9407.248671725873,92.92907835489677,0.009977011999999938,4,0.022132373562681187,take_profit
2021-01-10 20:00:00+00:00,2021-01-10 20:00:00+00:00,1263.32,1236.1557337551167,1250.9896025601781,9.865616586122842,12207.646156121451,12329.44198831283,121.7958321913793,0.009977012000000141,7,0.07386885349713448,take_profit
2021-01-10 21:00:00+00:00,2021-01-10 21:00:00+00:00,1258.33,1258.33,1273.42996,0.672720531250275,847.3517778660245,855.8058167220152,8.454038855990689,0.009977012000000033,1,0.0037589503548353916,take_profit
2021-01-10 22:00:00+00:00,2021-01-10 22:00:00+00:00,1270.59,1264.7122040629993,1279.8887505117552,2.1776339045825766,2756.837012119064,2784.3420080710207,27.504995951956516,0.00997701200000017,2,0.007138416011459194,take_profit
2021-01-10 23:00:00+00:00,2021-01-10 23:00:00+00:00,1273.08,1261.5185271586379,1276.6567494845415,4.4580547475987355,5629.548207390721,5685.714277410436,56.166070019715335,0.009977011999999934,3,0.014838030602947083,take_profit
2021-01-11 00:00:00+00:00,2021-01-11 00:00:00+00:00,1254.24,1235.7412319337652,1250.5701267169704,8.443458680373357,10444.374405872288,10548.57805465217,104.2036487798814,0.00997701200000007,5,0.040789641535910255,take_profit
2021-01-11 01:00:00+00:00,2021-01-11 01:00:00+00:00,1219.04,1202.5494751447516,1216.9800688464886,7.927820454790536,9543.139466416602,9638.351483390714,95.21201697411198,0.009977011999999993,4,0.025331408321301912,take_profit
2021-01-11 02:00:00+00:00,2021-01-11 02:00:00+00:00,1208.26,1190.439390305118,1204.7246629887793,8.867349568872452,10566.608823214086,10672.032006242598,105.42318302851163,0.009977011999999888,5,0.030672206313210687,take_profit
2021-01-11 03:00:00+00:00,2021-01-11 03:00:00+00:00,1186.11,1142.1875594136873,1155.8938101266515,13.568463984100337,15513.244006999077,15668.019828615836,154.77582161675855,0.009977012000000044,10,0.14770974024331635,take_profit
2021-01-11 04:00:00+00:00,2021-01-11 04:00:00+00:00,1105.02,1088.7220756086945,1101.7867405159989,9.842158356984296,10726.101176061462,10833.115616208242,107.01444014678054,0.009977012000000115,5,0.049790954009882156,take_profit
2021-01-11 05:00:00+00:00,2021-01-11 05:00:00+00:00,1114.0,1097.569629715377,1110.7404652719615,9.822525218837368,10791.697064373657,10899.365955485278,107.66889111162163,0.009977012000000082,5,0.03063734290843816,take_profit
2021-01-11 06:00:00+00:00,2021-01-11 06:00:00+00:00,1094.18,1070.6526301809308,1083.500461743102,11.99198122841826,12852.09834162799,12980.323881007589,128.22553937959856,0.009977011999999688,7,0.072364693194904,take_profit
2021-01-11 07:00:00+00:00,2021-01-11 07:00:00+00:00,1027.93,1018.5948562715454,1030.817994546804,5.800415825298229,5914.187911796644,5973.193835562894,59.00592376624991,0.009977011999999974,3,0.016372710204002258,take_profit
2021-01-11 08:00:00+00:00,2021-01-11 08:00:00+00:00,1071.98,1067.0209812067262,1079.825232981207,2.7249783729954915,2910.519616937695,2939.557906082118,29.038289144422833,0.009977012000000016,2,0.00837702195936493,take_profit
2021-01-11 09:00:00+00:00,2021-01-11 09:00:00+00:00,1108.69,1093.6922312624972,1106.8165380376472,9.116734108978113,9980.882151626814,10080.46153262418,99.57938099736566,0.009977011999999912,4,0.022016974988500013,take_profit
2021-01-11 10:00:00+00:00,2021-01-11 10:00:00+00:00,1135.3,1119.9422653332426,1133.3815725172415,8.952495739642686,10036.31467371535,10136.447105650781,100.13243193543167,0.009977011999999756,4,0.02294547696644055,take_profit
2021-01-11 11:00:00+00:00,2021-01-11 11:00:00+00:00,1112.01,1095.6089801973037,1108.7562879596715,10.132778139739777,11112.675399645474,11223.546695459843,110.87129581436966,0.009977012000000177,5,0.04302119585255521,take_profit
2021-01-11 12:00:00+00:00,2021-01-11 12:00:00+00:00,1067.65,1051.90324521151,1064.5260841540482,10.618329027012248,11180.635397635395,11292.18473116523,111.54933352983426,0.009977012000000103,5,0.02716245960754929,take_profit
2021-01-11 13:00:00+00:00,2021-01-11 13:00:00+00:00,1073.3,1057.4699134412156,1070.1595524025101,10.627027638124343,11249.011007632385,11361.242525443668,112.23151781128217,0.009977012000000158,5,0.0444144228081616,take_profit
2021-01-11 14:00:00+00:00,2021-01-11 14:00:00+00:00,1026.24,1004.1734954000972,1016.2235773448983,13.327704961678291,13396.72480183154,13530.38408594011,133.6592841085694,0.00997701199999989,7,0.07429061428125976,take_profit
2021-01-11 15:00:00+00:00,2021-01-11 15:00:00+00:00,1038.53,1018.1878462482742,1030.4061004032535,12.725784939376698,12970.209769011699,13099.613707519644,129.40393850794499,0.00997701199999985,6,0.06287733623487039,take_profit
2021-01-11 16:00:00+00:00,2021-01-11 16:00:00+00:00,977.21,958.0689486411331,969.5657760248267,13.618431737868333,13060.45703427483,13190.761370831271,130.30433655644083,0.009977011999999728,6,0.06366083032306263,take_profit
2021-01-11 17:00:00+00:00,2021-01-11 17:00:00+00:00,963.57,949.3583196632368,960.7506194991956,12.163337437767664,11558.924515931982,11674.248044534528,115.3235286025465,0.009977011999999907,5,0.046846622456074904,take_profit
2021-01-11 18:00:00+00:00,2021-01-11 18:00:00+00:00,998.15,989.0853032671902,1000.9543269063964,6.352169244994908,6289.126370460767,6351.873059728371,62.74668926760387,0.009977012000000056,3,0.015428542804187725,take_profit
2021-01-11 19:00:00+00:00,2021-01-11 19:00:00+00:00,993.52,978.8665875357461,990.6129865861751,11.908064937299915,11668.07496429313,11784.487488228782,116.41252393565264,0.009977012000000044,5,0.04883646026250099,take_profit
2021-01-11 20:00:00+00:00,2021-01-11 20:00:00+00:00,984.15,970.836942154242,982.4869854600929,10.97052077413126,10661.248090287467,10767.61549041924,106.36740013177405,0.009977011999999898,4,0.026571152771427096,take_profit
2021-01-11 21:00:00+00:00,2021-01-11 21:00:00+00:00,1019.99,1010.7269633617207,1022.8556869220613,6.309705403410566,6383.773155251453,6447.464136626675,63.69098137522178,0.009977012000000026,3,0.01371582074334063,take_profit
2021-01-11 22:00:00+00:00,2021-01-11 22:00:00+00:00,1032.05,1027.2756988510996,1039.6030072373128,3.055141512127504,3141.6142462059925,3172.958169239761,31.343923033768533,0.009977012000000125,2,0.009398769439465077,take_profit
2021-01-11 23:00:00+00:00,2021-01-11 23:00:00+00:00,1057.86,1057.86,1070.55432,0.9138256308359416,967.6672490851943,977.3216768413243,9.654427756130076,0.009977012000000108,1,0.00018906093433896558,take_profit
2021-01-12 00:00:00+00:00,2021-01-12 00:00:00+00:00,1087.0,1070.9678523344837,1083.8194665624976,11.071231188253906,11868.801489872712,11987.216664762791,118.41517489007856,0.009977012000000052,5,0.04476540938362473,take_profit
2021-01-12 01:00:00+00:00,2021-01-12 01:00:00+00:00,1061.87,1052.2266302462867,1064.8533498092422,6.131065546304917,6457.728167775308,6522.15699919794,64.42883142263236,0.009977012000000014,3,0.019550415775942433,take_profit
2021-01-12 02:00:00+00:00,2021-01-12 02:00:00+00:00,1055.12,1050.2389761850413,1062.841843899262,3.0229608860608415,3178.0093553793427,3209.716392854075,31.70703747473226,0.009977012000000092,2,0.010472742436879175,take_profit
2021-01-12 03:00:00+00:00,2021-01-12 03:00:00+00:00,1069.27,1069.27,1082.10124,0.9145479113224074,978.8775226623729,988.6437954525057,9.766272790132803,0.009977012000000037,1,0.006228548448941878,take_profit
2021-01-12 04:00:00+00:00,2021-01-12 04:00:00+00:00,1088.72,1083.6835413528113,1096.687743849045,2.935882787182123,3184.752608418704,3216.5269234099287,31.774314991224855,0.009977012000000045,2,0.011453817326769075,take_profit
2021-01-12 05:00:00+00:00,2021-01-12 05:00:00+00:00,1095.25,1095.25,1108.393,0.89474877653448,980.9545520514407,990.7415473887127,9.786995337271946,0.0099770120000001,1,0.00292170737274599,take_profit
2021-01-12 06:00:00+00:00,2021-01-12 06:00:00+00:00,1129.6,1129.6,1143.1552,0.8679731390903737,981.4439018183043,991.2357794040723,9.79187758576802,0.009977011999999976,1,0.005754249291784703,take_profit
2021-01-12 07:00:00+00:00,2021-01-12 07:00:00+00:00,1138.0,1132.7355702655404,1146.328397108727,2.816111048208196,3193.102256379579,3224.9598759087053,31.85761952912617,0.009977012000000009,2,0.013181019332161687,take_profit
2021-01-12 08:00:00+00:00,2021-01-12 08:00:00+00:00,1139.25,1122.4472178215826,1135.9165844354416,10.73123737479985,12057.304839967042,12177.600715043052,120.2958750760099,0.009977012000000054,5,0.02987930656133418,take_profit
2021-01-12 09:00:00+00:00,2021-01-12 09:00:00+00:00,1116.8,1111.633642243019,1124.9732459499353,2.8918011511108515,3217.8412875394506,3249.945728679327,32.1044411398766,0.009977012000000016,2,0.008595988538681867,take_profit
2021-01-12 10:00:00+00:00,2021-01-12 10:00:00+00:00,1114.89,1098.4465031179325,1111.6278611553478,11.05067004565687,12150.720589351224,12271.94847447983,121.22788512860643,0.00997701200000018,5,0.04389670729847792,take_profit
2021-01-12 11:00:00+00:00,2021-01-12 11:00:00+00:00,1084.49,1084.49,1097.50388,0.9185982157092573,997.2077867412736,1007.1569407960848,9.949154054811174,0.009977012000000047,1,0.0002305231030253852,take_profit
2021-01-12 12:00:00+00:00,2021-01-12 12:00:00+00:00,1099.15,1089.1680720193679,1102.2380888836003,6.066833947584907,6614.416250202907,6680.408360504177,65.99211030127026,0.009977012000000129,3,0.014875130782877801,take_profit
2021-01-12 13:00:00+00:00,2021-01-12 13:00:00+00:00,1086.82,1065.531968320173,1078.3183519400152,13.090364432978323,13962.163944244021,14101.464621461713,139.30067721769228,0.009977012000000169,6,0.05739680903921522,take_profit
2021-01-12 14:00:00+00:00,2021-01-12 14:00:00+00:00,1025.71,1016.3950171960024,1028.5917574023545,6.5681004211891425,6682.467007547157,6749.1380610710585,66.67105352390172,0.009977011999999947,3,0.01889422936307533,take_profit
2021-01-12 15:00:00+00:00,2021-01-12 15:00:00+00:00,1035.7,1035.7,1048.1284,0.975467928029025,1011.3034364961575,1021.3932230177209,10.089786521563383,0.009977011999999981,1,0.00017379550062765633,take_profit
2021-01-12 16:00:00+00:00,2021-01-12 16:00:00+00:00,1053.54,1053.54,1066.18248,0.9594283253568099,1011.8079258222357,1021.9027456398592,10.094819817623488,0.009977011999999934,1,0.0007118856426903583,take_profit
2021-01-12 17:00:00+00:00,2021-01-12 17:00:00+00:00,1106.8,1101.6799026097542,1114.9000614410713,2.985076628536814,3291.89082022932,3324.7340544454382,32.84323421611816,0.00997701200000012,2,0.009550054210336048,take_profit
2021-01-12 18:00:00+00:00,2021-01-12 18:00:00+00:00,1117.65,1102.531025147273,1115.7613974490405,10.228654012074053,11288.697090899672,11401.324557239945,112.6274663402728,0.00997701200000015,4,0.024050463025097397,take_profit
2021-01-12 19:00:00+00:00,2021-01-12 19:00:00+00:00,1104.39,1088.1013674698072,1101.158583879445,11.475835420538091,12499.37158553148,12624.077965832787,124.70638030130613,0.009977011999999962,5,0.04006736750604405,take_profit
2021-01-12 20:00:00+00:00,2021-01-12 20:00:00+00:00,1082.76,1068.112998513364,1080.9303544955242,10.681821244704075,11420.812932196819,11534.7585198711,113.94558767428134,0.009977011999999869,4,0.021482138239314337,take_profit
2021-01-12 21:00:00+00:00,2021-01-12 21:00:00+00:00,1080.73,1064.7903284760316,1077.567812417744,11.864317705267519,12645.65640293874,12771.822268618736,126.1658656799973,0.009977012000000052,5,0.02678744922413558,take_profit
2021-01-12 22:00:00+00:00,2021-01-12 22:00:00+00:00,1077.73,1061.8345754337104,1074.576590338915,11.970102225380437,12722.991405790739,12849.92884372221,126.93743793147041,0.009977011999999948,5,0.03408089224573874,take_profit
2021-01-12 23:00:00+00:00,2021-01-12 23:00:00+00:00,1052.91,1038.6667934396412,1051.130794960917,11.181171624576848,11625.136815012553,11741.120944517574,115.98412950502097,0.00997701199999991,4,0.026507488769220617,take_profit
2021-01-13 00:00:00+00:00,2021-01-13 00:00:00+00:00,1050.36,1029.786126722711,1042.1435602433837,14.207354121567398,14645.181353180014,14791.29650328287,146.1151501028562,0.009977012000000202,6,0.05986518907803028,take_profit
2021-01-13 01:00:00+00:00,2021-01-13 01:00:00+00:00,991.31,991.3100000000001,1003.20572,1.0654806775592727,1057.2789294006832,1067.8274139666612,10.548484565978015,0.009977012000000233,1,0.0014929739435695238,take_profit
2021-01-13 02:00:00+00:00,2021-01-13 02:00:00+00:00,1031.17,1021.805432219635,1034.0670974062707,6.856345894409821,7012.864344429176,7082.831776147918,69.96743171874277,0.009977012000000108,3,0.015652123316233113,take_profit
2021-01-13 03:00:00+00:00,2021-01-13 03:00:00+00:00,1030.73,1030.73,1043.09876,1.02863351264609,1061.3047252149192,1071.8933751940451,10.588649979125876,0.009977011999999928,1,0.002027689113540809,take_profit
2021-01-13 04:00:00+00:00,2021-01-13 04:00:00+00:00,1046.72,1031.2819414862472,1043.6573247840822,12.609823178694,13017.300229751581,13147.173990351417,129.8737605998358,0.009977012000000117,5,0.026855319474166934,take_profit
2021-01-13 05:00:00+00:00,2021-01-13 05:00:00+00:00,1023.58,1018.8448813817241,1031.0710199583048,3.406377067897572,3474.043883567094,3508.7044610819694,34.66057751487551,0.009977012000000004,2,0.012495359424764138,take_profit
2021-01-13 06:00:00+00:00,2021-01-13 06:00:00+00:00,1036.24,1036.24,1048.67488,1.0316054328582098,1070.060874619611,1080.7368848064214,10.676010186810345,0.009977011999999992,1,0.004217169767621515,take_profit
2021-01-13 07:00:00+00:00,2021-01-13 07:00:00+00:00,1044.49,1044.49,1057.02388,1.02396775503243,1070.5946751289516,1081.2760110498493,10.681335920897709,0.009977012000000054,1,0.0020296987046310813,take_profit
2021-01-13 08:00:00+00:00,2021-01-13 08:00:00+00:00,1076.33,1061.7699801339993,1074.5112198956074,11.220234435272591,11925.233326764957,12044.211522768894,118.97819600393632,0.009977012000000203,4,0.020244720485352974,take_profit
2021-01-13 09:00:00+00:00,2021-01-13 09:00:00+00:00,1059.55,1059.55,1072.2646,1.0155260007299967,1077.0776517251932,1087.823668381387,10.746016656193888,0.009977011999999829,1,0.005436270114671314,take_profit
2021-01-13 10:00:00+00:00,2021-01-13 10:00:00+00:00,1060.2,1060.2,1072.9224000000002,1.0154096751607666,1077.6149525580029,1088.3663298710535,10.751377313050625,0.009977012,1,9.43218260706814e-05,take_profit
2021-01-13 11:00:00+00:00,2021-01-13 11:00:00+00:00,1079.61,1065.0056100382474,1077.7856773587064,11.259497471893628,12003.43140518336,12123.189784354052,119.75837917069111,0.009977011999999988,4,0.021869008252980153,take_profit
2021-01-13 12:00:00+00:00,2021-01-13 12:00:00+00:00,1061.64,1051.9987189907129,1064.6227036186015,6.825352547520195,7187.449586237481,7259.158857008768,71.70927077128727,0.009977012000000124,3,0.015607927357673187,take_profit
2021-01-13 13:00:00+00:00,2021-01-13 13:00:00+00:00,1057.58,1057.58,1070.2709599999998,1.0274761039513167,1087.7259039207543,1098.5781583168823,10.852254396128046,0.009977011999999848,1,0.005947540611584905,take_profit
2021-01-13 14:00:00+00:00,2021-01-13 14:00:00+00:00,1067.2,1057.508225864595,1070.1983245749702,6.8156466393608035,7214.817202913346,7286.7995207246195,71.98231781127379,0.009977012000000125,3,0.015001874062968507,take_profit
2021-01-13 15:00:00+00:00,2021-01-13 15:00:00+00:00,1055.99,1055.99,1068.66188,1.0329413771897398,1091.8676325311244,1102.761209003299,10.893576472174573,0.009977011999999959,1,0.006231119612875053,take_profit
2021-01-13 16:00:00+00:00,2021-01-13 17:00:00+00:00,1071.14,1066.1848670775319,1078.9790854824623,3.328513416622072,3552.3629976646507,3587.8049659207063,35.44196825605559,0.00997701199999983,2,0.009671938308717933,take_profit
2021-01-13 18:00:00+00:00,2021-01-13 18:00:00+00:00,1074.47,1074.47,1087.36364,1.0173296838048234,1094.1844097675362,1105.1011007539998,10.916690986463664,0.009977012000000035,1,0.0027641534896274697,take_profit
2021-01-13 19:00:00+00:00,2021-01-13 20:00:00+00:00,1103.51,1098.4051222704102,1111.5859837376552,3.2377313247927786,3559.9005722600086,3595.4177429882543,35.517170728245674,0.009977012000000196,2,0.011110003534177298,take_profit
2021-01-13 21:00:00+00:00,2021-01-13 21:00:00+00:00,1110.87,1105.7310746404928,1118.9998475361788,3.221497349061379,3565.6754011302683,3601.2501873954493,35.57478626518105,0.009977011999999872,2,0.00794872487329744,take_profit
2021-01-13 22:00:00+00:00,2021-01-13 22:00:00+00:00,1126.89,1116.6561512786295,1130.0560250939732,6.514037916989836,7281.221731400332,7353.866567989175,72.64483658884274,0.009977012000000117,3,0.016603217705366127,take_profit
2021-01-13 23:00:00+00:00,2021-01-13 23:00:00+00:00,1118.23,1118.23,1131.64876,0.984426430083236,1101.917083995973,1112.9109239660058,10.993839970032923,0.009977012000000084,1,0.0,take_profit
2021-01-14 00:00:00+00:00,2021-01-14 00:00:00+00:00,1129.79,1129.79,1143.34748,0.9748398456513866,1102.4667759944746,1113.4661002481726,10.999324253697978,0.009977011999999813,1,0.0010621442923021496,take_profit
2021-01-14 01:00:00+00:00,2021-01-14 07:00:00+00:00,1133.99,1117.2647974873794,1130.6719750572279,12.090818642268799,13522.168210021098,13657.0790445185,134.91083449740108,0.009977012000000153,5,0.04170230778049186,take_profit
2021-01-14 08:00:00+00:00,2021-01-14 08:00:00+00:00,1147.85,1147.85,1161.6242,0.9658513931681819,1109.7622839320295,1120.834395555967,11.072111623937417,0.009977012000000136,1,2.613581914010778e-05,take_profit
2021-01-14 09:00:00+00:00,2021-01-14 10:00:00+00:00,1157.01,1151.6576293083772,1165.4775208600777,3.1319830710788747,3610.5827814541212,3646.6056091916826,36.02282773756133,0.00997701200000005,2,0.013163239729993706,take_profit
2021-01-14 11:00:00+00:00,2021-01-14 13:00:00+00:00,1168.85,1158.2350916433957,1172.1339127431165,6.3592884974677855,7372.924019671063,7446.48377109041,73.55975141934687,0.009977012000000058,3,0.018257261410788313,take_profit
2021-01-14 14:00:00+00:00,2021-01-14 14:00:00+00:00,1193.41,1193.41,1207.7309200000002,0.9340287273046153,1115.7950184710721,1126.9273187598983,11.132300288826173,0.009977012000000058,1,0.005086265407529821,take_profit
2021-01-14 15:00:00+00:00,2021-01-14 15:00:00+00:00,1208.39,1202.799943544092,1217.233542866621,3.015114804424744,3630.210126667706,3666.428776663991,36.21864999628497,0.00997701199999993,2,0.01151945977705879,take_profit
2021-01-14 16:00:00+00:00,2021-01-14 16:00:00+00:00,1212.99,1212.99,1227.5458800000001,0.9209015766159179,1118.1625659853275,1129.3184873241141,11.155921338786584,0.00997701200000016,1,0.00023083454933674037,take_profit
2021-01-14 17:00:00+00:00,2021-01-14 17:00:00+00:00,1225.18,1219.5122723883437,1234.146419657004,2.9801052850788277,3637.912881044038,3674.208381513169,36.295500469131184,0.009977012000000068,2,0.006978566414730859,take_profit
2021-01-14 18:00:00+00:00,2021-01-14 18:00:00+00:00,1219.35,1213.70924218215,1228.273753088336,2.9992112771255384,3643.81426056476,3680.1686391681865,36.35437860342654,0.00997701200000022,2,0.013244761553286476,take_profit
2021-01-14 19:00:00+00:00,2021-01-14 19:00:00+00:00,1210.23,1210.23,1224.75276,0.9264606753674006,1122.352856005895,1133.5505839185003,11.19772791260516,0.009977012000000065,1,3.3051568710049843e-05,take_profit
2021-01-14 20:00:00+00:00,2021-01-14 20:00:00+00:00,1231.2,1214.5449811312328,1229.1195209048076,10.283077446753504,12501.761865403645,12626.492093555917,124.7302281522716,0.009977011999999763,4,0.020029239766081938,take_profit
2021-01-14 21:00:00+00:00,2021-01-14 21:00:00+00:00,1206.77,1188.9713662940983,1203.2390226896275,11.63080230813559,13842.533444845369,13980.640567134993,138.10712228962439,0.009977012000000058,5,0.03570688697929176,take_profit
2021-01-14 22:00:00+00:00,2021-01-14 22:00:00+00:00,1188.41,1182.9123717568289,1197.107320217911,3.119915806034486,3694.281287084957,3731.1391758175796,36.85788873262254,0.00997701200000013,2,0.008826920002356096,take_profit
2021-01-14 23:00:00+00:00,2021-01-14 23:00:00+00:00,1200.73,1200.73,1215.13876,0.9467237487660765,1137.8975043602513,1149.2503214160236,11.35281705577222,0.009977011999999948,1,0.0023319147518592476,take_profit
2021-01-15 00:00:00+00:00,2021-01-15 00:00:00+00:00,1231.89,1231.89,1246.6726800000001,0.9232372046756016,1138.46514521304,1149.8236256284122,11.358480415372242,0.009977012,1,0.005373856431986718,take_profit
2021-01-15 01:00:00+00:00,2021-01-15 01:00:00+00:00,1237.1,1231.3771300311953,1246.1536555915698,3.00497933449455,3703.9667955084587,3740.9213166748486,36.954521166389895,0.009977012000000124,2,0.010249777705925016,take_profit
2021-01-15 02:00:00+00:00,2021-01-15 02:00:00+00:00,1230.61,1224.9171530092062,1239.6161588453167,3.025727366525131,3709.9753269129196,3746.9897952692336,37.014468356313955,0.009977011999999955,2,0.010653253264641033,take_profit
2021-01-15 03:00:00+00:00,2021-01-15 03:00:00+00:00,1239.62,1221.3368621075185,1235.9929044528087,11.4587820476417,14009.041951592271,14148.810331251812,139.7683796595411,0.009977012000000113,5,0.031154708701053465,take_profit
2021-01-15 04:00:00+00:00,2021-01-15 05:00:00+00:00,1219.08,1201.0998062777576,1215.5130039530907,11.723105776331312,14094.714791716915,14235.337930330454,140.62313861353869,0.009977012000000108,5,0.027955507431833785,take_profit
2021-01-15 06:00:00+00:00,2021-01-15 06:00:00+00:00,1185.36,1179.8764811686826,1194.0349989427068,3.18492796997873,3761.583189183403,3799.1125498008837,37.529360617480506,0.009977011999999846,2,0.008394074374029678,take_profit
2021-01-15 07:00:00+00:00,2021-01-15 07:00:00+00:00,1200.46,1194.906628014913,1209.2455075510918,3.149967881835485,3767.685185224541,3805.2754255297486,37.59024030520777,0.00997701200000008,2,0.009396398047415135,take_profit
2021-01-15 08:00:00+00:00,2021-01-15 08:00:00+00:00,1240.99,1224.2025472173884,1238.8929777839971,10.543509989609307,12920.312097989685,13049.218206835072,128.90610884538728,0.009977011999999924,4,0.020870434088912957,take_profit
2021-01-15 09:00:00+00:00,2021-01-15 09:00:00+00:00,1217.59,1211.9573840066955,1226.500872614776,3.1279660094144908,3794.756258290139,3832.6165870161753,37.86032872603619,0.009977012000000098,2,0.010340098062566151,take_profit
2021-01-15 10:00:00+00:00,2021-01-15 12:00:00+00:00,1232.22,1214.0460046031255,1228.614556658363,11.791027289947412,14329.178750277351,14472.141138619012,142.9623883416607,0.0099770119999999,5,0.02949960234373743,take_profit
2021-01-15 13:00:00+00:00,2021-01-15 14:00:00+00:00,1221.71,1203.6910164448595,1218.135308642198,11.965190728569217,14416.809399427515,14560.64607980732,143.83668037980533,0.009977012000000292,5,0.031112129719818932,take_profit
2021-01-15 15:00:00+00:00,2021-01-15 15:00:00+00:00,1196.48,1173.0440086267467,1187.1205367302678,14.054665624227448,16503.244548300605,16667.897617197938,164.65306889733256,0.009977012000000172,6,0.058538379245787614,take_profit
2021-01-15 16:00:00+00:00,2021-01-15 16:00:00+00:00,1141.66,1119.297792598967,1132.7293661101546,14.83202848532008,16618.074818201963,16783.873550080065,165.79873187810153,0.009977012000000163,6,0.0632762819052958,take_profit
2021-01-15 17:00:00+00:00,2021-01-15 17:00:00+00:00,1165.39,1148.2016793303442,1161.9800994823083,12.796378376691335,14707.530672135628,14854.267882141896,146.73721000626756,0.009977012000000158,5,0.02859128703695772,take_profit
2021-01-15 18:00:00+00:00,2021-01-15 18:00:00+00:00,1154.53,1137.5018533171403,1151.151875556946,12.99573941695316,14797.475147157988,14945.109734270885,147.63458711289786,0.009977012000000058,5,0.028842905771179577,take_profit
2021-01-15 19:00:00+00:00,2021-01-15 19:00:00+00:00,1139.24,1133.9698339800652,1147.5774719878261,3.479092570847541,3949.13516012539,3988.535729007583,39.400568882193056,0.00997701200000003,2,0.008944559530915394,take_profit
2021-01-15 20:00:00+00:00,2021-01-15 20:00:00+00:00,1133.75,1123.4538522057576,1136.9352984322268,7.1709170696752285,8064.258664439098,8144.715869905312,80.45720546621396,0.009977012000000137,3,0.019607497243660434,take_profit
2021-01-15 21:00:00+00:00,2021-01-15 21:00:00+00:00,1136.5,1136.5,1150.138,1.0727663873101014,1220.4194185965268,1232.5955577808973,12.176139184370413,0.00997701199999987,1,0.004214694236691565,take_profit
2021-01-15 22:00:00+00:00,2021-01-15 22:00:00+00:00,1159.0,1159.0,1172.908,1.0524652263418373,1221.0282255557452,1233.2104388144533,12.182213258708089,0.009977011999999764,1,0.006643658326143266,take_profit
2021-01-15 23:00:00+00:00,2021-01-16 00:00:00+00:00,1162.9,1162.9,1176.8548,1.0494588519068377,1221.6373362186805,1233.8256265817822,12.188290363101714,0.009977011999999922,1,0.005039126322125829,take_profit
2021-01-16 01:00:00+00:00,2021-01-16 01:00:00+00:00,1188.46,1177.667003477358,1191.7990075190864,6.873708956969766,8103.043273403465,8183.88743337873,80.84415997526503,0.009977011999999924,3,0.014371539639533453,take_profit
2021-01-16 02:00:00+00:00,2021-01-16 02:00:00+00:00,1178.24,1167.5398163818406,1181.5502941784227,6.9562610711425075,8129.841615321191,8210.95314267535,81.11152735415817,0.00997701199999991,3,0.016898085279739343,take_profit
2021-01-16 03:00:00+00:00,2021-01-16 03:00:00+00:00,1163.52,1163.52,1177.48224,1.0563756450840582,1230.3445351033067,1242.6196972941668,12.275162190860101,0.00997701199999999,1,0.004941900440044005,take_profit
2021-01-16 04:00:00+00:00,2021-01-16 05:00:00+00:00,1179.23,1163.2780036544705,1177.2373396983241,11.769297008764378,13704.668997769724,13841.400644816504,136.73164704677947,0.009977012000000215,4,0.02328638179150805,take_profit
2021-01-16 06:00:00+00:00,2021-01-16 07:00:00+00:00,1164.12,1164.12,1178.08944,1.0622247540542415,1237.7948755651887,1250.1443698922412,12.349494327052525,0.009977012000000106,1,0.0009792804865476692,take_profit
2021-01-16 08:00:00+00:00,2021-01-16 08:00:00+00:00,1182.88,1182.88,1197.07456,1.0458997852117373,1238.4123502815414,1250.7680051612485,12.355654879707117,0.00997701199999998,1,0.00497091843635881,take_profit
2021-01-16 09:00:00+00:00,2021-01-16 10:00:00+00:00,1215.62,1209.9964972989421,1224.5164552665294,3.3265495388886896,4029.142432579305,4069.3412349788578,40.19880239955273,0.009977011999999954,2,0.009509550681956488,take_profit
2021-01-16 11:00:00+00:00,2021-01-16 12:00:00+00:00,1213.3,1196.8871228123173,1211.249768286065,11.53249595425999,13816.91281435328,13954.764319305037,137.8515049517573,0.009977012000000063,4,0.020852221214868502,take_profit
2021-01-16 13:00:00+00:00,2021-01-16 13:00:00+00:00,1217.59,1217.59,1232.2010799999998,1.0238953307309517,1247.9326483930924,1260.3832874013021,12.450639008209691,0.009977012000000021,1,0.0003038789740387905,take_profit
2021-01-16 14:00:00+00:00,2021-01-16 14:00:00+00:00,1231.31,1225.613914783535,1240.3212817609374,3.3094078893354224,4060.116475339242,4100.6243061351,40.5078307958579,0.009977012000000143,2,0.011889775929700785,take_profit
2021-01-16 15:00:00+00:00,2021-01-16 15:00:00+00:00,1238.99,1238.99,1253.85788,1.0083455002150241,1250.580571883296,1263.0576292559424,12.477057372646414,0.009977011999999926,1,0.006368090137935011,take_profit
2021-01-16 16:00:00+00:00,2021-01-16 16:00:00+00:00,1276.29,1264.6993755516528,1279.8757680582726,6.552329403592381,8295.021927059077,8377.781460365608,82.75953330653101,0.009977011999999936,3,0.018961207875952995,take_profit
2021-01-16 17:00:00+00:00,2021-01-16 17:00:00+00:00,1265.88,1254.383913940661,1269.436520907949,6.628060701502092,8322.455179766243,8405.488414964233,83.0332351979905,0.009977012000000066,3,0.015530698012449901,take_profit
2021-01-16 18:00:00+00:00,2021-01-16 18:00:00+00:00,1253.6,1236.641965843172,1251.48166943329,11.3277288466575,14022.367236705646,14162.268562894664,139.9013261890177,0.009977011999999903,4,0.02018187619655389,take_profit
2021-01-16 19:00:00+00:00,2021-01-16 19:00:00+00:00,1231.44,1225.7433133987677,1240.4522331595529,3.3565890517827244,4118.4350210712555,4159.524696697704,41.0896756264483,0.009977012000000032,2,0.010589228870265675,take_profit
2021-01-16 20:00:00+00:00,2021-01-16 20:00:00+00:00,1252.4,1252.4,1267.4288000000001,1.0118772514010375,1268.5436132679272,1281.199888120025,12.656274852097795,0.009977012000000257,1,0.005908655381667271,take_profit
2021-01-16 21:00:00+00:00,2021-01-16 21:00:00+00:00,1273.7,1254.9142166682907,1269.97318726831,12.386188231148708,15559.162864462445,15714.39681907114,155.23395460869506,0.009977011999999928,5,0.040590405904059074,take_profit
2021-01-16 22:00:00+00:00,2021-01-16 22:00:00+00:00,1234.91,1216.696329831074,1231.296685789047,12.853380774045638,15654.315529231848,15810.498823118782,156.18329388693382,0.009977012000000085,5,0.02826926658622902,take_profit
2021-01-16 23:00:00+00:00,2021-01-16 23:00:00+00:00,1231.99,1220.801685891044,1235.4513061217365,6.969912800963721,8517.398696626706,8602.376885631735,84.97818900502898,0.009977011999999997,3,0.016664096299482928,take_profit
2021-01-17 00:00:00+00:00,2021-01-17 00:00:00+00:00,1227.83,1211.220568699124,1225.7552155235135,11.836385455906429,14350.824347592617,14494.00269431844,143.17834672582285,0.00997701199999994,4,0.02223434840328055,take_profit
2021-01-17 01:00:00+00:00,2021-01-17 01:00:00+00:00,1235.79,1230.0731901392376,1244.8340684209084,3.423121115322978,4214.904414973294,4256.956566900335,42.05215192704145,0.009977011999999981,2,0.008731256928766185,take_profit
2021-01-17 02:00:00+00:00,2021-01-17 04:00:00+00:00,1250.56,1233.643089346552,1248.4468064187106,11.70474846456548,14453.93599184271,14598.14308468056,144.2070928378489,0.009977012000000158,4,0.023797338792221078,take_profit
2021-01-17 05:00:00+00:00,2021-01-17 07:00:00+00:00,1223.41,1205.3659431688416,1219.8303344868677,13.264077724702497,16004.071628529375,16163.744443216076,159.6728146867008,0.009977012000000231,5,0.04365666456870557,take_profit
2021-01-17 08:00:00+00:00,2021-01-17 08:00:00+00:00,1182.45,1171.7115832773522,1185.7721222766804,7.424174054755958,8707.698434659404,8794.57524643438,86.87681177497689,0.009977011999999862,3,0.014757495031502426,take_profit
2021-01-17 09:00:00+00:00,2021-01-17 09:00:00+00:00,1196.39,1185.524987202158,1199.751287048584,7.361936767812515,8736.49648893296,8823.660619241004,87.16413030804324,0.009977012000000141,3,0.01787042686749313,take_profit
2021-01-17 10:00:00+00:00,2021-01-17 10:00:00+00:00,1180.52,1175.0588711861828,1189.159577640417,3.655262583449779,4299.448173370958,4342.343819390058,42.89564601910024,0.009977012000000026,2,0.01141869684545795,take_profit
2021-01-17 11:00:00+00:00,2021-01-17 11:00:00+00:00,1202.35,1202.35,1216.7782,1.100323741049563,1324.2985485995414,1337.5110911105016,13.212542510960247,0.00997701200000003,1,0.0004408034266228409,take_profit
2021-01-17 12:00:00+00:00,2021-01-17 13:00:00+00:00,1219.52,1208.444932164909,1222.9462713508879,7.261567645541475,8783.988609436703,8871.626569200915,87.6379597642117,0.009977011999999818,3,0.01918787719758601,take_profit
2021-01-17 14:00:00+00:00,2021-01-17 14:00:00+00:00,1198.78,1198.78,1213.16536,1.1078027099547765,1329.3410737133001,1342.6039255578307,13.262851844530587,0.00997701200000008,1,0.006464905987754217,take_profit
2021-01-17 15:00:00+00:00,2021-01-17 15:00:00+00:00,1198.58,1198.58,1212.9629599999998,1.1085402827422628,1330.0042163055268,1343.2736843316577,13.26946802613088,0.009977012000000033,1,1.6686412254485983e-05,take_profit
2021-01-17 16:00:00+00:00,2021-01-17 16:00:00+00:00,1241.35,1230.0766830744142,1244.8376032713072,7.164603825268353,8821.833942871226,8909.84948598126,88.01554311003383,0.009977012000000033,3,0.017199017199017126,take_profit
2021-01-17 17:00:00+00:00,2021-01-17 19:00:00+00:00,1239.17,1222.4071672095436,1237.0760532160582,12.147260667681344,14863.762264400662,15012.058198877736,148.2959344770734,0.009977012000000054,4,0.023104174568461235,take_profit
2021-01-17 20:00:00+00:00,2021-01-17 20:00:00+00:00,1218.35,1218.35,1232.9702,1.1007844874811037,1342.4832635861887,1355.8772352167873,13.393971630598571,0.009977012000000002,1,1.6415644108820792e-05,take_profit
2021-01-17 21:00:00+00:00,2021-01-17 21:00:00+00:00,1237.91,1237.91,1252.76492,1.0839316341297436,1343.1529621677187,1356.5536153891014,13.400653221382754,0.00997701199999991,1,0.0017206420499067856,take_profit
2021-01-17 22:00:00+00:00,2021-01-17 22:00:00+00:00,1261.61,1244.5436108227539,1259.478134152627,12.00943702021332,14961.229342427167,15110.497707111315,149.26836468414876,0.009977012000000054,4,0.020299458628260637,take_profit
2021-01-17 23:00:00+00:00,2021-01-17 23:00:00+00:00,1245.95,1234.6349081858996,1249.4505270841303,7.248758199187961,8958.528442158373,9047.907787928129,89.37934576975567,0.009977012000000032,3,0.017617079337052085,take_profit
2021-01-18 00:00:00+00:00,2021-01-18 01:00:00+00:00,1232.5,1232.5,1247.29,1.098904361031344,1355.755380351483,1369.2817680503142,13.526387698831286,0.009977011999999983,1,0.005533468559837677,take_profit
2021-01-18 02:00:00+00:00,2021-01-18 02:00:00+00:00,1239.39,1228.134482809521,1242.8720966032351,7.314872494096129,8992.63978714148,9082.359462209468,89.71967506798865,0.009977012000000073,3,0.015644793003009624,take_profit
2021-01-18 03:00:00+00:00,2021-01-18 03:00:00+00:00,1221.32,1203.3067685493575,1217.7464497719498,13.851130322978992,16683.842712412283,16850.297611360133,166.45489894784987,0.009977011999999999,5,0.031719778600203065,take_profit
2021-01-18 04:00:00+00:00,2021-01-18 05:00:00+00:00,1194.07,1194.07,1208.3988399999998,1.1455536007175284,1369.2404284372162,1382.9013566226195,13.660928185403236,0.009977011999999992,1,0.005083454068856881,take_profit
2021-01-18 06:00:00+00:00,2021-01-18 07:00:00+00:00,1207.86,1202.2723953435288,1216.6996640876512,3.7016015818234678,4454.78818857487,4499.233663789741,44.445475214870385,0.009977012000000144,2,0.010183299389002,take_profit
2021-01-18 08:00:00+00:00,2021-01-18 11:00:00+00:00,1219.68,1214.037715590048,1228.6061681771287,3.6716756173913274,4462.014693619065,4506.5322677614795,44.51757414241456,0.009977012000000184,2,0.008756395120031535,take_profit
2021-01-18 12:00:00+00:00,2021-01-18 12:00:00+00:00,1225.43,1225.43,1240.13516,1.1204207957101067,1374.3716273143505,1388.0837495325252,13.712122218174727,0.009977011999999945,1,0.0019258545979779565,take_profit
2021-01-18 13:00:00+00:00,2021-01-18 14:00:00+00:00,1243.63,1232.335977260107,1247.1240089872283,7.39003342028802,9116.120177152643,9207.071817553535,90.95164040089185,0.00997701199999976,3,0.018196730538825943,take_profit
2021-01-18 15:00:00+00:00,2021-01-18 16:00:00+00:00,1237.03,1231.3074538537626,1246.0831433000078,3.6398579326621188,4486.270473929542,4531.0300482831835,44.759574353641256,0.009977012000000117,2,0.010533293452866925,take_profit
2021-01-18 17:00:00+00:00,2021-01-18 17:00:00+00:00,1230.04,1218.8693948111754,1233.4958275489096,7.508552487003133,9161.105931673126,9252.506395486702,91.4004638135757,0.00997701200000019,3,0.014942603492569251,take_profit
2021-01-18 18:00:00+00:00,2021-01-18 19:00:00+00:00,1218.58,1218.58,1233.2029599999998,1.1365904614685216,1386.4128173536646,1400.2450746693557,13.832257315691095,0.009977011999999837,1,0.003865154524118266,take_profit
2021-01-18 20:00:00+00:00,2021-01-18 22:00:00+00:00,1227.68,1227.68,1242.41216,1.1287284355770475,1387.1044302194493,1400.943587765002,13.839157545552553,0.009977011999999959,1,0.004203049654633195,take_profit
2021-01-18 23:00:00+00:00,2021-01-18 23:00:00+00:00,1240.79,1240.79,1255.67948,1.1173595787430832,1387.796388096727,1401.6424493143247,13.846061217597708,0.009977012000000004,1,0.006237961298849934,take_profit
2021-01-19 00:00:00+00:00,2021-01-19 00:00:00+00:00,1258.52,1258.52,1273.62224,1.102167786341456,1388.4886911576068,1402.3416594911507,13.852968333543913,0.009977012000000127,1,0.005585926326160865,take_profit
2021-01-19 01:00:00+00:00,2021-01-19 01:00:00+00:00,1261.79,1261.79,1276.93148,1.0998598484967466,1389.181339574284,1403.0412184693928,13.85987889510875,0.009977012000000032,1,3.962624525472109e-05,take_profit
2021-01-19 02:00:00+00:00,2021-01-19 02:00:00+00:00,1316.89,1316.89,1332.69268,1.0543663169934623,1389.8743335190395,1403.7411264230511,13.866792904011618,0.009977012000000113,1,0.002255313655658428,take_profit
2021-01-19 03:00:00+00:00,2021-01-19 03:00:00+00:00,1339.25,1327.0876044688519,1343.012655722478,6.939805381614444,9218.948648014775,9310.9262093034,91.9775612886242,0.009977011999999676,3,0.016591375770020553,take_profit
2021-01-19 04:00:00+00:00,2021-01-19 04:00:00+00:00,1321.58,1309.5780745297334,1325.2930114240903,7.05585123063825,9249.437506293783,9341.719255287328,92.28174899354417,0.00997701200000011,3,0.01467939890131499,take_profit
2021-01-19 05:00:00+00:00,2021-01-19 05:00:00+00:00,1304.3,1304.3,1319.9515999999999,1.0721313026448442,1399.7806386783486,1413.74626690781,13.965628229461345,0.009977011999999855,1,0.0005060185540135356,take_profit
2021-01-19 06:00:00+00:00,2021-01-19 06:00:00+00:00,1321.33,1321.3300000000002,1337.1859600000003,1.0588410474065764,1400.4789200898215,1414.4515150813047,13.97259499148322,0.009977012000000021,1,0.0032770012033329506,take_profit
2021-01-19 07:00:00+00:00,2021-01-19 07:00:00+00:00,1330.24,1330.24,1346.20288,1.0522735538621273,1401.1775498393956,1415.1571150682737,13.979565228878073,0.009977011999999875,1,0.005758359393793663,take_profit
2021-01-19 08:00:00+00:00,2021-01-19 08:00:00+00:00,1374.73,1368.3704486038198,1384.7908939870656,3.32814560109441,4558.694783972359,4604.17693653639,45.48215256403091,0.009977012000000281,2,0.008699890160249675,take_profit
2021-01-19 09:00:00+00:00,2021-01-19 09:00:00+00:00,1375.55,1375.55,1392.0566,1.0197713533447073,1404.1506357290411,1418.1598634715172,14.009227742476014,0.009977011999999816,1,0.0039184326269491275,take_profit
2021-01-19 10:00:00+00:00,2021-01-19 10:00:00+00:00,1379.67,1373.2875959826524,1389.7670471344443,3.3232654889203728,4568.367641733306,4613.946300515291,45.578658781984814,0.009977011999999981,2,0.012176824892909305,take_profit
2021-01-19 11:00:00+00:00,2021-01-19 11:00:00+00:00,1385.27,1385.2699999999998,1401.8932399999999,1.0147645585519134,1407.1300300552641,1421.168983250686,14.038953195421982,0.009977012000000179,1,0.002779241591891768,take_profit
2021-01-19 12:00:00+00:00,2021-01-19 12:00:00+00:00,1429.47,1408.3867671357632,1425.2874083413924,12.242175681713144,17258.977208284316,17431.170230999098,172.19302271478227,0.009977012000000183,5,0.040903271842011396,take_profit
2021-01-19 13:00:00+00:00,2021-01-19 13:00:00+00:00,1386.02,1386.0200000000002,1402.6522400000001,1.0209269615315242,1416.4416288507741,1430.5734839791178,14.131855128343659,0.009977011999999957,1,0.0002741663179462647,take_profit
2021-01-19 14:00:00+00:00,2021-01-19 14:00:00+00:00,1417.23,1404.3594292935531,1421.2117424450757,6.683312317293181,9395.16783954397,9488.903541821113,93.73570227714299,0.009977011999999865,3,0.015854871827438048,take_profit
2021-01-19 15:00:00+00:00,2021-01-19 15:00:00+00:00,1406.43,1393.6575094665877,1410.3813995801868,6.756906331396815,9426.239489002504,9520.285193499158,94.04570449665334,0.009977012000000158,3,0.016829845779740244,take_profit
2021-01-19 16:00:00+00:00,2021-01-19 16:00:00+00:00,1414.09,1414.0899999999997,1431.0590799999998,1.0077935312843849,1426.5372919458814,1440.769871626073,14.23257968019152,0.009977011999999971,1,0.006230155082066874,take_profit
2021-01-19 17:00:00+00:00,2021-01-19 21:00:00+00:00,1422.94,1395.068234851684,1411.8090536699044,14.255626654803459,19907.47939341469,20106.096554212545,198.617160797854,0.009977012000000146,6,0.06221625648305618,take_profit
2021-01-19 22:00:00+00:00,2021-01-19 22:00:00+00:00,1409.38,1402.8601564330827,1419.6944783102797,3.328073870051454,4673.495725686924,4720.1232486240515,46.62752293712765,0.009977012000000108,2,0.010472690119059599,take_profit
2021-01-19 23:00:00+00:00,2021-01-19 23:00:00+00:00,1409.73,1388.9379121172876,1405.605167062695,12.692931025144885,17647.34045717065,17823.408184679927,176.06772750927848,0.009977012000000082,5,0.03161598320245716,take_profit
2021-01-20 00:00:00+00:00,2021-01-20 00:00:00+00:00,1365.36,1359.0437945674503,1375.3523201022597,3.4619889648138447,4709.704323815062,4756.693100370217,46.9887765551548,0.009977012000000009,2,0.007587742426905652,take_profit
2021-01-20 01:00:00+00:00,2021-01-20 03:00:00+00:00,1405.0,1384.2776748205606,1400.8890069184074,12.834333811877968,17784.06583281015,17961.497671032885,177.43183822273568,0.009977011999999934,5,0.046263345195729534,take_profit
2021-01-20 04:00:00+00:00,2021-01-20 04:00:00+00:00,1344.11,1325.9275946948517,1341.83872583119,12.242935893647736,16249.496037505114,16411.617454465257,162.1214169601426,0.0099770120000001,4,0.02072747022193117,take_profit
2021-01-20 05:00:00+00:00,2021-01-20 06:00:00+00:00,1356.4,1350.125243856045,1366.3267467823175,3.5313617484029614,4772.553194901359,4820.169015397529,47.61582049616936,0.009977012000000033,2,0.010513122972574455,take_profit
2021-01-20 07:00:00+00:00,2021-01-20 07:00:00+00:00,1349.04,1342.799291485962,1358.9128829837935,3.556387696738351,4780.2951746042545,4827.988236924823,47.69306232056806,0.009977011999999858,2,0.006916029176303095,take_profit
2021-01-20 08:00:00+00:00,2021-01-20 19:00:00+00:00,1369.94,1329.1302383835277,1345.07980124413,18.551397637291544,24681.905469470392,24928.157136522164,246.25166705177253,0.009977012000000032,8,0.0981940814926201,take_profit
2021-01-20 20:00:00+00:00,2021-01-20 20:00:00+00:00,1345.81,1333.5880298452307,1349.5910862033736,7.37356526763547,9843.141519720928,9941.346660780884,98.20514105995608,0.009977012000000217,3,0.0167111256418068,take_profit
2021-01-20 21:00:00+00:00,2021-01-20 21:00:00+00:00,1332.21,1314.1885715666342,1329.958834425434,12.606989848713265,16584.546527563103,16750.010747283162,165.4642197200592,0.009977012000000228,4,0.020424707816335288,take_profit
2021-01-20 22:00:00+00:00,2021-01-20 22:00:00+00:00,1323.1,1323.1,1338.9771999999998,1.1309842305742728,1497.9031386114318,1512.8477362001954,14.9445975887636,0.009977011999999787,1,0.006121986244425901,take_profit
2021-01-20 23:00:00+00:00,2021-01-20 23:00:00+00:00,1334.14,1327.9682194323975,1343.9038380655863,3.6661386287996773,4873.388976055494,4922.010836350268,48.621860294773796,0.009977012000000087,2,0.009849041329995428,take_profit
2021-01-21 00:00:00+00:00,2021-01-21 00:00:00+00:00,1376.72,1364.2173207574074,1380.5879286064962,7.287447804893779,9951.614133685327,10050.901507316474,99.28737363114669,0.009977011999999858,3,0.01680806554709752,take_profit
2021-01-21 01:00:00+00:00,2021-01-21 01:00:00+00:00,1363.48,1345.0355676354884,1361.1759944471144,12.453605938432087,16767.310242750442,16934.597898250086,167.28765549964373,0.00997701199999998,4,0.02556693167483214,take_profit
2021-01-21 02:00:00+00:00,2021-01-21 02:00:00+00:00,1336.98,1324.8382194681842,1340.7362781018023,7.570689532548748,10039.978819267571,10140.14780842715,100.1689891595779,0.009977011999999952,3,0.017808792951278213,take_profit
2021-01-21 03:00:00+00:00,2021-01-21 03:00:00+00:00,1328.95,1316.8811438931348,1332.6837176198524,7.641623428108802,10073.18298419269,10173.683251704175,100.50026751148471,0.009977011999999844,3,0.015538583091914738,take_profit
2021-01-21 04:00:00+00:00,2021-01-21 04:00:00+00:00,1326.01,1306.4526972162362,1322.130129582831,14.290499562097674,18688.550247717663,18875.006137801745,186.45589008408206,0.009977011999999997,5,0.03413247260578728,take_profit
2021-01-21 05:00:00+00:00,2021-01-21 05:00:00+00:00,1287.65,1281.6932838773491,1297.0736032838774,3.8875086716090466,4987.581336753024,5037.342495600785,49.76115884776118,0.009977012000000045,2,0.0067254300469848805,take_profit
2021-01-21 06:00:00+00:00,2021-01-21 07:00:00+00:00,1305.54,1305.54,1321.20648,1.175542896972939,1536.254528242293,1551.5817581056208,15.32722986332783,0.009977012000000087,1,0.005001761723118382,take_profit
2021-01-21 08:00:00+00:00,2021-01-21 08:00:00+00:00,1309.53,1290.2157605037503,1305.6983496297953,14.589726317744397,18842.73757416433,19030.731793054623,187.99421889029327,0.009977012000000257,5,0.037822730292547686,take_profit
2021-01-21 09:00:00+00:00,2021-01-21 09:00:00+00:00,1260.88,1243.8234858745527,1258.7493677050475,13.828006465716062,17216.81602090371,17388.58840094606,171.77238004235187,0.009977012000000193,4,0.023697734915297336,take_profit
2021-01-21 10:00:00+00:00,2021-01-21 10:00:00+00:00,1261.06,1242.4606438499761,1257.3701715761758,15.327807772192187,19063.261174621195,19253.455560119524,190.1943854983292,0.009977011999999971,5,0.030973942556262152,take_profit
2021-01-21 11:00:00+00:00,2021-01-21 12:00:00+00:00,1249.48,1231.051437106615,1245.8240543518943,15.564470230781325,19179.84328869517,19371.200815344604,191.35752664943357,0.009977012000000124,5,0.047603803182123774,take_profit
2021-01-21 13:00:00+00:00,2021-01-21 13:00:00+00:00,1242.33,1236.5829358593928,1251.4219310897056,4.135249064063463,5118.697125274678,5169.76642791791,51.06930264323182,0.009977012000000167,2,0.008145983756328747,take_profit
2021-01-21 14:00:00+00:00,2021-01-21 14:00:00+00:00,1237.19,1218.9427021432382,1233.570014568957,15.840870518665957,19328.44195628012,19521.28205361923,192.8400973391108,0.00997701200000003,5,0.03377007573614398,take_profit
2021-01-21 15:00:00+00:00,2021-01-21 15:00:00+00:00,1204.41,1193.4721535921822,1207.7938194352885,8.80284265019922,10516.464039505881,10621.386927425603,104.92288791972169,0.009977012000000288,3,0.015493062993498959,take_profit
2021-01-21 16:00:00+00:00,2021-01-21 16:00:00+00:00,1188.54,1172.46206292537,1186.5316076804745,15.09754392945727,17719.016517155025,17895.79935757488,176.78284041985535,0.009977012000000082,4,0.020647180574486314,take_profit
2021-01-21 17:00:00+00:00,2021-01-21 17:00:00+00:00,1170.4,1170.4,1184.4448000000002,1.3660006870590145,1600.3675717055762,1616.3344581728938,15.966886467317636,0.009977012000000151,1,0.003759398496240679,take_profit
2021-01-21 18:00:00+00:00,2021-01-21 19:00:00+00:00,1195.95,1190.4174914403104,1204.7025013375942,4.369515428169794,5206.754349160781,5258.70219978341,51.94785062262872,0.009977011999999888,2,0.011664367239433125,take_profit
2021-01-21 20:00:00+00:00,2021-01-21 20:00:00+00:00,1231.02,1214.3674160755122,1228.9398250684183,14.688615681168507,17855.231501968814,18033.373360926736,178.14185895792252,0.009977012000000092,4,0.021884291075693372,take_profit
2021-01-21 21:00:00+00:00,2021-01-21 21:00:00+00:00,1205.37,1187.592014874348,1201.8431190528402,16.630605595102264,19770.14455181992,19967.391521255166,197.24696943524395,0.0099770120000001,5,0.029343687000671904,take_profit
2021-01-21 22:00:00+00:00,2021-01-21 22:00:00+00:00,1171.47,1146.2807186002808,1160.0360872234842,20.519588161683327,23544.753016372546,23779.659299753937,234.9062833813914,0.009977012000000268,7,0.07295961484288972,take_profit
2021-01-21 23:00:00+00:00,2021-01-21 23:00:00+00:00,1135.58,1120.218477642142,1133.6610993738477,16.226091470419778,18194.962447523314,18376.4938062018,181.53135867848687,0.009977011999999856,4,0.02320400147942013,take_profit
2021-01-22 00:00:00+00:00,2021-01-22 00:00:00+00:00,1111.98,1090.1991480950537,1103.2815378721943,21.004265279769395,22921.753868235344,23150.444481639777,228.69061340443295,0.00997701200000011,6,0.0625910537959315,take_profit
2021-01-22 01:00:00+00:00,2021-01-22 01:00:00+00:00,1066.77,1052.3393027301538,1064.9673743629157,17.48950740338385,18423.319345316137,18607.129023504196,183.80967818805948,0.009977012000000448,4,0.022929028750339846,take_profit
2021-01-22 02:00:00+00:00,2021-01-22 02:00:00+00:00,1125.07,1119.8653849197292,1133.303769538766,4.827012561456017,5411.015295442752,5465.001059977568,53.985764534815644,0.009977011999999955,2,0.008239487320788913,take_profit
2021-01-22 03:00:00+00:00,2021-01-22 03:00:00+00:00,1157.59,1140.516721420308,1154.2029220773516,17.89699048880884,20432.249164751443,20636.101959855157,203.85279510371402,0.009977011999999945,5,0.02690935478018976,take_profit
2021-01-22 04:00:00+00:00,2021-01-22 04:00:00+00:00,1160.65,1155.2807905348857,1169.1441600213043,4.71529089899197,5452.9379353247205,5507.34196254071,54.40402721598912,0.009977011999999846,2,0.007271787360530783,take_profit
2021-01-22 05:00:00+00:00,2021-01-22 05:00:00+00:00,1158.61,1153.2502276496991,1167.0892303814956,4.731255813103079,5461.783627157246,5516.275907946797,54.49228078955093,0.00997701199999992,2,0.009925686814372395,take_profit
2021-01-22 06:00:00+00:00,2021-01-22 07:00:00+00:00,1174.51,1157.1871685790013,1171.0734146019493,17.80466409265153,20623.952781657295,20829.718206047324,205.76542439002878,0.009977012000000028,5,0.036193816996023864,take_profit
2021-01-22 08:00:00+00:00,2021-01-22 08:00:00+00:00,1143.57,1133.1846719002763,1146.7828879630797,9.892580573608711,11221.3420135654,11333.297477490847,111.95546392544748,0.009977012000000118,3,0.019307956662031996,take_profit
2021-01-22 09:00:00+00:00,2021-01-22 09:00:00+00:00,1164.07,1158.6849694894622,1172.5891891233357,4.7612427655971175,5522.302731319138,5577.3988119371415,55.096080618003725,0.009977011999999985,2,0.009501146838248513,take_profit
2021-01-22 10:00:00+00:00,2021-01-22 10:00:00+00:00,1171.24,1165.821800806513,1179.8116624161912,4.739772134248916,5531.26094590851,5586.44640274097,55.18545683246066,0.00997701200000002,2,0.011807998360711662,take_profit
2021-01-22 11:00:00+00:00,2021-01-22 11:00:00+00:00,1177.48,1177.48,1191.60976,1.4454706617704907,1703.7165113328504,1720.7145114110162,16.998000078165887,0.009977011999999943,1,0.0010615891565037199,take_profit
2021-01-22 12:00:00+00:00,2021-01-22 12:00:00+00:00,1197.36,1197.36,1211.72832,1.4221803341730324,1704.5664113367586,1721.5728908774624,17.006479540703822,0.009977012000000026,1,0.0014699004476514926,take_profit
2021-01-22 13:00:00+00:00,2021-01-22 13:00:00+00:00,1203.86,1198.2908994902227,1212.6703902841055,4.623432263983069,5545.762568909298,5601.0927086084575,55.33013969915919,0.009977012000000052,2,0.008788397321947675,take_profit
2021-01-22 14:00:00+00:00,2021-01-22 15:00:00+00:00,1219.39,1219.39,1234.02268,1.3994497732935753,1708.1832422987516,1725.2258070053654,17.042564706613803,0.009977012000000146,1,0.0006150616291752433,take_profit
2021-01-22 16:00:00+00:00,2021-01-22 16:00:00+00:00,1233.14,1221.9412421689153,1236.6045370749423,9.263081454683029,11330.271530577804,11443.313785601633,113.04225502382906,0.009977011999999641,3,0.01481583599591304,take_profit
2021-01-22 17:00:00+00:00,2021-01-22 18:00:00+00:00,1238.56,1232.8303760176518,1247.6243405298637,4.518329420300383,5575.909667868409,5631.5405855356485,55.63091766723937,0.009977012000000044,2,0.012167355638806304,take_profit
2021-01-22 19:00:00+00:00,2021-01-22 20:00:00+00:00,1261.61,1255.7737458723275,1270.8430308227955,4.442973829080575,5584.954843000231,5640.676004488305,55.72116148807345,0.009977012000000363,2,0.013237054240216723,take_profit
2021-01-22 21:00:00+00:00,2021-01-22 21:00:00+00:00,1248.85,1243.0727741002813,1257.9896473894846,4.495650450121522,5594.014691108848,5649.826242810216,55.811551701368444,0.009977011999999853,2,0.007118549065139828,take_profit
2021-01-22 22:00:00+00:00,2021-01-22 22:00:00+00:00,1243.47,1232.1774302997076,1246.9635594633041,9.261435210171669,11423.154592749308,11537.123543199024,113.96895044971643,0.009977012000000129,3,0.017177736495452345,take_profit
2021-01-22 23:00:00+00:00,2021-01-22 23:00:00+00:00,1224.94,1224.94,1239.63928,1.409877519093379,1728.7441123505944,1745.9918131044456,17.247700753851177,0.009977011999999971,1,0.005665583620422269,take_profit
2021-01-23 00:00:00+00:00,2021-01-23 00:00:00+00:00,1232.61,1215.935907401047,1230.5271382898595,15.820759357595923,19256.285670922927,19448.405864137152,192.12019321422486,0.009977011999999936,4,0.02183172292939361,take_profit
2021-01-23 01:00:00+00:00,2021-01-23 01:00:00+00:00,1228.4,1217.2442884670804,1231.8512199286854,9.463017853788049,11530.334768954466,11645.373057308343,115.03828835387685,0.009977012000000078,3,0.014270595897102082,take_profit
2021-01-23 02:00:00+00:00,2021-01-23 02:00:00+00:00,1232.79,1221.5944206930412,1236.2535537413578,9.460504376581367,11568.467831205104,11683.88657357865,115.41874237354568,0.009977011999999862,3,0.01848652244096721,take_profit
2021-01-23 03:00:00+00:00,2021-01-23 03:00:00+00:00,1219.46,1219.46,1234.0935200000001,1.434228776037577,1750.735358585369,1768.2024662667995,17.467107681430434,0.009977011999999945,1,0.002779918980532449,take_profit
2021-01-23 04:00:00+00:00,2021-01-23 04:00:00+00:00,1231.67,1231.67,1246.4500400000002,1.4207191092220082,1751.6087139694405,1769.0845351280182,17.475821158577673,0.009977011999999999,1,0.0021677884498283407,take_profit
2021-01-23 05:00:00+00:00,2021-01-23 05:00:00+00:00,1247.97,1242.1968450125541,1257.1032071527047,4.583101855949709,5698.813479311221,5755.670609780072,56.8571304688503,0.009977012000000087,2,0.010256656810660476,take_profit
2021-01-23 06:00:00+00:00,2021-01-23 16:00:00+00:00,1263.53,1238.7806701492323,1253.646038191023,19.744459404564974,24483.538191112424,24727.81074544761,244.2725543351844,0.009977011999999896,6,0.0535246491970906,take_profit
2021-01-23 17:00:00+00:00,2021-01-23 18:00:00+00:00,1243.01,1243.01,1257.92612,1.420560936982247,1767.5389892675705,1785.173746973961,17.634757706390474,0.00997701200000003,1,0.0033547598168961416,take_profit
2021-01-23 19:00:00+00:00,2021-01-23 19:00:00+00:00,1248.96,1248.96,1263.94752,1.4144987080657,1768.4207271528899,1786.0642819687428,17.643554815852895,0.009977011999999879,1,0.000672559569561992,take_profit
2021-01-23 20:00:00+00:00,2021-01-24 02:00:00+00:00,1257.83,1239.2782830744097,1254.1496224713026,17.484896630704434,21690.343019252177,21906.747831839366,216.40481258718864,0.009977011999999697,5,0.03007560640150094,take_profit
2021-01-24 03:00:00+00:00,2021-01-24 03:00:00+00:00,1257.04,1257.04,1272.12448,1.4147067892648757,1780.1231455230422,1797.8834555074034,17.76030998436113,0.009977011999999995,1,0.00013523833768223188,take_profit
2021-01-24 04:00:00+00:00,2021-01-24 04:00:00+00:00,1293.53,1293.53,1309.05236,1.3754842561527278,1781.0111610222602,1798.7803307479132,17.769169725653,0.009977011999999988,1,0.0038731223860289216,take_profit
2021-01-24 05:00:00+00:00,2021-01-24 09:00:00+00:00,1319.8,1313.6945567982955,1329.458891479875,4.406411729407998,5794.473577512965,5852.285109929494,57.81153241652919,0.009977011999999898,2,0.010668283073192853,take_profit
2021-01-24 10:00:00+00:00,2021-01-24 12:00:00+00:00,1340.77,1322.6327764386963,1338.5043697559606,15.008544981653984,19870.664183573645,20068.914038581126,198.24985500748153,0.009977011999999853,4,0.021785988648314054,take_profit
2021-01-24 13:00:00+00:00,2021-01-24 14:00:00+00:00,1325.07,1307.1451576897032,1322.8308995819796,15.270715825882846,19981.023269527806,20180.374178460163,199.3509089323561,0.009977011999999898,4,0.020263080441033237,take_profit
2021-01-24 15:00:00+00:00,2021-01-24 15:00:00+00:00,1304.56,1304.56,1320.21472,1.3819721316704752,1804.6702343263614,1822.6754509102784,18.00521658391699,0.009977012000000039,1,0.0007742073955969759,take_profit
2021-01-24 16:00:00+00:00,2021-01-24 16:00:00+00:00,1320.5,1314.3913185726242,1330.1640143954958,4.462579924015415,5871.447758320663,5930.0272630628015,58.57950474213885,0.009977012000000085,2,0.012495266944339266,take_profit
2021-01-24 17:00:00+00:00,2021-01-24 17:00:00+00:00,1328.36,1328.36,1344.3003199999998,1.3600913689980663,1808.4994703926639,1826.542891310765,18.04342091810122,0.009977011999999981,1,0.002145502725164797,take_profit
2021-01-24 18:00:00+00:00,2021-01-24 19:00:00+00:00,1357.62,1337.5964817721633,1353.6476395534294,16.56683626540271,22181.923826524675,22403.233146724997,221.30932020032196,0.009977011999999971,5,0.03507608903816966,take_profit
2021-01-24 20:00:00+00:00,2021-01-24 20:00:00+00:00,1326.37,1326.37,1342.2864399999999,1.3711457891396344,1820.4671074485852,1838.629929625205,18.162822176619784,0.009977011999999978,1,0.0016888198617277094,take_profit
2021-01-24 21:00:00+00:00,2021-01-24 21:00:00+00:00,1342.89,1336.6777416115044,1352.7178745108424,4.426586489971889,5922.8424749385595,5981.9347453851315,59.092270446572,0.009977012000000049,2,0.007543432447929546,take_profit
2021-01-24 22:00:00+00:00,2021-01-24 22:00:00+00:00,1352.29,1352.29,1368.51748,1.3477179689398464,1824.3298620797445,1842.5312230056725,18.20136092592793,0.009977011999999985,1,0.006463110723291608,take_profit
2021-01-24 23:00:00+00:00,2021-01-24 23:00:00+00:00,1367.99,1367.99,1384.40588,1.3329152188217126,1825.239930126041,1843.4503708117875,18.210440685746562,0.00997701199999994,1,4.385996973658099e-05,take_profit
2021-01-25 00:00:00+00:00,2021-01-25 00:00:00+00:00,1392.19,1392.19,1408.8962800000002,1.3103989410268482,1826.1504521603283,1844.3699771353372,18.21952497500888,0.009977011999999922,1,0.006514915349198143,take_profit
2021-01-25 01:00:00+00:00,2021-01-25 01:00:00+00:00,1456.97,1437.2608846318815,1454.508015247464,14.138659749483235,20341.283902954405,20544.229136549588,202.9452335951828,0.009977011999999993,4,0.02641783976334448,take_profit
2021-01-25 02:00:00+00:00,2021-01-25 04:00:00+00:00,1433.2,1412.0617534183825,1429.006494459403,15.934356109460701,22522.81764516316,22747.52806708276,224.71042191960078,0.00997701199999983,5,0.028607312308121684,take_profit
2021-01-25 05:00:00+00:00,2021-01-25 05:00:00+00:00,1423.02,1423.02,1440.09624,1.2976597426414482,1848.4442111848184,1866.8861612611402,18.441950076321746,0.009977012000000151,1,0.0037736644600918404,take_profit
2021-01-25 06:00:00+00:00,2021-01-25 06:00:00+00:00,1440.45,1427.3685569215288,1444.496979604587,8.581072493891423,12260.613676120945,12382.937965894966,122.32428977402014,0.009977011999999785,3,0.01770974348293935,take_profit
2021-01-25 07:00:00+00:00,2021-01-25 09:00:00+00:00,1426.5,1405.4605716238648,1422.3260984833512,16.168432555242354,22746.84130265548,22973.78681129417,226.9455086386879,0.009977011999999936,5,0.03099894847528919,take_profit
2021-01-25 10:00:00+00:00,2021-01-25 10:00:00+00:00,1390.72,1384.2864782774097,1400.8979160167387,4.381017498132881,6070.653937699773,6131.220924884052,60.56698718427833,0.009977012000000073,2,0.008369765301426671,take_profit
2021-01-25 11:00:00+00:00,2021-01-25 11:00:00+00:00,1402.63,1396.1413821806284,1412.895078766796,4.350863928983179,6080.501681171587,6141.166919410655,60.66523823906846,0.009977011999999895,2,0.007500196060258378,take_profit
2021-01-25 12:00:00+00:00,2021-01-25 12:00:00+00:00,1411.41,1411.41,1428.3469200000002,1.325637850426564,1872.891409880437,1891.5772699515114,18.68586007107433,0.009977012000000155,1,0.004725770683217543,take_profit
2021-01-25 13:00:00+00:00,2021-01-25 13:00:00+00:00,1426.24,1413.2876050010493,1430.247056261062,8.781190457119628,12422.77040060127,12546.712529961314,123.94212936004442,0.00997701200000006,3,0.014541732106798301,take_profit
2021-01-25 14:00:00+00:00,2021-01-25 15:00:00+00:00,1416.76,1410.2060162824318,1427.128488477821,4.330886429318497,6113.555654114998,6174.550672238772,60.99501812377366,0.009977012000000078,2,0.012225076936107694,take_profit
2021-01-25 16:00:00+00:00,2021-01-25 16:00:00+00:00,1434.95,1413.7859426930702,1430.751374005387,16.312221637705626,23085.074720202145,23315.394787706504,230.32006750435903,0.009977012000000242,5,0.03341579845987668,take_profit
2021-01-25 17:00:00+00:00,2021-01-25 18:00:00+00:00,1405.54,1384.8097103681782,1401.4274268925965,16.755389542039868,23226.252391209448,23457.98099003157,231.72859882212288,0.009977011999999893,5,0.03605731604934763,take_profit
2021-01-25 19:00:00+00:00,2021-01-25 19:00:00+00:00,1375.54,1369.1767015141138,1385.606821932283,4.52271797882496,6198.598682808947,6260.442176250515,61.84349344156817,0.009977011999999856,2,0.00780057286592903,take_profit
2021-01-25 20:00:00+00:00,2021-01-25 20:00:00+00:00,1382.9,1364.1928642027144,1380.563178573147,15.566165060600017,21256.507806478636,21468.584239941967,212.07643346333134,0.009977012000000014,4,0.02151999421505531,take_profit
2021-01-25 21:00:00+00:00,2021-01-25 21:00:00+00:00,1369.98,1349.7741843065282,1365.9714745182066,17.41969900367242,23536.196209756938,23771.01712177604,234.82091201910225,0.009977012000000118,5,0.04303712462955666,take_profit
2021-01-25 22:00:00+00:00,2021-01-25 22:00:00+00:00,1347.43,1327.5567739384117,1343.4874552256726,17.81954117776929,23680.132731753834,23916.389700180134,236.25696842629986,0.00997701199999996,5,0.039883333457025605,take_profit
2021-01-25 23:00:00+00:00,2021-01-25 23:00:00+00:00,1327.87,1321.7272246823402,1337.5879513785283,4.776636177325766,6319.72980778183,6382.781827910827,63.052020128997356,0.009977012000000056,2,0.011198385384111316,take_profit
2021-01-26 00:00:00+00:00,2021-01-26 00:00:00+00:00,1317.6,1311.5047340789772,1327.242790887925,4.821676547011837,6329.981599202803,6393.135901577829,63.15430237502551,0.009977011999999992,2,0.010291438979963529,take_profit
2021-01-26 01:00:00+00:00,2021-01-26 01:00:00+00:00,1367.82,1355.3981460851855,1371.6629238382077,9.527160906440866,12926.022252297504,13054.985331420941,128.96307912343764,0.009977011999999877,3,0.015170124724013394,take_profit
2021-01-26 02:00:00+00:00,2021-01-26 02:00:00+00:00,1378.16,1359.516984402063,1375.8311882148878,16.003523861592708,21778.841341460437,21996.129102870284,217.287761409847,0.009977012000000006,4,0.026020200847506912,take_profit
2021-01-26 03:00:00+00:00,2021-01-26 03:00:00+00:00,1350.29,1330.374591838758,1346.339086940823,18.10800795896708,24114.54824566948,24355.1393828911,240.59113722161783,0.009977011999999771,5,0.03946559627931775,take_profit
2021-01-26 04:00:00+00:00,2021-01-26 04:00:00+00:00,1312.8,1312.8,1328.5536,1.5060163175320016,1979.0772989549666,1998.8225769155679,19.745277960601243,0.009977011999999976,1,0.0020185862279097073,take_profit
2021-01-26 05:00:00+00:00,2021-01-26 06:00:00+00:00,1339.27,1321.1530676410218,1337.006904452714,16.66928278059867,22044.71879976336,22264.659223765226,219.94042400186663,0.00997701200000009,4,0.021855189767559926,take_profit
2021-01-26 07:00:00+00:00,2021-01-26 07:00:00+00:00,1314.41,1308.3294911359658,1324.0294450295974,4.943833113735625,6474.637299254122,6539.234833284428,64.59753403030572,0.009977011999999962,2,0.009776249419891917,take_profit
2021-01-26 08:00:00+00:00,2021-01-26 08:00:00+00:00,1317.34,1311.2459368485124,1326.9808880906946,4.940839134249981,6485.140379787197,6549.842703178019,64.70232339082213,0.00997701200000011,2,0.009238313571287477,take_profit
2021-01-26 09:00:00+00:00,2021-01-26 09:00:00+00:00,1328.83,1310.8542944092073,1326.5845459421178,16.948405470097445,22239.129223088825,22461.009282217132,221.88005912830704,0.009977011999999962,4,0.025586418127224703,take_profit
2021-01-26 10:00:00+00:00,2021-01-26 10:00:00+00:00,1315.5,1315.5,1331.286,1.5253606684155692,2008.6205798805618,2028.6606115094771,20.040031628915358,0.009977012000000018,1,0.0037552261497529873,take_profit
2021-01-26 11:00:00+00:00,2021-01-26 11:00:00+00:00,1336.71,1318.6276979596578,1334.4512303351737,16.950519324083363,22373.798073610345,22597.021725476337,223.223651865992,0.00997701200000021,4,0.020445721211033004,take_profit
2021-01-26 12:00:00+00:00,2021-01-26 12:00:00+00:00,1313.61,1294.2355846413072,1309.766411657003,19.12212819062946,24773.312070455795,25020.47570226248,247.16363180668486,0.009977012000000103,5,0.033198590144715635,take_profit
2021-01-26 13:00:00+00:00,2021-01-26 13:00:00+00:00,1273.02,1267.1309627938826,1282.3365343474093,5.21245642207451,6611.476401025456,6677.439180416203,65.96277939074753,0.00997701199999996,2,0.010581137766885067,take_profit
2021-01-26 14:00:00+00:00,2021-01-26 14:00:00+00:00,1285.49,1266.530326124614,1281.7286900381093,19.691815665082,24965.246963245336,25214.325531780592,249.07856853525664,0.009977011999999775,5,0.03183999875533848,take_profit
2021-01-26 15:00:00+00:00,2021-01-26 15:00:00+00:00,1259.47,1259.47,1274.58364,1.6251638538662294,2048.894013041942,2069.3358531967897,20.441840154847796,0.00997701200000009,1,0.0005557893399604956,take_profit
2021-01-26 16:00:00+00:00,2021-01-26 16:00:00+00:00,1279.94,1274.0189506201018,1289.307178027543,5.2270474121465,6666.02348234675,6732.530478622404,66.50699627565427,0.009977011999999844,2,0.010094223166710997,take_profit
2021-01-26 17:00:00+00:00,2021-01-26 17:00:00+00:00,1308.35,1308.35,1324.0502,1.5677671979276215,2053.241454863467,2073.7266694975374,20.485214634070417,0.009977012000000072,1,0.004157908816448066,take_profit
2021-01-26 18:00:00+00:00,2021-01-26 19:00:00+00:00,1329.4,1323.25014684623,1339.1291486083849,5.043254761458167,6680.167771453923,6746.815885471731,66.64811401780844,0.009977011999999908,2,0.008755829697608018,take_profit
2021-01-26 20:00:00+00:00,2021-01-26 20:00:00+00:00,1341.93,1335.7221826067107,1351.7508487979912,5.00426910916288,6691.004261103486,6757.760490908566,66.75622980507978,0.009977011999999875,2,0.008130081300813068,take_profit
2021-01-26 21:00:00+00:00,2021-01-26 21:00:00+00:00,1337.11,1337.11,1353.1553199999998,1.5397947789288307,2060.935932786315,2081.497915318955,20.561982532640286,0.009977012000000014,1,0.0061924598574537425,take_profit
2021-01-26 22:00:00+00:00,2021-01-26 22:00:00+00:00,1333.83,1333.83,1349.83596,1.5443512800589538,2061.964031912947,2082.536271802911,20.57223988996384,0.009977011999999992,1,0.006620034037321043,take_profit
2021-01-26 23:00:00+00:00,2021-01-26 23:00:00+00:00,1360.85,1354.554657992848,1370.809313888762,4.9476319493289225,6708.546449447173,6775.477697875865,66.93124842869202,0.009977012000000026,2,0.008876804938090111,take_profit
2021-01-27 00:00:00+00:00,2021-01-27 00:00:00+00:00,1366.54,1348.0541735827444,1364.2308236657373,17.048452778088894,23005.24316379486,23234.76675090296,229.52358710809858,0.00997701199999997,4,0.02572189617574302,take_profit
2021-01-27 01:00:00+00:00,2021-01-27 01:00:00+00:00,1346.31,1328.097834264774,1344.0350082759514,17.400734860358554,23133.0112939517,23363.809625227597,230.79833127589882,0.009977012000000311,4,0.024303466512170323,take_profit
2021-01-27 02:00:00+00:00,2021-01-27 02:00:00+00:00,1319.68,1307.6953293749896,1323.3876733274894,10.581822734965932,13851.651818607636,13989.849915021705,138.19809641406937,0.00997701199999994,3,0.014912706110572308,take_profit
2021-01-27 03:00:00+00:00,2021-01-27 04:00:00+00:00,1301.69,1301.69,1317.3102800000001,1.6088077359906843,2096.2652070687827,2117.1796701948906,20.914463126107876,0.00997701200000007,1,0.0029884227427422042,take_profit
2021-01-27 05:00:00+00:00,2021-01-27 05:00:00+00:00,1309.68,1290.3635481558663,1305.8479107337366,19.905837389141745,25711.478440907555,25968.002169850228,256.5237289426732,0.009977011999999893,5,0.027907580477673898,take_profit
2021-01-27 06:00:00+00:00,2021-01-27 07:00:00+00:00,1284.0,1284.0,1299.408,1.6417655604015184,2110.137116672222,2131.189980006906,21.052863334683934,0.009977011999999893,1,0.004672897196261682,take_profit
2021-01-27 08:00:00+00:00,2021-01-27 08:00:00+00:00,1293.37,1275.873978432182,1291.1844661733683,18.403913822064794,23504.57932620704,23739.08479619956,234.50546999252037,0.009977012000000035,4,0.026055962330964706,take_profit
2021-01-27 09:00:00+00:00,2021-01-27 09:00:00+00:00,1261.53,1255.6941159552614,1270.7624453467245,5.492182920724486,6903.405182486204,6972.2805388327315,68.87535634652795,0.009977012000000132,2,0.009139695449176772,take_profit
2021-01-27 10:00:00+00:00,2021-01-27 11:00:00+00:00,1271.05,1253.8559115227854,1268.9021824610588,18.861647212313258,23673.46131953578,23909.651727202323,236.19040766654143,0.009977011999999877,4,0.020494866448998825,take_profit
2021-01-27 12:00:00+00:00,2021-01-27 12:00:00+00:00,1248.78,1248.78,1263.7653599999999,1.7104935642929073,2138.168321539236,2159.5008525412527,21.33253100201682,0.009977012000000004,1,0.004828712823715925,take_profit
2021-01-27 13:00:00+00:00,2021-01-27 13:00:00+00:00,1264.74,1247.6312698472345,1262.6028450854014,19.07053751750911,23816.815755394615,24054.436411987976,237.62065659336076,0.009977011999999985,4,0.023340765690972043,take_profit
2021-01-27 14:00:00+00:00,2021-01-27 14:00:00+00:00,1236.08,1219.3589670863337,1233.9912746913697,19.621081903507577,23949.091254231585,24188.031625064148,238.94037083256262,0.00997701199999996,4,0.02352598537311495,take_profit
2021-01-27 15:00:00+00:00,2021-01-27 15:00:00+00:00,1224.82,1219.1539377615456,1233.783785014684,5.763772926780479,7033.96042046828,7104.138327990815,70.17790752253495,0.009977011999999699,2,0.006776505935566005,take_profit
2021-01-27 16:00:00+00:00,2021-01-27 16:00:00+00:00,1281.4,1269.7629690994115,1285.0001247286045,11.300696278519709,14363.569228732587,14506.874731290485,143.30550255789785,0.009977012000000144,3,0.013844232870298118,take_profit
2021-01-27 17:00:00+00:00,2021-01-27 17:00:00+00:00,1267.72,1250.5709579919483,1265.5778094878517,19.33256117717755,24200.94049227315,24442.393565975846,241.45307370269802,0.00997701200000012,4,0.02091155775723345,take_profit
2021-01-27 18:00:00+00:00,2021-01-27 18:00:00+00:00,1257.26,1238.7166899963686,1253.581290276325,21.610763079584764,26796.40931955853,27063.757416896675,267.3480973381447,0.009977011999999905,5,0.02790989930483744,take_profit
2021-01-27 19:00:00+00:00,2021-01-27 19:00:00+00:00,1225.55,1225.55,1240.2566,1.7926466086966504,2199.1772285166967,2221.118446115734,21.941217599037373,0.009977011999999794,1,0.0012484190771490128,take_profit
2021-01-27 20:00:00+00:00,2021-01-27 20:00:00+00:00,1268.78,1262.9105771893783,1278.0655041156508,5.659791901055645,7154.9660225565085,7226.3512044231475,71.38518186663896,0.009977012000000056,2,0.007991929254874661,take_profit
2021-01-27 21:00:00+00:00,2021-01-27 21:00:00+00:00,1287.42,1270.0044668680732,1285.2445204704902,19.300395671412623,24536.12483985511,24780.922051815847,244.7972119607366,0.009977012000000167,4,0.02253343897096518,take_profit
2021-01-27 22:00:00+00:00,2021-01-27 22:00:00+00:00,1274.65,1255.8502051316923,1270.9204075932726,21.6111550567091,27167.54105215309,27438.59193524091,271.0508830878207,0.009977011999999877,5,0.03023575099046812,take_profit
2021-01-27 23:00:00+00:00,2021-01-27 23:00:00+00:00,1249.96,1238.6084913809118,1253.4717932774827,11.922152174058668,14781.660578903367,14929.137383879013,147.4768049756458,0.009977011999999997,3,0.01348043137380407,take_profit
2021-01-28 00:00:00+00:00,2021-01-28 00:00:00+00:00,1238.93,1227.678660298372,1242.4108042219525,12.068073137877443,14830.54640870085,14978.510948187017,147.96453948616727,0.009977012000000134,3,0.01751511384824005,take_profit
2021-01-28 01:00:00+00:00,2021-01-28 02:00:00+00:00,1258.82,1252.9966525146467,1268.0326123448224,5.818997106378134,7298.482377661879,7371.2994239255995,72.81704626372084,0.009977011999999966,2,0.01122479782653587,take_profit
2021-01-28 03:00:00+00:00,2021-01-28 03:00:00+00:00,1268.58,1268.58,1283.80296,1.7703265256475,2248.048872778684,2270.4776833589835,22.42881058029934,0.009977011999999971,1,0.0036103359661983692,take_profit
2021-01-28 04:00:00+00:00,2021-01-28 05:00:00+00:00,1287.31,1281.354856729818,1296.7311150105759,5.702288200209356,7313.9686484598515,7386.940201433159,72.97155297330755,0.009977011999999978,2,0.012895106850719647,take_profit
2021-01-28 06:00:00+00:00,2021-01-28 06:00:00+00:00,1301.41,1301.41,1317.02692,1.7293290139659352,2252.818890956364,2275.2952920652624,22.476401108898244,0.009977011999999959,1,0.000883656956685511,take_profit
2021-01-28 07:00:00+00:00,2021-01-28 07:00:00+00:00,1304.14,1292.296455846189,1307.8040133163433,11.551422668923534,14942.80538041162,15091.889929005652,149.08454859403173,0.009977012000000028,3,0.019016363273881776,take_profit
2021-01-28 08:00:00+00:00,2021-01-28 09:00:00+00:00,1284.93,1273.2609114132254,1288.540042350184,11.762893048114156,14992.22414744557,15141.801747671323,149.57760022575349,0.009977011999999952,3,0.019401835119422898,take_profit
2021-01-28 10:00:00+00:00,2021-01-28 10:00:00+00:00,1301.77,1289.9479789952713,1305.4273547432147,11.64912445331097,15041.806351964846,15191.878634440076,150.07228247523017,0.009977012000000045,3,0.01652365625264063,take_profit
2021-01-28 11:00:00+00:00,2021-01-28 12:00:00+00:00,1299.69,1293.6775863958003,1309.20171743255,5.7162977100584165,7402.448673341553,7476.302992584867,73.85431924331351,0.009977012000000103,2,0.009056005662888828,take_profit
2021-01-28 13:00:00+00:00,2021-01-28 13:00:00+00:00,1318.9,1312.798720231302,1328.5523048740777,5.642176723357757,7414.456838581485,7488.430963433495,73.97412485201039,0.009977012000000115,2,0.00940177420577761,take_profit
2021-01-28 14:00:00+00:00,2021-01-28 14:00:00+00:00,1342.65,1336.438851860306,1352.4761180826297,5.551363602244413,7426.484483325941,7500.578608133898,74.09412480795709,0.00997701200000005,2,0.009004580493799683,take_profit
2021-01-28 15:00:00+00:00,2021-01-28 20:00:00+00:00,1346.76,1334.5294024226032,1350.5437552516744,11.352279397624965,15165.115756403276,15316.4182982863,151.30254188302388,0.009977011999999955,3,0.019869910006237185,take_profit
2021-01-28 21:00:00+00:00,2021-01-28 21:00:00+00:00,1331.47,1331.47,1347.44764,1.72196568261227,2295.040688115875,2317.9383366016955,22.897648485820355,0.009977012000000006,1,0.0002253148775413299,take_profit
2021-01-28 22:00:00+00:00,2021-01-28 23:00:00+00:00,1347.63,1335.3915015197754,1351.4161995380127,11.388148731199868,15222.859893581095,15374.738549413676,151.878655832581,0.009977012000000242,3,0.018016814704332938,take_profit
2021-01-29 00:00:00+00:00,2021-01-29 00:00:00+00:00,1329.44,1329.44,1345.39328,1.7311617852843775,2303.779503331795,2326.76433908189,22.984835750095044,0.009977011999999865,1,0.0016473101456252665,take_profit
2021-01-29 01:00:00+00:00,2021-01-29 01:00:00+00:00,1367.71,1349.2083464449306,1365.3988466022697,19.000681812052683,25661.540028994863,25917.565521802626,256.02549280776293,0.009977012000000033,4,0.02309700155734779,take_profit
2021-01-29 02:00:00+00:00,2021-01-29 03:00:00+00:00,1343.41,1325.2370639226037,1341.139908689675,19.45180792745824,25804.060886657844,26061.50831177276,257.44742511491495,0.00997701199999996,4,0.025584147802979074,take_profit
2021-01-29 04:00:00+00:00,2021-01-29 04:00:00+00:00,1320.8,1301.3195394327377,1316.9353739059304,21.933803818244535,28571.458941707708,28856.51673042663,285.0577887189211,0.00997701199999986,5,0.02683979406420355,take_profit
2021-01-29 05:00:00+00:00,2021-01-29 06:00:00+00:00,1305.61,1299.5702002586927,1315.165042661797,5.861550890100441,7625.121986060409,7701.197919616798,76.07593355638892,0.00997701200000005,2,0.009903416793682522,take_profit
2021-01-29 07:00:00+00:00,2021-01-29 07:00:00+00:00,1301.47,1295.449352050521,1310.9947442751272,5.889735377060389,7637.491369331243,7713.690712372957,76.1993430417142,0.009977011999999995,2,0.00686915564707604,take_profit
2021-01-29 08:00:00+00:00,2021-01-29 08:00:00+00:00,1315.86,1303.9100206954515,1319.556940943797,11.948985921563054,15595.998478753692,15751.599942728202,155.6014639745099,0.009977012000000165,3,0.015845150699922417,take_profit
2021-01-29 09:00:00+00:00,2021-01-29 09:00:00+00:00,1375.82,1357.2086386776907,1373.495142341823,19.342024495225946,26277.440174610765,26539.61051056214,262.170335951374,0.00997701200000001,4,0.022401186201683316,take_profit
2021-01-29 10:00:00+00:00,2021-01-29 10:00:00+00:00,1369.92,1357.479074940429,1373.768823839714,11.579366416760559,15734.482093914308,15891.465210579076,156.9831166647673,0.009977011999999943,3,0.018190843260920398,take_profit
2021-01-29 11:00:00+00:00,2021-01-29 11:00:00+00:00,1378.09,1378.09,1394.62708,1.7261757819305745,2381.206790110816,2404.964118830233,23.75732871941682,0.009977011999999884,1,7.256420117692535e-06,take_profit
2021-01-29 12:00:00+00:00,2021-01-29 12:00:00+00:00,1416.83,1403.9630618925544,1420.810618635265,11.238614632096997,15794.39420451388,15951.975065025043,157.58086051116334,0.009977011999999867,3,0.013967801359372659,take_profit
2021-01-29 13:00:00+00:00,2021-01-29 14:00:00+00:00,1419.51,1398.5736670352555,1415.3565510396786,20.931097652308765,29302.984983646147,29595.3412164638,292.3562328176522,0.009977011999999822,5,0.033941289599932416,take_profit
2021-01-29 15:00:00+00:00,2021-01-29 16:00:00+00:00,1392.22,1379.5765575461078,1396.131476236661,11.545279159495195,15943.540018783984,16102.608908873872,159.06889008988765,0.009977011999999976,3,0.018459726192699463,take_profit
2021-01-29 17:00:00+00:00,2021-01-29 17:00:00+00:00,1375.72,1369.3558688275127,1385.788139253443,5.724127892230131,7846.214337482072,7924.496112081703,78.28177459963172,0.009977012000000132,2,0.007792283313464969,take_profit
2021-01-29 18:00:00+00:00,2021-01-29 18:00:00+00:00,1372.58,1354.0124676747137,1370.2606172868102,19.851868491519518,26906.584028184425,27175.031339912624,268.44731172819957,0.009977011999999822,4,0.024392020865814757,take_profit
2021-01-29 19:00:00+00:00,2021-01-29 19:00:00+00:00,1352.92,1332.96580200586,1348.9613916299304,22.32797847019104,29792.223952640416,30089.4613285226,297.237375882185,0.00997701200000014,5,0.02941785175767982,take_profit
2021-01-29 20:00:00+00:00,2021-01-29 20:00:00+00:00,1348.03,1341.7939637830023,1357.8954913483983,5.919662638224475,7950.918514115478,8030.24492354183,79.32640942635226,0.009977011999999995,2,0.012054627864365036,take_profit
2021-01-29 21:00:00+00:00,2021-01-29 21:00:00+00:00,1348.68,1348.68,1364.86416,1.8140408322954595,2449.0095992995402,2473.443397459867,24.43379816032666,0.009977011999999981,1,0.002076104042471123,take_profit
2021-01-29 22:00:00+00:00,2021-01-29 22:00:00+00:00,1372.01,1372.01,1388.47412,1.7840839774625177,2450.2312892075565,2474.677276182756,24.445986975199503,0.009977012000000098,1,0.001450426746160749,take_profit
2021-01-29 23:00:00+00:00,2021-01-30 00:00:00+00:00,1396.2,1377.3129488754282,1393.8407042619333,19.79619600970375,27292.84995259365,27565.151044084872,272.3010914912229,0.009977011999999877,4,0.021580002864919144,take_profit
2021-01-30 01:00:00+00:00,2021-01-30 01:00:00+00:00,1366.73,1366.73,1383.13076,1.8018215554555372,2465.0686431308773,2489.662662564218,24.59401943334069,0.009977012000000085,1,0.0016974823117952603,take_profit
2021-01-30 02:00:00+00:00,2021-01-30 02:00:00+00:00,1369.83,1357.3898922752044,1373.678570982507,12.033605101930025,16350.644577568715,16513.775154726856,163.13057715814102,0.009977012000000184,3,0.01901695830869521,take_profit
2021-01-30 03:00:00+00:00,2021-01-30 03:00:00+00:00,1346.62,1334.390673832253,1350.40336191824,12.28149667484655,16404.719342960027,16568.389424701367,163.67008174134025,0.009977011999999754,3,0.015007945819904509,take_profit
2021-01-30 04:00:00+00:00,2021-01-30 05:00:00+00:00,1342.79,1336.5782042151714,1352.6171426657534,6.034139271642793,8073.172203880447,8153.718339836629,80.54613595618139,0.009977011999999966,2,0.010269662419291151,take_profit
2021-01-30 06:00:00+00:00,2021-01-30 07:00:00+00:00,1336.81,1336.81,1352.85172,1.8582887756386337,2486.6656838453273,2511.4751772130403,24.809493367713003,0.009977011999999987,1,0.006470627837912541,take_profit
2021-01-30 08:00:00+00:00,2021-01-30 13:00:00+00:00,1347.07,1340.838404778209,1356.9284656355476,6.027730051396121,8090.302248796443,8171.019291416313,80.71704261986997,0.009977012000000108,2,0.012486359283481881,take_profit
2021-01-30 14:00:00+00:00,2021-01-30 16:00:00+00:00,1364.91,1352.51457324292,1368.744748121835,12.202553867444092,16520.652589088975,16685.479338218152,164.8267491291772,0.009977012000000328,3,0.014587042369093991,take_profit
2021-01-30 17:00:00+00:00,2021-01-30 17:00:00+00:00,1358.43,1358.43,1374.73116,1.8386543029475673,2500.183348101165,2525.1277073673705,24.944359266205538,0.009977012000000016,1,0.001376589150710834,take_profit
2021-01-30 18:00:00+00:00,2021-01-30 20:00:00+00:00,1370.57,1370.57,1387.01684,1.8232772755119484,2501.4305660644754,2526.3873688392673,24.956802774791868,0.00997701199999992,1,0.0054429908724107755,take_profit
2021-01-30 21:00:00+00:00,2021-02-01 22:00:00+00:00,1376.52,1346.921675132661,1363.084735234253,26.935736838441034,36316.64442779332,36678.976025049145,362.33159725582664,0.009977011999999988,7,0.07739081161189083,take_profit
2021-02-01 23:00:00+00:00,2021-02-01 23:00:00+00:00,1357.48,1357.48,1373.7697600000001,1.8551096083035772,2520.794986066006,2545.9449878915266,25.150001825520576,0.00997701200000008,1,0.0009429236526504794,take_profit
2021-02-02 00:00:00+00:00,2021-02-02 00:00:00+00:00,1374.09,1374.09,1390.57908,1.833599279283835,2522.052486157282,2547.2150340763033,25.162547919021108,0.009977012000000028,1,0.00017466104840294967,take_profit
2021-02-02 01:00:00+00:00,2021-02-02 04:00:00+00:00,1380.61,1368.0719937321198,1384.4888576569053,12.21564820428258,16728.61480837143,16895.516399057928,166.90159068649882,0.009977011999999962,3,0.014725375015391695,take_profit
2021-02-02 05:00:00+00:00,2021-02-02 06:00:00+00:00,1380.84,1380.84,1397.4100799999999,1.831583700786818,2531.655693087557,2556.91405231736,25.258359229802863,0.009977011999999995,1,0.0020567190985196823,take_profit
2021-02-02 07:00:00+00:00,2021-02-02 07:00:00+00:00,1405.18,1405.18,1422.04216,1.8007555561835484,2532.9186110490477,2558.1895704265075,25.270959377459803,0.009977012000000047,1,0.0008112839636203903,take_profit
2021-02-02 08:00:00+00:00,2021-02-02 08:00:00+00:00,1415.0,1415.0,1431.98,1.7891505136812031,2534.18215901792,2559.465724828628,25.28356581070784,0.009977012000000056,1,0.006628975265017745,take_profit
2021-02-02 09:00:00+00:00,2021-02-02 09:00:00+00:00,1451.26,1438.0803859335197,1455.3373505647219,11.676858440074842,16809.07016215606,16976.774456872736,167.7042947166774,0.009977012000000266,3,0.017143723385196232,take_profit
2021-02-02 10:00:00+00:00,2021-02-02 11:00:00+00:00,1436.93,1423.8805237927404,1440.9670900782532,11.832310427501634,16864.661030219548,17032.919955693986,168.258925474438,0.00997701200000031,3,0.017662655800908957,take_profit
2021-02-02 12:00:00+00:00,2021-02-02 12:00:00+00:00,1419.58,1413.0129708590123,1429.9691265093204,5.867760344900028,8299.520998234126,8382.325418827759,82.80442059363304,0.009977011999999902,2,0.008157342312514918,take_profit
2021-02-02 13:00:00+00:00,2021-02-02 13:00:00+00:00,1424.92,1424.92,1442.0190400000001,1.7922608529800592,2556.3847193476936,2581.8898003692425,25.505081021548904,0.00997701200000013,1,0.0030738567779244512,take_profit
2021-02-02 14:00:00+00:00,2021-02-02 15:00:00+00:00,1426.81,1420.2095246138629,1437.2520389092292,5.850414354770863,8317.131320904151,8400.111439898388,82.98011899423727,0.009977012000000085,2,0.010758264940671785,take_profit
2021-02-02 16:00:00+00:00,2021-02-02 16:00:00+00:00,1427.88,1427.88,1445.01456,1.7923405120662343,2561.8089793484833,2587.3681782771505,25.55919892866723,0.009977011999999867,1,0.004426142252850494,take_profit
2021-02-02 17:00:00+00:00,2021-02-02 17:00:00+00:00,1493.45,1479.8872375538597,1497.645884404506,11.470688014722757,16992.317116066297,17161.849667841092,169.53255177479514,0.009977011999999782,3,0.019679266128762328,take_profit
2021-02-02 18:00:00+00:00,2021-02-02 18:00:00+00:00,1472.99,1472.99,1490.66588,1.7440661534136503,2571.563566883656,2597.2200874492178,25.65652056556155,0.009977012000000198,1,0.003109321855545474,take_profit
2021-02-02 19:00:00+00:00,2021-02-02 19:00:00+00:00,1490.28,1483.3859100661946,1501.186540986989,5.634507335748346,8366.515307321031,8449.988130940355,83.47282361932412,0.00997701199999982,2,0.006817510803339025,take_profit
2021-02-02 20:00:00+00:00,2021-02-02 20:00:00+00:00,1516.29,1509.2755868523168,1527.3868938945445,5.54683806965558,8380.087370124322,8463.6956023771,83.60823225277818,0.009977011999999926,2,0.012642700275013402,take_profit
2021-02-02 21:00:00+00:00,2021-02-02 22:00:00+00:00,1532.49,1525.400645058206,1543.7054527989044,5.497105167147121,8393.681449368385,8477.42530991291,83.74386054452407,0.009977011999999797,2,0.012548205861049676,take_profit
2021-02-02 23:00:00+00:00,2021-02-03 03:00:00+00:00,1534.74,1520.802262521953,1539.0518896722165,11.259203614631613,17140.162493820928,17311.170100703734,171.0076068828057,0.009977012000000255,3,0.017169031888137346,take_profit
2021-02-03 04:00:00+00:00,2021-02-03 04:00:00+00:00,1539.71,1539.71,1558.18652,1.6830078917834068,2593.9380190769066,2619.8177698204927,25.8797507435861,0.009977011999999836,1,0.0013119353644517355,take_profit
2021-02-03 05:00:00+00:00,2021-02-03 06:00:00+00:00,1554.15,1546.9604451038576,1565.523970445104,5.449958803646397,8439.31000669321,8523.50910390171,84.19909720850046,0.009977012000000264,2,0.009870347135090014,take_profit
2021-02-03 07:00:00+00:00,2021-02-03 13:00:00+00:00,1565.99,1542.8932355816728,1561.4079544086528,20.633550635910563,31867.23293511344,32185.172700513864,317.9397654004242,0.00997701200000007,5,0.03423393508259944,take_profit
2021-02-03 14:00:00+00:00,2021-02-03 15:00:00+00:00,1550.68,1543.5064974511145,1562.0285754205279,5.504473175960294,8504.694806947035,8589.546249092282,84.85144214524735,0.009977011999999895,2,0.008060979699228725,take_profit
2021-02-03 16:00:00+00:00,2021-02-03 16:00:00+00:00,1597.56,1590.1696288518601,1609.2516643980825,5.351613046484946,8518.49102291065,8603.480110068122,84.98908715747166,0.00997701199999998,2,0.01092916697964398,take_profit
2021-02-03 17:00:00+00:00,2021-02-03 17:00:00+00:00,1607.21,1607.21,1626.4965200000001,1.63090519921694,2623.8309762096683,2650.0089693452837,26.177993135615452,0.009977011999999954,1,0.004411371258267523,take_profit
2021-02-03 18:00:00+00:00,2021-02-03 19:00:00+00:00,1640.24,1625.3441645353662,1644.8482945097905,10.696996843639987,17403.70510296645,17577.34207762321,173.63697465675796,0.009977012000000025,3,0.014723455104131158,take_profit
2021-02-03 20:00:00+00:00,2021-02-03 20:00:00+00:00,1616.1,1608.623862131933,1627.9273484775163,5.3189769566103156,8564.798052585826,8650.249145534053,85.4510929482276,0.009977012000000255,2,0.009689994431037593,take_profit
2021-02-03 21:00:00+00:00,2021-02-03 22:00:00+00:00,1634.51,1626.948696796774,1646.4720811583352,5.267598844655724,8578.69176732815,8664.281478035084,85.58971070693406,0.009977011999999988,2,0.008822215832267818,take_profit
2021-02-03 23:00:00+00:00,2021-02-03 23:00:00+00:00,1636.66,1636.66,1656.2999200000002,1.6128770734405813,2642.373764782044,2668.7367595417595,26.362994759715548,0.00997701199999997,1,0.003641562694756416,take_profit
2021-02-04 00:00:00+00:00,2021-02-04 01:00:00+00:00,1664.67,1664.67,1684.64604,1.586529596019337,2643.69191452003,2670.0680604754994,26.376145955469383,0.009977012000000026,1,0.0020544612445710397,take_profit
2021-02-04 02:00:00+00:00,2021-02-04 02:00:00+00:00,1691.32,1666.3747451797228,1686.3712421218795,19.439472665921198,32425.872182284907,32749.385498158033,323.513315873126,0.009977012000000101,5,0.026795638909254273,take_profit
2021-02-04 03:00:00+00:00,2021-02-04 03:00:00+00:00,1677.43,1652.689608593775,1672.5218838969001,19.720308955538684,32624.17386294048,32949.66563706112,325.49177412064455,0.009977012000000032,5,0.02677906082519096,take_profit
2021-02-04 04:00:00+00:00,2021-02-04 04:00:00+00:00,1645.85,1645.85,1665.6001999999999,1.625168463311465,2677.4609763174917,2704.1740366077433,26.713060290251633,0.009977012000000113,1,0.006592338305434826,take_profit
2021-02-04 05:00:00+00:00,2021-02-04 06:00:00+00:00,1662.61,1654.9187051662482,1674.7777296282432,5.2584690129378515,8711.049779827776,8797.960028013715,86.91024818593905,0.009977011999999997,2,0.008185924540331107,take_profit
2021-02-04 07:00:00+00:00,2021-02-04 08:00:00+00:00,1676.58,1651.8521452317837,1671.6743709745651,19.893089042357857,32893.33514505076,33221.51234451296,328.17719946219586,0.009977012000000082,5,0.030168557420463045,take_profit
2021-02-04 09:00:00+00:00,2021-02-04 09:00:00+00:00,1638.5,1614.3337866145828,1633.7057920539578,20.4799040893082,33094.49561360999,33424.67979348093,330.1841798709356,0.00997701200000004,5,0.04122062862374121,take_profit
2021-02-04 10:00:00+00:00,2021-02-04 11:00:00+00:00,1644.97,1622.717720607086,1642.1903332543711,18.61603191480186,30238.803679215252,30540.496586388428,301.6929071731756,0.00997701200000003,4,0.02021313458604108,take_profit
2021-02-04 12:00:00+00:00,2021-02-04 12:00:00+00:00,1611.77,1611.77,1631.11124,1.6928058663522398,2731.1448560666163,2758.3935210693307,27.24866500271446,0.009977011999999837,1,0.0037784547423018906,take_profit
2021-02-04 13:00:00+00:00,2021-02-04 14:00:00+00:00,1635.48,1611.3583285519792,1630.694628494603,20.76820293741557,33498.5152875498,33832.730376555875,334.21508900607296,0.009977012000000153,5,0.030248000586983653,take_profit
2021-02-04 15:00:00+00:00,2021-02-04 15:00:00+00:00,1591.76,1570.2275171909123,1589.0702473972033,19.473199005637007,30607.960887273213,30913.33688034107,305.37599306785705,0.00997701200000005,4,0.023445745589787365,take_profit
2021-02-04 16:00:00+00:00,2021-02-04 16:00:00+00:00,1580.8,1573.4871612265083,1592.3690071612264,5.707521599690298,8989.701661196865,9079.392022547043,89.69036135017814,0.009977011999999676,2,0.009994939271255032,take_profit
2021-02-04 17:00:00+00:00,2021-02-04 17:00:00+00:00,1629.19,1629.19,1648.74028,1.6979004229871708,2768.971361487957,2796.5974219891787,27.626060501221673,0.009977011999999995,1,0.0035968794308829095,take_profit
2021-02-04 18:00:00+00:00,2021-02-04 18:00:00+00:00,1631.73,1631.73,1651.31076,1.69610310029754,2770.352664513018,2797.9925062910966,27.639841778078335,0.009977011999999992,1,0.002334945119596959,take_profit
2021-02-04 19:00:00+00:00,2021-02-04 20:00:00+00:00,1653.04,1645.3929763372137,1665.1376920532603,5.472405276386468,9013.270475912916,9103.195983610345,89.92550769742957,0.009977012000000077,2,0.009763829066447197,take_profit
2021-02-04 21:00:00+00:00,2021-02-05 03:00:00+00:00,1657.18,1632.7382755581048,1652.331134864802,20.824219492508778,34034.53475880105,34374.097720504025,339.5629617029772,0.00997701200000006,5,0.041745616046536926,take_profit
2021-02-05 04:00:00+00:00,2021-02-05 06:00:00+00:00,1639.99,1632.403346115803,1651.9921862691926,5.55868685218806,9083.102119641353,9173.72433848624,90.62221884488645,0.009977011999999915,2,0.010823236727053214,take_profit
2021-02-05 07:00:00+00:00,2021-02-05 07:00:00+00:00,1645.27,1645.27,1665.01324,1.6987743354119216,2797.7401910141866,2825.6532784728174,27.913087458630798,0.009977011999999988,1,6.078029745872048e-06,take_profit
2021-02-05 08:00:00+00:00,2021-02-05 09:00:00+00:00,1662.6,1654.9087514266148,1674.7676564437343,5.494727548866807,9102.375082406998,9193.189587832676,90.81450542567836,0.009977012000000304,2,0.008667147840731297,take_profit
2021-02-05 10:00:00+00:00,2021-02-05 12:00:00+00:00,1650.72,1650.72,1670.52864,1.6967583200589704,2803.676570658402,2831.6488854479794,27.972314789577467,0.009977011999999908,1,0.005755064456721915,take_profit
2021-02-05 13:00:00+00:00,2021-02-05 13:00:00+00:00,1661.04,1661.04,1680.97248,1.6870575730936537,2805.0751863978803,2833.061455193474,27.986268795593787,0.009977011999999964,1,0.00015050811539758224,take_profit
2021-02-05 14:00:00+00:00,2021-02-05 14:00:00+00:00,1716.57,1716.57,1737.16884,1.633296646998271,2806.47449983766,2834.4747296002342,28.000229762574236,0.009977011999999966,1,0.005790617335733368,take_profit
2021-02-05 15:00:00+00:00,2021-02-05 16:00:00+00:00,1737.7,1714.1933184793238,1734.7636383010756,18.21833135924941,31261.002892760436,31572.894293753543,311.8914009931068,0.009977012000000039,4,0.020659492432525805,take_profit
2021-02-05 17:00:00+00:00,2021-02-05 18:00:00+00:00,1724.47,1701.142286883835,1721.555994326441,18.4600594900257,31434.622439313265,31748.24604460577,313.6236052925051,0.009977012000000235,4,0.02404796836129363,take_profit
2021-02-05 19:00:00+00:00,2021-02-05 19:00:00+00:00,1684.41,1684.41,1704.62292,1.6838602901778243,2839.1502616400694,2867.476497870255,28.326236230185714,0.00997701199999986,1,0.0014307680434099072,take_profit
2021-02-05 20:00:00+00:00,2021-02-05 20:00:00+00:00,1710.02,1702.109384767557,1722.5346973847677,5.421428642069893,9237.101672186986,9329.260346415613,92.1586742286272,0.009977011999999738,2,0.008783522999730987,take_profit
2021-02-05 21:00:00+00:00,2021-02-06 00:00:00+00:00,1720.58,1712.6205338202847,1733.1719802261282,5.3968954134586244,9252.085989959714,9344.394162906576,92.3081729468613,0.009977012000000146,2,0.01196108289065311,take_profit
2021-02-06 01:00:00+00:00,2021-02-06 01:00:00+00:00,1727.45,1701.9718643194146,1722.3955266912476,20.506435993808726,34936.313412341726,35284.87343049242,348.5600181506961,0.00997701200000005,5,0.047451445772670714,take_profit
2021-02-06 02:00:00+00:00,2021-02-06 02:00:00+00:00,1672.96,1665.2208256866772,1685.2034755949173,5.593518877839392,9323.767892141872,9416.791236286983,93.02334414511097,0.009977011999999657,2,0.006772427314460553,take_profit
2021-02-06 03:00:00+00:00,2021-02-06 06:00:00+00:00,1679.53,1656.8102113055065,1676.6919338411726,19.278914450957828,31973.47580103325,32292.475552781874,318.99975174862266,0.009977012000000134,4,0.021785856757545217,take_profit
2021-02-06 07:00:00+00:00,2021-02-06 08:00:00+00:00,1679.0,1679.0,1699.148,1.7182437477314245,2887.8190715125743,2916.630877042884,28.81180553030981,0.009977012,1,0.004163192376414538,take_profit
2021-02-06 09:00:00+00:00,2021-02-06 14:00:00+00:00,1699.99,1676.9934393057865,1697.1173605774559,19.162223928349583,32167.090901251857,32488.022353178738,320.931451926881,0.009977012000000013,4,0.02175895152324426,take_profit
2021-02-06 15:00:00+00:00,2021-02-06 16:00:00+00:00,1686.79,1671.471420826593,1691.529077876512,11.51191875049772,19261.104294629353,19453.272563310118,192.16826868076532,0.00997701199999983,3,0.018710094321166208,take_profit
2021-02-06 17:00:00+00:00,2021-02-06 17:00:00+00:00,1694.0,1686.1634938750667,1706.3974558015675,5.615939236796187,9478.870595501836,9573.441401179605,94.57080567776939,0.009977012000000045,2,0.009144037780401423,take_profit
2021-02-06 18:00:00+00:00,2021-02-06 19:00:00+00:00,1704.41,1696.5253368332951,1716.8836408752948,5.590693315890377,9494.247107980555,9588.971325307843,94.72421732728799,0.009977012000000073,2,0.007533398654079796,take_profit
2021-02-06 20:00:00+00:00,2021-02-06 21:00:00+00:00,1707.89,1692.3798012292752,1712.6883588440267,11.444336989432419,19387.552311688167,19580.98215375251,193.42984206434267,0.009977012000000108,3,0.014514986328159419,take_profit
2021-02-06 22:00:00+00:00,2021-02-08 12:00:00+00:00,1708.4,1657.5077005229566,1677.397792929232,29.643423687614526,49183.386418504204,49674.08965500225,490.7032364980478,0.009977011999999884,8,0.12756965581830956,take_profit
2021-02-08 13:00:00+00:00,2021-02-08 13:00:00+00:00,1711.04,1687.8939607819889,1708.1486883113728,19.495292098974808,32938.924722262665,33267.55676948378,328.6320472211155,0.009977012000000129,4,0.02092294744716661,take_profit
2021-02-08 14:00:00+00:00,2021-02-08 14:00:00+00:00,1682.49,1682.49,1702.6798800000001,1.7664548601202041,2975.017655258901,3004.699442105631,29.68178684673012,0.009977012000000068,1,0.0004992600253195669,take_profit
2021-02-08 15:00:00+00:00,2021-02-08 15:00:00+00:00,1709.42,1709.42,1729.9330400000001,1.7394936544890292,2976.5017446012375,3006.198338225145,29.696593623907575,0.009977012000000032,1,0.0020942775912298644,take_profit
2021-02-08 16:00:00+00:00,2021-02-08 16:00:00+00:00,1734.86,1719.1048732416145,1739.734131720514,11.472950480491434,19742.948029502048,19939.923658907766,196.9756294057188,0.009977012000000026,3,0.013753271157326758,take_profit
2021-02-08 17:00:00+00:00,2021-02-08 17:00:00+00:00,1712.58,1704.6575421136727,1725.1134326190368,5.693977644719816,9715.997934632913,9812.93456261872,96.93662798580772,0.009977011999999993,2,0.008081374300762544,take_profit
2021-02-08 18:00:00+00:00,2021-02-08 18:00:00+00:00,1707.0,1691.4978837620536,1711.7958583671982,11.717741012731853,19840.37450000776,20038.322154478832,197.94765447107056,0.009977011999999955,3,0.016022261277094264,take_profit
2021-02-08 19:00:00+00:00,2021-02-08 20:00:00+00:00,1695.99,1695.99,1716.34188,1.7686289366716121,3002.5795698755633,3032.536342275166,29.95677239960287,0.009977011999999846,1,0.004840830429424723,take_profit
2021-02-08 21:00:00+00:00,2021-02-08 23:00:00+00:00,1719.81,1704.1915497790376,1724.641848376386,11.67474670264951,19915.920597063043,20114.621975850987,198.70137878794412,0.009977011999999948,3,0.013705002296765304,take_profit
2021-02-09 00:00:00+00:00,2021-02-09 00:00:00+00:00,1749.68,1741.5859161530852,1762.4849471469222,5.622071724042635,9801.122056251399,9898.907968620082,97.78591236868306,0.009977011999999813,2,0.010287595446024415,take_profit
2021-02-09 01:00:00+00:00,2021-02-09 06:00:00+00:00,1753.0,1729.2863482156035,1750.0377843941908,19.41658149033624,33610.43973999424,33945.771500605435,335.33176061119593,0.009977011999999896,4,0.0253907586993725,take_profit
2021-02-09 07:00:00+00:00,2021-02-09 08:00:00+00:00,1768.62,1752.5582818859068,1773.5889812685377,11.471933209447336,20125.356912371273,20326.147839790283,200.79092741900968,0.009977011999999928,3,0.015577116621999048,take_profit
2021-02-09 09:00:00+00:00,2021-02-09 09:00:00+00:00,1803.0,1778.6099748047538,1799.953294502411,19.04575649982697,33908.88136966439,34247.19068599611,338.3093163317171,0.009977011999999973,4,0.02555740432612309,take_profit
2021-02-09 10:00:00+00:00,2021-02-09 10:00:00+00:00,1774.09,1747.9239716173727,1768.8990592767811,21.45856974416868,37545.493946402115,37920.0857900513,374.59184364918474,0.009977012000000092,5,0.027664887350698063,take_profit
2021-02-09 11:00:00+00:00,2021-02-09 11:00:00+00:00,1734.1,1734.1,1754.9091999999998,1.7751407718634897,3081.352965453931,3112.0956609665004,30.7426955125693,0.009977011999999948,1,0.001112969263594854,take_profit
2021-02-09 12:00:00+00:00,2021-02-09 12:00:00+00:00,1753.4,1737.4765022779056,1758.3262203052404,11.751514974189021,20438.419553373744,20642.333910518788,203.91435714504405,0.00997701199999998,3,0.017765484202121644,take_profit
2021-02-09 13:00:00+00:00,2021-02-09 13:00:00+00:00,1730.54,1722.5344584950162,1743.2048719969564,5.833380307187561,10058.2568454823,10158.608194728757,100.35134924645718,0.009977011999999813,2,0.010603626613658112,take_profit
2021-02-09 14:00:00+00:00,2021-02-09 16:00:00+00:00,1740.2,1732.14977098075,1752.935568232519,5.810409022885105,10074.573231526445,10175.087369552262,100.51413802581737,0.009977011999999926,2,0.011389495460291884,take_profit
2021-02-09 17:00:00+00:00,2021-02-09 18:00:00+00:00,1731.72,1731.72,1752.50064,1.7901427270909704,3103.1290924504256,3134.0890486433527,30.959956192927166,0.009977012000000052,1,0.00012704132307764956,take_profit
2021-02-09 19:00:00+00:00,2021-02-09 19:00:00+00:00,1750.45,1750.45,1771.4554,1.7718714691478257,3104.6770902600715,3135.6524908457213,30.975400585649822,0.009977012000000002,1,0.004238909994572866,take_profit
2021-02-09 20:00:00+00:00,2021-02-09 23:00:00+00:00,1772.56,1756.4625007857442,1777.540050795173,11.712481116729435,20593.126999696084,20798.584874889577,205.45787519349324,0.009977012000000068,3,0.014058762467843032,take_profit
2021-02-10 00:00:00+00:00,2021-02-10 00:00:00+00:00,1769.14,1769.14,1790.36968,1.7598280833031752,3116.498754049029,3147.592099516161,31.093345467132167,0.009977011999999987,1,0.006161185660829607,take_profit
2021-02-10 01:00:00+00:00,2021-02-10 02:00:00+00:00,1786.61,1786.61,1808.0493199999999,1.7434892718058577,3118.0534213223855,3149.16227772356,31.108856401174307,0.00997701199999994,1,0.0034534677405812383,take_profit
2021-02-10 03:00:00+00:00,2021-02-10 04:00:00+00:00,1808.34,1783.8777381244747,1805.2842709819683,19.45027563673986,34731.6453541192,35078.16339659699,346.51804247778637,0.009977011999999851,4,0.0229602840173861,take_profit
2021-02-10 05:00:00+00:00,2021-02-10 06:00:00+00:00,1787.98,1787.98,1809.43576,1.7527029561293008,3136.9347662663336,3168.23200207259,31.297235806256595,0.009977012000000061,1,0.002679000883678768,take_profit
2021-02-10 07:00:00+00:00,2021-02-10 08:00:00+00:00,1801.8,1793.4648071216616,1814.9863848071216,5.6849344638482115,10205.935827532352,10307.760571754872,101.82474422252017,0.009977011999999997,2,0.006771006771006796,take_profit
2021-02-10 09:00:00+00:00,2021-02-10 12:00:00+00:00,1803.9,1768.5662001552794,1789.7889945571428,24.767760364847106,43847.2711059201,44284.73585591112,437.46474999102065,0.009977012000000058,6,0.0648040357004269,take_profit
2021-02-10 13:00:00+00:00,2021-02-10 14:00:00+00:00,1745.35,1729.499608332806,1750.2536036327997,12.121927435900133,20985.85460723521,21195.230730481853,209.37612324664224,0.00997701200000006,3,0.017795857564385335,take_profit
2021-02-10 15:00:00+00:00,2021-02-10 15:00:00+00:00,1722.58,1699.2778537987647,1719.6691880443498,20.787277913809938,35358.719719416826,35711.49409036209,352.7743709452625,0.009977012000000118,4,0.02471873584971376,take_profit
2021-02-10 16:00:00+00:00,2021-02-10 16:00:00+00:00,1714.21,1698.6424061650557,1719.0261150390363,12.451723100762152,21172.197085865497,21383.43235025754,211.23526439204215,0.009977011999999862,3,0.013656436492611805,take_profit
2021-02-10 17:00:00+00:00,2021-02-10 17:00:00+00:00,1727.04,1719.0506496233736,1739.6792574188541,6.05505587359931,10419.367100116833,10523.321250707106,103.95415059027255,0.009977012000000163,2,0.007249397813600138,take_profit
2021-02-10 18:00:00+00:00,2021-02-10 20:00:00+00:00,1736.99,1721.2155296519327,1741.870116007756,12.349063494592874,21276.676540091114,21488.954197251718,212.27765716060458,0.009977011999999862,3,0.017553353790177265,take_profit
2021-02-10 21:00:00+00:00,2021-02-10 22:00:00+00:00,1711.84,1711.84,1732.3820799999999,1.8791037924706637,3219.944981084065,3252.0704107996803,32.125429715615155,0.009977011999999896,1,0.0038204505093933803,take_profit
2021-02-10 23:00:00+00:00,2021-02-11 00:00:00+00:00,1747.93,1724.2849324794638,1744.9763516692174,20.78005593298837,35866.60394527761,36224.44548323889,357.84153796127794,0.009977011999999886,4,0.02271830107613007,take_profit
2021-02-11 01:00:00+00:00,2021-02-11 06:00:00+00:00,1718.53,1710.5800171954652,1731.1069774018108,6.152097823148445,10534.18978989935,10639.289527843453,105.09973794410325,0.009977011999999995,2,0.008780760300954838,take_profit
2021-02-11 07:00:00+00:00,2021-02-11 07:00:00+00:00,1727.45,1727.45,1748.1794,1.8764384601862574,3244.6983163651153,3277.0707104038697,32.372394038754464,0.009977011999999973,1,0.0,take_profit
2021-02-11 08:00:00+00:00,2021-02-11 09:00:00+00:00,1737.18,1737.18,1758.0261600000001,1.8668592886925854,3246.3169360670527,3278.705479093997,32.38854302694426,0.009977012000000014,1,0.003540220357130574,take_profit
2021-02-11 10:00:00+00:00,2021-02-11 10:00:00+00:00,1765.93,1765.93,1787.1211600000001,1.83738224440107,3247.9363632184,3280.3410632894665,32.4047000710666,0.009977012000000082,1,0.0022254562751638307,take_profit
2021-02-11 11:00:00+00:00,2021-02-11 13:00:00+00:00,1785.69,1769.4732607235276,1790.7069398522099,12.162836154542308,21543.356706730723,21758.29503511405,214.93832838332673,0.009977011999999714,3,0.015204206777212221,take_profit
2021-02-11 14:00:00+00:00,2021-02-11 20:00:00+00:00,1789.41,1773.1594775528158,1794.4373912834496,12.177692108816508,21614.60478225038,21830.253953538147,215.6491712877687,0.009977011999999967,3,0.017089431712128664,take_profit
2021-02-11 21:00:00+00:00,2021-02-11 22:00:00+00:00,1762.27,1762.27,1783.41724,1.854321351003139,3271.0859732055073,3303.7216372132107,32.635664007703326,0.009977012000000092,1,0.004460156502692493,take_profit
2021-02-11 23:00:00+00:00,2021-02-12 00:00:00+00:00,1781.46,1781.46,1802.83752,1.835261548757472,3272.717756405892,3305.3697007341666,32.65194432827457,0.009977011999999971,1,0.004181963108910694,take_profit
2021-02-12 01:00:00+00:00,2021-02-12 13:00:00+00:00,1791.45,1765.027929222273,1786.2082643729404,22.71973611119124,40141.10989070308,40541.59822577594,400.488335072856,0.009977011999999816,5,0.028786737000753543,take_profit
2021-02-12 14:00:00+00:00,2021-02-12 14:00:00+00:00,1790.95,1766.7229807967685,1787.9236565663298,20.73935499189064,36677.37244351889,37043.30302851635,365.9305849974553,0.009977011999999945,4,0.022368016974231523,take_profit
2021-02-12 15:00:00+00:00,2021-02-12 15:00:00+00:00,1760.66,1760.66,1781.7879200000002,1.8796125477526584,3312.6712996258216,3345.721860934244,33.0505613084224,0.009977011999999995,1,0.0003805391160133545,take_profit
2021-02-12 16:00:00+00:00,2021-02-12 16:00:00+00:00,1789.2,1789.2,1810.6704,1.850553042624386,3314.3238276912425,3347.3908762920037,33.067048600761154,0.009977011999999908,1,0.0011848871003801243,take_profit
2021-02-12 17:00:00+00:00,2021-02-12 17:00:00+00:00,1823.87,1823.87,1845.7564399999999,1.8162814251789654,3315.9771801212805,3349.060724239077,33.083544117796464,0.009977012000000087,1,0.005746023565275919,take_profit
2021-02-12 18:00:00+00:00,2021-02-12 18:00:00+00:00,1845.81,1829.0472810936355,1850.9958484667593,12.01317905048349,21994.667146724572,22214.108204783453,219.44105805888103,0.009977012000000191,3,0.017602028377785368,take_profit
2021-02-12 19:00:00+00:00,2021-02-12 20:00:00+00:00,1826.99,1826.99,1848.91388,1.820083748033588,3328.6034102301155,3361.812926397222,33.20951616710636,0.009977011999999872,1,0.0003940908269886684,take_profit
2021-02-12 21:00:00+00:00,2021-02-12 23:00:00+00:00,1848.68,1840.1279385224072,1862.2094737846762,5.879316885363856,10829.524784969544,10937.57108370348,108.04629873393606,0.009977011999999768,2,0.011191769262392655,take_profit
2021-02-13 00:00:00+00:00,2021-02-13 00:00:00+00:00,1840.24,1840.24,1862.32288,1.8108130106802334,3335.6662009751676,3368.9461826902916,33.279981715123995,0.009977012000000101,1,3.260444289872268e-05,take_profit
2021-02-13 01:00:00+00:00,2021-02-13 03:00:00+00:00,1856.36,1847.7724105607547,1869.9456794874839,5.867416801957626,10852.503391309225,10960.77894787436,108.27555656513505,0.009977012000000205,2,0.007735568531965729,take_profit
2021-02-13 04:00:00+00:00,2021-02-15 16:00:00+00:00,1864.07,1808.5403765592528,1830.2428610779639,30.95217553783698,56034.2934960238,56593.348314645154,559.0548186213564,0.009977012000000089,8,0.11179837667040395,take_profit
2021-02-15 17:00:00+00:00,2021-02-15 20:00:00+00:00,1819.99,1811.5706595145703,1833.309507428745,6.044503593193343,10961.006367126582,11070.364459183478,109.35809205689657,0.00997701199999984,2,0.00807147292018091,take_profit
2021-02-15 21:00:00+00:00,2021-02-15 21:00:00+00:00,1825.67,1800.9733071002747,1822.5849867854781,20.8500470421162,37587.96614077708,37962.98173001922,375.01558924213896,0.009977012000000327,4,0.021400362606604786,take_profit
2021-02-15 22:00:00+00:00,2021-02-15 22:00:00+00:00,1789.17,1772.9216571122165,1794.196716997563,12.68218740693375,22507.03174505372,22731.5846708585,224.55292580478272,0.009977012000000037,3,0.014822515468066188,take_profit
2021-02-15 23:00:00+00:00,2021-02-15 23:00:00+00:00,1798.67,1782.3353828859358,1803.7234074805672,12.656925083404808,22581.466881570486,22806.762447625515,225.29556605502876,0.009977011999999886,3,0.015867279712231796,take_profit
2021-02-16 00:00:00+00:00,2021-02-16 01:00:00+00:00,1779.33,1763.1710190476479,1784.3290712762196,12.836810381339639,22656.148189577616,22882.18885193881,226.04066236119252,0.009977011999999928,3,0.019338739862757248,take_profit
2021-02-16 02:00:00+00:00,2021-02-16 03:00:00+00:00,1801.5,1801.5,1823.118,1.9013495147019994,3428.7098605962483,3462.918140019935,34.20827942368669,0.009977011999999882,1,0.003985567582570116,take_profit
2021-02-16 04:00:00+00:00,2021-02-16 12:00:00+00:00,1822.16,1795.2849878655036,1816.8284077198896,23.401497470648238,42054.41151414148,42473.988882471,419.57736832951923,0.009977011999999797,5,0.028625367695482327,take_profit
2021-02-16 13:00:00+00:00,2021-02-16 13:00:00+00:00,1801.17,1784.812679142178,1806.230431291884,12.807291650891226,22881.498022004424,23109.787002347934,228.28898034351005,0.00997701199999981,3,0.014529444749801558,take_profit
2021-02-16 14:00:00+00:00,2021-02-16 15:00:00+00:00,1777.84,1769.6156469603588,1790.8510347238832,6.356914991284949,11260.556791766487,11372.903502004621,112.34671023813462,0.0099770119999999,2,0.009427170049048278,take_profit
2021-02-16 16:00:00+00:00,2021-02-16 16:00:00+00:00,1773.23,1757.1264161824172,1778.2119331766062,13.073287056276172,22994.412445363898,23223.82797426424,229.4155289003429,0.00997701199999991,3,0.014228272700100957,take_profit
2021-02-16 17:00:00+00:00,2021-02-16 18:00:00+00:00,1749.26,1733.374099677569,1754.1745888736998,13.296257853166844,23070.459444758642,23300.633695484514,230.1742507258714,0.009977012000000047,3,0.014440391937161994,take_profit
2021-02-16 19:00:00+00:00,2021-02-16 22:00:00+00:00,1758.1,1742.1338192396404,1763.039425070516,13.273154411602047,23146.75794638814,23377.693428180355,230.93548179221398,0.009977012000000179,3,0.0161082987315852,take_profit
2021-02-16 23:00:00+00:00,2021-02-17 06:00:00+00:00,1768.49,1744.5668077329224,1765.5016094257176,22.33252993947647,38999.59005516755,39388.68943314304,389.0993779754863,0.009977011999999973,4,0.020062313046723484,take_profit
2021-02-17 07:00:00+00:00,2021-02-17 07:00:00+00:00,1772.75,1772.75,1794.023,1.9849892806787213,3522.412159482686,3557.5553078667904,35.14314838410428,0.009977011999999888,1,0.0015512621633055987,take_profit
2021-02-17 08:00:00+00:00,2021-02-17 09:00:00+00:00,1806.15,1797.794683862132,1819.3682200684775,6.3681445638124075,11460.07651940689,11574.413840361927,114.33732095503728,0.009977011999999695,2,0.009356919414223674,take_profit
2021-02-17 10:00:00+00:00,2021-02-17 12:00:00+00:00,1811.63,1811.63,1833.36956,1.9465102127734102,3529.886182949643,3565.1038997555656,35.217716805922464,0.009977011999999908,1,0.005856604273499625,take_profit
2021-02-17 13:00:00+00:00,2021-02-17 19:00:00+00:00,1825.2,1808.6244507571762,1830.3279441662623,12.932534737547947,23413.512048644403,23647.10893931587,233.5968906714661,0.009977011999999843,3,0.013806706114398447,take_profit
2021-02-17 20:00:00+00:00,2021-02-17 21:00:00+00:00,1837.76,1829.258454842882,1851.2095563009966,6.292632831707451,11522.374184807568,11637.333050317884,114.95886551031617,0.009977012000000073,2,0.008232848685356021,take_profit
2021-02-17 22:00:00+00:00,2021-02-18 00:00:00+00:00,1852.99,1844.4180003043446,1866.5510163079966,6.251036683249205,11541.065644792394,11656.210995223275,115.14535043088108,0.009977011999999967,2,0.012353007841380742,take_profit
2021-02-18 01:00:00+00:00,2021-02-18 01:00:00+00:00,1869.51,1869.51,1891.94412,1.8995765157696145,3554.832124120572,3590.2987268809093,35.46660276033708,0.00997701200000018,1,0.0020700611390149777,take_profit
2021-02-18 02:00:00+00:00,2021-02-18 10:00:00+00:00,1906.45,1889.1365790850423,1911.8062180340628,12.468869738874634,23578.976900455087,23814.22463593865,235.2477354835646,0.00997701200000006,3,0.014272600907445795,take_profit
2021-02-18 11:00:00+00:00,2021-02-18 14:00:00+00:00,1916.12,1898.7187610041863,1921.5033861362365,12.446972504058964,23656.95716832834,23892.982913880234,236.02574555189494,0.009977011999999877,3,0.018292173767822453,take_profit
2021-02-18 15:00:00+00:00,2021-02-18 18:00:00+00:00,1924.02,1915.119412919425,1938.1008458744582,6.073008999736128,11642.179609838877,11758.333775512396,116.15416567351895,0.0099770120000001,2,0.012848099292107165,take_profit
2021-02-18 19:00:00+00:00,2021-02-18 21:00:00+00:00,1926.18,1926.18,1949.2941600000001,1.859842205690768,3585.9768365940376,3621.7541705244585,35.77733393042081,0.009977012000000016,1,0.00632339656729904,take_profit
2021-02-18 22:00:00+00:00,2021-02-19 00:00:00+00:00,1945.13,1927.4653067616186,1950.594890442758,12.327989598326981,23785.557810704064,24022.86660640815,237.30879570408797,0.009977011999999992,3,0.015808712014107024,take_profit
2021-02-19 01:00:00+00:00,2021-02-19 09:00:00+00:00,1928.42,1910.907058584897,1933.8379432879158,12.475937515373198,23864.22128187264,24102.31490397254,238.09362209989922,0.009977012000000021,3,0.01940448657450144,take_profit
2021-02-19 10:00:00+00:00,2021-02-19 16:00:00+00:00,1933.1,1924.1574085064292,1947.2472974085063,6.0974404830738695,11744.179457891498,11861.351277273036,117.17181938153772,0.009977012000000063,2,0.009823599399927583,take_profit
2021-02-19 17:00:00+00:00,2021-02-19 18:00:00+00:00,1946.54,1946.54,1969.89848,1.8565131056822282,3617.394415149834,3653.485202638517,36.09078748868296,0.009977012000000025,1,0.002846075600809623,take_profit
2021-02-19 19:00:00+00:00,2021-02-20 02:00:00+00:00,1966.54,1939.937692652546,1963.2169449643766,20.74986983575221,40293.748360370184,40695.75957128657,402.01121091638925,0.009977011999999891,4,0.02238957763381369,take_profit
2021-02-20 03:00:00+00:00,2021-02-20 03:00:00+00:00,1983.33,1983.33,2007.12996,1.8331090718917264,3639.2995150700876,3675.608850003536,36.309334933448554,0.00997701200000003,1,0.003393283013921041,take_profit
2021-02-20 04:00:00+00:00,2021-02-20 06:00:00+00:00,2018.43,2009.0926687970787,2033.2017808226435,5.887496536937802,11840.366496426352,11958.497975045597,118.13147861924517,0.009977012000000127,2,0.01007218481691223,take_profit
2021-02-20 07:00:00+00:00,2021-02-20 07:00:00+00:00,2027.82,2000.3887294002088,2024.3933941530113,20.277510341452277,40603.50665399131,41008.60832712026,405.1016731289492,0.009977011999999952,4,0.023581974731485014,take_profit
2021-02-20 08:00:00+00:00,2021-02-20 08:00:00+00:00,1984.8,1984.8,2008.6176,1.8458330122756788,3667.276639404171,3703.8651024428264,36.58846303865539,0.009977012000000084,1,0.0,take_profit
2021-02-20 09:00:00+00:00,2021-02-20 12:00:00+00:00,1991.21,1991.21,2015.10452,1.840808833068108,3669.1060625561036,3705.7127777714986,36.60671521539507,0.00997701200000002,1,0.0005323396326856261,take_profit
2021-02-20 13:00:00+00:00,2021-02-20 14:00:00+00:00,2024.21,1996.8275635604716,2020.7894943231972,20.446877614489345,40869.75856792784,41277.516639597154,407.7580716693119,0.009977011999999829,4,0.02090692171266812,take_profit
2021-02-20 15:00:00+00:00,2021-02-20 15:00:00+00:00,1988.99,1970.9269922811288,1994.5781161885025,12.404133155226877,24472.112964450385,24716.271529162063,244.15856471167717,0.009977012000000004,3,0.015042810672753544,take_profit
2021-02-20 16:00:00+00:00,2021-02-20 16:00:00+00:00,1978.69,1978.69,2002.4342800000002,1.8698374671655418,3703.532230135922,3740.4824156383747,36.95018550245277,0.009977011999999976,1,0.0016020700564515274,take_profit
2021-02-20 17:00:00+00:00,2021-02-21 10:00:00+00:00,2001.93,1942.2936027323358,1965.6011259651239,31.947296796341437,62113.14333546067,62732.84691187629,619.7035764156171,0.009977012000000096,8,0.09929917629487542,take_profit
2021-02-21 11:00:00+00:00,2021-02-21 20:00:00+00:00,1971.59,1942.5110469035371,1965.8211794663796,23.55675723261794,45805.066219804954,46262.06391514074,456.99769533578365,0.009977011999999891,5,0.02920992701322279,take_profit
2021-02-21 21:00:00+00:00,2021-02-21 23:00:00+00:00,1929.65,1912.1258883429682,1935.0713990030838,13.02073246957374,24922.201842101917,25170.850948946994,248.64910684507777,0.009977012000000195,3,0.014743606353483815,take_profit
2021-02-22 00:00:00+00:00,2021-02-22 00:00:00+00:00,1933.54,1907.3840991037066,1930.2727082929512,21.99295629885503,41991.00614286166,42409.95091504106,418.94477217939857,0.009977011999999858,4,0.024214652916412352,take_profit
2021-02-22 01:00:00+00:00,2021-02-22 01:00:00+00:00,1887.07,1878.340344974511,1900.880429114205,6.559313127546345,12332.95543822947,12456.001482632151,123.04604440268122,0.009977012000000044,2,0.008907989634724703,take_profit
2021-02-22 02:00:00+00:00,2021-02-22 03:00:00+00:00,1913.15,1884.9329776391146,1907.552173370784,24.681647889520818,46569.82187130595,47034.44954295383,464.6276716478824,0.00997701200000001,5,0.02770300290097483,take_profit
2021-02-22 04:00:00+00:00,2021-02-22 04:00:00+00:00,1870.35,1853.364421144907,1875.604794198646,13.657843657499345,25338.29980417309,25591.100325378924,252.80052120583423,0.009977012000000066,3,0.018900205843825974,take_profit
2021-02-22 05:00:00+00:00,2021-02-22 06:00:00+00:00,1864.22,1864.2199999999998,1886.59064,2.054898880284433,3834.618208812658,3872.8762406974,38.258031884742195,0.009977011999999948,1,0.002263681325165499,take_profit
2021-02-22 07:00:00+00:00,2021-02-22 08:00:00+00:00,1872.6,1863.937283725177,1886.304531129879,6.686574207238972,12475.830796063901,12600.3023096262,124.47151356229915,0.009977012000000004,2,0.009932713873758364,take_profit
2021-02-22 09:00:00+00:00,2021-02-22 09:00:00+00:00,1855.21,1830.1137056891444,1852.075070157414,23.353677990997085,42782.668838413105,43209.51203880597,426.8432003928683,0.009977011999999875,4,0.0238301863400909,take_profit
2021-02-22 10:00:00+00:00,2021-02-22 10:00:00+00:00,1820.39,1795.7647321324603,1817.3139089180497,23.932565983022684,43020.27821996513,43449.49205200905,429.21383204392623,0.009977011999999896,4,0.02487379078109647,take_profit
2021-02-22 11:00:00+00:00,2021-02-22 11:00:00+00:00,1816.0,1807.5991174008977,1829.2903068097085,6.983087176510812,12635.257474468937,12761.319589914805,126.06211544586768,0.00997701200000011,2,0.007940528634361274,take_profit
2021-02-22 12:00:00+00:00,2021-02-22 12:00:00+00:00,1802.5,1775.9149529281574,1797.2259323632952,26.83890758512986,47711.32862931838,48187.345127589026,476.0164982706483,0.009977011999999902,5,0.029919556171983393,take_profit
2021-02-22 13:00:00+00:00,2021-02-22 13:00:00+00:00,1781.77,1755.4906994057158,1776.5565877985844,27.3172088121226,48003.1091125176,48482.0367081705,478.9275956528945,0.009977011999999938,5,0.03138452213248628,take_profit
2021-02-22 14:00:00+00:00,2021-02-22 14:00:00+00:00,1727.94,1676.4656146345337,1696.5832020101482,39.35270748842387,66039.5004475611,66698.37733600041,658.8768884393066,0.00997701199999976,8,0.10239938886766904,take_profit
2021-02-22 15:00:00+00:00,2021-02-22 15:00:00+00:00,1755.91,1730.0121081809045,1750.7722534790755,28.122254375662155,48700.54112035932,49186.42700352363,485.8858831643156,0.009977011999999943,5,0.03184103968882236,take_profit
2021-02-22 16:00:00+00:00,2021-02-22 16:00:00+00:00,1733.33,1717.5887679327943,1738.1998331479879,15.411786257860207,26497.60857886054,26761.97553762314,264.3669587625991,0.00997701200000017,3,0.01345964126854086,take_profit
2021-02-22 17:00:00+00:00,2021-02-22 17:00:00+00:00,1729.84,1704.3266142431312,1724.7785336140487,28.81563750549219,49160.4183253182,49650.892408874926,490.47408355672815,0.009977012000000174,5,0.0332920963788558,take_profit
2021-02-22 18:00:00+00:00,2021-02-22 18:00:00+00:00,1682.0,1666.7249211996334,1686.725620254029,16.032085583872533,26747.824405851577,27014.687770922654,266.86336507107626,0.009977012000000082,3,0.013674197384066587,take_profit
2021-02-22 19:00:00+00:00,2021-02-22 19:00:00+00:00,1717.75,1717.75,1738.363,2.3541745166164434,4047.931207125021,4088.3174653536817,40.38625822866061,0.009977011999999948,1,0.005093872798719255,take_profit
2021-02-22 20:00:00+00:00,2021-02-22 20:00:00+00:00,1746.41,1746.41,1767.3669200000002,2.3166957183687784,4049.9505200364547,4090.356924974265,40.406404937810294,0.009977012000000085,1,0.0030977834529120206,take_profit
2021-02-22 21:00:00+00:00,2021-02-22 21:00:00+00:00,1766.14,1766.14,1787.3336800000002,2.29195809473941,4051.970840283345,4092.3974019805023,40.42656169715747,0.009977012000000111,1,0.0009002683818950623,take_profit
2021-02-22 22:00:00+00:00,2021-02-22 22:00:00+00:00,1799.44,1775.0981325916064,1796.3993101827057,25.40102480373598,45134.44614116597,45584.75305192974,450.30691076377116,0.009977012000000101,4,0.021262170453029826,take_profit
2021-02-22 23:00:00+00:00,2021-02-22 23:00:00+00:00,1775.75,1759.6235308087091,1780.7390131784136,15.343457729389208,27025.73499960162,27295.37108200146,269.63608239984023,0.00997701199999981,3,0.01721526115725746,take_profit
2021-02-23 00:00:00+00:00,2021-02-23 01:00:00+00:00,1777.42,1751.2048574943497,1772.219315784282,28.6032207845396,50140.239417286386,50640.48918763552,500.2497703491317,0.00997701199999985,5,0.04412012917599671,take_profit
2021-02-23 02:00:00+00:00,2021-02-23 02:00:00+00:00,1713.43,1688.1586451016326,1708.4165488428523,29.85289757628695,50446.87399874112,50950.183065989055,503.3090672479375,0.009977012000000186,5,0.03260710971559977,take_profit
2021-02-23 03:00:00+00:00,2021-02-23 03:00:00+00:00,1668.41,1668.41,1688.43092,2.479023197323397,4140.167259906235,4181.473758340327,41.306498434091736,0.009977012000000026,1,0.002948915434455603,take_profit
2021-02-23 04:00:00+00:00,2021-02-23 04:00:00+00:00,1679.79,1655.0148009870672,1674.874978598912,30.652246998716834,50780.70316955733,51287.34285444844,506.63968489110994,0.00997701199999997,5,0.05226248519160131,take_profit
2021-02-23 05:00:00+00:00,2021-02-23 05:00:00+00:00,1634.37,1610.26469992632,1629.587876325436,31.696753508765525,51091.25453196281,51600.99259152326,509.73805956044816,0.009977012000000016,5,0.048563054877414476,take_profit
2021-02-23 06:00:00+00:00,2021-02-23 06:00:00+00:00,1619.99,1598.0756367631466,1617.2525444043044,29.1825718442839,46682.63972216242,47148.39297886212,465.75325669969607,0.009977012000000106,4,0.026364360273828873,take_profit
2021-02-23 07:00:00+00:00,2021-02-23 07:00:00+00:00,1578.01,1578.01,1596.94612,2.6692624227670403,4216.339134885503,4258.405601030325,42.06646614482179,0.009977011999999882,1,0.006343432551124512,take_profit
2021-02-23 08:00:00+00:00,2021-02-23 08:00:00+00:00,1586.64,1539.3748641756872,1557.8473625457955,45.89062920110465,70713.59468807539,71419.10507084144,705.5103827660496,0.00997701199999979,8,0.08927671053295018,take_profit
2021-02-23 09:00:00+00:00,2021-02-23 09:00:00+00:00,1445.35,1417.0392801122193,1434.043751473566,41.82816797783638,59331.488528254515,59923.439501278765,591.9509730242498,0.009977011999999869,6,0.06251081053032131,take_profit
2021-02-23 10:00:00+00:00,2021-02-23 10:00:00+00:00,1500.47,1478.3395891373714,1496.07966420702,35.4842457255132,52510.27552222693,53034.1711712355,523.8956490085693,0.009977012000000094,5,0.03642858570981098,take_profit
2021-02-23 11:00:00+00:00,2021-02-23 11:00:00+00:00,1480.41,1448.577802780303,1465.9607364136666,43.12729838695465,62535.782920145415,63159.7031767691,623.9202566236854,0.009977011999999993,7,0.07349990880904625,take_profit
2021-02-23 12:00:00+00:00,2021-02-23 12:00:00+00:00,1453.09,1439.8937667930884,1457.1724919946055,19.965707629778045,28777.275240971583,29064.386461378064,287.11122040648115,0.009977012000000165,3,0.018808194950071865,take_profit
2021-02-23 13:00:00+00:00,2021-02-23 13:00:00+00:00,1529.5,1522.4244769078593,1540.6935706307536,9.292975937646261,14162.01604683527,14303.310650878737,141.2946040434672,0.00997701199999994,2,0.012356979405034385,take_profit
2021-02-23 14:00:00+00:00,2021-02-23 14:00:00+00:00,1551.7,1528.8139985900812,1547.1597665731622,34.94405772866341,53476.44106418473,54009.97615839939,533.5350942146615,0.009977011999999957,5,0.04723851259908484,take_profit
2021-02-23 15:00:00+00:00,2021-02-23 15:00:00+00:00,1519.97,1512.9385630373583,1531.0938257938067,9.42369172615534,14271.738357033537,14414.12766188252,142.38930484898265,0.009977011999999914,2,0.009697559820259617,take_profit
2021-02-23 16:00:00+00:00,2021-02-23 16:00:00+00:00,1573.99,1552.6979003011281,1571.3302751047418,31.488632088365065,48941.274201160326,49429.5618811606,488.2876800002705,0.009977012000000072,4,0.0241615258038488,take_profit
2021-02-23 17:00:00+00:00,2021-02-23 17:00:00+00:00,1550.74,1529.7624139371735,1548.1195629044196,32.138241952324,49213.087676360476,49704.087242664566,490.99956630408997,0.009977011999999784,4,0.022228097553426123,take_profit
2021-02-23 18:00:00+00:00,2021-02-23 18:00:00+00:00,1519.2,1505.4033889931527,1523.4682296610706,19.555215635956515,29467.955846707533,29761.957995805606,294.00214909807255,0.009977012000000045,3,0.01853607161664039,take_profit
2021-02-23 19:00:00+00:00,2021-02-23 19:00:00+00:00,1496.57,1474.4971101823533,1492.1910755045415,37.040808905625674,54671.236927088925,55216.692513965325,545.4555868764,0.00997701199999983,5,0.03374382755233634,take_profit
2021-02-23 20:00:00+00:00,2021-02-23 20:00:00+00:00,1447.89,1441.1920077607854,1458.486311853915,10.113859626228273,14590.604265199869,14736.174899041021,145.5706338411528,0.009977012000000174,2,0.009455138166573465,take_profit
2021-02-23 21:00:00+00:00,2021-02-23 21:00:00+00:00,1524.27,1524.27,1542.56124,2.9454391115959138,4494.138613245549,4538.976688119563,44.83807487401373,0.009977011999999895,1,0.003982234118627236,take_profit
2021-02-23 22:00:00+00:00,2021-02-23 22:00:00+00:00,1535.97,1535.97,1554.40164,2.9244608530584975,4496.380516989249,4541.240959363818,44.860442374568265,0.009977012000000072,1,0.003378972245551706,take_profit
2021-02-23 23:00:00+00:00,2021-02-23 23:00:00+00:00,1568.07,1553.8295762101718,1572.4755311246938,19.174807942696884,29824.207907419554,30121.764387602376,297.55648018282227,0.009977012000000084,3,0.014910048658541954,take_profit
2021-02-24 00:00:00+00:00,2021-02-24 00:00:00+00:00,1577.79,1554.5191975481373,1573.1734279187149,35.55880897532862,55332.183377472815,55884.233235016065,552.0498575432503,0.009977012000000063,5,0.049176379619594444,take_profit
2021-02-24 01:00:00+00:00,2021-02-24 01:00:00+00:00,1567.87,1567.87,1586.68444,2.893455932021333,4541.103855994281,4586.4105036587825,45.306647664501725,0.009977012000000113,1,0.005408611683366473,take_profit
2021-02-24 02:00:00+00:00,2021-02-24 02:00:00+00:00,1606.18,1598.7497524157347,1617.9347494447236,9.231957110899442,14774.363508872037,14921.767510892416,147.40400202037927,0.009977012000000058,2,0.007788666276506985,take_profit
2021-02-24 03:00:00+00:00,2021-02-24 03:00:00+00:00,1617.31,1617.31,1636.7177199999999,2.810956866086308,4550.739388478525,4596.142169966248,45.40278148772268,0.00997701199999995,1,0.0026154540564270416,take_profit
2021-02-24 04:00:00+00:00,2021-02-24 04:00:00+00:00,1636.77,1621.9056773317022,1641.3685454596828,18.59206889921743,30184.766867850776,30485.920649108528,301.1537812577517,0.00997701200000007,3,0.017552863261179042,take_profit
2021-02-24 05:00:00+00:00,2021-02-24 05:00:00+00:00,1643.15,1628.227737377632,1647.7664702261636,18.58112872120271,30284.59376941584,30586.743524868423,302.14975545258494,0.009977011999999931,3,0.01564677600949398,take_profit
2021-02-24 06:00:00+00:00,2021-02-24 06:00:00+00:00,1627.42,1619.8914953967892,1639.3301933415507,9.191295458359841,14903.805149826067,15052.500592651544,148.69544282547758,0.009977012000000075,2,0.010704059185705024,take_profit
2021-02-24 07:00:00+00:00,2021-02-24 07:00:00+00:00,1637.58,1622.708321318725,1642.1808211745497,18.736334906046533,30434.040603659858,30737.681391971062,303.64078831120423,0.009977012000000085,3,0.014405403094810585,take_profit
2021-02-24 08:00:00+00:00,2021-02-24 08:00:00+00:00,1642.33,1634.7325211899868,1654.3493114442665,9.152796634771825,14977.35167037014,15126.780887713643,149.4292173435024,0.009977011999999964,2,0.007233625398062437,take_profit
2021-02-24 09:00:00+00:00,2021-02-24 09:00:00+00:00,1676.63,1676.63,1696.7495600000002,2.7487577544453,4613.262976812436,4659.28955689125,46.02658007881382,0.009977012000000092,1,0.0043837936813728344,take_profit
2021-02-24 10:00:00+00:00,2021-02-24 10:00:00+00:00,1690.3,1674.9495447703569,1695.0489393076011,18.250628798262092,30599.48187930116,30904.773277204727,305.2913979035693,0.009977011999999971,3,0.017322368810270352,take_profit
2021-02-24 11:00:00+00:00,2021-02-24 11:00:00+00:00,1661.04,1661.04,1680.97248,2.7851213979409546,4630.828875711555,4677.030710974475,46.20183526292021,0.009977011999999896,1,0.0,take_profit
2021-02-24 12:00:00+00:00,2021-02-24 12:00:00+00:00,1677.39,1677.39,1697.5186800000001,2.7593498402322814,4633.1389674747015,4679.363850550864,46.22488307616277,0.009977012000000013,1,0.0014069476985078767,take_profit
2021-02-24 13:00:00+00:00,2021-02-24 13:00:00+00:00,1689.75,1664.8279010875742,1684.8058359006252,34.09983620813192,56827.18592774208,57394.15144366939,566.9655159273098,0.009977011999999928,5,0.04009468856339695,take_profit
2021-02-24 14:00:00+00:00,2021-02-24 14:00:00+00:00,1640.39,1632.8014957011335,1652.395113649547,9.279031043355705,15165.98174799644,15317.29292988798,151.3111818915404,0.00997701199999993,2,0.009772066398844299,take_profit
2021-02-24 15:00:00+00:00,2021-02-24 15:00:00+00:00,1642.35,1618.127003018895,1637.5445270551218,35.355812844719985,57267.46294066438,57838.821105632924,571.3581649685439,0.009977011999999652,5,0.03259962858099672,take_profit
2021-02-24 16:00:00+00:00,2021-02-24 16:00:00+00:00,1660.46,1652.778651145096,1672.6119949588372,9.237897003135085,15283.482430689623,15435.9659183024,152.48348761277703,0.009977011999999836,2,0.011364320730400081,take_profit
2021-02-24 17:00:00+00:00,2021-02-24 18:00:00+00:00,1645.81,1638.196422582363,1657.8547796533514,9.335246146518182,15308.275116268145,15461.005960802453,152.73084453430783,0.009977011999999945,2,0.0068659201244371795,take_profit
2021-02-24 19:00:00+00:00,2021-02-24 19:00:00+00:00,1635.0,1612.8825894652093,1632.2371805387918,32.51527189400593,52495.81174131093,53019.563085003734,523.7513436928057,0.009977012000000108,4,0.02395107033639149,take_profit
2021-02-24 20:00:00+00:00,2021-02-24 20:00:00+00:00,1599.2,1591.8020421517158,1610.9036666575364,9.676358890810839,15418.2661090947,15572.09433508433,153.82822598962957,0.009977011999999898,2,0.013056528264132134,take_profit
2021-02-24 21:00:00+00:00,2021-02-24 21:00:00+00:00,1603.06,1579.4164906746248,1598.3694885627203,36.824916568386925,58220.100596423945,58800.963238715674,580.8626422917296,0.009977012000000013,5,0.02758474417676196,take_profit
2021-02-24 22:00:00+00:00,2021-02-24 22:00:00+00:00,1589.97,1568.4617313590206,1587.2832721353288,33.882336537483624,53196.34457264322,53727.08514080061,530.7405681573946,0.00997701199999997,4,0.021994125675327224,take_profit
2021-02-24 23:00:00+00:00,2021-02-24 23:00:00+00:00,1590.39,1590.39,1609.47468,3.0180315259599406,4804.6518103818125,4852.587879149813,47.93606876800004,0.009977011999999787,1,0.002018372851941999,take_profit
2021-02-25 00:00:00+00:00,2021-02-25 00:00:00+00:00,1623.16,1623.16,1642.6379200000001,2.9585755964947342,4807.048613820213,4855.008595524881,47.95998170466737,0.009977011999999945,1,0.004411148623672393,take_profit
2021-02-25 01:00:00+00:00,2021-02-25 01:00:00+00:00,1651.85,1636.8487283493544,1656.4909130895467,19.459931981249248,31884.849767039806,32202.965295783757,318.11552874395056,0.009977011999999912,3,0.015667282138208605,take_profit
2021-02-25 02:00:00+00:00,2021-02-25 06:00:00+00:00,1629.31,1607.269560759364,1626.5567954884764,33.39112222058802,53722.25660134808,54258.244200126814,535.9875987787309,0.009977012000000035,4,0.02618900025164017,take_profit
2021-02-25 07:00:00+00:00,2021-02-25 07:00:00+00:00,1617.94,1617.94,1637.35528,2.99596994790431,4852.1517692815805,4900.561745709524,48.40997642794355,0.009977011999999997,1,0.005649158806877943,take_profit
2021-02-25 08:00:00+00:00,2021-02-25 08:00:00+00:00,1633.69,1611.590310448574,1630.9293941739568,33.50325658465037,54047.57125154647,54586.804518494006,539.2332669475363,0.00997701200000004,4,0.025886184037363247,take_profit
2021-02-25 09:00:00+00:00,2021-02-25 10:00:00+00:00,1598.26,1590.8663906261888,1609.9567873137032,9.968248259659072,15874.025154864481,16032.400494322867,158.3753394583855,0.009977012000000045,2,0.012751367111733938,take_profit
2021-02-25 11:00:00+00:00,2021-02-25 12:00:00+00:00,1609.0,1609.0000000000002,1628.3080000000002,3.0357757897606277,4889.452698423273,4938.234826668875,48.7821282456016,0.009977012000000044,1,6.215040397756933e-06,take_profit
2021-02-25 13:00:00+00:00,2021-02-25 13:00:00+00:00,1648.24,1640.6151813132465,1660.3025634890055,9.686488274762903,15907.70742461339,16066.418812481246,158.7113878678556,0.009977011999999919,2,0.007723389797602302,take_profit
2021-02-25 14:00:00+00:00,2021-03-02 00:00:00+00:00,1645.32,1565.5089177574655,1584.295024770555,59.45423866936916,93169.31014552372,94098.86147087731,929.5513253535901,0.009977011999999766,11,0.21402523521260294,take_profit
2021-03-02 01:00:00+00:00,2021-03-02 01:00:00+00:00,1564.34,1550.1334501958586,1568.7350515982089,21.133262827642366,32792.169790699845,33119.3376622077,327.1678715078524,0.009977012000000078,3,0.015559277394939668,take_profit
2021-03-02 02:00:00+00:00,2021-03-02 02:00:00+00:00,1567.71,1560.4577160465647,1579.1832086391234,10.331396962111135,16137.84595301938,16298.853435746803,161.00748272742385,0.00997701199999988,2,0.012591614520542707,take_profit
2021-03-02 03:00:00+00:00,2021-03-02 05:00:00+00:00,1567.89,1560.6368833599633,1579.364525960283,10.346968423378755,16164.024577062837,16325.293244236487,161.2686671736501,0.009977011999999954,2,0.012781508906874966,take_profit
2021-03-02 06:00:00+00:00,2021-03-02 08:00:00+00:00,1557.56,1543.4150227489301,1561.9360030219173,21.364597676306744,33007.44845705577,33336.76416640119,329.31570934542106,0.009977011999999823,3,0.017469631988494848,take_profit
2021-03-02 09:00:00+00:00,2021-03-02 12:00:00+00:00,1558.53,1558.53,1577.23236,3.201893889823942,4995.242927034343,5045.08052566028,49.83759862593706,0.00997701200000006,1,0.006281560188125967,take_profit
2021-03-02 13:00:00+00:00,2021-03-02 14:00:00+00:00,1563.02,1563.02,1581.77624,3.1942886669132022,4997.734806965639,5047.597267107552,49.86246014191329,0.009977011999999884,1,0.0011452188711596548,take_profit
2021-03-02 15:00:00+00:00,2021-03-02 15:00:00+00:00,1568.01,1553.770121100022,1572.4153625532222,21.313648094071944,33149.65923944887,33480.39378747675,330.73454802788183,0.009977011999999686,3,0.01390935006792045,take_profit
2021-03-02 16:00:00+00:00,2021-03-02 16:00:00+00:00,1553.3,1530.3904002126528,1548.7550850152047,40.146825770942904,61501.81857743839,62115.42295940732,613.6043819689294,0.00997701200000006,5,0.04366188115624795,take_profit
2021-03-02 17:00:00+00:00,2021-03-02 17:00:00+00:00,1497.59,1490.6620937381113,1508.5500388629687,10.99989695490946,16413.542968677488,16577.301083838498,163.7581151610102,0.009977011999999957,2,0.00938841739060754,take_profit
2021-03-02 18:00:00+00:00,2021-03-02 18:00:00+00:00,1504.96,1497.997999847828,1515.9739758460018,10.963785437645974,16440.168825179593,16604.192586830435,164.02376165084206,0.00997701199999996,2,0.008285934509887323,take_profit
2021-03-02 19:00:00+00:00,2021-03-02 23:00:00+00:00,1496.25,1474.1818298578391,1491.8720118161332,42.068606041905895,62078.85348791329,62698.21495410844,619.3614661951506,0.009977011999999964,5,0.02722138680033418,take_profit
2021-03-03 00:00:00+00:00,2021-03-03 00:00:00+00:00,1486.79,1479.9120549341856,1497.670999593396,11.183755050667179,16567.541460373814,16732.836020334464,165.29455996065008,0.009977012000000183,2,0.007613718144458825,take_profit
2021-03-03 01:00:00+00:00,2021-03-03 01:00:00+00:00,1500.7,1500.7,1518.7084,3.397057176550502,5103.06677162096,5153.980130038223,50.913358417263225,0.009977011999999931,1,0.0018857866329047475,take_profit
2021-03-03 02:00:00+00:00,2021-03-03 04:00:00+00:00,1524.31,1517.258486038195,1535.4655878706535,10.931619578154088,16602.695266361923,16768.34055626676,165.64528990483814,0.009977012000000122,2,0.008036423037308685,take_profit
2021-03-03 05:00:00+00:00,2021-03-03 06:00:00+00:00,1540.46,1540.46,1558.94552,3.316399523085979,5113.894704037065,5164.9160928659785,51.02138882891359,0.009977011999999872,1,0.001999402775794196,take_profit
2021-03-03 07:00:00+00:00,2021-03-03 08:00:00+00:00,1563.69,1563.69,1582.4542800000002,3.268761281139505,5116.445773478511,5167.492614357856,51.04684087934493,0.009977012000000106,1,0.0029097839085752,take_profit
2021-03-03 09:00:00+00:00,2021-03-03 09:00:00+00:00,1592.19,1592.19,1611.29628,3.211852302430587,5118.998115522479,5170.070421149025,51.07230562654604,0.009977012000000172,1,0.003322467795928855,take_profit
2021-03-03 10:00:00+00:00,2021-03-03 12:00:00+00:00,1608.28,1600.84003773872,1620.0501181915847,10.39321391298484,16654.52748016941,16820.689900693393,166.1624205239823,0.00997701200000014,2,0.012410774243290993,take_profit
2021-03-03 13:00:00+00:00,2021-03-03 13:00:00+00:00,1650.04,1625.7035833173793,1645.2120263171878,38.6450483655586,62888.2818872493,63515.71903029777,627.437143048468,0.009977011999999985,5,0.02850839979636855,take_profit
2021-03-03 14:00:00+00:00,2021-03-03 16:00:00+00:00,1612.92,1598.272271047154,1617.4515382997197,21.38736823995248,34217.054663253875,34558.43862823381,341.3839649799338,0.009977011999999823,3,0.018785804627631984,take_profit
2021-03-03 17:00:00+00:00,2021-03-03 17:00:00+00:00,1611.62,1611.62,1630.9594399999999,3.209889804249261,5178.300907231425,5229.964877522484,51.66397029105883,0.009977012000000002,1,0.001911120487459778,take_profit
2021-03-03 18:00:00+00:00,2021-03-04 02:00:00+00:00,1624.88,1600.914667802443,1620.1256438160724,39.633772442205455,63513.801444515484,64147.47940369303,633.6779591775485,0.009977012000000002,5,0.04406479247698299,take_profit
2021-03-04 03:00:00+00:00,2021-03-04 03:00:00+00:00,1597.26,1573.7020347928035,1592.5864592103171,40.5656972730409,63902.22256393728,64539.77580528435,637.5532413470719,0.009977011999999983,5,0.02958816974068091,take_profit
2021-03-04 04:00:00+00:00,2021-03-04 06:00:00+00:00,1555.06,1547.8662354104847,1566.4406302354105,11.0068336656426,17054.16035017777,17224.30991264142,170.14956246364818,0.009977012000000021,2,0.012764780780162766,take_profit
2021-03-04 07:00:00+00:00,2021-03-04 07:00:00+00:00,1550.01,1550.01,1568.61012,3.3855911837675214,5252.953143895391,5305.3619204474735,52.4087765520826,0.009977012000000106,1,0.001322572112437955,take_profit
2021-03-04 08:00:00+00:00,2021-03-04 09:00:00+00:00,1571.56,1548.3810837302494,1566.9616567350124,41.56923017461884,64429.43910671522,65072.252393836185,642.8132871209673,0.009977012000000004,5,0.02771131868970956,take_profit
2021-03-04 10:00:00+00:00,2021-03-04 10:00:00+00:00,1547.1,1547.1,1565.6652,3.4144053602430127,5287.714247079043,5340.469835574722,52.75558849567915,0.009977012000000108,1,0.004905953073492288,take_profit
2021-03-04 11:00:00+00:00,2021-03-04 12:00:00+00:00,1557.73,1550.5238838925663,1569.1301704992773,11.084148894343082,17203.441034334668,17375.079971975516,171.63893764084787,0.009977011999999912,2,0.007446733387685869,take_profit
2021-03-04 13:00:00+00:00,2021-03-04 14:00:00+00:00,1561.21,1553.987785284943,1572.6356387083622,11.077382376454725,17231.34825419553,17403.26562250382,171.91736830828813,0.009977012000000016,2,0.010075518347948077,take_profit
2021-03-04 15:00:00+00:00,2021-03-04 16:00:00+00:00,1574.27,1566.9873692459867,1585.7912176769385,11.003305950304048,17259.30074482047,17431.496995463156,172.1962506426862,0.0099770120000002,2,0.012875809105172544,take_profit
2021-03-04 17:00:00+00:00,2021-03-04 17:00:00+00:00,1584.97,1570.5760989023677,1589.4230120891962,22.417756742418703,35244.03696761784,35595.6671473722,351.6301797543638,0.009977011999999915,3,0.018277948478520115,take_profit
2021-03-04 18:00:00+00:00,2021-03-04 18:00:00+00:00,1562.29,1539.247806829476,1557.7187805114297,42.437665200734365,65387.470557751694,66039.84213615603,652.3715784043379,0.00997701200000004,5,0.03549277022831872,take_profit
2021-03-04 19:00:00+00:00,2021-03-04 19:00:00+00:00,1507.77,1507.77,1525.86324,3.555564444510179,5366.339742241354,5419.879778245772,53.54003600441865,0.009977011999999955,1,0.000875465090829461,take_profit
2021-03-04 20:00:00+00:00,2021-03-04 20:00:00+00:00,1526.83,1512.9640971672034,1531.1196663332098,23.502869606996086,35594.59248827561,35949.72016466624,355.1276763906353,0.009977011999999992,3,0.013406862584570665,take_profit
2021-03-04 21:00:00+00:00,2021-03-04 23:00:00+00:00,1531.19,1524.1066589058814,1542.395938812752,11.481789073562624,17516.988171340927,17691.755372530253,174.76720118932644,0.009977011999999997,2,0.012970304142529749,take_profit
2021-03-05 00:00:00+00:00,2021-03-05 00:00:00+00:00,1539.22,1516.518065934024,1534.7162827252323,43.572727999033276,66144.97416672997,66804.90336773112,659.9292010011559,0.009977012000000014,5,0.044905861410324786,take_profit
2021-03-05 01:00:00+00:00,2021-03-05 02:00:00+00:00,1479.17,1459.160574837464,1476.6705017355137,41.37786624727325,60437.38848740634,61040.37303759386,602.9845501875243,0.009977012000000157,4,0.022796568345761492,take_profit
2021-03-05 03:00:00+00:00,2021-03-05 08:00:00+00:00,1480.97,1460.9362253946733,1478.4674600994094,41.55710275492842,60773.049887010726,61379.38333501003,606.3334479993064,0.009977012000000028,4,0.026543414113722727,take_profit
2021-03-05 09:00:00+00:00,2021-03-05 10:00:00+00:00,1456.06,1456.06,1473.53272,3.7659745299177865,5488.973847879972,5543.7374058279565,54.76355794798474,0.009977012000000016,1,0.002348804307514694,take_profit
2021-03-05 11:00:00+00:00,2021-03-05 12:00:00+00:00,1471.51,1464.7027407745568,1482.2791736638515,12.180202296546607,17858.233920861225,18036.405734988468,178.17181412724312,0.009977012000000203,2,0.007169506153542928,take_profit
2021-03-05 13:00:00+00:00,2021-03-05 13:00:00+00:00,1482.55,1475.691669329681,1493.3999693616372,12.109112293644662,17887.2033380471,18065.664180397238,178.46084235013768,0.009977012000000096,2,0.007777140737243245,take_profit
2021-03-05 14:00:00+00:00,2021-03-05 14:00:00+00:00,1489.45,1489.45,1507.3234,3.695346681622504,5509.54365860124,5564.5124417976285,54.96878319638836,0.009977011999999978,1,0.0016180469300749148,take_profit
2021-03-05 15:00:00+00:00,2021-03-05 15:00:00+00:00,1493.55,1486.6407829262723,1504.4804723213877,12.045433109630126,17925.15726605263,18103.996775197924,178.83950914529487,0.009977012000000033,2,0.008275585015566871,take_profit
2021-03-05 16:00:00+00:00,2021-03-05 16:00:00+00:00,1481.27,1461.2321671542081,1478.7669531600586,42.02499164026974,61469.739348497336,62083.02367561416,613.284327116824,0.0099770119999999,4,0.022109406117723305,take_profit
2021-03-05 17:00:00+00:00,2021-03-05 17:00:00+00:00,1477.95,1477.95,1495.6854,3.75272938278331,5551.8982895741665,5607.289645432028,55.39135585786153,0.009977012000000106,1,0.002665854731215572,take_profit
2021-03-05 18:00:00+00:00,2021-03-05 18:00:00+00:00,1507.11,1507.11,1525.1953199999998,3.6819563200494274,5554.66785736706,5610.086845236024,55.418987868963995,0.00997701199999974,1,0.002508111551247071,take_profit
2021-03-05 19:00:00+00:00,2021-03-05 21:00:00+00:00,1521.65,1521.65,1539.9098000000001,3.648592887953042,5557.438806760508,5612.885440424823,55.446633664315414,0.009977012000000026,1,0.0032464758650149867,take_profit
2021-03-05 22:00:00+00:00,2021-03-06 05:00:00+00:00,1531.56,1524.474947272312,1542.7686466395796,11.848605276634801,18080.982887235514,18261.377070473252,180.39418323773862,0.009977011999999737,2,0.00866436835644701,take_profit
2021-03-06 06:00:00+00:00,2021-03-06 08:00:00+00:00,1574.82,1574.82,1593.71784,3.5328873247469588,5569.2308476056105,5624.795130602943,55.56428299733216,0.009977012000000146,1,0.002920968745634364,take_profit
2021-03-06 09:00:00+00:00,2021-03-06 16:00:00+00:00,1575.0,1551.770347218778,1570.3915913854032,43.97583386074226,68308.70368300231,68990.22043935207,681.5167563497525,0.009977011999999915,5,0.03934603174603176,take_profit
2021-03-06 17:00:00+00:00,2021-03-06 17:00:00+00:00,1580.23,1580.23,1599.1927600000001,3.5440909327587704,5606.084899572965,5662.016875889023,55.93197631605835,0.009977012000000016,1,0.0022338520341975364,take_profit
2021-03-06 18:00:00+00:00,2021-03-06 18:00:00+00:00,1600.98,1600.98,1620.19176,3.499901695767829,5608.881498388768,5664.84137640477,55.95987801600222,0.009977011999999912,1,0.0011118190108558338,take_profit
2021-03-06 19:00:00+00:00,2021-03-06 20:00:00+00:00,1615.63,1615.63,1635.0175600000002,3.469895838030538,5611.679492289568,5667.667285924295,55.987793634727495,0.009977012000000101,1,0.004920681096538221,take_profit
2021-03-06 21:00:00+00:00,2021-03-06 21:00:00+00:00,1653.09,1645.4427450353799,1665.1880579758044,11.084673806489572,18257.4535495215,18439.608382674516,182.15483315301753,0.009977011999999943,2,0.010785861628828393,take_profit
2021-03-06 22:00:00+00:00,2021-03-06 22:00:00+00:00,1642.89,1642.89,1662.6046800000001,3.4195612834732243,5623.586623628955,5679.693214855941,56.106591226985984,0.009977012000000075,1,0.00389557426242785,take_profit
2021-03-06 23:00:00+00:00,2021-03-06 23:00:00+00:00,1665.29,1650.1666730229115,1669.9686730991864,22.58171523832611,37300.89480078016,37673.046275818284,372.1514750381248,0.009977012000000094,3,0.013757363582318908,take_profit
2021-03-07 00:00:00+00:00,2021-03-07 00:00:00+00:00,1650.68,1650.68,1670.48816,3.416382658913459,5644.999526942211,5701.319754962507,56.32022802029678,0.009977012000000004,1,0.00018780139094201953,take_profit
2021-03-07 01:00:00+00:00,2021-03-07 01:00:00+00:00,1670.99,1648.3857358840798,1668.1663647146888,38.10766655710642,62879.012993554556,63506.357660739406,627.3446671848506,0.009977012000000013,4,0.02088582217727221,take_profit
2021-03-07 02:00:00+00:00,2021-03-07 02:00:00+00:00,1642.25,1642.25,1661.957,3.4547137091982125,5679.182771702467,5735.844046365936,56.66127466346916,0.009977012000000068,1,0.001071700411021459,take_profit
2021-03-07 03:00:00+00:00,2021-03-07 05:00:00+00:00,1656.15,1648.488589363159,1668.270452435517,11.1972850537759,18477.07371671293,18661.419702909458,184.34598619652752,0.009977011999999893,2,0.008386921474504181,take_profit
2021-03-07 06:00:00+00:00,2021-03-07 07:00:00+00:00,1663.31,1655.6154669405767,1675.4828525438636,11.16717035490084,18507.04700854266,18691.692038631456,184.64503008879547,0.009977012000000066,2,0.0076714503009060195,take_profit
2021-03-07 08:00:00+00:00,2021-03-07 22:00:00+00:00,1684.54,1659.6947433040764,1679.6110802237254,42.06412044567878,69883.48306847106,70580.711417647,697.2283491759445,0.00997701200000017,5,0.032169019435572946,take_profit
2021-03-07 23:00:00+00:00,2021-03-07 23:00:00+00:00,1678.62,1678.62,1698.76344,3.4132748787128686,5735.326803708704,5792.548228053228,57.221424344524166,0.009977012000000137,1,0.00037530828895156843,take_profit
2021-03-08 00:00:00+00:00,2021-03-08 00:00:00+00:00,1726.46,1726.46,1747.17752,3.3203489724934285,5738.18787492593,5795.437844212321,57.2499692863903,0.009977011999999964,1,0.00023748016171824533,take_profit
2021-03-08 01:00:00+00:00,2021-03-08 05:00:00+00:00,1742.2,1726.3782150499414,1747.0947536305407,22.024708312172294,38061.037660624235,38440.773090096736,379.735429472501,0.009977012000000028,3,0.018482378601767907,take_profit
2021-03-08 06:00:00+00:00,2021-03-08 14:00:00+00:00,1749.85,1724.041487035415,1744.72998487984,40.9173302635836,70613.78870184971,71318.30331909352,704.5146172438108,0.009977011999999884,5,0.048512729662542435,take_profit
2021-03-08 15:00:00+00:00,2021-03-08 15:00:00+00:00,1733.58,1725.5603953435289,1746.2671200876512,10.910363397819914,18845.336314398097,19033.35646095088,188.02014655278253,0.009977011999999837,2,0.006899018216638423,take_profit
2021-03-08 16:00:00+00:00,2021-03-08 19:00:00+00:00,1742.1,1734.0409815110704,1754.8494732892034,10.87461674294223,18875.906997485752,19064.232148110554,188.3251506248016,0.009977012000000122,2,0.011336892256472074,take_profit
2021-03-08 20:00:00+00:00,2021-03-08 22:00:00+00:00,1773.61,1773.61,1794.89332,3.2748270817397063,5814.080140584945,5872.087287916523,58.00714733157747,0.009977011999999964,1,0.005305563229796773,take_profit
2021-03-08 23:00:00+00:00,2021-03-08 23:00:00+00:00,1788.12,1788.1200000000001,1809.5774400000003,3.2498733404098004,5816.980497951524,5875.0165821833525,58.03608423182868,0.009977012000000061,1,0.0016945171465002197,take_profit
2021-03-09 00:00:00+00:00,2021-03-09 00:00:00+00:00,1833.22,1816.571617147201,1838.3704765529676,21.2185856717054,38583.664151377685,38968.61383161996,384.94968024227273,0.009977012000000202,3,0.014226333991555802,take_profit
2021-03-09 01:00:00+00:00,2021-03-09 01:00:00+00:00,1814.9,1814.9000000000003,1836.6788000000004,3.2141113319681818,5839.129786175229,5897.386854121457,58.257067946227835,0.009977012000000025,1,0.0006832332359909686,take_profit
2021-03-09 02:00:00+00:00,2021-03-09 13:00:00+00:00,1844.17,1819.22304893826,1841.0537255255192,35.71654761288089,65041.40805390761,65690.32696255835,648.9189086507395,0.009977012000000101,4,0.02492720302358244,take_profit
2021-03-09 14:00:00+00:00,2021-03-09 16:00:00+00:00,1839.21,1822.5072189771565,1844.3773056048824,21.34791977412534,38945.68358207069,39334.245134517216,388.56155244652473,0.009977012000000063,3,0.01427243218555793,take_profit
2021-03-09 17:00:00+00:00,2021-03-09 22:00:00+00:00,1831.42,1822.9477839153924,1844.823157322377,10.503305601593713,19166.14381402541,19357.36466085167,191.2208468262579,0.009977012000000033,2,0.011821428181411195,take_profit
2021-03-09 23:00:00+00:00,2021-03-09 23:00:00+00:00,1845.43,1845.43,1867.57516,3.195772382189381,5903.477704968717,5962.3767728729235,58.89906790420628,0.009977012000000157,1,0.0042483323669823,take_profit
2021-03-10 00:00:00+00:00,2021-03-10 01:00:00+00:00,1870.5,1842.9120218874434,1865.0269661500927,39.25090152860316,72408.36666364665,73130.78580675024,722.419143103587,0.009977011999999784,5,0.028361400695001312,take_profit
2021-03-10 02:00:00+00:00,2021-03-10 02:00:00+00:00,1826.16,1799.2259919219325,1820.8167038249958,40.44980007293064,72851.18284210461,73578.01996753446,726.8371254298545,0.009977011999999763,5,0.030205458448328778,take_profit
2021-03-10 03:00:00+00:00,2021-03-10 03:00:00+00:00,1795.82,1771.5271020265518,1792.7854272508705,37.53730886661463,66564.92491926867,67229.04397396732,664.1190546986472,0.00997701200000007,4,0.02161686583287854,take_profit
2021-03-10 04:00:00+00:00,2021-03-10 05:00:00+00:00,1777.52,1777.52,1798.85024,3.378909566756496,6012.091424525533,6072.074132813121,59.98270828758814,0.009977011999999967,1,0.0058283451100408995,take_profit
2021-03-10 06:00:00+00:00,2021-03-10 08:00:00+00:00,1800.72,1800.72,1822.32864,3.337040444588816,6015.090559939913,6075.10319063752,60.012630697607165,0.009977011999999988,1,0.003148740503798521,take_profit
2021-03-10 09:00:00+00:00,2021-03-10 13:00:00+00:00,1823.18,1814.7459024575821,1836.522853287073,10.773062508723301,19569.94098561062,19765.19052166335,195.24953605272822,0.00997701199999996,2,0.01072850733334074,take_profit
2021-03-10 14:00:00+00:00,2021-03-10 17:00:00+00:00,1844.28,1835.748293083771,1857.7772726007763,10.667086277863946,19601.687113879932,19797.25338143536,195.56626755542675,0.009977012000000066,2,0.012758366408571352,take_profit
2021-03-10 18:00:00+00:00,2021-03-11 21:00:00+00:00,1852.76,1812.9214270906261,1834.6764842157136,48.27850478093966,87612.74853379656,88486.86197727121,874.1134434746491,0.009977011999999754,7,0.06895658369135775,take_profit
2021-03-11 22:00:00+00:00,2021-03-11 22:00:00+00:00,1838.72,1822.0216689109334,1843.8859289378647,22.105499604394595,40317.01629760662,40719.25965301204,402.24335540542234,0.009977012000000137,3,0.01344957361642883,take_profit
2021-03-11 23:00:00+00:00,2021-03-12 00:00:00+00:00,1825.86,1809.278456968824,1830.9897984524498,22.33481640860981,40450.352520972505,40853.926173478474,403.5736525059692,0.009977011999999908,3,0.017257621066237277,take_profit
2021-03-12 01:00:00+00:00,2021-03-13 10:00:00+00:00,1815.95,1789.1665790678983,1810.636578016713,41.90307664381671,75046.63092215966,75795.3720594296,748.7411372699426,0.009977011999999794,5,0.05299154712409484,take_profit
2021-03-13 11:00:00+00:00,2021-03-13 11:00:00+00:00,1861.02,1861.0200000000002,1883.3522400000002,3.306201166847704,6159.065561088002,6220.514632099764,61.44907101176159,0.009977011999999978,1,0.002418028822903569,take_profit
2021-03-13 12:00:00+00:00,2021-03-13 12:00:00+00:00,1871.8,1863.1409845545159,1885.49867636917,10.7443943965096,20038.35991426919,20238.28287159417,199.9229573249795,0.009977011999999843,2,0.012282295116999685,take_profit
2021-03-13 13:00:00+00:00,2021-03-13 17:00:00+00:00,1881.62,1872.9155568743818,1895.3905435568743,10.705658867917684,20070.865906219435,20271.113176216175,200.24726999674021,0.009977011999999902,2,0.010676969845133406,take_profit
2021-03-13 18:00:00+00:00,2021-03-13 20:00:00+00:00,1913.51,1913.51,1936.47212,3.227557932531668,6182.146526004676,6243.825876080383,61.67935007570668,0.009977011999999954,1,0.006485463885738816,take_profit
2021-03-13 21:00:00+00:00,2021-03-13 21:00:00+00:00,1933.32,1907.1670751467145,1930.053080048475,36.070972224396044,68862.23282772752,69549.27215099655,687.0393232690258,0.009977011999999917,4,0.020627728467092817,take_profit
2021-03-13 22:00:00+00:00,2021-03-13 23:00:00+00:00,1914.24,1914.24,1937.21088,3.245864090820503,6219.582459671912,6281.635308507048,62.05284883513559,0.009977011999999905,1,0.0037299398194584276,take_profit
2021-03-14 00:00:00+00:00,2021-03-30 19:00:00+00:00,1922.35,1829.100763408373,1851.0499725692735,64.62458713453604,118323.2048675984,119503.71690244088,1180.5120348424825,0.009977011999999957,11,0.2004993887689546,take_profit
2021-03-30 20:00:00+00:00,2021-03-31 07:00:00+00:00,1858.27,1830.8624019849135,1852.8327508087325,42.01960284219973,77009.12011023212,77777.44102568136,768.320915449236,0.009977012000000115,5,0.030818987552939013,take_profit
2021-03-31 08:00:00+00:00,2021-03-31 08:00:00+00:00,1814.04,1789.5006315556384,1810.974639134306,39.28118967670218,70364.0778125279,71066.10106123243,702.0232487045287,0.009977012000000058,4,0.025297126854975566,take_profit
2021-03-31 09:00:00+00:00,2021-03-31 13:00:00+00:00,1807.6,1799.2379761089553,1820.8288318222628,11.474631854857652,20666.25965478421,20872.44717535511,206.18752057090023,0.009977012000000111,2,0.012502766098694352,take_profit
2021-03-31 14:00:00+00:00,2021-03-31 15:00:00+00:00,1829.05,1829.05,1850.9986,3.476762117385493,6365.537288092028,6429.046330001769,63.50904190974143,0.009977011999999971,1,0.002547770700636863,take_profit
2021-03-31 16:00:00+00:00,2021-03-31 18:00:00+00:00,1849.1,1849.1,1871.2892,3.4407787720768632,6368.712740187515,6432.253463620918,63.5407234334034,0.00997701199999995,1,0.00585149532204853,take_profit
2021-03-31 19:00:00+00:00,2021-03-31 19:00:00+00:00,1891.9,1891.9,1914.6028000000001,3.3646164631232227,6371.889776359185,6435.462197120598,63.572420761413014,0.009977012000000018,1,8.985675775679092e-05,take_profit
2021-03-31 20:00:00+00:00,2021-03-31 20:00:00+00:00,1900.63,1900.63,1923.43756,3.3508327917584473,6375.0683973972555,6438.672531298909,63.60413390165377,0.00997701200000009,1,0.004582691002457099,take_profit
2021-03-31 21:00:00+00:00,2021-04-01 02:00:00+00:00,1939.11,1921.499977376588,1944.557977105107,21.984460578853533,42285.42593083439,42707.30813277143,421.8822019370418,0.009977011999999905,3,0.019333611811604298,take_profit
2021-04-01 03:00:00+00:00,2021-04-01 08:00:00+00:00,1925.34,1916.4333065510157,1939.4305062296278,10.847705824278629,20809.714455770772,21017.333226612573,207.61877084180014,0.00997701200000008,2,0.013223638422304533,take_profit
2021-04-01 09:00:00+00:00,2021-04-01 16:00:00+00:00,1943.36,1925.7113810121994,1948.8199175843458,22.044632529369853,42494.09384588515,42918.05793011468,423.96408422952663,0.009977012000000101,3,0.01922443602832203,take_profit
2021-04-01 17:00:00+00:00,2021-04-01 17:00:00+00:00,1946.39,1937.3859284790383,1960.6345596207868,10.783340808542615,20912.405149613853,21121.04846674041,208.6433171265562,0.009977011999999856,2,0.00867760315250289,take_profit
2021-04-01 18:00:00+00:00,2021-04-01 18:00:00+00:00,1940.3,1911.6825426721234,1934.622733184189,41.26588016384397,78966.22894616655,79754.0759599572,787.8470137906552,0.009977012000000052,5,0.02849043962273874,take_profit
2021-04-01 19:00:00+00:00,2021-04-02 01:00:00+00:00,1967.13,1958.02998447843,1981.5263442921712,10.752313721346411,21074.42709601113,21284.686908041163,210.25981203003175,0.009977012000000169,2,0.00948081723119473,take_profit
2021-04-02 02:00:00+00:00,2021-04-02 03:00:00+00:00,1995.55,1986.3185125161679,2010.1543346663618,10.616376496169575,21108.61378396713,21319.214676993128,210.60089302599954,0.00997701199999972,2,0.006739996492195157,take_profit
2021-04-02 04:00:00+00:00,2021-04-02 14:00:00+00:00,1996.63,1987.393516396561,2011.2422385933196,10.627846422450935,21142.85592916654,21353.798456486104,210.94252731956294,0.009977011999999869,2,0.0078933002108554,take_profit
2021-04-02 15:00:00+00:00,2021-04-02 16:00:00+00:00,2070.15,2051.3499379437694,2075.9661371990946,21.025766532671703,43174.37925126756,43605.130551149996,430.7512998824386,0.009977011999999796,3,0.014240513972417466,take_profit
2021-04-02 17:00:00+00:00,2021-04-02 19:00:00+00:00,2058.72,2040.023739460231,2064.5040243337535,21.21242382033366,43317.16533030266,43749.34120860907,432.17587830640696,0.009977011999999846,3,0.013411245822647034,take_profit
2021-04-02 20:00:00+00:00,2021-04-02 20:00:00+00:00,2062.7,2062.7,2087.4523999999997,3.174929660698514,6555.482894016841,6620.887025516241,65.40413149940014,0.009977011999999907,1,0.0008241625054539284,take_profit
2021-04-02 21:00:00+00:00,2021-04-02 23:00:00+00:00,2091.01,2091.01,2116.1021200000005,3.1335069404217193,6558.753100591812,6624.189858981455,65.43675838964282,0.009977012000000169,1,0.006025796146360066,take_profit
2021-04-03 00:00:00+00:00,2021-04-05 14:00:00+00:00,2133.69,2087.8107902637134,2112.864519746878,45.56306115824184,95222.27299661943,96172.30675697398,950.0337603545486,0.009977012000000006,7,0.07426102198538684,take_profit
2021-04-05 15:00:00+00:00,2021-04-05 20:00:00+00:00,2118.21,2098.9734811737662,2124.1611629478516,20.85538251918378,43818.71356106276,44255.89339208604,437.17983102328435,0.009977011999999966,3,0.014266762974398314,take_profit
2021-04-05 21:00:00+00:00,2021-04-06 00:00:00+00:00,2104.13,2094.3962174541584,2119.5289720636083,10.285885325500407,21564.283602497784,21779.43071877131,215.14711627352517,0.009977012000000072,2,0.009509868686820784,take_profit
2021-04-06 01:00:00+00:00,2021-04-10 02:00:00+00:00,2141.73,2077.9290373689014,2102.8641858173282,53.52957327660378,111341.99666608743,112452.85710292896,1110.8604368415254,0.0099770120000001,8,0.09885466422004642,take_profit
2021-04-10 03:00:00+00:00,2021-04-10 03:00:00+00:00,2116.55,2116.55,2141.9486,3.161271082535353,6697.6859957359375,6764.508889287627,66.82289355168996,0.009977012000000084,1,0.00037324891923175144,take_profit
2021-04-10 04:00:00+00:00,2021-04-10 04:00:00+00:00,2144.4,2144.4,2170.1328000000003,3.1217711776129025,6701.027140413522,6767.883368605754,66.85622819223227,0.00997701200000013,1,8.393956351440544e-05,take_profit
2021-04-10 05:00:00+00:00,2021-04-10 05:00:00+00:00,2191.18,2171.2808043009586,2197.3361739525703,20.45016107680283,44447.489680605206,44890.94281851849,443.45313791328226,0.009977012000000179,3,0.016502523754324087,take_profit
2021-04-10 06:00:00+00:00,2021-04-12 06:00:00+00:00,2172.16,2140.12284280301,2165.8043169166463,38.49310220953604,82462.42975873782,83285.15840998992,822.728651252095,0.009977012000000129,5,0.040802703299940915,take_profit
2021-04-12 07:00:00+00:00,2021-04-12 09:00:00+00:00,2185.46,2155.8962593104807,2181.7670144222066,34.91424019494056,75346.82665959958,76098.56285334434,751.7361937447567,0.009977012000000157,4,0.026264493516239187,take_profit
2021-04-12 10:00:00+00:00,2021-04-12 13:00:00+00:00,2144.47,2134.5496031347484,2160.1641983723653,10.357026424211481,22129.716359816535,22350.50480549502,220.788445678485,0.00997701199999996,2,0.01171385004220152,take_profit
2021-04-12 14:00:00+00:00,2021-04-12 20:00:00+00:00,2150.22,2121.1329672904476,2146.586562897933,35.741422946724974,75888.19870887851,76645.33617805538,757.1374691768724,0.009977012000000092,4,0.022425612262931143,take_profit
2021-04-12 21:00:00+00:00,2021-04-13 03:00:00+00:00,2147.54,2147.54,2173.31048,3.1884425829389422,6854.162146711407,6922.546204699093,68.38405798768599,0.009977012000000077,1,0.005592445309516826,take_profit
2021-04-13 04:00:00+00:00,2021-04-13 06:00:00+00:00,2163.37,2163.37,2189.3304399999997,3.1666907502004653,6857.581349610791,6925.9995210268335,68.41817141604224,0.00997701199999988,1,0.005241821787303925,take_profit
2021-04-13 07:00:00+00:00,2021-04-13 08:00:00+00:00,2158.41,2158.41,2184.31092,3.175551102859703,6861.002258181593,6929.454560043498,68.45230186190474,0.009977011999999985,1,0.0038917536519936604,take_profit
2021-04-13 09:00:00+00:00,2021-04-13 14:00:00+00:00,2220.3,2210.0288107737956,2236.549156503081,10.09026241405077,22322.09273605621,22544.80052314895,222.70778709274236,0.009977011999999853,2,0.011390352655046598,take_profit
2021-04-13 15:00:00+00:00,2021-04-13 16:00:00+00:00,2261.66,2251.197477896979,2278.211847631743,9.921806189141341,22358.303372550174,22581.37243359775,223.06906104757581,0.009977012000000101,2,0.008250577009806892,take_profit
2021-04-13 17:00:00+00:00,2021-04-13 17:00:00+00:00,2271.6,2271.6,2298.8592,3.0286260794004325,6886.713715681703,6955.4225410636245,68.70882538192109,0.009977012000000021,1,0.0012502201091740143,take_profit
2021-04-13 18:00:00+00:00,2021-04-13 18:00:00+00:00,2310.05,2278.8008720453254,2306.146482509869,33.6289220763094,76710.32728071888,77475.66713652253,765.339855803657,0.009977011999999966,4,0.025995108330988583,take_profit
2021-04-13 19:00:00+00:00,2021-04-13 19:00:00+00:00,2264.64,2264.64,2291.8156799999997,3.0563302483358252,6928.416149740983,6997.541040807942,69.12489106695921,0.009977011999999945,1,0.00037091988130550144,take_profit
2021-04-13 20:00:00+00:00,2021-04-14 03:00:00+00:00,2297.38,2286.752235867001,2314.1932626974053,9.847538490135872,22541.422082186746,22766.318120797787,224.89603861104115,0.009977011999999955,2,0.012832008635924408,take_profit
2021-04-14 04:00:00+00:00,2021-04-14 04:00:00+00:00,2347.1,2347.1,2375.2652,2.9552102931398996,6943.117196224883,7012.388759809024,69.2715635841414,0.009977011999999914,1,0.003877124962719914,take_profit
2021-04-14 05:00:00+00:00,2021-04-14 05:00:00+00:00,2371.28,2360.310371756829,2388.634096217911,9.5608876585719,22589.251555284405,22814.6247891225,225.37323383809417,0.009977012000000132,2,0.007708916703215225,take_profit
2021-04-14 06:00:00+00:00,2021-04-14 06:00:00+00:00,2360.52,2360.52,2388.84624,2.944644225280827,6957.849436095994,7027.267983414117,69.41854731812327,0.009977012000000044,1,0.002948502872248503,take_profit
2021-04-14 07:00:00+00:00,2021-04-14 08:00:00+00:00,2388.44,2356.1304538117947,2384.404019257536,32.861167437157775,77502.70004654246,78275.94541493921,773.2453683967469,0.0099770119999999,4,0.025409890974862275,take_profit
2021-04-14 09:00:00+00:00,2021-04-14 09:00:00+00:00,2347.0,2325.685725360012,2353.593954064332,19.934286247457685,46407.292263215946,46870.29837501357,463.006111797622,0.009977012000000202,3,0.015764806135492117,take_profit
2021-04-14 10:00:00+00:00,2021-04-14 11:00:00+00:00,2341.87,2341.87,2369.97244,2.995943329277093,7023.132937471618,7093.202819066367,70.06988159474895,0.00997701199999991,1,0.0038985938587539487,take_profit
2021-04-14 12:00:00+00:00,2021-04-14 16:00:00+00:00,2390.0,2354.7499237161137,2383.006922800707,36.5453738889617,86141.35773494437,87000.79109476219,859.43335981782,0.009977011999999853,5,0.04054811715481165,take_profit
2021-04-14 17:00:00+00:00,2021-04-14 17:00:00+00:00,2374.1,2341.9844377060267,2370.088250958499,33.573918741213504,78708.30350823698,79493.57719683829,785.2736886013154,0.00997701199999991,4,0.02138915799671444,take_profit
2021-04-14 18:00:00+00:00,2021-04-14 18:00:00+00:00,2329.96,2319.1815195921786,2347.011697827285,9.957772033934386,23116.997875287736,23347.636440493457,230.63856520572153,0.009977012000000056,2,0.01204741712304081,take_profit
2021-04-14 19:00:00+00:00,2021-04-14 20:00:00+00:00,2337.75,2326.9354827664915,2354.8587085596896,9.940689662808346,23154.497997556366,23385.510701931966,231.01270437560015,0.009977012000000186,2,0.012298149930488719,take_profit
2021-04-14 21:00:00+00:00,2021-04-14 21:00:00+00:00,2370.98,2370.98,2399.43176,3.005011595670957,7131.954347451377,7203.109941559352,71.15559410797505,0.00997701200000007,1,0.0009784983424576182,take_profit
2021-04-14 22:00:00+00:00,2021-04-15 03:00:00+00:00,2426.13,2414.9066336452865,2443.88551324903,9.598890645842813,23203.628324606107,23435.131202844237,231.5028782381305,0.009977011999999806,2,0.010770239022641041,take_profit
2021-04-15 04:00:00+00:00,2021-04-15 08:00:00+00:00,2475.95,2453.464666256975,2482.9062422520587,19.293189605417375,47382.5415378257,47855.27772333909,472.73618551338586,0.009977012000000007,3,0.017932510753448025,take_profit
2021-04-15 09:00:00+00:00,2021-04-15 10:00:00+00:00,2436.6,2425.3281990413147,2454.4321374298106,9.604809054961985,23318.132379786446,23550.777666357168,232.6452865707215,0.009977012000000153,2,0.011290322580645065,take_profit
2021-04-15 11:00:00+00:00,2021-04-15 12:00:00+00:00,2412.97,2412.97,2441.92564,2.973586073729975,7182.35634467289,7254.014800111968,71.65845543907744,0.009977011999999983,1,0.0032698292975046825,take_profit
2021-04-15 13:00:00+00:00,2021-04-15 13:00:00+00:00,2439.15,2439.15,2468.4198,2.943137292982145,7185.9392674448445,7257.633469747412,71.69420230256765,0.009977011999999891,1,0.0017424102658713076,take_profit
2021-04-15 14:00:00+00:00,2021-04-15 19:00:00+00:00,2465.82,2454.413026249715,2483.865982564712,9.515875015212321,23379.266860361688,23612.52208637872,233.25522601703415,0.00997701200000014,2,0.013131534337461821,take_profit
2021-04-15 20:00:00+00:00,2021-04-15 22:00:00+00:00,2478.58,2478.58,2508.32296,2.9024625197177274,7201.186738860825,7273.033065368681,71.84632650785534,0.009977012000000002,1,0.0004357333634580797,take_profit
2021-04-15 23:00:00+00:00,2021-04-16 00:00:00+00:00,2528.08,2516.3850092064217,2546.5816293168987,9.301217879238276,23428.874112790734,23662.624270960536,233.75015816980158,0.00997701199999996,2,0.009920572133793206,take_profit
2021-04-16 01:00:00+00:00,2021-04-16 01:00:00+00:00,2528.94,2494.7298445273063,2524.666602661634,32.17301648277668,80343.32773578774,81144.9140807276,801.5863449398603,0.009977011999999666,4,0.021218376078515053,take_profit
2021-04-16 02:00:00+00:00,2021-04-16 21:00:00+00:00,2506.48,2431.81333482017,2460.995094838012,49.97076333178525,121641.20983120939,122854.82564138985,1213.6158101804613,0.00997701199999973,8,0.08237847499281863,take_profit
2021-04-16 22:00:00+00:00,2021-04-17 00:00:00+00:00,2445.21,2433.8983688655553,2463.105149291942,9.766530462816837,23794.537100025682,24031.93548220708,237.39838218139994,0.009977011999999938,2,0.01105426527782898,take_profit
2021-04-17 01:00:00+00:00,2021-04-17 01:00:00+00:00,2460.0,2460.0,2489.52,2.976328249337331,7329.096589959793,7402.219074586982,73.1224846271889,0.00997701200000013,1,0.0,take_profit
2021-04-17 02:00:00+00:00,2021-04-21 13:00:00+00:00,2476.94,2356.788745502502,2385.070210448532,59.102244218555654,139430.93494317547,140822.03905427476,1391.1041110992956,0.009977012000000104,11,0.2140302147003965,take_profit
2021-04-21 14:00:00+00:00,2021-04-21 14:00:00+00:00,2388.26,2377.211821654112,2405.7383635139613,10.115689855250153,24071.20871680404,24311.3674550261,240.15873822205685,0.009977011999999931,2,0.011728203796906625,take_profit
2021-04-21 15:00:00+00:00,2021-04-21 15:00:00+00:00,2440.76,2418.594244154113,2447.617375083962,20.303121963235682,49154.1680867275,49644.5798115788,490.41172485129937,0.009977012000000042,3,0.014241465772956053,take_profit
2021-04-21 16:00:00+00:00,2021-04-21 16:00:00+00:00,2442.79,2431.489563874306,2460.6674386407976,9.938683030947805,24189.994062466707,24431.337923507872,241.34386104116493,0.009977012000000242,2,0.008191453215380676,take_profit
2021-04-21 17:00:00+00:00,2021-04-21 19:00:00+00:00,2426.63,2415.4043206269494,2444.3891724744726,10.021098888102692,24229.234786539702,24470.970152755825,241.7353662161222,0.009977011999999924,2,0.012399912636042638,take_profit
2021-04-21 20:00:00+00:00,2021-04-21 20:00:00+00:00,2436.95,2403.9842363285884,2432.8320471645316,34.528043329043086,83087.95983412418,83916.92940644476,828.9695723205805,0.009977012000000066,4,0.021727979646689436,take_profit
2021-04-21 21:00:00+00:00,2021-04-21 22:00:00+00:00,2401.3,2368.8164905705244,2397.2422884573707,35.23526219755869,83549.41956271596,84382.99312428621,833.5735615702433,0.009977011999999896,4,0.023720484737433902,take_profit
2021-04-21 23:00:00+00:00,2021-04-21 23:00:00+00:00,2363.0,2352.0686753404852,2380.293499444571,10.42244972076627,24538.856364890424,24783.680829309207,244.82446441878346,0.00997701199999981,2,0.01184934405416843,take_profit
2021-04-22 00:00:00+00:00,2021-04-22 00:00:00+00:00,2357.06,2335.6543654951292,2363.6822178810708,21.432541975019447,50109.11934695873,50609.05863199277,499.9392850340373,0.009977011999999959,3,0.018497619916336416,take_profit
2021-04-22 01:00:00+00:00,2021-04-22 01:00:00+00:00,2416.17,2404.9927089705548,2433.8526214782014,10.24339466496519,24659.949433782946,24905.982045203193,246.03261142024712,0.00997701200000006,2,0.006812434555515562,take_profit
2021-04-22 02:00:00+00:00,2021-04-22 02:00:00+00:00,2400.24,2367.770829686834,2396.184079643076,35.679306224030455,84564.98548620942,85408.69136118516,843.7058749757416,0.009977012000000052,4,0.023847615238476064,take_profit
2021-04-22 03:00:00+00:00,2021-04-22 03:00:00+00:00,2406.02,2394.889663242791,2423.6283392017044,10.360517266209863,24837.13283953399,25084.93321191962,247.80037238562727,0.009977012000000103,2,0.012144537451891422,take_profit
2021-04-22 04:00:00+00:00,2021-04-22 04:00:00+00:00,2390.21,2390.21,2418.89252,3.1974522986170877,7650.232691368918,7726.559154733498,76.32646336458038,0.00997701200000005,1,0.0012007313164951576,take_profit
2021-04-22 05:00:00+00:00,2021-04-22 05:00:00+00:00,2446.92,2435.6004583428444,2464.8276638429584,10.208958346782051,24889.83346208746,25138.159629216705,248.32616712924573,0.009977011999999903,2,0.009027675608520159,take_profit
2021-04-22 06:00:00+00:00,2021-04-22 07:00:00+00:00,2478.89,2456.377966654316,2485.854502254168,20.670678748467168,50825.82565918354,51332.91553169514,507.0898725115985,0.009977012000000323,3,0.013687577907853854,take_profit
2021-04-22 08:00:00+00:00,2021-04-22 08:00:00+00:00,2471.02,2437.593355486435,2466.8444757522725,35.09607464704372,85635.59395724695,86489.98130578554,854.3873485385848,0.009977012000000052,4,0.02470639654879369,take_profit
2021-04-22 09:00:00+00:00,2021-04-22 09:00:00+00:00,2453.42,2442.0703891044664,2471.37523377372,10.288984340939281,25151.575568535893,25402.513139802082,250.93757126618948,0.009977012000000002,2,0.007846190216106497,take_profit
2021-04-22 10:00:00+00:00,2021-04-22 10:00:00+00:00,2493.96,2482.4228495777215,2512.2119237726542,10.13815345236177,25192.37615882695,25443.720798072078,251.34463924512602,0.009977011999999825,2,0.007229466390800254,take_profit
2021-04-22 11:00:00+00:00,2021-04-22 11:00:00+00:00,2512.09,2512.09,2542.2350800000004,3.0858343614986774,7759.653294471685,7837.071448506469,77.4181540347845,0.009977012000000124,1,0.000529439629949535,take_profit
2021-04-22 12:00:00+00:00,2021-04-22 12:00:00+00:00,2544.37,2544.37,2574.90244,3.048204733576976,7763.524202173424,7840.980976300799,77.45677412737496,0.009977012000000037,1,6.288393590549114e-05,take_profit
2021-04-22 13:00:00+00:00,2021-04-22 13:00:00+00:00,2550.57,2550.57,2581.17684,3.0423119709864515,7767.397040879793,7844.892454365416,77.49541348562252,0.009977012000000044,1,0.004124568233767347,take_profit
2021-04-22 14:00:00+00:00,2021-04-22 14:00:00+00:00,2541.92,2541.92,2572.42304,3.054187598249559,7771.271811554074,7848.805883673211,77.53407211913691,0.009977012000000023,1,0.0002675143198842965,take_profit
2021-04-22 15:00:00+00:00,2021-04-22 16:00:00+00:00,2601.22,2589.1866608841206,2620.25690081473,9.75532117785745,25283.631097446323,25535.886188309123,252.2550908628,0.009977012000000191,2,0.010079885592145147,take_profit
2021-04-22 17:00:00+00:00,2021-04-22 17:00:00+00:00,2612.25,2573.7219616014304,2604.606625140648,37.057892691217155,95472.18445450925,96424.7115844781,952.5271299688466,0.009977011999999941,5,0.03374868408460134,take_profit
2021-04-22 18:00:00+00:00,2021-04-22 18:00:00+00:00,2526.18,2514.493798676101,2544.667724260214,10.122928223517711,25479.519762240805,25733.72923666292,254.209474422114,0.009977012000000013,2,0.008384200650784915,take_profit
2021-04-22 19:00:00+00:00,2021-04-22 19:00:00+00:00,2539.8,2502.3405256293668,2532.368611936919,38.410302852598114,96211.86929905259,97171.77627359166,959.9069745390734,0.00997701199999994,5,0.028269942515158745,take_profit
2021-04-22 20:00:00+00:00,2021-04-22 20:00:00+00:00,2535.56,2485.8948469791667,2515.7255851429168,44.26001585138501,110135.88121338763,111234.70822188417,1098.8270084965334,0.009977011999999912,6,0.06135133856031802,take_profit
2021-04-22 21:00:00+00:00,2021-04-22 21:00:00+00:00,2400.47,2365.065501833816,2393.446287855822,41.17278067299282,97473.79698124665,98446.29422341412,972.4972421674756,0.009977012000000144,5,0.04042125083837738,take_profit
2021-04-22 22:00:00+00:00,2021-04-22 22:00:00+00:00,2415.32,2404.1466411017273,2432.996400794948,10.809529639760049,26013.708083402085,26273.247161114687,259.5390777126013,0.009977012000000065,2,0.012354470629150648,take_profit
2021-04-22 23:00:00+00:00,2021-04-22 23:00:00+00:00,2404.2,2404.2,2433.0503999999996,3.329433482428016,8012.636615068504,8092.578786728681,79.94217166017643,0.009977011999999822,1,0.005619332834206707,take_profit
2021-04-23 00:00:00+00:00,2021-04-23 00:00:00+00:00,2397.94,2376.163113877199,2404.6770712437255,22.344495140785977,53147.31246420817,53677.56383843132,530.2513742231531,0.009977011999999974,3,0.01643493999015816,take_profit
2021-04-23 01:00:00+00:00,2021-04-23 01:00:00+00:00,2373.86,2338.8479723484243,2366.9141480166054,42.11663768109642,98603.01565822383,99586.77912868212,983.7634704582888,0.009977012000000018,5,0.05217662372675731,take_profit
2021-04-23 02:00:00+00:00,2021-04-23 02:00:00+00:00,2321.81,2252.644552886446,2279.6762875210834,60.15855952905163,135651.50293554872,137004.8996081547,1353.3966726059734,0.009977011999999768,8,0.08864205081380473,take_profit
2021-04-23 03:00:00+00:00,2021-04-23 03:00:00+00:00,2250.58,2240.1687343833214,2267.0507591959213,11.833300572648444,26535.1250924998,26799.86635396917,264.74126146937124,0.009977011999999987,2,0.011721422922091242,take_profit
2021-04-23 04:00:00+00:00,2021-04-23 04:00:00+00:00,2282.74,2249.0718999429796,2276.0607627422955,44.50621919653593,100197.88485248428,101197.56035203213,999.675499547855,0.00997701200000001,5,0.03741994270043878,take_profit
2021-04-23 05:00:00+00:00,2021-04-23 05:00:00+00:00,2207.11,2174.5573657460554,2200.6520541350083,46.312799030357155,100810.6489086886,101816.43796257839,1005.7890538897918,0.009977012000000186,5,0.03267168378558392,take_profit
2021-04-23 06:00:00+00:00,2021-04-23 06:00:00+00:00,2228.44,2195.572769876961,2221.9196431154846,46.15002270801874,101427.16034727661,102439.10034318734,1011.939995910725,0.009977012000000217,5,0.032565382060993416,take_profit
2021-04-23 07:00:00+00:00,2021-04-23 07:00:00+00:00,2210.43,2177.828399112891,2203.9623399022457,46.81057271773633,102047.44208551077,103065.57063976723,1018.1285542564583,0.00997701200000012,5,0.04182896540492123,take_profit
2021-04-23 08:00:00+00:00,2021-04-23 08:00:00+00:00,2132.22,2122.3562720839986,2147.8245473490065,12.819281988792078,27234.317850376683,27506.0349663817,271.7171160050166,0.009977011999999787,2,0.011828047762425924,take_profit
2021-04-23 09:00:00+00:00,2021-04-23 09:00:00+00:00,2218.11,2185.3951269012346,2211.6198684240494,47.00991156015003,102838.06970931921,103864.08636486593,1026.016655546715,0.009977012000000006,5,0.03070632204895164,take_profit
2021-04-23 10:00:00+00:00,2021-04-23 10:00:00+00:00,2198.3,2198.3,2224.6796000000004,3.8354477558298843,8439.904706347183,8524.109736881264,84.20503053408174,0.009977011999999933,1,0.0032980030023199744,take_profit
2021-04-23 11:00:00+00:00,2021-04-23 11:00:00+00:00,2276.94,2266.406792056608,2293.6036735612875,12.103542906901044,27459.010863012118,27732.96974390052,273.95888088840366,0.00997701200000005,2,0.008792502217888912,take_profit
2021-04-23 12:00:00+00:00,2021-04-23 12:00:00+00:00,2295.04,2263.993919343262,2291.161846375381,41.55023821133027,94163.6503080238,95103.12217711075,939.4718690869486,0.009977011999999908,4,0.02481873954266594,take_profit
2021-04-23 13:00:00+00:00,2021-04-23 13:00:00+00:00,2244.09,2213.7331438489186,2240.2979415751056,42.72960208490665,94686.62298181553,95631.31255554457,944.689573729047,0.009977011999999976,4,0.02242779924156336,take_profit
2021-04-23 14:00:00+00:00,2021-04-23 14:00:00+00:00,2235.33,2224.9892814425925,2251.6891528199035,12.486395133695037,27809.905241569977,28087.364999883983,277.45975831400574,0.009977011999999971,2,0.009054591492083845,take_profit
2021-04-23 15:00:00+00:00,2021-04-23 15:00:00+00:00,2296.52,2275.6641593539725,2302.9721292662202,24.929827838157138,56788.7044145737,57355.285999982356,566.5815854086541,0.009977011999999987,3,0.019790813927159274,take_profit
2021-04-23 16:00:00+00:00,2021-04-23 16:00:00+00:00,2333.69,2312.496600091779,2340.24655929288,24.613890978221622,56976.5157178851,57544.97109892062,568.455381035521,0.009977011999999872,3,0.015019132789702223,take_profit
2021-04-23 17:00:00+00:00,2021-04-23 17:00:00+00:00,2326.29,2294.821185961481,2322.359040193019,41.79096472438406,95998.79002130678,96956.57110133483,957.7810800280567,0.009977011999999987,4,0.020367194115952916,take_profit
2021-04-23 18:00:00+00:00,2021-04-23 18:00:00+00:00,2291.11,2291.11,2318.60332,3.780640968541066,8670.53486429842,8757.040894685944,86.50603038752342,0.009977011999999966,1,0.003976238591774348,take_profit
2021-04-23 19:00:00+00:00,2021-04-23 20:00:00+00:00,2345.68,2334.8287982956704,2362.8467438752186,12.069900266454988,28209.36009477046,28490.80521894831,281.4451241778479,0.009977012000000066,2,0.013318099655536896,take_profit
2021-04-23 21:00:00+00:00,2021-04-23 21:00:00+00:00,2319.89,2309.1581037814803,2336.868001026858,12.22387753353551,28255.120987183083,28537.02266833366,281.9016811505753,0.009977011999999924,2,0.006978779166253596,take_profit
2021-04-23 22:00:00+00:00,2021-04-23 23:00:00+00:00,2306.08,2306.08,2333.75296,3.7701747027761976,8703.027506084218,8789.85771594875,86.83020986453266,0.00997701200000004,1,0.003091826823007055,take_profit
2021-04-24 00:00:00+00:00,2021-04-24 00:00:00+00:00,2367.39,2332.473398287151,2360.463079066597,45.719341718681235,106745.89424026418,107810.89930805007,1065.0050677858817,0.009977012000000328,5,0.05169828376397631,take_profit
2021-04-24 01:00:00+00:00,2021-04-24 02:00:00+00:00,2264.44,2243.8754937938747,2270.8019997194015,25.85775440102009,58079.66108607577,58659.12256168749,579.4614756117153,0.009977012000000073,3,0.016441151013054007,take_profit
2021-04-24 03:00:00+00:00,2021-04-24 03:00:00+00:00,2285.97,2285.97,2313.40164,3.841171472680559,8789.592343747325,8877.286212036,87.69386828867573,0.009977012000000063,1,0.0,take_profit
2021-04-24 04:00:00+00:00,2021-04-24 04:00:00+00:00,2296.81,2286.1848727079055,2313.6190911804006,12.495977094400843,28596.710513437123,28882.020237390225,285.30972395310164,0.009977012000000465,2,0.0069313526151488685,take_profit
2021-04-24 05:00:00+00:00,2021-04-24 06:00:00+00:00,2309.22,2288.2488243356815,2315.7078102277096,25.494163751682738,58395.3856178272,58977.99708088089,582.6114630536831,0.009977011999999891,3,0.014550367656611286,take_profit
2021-04-24 07:00:00+00:00,2021-04-24 08:00:00+00:00,2278.35,2267.810269344898,2295.023992577037,12.65938805790062,28737.828069398587,29024.545724900916,286.71765550232885,0.00997701200000008,2,0.008782671670287606,take_profit
2021-04-24 09:00:00+00:00,2021-04-24 18:00:00+00:00,2274.08,2240.539626160812,2267.426101674742,48.38427252236853,108515.39526459503,109598.05466533465,1082.6594007396197,0.00997701200000011,5,0.052451980581157985,take_profit
2021-04-24 19:00:00+00:00,2021-04-24 20:00:00+00:00,2263.29,2263.29,2290.4494799999998,3.9309748672838514,8905.841949324193,8994.695641322702,88.85369199850902,0.009977011999999794,1,0.006159175359763908,take_profit
2021-04-24 21:00:00+00:00,2021-04-24 22:00:00+00:00,2293.62,2262.59312834813,2289.7442458883074,43.800171808964606,99201.16892435515,100190.90017712746,989.7312527723116,0.009977011999999931,4,0.025902285470130126,take_profit
2021-04-24 23:00:00+00:00,2021-04-24 23:00:00+00:00,2237.92,2217.5963351076593,2244.2074911289515,26.758956846830337,59399.9645994344,59992.598759042536,592.6341596081329,0.00997701200000001,3,0.017534138843211658,take_profit
2021-04-25 00:00:00+00:00,2021-04-25 00:00:00+00:00,2214.08,2214.08,2240.64896,4.056047433533837,8989.40290454314,9079.090285194601,89.68738065146135,0.009977011999999955,1,0.0055553548200605795,take_profit
2021-04-25 01:00:00+00:00,2021-04-25 01:00:00+00:00,2215.88,2215.8800000000006,2242.4705600000007,4.054774349830376,8993.887273575712,9083.619394830825,89.73212125511236,0.009977012000000021,1,0.0003971334187772393,take_profit
2021-04-25 02:00:00+00:00,2021-04-25 03:00:00+00:00,2237.48,2207.2125604138328,2233.699111138799,45.343033905783194,100181.89585997493,101181.41183715266,999.5159771777253,0.00997701200000005,4,0.025086257754259305,take_profit
2021-04-25 04:00:00+00:00,2021-04-25 08:00:00+00:00,2186.89,2186.89,2213.1326799999997,4.133404665446757,9048.349678497356,9138.625171819918,90.2754933225624,0.009977011999999794,1,0.0013123659626226702,take_profit
2021-04-25 09:00:00+00:00,2021-04-25 09:00:00+00:00,2230.06,2209.8077156780346,2236.325408266171,27.13227681527264,60017.131782083816,60615.92342607925,598.7916439954352,0.00997701200000006,3,0.01572155009282259,take_profit
2021-04-25 10:00:00+00:00,2021-04-25 10:00:00+00:00,2255.04,2244.6081022597577,2271.543399486875,13.145454616766072,29535.92987055162,29830.61019730127,294.6803267496507,0.009977011999999957,2,0.008718248900241173,take_profit
2021-04-25 11:00:00+00:00,2021-04-25 11:00:00+00:00,2259.49,2259.49,2286.6038799999997,4.022341110006699,9097.537051700736,9188.303288035999,90.76623633526287,0.009977012000000002,1,0.002261572301713959,take_profit
2021-04-25 12:00:00+00:00,2021-04-25 12:00:00+00:00,2288.0,2288.0,2315.456,3.9742016119554124,9102.0753635175,9192.88687864422,90.81151512671931,0.009977012000000094,1,0.0035402097902097504,take_profit
2021-04-25 13:00:00+00:00,2021-04-25 14:00:00+00:00,2320.66,2309.9245417332418,2337.6436362340405,12.807237641679388,29613.365906231214,29908.81881323807,295.45290700685655,0.009977011999999893,2,0.008333836063878247,take_profit
2021-04-25 15:00:00+00:00,2021-04-25 17:00:00+00:00,2344.87,2323.575068949693,2351.4579697770896,25.999141324611045,60471.42802398991,61074.75218704241,603.3241630525008,0.009977012000000285,3,0.015284429413997233,take_profit
2021-04-25 18:00:00+00:00,2021-04-25 18:00:00+00:00,2325.79,2294.32794969559,2321.8598850919375,44.363937914685195,101887.3100262484,102903.840941028,1016.530914779607,0.009977012000000063,4,0.020410269198852776,take_profit
2021-04-25 19:00:00+00:00,2021-04-25 19:00:00+00:00,2297.64,2276.7739880767685,2304.0952759336897,26.769179516353027,61008.37998497501,61617.061324185655,608.6813392106487,0.00997701199999989,3,0.014018732264410454,take_profit
2021-04-25 20:00:00+00:00,2021-04-25 20:00:00+00:00,2268.51,2237.8228030750597,2264.67667671196,45.88800300080968,102792.01151430298,103817.56864668531,1025.5571323823242,0.009977011999999856,4,0.025792260117874822,take_profit
2021-04-25 21:00:00+00:00,2021-04-25 21:00:00+00:00,2217.77,2187.7691868123898,2214.0224170541383,47.19855398920231,103362.90498466247,104394.1579280493,1031.252943386833,0.009977011999999959,4,0.022441461468051233,take_profit
2021-04-25 22:00:00+00:00,2021-04-25 22:00:00+00:00,2213.01,2213.01,2239.5661200000004,4.214314554997722,9335.655909264775,9428.797860299383,93.1419510346077,0.009977012000000228,1,0.003032069443879619,take_profit
2021-04-25 23:00:00+00:00,2021-04-25 23:00:00+00:00,2278.46,2267.919760480864,2295.1347976066345,13.379195050318057,30373.314148092184,30676.349067827465,303.0349197352807,0.009977011999999843,2,0.007785960692748715,take_profit
2021-04-26 00:00:00+00:00,2021-04-26 00:00:00+00:00,2320.44,2309.7055594613103,2337.422026174846,13.158457653383758,30422.58538133803,30726.111880758664,303.5264994206336,0.009977011999999985,2,0.007240006205719683,take_profit
2021-04-26 01:00:00+00:00,2021-04-26 01:00:00+00:00,2414.43,2414.43,2443.40316,3.8772175779362112,9370.6410777743,9464.132076254948,93.49099848064725,0.009977012000000013,1,0.0038725496286907924,take_profit
2021-04-26 02:00:00+00:00,2021-04-26 02:00:00+00:00,2447.26,2435.938885490375,2465.1701521162595,12.503043705059792,30487.13748562643,30791.30802216617,304.17053653973926,0.009977011999999822,2,0.01125340176360518,take_profit
2021-04-26 03:00:00+00:00,2021-04-26 04:00:00+00:00,2449.51,2449.51,2478.90412,3.8298000948641953,9390.524154525321,9484.213526701311,93.68937217598977,0.009977012000000084,1,0.006597237814910046,take_profit
2021-04-26 05:00:00+00:00,2021-04-26 05:00:00+00:00,2453.48,2442.1301115422657,2471.435672880773,12.497808609320394,30551.82655967318,30856.642499880953,304.81594020777266,0.009977011999999823,2,0.010075484617767335,take_profit
2021-04-26 06:00:00+00:00,2021-04-26 07:00:00+00:00,2468.63,2446.2111428186986,2475.565676532523,25.47834298465394,62387.79430392101,63010.23807634475,622.4437724237432,0.009977011999999867,3,0.014121192726330039,take_profit
2021-04-26 08:00:00+00:00,2021-04-26 09:00:00+00:00,2450.0,2427.7503311171827,2456.883335090589,25.756984959849618,62594.12288774295,63218.62520292343,624.502315180478,0.009977011999999872,3,0.014428571428571391,take_profit
2021-04-26 10:00:00+00:00,2021-04-26 11:00:00+00:00,2483.38,2483.38,2513.1805600000002,3.810662857798725,9472.796724524724,9567.306931118866,94.5102065941428,0.009977011999999888,1,0.006076395879809029,take_profit
2021-04-26 12:00:00+00:00,2021-04-26 16:00:00+00:00,2517.38,2483.3262220598954,2513.1261367246143,42.44746294873035,105516.41421471263,106569.15274552979,1052.7385308171652,0.009977012000000063,4,0.02628526483884041,take_profit
2021-04-26 17:00:00+00:00,2021-04-26 17:00:00+00:00,2483.52,2483.52,2513.32224,3.833522179098173,9530.15916139529,9625.241673710441,95.08251231515169,0.0099770120000001,1,0.00031004380878752006,take_profit
2021-04-26 18:00:00+00:00,2021-04-26 22:00:00+00:00,2509.21,2472.2016971078283,2501.8681174731223,47.23485270746136,116890.97400002429,118057.19665031423,1166.222650289943,0.009977012000000108,5,0.031567704576340776,take_profit
2021-04-26 23:00:00+00:00,2021-04-26 23:00:00+00:00,2510.18,2510.18,2540.3021599999997,3.8179059649531184,9593.224419525544,9688.936134677842,95.71171515229798,0.009977011999999853,1,0.003294584452110997,take_profit
2021-04-27 00:00:00+00:00,2021-04-27 05:00:00+00:00,2532.06,2497.80763882647,2527.7813304923875,42.73787349409922,106857.84472548583,107923.96672460614,1066.1219991203106,0.009977012000000016,4,0.020445803022045284,take_profit
2021-04-27 06:00:00+00:00,2021-04-27 06:00:00+00:00,2528.26,2528.26,2558.5991200000003,3.8135574621019734,9651.316105239175,9747.60740183694,96.29129659776481,0.009977012000000032,1,0.0003599313361759903,take_profit
2021-04-27 07:00:00+00:00,2021-04-27 12:00:00+00:00,2560.39,2548.5455419615005,2579.1280884650387,12.30855230102858,31400.30640118754,31713.587634955875,313.28123376833537,0.009977012000000333,2,0.011373267353801527,take_profit
2021-04-27 13:00:00+00:00,2021-04-27 14:00:00+00:00,2553.99,2542.1751485962104,2572.681250379365,12.359412915721938,31451.243609196536,31765.03304410041,313.7894349038761,0.009977011999999967,2,0.00884106828922585,take_profit
2021-04-27 15:00:00+00:00,2021-04-27 15:00:00+00:00,2635.65,2623.4573864414515,2654.938875078749,11.995910947952087,31502.263446945726,31816.56190738306,314.29846043733414,0.00997701199999985,2,0.007095023997875391,take_profit
2021-04-27 16:00:00+00:00,2021-04-27 16:00:00+00:00,2663.01,2638.8258813340285,2670.4917919100367,24.353364225184848,64328.61643140342,64970.42380948291,641.8073780794948,0.009977011999999778,3,0.014900432217678599,take_profit
2021-04-27 17:00:00+00:00,2021-04-27 23:00:00+00:00,2632.48,2620.302050977707,2651.7456755894395,12.069624356111355,31657.719174023092,31973.568618114954,315.8494440918621,0.009977012000000115,2,0.011578435543669854,take_profit
2021-04-28 00:00:00+00:00,2021-04-28 01:00:00+00:00,2666.13,2666.13,2698.12356,3.6537343961717825,9751.081967633108,9848.368629437167,97.2866618040589,0.009977011999999976,1,0.00024379906456177715,take_profit
2021-04-28 02:00:00+00:00,2021-04-28 11:00:00+00:00,2700.09,2660.2664106806037,2692.189607608771,44.91319886807513,119600.67501997837,120793.93238986077,1193.257369882398,0.00997701199999978,5,0.05209085623071827,take_profit
2021-04-28 12:00:00+00:00,2021-04-28 12:00:00+00:00,2692.05,2692.05,2724.3546,3.6425005330689304,9815.609169217432,9913.539619686024,97.93045046859152,0.009977011999999915,1,0.00397095150535839,take_profit
2021-04-28 13:00:00+00:00,2021-04-28 13:00:00+00:00,2723.56,2686.7171286629145,2718.9577342068696,40.65393682104448,109334.96336804824,110425.7996095908,1090.8362415425654,0.009977011999999888,4,0.02011705268104979,take_profit
2021-04-28 14:00:00+00:00,2021-04-28 15:00:00+00:00,2705.25,2680.682278879494,2712.850466226048,24.397684176553845,65467.907525311835,66121.08162430677,653.1740989949321,0.009977012000000087,3,0.017451252194806408,take_profit
2021-04-28 16:00:00+00:00,2021-04-28 16:00:00+00:00,2681.02,2681.02,2713.19224,3.6918033071588314,9907.706208767737,10006.555512505089,98.84930373735187,0.009977012000000167,1,0.005024207204720517,take_profit
2021-04-28 17:00:00+00:00,2021-04-28 20:00:00+00:00,2716.53,2691.8598395876575,2724.1621576627094,24.388889496437486,65717.18935695829,66372.85054377893,655.6611868206382,0.009977011999999895,3,0.0187665882578142,take_profit
2021-04-28 21:00:00+00:00,2021-04-28 21:00:00+00:00,2704.46,2704.46,2736.91352,3.6737412650075583,9945.431733295636,10044.657425043908,99.22569174827186,0.009977012000000049,1,0.004777293803568946,take_profit
2021-04-28 22:00:00+00:00,2021-04-29 09:00:00+00:00,2755.66,2715.0168095345375,2747.597011248952,44.88460729305973,121984.44773775143,123201.48803664435,1217.0402988929272,0.009977012000000068,5,0.03181089103880735,take_profit
2021-04-29 10:00:00+00:00,2021-04-29 12:00:00+00:00,2761.69,2761.69,2794.83028,3.6214179679090943,10011.245032827694,10111.127344655157,99.88231182746313,0.009977012000000084,1,0.0033023257498125754,take_profit
2021-04-29 13:00:00+00:00,2021-04-29 16:00:00+00:00,2786.58,2748.8846276158797,2781.8712431472704,40.52647897164259,111514.12918573225,112626.70699078786,1112.577805055611,0.00997701200000009,4,0.022457636242275453,take_profit
2021-04-29 17:00:00+00:00,2021-04-29 21:00:00+00:00,2725.0,2700.252919303805,2732.6559543354506,24.703605185740216,66772.75477489854,67438.94735056075,666.1925756622077,0.009977011999999815,3,0.016146788990825688,take_profit
2021-04-29 22:00:00+00:00,2021-04-30 05:00:00+00:00,2741.11,2741.11,2774.0033200000003,3.6828410716051176,10105.17766745496,10205.99714630529,100.81947885032969,0.009977011999999955,1,0.005537902528537815,take_profit
2021-04-30 06:00:00+00:00,2021-04-30 19:00:00+00:00,2772.16,2746.9846358815553,2779.948451512134,24.37581091183892,67027.00506704251,67695.73430092046,668.7292338779516,0.009977012000000115,3,0.017700998499365014,take_profit
2021-04-30 20:00:00+00:00,2021-05-01 01:00:00+00:00,2783.87,2758.5882915457923,2791.691351044342,24.353553574364156,67248.67642419835,67919.61727586668,670.9408516683325,0.009977011999999829,3,0.01647706250651068,take_profit
2021-05-01 02:00:00+00:00,2021-05-01 02:00:00+00:00,2797.0,2797.0,2830.564,3.6349749529957505,10177.202145674788,10278.740213608611,101.53806793382319,0.009977012000000007,1,0.001991419377904957,take_profit
2021-05-01 03:00:00+00:00,2021-05-01 05:00:00+00:00,2824.2,2824.2,2858.0904,3.6017621875300647,10182.27904907148,10283.867769331415,101.58872025993514,0.00997701200000004,1,0.0009383188159477503,take_profit
2021-05-01 06:00:00+00:00,2021-05-01 11:00:00+00:00,2850.31,2824.4249168516803,2858.3180158539003,23.88835859794165,67538.41366037485,68212.24522392536,673.8315635505132,0.009977011999999844,3,0.015812315151685314,take_profit
2021-05-01 12:00:00+00:00,2021-05-01 16:00:00+00:00,2857.75,2857.75,2892.043,3.573030885556378,10221.050063262002,10323.025602395768,101.97553913376578,0.009977012000000002,1,0.006610095354737074,take_profit
2021-05-01 17:00:00+00:00,2021-05-01 17:00:00+00:00,2897.98,2897.98,2932.75576,3.525187437932102,10226.148840218691,10328.17524991134,102.0264096926494,0.00997701200000014,1,4.485883270419711e-05,take_profit
2021-05-01 18:00:00+00:00,2021-05-02 02:00:00+00:00,2933.17,2919.6010480103478,2954.636260586472,11.384171578754351,33270.50978184266,33602.45005718222,331.9402753395625,0.009977012000000028,2,0.011987031096049617,take_profit
2021-05-02 03:00:00+00:00,2021-05-02 16:00:00+00:00,2949.7,2906.1949163118916,2941.069255307634,43.18546689394476,125631.01536109888,126884.43750892874,1253.4221478298568,0.009977011999999912,5,0.03303386785096776,take_profit
2021-05-02 17:00:00+00:00,2021-05-02 18:00:00+00:00,2923.72,2923.72,2958.80464,3.5229802318894885,10310.518281861796,10413.38644648615,102.8681646243549,0.009977012000000037,1,0.0012723516615817522,take_profit
2021-05-02 19:00:00+00:00,2021-05-03 00:00:00+00:00,2966.54,2952.8166771665524,2988.250477292551,11.34898039068003,33545.00357000617,33879.68247316416,334.67890315799013,0.009977011999999872,2,0.012876954296924975,take_profit
2021-05-03 01:00:00+00:00,2021-05-03 02:00:00+00:00,2994.06,2994.06,3029.98872,3.447513823909896,10332.395635250914,10435.48207049256,103.08643524164654,0.009977012000000052,1,0.0020240075349191216,take_profit
2021-05-03 03:00:00+00:00,2021-05-03 05:00:00+00:00,3030.75,3030.75,3067.119,3.4074774913984927,10337.549957012996,10440.687816984713,103.13785997171726,0.009977011999999915,1,0.003395199208116791,take_profit
2021-05-03 06:00:00+00:00,2021-05-03 07:00:00+00:00,3102.29,3087.938692688123,3124.9939570003803,10.880824011340273,33632.95042337099,33968.50677334036,335.5563499693744,0.00997701199999991,2,0.006923917493206637,take_profit
2021-05-03 08:00:00+00:00,2021-05-03 08:00:00+00:00,3146.95,3146.95,3184.7133999999996,3.288620786107991,10359.48466751005,10462.841370351616,103.3567028415655,0.009977012000000165,1,0.004715677084160756,take_profit
2021-05-03 09:00:00+00:00,2021-05-03 14:00:00+00:00,3184.06,3137.0983439780457,3174.7435241057824,40.4628370811664,127062.96216214275,128330.67086038996,1267.7086982472101,0.009977011999999731,5,0.03109237891245768,take_profit
2021-05-03 15:00:00+00:00,2021-05-03 16:00:00+00:00,3161.56,3161.56,3199.49872,3.2950853058701797,10428.03793756449,10532.078597204025,104.04065963953508,0.009977011999999896,1,0.004450334644922179,take_profit
2021-05-03 17:00:00+00:00,2021-05-03 17:00:00+00:00,3254.82,3254.82,3293.87784,3.2022682454255285,10433.239970546467,10537.332530931488,104.09256038502099,0.009977011999999928,1,0.0025316300133341432,take_profit
2021-05-03 18:00:00+00:00,2021-05-03 18:00:00+00:00,3284.33,3284.33,3323.74196,3.175078677832968,10438.444598565717,10542.589085586942,104.14448702122536,0.009977012000000002,1,0.00334923713512345,take_profit
2021-05-03 19:00:00+00:00,2021-05-03 19:00:00+00:00,3331.07,3286.0090564464067,3325.4411651237638,35.34877181089091,116272.65696180679,117432.71065558662,1160.0536937798315,0.009977012000000014,4,0.0222751248097459,take_profit
2021-05-03 20:00:00+00:00,2021-05-03 21:00:00+00:00,3301.64,3271.6561645835654,3310.9160385585683,21.259097626698807,69622.07988375676,70316.70021022196,694.6203264651995,0.009977011999999995,3,0.016985498116087742,take_profit
2021-05-03 22:00:00+00:00,2021-05-03 22:00:00+00:00,3331.01,3331.01,3370.98212,3.1599572317120335,10536.38552392903,10641.507168737895,105.12164480886531,0.009977011999999914,1,0.0,take_profit
2021-05-03 23:00:00+00:00,2021-05-03 23:00:00+00:00,3383.06,3383.06,3423.65672,3.1128918684750806,10541.641606169474,10646.815690973928,105.17408480445374,0.009977012000000153,1,0.004877241314076605,take_profit
2021-05-04 00:00:00+00:00,2021-05-04 00:00:00+00:00,3431.04,3363.8346778539653,3404.200693988213,43.689013396778726,147109.7280333441,148577.4435552495,1467.7155219054257,0.009977012000000104,6,0.064423614997202,take_profit
2021-05-04 01:00:00+00:00,2021-05-04 01:00:00+00:00,3260.74,3260.74,3299.86888,3.2537601281974227,10620.286086504968,10726.244808233461,105.9587217284934,0.009977012000000028,1,0.003444003508405934,take_profit
2021-05-04 02:00:00+00:00,2021-05-04 02:00:00+00:00,3282.13,3252.323344599853,3291.3512247350513,21.637837178296028,70443.68666829108,71146.50417550486,702.8175072137819,0.009977012000000026,3,0.019901710169920192,take_profit
2021-05-04 03:00:00+00:00,2021-05-04 03:00:00+00:00,3225.57,3196.276994098633,3234.632318027817,22.0900695182233,70676.65765679341,71381.79951835512,705.1418615617149,0.009977011999999931,3,0.013938621700970691,take_profit
2021-05-04 04:00:00+00:00,2021-05-04 04:00:00+00:00,3232.4,3232.4,3271.1888,3.3056818491025672,10695.981991030169,10802.69593170646,106.7139406762908,0.0099770119999999,1,0.004114589778492817,take_profit
2021-05-04 05:00:00+00:00,2021-05-04 05:00:00+00:00,3348.26,3348.26,3388.4391200000005,3.1928871623995505,10701.317688063984,10808.084863053611,106.76717498962716,0.00997701200000005,1,0.004121543727189699,take_profit
2021-05-04 06:00:00+00:00,2021-05-04 06:00:00+00:00,3379.02,3363.3885295594614,3403.749191914175,10.34125035748812,34816.45929297119,35163.82352513468,347.36423216349067,0.009977012000000162,2,0.01179927908091692,take_profit
2021-05-04 07:00:00+00:00,2021-05-04 07:00:00+00:00,3352.45,3336.941443353876,3376.9847406741223,10.440118832559936,34872.93814405259,35220.865866391054,347.92772233846335,0.009977011999999797,2,0.012644483884919946,take_profit
2021-05-04 08:00:00+00:00,2021-05-04 08:00:00+00:00,3314.0,3298.669314463973,3338.253346237541,10.578380485986441,34929.50861446243,35278.00074106302,348.4921266005913,0.009977011999999893,2,0.011255280627640368,take_profit
2021-05-04 09:00:00+00:00,2021-05-04 09:00:00+00:00,3304.07,3304.07,3343.71884,3.2529838670541857,10758.845250868591,10866.18637904265,107.34112817405912,0.009977012000000016,1,4.5398553904757146e-05,take_profit
2021-05-04 10:00:00+00:00,2021-05-04 10:00:00+00:00,3336.99,3336.99,3377.03388,3.2224993467076675,10764.212307277296,10871.60698263755,107.39467536025404,0.009977012000000072,1,0.00033563181190231044,take_profit
2021-05-04 11:00:00+00:00,2021-05-04 11:00:00+00:00,3435.7,3404.4986990282873,3445.352683416627,20.95079133917754,71398.3401980411,72110.68229497703,712.3420969359286,0.009977011999999862,3,0.015545594784177856,take_profit
2021-05-04 12:00:00+00:00,2021-05-04 12:00:00+00:00,3480.01,3448.4062978739216,3489.787173448409,20.752436853906893,71634.46841165505,72349.16636261177,714.6979509567172,0.009977012000000195,3,0.019255691793989158,take_profit
2021-05-04 13:00:00+00:00,2021-05-04 13:00:00+00:00,3484.27,3468.1516391995738,3509.7694588699687,10.15464777706405,35253.11144496396,35604.832160887694,351.72071592373686,0.009977011999999834,2,0.00983563271503069,take_profit
2021-05-04 14:00:00+00:00,2021-05-04 14:00:00+00:00,3479.98,3428.6538240726372,3469.7976699615087,38.786154051692186,133117.41282322805,134445.52684837434,1328.114025146293,0.009977011999999947,5,0.040339312294898275,take_profit
2021-05-04 15:00:00+00:00,2021-05-04 15:00:00+00:00,3370.61,3320.896920659736,3360.747683707653,40.28958718993381,133931.49753123437,135267.73368928145,1336.2361580470752,0.009977011999999846,5,0.04665624323193731,take_profit
2021-05-04 16:00:00+00:00,2021-05-04 16:00:00+00:00,3228.36,3184.6884627069744,3222.904724259458,38.38752368944171,122374.67848413982,123595.61211987221,1220.9336357323918,0.009977011999999895,4,0.02117483799824063,take_profit
2021-05-04 17:00:00+00:00,2021-05-04 17:00:00+00:00,3266.6,3266.6,3305.7992,3.3801908669296,11052.784270182414,11163.058031479433,110.27376129701952,0.00997701199999985,1,0.002715361537990538,take_profit
2021-05-04 18:00:00+00:00,2021-05-04 18:00:00+00:00,3335.22,3319.7911499657607,3359.62864376535,10.821158658589882,35959.94669385591,36318.719513539865,358.77281968395255,0.009977011999999771,2,0.0075467285516396575,take_profit
2021-05-04 19:00:00+00:00,2021-05-04 19:00:00+00:00,3381.23,3365.5883060184124,3405.975365690633,10.691225112685089,36018.28049676008,36377.63531349562,359.3548167355402,0.009977011999999971,2,0.008700975680447668,take_profit
2021-05-04 20:00:00+00:00,2021-05-04 20:00:00+00:00,3412.91,3366.741968447527,3407.1428720688973,36.650257331127,123515.47498609303,124747.79036221498,1232.3153761219437,0.009977011999999948,4,0.0213688611771186,take_profit
2021-05-04 21:00:00+00:00,2021-05-04 21:00:00+00:00,3402.89,3356.857513679062,3397.1398038432108,36.96232619624519,124201.4638788009,125440.62337433726,1239.1594955363544,0.00997701199999993,4,0.023418329713860882,take_profit
2021-05-04 22:00:00+00:00,2021-05-04 22:00:00+00:00,3332.8,3287.7156539263915,3327.1682417735083,37.949258553725954,124891.26266464948,126137.30429094985,1246.0416263003717,0.009977012000000096,4,0.02475996159385501,take_profit
2021-05-04 23:00:00+00:00,2021-05-04 23:00:00+00:00,3311.82,3262.9740135403763,3302.129701702861,42.33780018077708,138285.42720754823,139665.10257422304,1379.6753666748118,0.00997701199999983,5,0.028790815925986424,take_profit
2021-05-05 00:00:00+00:00,2021-05-05 00:00:00+00:00,3239.01,3224.0262209541197,3262.7145356055694,11.43556738282581,36905.47456828638,37273.680930919865,368.2063626334857,0.009977011999999936,2,0.011972794156239159,take_profit
2021-05-05 01:00:00+00:00,2021-05-05 01:00:00+00:00,3310.46,3310.46,3350.18552,3.4303712406070925,11367.474251431588,11480.887678447813,113.41342701622489,0.00997701200000008,1,0.0002054095201270628,take_profit
2021-05-05 02:00:00+00:00,2021-05-05 08:00:00+00:00,3369.51,3319.8131445442195,3359.6509022787504,41.95624868171274,139426.33220151754,140817.39039100808,1391.058189490548,0.009977012000000153,5,0.043481099625761674,take_profit
2021-05-05 09:00:00+00:00,2021-05-05 09:00:00+00:00,3352.29,3336.782183519744,3376.823569721981,11.140298087620105,37209.95813600585,37581.202334848276,371.24419884242525,0.009977011999999926,2,0.008814869835247005,take_profit
2021-05-05 10:00:00+00:00,2021-05-05 10:00:00+00:00,3377.59,3361.9651447919045,3402.3087265294075,11.074787444113266,37270.319692780606,37642.166119599315,371.846426818709,0.009977012000000016,2,0.007682992903223977,take_profit
2021-05-05 11:00:00+00:00,2021-05-05 14:00:00+00:00,3381.53,3331.6558617337873,3371.635732074593,42.199362038283695,140734.4863826568,142138.5960421104,1404.1096594536211,0.009977012000000127,5,0.029542840075350532,take_profit
2021-05-05 15:00:00+00:00,2021-05-05 15:00:00+00:00,3341.13,3310.787536247165,3350.516986682131,23.10508671425136,76572.60572317653,77336.57152934794,763.9658061714144,0.009977012000000177,3,0.013426595193841642,take_profit
2021-05-05 16:00:00+00:00,2021-05-05 16:00:00+00:00,3305.79,3290.4972942250624,3329.983261755763,11.440705012019555,37683.29217825571,38059.25883651767,375.96665826196113,0.009977011999999941,2,0.007613913769477212,take_profit
2021-05-05 17:00:00+00:00,2021-05-05 19:00:00+00:00,3451.88,3420.5317603986864,3461.5781415234705,22.474143536118,76950.47222527573,77718.20801007298,767.7357847972453,0.009977012000000033,3,0.01646059538570291,take_profit
2021-05-05 20:00:00+00:00,2021-05-05 22:00:00+00:00,3480.5,3448.891847940145,3490.2785501154267,22.363054818390644,77204.96242060667,77975.23725713661,770.2748365299485,0.009977012000000087,3,0.019609251544318345,take_profit
2021-05-05 23:00:00+00:00,2021-05-05 23:00:00+00:00,3521.03,3504.741586091456,3546.7984851245537,10.83004132636518,37994.49070630742,38373.562196018145,379.07148971072456,0.009977012000000183,2,0.007651170254158599,take_profit
2021-05-06 00:00:00+00:00,2021-05-06 00:00:00+00:00,3524.33,3476.6547379387894,3518.3745947940547,37.4388886925303,130292.38213818663,131592.3107982879,1299.9286601012573,0.009977011999999874,4,0.02131185218183318,take_profit
2021-05-06 01:00:00+00:00,2021-05-06 02:00:00+00:00,3475.64,3459.561561896066,3501.076300638819,11.050306672092566,38267.4836936287,38649.27883764984,381.79514402114,0.009977012000000056,2,0.010205314704629882,take_profit
2021-05-06 03:00:00+00:00,2021-05-06 04:00:00+00:00,3484.62,3452.974432170431,3494.4101253564763,22.608121741227727,78143.4097415974,78923.04747831021,779.6377367128152,0.00997701199999976,3,0.01518673485200684,take_profit
2021-05-06 05:00:00+00:00,2021-05-06 06:00:00+00:00,3440.36,3409.116379249923,3450.025775800922,22.974705071699848,78401.84521358181,79184.06136409986,782.2161505180557,0.009977012000000094,3,0.016963341045704555,take_profit
2021-05-06 07:00:00+00:00,2021-05-06 07:00:00+00:00,3393.0,3393.0,3433.716,3.493434238842922,11865.087459853889,11983.465579821901,118.37811996801247,0.00997701200000006,1,0.004871794871794931,take_profit
2021-05-06 08:00:00+00:00,2021-05-06 10:00:00+00:00,3439.14,3439.14,3480.4096799999998,3.4482851409033763,11871.00636585229,11989.443538816475,118.43717296418436,0.009977011999999971,1,0.005795053414516372,take_profit
2021-05-06 11:00:00+00:00,2021-05-06 12:00:00+00:00,3483.93,3483.93,3525.7371599999997,3.4056514615035316,11876.9282245005,11995.424479919478,118.49625541897876,0.00997701199999988,1,0.004552330270699949,take_profit
2021-05-06 13:00:00+00:00,2021-05-06 15:00:00+00:00,3492.12,3475.965324811686,3517.6769087094262,11.105587302995135,38641.277654534555,39026.80214538918,385.52449085462285,0.009977011999999993,2,0.009197851162044801,take_profit
2021-05-06 16:00:00+00:00,2021-05-06 16:00:00+00:00,3551.26,3551.26,3593.87512,3.348171390591611,11902.12926181418,12020.876948284851,118.7476864706714,0.009977012000000016,1,0.006558235668467084,take_profit
2021-05-06 17:00:00+00:00,2021-05-06 17:00:00+00:00,3538.72,3538.72,3581.18464,3.3617123082616245,11908.066646137713,12026.873569963029,118.80692382531561,0.00997701199999999,1,0.00020346339919513268,take_profit
2021-05-06 18:00:00+00:00,2021-05-06 18:00:00+00:00,3543.44,3491.177853427878,3533.0719876690123,41.79415938142129,146056.90053558856,147514.11198491493,1457.2114493263653,0.009977011999999943,5,0.040423994762152096,take_profit
2021-05-06 19:00:00+00:00,2021-05-06 19:00:00+00:00,3457.15,3425.7539009068446,3466.862947717727,23.17417601440193,79468.49237401325,80261.35047605069,792.8581020374404,0.009977012000000021,3,0.014338400127272511,take_profit
2021-05-06 20:00:00+00:00,2021-05-06 21:00:00+00:00,3482.06,3450.43768080404,3491.8429329736887,23.084485566934827,79731.31015228122,80526.79039044626,795.480238165037,0.009977012000000068,3,0.01364422209841294,take_profit
2021-05-06 22:00:00+00:00,2021-05-07 00:00:00+00:00,3516.99,3485.0504640962536,3526.871069665409,22.930801991620783,79994.99712011742,80793.1081663248,798.1110462073848,0.009977012000000098,3,0.01677286543322551,take_profit
2021-05-07 01:00:00+00:00,2021-05-07 12:00:00+00:00,3493.79,3442.260140577457,3483.5672622643865,43.07184910288156,148412.92227008616,149893.6397765299,1480.7175064437324,0.009977012000000104,5,0.04023138196628874,take_profit
2021-05-07 13:00:00+00:00,2021-05-07 15:00:00+00:00,3493.47,3493.47,3535.39164,3.4830829185676535,12180.225909437979,12301.748169499151,121.52226006117235,0.009977011999999895,1,0.00614575193146064,take_profit
2021-05-07 16:00:00+00:00,2021-05-07 16:00:00+00:00,3560.93,3544.457007228182,3586.9904913149203,11.169107332764822,39628.04879890085,40023.418317304066,395.36951840321854,0.00997701199999998,2,0.0081158573743375,take_profit
2021-05-07 17:00:00+00:00,2021-05-08 01:00:00+00:00,3546.62,3494.3109516527384,3536.2426830725713,42.780321345679006,149637.38277620578,151130.31673981255,1492.9339636067743,0.009977011999999839,5,0.035388623534520124,take_profit
2021-05-08 02:00:00+00:00,2021-05-08 04:00:00+00:00,3528.25,3528.25,3570.589,3.477201581334939,12280.71719654154,12403.24205938004,122.52486283849976,0.009977011999999874,1,0.00521221568766382,take_profit
2021-05-08 05:00:00+00:00,2021-05-08 08:00:00+00:00,3562.84,3530.4840774357317,3572.8498863649606,23.049463562551615,81457.22132234591,82269.9209969656,812.6996746196819,0.009977011999999764,3,0.01589181664065755,take_profit
2021-05-08 09:00:00+00:00,2021-05-08 13:00:00+00:00,3556.13,3539.679212204215,3582.155362750666,11.313750203190374,40087.13353984402,40487.08335221665,399.9498123726298,0.009977012000000089,2,0.009307871197059699,take_profit
2021-05-08 14:00:00+00:00,2021-05-08 15:00:00+00:00,3644.12,3627.2621672373125,3670.7893132441604,11.05848113671888,40152.162416744606,40552.76102300242,400.59860625781585,0.009977012000000148,2,0.010685707386145367,take_profit
2021-05-08 16:00:00+00:00,2021-05-08 16:00:00+00:00,3632.01,3632.01,3675.59412,3.401735771240064,12367.505844345973,12490.896598565081,123.3907542191082,0.009977011999999862,1,7.158570598655242e-05,take_profit
2021-05-08 17:00:00+00:00,2021-05-08 17:00:00+00:00,3780.8,3780.8,3826.1696,3.269493680352007,12373.675382056927,12497.127689827812,123.45230777088545,0.009977011999999912,1,0.0053560093101989,take_profit
2021-05-08 18:00:00+00:00,2021-05-08 20:00:00+00:00,3833.74,3798.9238997621183,3844.5109865592635,21.58288385092829,82073.80709417551,82892.65845243979,818.8513582642772,0.009977012000000037,3,0.015467924272381469,take_profit
2021-05-08 21:00:00+00:00,2021-05-08 21:00:00+00:00,3845.28,3845.2799999999997,3891.42336,3.2269092952381433,12420.790565358686,12544.712941878755,123.92237652006952,0.00997701199999993,1,0.0019530437315358616,take_profit
2021-05-08 22:00:00+00:00,2021-05-08 22:00:00+00:00,3899.99,3864.572250552531,3910.947117559161,21.297035602734017,82386.31912848366,83208.28842306437,821.9692945807037,0.00997701199999991,3,0.016056451426798502,take_profit
2021-05-08 23:00:00+00:00,2021-05-08 23:00:00+00:00,3875.79,3857.860453321159,3904.154778761013,10.499037459971404,40544.36578054166,40948.877404466504,404.5116239248455,0.009977011999999803,2,0.008929792377812041,take_profit
2021-05-09 00:00:00+00:00,2021-05-09 00:00:00+00:00,3910.26,3857.364082129804,3903.6524511153616,36.00839501925839,139036.5261285576,140423.6952181805,1387.169089622912,0.009977011999999851,4,0.021292701764077125,take_profit
2021-05-09 01:00:00+00:00,2021-05-09 01:00:00+00:00,3835.21,3835.21,3881.23252,3.2710364009810475,12557.669184591114,12682.95720073781,125.28801614669646,0.009977012000000056,1,0.005264379264759962,take_profit
2021-05-09 02:00:00+00:00,2021-05-09 03:00:00+00:00,3883.56,3865.5945090162063,3911.9816431244008,10.558581493823795,40856.05069622162,41263.67200429043,407.6213080688103,0.009977011999999973,2,0.007683671682682937,take_profit
2021-05-09 04:00:00+00:00,2021-05-09 04:00:00+00:00,3870.09,3852.1868217301985,3898.413063590961,10.612518672246857,40922.326901496504,41330.609448060655,408.28254656415083,0.009977011999999936,2,0.012945435377471936,take_profit
2021-05-09 05:00:00+00:00,2021-05-09 06:00:00+00:00,3897.23,3897.23,3943.99676,3.23104462640182,12604.728778130095,12730.486308406245,125.75753027615065,0.009977012000000108,1,0.005175470783094678,take_profit
2021-05-09 07:00:00+00:00,2021-05-09 16:00:00+00:00,3962.01,3884.4043298837064,3931.017181842311,45.238449282235244,175900.32859773678,177655.28828696033,1754.9596892235568,0.009977011999999964,6,0.059548057677794926,take_profit
2021-05-09 17:00:00+00:00,2021-05-09 21:00:00+00:00,3925.56,3872.4571118660833,3918.9265972084763,36.47250208046688,141379.57964870322,142790.12541141326,1410.5457627100404,0.009977011999999806,4,0.021492474958986717,take_profit
2021-05-09 22:00:00+00:00,2021-05-10 01:00:00+00:00,3905.0,3886.935326789926,3933.578550711405,10.672243880397271,41523.845600434186,41938.12950627587,414.28390584168665,0.009977012000000183,2,0.009649167733674734,take_profit
2021-05-10 02:00:00+00:00,2021-05-10 02:00:00+00:00,3928.23,3928.23,3975.36876,3.252664970332729,12790.006122532668,12917.61216709725,127.60604456458168,0.009977011999999983,1,2.545675787878581e-06,take_profit
2021-05-10 03:00:00+00:00,2021-05-10 03:00:00+00:00,3974.53,3974.53,4022.22436,3.2163777951949375,12796.386424760896,12924.056125677373,127.66970091647636,0.009977011999999985,1,0.00015347726649443514,take_profit
2021-05-10 04:00:00+00:00,2021-05-10 05:00:00+00:00,4054.57,4054.57,4103.22484,3.154457103933811,12802.76990980672,12930.503298830099,127.73338902337855,0.009977011999999843,1,0.006276867830620823,take_profit
2021-05-10 06:00:00+00:00,2021-05-10 08:00:00+00:00,4127.83,4090.3431221614046,4139.427239627342,20.740324586656374,84919.9639884134,85767.21148816537,847.2474997519748,0.009977012000000077,3,0.01809183033215996,take_profit
2021-05-10 09:00:00+00:00,2021-05-10 13:00:00+00:00,4164.63,4103.205930881104,4152.444402051678,38.358433694027795,157550.10273537983,159121.9820009719,1571.8792655920843,0.00997701199999979,5,0.04457298727618062,take_profit
2021-05-10 14:00:00+00:00,2021-05-10 14:00:00+00:00,4122.8,4067.0289540349636,4115.833301483383,35.360284747572315,143955.25714844596,145391.5004764791,1436.2433280331315,0.009977012000000002,4,0.02068982245076166,take_profit
2021-05-10 15:00:00+00:00,2021-05-10 15:00:00+00:00,4038.18,4038.18,4086.63816,3.216529020212774,13001.925083926746,13131.645446512184,129.72036258543812,0.009977011999999999,1,0.003031068451629145,take_profit
2021-05-10 16:00:00+00:00,2021-05-10 16:00:00+00:00,4155.88,4155.88,4205.75056,3.1269918022065033,13008.41110205602,13138.196175722165,129.78507366614576,0.009977011999999971,1,0.00574366921085303,take_profit
2021-05-10 17:00:00+00:00,2021-05-10 17:00:00+00:00,4133.47,4133.47,4183.07164,3.145513444003122,13014.900355739326,13144.75017276734,129.8498170280145,0.009977011999999922,1,0.0032587632183130044,take_profit
2021-05-10 18:00:00+00:00,2021-05-10 19:00:00+00:00,4140.41,4079.3431513194287,4128.295269135262,39.09281280752673,159632.63082301963,161225.28749633246,1592.6566733128275,0.009977011999999941,5,0.041495890503597456,take_profit
2021-05-10 20:00:00+00:00,2021-05-10 20:00:00+00:00,3990.18,3871.3147251654714,3917.770501867457,56.67128916710116,219612.0082549641,221803.079896668,2191.071641703893,0.009977012000000077,8,0.08525429930479322,take_profit
2021-05-10 21:00:00+00:00,2021-05-10 21:00:00+00:00,3903.38,3885.3228209693375,3931.9466948209697,11.0456427352762,42958.84663828108,43387.44756669737,428.6009284162865,0.009977011999999919,2,0.009668543672407052,take_profit
2021-05-10 22:00:00+00:00,2021-05-10 22:00:00+00:00,4013.67,3995.102615384614,4043.0438467692297,10.759549773493656,43028.533974419865,43457.830174225055,429.29619980519055,0.009977011999999903,2,0.009771605538073696,take_profit
2021-05-10 23:00:00+00:00,2021-05-10 23:00:00+00:00,4030.81,3971.3596401732843,4019.0159558553637,40.871467768978256,162477.77530767114,164098.8180216491,1621.0427139779495,0.009977012000000066,5,0.03642444074516044,take_profit
2021-05-11 00:00:00+00:00,2021-05-11 00:00:00+00:00,3946.63,3893.2420881107523,3939.9609931680816,38.09402666229519,148457.72563289368,149938.8901430258,1481.1645101321337,0.00997701200000031,4,0.024484180173971238,take_profit
2021-05-11 01:00:00+00:00,2021-05-11 01:00:00+00:00,3856.28,3838.440707296659,3884.501995784219,11.348130885228617,43602.73027186386,44037.75523501901,435.0249631551487,0.009977011999999993,2,0.013297789579594894,take_profit
2021-05-11 02:00:00+00:00,2021-05-11 02:00:00+00:00,3901.5,3848.7225827513853,3894.907253744402,38.811547682001304,149524.40443969026,151016.21121707794,1491.8067773876828,0.009977012000000266,4,0.023452518262206845,take_profit
2021-05-11 03:00:00+00:00,2021-05-11 03:00:00+00:00,3819.6,3801.9303903218447,3847.553555005707,11.539428215963332,43916.01884004842,44354.16948700782,438.15064695940237,0.0099770120000003,2,0.012556288616609079,take_profit
2021-05-11 04:00:00+00:00,2021-05-11 04:00:00+00:00,3855.53,3855.53,3901.7963600000003,3.504915476143077,13526.833599333251,13661.790980475804,134.95738114255255,0.009977012000000111,1,0.006012143596340915,take_profit
2021-05-11 05:00:00+00:00,2021-05-11 05:00:00+00:00,3907.36,3871.875319915933,3918.337823754924,23.149740799787835,89722.6326978473,90617.79648094531,895.163783098018,0.009977012000000035,3,0.016671102739445644,take_profit
2021-05-11 06:00:00+00:00,2021-05-11 06:00:00+00:00,3876.91,3876.91,3923.4329199999997,3.498858967035019,13578.33965754528,13713.810915248685,135.47125770340426,0.009977011999999934,1,0.0015244099037635267,take_profit
2021-05-11 07:00:00+00:00,2021-05-11 09:00:00+00:00,3943.26,3925.0183346267977,3972.1185546423194,11.243921695485941,44176.77558347382,44617.527803591445,440.75222011762526,0.009977011999999999,2,0.010567398548409202,take_profit
2021-05-11 10:00:00+00:00,2021-05-11 10:00:00+00:00,4013.69,4013.69,4061.85428,3.3867946155794026,13607.15083143633,13742.909538567379,135.75870713104996,0.00997701199999998,1,0.002663384566321777,take_profit
2021-05-11 11:00:00+00:00,2021-05-11 11:00:00+00:00,4039.4,4002.716198985612,4050.7487933734396,22.525982850175417,90255.37182429351,91155.85075204897,900.4789277554519,0.009977012000000151,3,0.01930484725454276,take_profit
2021-05-11 12:00:00+00:00,2021-05-11 13:00:00+00:00,3972.16,3936.0868388777253,3983.319880944258,22.983057476239203,90553.86391330874,91457.32090021818,903.4569869094412,0.009977011999999922,3,0.019734854587931977,take_profit
2021-05-11 14:00:00+00:00,2021-05-11 14:00:00+00:00,3975.96,3957.5670632275737,4005.0578679863047,11.249147285988103,44563.818607029396,45008.43236003755,444.61375300815416,0.00997701199999997,2,0.008116278835803173,take_profit
2021-05-11 15:00:00+00:00,2021-05-11 15:00:00+00:00,3978.86,3978.86,4026.6063200000003,3.4463740578774713,13726.366250176534,13863.31437097094,136.94812079440635,0.009977012000000006,1,0.0041192703437668895,take_profit
2021-05-11 16:00:00+00:00,2021-05-11 16:00:00+00:00,4021.0,4002.3987065357987,4050.4274910142285,11.146745028357929,44658.37625984396,45103.93341568894,445.557155844981,0.009977012000000061,2,0.007709524993782641,take_profit
2021-05-11 17:00:00+00:00,2021-05-11 18:00:00+00:00,4012.35,4012.35,4060.4982,3.424859751141973,13755.491514008503,13892.730217909666,137.2387039011628,0.00997701200000013,1,0.001791967300958305,take_profit
2021-05-11 19:00:00+00:00,2021-05-11 20:00:00+00:00,4055.99,4055.99,4104.66188,3.389700442001671,13762.353449203561,13899.660614714505,137.30716551094338,0.009977011999999858,1,0.0058037618435942805,take_profit
2021-05-11 21:00:00+00:00,2021-05-11 23:00:00+00:00,4134.79,4115.66230982272,4165.050257540593,10.868404852171505,44775.45967765428,45222.184976163764,446.72529850948195,0.009977012000000202,2,0.0132509752611378,take_profit
2021-05-12 00:00:00+00:00,2021-05-12 02:00:00+00:00,4173.46,4173.46,4223.54152,3.3012808358848957,13791.555072404582,13929.153582860621,137.59851045603864,0.009977011999999801,1,0.006431114710575912,take_profit
2021-05-12 03:00:00+00:00,2021-05-12 03:00:00+00:00,4268.51,4268.51,4319.732120000001,3.2293790017897246,13798.434997927385,13936.10214948293,137.66715155554448,0.009977012000000217,1,0.005236019126112007,take_profit
2021-05-12 04:00:00+00:00,2021-05-12 04:00:00+00:00,4332.12,4292.777863036477,4344.291197392915,21.299174191099702,91524.1476161268,92437.28513518267,913.1375190558756,0.009977012000000078,3,0.013566106202044155,take_profit
2021-05-12 05:00:00+00:00,2021-05-12 06:00:00+00:00,4300.8,4300.8,4352.4096,3.2173372991598064,13850.975231457955,13989.166577553913,138.19134609595858,0.009977011999999985,1,0.00438523065476204,take_profit
2021-05-12 07:00:00+00:00,2021-05-12 08:00:00+00:00,4294.47,4236.3766935661515,4287.213213888946,36.382545145921235,154284.4507595586,155823.7485762001,1539.2978166415123,0.009977011999999917,4,0.026655210072488632,take_profit
2021-05-12 09:00:00+00:00,2021-05-12 12:00:00+00:00,4308.55,4250.266226813656,4301.26942153542,36.465053468850996,155141.32654415572,156689.1734207827,1547.8468766269798,0.009977012000000127,4,0.02055215791855733,take_profit
2021-05-12 13:00:00+00:00,2021-05-12 13:00:00+00:00,4291.01,4252.041203398835,4303.065697839621,21.825536147956463,92895.9749623439,93822.79921929492,926.8242569510185,0.00997701200000015,3,0.014355594603601567,take_profit
2021-05-12 14:00:00+00:00,2021-05-12 14:00:00+00:00,4308.98,4308.98,4360.68776,3.2593617661319976,14058.583246273727,14198.8459000248,140.26265375107323,0.009977012000000092,1,0.005439802459050541,take_profit
2021-05-12 15:00:00+00:00,2021-05-12 15:00:00+00:00,4317.14,4253.466563042588,4304.508161799099,40.49905090353334,172433.79264578453,174154.16666421707,1720.3740184325434,0.009977012000000228,5,0.04425151836632584,take_profit
2021-05-12 16:00:00+00:00,2021-05-12 16:00:00+00:00,4188.94,4127.15738303405,4176.683271630459,41.99375352047147,173488.31820152747,175219.21323408396,1730.8950325564947,0.009977012000000212,5,0.0294227179190916,take_profit
2021-05-12 17:00:00+00:00,2021-05-12 17:00:00+00:00,4145.66,4126.482024804078,4175.999809101727,11.209084578731897,46300.38641506082,46762.32592592852,461.9395108676981,0.009977011999999985,2,0.009219279921653067,take_profit
2021-05-12 18:00:00+00:00,2021-05-12 18:00:00+00:00,4144.11,4082.9885800716256,4131.984443032486,42.776904390197394,174832.44456055228,176576.74995792226,1744.3053973699862,0.009977012000000122,5,0.04426040814553659,take_profit
2021-05-12 19:00:00+00:00,2021-05-12 19:00:00+00:00,4012.14,3975.7037606075487,4023.4122057348395,23.902668882687685,95125.05562107955,96074.11944251173,949.0638214321807,0.009977012000000028,3,0.01967528550848177,take_profit
2021-05-12 20:00:00+00:00,2021-05-12 21:00:00+00:00,4084.45,4065.555184508864,4114.34184672297,11.503128282159977,46813.41624184789,47280.4742574538,467.058015605915,0.009977012000000078,2,0.012550037336728267,take_profit
2021-05-12 22:00:00+00:00,2021-05-12 22:00:00+00:00,4124.67,4063.835300357383,4112.601323961671,43.45473836438489,176769.66940238394,178533.30251524755,1763.6331128636084,0.00997701199999995,5,0.04234763023466121,take_profit
2021-05-12 23:00:00+00:00,2021-05-12 23:00:00+00:00,4233.85,4107.725929442238,4157.018640595546,59.14338684826806,243188.0117233871,245614.30143460754,2426.2897112204228,0.009977012000000202,8,0.12571772736398323,take_profit
2021-05-13 00:00:00+00:00,2021-05-13 00:00:00+00:00,3810.15,3696.6477201753346,3741.0074928174386,66.2698744629489,245221.6019517174,247668.18081704894,2446.5788653315394,0.009977012000000129,8,0.08140099471149433,take_profit
2021-05-13 01:00:00+00:00,2021-05-13 01:00:00+00:00,3896.36,3896.36,3943.11632,3.782081776322532,14751.103253245306,14898.275187416173,147.17193417086673,0.00997701199999995,1,0.002266217700623127,take_profit
2021-05-13 02:00:00+00:00,2021-05-13 02:00:00+00:00,3999.03,3980.530340561516,4028.296704648254,12.044711398681809,47992.33149725733,48471.15156451344,478.82006725611427,0.009977011999999999,2,0.00975236494850001,take_profit
2021-05-13 03:00:00+00:00,2021-05-13 03:00:00+00:00,3983.36,3924.6094795538993,3971.704793308546,46.12945279975918,181221.30905362268,183029.35622870637,1808.0471750836878,0.00997701199999992,5,0.03099393476863754,take_profit
2021-05-13 04:00:00+00:00,2021-05-13 04:00:00+00:00,3940.82,3905.031453009476,3951.8918304455897,25.224531506303883,98601.19010965482,99584.93536659311,983.7452569382876,0.0099770119999998,3,0.014014849701331199,take_profit
2021-05-13 05:00:00+00:00,2021-05-13 05:00:00+00:00,3902.11,3902.11,3948.93532,3.8202589067050496,14921.992474917759,15070.869372903924,148.8768979861652,0.009977012000000068,1,0.0002844614836588736,take_profit
2021-05-13 06:00:00+00:00,2021-05-13 07:00:00+00:00,3987.99,3969.54141200639,4017.1759089504667,12.217977291246768,48548.31514370142,49032.68226646989,484.3671227684754,0.009977011999999683,2,0.011030619434853093,take_profit
2021-05-13 08:00:00+00:00,2021-05-13 08:00:00+00:00,3968.0,3909.476023977213,3956.3897362649395,46.8444895666904,183320.72954597278,185149.72266450172,1828.993118528946,0.009977012000000115,5,0.039818548387096774,take_profit
2021-05-13 09:00:00+00:00,2021-05-13 09:00:00+00:00,3829.06,3772.5852480771646,3817.8562710540905,48.84114755166143,184441.8345871452,186282.01298412314,1840.17839697795,0.009977011999999931,5,0.04772973001206556,take_profit
2021-05-13 10:00:00+00:00,2021-05-13 10:00:00+00:00,3725.28,3670.335897833124,3714.3799286071217,50.50879024543606,185569.79578973725,187421.227869169,1851.4320794317464,0.009977011999999938,5,0.033629686896018605,take_profit
2021-05-13 11:00:00+00:00,2021-05-13 11:00:00+00:00,3637.12,3620.2945494940273,3663.7380840879555,13.666057704931646,49524.67890113603,50018.78721682881,494.108315692778,0.00997701199999994,2,0.011300149568889646,take_profit
2021-05-13 12:00:00+00:00,2021-05-13 12:00:00+00:00,3744.46,3727.1379907174924,3771.8636466061025,13.295835131237844,49605.017253206075,50099.92710560152,494.90985239544534,0.009977012000000026,2,0.011873541178167222,take_profit
2021-05-13 13:00:00+00:00,2021-05-13 13:00:00+00:00,3807.84,3773.2591105474507,3818.5382198740203,26.818650190974466,101295.01117685638,102305.63271890803,1010.6215420516528,0.009977012000000222,3,0.015171330728181852,take_profit
2021-05-13 14:00:00+00:00,2021-05-13 15:00:00+00:00,3856.89,3800.004783799767,3845.6048412053647,49.40584038332736,187930.36016445613,189805.34362298125,1874.9834585251228,0.009977012000000118,5,0.0341959454379046,take_profit
2021-05-13 16:00:00+00:00,2021-05-13 16:00:00+00:00,3747.01,3712.98153804057,3757.5373164970565,27.511390297816348,102251.53579741798,103271.70059708724,1020.1647996692627,0.009977011999999941,3,0.01989853242985751,take_profit
2021-05-13 17:00:00+00:00,2021-05-13 17:00:00+00:00,3693.39,3638.9162429932458,3682.583237909165,52.080141774383996,189704.97881901605,191597.66766915307,1892.6888501370267,0.009977011999999778,5,0.041122112747367504,take_profit
2021-05-13 18:00:00+00:00,2021-05-13 18:00:00+00:00,3699.4,3644.83760158803,3688.5756528070865,52.31351371443902,190865.12698456302,192769.39064686952,1904.2636623065046,0.009977011999999976,5,0.03497053576255606,take_profit
2021-05-13 19:00:00+00:00,2021-05-13 19:00:00+00:00,3585.69,3585.69,3628.71828,4.364183074348752,15664.271879741316,15820.554508256759,156.2826285154424,0.009977012000000047,1,0.0005800836101280164,take_profit
2021-05-13 20:00:00+00:00,2021-05-13 20:00:00+00:00,3650.3,3633.41357833067,3677.0145412706383,14.0122607895544,50963.301917795194,51471.76339258866,508.46147479346837,0.009977012000000052,2,0.011026490973344657,take_profit
2021-05-13 21:00:00+00:00,2021-05-13 21:00:00+00:00,3715.26,3698.073070988359,3742.4499478402195,13.789594481863233,51045.973987215315,51555.26028223745,509.2862950221315,0.009977011999999931,2,0.007253866485791108,take_profit
2021-05-13 22:00:00+00:00,2021-05-13 22:00:00+00:00,3753.39,3702.616136069005,3747.047529701833,47.22986351248798,175049.10384952422,176795.5708592202,1746.4670096959744,0.009977012000000143,4,0.02452449652181088,take_profit
2021-05-13 23:00:00+00:00,2021-05-13 23:00:00+00:00,3663.51,3630.2398430820867,3673.802721199072,28.844263713246647,104816.41178798281,105862.16638618847,1045.7545982056618,0.009977012000000151,3,0.01487917325188145,take_profit
2021-05-14 00:00:00+00:00,2021-05-14 00:00:00+00:00,3717.92,3700.7207657308068,3745.1294149195764,13.924636632703027,51582.77471661661,52097.41667895759,514.641962340982,0.009977012000000028,2,0.007146468993415717,take_profit
2021-05-14 01:00:00+00:00,2021-05-14 01:00:00+00:00,3822.54,3822.54,3868.41048,4.152324962352735,15888.316578169995,16046.834503330198,158.51792516020214,0.009977012000000073,1,0.005132712803528516,take_profit
2021-05-14 02:00:00+00:00,2021-05-14 02:00:00+00:00,3867.96,3815.636294035383,3861.4239295638076,46.335964548156596,176978.1662152984,178743.87950336645,1765.7132880680438,0.009977012000000096,4,0.023516272143455474,take_profit
2021-05-14 03:00:00+00:00,2021-05-14 04:00:00+00:00,3789.97,3772.43745978848,3817.706709305942,13.76493014538119,51979.31742923692,52497.91570298023,518.5982737433078,0.009977012000000037,2,0.009723032108433553,take_profit
2021-05-14 05:00:00+00:00,2021-05-14 05:00:00+00:00,3797.57,3797.57,3843.14084,4.211758465141143,16010.45805251857,16170.194584634044,159.7365321154739,0.009977011999999967,1,0.0056588818639288375,take_profit
2021-05-14 06:00:00+00:00,2021-05-14 06:00:00+00:00,3846.52,3811.587838224027,3857.3268922827156,27.833586667091534,106196.35679123175,107255.87911729416,1059.5223260624043,0.009977012000000033,3,0.016630616765283893,take_profit
2021-05-14 07:00:00+00:00,2021-05-14 07:00:00+00:00,3809.08,3809.0799999999995,3854.7889599999994,4.215020313154893,16071.420995427467,16231.765755555896,160.3447601284297,0.00997701199999987,1,1.050122339251568e-05,take_profit
2021-05-14 08:00:00+00:00,2021-05-14 08:00:00+00:00,3882.09,3864.1313092901164,3910.500885001598,13.518086955158257,52287.950996129446,52809.62851067325,521.6775145438005,0.009977012000000098,2,0.0066742399068543765,take_profit
2021-05-14 09:00:00+00:00,2021-05-14 10:00:00+00:00,3934.92,3934.92,3982.13904,4.088880228073739,16105.522109161078,16266.207096510445,160.68498734936657,0.009977012000000073,1,0.0059670844642330766,take_profit
2021-05-14 11:00:00+00:00,2021-05-14 13:00:00+00:00,3989.99,3971.532159933043,4019.1905458522397,13.18042938551915,52398.89808440023,52921.68251937506,522.7844349748339,0.009977011999999919,2,0.009949899623808536,take_profit
2021-05-14 14:00:00+00:00,2021-05-14 14:00:00+00:00,4062.85,4044.055106901012,4092.5837681838243,12.965059495014486,52483.89896104984,53007.53145079102,523.6324897411832,0.009977012000000028,2,0.008484192131139422,take_profit
2021-05-14 15:00:00+00:00,2021-05-14 15:00:00+00:00,4087.27,4087.27,4136.31724,3.95122204492475,16165.877204764349,16327.16435562681,161.2871508624612,0.009977012000000052,1,0.0001883898054202394,take_profit
2021-05-14 16:00:00+00:00,2021-05-14 16:00:00+00:00,4131.3,4093.781609365069,4142.90698867745,26.166519171934112,107227.24220937173,108297.04969162153,1069.807482249802,0.009977011999999941,3,0.015421295960109417,take_profit
2021-05-14 17:00:00+00:00,2021-05-14 22:00:00+00:00,4111.95,4051.3029074579395,4099.918542347435,49.05517150037947,198936.29522055577,200921.0850252068,1984.7898046510236,0.00997701199999998,5,0.035231459526502,take_profit
2021-05-14 23:00:00+00:00,2021-05-15 00:00:00+00:00,4073.01,4036.02096985453,4084.4532214927845,26.791621170049797,108239.78464336289,109319.69427362714,1079.9096302642574,0.009977012000000094,3,0.015470131426144354,take_profit
2021-05-15 01:00:00+00:00,2021-05-15 01:00:00+00:00,4032.96,4032.9600000000005,4081.3555200000005,4.057636634446549,16380.666908165722,16544.097018476496,163.43011031077367,0.009977012000000084,1,0.0021026739665159135,take_profit
2021-05-15 02:00:00+00:00,2021-09-03 08:00:00+00:00,4111.92,3825.3555901223594,3871.259857203828,85.59962173212703,327776.76827362506,331047.00102401234,3270.2327503872802,0.009977012000000316,13,0.5864510982703943,take_profit
2021-09-03 09:00:00+00:00,2021-09-03 09:00:00+00:00,3890.18,3890.18,3936.8621599999997,4.250651049861299,16552.350051200625,16717.493046289655,165.1429950890306,0.009977012000000082,1,0.0033905886102956815,take_profit
2021-09-03 10:00:00+00:00,2021-09-03 14:00:00+00:00,3966.62,3948.2702704101043,3995.6495136550257,13.625913341397123,53852.64119421688,54389.929641643284,537.2884474264065,0.009977012000000193,2,0.011180803807775867,take_profit
2021-09-03 15:00:00+00:00,2021-09-04 00:00:00+00:00,3979.37,3920.678328007612,3967.7264679437035,51.81418825402907,203350.11508596432,205378.94162437838,2028.826538414054,0.009977012000000035,5,0.028197930828246693,take_profit
2021-09-04 01:00:00+00:00,2021-09-05 10:00:00+00:00,3942.82,3884.6674034419957,3931.2834122832996,52.61431563499565,204593.71061228844,206634.94451819177,2041.2339059033256,0.009977011999999983,5,0.02861403766847083,take_profit
2021-09-05 11:00:00+00:00,2021-09-05 20:00:00+00:00,3920.09,3920.09,3967.13108,4.2790302444323265,16790.97464554226,16958.49840107253,167.52375553027014,0.009977011999999955,1,0.005124882336885159,take_profit
2021-09-05 21:00:00+00:00,2021-09-06 21:00:00+00:00,3966.81,3913.1491038021322,3960.1068930477577,47.74817797174994,187032.77261094894,188898.80082768164,1866.028216732695,0.009977011999999926,4,0.02584192335907184,take_profit
2021-09-06 22:00:00+00:00,2021-10-14 13:00:00+00:00,3953.32,3737.4006640340554,3782.2494720024642,87.7654802635105,328343.10732343537,331618.9904453186,3275.8831218832056,0.009977012000000009,12,0.32917143059504417,take_profit
2021-10-14 14:00:00+00:00,2021-10-14 15:00:00+00:00,3767.98,3767.9799999999996,3813.1957599999996,4.522155094732274,17056.446400249562,17226.618770662208,170.17237041264525,0.009977011999999915,1,0.0028184862976979416,take_profit
2021-10-14 16:00:00+00:00,2021-10-15 02:00:00+00:00,3808.41,3773.823934093873,3819.1098213029995,29.94872020081465,113134.33142073572,114263.07400293238,1128.7425821966608,0.009977012000000032,3,0.019512079844344478,take_profit
2021-10-15 03:00:00+00:00,2021-10-15 05:00:00+00:00,3830.52,3812.7998740013695,3858.553472489386,14.58785049560749,55676.23076236542,56231.71318479631,555.4824224308904,0.009977012000000026,2,0.009084928417029589,take_profit
2021-10-15 06:00:00+00:00,2021-10-15 16:00:00+00:00,3851.35,3794.5464931816136,3840.081051099793,55.34939146848136,210236.07537183407,212333.60321865178,2097.527846817713,0.009977012000000096,5,0.027870746621314526,take_profit
2021-10-15 17:00:00+00:00,2021-10-15 20:00:00+00:00,3862.44,3844.57221091075,3890.7070774416793,14.579380985630891,56107.59058021732,56667.37668472724,559.7861045099198,0.009977012000000082,2,0.007622124874431721,take_profit
2021-10-15 21:00:00+00:00,2021-10-16 08:00:00+00:00,3881.37,3846.1213480360407,3892.274804212473,29.75956485955029,114573.47118576532,115716.57208266735,1143.1008969020331,0.009977011999999985,3,0.015587279749160734,take_profit
2021-10-16 09:00:00+00:00,2021-10-16 12:00:00+00:00,3940.63,3904.8431784940017,3951.70129663593,29.40897504131741,114952.3879645532,116099.2693187042,1146.8813541510026,0.009977011999999999,3,0.016385704823848005,take_profit
2021-10-16 13:00:00+00:00,2021-10-17 04:00:00+00:00,3896.89,3844.1749443798653,3890.305043712424,50.332698372916596,193681.3793475427,195613.74079346974,1932.361445927032,0.009977012000000238,4,0.023949867715024015,take_profit
2021-10-17 05:00:00+00:00,2021-10-17 23:00:00+00:00,3874.7,3798.8045100846275,3844.390164205643,64.16572325808994,243997.03594161576,246431.3972971697,2434.361355553934,0.009977012000000009,6,0.06057243141404491,take_profit
2021-10-18 00:00:00+00:00,2021-10-18 09:00:00+00:00,3847.0,3794.959829769211,3840.4993477264416,51.62533596495048,196112.18837370048,198068.80203045116,1956.6136567506765,0.009977012000000032,4,0.02172861970366523,take_profit
2021-10-18 10:00:00+00:00,2021-10-18 11:00:00+00:00,3799.53,3748.131978685473,3793.1095624296986,52.56062746090248,197201.36997595837,199168.85041062496,1967.4804346665915,0.009977012000000077,4,0.025005724392227514,take_profit
2021-10-18 12:00:00+00:00,2021-10-18 13:00:00+00:00,3745.7,3711.6834348022985,3756.2236360199263,31.781462892290616,118080.81016126028,119258.9038212089,1178.0936599486304,0.009977012000000124,3,0.018608003844408208,take_profit
2021-10-18 14:00:00+00:00,2021-10-19 01:00:00+00:00,3802.64,3746.5549162844527,3791.513575279866,58.41462580777226,219072.67617920507,221258.36689831706,2185.690719111997,0.00997701199999979,5,0.02826194433341042,take_profit
2021-10-19 02:00:00+00:00,2021-10-19 03:00:00+00:00,3786.66,3786.66,3832.09992,4.743304622431333,17979.26114271855,18158.64044689059,179.37930417203825,0.009977012000000085,1,0.002136447423322847,take_profit
2021-10-19 04:00:00+00:00,2021-10-19 13:00:00+00:00,3823.01,3788.2913442303275,3833.7508403610914,31.448491464693976,119255.30330810962,120445.11490027829,1189.8115921686694,0.009977012000000169,3,0.014145921669051448,take_profit
2021-10-19 14:00:00+00:00,2021-10-19 17:00:00+00:00,3809.4,3774.8049434113454,3820.1026027322814,31.665226655533395,119649.70381736552,120843.45034814782,1193.7465307823004,0.00997701199999999,3,0.01781120386412556,take_profit
2021-10-19 18:00:00+00:00,2021-10-19 22:00:00+00:00,3812.04,3812.04,3857.78448,4.745307133729087,18107.408014074703,18288.06584112002,180.6578270453174,0.009977011999999884,1,0.0042733024837095,take_profit
2021-10-19 23:00:00+00:00,2021-10-20 12:00:00+00:00,3878.45,3860.508148063608,3906.8342458403713,15.24490239837731,58911.98190727731,59499.74745771001,587.7655504326976,0.009977012000000153,2,0.01299488197604704,take_profit
2021-10-20 13:00:00+00:00,2021-10-20 13:00:00+00:00,3933.5,3933.5,3980.702,4.608537779017581,18145.829182948604,18326.870338456833,181.04115550822826,0.009977011999999992,1,0.0013779077157747737,take_profit
2021-10-20 14:00:00+00:00,2021-10-20 14:00:00+00:00,3999.99,3999.99,4047.9898799999996,4.5341929253531355,18154.88124072401,18336.01270872129,181.13146799727838,0.009977012000000002,1,0.002497506243765555,take_profit
2021-10-20 15:00:00+00:00,2021-10-20 15:00:00+00:00,4048.63,4029.900889142509,4078.2596998122194,14.642386998137447,59066.434817780595,59655.74134675481,589.3065289742153,0.009977012000000009,2,0.012011470546826978,take_profit
2021-10-20 16:00:00+00:00,2021-10-20 18:00:00+00:00,4081.0,4062.121144335387,4110.866598067411,14.549809654220466,59162.251694158265,59752.5141892579,590.2624950996324,0.009977011999999915,2,0.006709139916687114,take_profit
2021-10-20 19:00:00+00:00,2021-10-20 23:00:00+00:00,4122.38,4103.309718937838,4152.549435565092,14.427125865328803,59258.22400354668,59849.44401552875,591.22001198207,0.009977011999999945,2,0.013024029808023533,take_profit
2021-10-21 00:00:00+00:00,2021-10-21 01:00:00+00:00,4161.37,4161.37,4211.30644,4.381784073192422,18252.477265926675,18434.582450638554,182.1051847118797,0.009977012000000113,1,0.006065310222354605,take_profit
2021-10-21 02:00:00+00:00,2021-10-21 09:00:00+00:00,4197.1,4158.984046829359,4208.891855391311,29.08077061664961,121067.52859274243,122275.42077832257,1207.8921855801455,0.009977012000000092,3,0.018367444187653414,take_profit
2021-10-21 10:00:00+00:00,2021-10-21 11:00:00+00:00,4297.29,4233.909330412561,4284.716242377512,52.998124535566596,224613.8678333356,226854.8430880752,2240.9752547396056,0.00997701200000001,5,0.031480305029448735,take_profit
2021-10-21 12:00:00+00:00,2021-10-21 12:00:00+00:00,4211.88,4173.629822296261,4223.7133801638165,29.25236753503944,122210.76428129287,123430.0625430565,1219.2982617636299,0.009977011999999997,3,0.015840907148351863,take_profit
2021-10-21 13:00:00+00:00,2021-10-21 13:00:00+00:00,4224.76,4224.76,4275.45712,4.37338353408387,18494.99081026644,18679.515555520356,184.52474525391517,0.009977011999999846,1,0.0038605743284826593,take_profit
2021-10-21 14:00:00+00:00,2021-10-21 14:00:00+00:00,4216.45,4154.261638432138,4204.112778093324,54.55148613764695,226847.99417526452,229111.25933532708,2263.265160062554,0.009977012000000044,5,0.033473656749160995,take_profit
2021-10-21 15:00:00+00:00,2021-10-21 15:00:00+00:00,4114.37,4058.7129905920324,4107.417546479137,51.01770628131721,207273.50073492582,209341.47093904018,2067.970204114361,0.009977011999999987,4,0.024606440354173247,take_profit
2021-10-21 16:00:00+00:00,2021-10-21 16:00:00+00:00,4090.0,4071.079510005326,4119.93246412539,14.938623014200685,60877.199260066474,61484.57180761055,607.3725475440733,0.009977011999999983,2,0.008481662591687054,take_profit
2021-10-21 17:00:00+00:00,2021-10-21 17:00:00+00:00,4057.5,4057.5,4106.19,4.616733529432427,18751.147443115187,18938.227866168916,187.08042305372874,0.009977011999999957,1,0.0034849044978434683,take_profit
2021-10-21 18:00:00+00:00,2021-10-21 18:00:00+00:00,4046.31,4046.31,4094.86572,4.631810455156328,18760.501464267873,18947.675212502887,187.1737482350145,0.009977011999999806,1,0.00015816880070975103,take_profit
2021-10-21 19:00:00+00:00,2021-10-21 19:00:00+00:00,4063.16,4063.16,4111.91792,4.614903250555712,18769.860151679626,18957.127271651258,187.26711997163147,0.009977012000000108,1,0.0005020722787190176,take_profit
2021-10-21 20:00:00+00:00,2021-10-22 00:00:00+00:00,4080.51,4061.6334110933576,4110.373012026478,15.02011119970107,61067.25273978319,61676.52145317504,609.2687133918516,0.009977012000000032,2,0.009682613202761472,take_profit
2021-10-22 01:00:00+00:00,2021-10-22 04:00:00+00:00,4116.55,4116.55,4165.948600000001,4.5647149327481635,18809.6869433478,18997.351415697827,187.66447235002852,0.009977012000000224,1,0.004474620738239563,take_profit
2021-10-22 05:00:00+00:00,2021-10-22 13:00:00+00:00,4149.26,4093.131017225942,4142.248589432653,51.136760912402394,209518.98119221363,211609.35458179607,2090.3733895824407,0.009977011999999766,4,0.021476118633202094,take_profit
2021-10-22 14:00:00+00:00,2021-10-22 14:00:00+00:00,4064.45,4009.4682818054252,4057.5819011870904,52.493728585359605,210682.6223790812,212784.60543074875,2101.983051667543,0.00997701199999991,4,0.021269790500559688,take_profit
2021-10-22 15:00:00+00:00,2021-10-22 15:00:00+00:00,4027.2,3990.6269932551504,4038.5145171742124,31.580751787711183,126153.15370503612,127411.78523338912,1258.6315283529984,0.009977012000000068,3,0.01641090584028598,take_profit
2021-10-22 16:00:00+00:00,2021-10-22 16:00:00+00:00,3966.53,3930.5079677086687,3977.674063321173,32.16983591453115,126570.36674869386,127833.16081659,1262.7940678961313,0.009977012000000092,3,0.01979816111311403,take_profit
2021-10-22 17:00:00+00:00,2021-10-22 19:00:00+00:00,3972.97,3936.8894828647485,3984.1321566591255,32.223909558470915,126988.95959712612,128255.92997089415,1266.9703737680393,0.009977011999999976,3,0.014414908745850078,take_profit
2021-10-22 20:00:00+00:00,2021-10-23 00:00:00+00:00,3983.47,3947.2941271409645,3994.661656666656,32.24526062084779,127408.93681361589,128680.09730511259,1271.160491496703,0.00997701200000012,3,0.013897431134161843,take_profit
2021-10-23 01:00:00+00:00,2021-10-23 04:00:00+00:00,4001.09,4001.0899999999997,4049.10308,4.814284144143568,19281.665812103492,19474.039223290838,192.37341118734548,0.009977011999999959,1,0.0033090982707212873,take_profit
2021-10-23 05:00:00+00:00,2021-10-23 11:00:00+00:00,4036.69,3982.0838043231292,4029.868809975007,53.881719927675846,214776.30057364644,216919.12630178535,2142.8257281389087,0.009977012000000146,4,0.02456963502275375,take_profit
2021-10-23 12:00:00+00:00,2021-10-23 15:00:00+00:00,4039.24,4039.24,4087.7108799999996,4.797691482383007,19398.425769069803,19591.96409574892,193.53832667911774,0.009977011999999954,1,0.005461423436091925,take_profit
2021-10-23 16:00:00+00:00,2021-10-23 23:00:00+00:00,4086.61,4086.61,4135.64932,4.744444559847491,19408.10268540376,19601.737558793266,193.63487338950654,0.009977012000000052,1,0.005288001546514135,take_profit
2021-10-24 00:00:00+00:00,2021-10-25 07:00:00+00:00,4167.13,4105.6690584163725,4154.937087117369,57.922253966223735,238047.65355641625,240422.6578525204,2375.0042961041618,0.009977011999999808,5,0.049345712756741475,take_profit
2021-10-25 08:00:00+00:00,2021-10-25 15:00:00+00:00,4149.33,4130.135047249486,4179.69666781648,15.366661312048308,63529.916360463954,64163.7550983513,633.8387378873449,0.009977011999999995,2,0.01058484140813097,take_profit
2021-10-25 16:00:00+00:00,2021-10-26 00:00:00+00:00,4210.11,4190.6338767404695,4240.921483261355,15.169385524975423,63632.973844142674,64267.84078778136,634.8669436386845,0.009977011999999794,2,0.009695708663194006,take_profit
2021-10-26 01:00:00+00:00,2021-10-26 20:00:00+00:00,4239.54,4182.189757395311,4232.376034484055,52.124556315796255,218212.99853122942,220390.11223613145,2177.1137049020326,0.009977011999999882,4,0.025047528741325615,take_profit
2021-10-26 21:00:00+00:00,2021-10-26 21:00:00+00:00,4263.65,4224.929673170521,4275.628829248567,30.895556171061077,130662.21425047301,131965.83272999656,1303.6184795235458,0.009977012000000042,3,0.018094824856636837,take_profit
2021-10-26 22:00:00+00:00,2021-10-26 22:00:00+00:00,4205.16,4143.138154482868,4192.855812336663,58.45140785343226,242414.67273352825,244833.2468323668,2418.5740988385514,0.009977012000000278,5,0.02733546404893032,take_profit
2021-10-26 23:00:00+00:00,2021-10-27 01:00:00+00:00,4121.66,4121.66,4171.11992,4.822096026085566,19894.93524211795,20093.42724976779,198.49200764983834,0.009977012000000233,1,0.004660743486847542,take_profit
2021-10-27 02:00:00+00:00,2021-10-27 03:00:00+00:00,4148.23,4148.23,4198.00876,4.79359991674954,19904.859842500442,20103.45086800739,198.5910255069466,0.00997701200000008,1,0.0006725760143482797,take_profit
2021-10-27 04:00:00+00:00,2021-10-27 04:00:00+00:00,4209.72,4209.72,4260.23664,4.725937735617098,19914.789393775787,20113.479486534958,198.6900927591705,0.009977011999999837,1,0.0010879583440228631,take_profit
2021-10-27 05:00:00+00:00,2021-10-28 13:00:00+00:00,4279.51,4152.025743072462,4201.850051989332,80.36159503691039,333997.4087563726,337329.7049115038,3332.2961551312474,0.009977012000000039,8,0.09097770539150513,take_profit
2021-10-28 14:00:00+00:00,2021-10-28 17:00:00+00:00,4191.5,4172.109967282964,4222.1752868903595,15.644056228788791,65334.0569778427,65985.89564831932,651.8386704766162,0.009977011999999936,2,0.012191339615889387,take_profit
2021-10-28 18:00:00+00:00,2021-10-28 18:00:00+00:00,4223.35,4166.2187671057445,4216.213392311013,53.723146544293115,224046.42778859468,226281.7416871986,2235.3138986039266,0.00997701199999993,4,0.025430049605171378,take_profit
2021-10-28 19:00:00+00:00,2021-10-28 19:00:00+00:00,4178.42,4159.090475842654,4208.999561552766,15.80578337847815,65803.48659925985,66460.00877470252,656.5221754426748,0.009977012000000306,2,0.006801614007208484,take_profit
2021-10-28 20:00:00+00:00,2021-10-28 20:00:00+00:00,4259.04,4239.337524766034,4290.209575063227,15.531747973582648,65910.2322418596,66567.81941985941,657.5871779998124,0.009977011999999882,2,0.007943104549382003,take_profit
2021-10-28 21:00:00+00:00,2021-10-28 23:00:00+00:00,4252.31,4232.6386579928485,4283.430321888763,15.581564887519791,66017.15104598623,66675.80495417786,658.6539081916271,0.00997701200000015,2,0.010328503801463221,take_profit
2021-10-29 00:00:00+00:00,2021-10-29 00:00:00+00:00,4286.01,4286.01,4337.442120000001,4.739606338577914,20334.334497706037,20537.21039700166,202.87589929562455,0.009977011999999874,1,0.004675677378260891,take_profit
2021-10-29 01:00:00+00:00,2021-10-29 01:00:00+00:00,4353.01,4353.01,4405.246120000001,4.668983947746076,20344.478292670818,20547.455396730536,202.97710405971884,0.009977012000000127,1,0.0029864392684602146,take_profit
2021-10-29 02:00:00+00:00,2021-10-29 09:00:00+00:00,4353.11,4313.577242403885,4365.340169312732,31.25218073647883,134943.6392396078,136289.973547625,1346.3343080172199,0.009977011999999867,3,0.014709024122983281,take_profit
2021-10-29 10:00:00+00:00,2021-10-29 13:00:00+00:00,4329.69,4309.660695275051,4361.376623618351,15.393955934157352,66409.13597020427,67071.70071668863,662.5647464843642,0.009977012000000068,2,0.011776824668740669,take_profit
2021-10-29 14:00:00+00:00,2021-10-29 15:00:00+00:00,4367.27,4347.066848816861,4399.231651002664,15.286249219767873,66516.86409009562,67180.50364132489,663.6395512292656,0.009977012000000188,2,0.008923194581512077,take_profit
2021-10-29 16:00:00+00:00,2021-10-30 00:00:00+00:00,4440.77,4380.697624966006,4433.265996465598,52.01784715964807,228102.56207018514,230378.34406919015,2275.7819990050048,0.0099770120000001,4,0.021667413534139406,take_profit
2021-10-30 01:00:00+00:00,2021-10-31 00:00:00+00:00,4374.7,4310.177611414596,4361.8997427515715,58.538938658611684,252565.78859091137,255085.64049447238,2519.851903561008,0.009977012000000087,5,0.03257366219397902,take_profit
2021-10-31 01:00:00+00:00,2021-11-01 11:00:00+00:00,4383.24,4297.383508602818,4348.952110706053,67.21033752141511,289117.7137859445,292002.24468579947,2884.530899854959,0.009977012000000087,6,0.054055903851945045,take_profit
2021-11-01 12:00:00+00:00,2021-11-01 12:00:00+00:00,4315.0,4315.0,4366.78,4.832303605089946,20872.262318281395,21080.505129898036,208.24281161664112,0.009977011999999992,1,2.317497103179207e-06,take_profit
2021-11-01 13:00:00+00:00,2021-11-01 14:00:00+00:00,4345.58,4325.47718755231,4377.382913802938,15.683692990518033,67907.3636106705,68584.87619230252,677.5125816320215,0.00997701199999998,2,0.008590337768491186,take_profit
2021-11-01 15:00:00+00:00,2021-11-01 19:00:00+00:00,4329.78,4290.459113740636,4341.9446231055235,32.28799239428582,138668.98021266458,140052.48229227413,1383.5020796095487,0.009977012000000228,3,0.015046953886802479,take_profit
2021-11-01 20:00:00+00:00,2021-11-02 06:00:00+00:00,4364.28,4324.645802076775,4376.541551701696,32.138691654093336,139127.58553164627,140515.66312202654,1388.0775903802714,0.009977012000000073,3,0.019753544685492234,take_profit
2021-11-02 07:00:00+00:00,2021-11-02 09:00:00+00:00,4376.0,4355.756463516701,4408.025541078901,15.70328664478798,68468.16046195269,69151.26812049952,683.1076585468254,0.00997701199999997,2,0.010507312614259499,take_profit
2021-11-02 10:00:00+00:00,2021-11-02 13:00:00+00:00,4425.54,4425.54,4478.64648,4.76059309596485,21089.284454370652,21299.692498443324,210.40804407267206,0.009977012000000124,1,0.0037554739082687966,take_profit
2021-11-02 14:00:00+00:00,2021-11-02 20:00:00+00:00,4488.38,4467.616589515332,4521.227988589516,15.342593681366754,68613.43949656378,69297.99660578227,684.5571092184982,0.00997701200000011,2,0.007550608460068071,take_profit
2021-11-02 21:00:00+00:00,2021-11-02 22:00:00+00:00,4499.44,4499.44,4553.433279999999,4.692339197616409,21134.03271203521,21344.887210011577,210.8544979763683,0.009977012000000023,1,0.004440552602101498,take_profit
2021-11-02 23:00:00+00:00,2021-11-02 23:00:00+00:00,4544.33,4544.33,4598.86196,4.648304780131966,21144.57543693403,21355.535119803226,210.95968286919742,0.009977012000000065,1,0.0005963475363805086,take_profit
2021-11-03 00:00:00+00:00,2021-11-03 00:00:00+00:00,4589.68,4568.447972000305,4623.269347664308,15.043300124444919,68793.3272729853,69479.6791247078,686.351851722502,0.009977012000000006,2,0.007926478534451227,take_profit
2021-11-03 01:00:00+00:00,2021-11-03 09:00:00+00:00,4632.4,4564.076797750011,4618.8457193230115,56.85861469777842,259766.85094528348,262358.54793436686,2591.6969890833716,0.009977012000000257,5,0.02681979103704339,take_profit
2021-11-03 10:00:00+00:00,2021-11-03 18:00:00+00:00,4594.48,4526.716079295067,4581.036672246608,57.67848152435107,261355.46521081423,263963.01182348817,2607.546612673934,0.00997701200000022,5,0.030358168933154475,take_profit
2021-11-03 19:00:00+00:00,2021-11-07 10:00:00+00:00,4653.36,4553.302128697962,4607.941754242338,68.28965211396006,311254.67301154917,314360.0646192415,3105.3916076923488,0.00997701200000015,7,0.07031263431155114,take_profit
2021-11-07 11:00:00+00:00,2021-11-08 00:00:00+00:00,4593.29,4593.29,4648.40948,4.698825482684951,21604.672774136096,21820.222853659725,215.5500795236294,0.009977012000000013,1,0.0046676782872406486,take_profit
2021-11-08 01:00:00+00:00,2021-11-08 06:00:00+00:00,4688.29,4688.29,4744.54948,4.605908514156369,21615.45027811228,21831.107884922407,215.65760681012762,0.00997701199999991,1,0.002111644117577973,take_profit
2021-11-08 07:00:00+00:00,2021-11-08 15:00:00+00:00,4737.53,4715.614012478125,4772.201380627863,14.898373966284336,70325.3063448946,71026.94277020129,701.6364253066859,0.009977011999999947,2,0.007113411419030554,take_profit
2021-11-08 16:00:00+00:00,2021-11-08 23:00:00+00:00,4763.78,4741.742579015445,4798.643489963631,14.840313802467826,70439.38723034263,71142.16184201241,702.7746116697817,0.009977012000000092,2,0.0066690737187694495,take_profit
2021-11-09 00:00:00+00:00,2021-11-10 13:00:00+00:00,4807.98,4737.067170806946,4793.911976856629,56.09303372930635,265982.4510411049,268636.1611469314,2653.710105826496,0.009977011999999924,5,0.027052941152001405,take_profit
2021-11-10 14:00:00+00:00,2021-11-10 14:00:00+00:00,4792.39,4792.39,4849.89868,4.550403885405266,21829.139215592935,22046.928799496578,217.78958390364278,0.009977012000000068,1,0.00024413705896224487,take_profit
2021-11-10 15:00:00+00:00,2021-11-12 02:00:00+00:00,4845.25,4741.066055296345,4797.9588479599015,66.77952938942454,316923.08305992524,320085.0284626912,3161.9454027659376,0.00997701200000021,7,0.07911253289303952,take_profit
2021-11-12 03:00:00+00:00,2021-11-15 12:00:00+00:00,4786.72,4692.9603645475245,4749.275888922095,65.31618914493679,306833.119940418,309894.397660061,3061.277719643025,0.009977012000000117,6,0.058259100177156777,take_profit
2021-11-15 13:00:00+00:00,2021-11-30 12:00:00+00:00,4740.43,4564.888730616405,4619.667395383802,86.71929091514407,396260.17399958643,400213.6665107023,3953.492511115852,0.009977011999999723,10,0.17454745666532365,take_profit
2021-11-30 13:00:00+00:00,2021-11-30 13:00:00+00:00,4584.0,4584.0,4639.008,4.870531328967689,22348.864476464354,22571.83936553241,222.97488906805665,0.009977011999999914,1,0.003477312390924869,take_profit
2021-11-30 14:00:00+00:00,2021-11-30 15:00:00+00:00,4649.23,4627.722491516395,4683.255161414592,15.69643363071916,72711.45039987328,73436.89341305023,725.4430131769477,0.0099770120000001,2,0.00804864461426928,take_profit
2021-11-30 16:00:00+00:00,2021-11-30 16:00:00+00:00,4613.85,4571.949332744904,4626.8127247378425,32.443622450841374,148479.07709304485,149960.45462695108,1481.3775339062267,0.009977011999999954,3,0.018468307378870147,take_profit
2021-11-30 17:00:00+00:00,2021-11-30 17:00:00+00:00,4557.49,4536.406884120824,4590.843766730273,16.091412140840916,73070.26307401014,73799.2859655427,729.022891532557,0.009977012000000013,2,0.008223824956280665,take_profit
2021-11-30 18:00:00+00:00,2021-11-30 18:00:00+00:00,4596.27,4596.27,4651.4252400000005,4.8918576557634115,22506.805392848546,22731.35606033466,224.55066748611353,0.00997701199999995,1,0.00429261118254595,take_profit
2021-11-30 19:00:00+00:00,2021-12-01 00:00:00+00:00,4691.27,4648.666243208208,4704.450238126706,32.08166047374683,149286.21828866255,150775.64867996317,1489.4303913006152,0.009977012000000063,3,0.019817661315592632,take_profit
2021-12-01 01:00:00+00:00,2021-12-01 03:00:00+00:00,4723.91,4702.05701909762,4758.481703326791,15.60891534162461,73467.4774200065,74200.46332383565,732.985903829147,0.009977012000000179,2,0.012428263874629288,take_profit
2021-12-01 04:00:00+00:00,2021-12-01 07:00:00+00:00,4759.37,4716.14779322824,4772.741566746979,31.77866593614892,150022.90813464078,151519.688489375,1496.7803547342191,0.00997701200000007,3,0.01586764634815102,take_profit
2021-12-01 08:00:00+00:00,2021-12-01 14:00:00+00:00,4766.69,4702.20875252472,4758.635257555016,53.70207099491465,252771.11938037197,255293.0198716833,2521.9004913113313,0.009977011999999714,4,0.024174007539823142,take_profit
2021-12-01 15:00:00+00:00,2025-08-12 15:00:00+00:00,4740.44,4410.073312136333,4462.994191881969,103.43255579327324,456601.7556656322,461157.2768611292,4555.521195497015,0.009977011999999856,13,0.8140341402907747,take_profit
2025-08-12 16:00:00+00:00,2025-08-12 17:00:00+00:00,4472.62,4451.929495853306,4505.352649803546,16.825463330073685,74980.75723779103,75728.84115252156,748.0839147305378,0.009977012000000132,2,0.007208302963363707,take_profit
2025-08-12 18:00:00+00:00,2025-08-12 20:00:00+00:00,4500.26,4500.26,4554.2631200000005,5.126853286422162,23095.268038792994,23325.689805159247,230.421766366253,0.00997701199999995,1,0.005019709972312743,take_profit
2025-08-12 21:00:00+00:00,2025-08-13 03:00:00+00:00,4621.83,4600.44924492125,4655.6546358603055,16.316822806208073,75139.85501334713,75889.52624849354,749.6712351464084,0.009977011999999787,2,0.01265948769210469,take_profit
2025-08-13 04:00:00+00:00,2025-08-13 09:00:00+00:00,4646.99,4625.492853838545,4680.998768084607,16.254804976006785,75261.74600306166,76012.63334607515,750.8873430134845,0.009977011999999816,2,0.008345186884413297,take_profit
2025-08-13 10:00:00+00:00,2025-08-13 16:00:00+00:00,4706.82,4664.075025922032,4720.0439262330965,32.91824713554305,153686.86122323904,155220.19688190563,1533.3356586665905,0.009977011999999999,3,0.019295405390475886,take_profit
2025-08-13 17:00:00+00:00,2025-08-13 21:00:00+00:00,4700.54,4700.54,4756.94648,4.94309703887504,23258.48383895263,23490.534011315667,232.05017236303684,0.009977012000000016,1,0.0025592804231002707,take_profit
2025-08-13 22:00:00+00:00,2025-08-13 22:00:00+00:00,4721.16,4721.16,4777.81392,4.9239628102464685,23270.086347570785,23502.252278301534,232.1659307307491,0.009977011999999966,1,0.00327673707309226,take_profit
2025-08-13 23:00:00+00:00,2025-08-14 12:00:00+00:00,4734.31,4664.483728597673,4720.457533340845,61.12807566639403,285416.3306370193,288263.93279278086,2847.6021557615604,0.009977012000000179,5,0.04671852920488947,take_profit
2025-08-14 13:00:00+00:00,2025-08-14 13:00:00+00:00,4567.33,4505.545588588462,4559.612135651524,57.823683965242324,260788.03223776873,263389.91756486136,2601.885327092634,0.00997701200000011,4,0.025397770688783163,take_profit
2025-08-14 14:00:00+00:00,2025-08-14 14:00:00+00:00,4612.71,4591.371434375714,4646.467891588222,16.665624762961738,76594.66814082787,77358.85406400493,764.185923177065,0.0099770120000001,2,0.007032742140737137,take_profit
2025-08-14 15:00:00+00:00,2025-08-14 15:00:00+00:00,4670.58,4628.164139391547,4683.702109064246,33.761188425973174,156408.73030663663,157969.22208581073,1560.4917791741027,0.009977012000000162,3,0.017595245130155205,take_profit
2025-08-14 16:00:00+00:00,2025-08-14 16:00:00+00:00,4618.87,4556.3883828765565,4611.065043471075,57.77974418537785,263530.4856574924,266159.732475263,2629.2468177705887,0.009977011999999844,4,0.022405913134597808,take_profit
2025-08-14 17:00:00+00:00,2025-08-14 19:00:00+00:00,4546.48,4505.1911532316935,4559.253447070474,34.99069143817106,157797.551063772,159371.89912430587,1574.34806053387,0.009977012000000025,3,0.01448373246995466,take_profit
2025-08-14 20:00:00+00:00,2025-08-14 23:00:00+00:00,4537.64,4496.431433669622,4550.388610873657,35.17480499950064,158319.4182912453,159898.97302737006,1579.554736124759,0.009977011999999907,3,0.018624218756886888,take_profit
2025-08-15 00:00:00+00:00,2025-08-15 01:00:00+00:00,4546.84,4546.84,4601.40208,5.264227644629008,23959.56038408905,24198.605205555825,239.044821466774,0.009977011999999705,1,0.0020937618213969344,take_profit
2025-08-15 02:00:00+00:00,2025-08-15 06:00:00+00:00,4604.02,4604.02,4659.26824,5.201441590726631,23971.512625162388,24210.676694281785,239.16406911939703,0.009977012000000016,1,0.0017549880321981303,take_profit
2025-08-15 07:00:00+00:00,2025-08-22 14:00:00+00:00,4647.63,4509.179650071123,4563.289805871977,89.06985978788263,402034.0332234321,406045.1315973106,4011.0983738785144,0.009977011999999836,8,0.12643648483205422,take_profit
2025-08-22 15:00:00+00:00,2025-08-22 16:00:00+00:00,4613.93,4613.93,4669.29716,5.236282674762074,24184.025747312287,24425.31006240153,241.28431508924405,0.009977012000000016,1,0.00014954713227129785,take_profit
2025-08-22 17:00:00+00:00,2025-08-22 17:00:00+00:00,4745.95,4745.95,4802.9014,5.093162353818241,24196.089963066748,24437.494642981343,241.40467991459445,0.009977011999999915,1,0.0,take_profit
2025-08-22 18:00:00+00:00,2025-08-22 19:00:00+00:00,4799.51,4777.307290725102,4834.634978213803,16.461706235405416,78721.3505667439,79506.75442600451,785.4038592606084,0.009977011999999971,2,0.009642651020625158,take_profit
2025-08-22 20:00:00+00:00,2025-08-24 15:00:00+00:00,4833.0,4761.718151179907,4818.858768994066,62.36368272092268,297255.53552216454,300221.2575671355,2965.7220449709566,0.009977011999999646,5,0.0358576453548521,take_profit
2025-08-24 16:00:00+00:00,2025-08-24 17:00:00+00:00,4798.31,4798.31,4855.88972,5.079146777882585,24395.716492274063,24639.112848466077,243.39635619201363,0.009977011999999893,1,0.000602295391502493,take_profit
2025-08-24 18:00:00+00:00,2025-08-24 19:00:00+00:00,4905.56,4833.207964763524,4891.206460340686,61.84782153362608,299222.60624584043,302207.95377902646,2985.3475331860245,0.009977011999999999,5,0.032893288431901875,take_profit
2025-08-24 20:00:00+00:00,2025-08-24 20:00:00+00:00,4813.01,4747.90216019691,4804.876986119273,57.52636965108924,273402.977712405,276130.7225018774,2727.744789472432,0.009977012000000127,4,0.021194637035867412,take_profit
2025-08-24 21:00:00+00:00,2025-08-24 21:00:00+00:00,4786.72,4764.576457734156,4821.751375226966,16.836635483661944,80299.73678969691,81100.88822724458,801.151437547669,0.009977012000000268,2,0.006852291339372301,take_profit
2025-08-24 22:00:00+00:00,2025-08-25 00:00:00+00:00,4785.0,4720.271064581668,4776.914317356648,58.27886268643359,275367.3966121128,278114.7404325207,2747.34382040787,0.009977012000000222,4,0.024033437826541274,take_profit
2025-08-25 01:00:00+00:00,2025-08-25 02:00:00+00:00,4701.04,4701.04,4757.45248,5.285233634137394,24870.965689114368,25119.10361224625,248.13792313188242,0.009977012000000004,1,0.000182938243452443,take_profit
2025-08-25 03:00:00+00:00,2025-09-12 20:00:00+00:00,4764.33,4622.403221044566,4677.872059697101,90.14833065413507,417119.053040505,421280.65483811876,4161.601797613781,0.009977012000000063,8,0.11622200813125881,take_profit
2025-09-12 21:00:00+00:00,2025-09-12 22:00:00+00:00,4670.48,4670.48,4726.5257599999995,5.366977531747594,25091.45267515165,25341.79039958907,250.33772443742055,0.009977012000000018,1,0.005579726280810429,take_profit
2025-09-12 23:00:00+00:00,2025-09-13 03:00:00+00:00,4695.17,4695.17,4751.5120400000005,5.3414180086795895,25103.96956137352,25354.432166934985,250.46260556146444,0.009977012000000243,1,0.005039221157061374,take_profit
2025-09-13 04:00:00+00:00,2025-10-06 13:00:00+00:00,4756.8,4580.652538650738,4635.620369114547,97.98971589858229,449306.1470395451,453788.87986023247,4482.73282068735,0.009977012000000098,10,0.19799024554322237,take_profit
2025-10-06 14:00:00+00:00,2025-10-06 15:00:00+00:00,4637.88,4637.88,4693.53456,5.458375098828189,25340.629332685967,25593.45309562573,252.82376293976267,0.00997701200000011,1,0.0016968959955841658,take_profit
2025-10-06 16:00:00+00:00,2025-10-06 19:00:00+00:00,4673.39,4673.39,4729.47068,5.419602740261806,25353.270520832957,25606.220405058553,252.94988422559618,0.009977011999999981,1,0.0028672976147936604,take_profit
2025-10-06 20:00:00+00:00,2025-10-07 12:00:00+00:00,4722.61,4679.721629076457,4735.878288625375,35.89924536746268,168166.64165529324,169844.4422570878,1677.800601794559,0.009977011999999992,3,0.01772113301754742,take_profit
2025-10-07 13:00:00+00:00,2026-07-31 23:00:00+00:00,4747.46,4416.604080303676,1862.6,115.13080083619673,508996.1609026791,214228.18700786252,-294767.9738948166,-0.5791163009403851,13,0.6828451424551233,eod_close
