entry_time,exit_time,p0,avg_entry,exit_price,qty,cost_quote,proceeds,pnl,pnl_pct,fills,max_dd_from_p0,reason
2021-01-01 00:00:00+00:00,2021-01-01 01:00:00+00:00,736.42,736.42,743.7841999999999,0.6782814154965919,500.00000000000017,503.99050500000016,3.9905049999999846,0.007981009999999967,1,0.00962765812987143,take_profit
2021-01-01 02:00:00+00:00,2021-01-02 12:00:00+00:00,748.27,735.9290833792077,743.2883742129998,1.7848124230193947,1314.810180657143,1325.3036938570694,10.493513199926383,0.007981009999999938,5,0.04541141566546837,take_profit
2021-01-02 13:00:00+00:00,2021-01-02 13:00:00+00:00,752.39,752.39,759.9139,0.6648459930476036,500.72420090999645,504.7204857647012,3.9962848547047543,0.007981010000000127,1,0.004359441247225472,take_profit
2021-01-02 14:00:00+00:00,2021-01-02 16:00:00+00:00,770.77,766.194450405095,773.856394909146,1.0076832848424535,772.8541948070716,779.0223518643688,6.168157057297208,0.007981010000000028,3,0.023054867210711344,take_profit
2021-01-02 17:00:00+00:00,2021-01-02 20:00:00+00:00,781.94,769.0437775903588,776.7342153662623,1.71148605490837,1317.525226186139,1328.0404081915829,10.515182005443876,0.00798101000000003,5,0.040693659360053265,take_profit
2021-01-02 21:00:00+00:00,2021-01-02 21:00:00+00:00,756.57,756.57,764.1357,0.6625380651146131,501.7581821058687,505.76271917483746,4.004537068968773,0.007981010000000028,1,0.007097823069907615,take_profit
2021-01-02 22:00:00+00:00,2021-01-02 23:00:00+00:00,768.94,768.94,776.6294,0.6521398945956223,501.9584089593171,505.96454404080555,4.006135081488424,0.007981010000000047,1,0.007750929851483908,take_profit
2021-01-03 00:00:00+00:00,2021-01-03 05:00:00+00:00,774.44,774.44,782.1844000000001,0.6477668470090364,502.1587157133916,506.1664494450874,4.007733731695794,0.007981010000000116,1,0.007398894685191904,take_profit
2021-01-03 06:00:00+00:00,2021-01-03 06:00:00+00:00,786.48,786.48,794.3448000000001,0.6381049019651821,502.3591023999764,506.3684354198217,4.0093330198453145,0.007981010000000156,1,0.0034965924117587224,take_profit
2021-01-03 07:00:00+00:00,2021-01-03 08:00:00+00:00,799.83,798.5939877999186,806.5799276779178,0.7424366195830294,593.4989196411439,598.235640453789,4.736720812645103,0.007981009999999894,2,0.01041471312653944,take_profit
2021-01-03 09:00:00+00:00,2021-01-03 09:00:00+00:00,817.31,817.31,825.4830999999999,0.6145692683149715,502.7964050916009,506.809228228601,4.012823137000112,0.007981009999999988,1,0.005273396875114639,take_profit
2021-01-03 10:00:00+00:00,2021-01-03 10:00:00+00:00,818.5,818.5,826.6850000000001,0.6139206465512553,502.9970462484509,507.0114707045303,4.014424456079439,0.007981010000000179,1,0.0024557116676847783,take_profit
2021-01-03 11:00:00+00:00,2021-01-03 12:00:00+00:00,825.69,825.69,833.9469,0.6088175582891685,503.19776747125485,507.21379388542056,4.016026414165708,0.007981009999999898,1,0.002034661919122266,take_profit
2021-01-03 13:00:00+00:00,2021-01-03 13:00:00+00:00,831.46,831.46,839.7746000000001,0.604833870809385,503.3985687919632,507.41619780347764,4.01762901151443,0.007981010000000165,1,0.0,take_profit
2021-01-03 14:00:00+00:00,2021-01-03 14:00:00+00:00,874.17,872.8191069540463,881.5472980235868,0.6807048999119896,594.7269698102364,599.4734917035616,4.74652189332528,0.007981010000000144,2,0.013578594552546994,take_profit
2021-01-03 15:00:00+00:00,2021-01-03 15:00:00+00:00,912.39,897.342318126285,906.3157413075479,1.4744056501772735,1324.3709549435107,1334.9407727786245,10.569817835113781,0.007981010000000056,5,0.036026260699919994,take_profit
2021-01-03 16:00:00+00:00,2021-01-03 16:00:00+00:00,917.95,917.9500000000002,927.1295000000001,0.5488979813298459,504.36526722896105,508.3906114703681,4.025344241407083,0.007981010000000144,1,0.00025055830927612414,take_profit
2021-01-03 17:00:00+00:00,2021-01-03 17:00:00+00:00,935.26,933.814701911346,943.1528489304594,0.6374639207633124,595.8690501970275,600.6246870453405,4.7556368483129745,0.007981009999999993,2,0.019523982635844567,take_profit
2021-01-03 18:00:00+00:00,2021-01-03 18:00:00+00:00,935.65,920.218700287003,929.420887289873,1.440513312961331,1326.914202802203,1337.5043183239095,10.590115521706593,0.007981010000000139,5,0.04993320151766155,take_profit
2021-01-03 19:00:00+00:00,2021-01-03 19:00:00+00:00,917.77,912.3218090328945,921.4450271232234,0.8537319082842123,779.6578968918495,785.8803543635224,6.222457471672897,0.007981010000000099,3,0.020037700077361414,take_profit
2021-01-03 20:00:00+00:00,2021-01-03 20:00:00+00:00,921.61,921.6100000000001,930.8261000000001,0.5481052722823999,505.64494493311577,509.6805022950764,4.0355573619606275,0.007981009999999964,1,0.0016601382363472322,take_profit
2021-01-03 21:00:00+00:00,2021-01-03 21:00:00+00:00,946.38,944.9175176901178,954.3666928670191,0.6315720680639093,597.3808916890524,602.1485945594317,4.767702870379253,0.007981010000000014,2,0.01049261396056547,take_profit
2021-01-03 22:00:00+00:00,2021-01-03 22:00:00+00:00,949.87,949.8700000000001,959.3687000000001,0.5322612808455768,506.0851079447328,510.12417825209076,4.039070307357974,0.007981009999999965,1,0.004969101034878486,take_profit
2021-01-03 23:00:00+00:00,2021-01-03 23:00:00+00:00,991.73,975.37379536753,985.1275333212053,1.3630475813675482,1330.8117044094072,1341.4329259304156,10.621221521008465,0.007981009999999957,5,0.03703629011928652,take_profit
2021-01-04 00:00:00+00:00,2021-01-04 00:00:00+00:00,978.33,972.5223045328914,982.2475275782203,0.8032371174243267,781.9479604843473,788.1886949764524,6.240734492105162,0.007981009999999976,3,0.02464403626588167,take_profit
2021-01-04 01:00:00+00:00,2021-01-04 02:00:00+00:00,975.8,970.0073234626306,979.7073966972569,0.8058155235312275,782.4293885737382,788.673965348239,6.2445767745008425,0.00798100999999994,3,0.020280795244927204,take_profit
2021-01-04 03:00:00+00:00,2021-01-04 03:00:00+00:00,979.46,979.4600000000002,989.2546000000002,0.5175657461370364,507.44238809948126,511.4922908733272,4.049902773845929,0.007981010000000174,1,0.0016539725971453703,take_profit
2021-01-04 04:00:00+00:00,2021-01-04 04:00:00+00:00,1021.41,1021.41,1031.6241,0.49650702299266253,507.6448832381736,511.69640212774635,4.051518889572776,0.007981010000000158,1,0.007499437052701626,take_profit
2021-01-04 05:00:00+00:00,2021-01-04 05:00:00+00:00,1027.7,1026.111850345669,1036.3729688491255,0.5838972839212925,599.7436660823703,604.5302262788102,4.78656019643995,0.00798100999999982,2,0.010654860367811662,take_profit
2021-01-04 06:00:00+00:00,2021-01-04 06:00:00+00:00,1084.45,1084.45,1095.2945,0.4680517316660811,508.08678719247416,512.1418329219251,4.055045729450967,0.007981009999999919,1,0.005403660841901542,take_profit
2021-01-04 07:00:00+00:00,2021-01-04 07:00:00+00:00,1104.99,1062.858220606621,1073.4868028126873,1.947402818985601,2071.884979971325,2088.420714715326,16.535734744001275,0.00798101000000016,7,0.08415460773400665,take_profit
2021-01-04 08:00:00+00:00,2021-01-04 08:00:00+00:00,1044.3,1027.076779468516,1037.347547263201,1.301665471371982,1338.2486289110143,1348.929204600839,10.680575689824764,0.007981009999999754,5,0.05785693766159146,take_profit
2021-01-04 09:00:00+00:00,2021-01-04 09:00:00+00:00,1022.64,966.2401604861544,975.902562091016,2.91065967685056,2815.2114847654284,2837.6797157774563,22.4682310120279,0.00798101000000006,8,0.11112414926073691,take_profit
2021-01-04 10:00:00+00:00,2021-01-04 10:00:00+00:00,969.94,942.9979560324934,952.4279355928184,1.8139975031476574,1712.3082459622499,1725.9741951963567,13.665949234106847,0.007981009999999808,6,0.0824174691218014,take_profit
2021-01-04 11:00:00+00:00,2021-01-04 11:00:00+00:00,965.28,952.0081075336476,961.5281886089841,1.2165267990745328,1159.3026784293413,1168.5550846989127,9.252406269571338,0.007981009999999983,4,0.032570860268523065,take_profit
2021-01-04 12:00:00+00:00,2021-01-04 12:00:00+00:00,976.97,971.1703779496683,980.882081729165,0.81245180094605,789.8189415321962,796.1224944027541,6.303552870557951,0.007981010000000099,3,0.02134149462112452,take_profit
2021-01-04 13:00:00+00:00,2021-01-04 13:00:00+00:00,1019.48,1002.6661257613358,1012.6927870189492,1.3415228084505217,1346.4459228924436,1357.1919212675077,10.745998375064119,0.00798101000000022,5,0.043365245026876484,take_profit
2021-01-04 14:00:00+00:00,2021-01-04 14:00:00+00:00,1012.56,1010.9952468483121,1021.1051993167953,0.5983746687721698,605.5595054685655,610.3924819373051,4.832976468739616,0.007981009999999901,2,0.010873429722683093,take_profit
2021-01-04 15:00:00+00:00,2021-01-04 15:00:00+00:00,1043.26,1041.6478047986984,1052.0642828466855,0.5810399960068077,605.8448812219577,610.6801352774389,4.835254055481187,0.007981009999999884,2,0.015557004006671413,take_profit
2021-01-04 16:00:00+00:00,2021-01-04 16:00:00+00:00,1040.0,1022.8476976417282,1033.0761746181456,1.3176739899841317,1349.1289358334923,1359.8963473616689,10.76741152817658,0.007981010000000089,5,0.05572115384615389,take_profit
2021-01-04 17:00:00+00:00,2021-01-04 17:00:00+00:00,1010.29,1004.2925792386361,1014.3355050310224,0.7885331049520197,792.7106564437579,799.0372881199419,6.326631676183979,0.007981009999999726,3,0.02448801829177762,take_profit
2021-01-04 18:00:00+00:00,2021-01-04 18:00:00+00:00,999.47,999.47,1009.4647,0.5138685156128335,514.1102755751339,518.2133948256018,4.103119250467898,0.007981009999999998,1,0.000550291654576994,take_profit
2021-01-04 19:00:00+00:00,2021-01-04 19:00:00+00:00,1015.09,1015.0900000000001,1025.2409000000002,0.5061631147052178,514.3154315376572,518.4201881399136,4.10475660225643,0.00798101000000014,1,0.0036252943088790784,take_profit
2021-01-04 20:00:00+00:00,2021-01-04 20:00:00+00:00,1042.16,1035.9733882146088,1046.333122096755,0.7655004144059513,793.8318898817022,800.1674701331671,6.335580251464876,0.00798101000000014,3,0.023700775312811895,take_profit
2021-01-04 21:00:00+00:00,2021-01-04 21:00:00+00:00,1019.69,1013.6367776815023,1023.7731454583173,0.7828507523418317,794.320634643958,800.6601155722577,6.339480928299736,0.00798100999999995,3,0.02646882876168248,take_profit
2021-01-04 22:00:00+00:00,2021-01-04 22:00:00+00:00,1006.18,1006.1799999999998,1016.2417999999999,0.5114783319131084,515.1544224267582,519.2658750236902,4.111452596932054,0.007981009999999752,1,0.0029616967143054965,take_profit
2021-01-04 23:00:00+00:00,2021-01-04 23:00:00+00:00,1012.72,1011.1549995933307,1021.266549589264,0.6012995018973598,608.6156132097046,613.4729805048873,4.857367295182712,0.00798100999999988,2,0.011483924480606679,take_profit
2021-01-05 00:00:00+00:00,2021-01-05 00:00:00+00:00,1041.45,1041.45,1051.8645000000001,0.49458664415760956,515.6028634213638,519.7178950303585,4.115031608994627,0.00798101000000017,1,0.0,take_profit
2021-01-05 01:00:00+00:00,2021-01-05 01:00:00+00:00,1095.14,1080.0826277187955,1090.8834539959835,1.0813959949314174,1169.1661940041108,1178.4973210901196,9.331127086008792,0.007981010000000037,4,0.030334021221031123,take_profit
2021-01-05 02:00:00+00:00,2021-01-05 02:00:00+00:00,1114.46,1096.07965876327,1107.0404553509027,1.2368709588794558,1357.0661647074994,1367.8969233386922,10.830758631192793,0.007981010000000437,5,0.041526838109936626,take_profit
2021-01-05 03:00:00+00:00,2021-01-05 03:00:00+00:00,1078.47,1048.5133159188847,1058.9984490780735,1.65075054300027,1732.5664920882011,1746.3941225872215,13.827630499020415,0.007981009999999747,6,0.0773966823370145,take_profit
2021-01-05 04:00:00+00:00,2021-01-05 04:00:00+00:00,1001.75,1000.2019520130135,1010.2039715331437,0.6104179844545427,611.1524120072902,616.0300255190446,4.877613511754362,0.007981010000000096,2,0.015722485650112302,take_profit
2021-01-05 05:00:00+00:00,2021-01-05 05:00:00+00:00,1004.05,998.0896219744355,1008.07051819418,0.799545945115495,798.8173274389562,805.1926965174198,6.375369078463564,0.007981009999999974,3,0.02948060355559973,take_profit
2021-01-05 06:00:00+00:00,2021-01-05 06:00:00+00:00,989.9,988.3702643350954,998.2539669784463,0.6183968488507343,611.8168738364267,616.699790424684,4.882916588257331,0.007981010000000116,2,0.010980907162339635,take_profit
2021-01-05 07:00:00+00:00,2021-01-05 07:00:00+00:00,1015.16,1013.5912289548596,1023.7271412444082,0.6032935919019967,612.1051984349715,616.9904161447329,4.885217709761378,0.007981009999999813,2,0.014017494779148133,take_profit
2021-01-05 08:00:00+00:00,2021-01-05 08:00:00+00:00,1003.52,1003.5200000000001,1013.5552000000001,0.5162234808577602,518.5591466570365,522.6977723920978,4.138625735061282,0.007981010000000014,1,9.964923469378693e-06,take_profit
2021-01-05 09:00:00+00:00,2021-01-05 09:00:00+00:00,1026.97,1026.97,1037.2397,0.5046372453585262,518.7660779437895,522.9063551995196,4.140277255730098,0.007981009999999874,1,0.004420771784959714,take_profit
2021-01-05 10:00:00+00:00,2021-01-05 10:00:00+00:00,1035.85,1029.7008464939188,1039.997854958858,0.7768281856098396,800.7013416444313,807.0917470591089,6.390405414677616,0.007981009999999992,3,0.0202828594873774,take_profit
2021-01-05 11:00:00+00:00,2021-01-05 11:00:00+00:00,1028.31,1028.31,1038.5931,0.5044911743202268,519.2926120773097,523.4370916072249,4.144479529915202,0.007981010000000139,1,0.004123270220069832,take_profit
2021-01-05 12:00:00+00:00,2021-01-05 12:00:00+00:00,1042.23,1040.6193965026434,1051.0255904676699,0.5889675569988899,613.5045682921132,618.4009543866982,4.896386094585068,0.007981010000000049,2,0.014353837444709935,take_profit
2021-01-05 13:00:00+00:00,2021-01-05 13:00:00+00:00,1028.98,1028.98,1039.2698,0.5046015575649442,519.7446553585348,523.8927426503978,4.148087291863021,0.007981010000000002,1,0.008280044315730123,take_profit
2021-01-05 14:00:00+00:00,2021-01-05 14:00:00+00:00,1023.75,1017.6726761578891,1027.849402919468,0.787492438692034,802.2117492871117,808.6142092802897,6.402459993178013,0.0079810100000001,3,0.022222222222222223,take_profit
2021-01-05 15:00:00+00:00,2021-01-05 15:00:00+00:00,1047.94,1046.320572590484,1056.7837783163889,0.5866292533436325,614.4166729297674,619.3203385405866,4.903665610819189,0.007981009999999978,2,0.011393782086760744,take_profit
2021-01-05 16:00:00+00:00,2021-01-05 16:00:00+00:00,1052.83,1051.2030158601056,1061.7150460187065,0.5841797514094146,614.706222708692,619.6121992191923,4.905976510500295,0.007981009999999995,2,0.015710038657712987,take_profit
2021-01-05 17:00:00+00:00,2021-01-05 17:00:00+00:00,1065.85,1065.85,1076.5085,0.4881004852127636,520.762664828853,524.9188768644786,4.1562120356256855,0.007981009999999927,1,0.004831824365529731,take_profit
2021-01-05 18:00:00+00:00,2021-01-05 18:00:00+00:00,1081.99,1080.317953639691,1091.121133176088,0.5689307300425801,615.2413233657013,620.1515705198963,4.910247154194963,0.00798101000000011,2,0.011035222136988378,take_profit
2021-01-05 19:00:00+00:00,2021-01-05 19:00:00+00:00,1074.0,1059.2332872235388,1069.8256200957742,1.1142413073531454,1181.4229056535792,1190.8518536778295,9.428948024250303,0.007981010000000026,4,0.03165735567970205,take_profit
2021-01-05 20:00:00+00:00,2021-01-05 22:00:00+00:00,1096.36,1094.6657470516468,1105.6124045221634,0.5622464504247516,616.0880187000475,621.0050233381729,4.917004638125377,0.007981010000000179,2,0.019993432814039046,take_profit
2021-01-05 23:00:00+00:00,2021-01-05 23:00:00+00:00,1108.18,1101.601471320781,1112.6174860339888,0.7302670248301041,805.2684975073994,811.6953534386909,6.42685593129147,0.007981009999999926,3,0.02442743958562703,take_profit
2021-01-06 00:00:00+00:00,2021-01-06 00:00:00+00:00,1100.16,1082.015502920696,1092.835657949903,1.2674594835998771,1372.7835941730998,1383.7397937660312,10.956199592931398,0.007981009999999962,5,0.03356784467713793,take_profit
2021-01-06 01:00:00+00:00,2021-01-06 01:00:00+00:00,1081.01,1074.5927615662413,1085.3386891819036,0.7498681318361573,806.6094760764109,813.0470343710716,6.4375582946606755,0.007981010000000097,3,0.021970194540291026,take_profit
2021-01-06 02:00:00+00:00,2021-01-06 02:00:00+00:00,1071.81,1071.81,1082.5281,0.4875875311821073,523.1243161124069,527.2993765105431,4.175060398136225,0.007981009999999894,1,0.0,take_profit
2021-01-06 03:00:00+00:00,2021-01-06 04:00:00+00:00,1077.47,1075.8049385929241,1086.5629879788535,0.5739083178000953,618.0314340229228,622.9639490781742,4.932515055251429,0.00798101000000023,2,0.015285808421580208,take_profit
2021-01-06 05:00:00+00:00,2021-01-06 05:00:00+00:00,1119.17,1112.5262309896216,1123.6514932995178,0.7253769313092476,807.8086721084031,814.2558011985872,6.447129090184035,0.007981010000000184,3,0.029307433187094167,take_profit
2021-01-06 06:00:00+00:00,2021-01-06 06:00:00+00:00,1101.8,1101.8,1112.818,0.47502101042679773,523.9020513395853,528.083318850347,4.1812675107617,0.007981009999999915,1,0.003893628607732768,take_profit
2021-01-06 07:00:00+00:00,2021-01-06 07:00:00+00:00,1113.16,1106.5519083681716,1117.6174274518532,0.7300334871803238,808.6285769890476,815.0822497482828,6.453672759235246,0.007981009999999861,3,0.02015882712278563,take_profit
2021-01-06 08:00:00+00:00,2021-01-06 08:00:00+00:00,1106.61,1104.8999072793818,1115.9489063521755,0.5599710954792524,619.3313428169768,624.2742324573125,4.942889640335693,0.007981009999999957,2,0.014006741309042935,take_profit
2021-01-06 09:00:00+00:00,2021-01-06 11:00:00+00:00,1110.85,1109.1333550223667,1120.2246885725904,0.5580966280292684,619.6232086814538,624.5684277061724,4.945219024718654,0.007981009999999813,2,0.017869199261826448,take_profit
2021-01-06 12:00:00+00:00,2021-01-06 12:00:00+00:00,1151.88,1145.042053443467,1156.4924739779017,0.7065935587580305,809.8892286989212,816.3529627320596,6.463734033138394,0.007981010000000021,3,0.024620620203493527,take_profit
2021-01-06 13:00:00+00:00,2021-01-06 15:00:00+00:00,1143.84,1142.0723741358277,1153.4930978771858,0.5425895918234095,620.2968801953463,625.2474757991541,4.950595603807869,0.007981010000000014,2,0.019967827668205273,take_profit
2021-01-06 16:00:00+00:00,2021-01-06 16:00:00+00:00,1144.01,1144.01,1155.4501,0.4588888395625187,525.4989202681852,529.6929324058348,4.194012137649565,0.007981009999999955,1,0.0,take_profit
2021-01-06 17:00:00+00:00,2021-01-06 17:00:00+00:00,1173.09,1173.09,1184.8209,0.4476919181428472,525.7086208750677,529.9043066353578,4.1956857602900755,0.007981009999999908,1,0.001781619483586015,take_profit
2021-01-06 18:00:00+00:00,2021-01-06 18:00:00+00:00,1192.27,1192.27,1204.1927,0.44066569380922027,525.9184051630822,530.1157652138727,4.197360050790508,0.007981009999999804,1,0.007171194444211424,take_profit
2021-01-06 19:00:00+00:00,2021-01-06 19:00:00+00:00,1191.77,1172.1146159793102,1183.8357621391033,1.178709626196281,1382.9657466067767,1394.0032100601031,11.037463453326382,0.007981010000000167,5,0.035048709062990326,take_profit
2021-01-06 20:00:00+00:00,2021-01-06 20:00:00+00:00,1160.78,1141.6357216043898,1153.0520788204337,1.211447699212099,1384.4163846606432,1395.4654256707836,11.0490410101404,0.00798100999999997,5,0.03805199951756584,take_profit
2021-01-06 21:00:00+00:00,2021-01-06 23:00:00+00:00,1197.33,1190.2222469783885,1202.1244694481725,0.682755794435817,813.4445803712841,819.9366897016732,6.492109330389098,0.007981010000000094,3,0.020219989476585435,take_profit
2021-01-07 00:00:00+00:00,2021-01-07 00:00:00+00:00,1208.75,1206.882065880439,1218.9508865392436,0.5157064916624516,623.0199359815145,627.9922643207824,4.972328339267847,0.007981010000000031,2,0.017166494312306102,take_profit
2021-01-07 01:00:00+00:00,2021-01-07 03:00:00+00:00,1199.8,1197.945896705978,1209.9253556730378,0.5197982883059805,623.3135401310714,628.2882117279928,4.974671596921439,0.00798100999999993,2,0.01657776296049331,take_profit
2021-01-07 04:00:00+00:00,2021-01-07 10:00:00+00:00,1213.17,1193.161674373092,1205.093291116823,1.1621569093713215,1388.0291129827265,1399.1069872137327,11.077874231006263,0.007981009999999995,5,0.04462688658638121,take_profit
2021-01-07 11:00:00+00:00,2021-01-07 11:00:00+00:00,1183.53,1183.53,1195.3653,0.4461904971704232,528.6084475636746,532.8272768697648,4.218829306090129,0.007981009999999936,1,0.0004224649987748515,take_profit
2021-01-07 12:00:00+00:00,2021-01-07 12:00:00+00:00,1201.32,1201.32,1213.3332,0.43975840711879455,528.8193890289792,533.0399018610135,4.220512832034274,0.00798101000000019,1,0.0030632970399226155,take_profit
2021-01-07 13:00:00+00:00,2021-01-07 15:00:00+00:00,1226.86,1224.9640797071982,1237.2137205042702,0.5095128734083638,624.759727801448,629.7459414366286,4.986213635180661,0.007981010000000044,2,0.014557488221964936,take_profit
2021-01-07 16:00:00+00:00,2021-01-07 16:00:00+00:00,1249.84,1249.84,1262.3383999999999,0.42305450747854745,529.27972535234,533.5039121331743,4.224186780834202,0.007981009999999854,1,0.008929142930294962,take_profit
2021-01-07 17:00:00+00:00,2021-01-07 18:00:00+00:00,1263.97,1194.260517532743,1206.2031227080704,2.446603750065891,2924.80706781906,2948.149982275394,23.3429144563338,0.007981009999999728,8,0.10520028165225442,take_profit
2021-01-07 19:00:00+00:00,2021-01-07 19:00:00+00:00,1223.25,1203.0754289810038,1215.106183270814,1.158263033456738,1394.8726685173212,1406.0051612334848,11.132492716163597,0.007981010000000123,5,0.043531575720416923,take_profit
2021-01-07 20:00:00+00:00,2021-01-07 21:00:00+00:00,1234.23,1234.23,1246.5723,0.4299713103270513,531.2147050500066,535.4543349231577,4.239629873151102,0.007981009999999905,1,0.008766599418260726,take_profit
2021-01-07 22:00:00+00:00,2021-01-08 07:00:00+00:00,1254.25,1185.0765873521073,1196.9273532256284,2.474577865972789,2935.4997923364294,2958.9280455340645,23.42825319763506,0.007981010000000031,8,0.15088698425353797,take_profit
2021-01-08 08:00:00+00:00,2021-01-08 09:00:00+00:00,1208.2,1201.0277190075328,1213.0379961976082,0.6834988450766563,821.7227816283279,828.2809593657314,6.5581777374035255,0.00798101000000003,3,0.021908624399933806,take_profit
2021-01-08 10:00:00+00:00,2021-01-08 10:00:00+00:00,1221.51,1221.51,1233.7251,0.43584832058871864,532.9260080904161,537.1792958902458,4.253287799829764,0.007981010000000135,1,0.004322518849620529,take_profit
2021-01-08 11:00:00+00:00,2021-01-08 11:00:00+00:00,1251.47,1251.47,1263.9847,0.4255839403325107,533.1386724804075,537.3936575568605,4.254985076452954,0.00798101000000018,1,0.009165221699281667,take_profit
2021-01-08 12:00:00+00:00,2021-01-08 12:00:00+00:00,1255.24,1247.7884737684285,1260.2663585061127,0.6588153223937829,822.8850506756693,829.4525044939622,6.567453818292961,0.007981009999999924,3,0.024186609732003362,take_profit
2021-01-08 13:00:00+00:00,2021-01-08 13:00:00+00:00,1249.91,1242.4901144385908,1254.9150155829768,0.6620320609280741,823.3916828273661,829.9631800819284,6.571497254562246,0.007981010000000253,3,0.022633629621332887,take_profit
2021-01-08 14:00:00+00:00,2021-01-08 15:00:00+00:00,1250.0,1229.3842519732311,1241.6780944929635,1.1406323618797485,1403.6791421281225,1414.8819193982388,11.202777270116258,0.007981010000000207,5,0.06262399999999997,take_profit
2021-01-08 16:00:00+00:00,2021-01-08 16:00:00+00:00,1216.93,1215.0494249694998,1227.1999192191947,0.5190477354835836,631.2999524835328,636.3383637173034,5.038411233770603,0.007981010000000004,2,0.012268577485968843,take_profit
2021-01-08 17:00:00+00:00,2021-01-08 18:00:00+00:00,1227.22,1206.979953365271,1219.0497528989238,1.1635718395466506,1405.8136983314905,1417.033511516011,11.21981318452049,0.007981009999999915,5,0.04418115741268886,take_profit
2021-01-08 19:00:00+00:00,2021-01-08 19:00:00+00:00,1182.55,1182.55,1194.3754999999999,0.4522819652047871,535.3814193722932,539.6543038341177,4.27288446182456,0.007981010000000177,1,0.0024692402012598583,take_profit
2021-01-08 20:00:00+00:00,2021-01-08 20:00:00+00:00,1184.75,1165.2103940202287,1176.862497960431,1.2070283948607285,1407.8498814507243,1419.0859454330816,11.236063982357336,0.007981010000000207,5,0.03510445241612148,take_profit
2021-01-08 21:00:00+00:00,2021-01-08 21:00:00+00:00,1146.34,1146.34,1157.8034,0.46724419450399335,536.1568667945022,540.4359401099578,4.279073315455548,0.007981009999999922,1,0.009447458869096367,take_profit
2021-01-08 22:00:00+00:00,2021-01-08 22:00:00+00:00,1193.63,1186.5442114210903,1198.4096535353012,0.6967426919773849,827.5435515672812,834.1481849277751,6.604633360493949,0.007981009999999955,3,0.022888164674145388,take_profit
2021-01-08 23:00:00+00:00,2021-01-08 23:00:00+00:00,1216.85,1216.85,1229.0185,0.44061663399447043,536.7010521282996,540.9844685923462,4.2834164640465815,0.00798101000000019,1,0.006960594978838641,take_profit
2021-01-09 00:00:00+00:00,2021-01-09 00:00:00+00:00,1216.72,1209.4971414259603,1221.59211284022,0.6842141870438472,828.3834868394599,834.9948237317604,6.611336892300528,0.007981009999999915,3,0.02768097836807159,take_profit
2021-01-09 01:00:00+00:00,2021-01-09 02:00:00+00:00,1197.91,1190.7988039035868,1202.7067919426227,0.6953858267560483,828.8935042568661,835.5089116032751,6.615407346409029,0.007981009999999926,3,0.022163601606130828,take_profit
2021-01-09 03:00:00+00:00,2021-01-09 03:00:00+00:00,1199.66,1199.66,1211.6566,0.44765932314428586,537.5765601634374,541.8669640658674,4.290403902429944,0.007981009999999903,1,0.0062934498107798725,take_profit
2021-01-09 04:00:00+00:00,2021-01-09 05:00:00+00:00,1226.53,1206.3013332581816,1218.3643465907635,1.1706930989526199,1413.622268371069,1424.904401831161,11.282133460092155,0.00798100999999998,5,0.03707206509420889,take_profit
2021-01-09 06:00:00+00:00,2021-01-09 07:00:00+00:00,1185.4,1185.4,1197.2540000000001,0.4537007186135752,538.3551870315637,542.6518051628144,4.296618131250739,0.007981009999999924,1,0.009912265901805297,take_profit
2021-01-09 08:00:00+00:00,2021-01-09 08:00:00+00:00,1196.5,1196.5,1208.465,0.44967108058519684,538.5700179381262,542.8683506369905,4.2983326988643284,0.007981009999999933,1,0.00991224404513155,take_profit
2021-01-09 09:00:00+00:00,2021-01-09 09:00:00+00:00,1208.02,1208.02,1220.1002,0.4455606278360428,538.7849345730694,543.0849825237466,4.30004795067714,0.007981010000000236,1,0.0029469710766377587,take_profit
2021-01-09 10:00:00+00:00,2021-01-09 10:00:00+00:00,1211.93,1211.93,1224.0493000000001,0.4443003614347632,538.9999369706032,543.3017008575649,4.30176388696168,0.007981009999999863,1,0.006328748360053859,take_profit
2021-01-09 11:00:00+00:00,2021-01-09 11:00:00+00:00,1218.39,1218.39,1230.5739,0.4421210040625631,539.2150251649513,543.518505672943,4.303480507991708,0.007981009999999964,1,0.0031927379574685443,take_profit
2021-01-09 12:00:00+00:00,2021-01-09 14:00:00+00:00,1220.65,1220.65,1232.8565,0.44147853110323226,539.4301991903509,543.7353970043911,4.305197814040184,0.007981010000000004,1,0.00790562405275885,take_profit
2021-01-09 15:00:00+00:00,2021-01-09 18:00:00+00:00,1223.17,1215.908852059629,1228.0679405802252,0.6840671106995777,832.5958511536244,839.2408069676399,6.644955814015475,0.007981009999999865,3,0.023782466868873618,take_profit
2021-01-09 19:00:00+00:00,2021-01-09 20:00:00+00:00,1224.69,1224.69,1236.9369000000002,0.44046879550325546,539.9777068717538,544.2872743500743,4.3095674783205595,0.007981010000000045,1,0.005838212118985287,take_profit
2021-01-09 21:00:00+00:00,2021-01-09 21:00:00+00:00,1271.14,1271.14,1283.8514,0.42454253037464323,540.1931852456697,544.5044724590472,4.3112872133774545,0.007981009999999837,1,0.007583743726104205,take_profit
2021-01-09 22:00:00+00:00,2021-01-09 22:00:00+00:00,1287.95,1287.95,1300.8295,0.4191687106306397,540.4087496063387,544.7217572410344,4.313007634695737,0.007981010000000096,1,0.009029853643386862,take_profit
2021-01-09 23:00:00+00:00,2021-01-10 01:00:00+00:00,1286.65,1284.6616836112241,1297.5083004473363,0.4964834156971101,638.4516723668676,643.5471615485442,5.095489181676612,0.007981009999999872,2,0.015388800373061968,take_profit
2021-01-10 02:00:00+00:00,2021-01-10 02:00:00+00:00,1323.5,1321.4547376982514,1334.669285075234,0.4828873650515968,638.7525488709284,643.8504393509929,5.097890480064507,0.007981010000000217,2,0.010253116735927418,take_profit
2021-01-10 03:00:00+00:00,2021-01-10 07:00:00+00:00,1337.99,1330.047241975574,1343.3477143953298,0.6270887564513039,834.8925635555048,841.5558494541668,6.663285898662025,0.007981009999999887,3,0.0250226085396752,take_profit
2021-01-10 08:00:00+00:00,2021-01-10 10:00:00+00:00,1344.77,1322.5912484208338,1335.817160905042,1.0750577816613398,1423.2852988708744,1434.644553074016,11.359254203141518,0.007981010000000057,5,0.045695546450322394,take_profit
2021-01-10 11:00:00+00:00,2021-01-10 11:00:00+00:00,1318.57,1296.8233544994746,1309.7915880444693,1.097569261268606,1424.7782294232873,1436.1493987200968,11.371169296809512,0.007981009999999974,5,0.04623948671667036,take_profit
2021-01-10 12:00:00+00:00,2021-01-10 12:00:00+00:00,1259.28,1257.333979666531,1269.9073194631962,0.5091315568318343,640.7891957209077,645.9033406998482,5.1141449789404305,0.007981009999999858,2,0.017692649768121446,take_profit
2021-01-10 13:00:00+00:00,2021-01-10 13:00:00+00:00,1290.43,1290.43,1303.3343,0.4202603800503306,542.8594616900382,547.192028482381,4.3325667923428455,0.007981010000000063,1,0.003432964205729922,take_profit
2021-01-10 14:00:00+00:00,2021-01-10 16:00:00+00:00,1309.77,1301.9947653736933,1315.0147130274302,0.6428988487924667,837.8888246171824,844.5760237053404,6.687199088157968,0.007981009999999986,3,0.025783152767279736,take_profit
2021-01-10 17:00:00+00:00,2021-01-10 17:00:00+00:00,1297.38,1275.9828326600245,1288.7426609866247,1.1183260096514478,1428.3931828152515,1439.7932030912318,11.400020275980296,0.007981009999999962,5,0.037606560915075145,take_profit
2021-01-10 18:00:00+00:00,2021-01-10 18:00:00+00:00,1300.81,1293.0879549430463,1306.0188344924768,0.6484051120167106,839.2841243967018,845.9824593863532,6.698334989651357,0.007981010000000044,3,0.021378986938907257,take_profit
2021-01-10 19:00:00+00:00,2021-01-10 19:00:00+00:00,1283.64,1276.0198818298538,1288.7800806481523,0.6574827431683198,839.8008530959034,846.5033121024703,6.702459006566869,0.00798100999999992,3,0.022132373562681187,take_profit
2021-01-10 20:00:00+00:00,2021-01-10 20:00:00+00:00,1263.32,1228.2287335453425,1240.511020880796,1.485106157322902,1825.8759307198181,1840.4482647816521,14.572334061833999,0.007981009999999903,6,0.07386885349713448,take_profit
2021-01-10 21:00:00+00:00,2021-01-10 21:00:00+00:00,1258.33,1258.33,1270.9133,0.43298159329696023,545.3791074007647,549.7317835107212,4.352676109956519,0.007981009999999894,1,0.0037589503548353916,take_profit
2021-01-10 22:00:00+00:00,2021-01-10 22:00:00+00:00,1270.59,1270.59,1283.2958999999998,0.42897484197503233,545.5967412062625,549.9511542537972,4.354413047534649,0.007981010000000103,1,0.007138416011459194,take_profit
2021-01-10 23:00:00+00:00,2021-01-11 03:00:00+00:00,1273.08,1149.9485548437922,1161.44804039223,3.992041807670925,4595.237945552734,4631.912585548568,36.674639995833786,0.007981009999999556,10,0.20593364124799696,take_profit
2021-01-11 04:00:00+00:00,2021-01-11 04:00:00+00:00,1105.02,1086.7953488923679,1097.6633023812915,1.3232416428312823,1439.5323952850188,1451.021317727112,11.488922442093326,0.007981009999999749,5,0.049790954009882156,take_profit
2021-01-11 05:00:00+00:00,2021-01-11 05:00:00+00:00,1114.0,1098.6833165428511,1109.6701497082797,1.1298936893645894,1242.637983955881,1252.5554901322128,9.917506176331699,0.007981009999999978,4,0.03063734290843816,take_profit
2021-01-11 06:00:00+00:00,2021-01-11 06:00:00+00:00,1094.18,1063.7869389154314,1074.4248083045857,1.7274831248158393,1839.5134988747811,1854.1946745044352,14.681175629654035,0.007981009999999684,6,0.072364693194904,take_profit
2021-01-11 07:00:00+00:00,2021-01-11 07:00:00+00:00,1027.93,1026.3414949166327,1036.604909865799,0.6315913869354487,648.8773255693673,654.0560219935096,5.178696424142345,0.007981009999999952,2,0.016372710204002258,take_profit
2021-01-11 08:00:00+00:00,2021-01-11 08:00:00+00:00,1071.98,1071.98,1082.6998,0.5122873536662532,549.7115088920422,554.0987619416247,4.387253049582569,0.007981010000000165,1,0.00837702195936493,take_profit
2021-01-11 09:00:00+00:00,2021-01-11 09:00:00+00:00,1108.69,1102.1084437894897,1113.1295282273845,0.7690861214640861,848.4647732401185,855.2363790799956,6.771605839877111,0.007981009999999992,3,0.022016974988500013,take_profit
2021-01-11 10:00:00+00:00,2021-01-11 10:00:00+00:00,1135.3,1128.5604778921138,1139.846082671035,0.7515221237340448,848.9871542620518,855.762929230089,6.775774968037126,0.007981010000000174,3,0.02294547696644055,take_profit
2021-01-11 11:00:00+00:00,2021-01-11 11:00:00+00:00,1112.01,1093.6700656294022,1104.6067662856963,1.3220310419814487,1447.3130895374957,1458.8641097782252,11.551020240729486,0.007981009999999887,5,0.04302119585255521,take_profit
2021-01-11 12:00:00+00:00,2021-01-11 12:00:00+00:00,1067.65,1061.3120710134021,1071.9251917235363,0.8004719421121079,850.400935606728,857.1879939778149,6.787058371086914,0.007981010000000307,3,0.02716245960754929,take_profit
2021-01-11 13:00:00+00:00,2021-01-11 13:00:00+00:00,1073.3,1055.598494114295,1066.1544790554378,1.3719927812045243,1449.7232370121915,1461.293492664018,11.570255651826528,0.007981009999999901,5,0.0444144228081616,take_profit
2021-01-11 14:00:00+00:00,2021-01-11 14:00:00+00:00,1026.24,997.7341097374953,1007.7114508348702,1.8532100933865217,1850.8617844660075,1865.6335308764487,14.77174641044121,0.007981010000000087,6,0.07429061428125976,take_profit
2021-01-11 15:00:00+00:00,2021-01-11 15:00:00+00:00,1038.53,1021.4019417614076,1031.6159611790217,1.4213132793536494,1453.1853287118033,1464.7832153521056,11.59788664030225,0.007981010000000042,5,0.06287733623487039,take_profit
2021-01-11 16:00:00+00:00,2021-01-11 16:00:00+00:00,977.21,961.0932678966088,970.704200575575,1.5120852068214468,1454.7096223845283,1466.3196744278757,11.610052043347423,0.007981010000000191,5,0.06366083032306263,take_profit
2021-01-11 17:00:00+00:00,2021-01-11 17:00:00+00:00,963.57,947.678226939077,957.1550092084678,1.5350983467486383,1456.2355149387968,1467.8577451458787,11.622230207081884,0.007981010000000135,5,0.046846622456074904,take_profit
2021-01-11 18:00:00+00:00,2021-01-11 18:00:00+00:00,998.15,996.6075152501015,1006.5735904026026,0.6565092642810662,654.9370036174431,660.1640623926838,5.227058775240721,0.007981009999999804,2,0.015428542804187725,take_profit
2021-01-11 19:00:00+00:00,2021-01-11 19:00:00+00:00,993.52,977.1342736163557,986.9056163525192,1.491086314610696,1458.449992919331,1470.08989689732,11.639903977988979,0.00798100999999991,5,0.04883646026250099,take_profit
2021-01-11 20:00:00+00:00,2021-01-11 20:00:00+00:00,984.15,978.3077550581553,988.0908326087368,0.8750699576155423,856.9446704241203,863.783954408222,6.839283984101712,0.007981010000000122,3,0.026571152771427096,take_profit
2021-01-11 21:00:00+00:00,2021-01-11 21:00:00+00:00,1019.99,1018.4137649450998,1028.5979025945508,0.6438252180125825,656.3368010438376,661.5750316163366,5.238230572498992,0.007981010000000174,2,0.01371582074334063,take_profit
2021-01-11 22:00:00+00:00,2021-01-11 22:00:00+00:00,1032.05,1032.05,1042.3705,0.5382248398350081,556.0309769286488,560.4686657158261,4.437688787177308,0.007981009999999986,1,0.009398769439465077,take_profit
2021-01-11 23:00:00+00:00,2021-01-11 23:00:00+00:00,1057.86,1057.86,1068.4386,0.5253026000667761,556.2528613680076,560.6923210171145,4.43945964910688,0.007981010000000354,1,0.00018906093433896558,take_profit
2021-01-12 00:00:00+00:00,2021-01-12 00:00:00+00:00,1087.0,1069.0725455159218,1079.763270971081,1.3668587062416429,1462.7338502926452,1474.4079437791695,11.67409348652427,0.007981010000000113,5,0.04476540938362473,take_profit
2021-01-12 01:00:00+00:00,2021-01-12 01:00:00+00:00,1061.87,1060.2290459536393,1070.8313364131757,0.6198677077291898,657.8596079911795,663.109992101153,5.250384109973538,0.00798100999999978,2,0.019550415775942433,take_profit
2021-01-12 02:00:00+00:00,2021-01-12 02:00:00+00:00,1055.12,1053.48947702318,1064.0243717934118,0.6241272223232845,658.169630671959,663.4224890760481,5.252858404089125,0.007981009999999868,2,0.010472742436879175,take_profit
2021-01-12 03:00:00+00:00,2021-01-12 03:00:00+00:00,1069.27,1069.27,1079.9627,0.5209405645434192,557.5837011504924,562.0337822452115,4.450081094719053,0.00798100999999993,1,0.006228548448941878,take_profit
2021-01-12 04:00:00+00:00,2021-01-12 04:00:00+00:00,1088.72,1087.0375534770233,1097.9079290117936,0.6053919862069325,658.7425661471268,663.9999971549728,5.25743100784598,0.007981010000000151,2,0.011453817326769075,take_profit
2021-01-12 05:00:00+00:00,2021-01-12 05:00:00+00:00,1095.25,1095.25,1106.2025,0.5090262567257385,558.0690767556207,562.5230316378982,4.453954882277458,0.007981010000000146,1,0.00292170737274599,take_profit
2021-01-12 06:00:00+00:00,2021-01-12 06:00:00+00:00,1129.6,1129.6,1140.896,0.4937442304578921,558.2917744997346,562.7475067349347,4.4557322352001165,0.007981009999999981,1,0.005754249291784703,take_profit
2021-01-12 07:00:00+00:00,2021-01-12 07:00:00+00:00,1138.0,1136.2413989426595,1147.6038129320862,0.5799115595098159,659.5791007411937,664.8432081400002,5.264107398806573,0.00798101000000015,2,0.013181019332161687,take_profit
2021-01-12 08:00:00+00:00,2021-01-12 08:00:00+00:00,1139.25,1132.4870293654458,1143.8118996591002,0.7604962632551588,862.1142682856425,868.9948108819729,6.880542596330315,0.007981009999999907,3,0.02987930656133418,take_profit
2021-01-12 09:00:00+00:00,2021-01-12 10:00:00+00:00,1116.8,1098.3810660829636,1109.3648767437933,1.3367144842020338,1469.6915717781467,1481.421194909424,11.729623131277322,0.007981010000000146,5,0.045531876790830865,take_profit
2021-01-12 11:00:00+00:00,2021-01-12 11:00:00+00:00,1084.49,1084.49,1095.3349,0.5155866504006931,559.7082747678154,564.1753121058201,4.4670373380047295,0.007981010000000083,1,0.0002305231030253852,take_profit
2021-01-12 12:00:00+00:00,2021-01-12 12:00:00+00:00,1099.15,1097.4514355429035,1108.4259498983324,0.6019321800152105,661.2525876448071,666.530051159326,5.2774635145188995,0.007981009999999724,2,0.014875130782877801,take_profit
2021-01-12 13:00:00+00:00,2021-01-12 13:00:00+00:00,1086.82,1068.8955141836377,1079.5844693254742,1.3762256009225564,1472.5138852160176,1484.2660332590658,11.752148043048237,0.007981010000000236,5,0.05739680903921522,take_profit
2021-01-12 14:00:00+00:00,2021-01-12 14:00:00+00:00,1025.71,1024.124925579504,1034.366174835299,0.6460109220958183,662.2581456605872,667.5436345436859,5.285488883098765,0.007981010000000245,2,0.01889422936307533,take_profit
2021-01-12 15:00:00+00:00,2021-01-12 15:00:00+00:00,1035.7,1035.7,1046.057,0.5411666836681396,561.0473816567489,565.5251064202253,4.477724763476317,0.007981009999999978,1,0.00017379550062765633,take_profit
2021-01-12 16:00:00+00:00,2021-01-12 16:00:00+00:00,1053.54,1053.54,1064.0754,0.5322151950823205,561.2712678949229,565.7507794967049,4.479511601782065,0.00798101000000001,1,0.0007118856426903583,take_profit
2021-01-12 17:00:00+00:00,2021-01-12 17:00:00+00:00,1106.8,1106.8,1117.868,0.5068067837292527,561.4952434750119,565.9765426281383,4.481299153126429,0.007981009999999865,1,0.009550054210336048,take_profit
2021-01-12 18:00:00+00:00,2021-01-12 18:00:00+00:00,1117.65,1111.0152542201367,1122.1254067623381,0.7792746241423554,866.6526472961165,873.5694107407135,6.916763444596995,0.00798101000000025,3,0.024050463025097397,take_profit
2021-01-12 19:00:00+00:00,2021-01-12 19:00:00+00:00,1104.39,1086.1757392293734,1097.0374966216673,1.3588509701231695,1477.428385361446,1489.2197560793,11.791370717853852,0.007981010000000201,5,0.04006736750604405,take_profit
2021-01-12 20:00:00+00:00,2021-01-12 22:00:00+00:00,1082.76,1064.9024741332285,1075.5514988745608,1.3874501807917297,1478.9781083700782,1490.7818474427609,11.803739072682674,0.007981009999999998,5,0.038568103734899696,take_profit
2021-01-12 23:00:00+00:00,2021-01-13 00:00:00+00:00,1052.91,1035.5447781961077,1045.9002259780689,1.428280996263095,1480.5294569339162,1492.3455773350004,11.816120401084163,0.007981010000000005,5,0.06214206342422435,take_profit
2021-01-13 01:00:00+00:00,2021-01-13 01:00:00+00:00,991.31,991.3100000000001,1001.2231,0.568209613951604,563.835708114479,568.3356865392979,4.499978424818892,0.007981010000000273,1,0.0014929739435695238,take_profit
2021-01-13 02:00:00+00:00,2021-01-13 02:00:00+00:00,1031.17,1029.5764880032534,1039.872252883286,0.6463460596610268,666.1288349755168,671.4452158687446,5.316380893227802,0.007981009999999778,2,0.015652123316233113,take_profit
2021-01-13 03:00:00+00:00,2021-01-13 03:00:00+00:00,1030.73,1030.73,1041.0373,0.546954294096709,564.3265260803813,568.830421728294,4.503895647912714,0.007981009999999875,1,0.002027689113540809,take_profit
2021-01-13 04:00:00+00:00,2021-01-13 06:00:00+00:00,1046.72,1029.4568673803365,1039.7514360541397,1.4400608766249643,1483.9645234107277,1495.8080591117136,11.843535700985967,0.007981009999999808,5,0.03432627636808321,take_profit
2021-01-13 07:00:00+00:00,2021-01-13 07:00:00+00:00,1044.49,1044.49,1054.9349,0.5405305495985395,565.1438976478263,569.6543167463926,4.510419098566331,0.007981010000000094,1,0.0020296987046310813,take_profit
2021-01-13 08:00:00+00:00,2021-01-13 10:00:00+00:00,1076.33,1069.940543618091,1080.639949054272,0.8144489586791946,872.2842458442499,879.2459551331754,6.961709288925476,0.007981010000000068,3,0.020941532801278386,take_profit
2021-01-13 11:00:00+00:00,2021-01-13 11:00:00+00:00,1079.61,1073.2010724364527,1083.9330831608172,0.81247446829125,872.8212919893956,879.7872874489758,6.965995459580199,0.0079810099999999,3,0.021869008252980153,take_profit
2021-01-13 12:00:00+00:00,2021-01-13 13:00:00+00:00,1061.64,1059.999401382676,1070.5993953965028,0.6300270181198593,668.496758820784,673.8320381379003,5.335279317116374,0.007981010000000163,2,0.015607927357673187,take_profit
2021-01-13 14:00:00+00:00,2021-01-13 14:00:00+00:00,1067.2,1065.5508092720618,1076.2063173647823,0.627040002929094,668.8117943614136,674.1495879803299,5.337793618916294,0.007981009999999863,2,0.015001874062968507,take_profit
2021-01-13 15:00:00+00:00,2021-01-13 15:00:00+00:00,1055.99,1055.99,1066.5499,0.5360210399999001,566.5994574869816,571.1214934231797,4.522035936198108,0.007981009999999882,1,0.006231119612875053,take_profit
2021-01-13 16:00:00+00:00,2021-01-13 18:00:00+00:00,1071.14,1071.14,1081.8514,0.5286505346868828,566.8255592837914,571.3493997406911,4.52384045689962,0.007981010000000155,1,0.009671938308717933,take_profit
2021-01-13 19:00:00+00:00,2021-01-13 20:00:00+00:00,1103.51,1101.8046978446523,1112.822744823099,0.6071778927986423,669.6611158287895,675.0056878908304,5.344572062040811,0.007981010000000125,2,0.011110003534177298,take_profit
2021-01-13 21:00:00+00:00,2021-01-13 21:00:00+00:00,1110.87,1110.87,1121.9787,0.5101872054604307,567.3189799097383,571.8467583615878,4.5277784518494855,0.007981010000000115,1,0.00794872487329744,take_profit
2021-01-13 22:00:00+00:00,2021-01-13 22:00:00+00:00,1126.89,1125.1485677104515,1136.400053387556,0.5950981317328815,670.2440546210382,675.5932791234093,5.349224502371044,0.007981009999999988,2,0.016603217705366127,take_profit
2021-01-13 23:00:00+00:00,2021-01-13 23:00:00+00:00,1118.23,1118.23,1129.4123,0.5072704338350714,567.8128300574494,572.3445499322662,4.531719874816758,0.007981009999999919,1,0.0,take_profit
2021-01-14 00:00:00+00:00,2021-01-14 00:00:00+00:00,1129.79,1129.79,1141.0879,0.5022804031148613,568.0394160511903,572.5729443110891,4.533528259898844,0.007981010000000236,1,0.0010621442923021496,take_profit
2021-01-14 01:00:00+00:00,2021-01-14 06:00:00+00:00,1133.99,1115.2875583160996,1126.4404338992606,1.3379816490698033,1493.7280144772867,1505.64947269811,11.921458220823297,0.007981009999999952,5,0.04170230778049186,take_profit
2021-01-14 07:00:00+00:00,2021-01-14 07:00:00+00:00,1121.18,1121.18,1132.3918,0.5068707105102224,568.8621653752264,573.4022600057077,4.540094630481349,0.007981010000000023,1,0.0029522467400418958,take_profit
2021-01-14 08:00:00+00:00,2021-01-14 08:00:00+00:00,1147.85,1147.85,1159.3284999999998,0.4952912670964356,569.0891701067503,573.631076464264,4.541906357513653,0.007981009999999962,1,2.613581914010778e-05,take_profit
2021-01-14 09:00:00+00:00,2021-01-14 10:00:00+00:00,1157.01,1155.2220219601465,1166.774242179748,0.581414698647541,672.3353991681297,677.7013147122445,5.365915544114841,0.00798101000000001,2,0.013163239729993706,take_profit
2021-01-14 11:00:00+00:00,2021-01-14 13:00:00+00:00,1168.85,1167.0437250915006,1178.7141623424156,0.5757964136336277,672.6522437050203,678.0206879885526,5.3684442835323125,0.007981010000000162,2,0.018257261410788313,take_profit
2021-01-14 14:00:00+00:00,2021-01-14 14:00:00+00:00,1193.41,1193.41,1205.3441,0.47702225591589836,569.8529834160083,574.4009857751813,4.548002359172983,0.007981009999999976,1,0.005086265407529821,take_profit
2021-01-14 15:00:00+00:00,2021-01-14 15:00:00+00:00,1208.39,1206.5226222041483,1218.5878484261898,0.5574404790303348,673.2377862686848,678.610903773273,5.373117504588208,0.007981009999999959,2,0.01151945977705879,take_profit
2021-01-14 16:00:00+00:00,2021-01-14 16:00:00+00:00,1212.99,1212.99,1225.1199,0.46973074004714566,570.3490394091964,574.9010007962115,4.551961387015126,0.007981009999999887,1,0.00023083454933674037,take_profit
2021-01-14 17:00:00+00:00,2021-01-14 17:00:00+00:00,1225.18,1225.18,1237.4318,0.4652427078805306,570.5766374785471,575.1304153280298,4.553777849482685,0.007981010000000045,1,0.006978566414730859,take_profit
2021-01-14 18:00:00+00:00,2021-01-14 19:00:00+00:00,1219.35,1217.4656852379017,1229.6403420902807,0.5531315122248401,674.0927282857774,679.4726690911535,5.379940805376123,0.007981010000000075,2,0.013244761553286476,take_profit
2021-01-14 20:00:00+00:00,2021-01-14 23:00:00+00:00,1231.2,1210.8943128235537,1223.0032559517892,1.2384284067037532,1501.107021538248,1513.087371688215,11.980350149966853,0.00798100999999992,5,0.05484080571799868,take_profit
2021-01-15 00:00:00+00:00,2021-01-15 00:00:00+00:00,1231.89,1231.89,1244.2089,0.4635971300829372,571.6723409187883,576.2348635883845,4.562522669596206,0.007981009999999907,1,0.005373856431986718,take_profit
2021-01-15 01:00:00+00:00,2021-01-15 01:00:00+00:00,1237.1,1235.188255388369,1247.5401379422528,0.5462421036401274,675.3872182331547,680.7774903757459,5.3902721425911295,0.007981010000000207,2,0.010249777705925016,take_profit
2021-01-15 02:00:00+00:00,2021-01-15 02:00:00+00:00,1230.61,1228.7082846685641,1240.9953675152499,0.5493816586825643,675.7055009691934,681.0983133294835,5.392812360290122,0.00798100999999997,2,0.010653253264641033,take_profit
2021-01-15 03:00:00+00:00,2021-01-15 03:00:00+00:00,1239.62,1222.5761336201517,1234.8018949563532,1.0602466732131586,1297.529808228801,1307.8854066035728,10.355598374771944,0.007981009999999848,4,0.031154708701053465,take_profit
2021-01-15 04:00:00+00:00,2021-01-15 05:00:00+00:00,1219.08,1211.843131673318,1223.9615629900513,0.7287308105216227,883.9914189883469,891.0465633432073,7.055144354860317,0.007981010000000148,3,0.027955507431833785,take_profit
2021-01-15 06:00:00+00:00,2021-01-15 06:00:00+00:00,1185.36,1185.36,1197.2135999999998,0.48317544733707907,573.3101584138939,577.8857525212968,4.575594107402935,0.007981010000000111,1,0.008394074374029678,take_profit
2021-01-15 07:00:00+00:00,2021-01-15 07:00:00+00:00,1200.46,1200.46,1212.4646,0.47728820550551027,573.5389381192641,578.1163581197834,4.577420000519282,0.007981010000000094,1,0.009396398047415135,take_profit
2021-01-15 08:00:00+00:00,2021-01-15 08:00:00+00:00,1240.99,1233.623066554509,1245.9592972200542,0.7168774197361142,885.2417626411903,892.3068860012473,7.065123360056987,0.007981010000000023,3,0.020870434088912957,take_profit
2021-01-15 09:00:00+00:00,2021-01-15 09:00:00+00:00,1217.59,1215.7084050427004,1227.8654890931275,0.5571497462363514,678.0096390059459,683.4208407149489,5.411201709002967,0.00798101000000018,2,0.010340098062566151,take_profit
2021-01-15 10:00:00+00:00,2021-01-15 14:00:00+00:00,1232.22,1211.897490373164,1224.0164652768956,1.2445933734756665,1509.8294152654958,1521.8793789270237,12.049963661527954,0.00798100999999992,5,0.03937608543928842,take_profit
2021-01-15 15:00:00+00:00,2021-01-15 15:00:00+00:00,1196.48,1176.7469358407454,1188.5144051991529,1.2831150569954515,1511.413124775296,1523.4757280382591,12.062603262963194,0.007981010000000205,5,0.058538379245787614,take_profit
2021-01-15 16:00:00+00:00,2021-01-15 16:00:00+00:00,1141.66,1122.8310600862073,1134.0593706870695,1.3461379460578158,1512.998495489857,1525.0737516123465,12.075256122489463,0.007981009999999972,5,0.0632762819052958,take_profit
2021-01-15 17:00:00+00:00,2021-01-15 18:00:00+00:00,1165.39,1146.169690725667,1157.6313876329236,1.3201107618406462,1514.58552915167,1526.6734514056845,12.08792225401453,0.00798100999999984,5,0.03789289422425118,take_profit
2021-01-15 19:00:00+00:00,2021-01-15 19:00:00+00:00,1139.24,1139.24,1150.6324,0.5058008911424764,576.8054126377926,581.408902404109,4.603489766316329,0.007981009999999965,1,0.008944559530915394,take_profit
2021-01-15 20:00:00+00:00,2021-01-15 21:00:00+00:00,1133.75,1131.997966653111,1143.317946319642,0.6013880934548859,681.4515505108328,686.8902221499751,5.438671639142285,0.00798100999999974,2,0.019607497243660434,take_profit
2021-01-15 22:00:00+00:00,2021-01-15 22:00:00+00:00,1159.0,1159.0,1170.59,0.4976101925689021,577.3075207080656,581.9150178039118,4.60749709584627,0.007981009999999986,1,0.006643658326143266,take_profit
2021-01-15 23:00:00+00:00,2021-01-15 23:00:00+00:00,1162.9,1162.9,1174.529,0.4961392705024465,577.5378955628579,582.147231282724,4.609335719866067,0.0079810099999999,1,0.005039126322125829,take_profit
2021-01-16 00:00:00+00:00,2021-01-16 00:00:00+00:00,1168.48,1168.48,1180.1648,0.4939670289491497,577.7683623488513,582.3795374264411,4.611175077589792,0.007981009999999976,1,0.0004107900862659337,take_profit
2021-01-16 01:00:00+00:00,2021-01-16 05:00:00+00:00,1188.46,1172.1195461207515,1183.840741581959,1.1166273621805032,1310.130887832856,1320.5870555499591,10.456167717103199,0.007981010000000227,4,0.03087188462379891,take_profit
2021-01-16 06:00:00+00:00,2021-01-16 06:00:00+00:00,1164.12,1164.12,1175.7612,0.49646360148360763,578.5217294885858,583.1389171968516,4.61718770826576,0.007981010000000106,1,0.0009792804865476692,take_profit
2021-01-16 07:00:00+00:00,2021-01-16 07:00:00+00:00,1173.13,1173.13,1184.8613,0.4928472004680854,578.752588873999,583.3716190733282,4.619030199329245,0.007981009999999948,1,0.001696316691244797,take_profit
2021-01-16 08:00:00+00:00,2021-01-16 08:00:00+00:00,1182.88,1182.88,1194.7088,0.4889799107632063,578.9835403839655,583.6044138096053,4.620873425639729,0.007981009999999822,1,0.00497091843635881,take_profit
2021-01-16 09:00:00+00:00,2021-01-16 12:00:00+00:00,1215.62,1208.403671395412,1220.4877081093662,0.7387859984466119,893.6453582566676,900.7775507973677,7.132192540700089,0.007981010000000047,3,0.022720916075747267,take_profit
2021-01-16 13:00:00+00:00,2021-01-16 13:00:00+00:00,1217.59,1217.59,1229.7658999999999,0.4755226492403849,579.5711936822825,584.1967571747726,4.625563492490187,0.00798100999999992,1,0.0003038789740387905,take_profit
2021-01-16 14:00:00+00:00,2021-01-16 14:00:00+00:00,1231.31,1229.4072029280194,1241.7012749572996,0.5563936740265855,684.7191096214901,690.1838596825703,5.464750061080167,0.00798100999999994,2,0.011889775929700785,take_profit
2021-01-16 15:00:00+00:00,2021-01-16 15:00:00+00:00,1238.99,1238.99,1251.3799,0.4677161507765204,580.075709359961,584.7052993971198,4.629590037158778,0.007981009999999716,1,0.006368090137935011,take_profit
2021-01-16 16:00:00+00:00,2021-01-16 16:00:00+00:00,1276.29,1274.3176933712894,1287.0608703050023,0.5372520877447332,685.3151563701481,690.7846634862898,5.469507116141699,0.007981009999999976,2,0.018961207875952995,take_profit
2021-01-16 17:00:00+00:00,2021-01-16 20:00:00+00:00,1265.88,1245.0023495102992,1257.4523730054023,1.2245532297968715,1526.0977459434735,1538.2775473148263,12.179801371352823,0.00798101000000033,5,0.037507504660789344,take_profit
2021-01-16 21:00:00+00:00,2021-01-16 21:00:00+00:00,1273.7,1252.6933773906437,1265.2203111645501,1.2183115588087206,1527.6985198379941,1539.8910970018062,12.192577163812075,0.0079810099999999,5,0.040590405904059074,take_profit
2021-01-16 22:00:00+00:00,2021-01-16 23:00:00+00:00,1234.91,1227.5791594765703,1239.854951071336,0.7304910152687265,897.6331797084782,904.7971990920635,7.1640193835852415,0.007981010000000089,3,0.02826926658622902,take_profit
2021-01-17 00:00:00+00:00,2021-01-17 00:00:00+00:00,1227.83,1220.5411887344967,1232.7466006218417,0.7351555646639539,898.1858326323547,905.354262744452,7.168430112097212,0.00798101000000007,3,0.02223434840328055,take_profit
2021-01-17 01:00:00+00:00,2021-01-17 01:00:00+00:00,1235.79,1235.79,1248.1479,0.4708999018551283,582.5159056191682,587.1649708870738,4.649065267905598,0.007981009999999933,1,0.008731256928766185,take_profit
2021-01-17 02:00:00+00:00,2021-01-17 11:00:00+00:00,1250.56,1215.8231683361805,1227.9814000195424,1.6052012781773033,1953.5944983491647,1969.1861555764347,15.591657227269934,0.007981010000000137,6,0.06841734902763558,take_profit
2021-01-17 12:00:00+00:00,2021-01-17 15:00:00+00:00,1219.52,1212.2805196855375,1224.4033248823928,0.7419074530346079,900.3002529763444,907.4855582983511,7.185305322006684,0.007981009999999945,3,0.0233616504854369,take_profit
2021-01-17 16:00:00+00:00,2021-01-17 21:00:00+00:00,1241.35,1233.9809294735976,1246.3207387683335,0.729309239644635,900.8545479583278,908.0442771141287,7.189729155800933,0.007981010000000044,3,0.024819752688605104,take_profit
2021-01-17 22:00:00+00:00,2021-01-17 22:00:00+00:00,1261.61,1254.1206593089662,1266.661865902056,0.7180391841399625,901.4091842074895,908.6033399207413,7.194155713251803,0.007981009999999986,3,0.020299458628260637,take_profit
2021-01-17 23:00:00+00:00,2021-01-18 12:00:00+00:00,1245.95,1225.4010469968377,1237.655057466806,1.2527678243574472,1536.6796832948614,1548.9439392140343,12.26425591917291,0.007981009999999863,5,0.05086078895621824,take_profit
2021-01-18 13:00:00+00:00,2021-01-18 14:00:00+00:00,1243.63,1241.7081642944286,1254.125245937373,0.5560287029983764,691.1164965917178,696.6323042621812,5.515807670463346,0.007981009999999827,2,0.018196730538825943,take_profit
2021-01-18 15:00:00+00:00,2021-01-18 16:00:00+00:00,1237.03,1235.1183635624238,1247.469547198048,0.5592587480584167,691.4421919017833,696.9605989497734,5.518407047990081,0.007981010000000044,2,0.010533293452866925,take_profit
2021-01-18 17:00:00+00:00,2021-01-18 22:00:00+00:00,1230.04,1228.1391655144369,1240.4205571695813,0.5627019250450572,691.7680406989026,697.2890483494011,5.521007650498518,0.007981010000000245,2,0.014942603492569251,take_profit
2021-01-18 23:00:00+00:00,2021-01-18 23:00:00+00:00,1240.79,1240.79,1253.1979,0.47184562076799313,586.0473751678861,590.7246251295746,4.677249961688517,0.007981009999999771,1,0.006237961298849934,take_profit
2021-01-19 00:00:00+00:00,2021-01-19 00:00:00+00:00,1258.52,1258.52,1271.1052,0.46538390842283367,586.2812376659706,590.9603540865951,4.679116420624496,0.007981010000000014,1,0.005585926326160865,take_profit
2021-01-19 01:00:00+00:00,2021-01-19 01:00:00+00:00,1261.79,1261.79,1274.4079,0.4643630701570901,586.5151934870017,591.1961771113733,4.680983624371606,0.007981009999999848,1,3.962624525472109e-05,take_profit
2021-01-19 02:00:00+00:00,2021-01-19 02:00:00+00:00,1316.89,1316.89,1330.0589000000002,0.44511120399240034,586.7492426682204,591.4320942414479,4.682851573227481,0.007981009999999978,1,0.002255313655658428,take_profit
2021-01-19 03:00:00+00:00,2021-01-19 07:00:00+00:00,1339.25,1331.2997621923837,1344.6127598143075,0.6795808899327441,905.6315086666175,912.8593627936007,7.227854126983175,0.007981009999999794,3,0.027679671457905498,take_profit
2021-01-19 08:00:00+00:00,2021-01-19 08:00:00+00:00,1374.73,1374.73,1388.4773,0.426816489910948,587.3447779532308,592.0323824995232,4.687604546292391,0.007981009999999789,1,0.008699890160249675,take_profit
2021-01-19 09:00:00+00:00,2021-01-19 09:00:00+00:00,1375.55,1375.55,1389.3055,0.4267322736522591,587.5791581805455,592.268633317776,4.689475137230488,0.007981009999999953,1,0.0039184326269491275,take_profit
2021-01-19 10:00:00+00:00,2021-01-19 10:00:00+00:00,1379.67,1377.5379357462382,1391.3133151037007,0.5034240511923762,694.1799081927472,699.7201649818327,5.540256789085447,0.007981010000000071,2,0.012176824892909305,take_profit
2021-01-19 11:00:00+00:00,2021-01-19 11:00:00+00:00,1385.27,1385.27,1399.1227,0.42410689189261613,588.0906447768613,592.7842020937318,4.6935573168705105,0.007981009999999886,1,0.002779241591891768,take_profit
2021-01-19 12:00:00+00:00,2021-01-19 12:00:00+00:00,1429.47,1405.8943253345399,1419.9532685878853,1.0988796603203146,1546.4551338036808,1558.7974076911194,12.342273887438523,0.007981010000000005,5,0.040903271842011396,take_profit
2021-01-19 13:00:00+00:00,2021-01-19 13:00:00+00:00,1386.02,1386.02,1399.8802,0.4244913449306213,588.9424363370769,593.6427918109074,4.700355473830541,0.007981009999999945,1,0.0002741663179462647,take_profit
2021-01-19 14:00:00+00:00,2021-01-19 16:00:00+00:00,1417.23,1408.8168467216071,1422.9050151888232,0.644588846985267,909.0166434851853,916.2715144070072,7.254870921821862,0.007981010000000179,3,0.024322093097097878,take_profit
2021-01-19 17:00:00+00:00,2021-01-19 18:00:00+00:00,1422.94,1399.4720220022316,1413.466742222254,1.1062020867132056,1549.6485195551734,1562.0162798862282,12.367760331054797,0.007981009999999846,5,0.040852038736700146,take_profit
2021-01-19 19:00:00+00:00,2021-01-19 19:00:00+00:00,1368.43,1360.3065399118343,1373.9096053109527,0.6686874114376629,910.5303893246929,917.7973414671973,7.266952142504351,0.007981010000000092,3,0.02486060668064861,take_profit
2021-01-19 20:00:00+00:00,2021-01-19 20:00:00+00:00,1359.59,1359.59,1373.1859,0.433903905844598,590.5219332805375,595.2348947352688,4.712961454731271,0.007981009999999946,1,0.007053597040284143,take_profit
2021-01-19 21:00:00+00:00,2021-01-19 21:00:00+00:00,1383.86,1383.86,1397.6986,0.4264642548898883,590.7575813532741,595.4724235176304,4.714842164356355,0.007981010000000104,1,0.0018137672885985513,take_profit
2021-01-19 22:00:00+00:00,2021-01-19 22:00:00+00:00,1409.38,1407.202023586824,1421.2740438226922,0.4954775688277862,697.9349724688094,703.5051984634327,5.570225994623343,0.007981010000000071,2,0.010472690119059599,take_profit
2021-01-19 23:00:00+00:00,2021-01-19 23:00:00+00:00,1409.73,1390.347245807858,1404.2507182659365,0.9629795338324725,1340.2161587921053,1350.9124373575864,10.69627856548118,0.007981009999999851,4,0.03161598320245716,take_profit
2021-01-20 00:00:00+00:00,2021-01-20 00:00:00+00:00,1365.36,1365.36,1379.0136,0.4330102259043825,591.8066486894971,596.5298634707545,4.723214781257411,0.00798101000000008,1,0.007587742426905652,take_profit
2021-01-20 01:00:00+00:00,2021-01-20 03:00:00+00:00,1405.0,1381.8278992179114,1395.6461782100905,1.1250826440989001,1556.2268133550715,1568.6470751147262,12.42026175965475,0.007981009999999865,5,0.046263345195729534,take_profit
2021-01-20 04:00:00+00:00,2021-01-20 04:00:00+00:00,1344.11,1336.1309116000784,1349.4922207160791,0.6836764334542991,914.3956118826657,921.6934124050573,7.29780052239164,0.007981009999999964,3,0.02072747022193117,take_profit
2021-01-20 05:00:00+00:00,2021-01-20 05:00:00+00:00,1356.4,1356.4,1369.9640000000002,0.43677063095703283,593.0287125426621,597.7616806277522,4.732968085090079,0.007981009999999945,1,0.004091713358891316,take_profit
2021-01-20 06:00:00+00:00,2021-01-20 07:00:00+00:00,1368.05,1359.9287957194626,1373.5280836766574,0.6723943039702766,915.3236997466713,922.6289073475864,7.305207600915082,0.007981009999999893,3,0.020715617119257276,take_profit
2021-01-20 08:00:00+00:00,2021-01-20 19:00:00+00:00,1369.94,1317.7060342064945,1330.8830945485595,1.8345000104660343,2419.751485027999,2439.0635458275224,19.31206079952335,0.007981010000000018,7,0.0981940814926201,take_profit
2021-01-20 20:00:00+00:00,2021-01-20 22:00:00+00:00,1345.81,1327.3060989555966,1340.5791599451525,1.0143882345722106,1347.7514418983938,1358.5078596336994,10.756417735305604,0.007981010000000078,4,0.030323745551006417,take_profit
2021-01-20 23:00:00+00:00,2021-01-20 23:00:00+00:00,1334.14,1334.14,1347.4814000000001,0.44563457448877186,595.1340452537039,599.8838160202141,4.74977076651021,0.00798100999999991,1,0.009849041329995428,take_profit
2021-01-21 00:00:00+00:00,2021-01-21 00:00:00+00:00,1376.72,1374.5924945099634,1388.338419455063,0.510989495256184,703.1054303829679,708.7169218539088,5.611491470940905,0.007981010000000191,2,0.01680806554709752,take_profit
2021-01-21 01:00:00+00:00,2021-01-21 01:00:00+00:00,1363.48,1355.3859247743674,1368.939784022111,0.6773621351369218,919.0061100497464,926.3407070041146,7.33459695436818,0.007981010000000057,3,0.02556693167483214,take_profit
2021-01-21 02:00:00+00:00,2021-01-21 04:00:00+00:00,1336.98,1314.9297257625365,1328.079023020162,1.1902623997804649,1566.678089017803,1579.181762513035,12.503673495232078,0.007981010000000066,5,0.04205747281185958,take_profit
2021-01-21 05:00:00+00:00,2021-01-21 05:00:00+00:00,1287.65,1287.65,1300.5265000000002,0.4628954901302127,596.6440218880565,601.4058437931852,4.761821905128727,0.00798100999999988,1,0.0067254300469848805,take_profit
2021-01-21 06:00:00+00:00,2021-01-21 07:00:00+00:00,1305.54,1305.54,1318.5954,0.4567345549506945,596.8821129833129,601.645835095854,4.763722112541018,0.007981010000000113,1,0.005001761723118382,take_profit
2021-01-21 08:00:00+00:00,2021-01-21 08:00:00+00:00,1309.53,1287.9324475892042,1300.8117720650962,1.2174580950908185,1569.5733576052132,1582.100138267994,12.526780662780766,0.00798100999999999,5,0.037822730292547686,take_profit
2021-01-21 09:00:00+00:00,2021-01-21 09:00:00+00:00,1260.88,1253.394992834148,1265.9289427624897,0.7350559383454935,922.2376702454934,929.5980583140994,7.360388068605971,0.007981009999999985,3,0.023697734915297336,take_profit
2021-01-21 10:00:00+00:00,2021-01-21 10:00:00+00:00,1261.06,1243.7213493353033,1256.1585628286564,1.0889664563727202,1355.726557057821,1366.5466242669652,10.8200672091441,0.007981010000000044,4,0.030973942556262152,take_profit
2021-01-21 11:00:00+00:00,2021-01-21 12:00:00+00:00,1249.48,1228.8728281244105,1241.1615564056547,1.279249992849942,1573.6091657573975,1586.168156245399,12.558990488001427,0.007981009999999988,5,0.047603803182123774,take_profit
2021-01-21 13:00:00+00:00,2021-01-21 13:00:00+00:00,1242.33,1242.33,1254.7532999999999,0.48190442700406205,599.2836104103667,604.066498897888,4.782888487521291,0.007981010000000083,1,0.008145983756328747,take_profit
2021-01-21 14:00:00+00:00,2021-01-21 14:00:00+00:00,1237.19,1216.7855221590096,1228.9533773805997,1.2938290825153076,1575.888384137038,1588.4655650897193,12.577180952681374,0.007981009999999894,5,0.03377007573614398,take_profit
2021-01-21 15:00:00+00:00,2021-01-21 15:00:00+00:00,1204.41,1202.548772671818,1214.5742603985361,0.5887842081417919,708.750477346807,714.4070219940165,5.656544647209557,0.007981009999999884,2,0.015493062993498959,take_profit
2021-01-21 16:00:00+00:00,2021-01-21 16:00:00+00:00,1188.54,1181.4844273706449,1193.2992716443514,0.783301210143408,926.3845662913088,933.7780507787255,7.393484487416686,0.007981010000000094,3,0.020647180574486314,take_profit
2021-01-21 17:00:00+00:00,2021-01-21 17:00:00+00:00,1170.4,1170.4,1182.104,0.5128189603757425,600.8041153391081,605.5991389916708,4.795023652562691,0.007981010000000193,1,0.003759398496240679,take_profit
2021-01-21 18:00:00+00:00,2021-01-21 19:00:00+00:00,1195.95,1194.1018462789752,1206.042864741765,0.5938307383495826,709.8041852256694,715.4691395259972,5.6649543003278495,0.007981009999999901,2,0.011664367239433125,take_profit
2021-01-21 20:00:00+00:00,2021-01-21 21:00:00+00:00,1231.02,1210.7172814912697,1222.8244543061824,1.3042273903048385,1580.6312717080348,1593.2463056938498,12.61503398581499,0.007981010000000283,5,0.04956865038748354,take_profit
2021-01-21 22:00:00+00:00,2021-01-21 22:00:00+00:00,1171.47,1138.9300529449092,1150.3193534743584,1.7700596156922135,2017.9920838998785,2034.0976989014043,16.105615001525848,0.007981010000000038,6,0.07295961484288972,take_profit
2021-01-21 23:00:00+00:00,2021-01-21 23:00:00+00:00,1135.58,1128.8388157180714,1140.127203875252,0.8230116079933258,929.9774263157273,937.3995854549273,7.422159139200062,0.007981009999999978,3,0.02320400147942013,take_profit
2021-01-22 00:00:00+00:00,2021-01-22 00:00:00+00:00,1111.98,1093.6405604073548,1104.5769660114283,1.4481870417171154,1585.381469347523,1598.0344147082,12.652945360676995,0.007981009999999823,5,0.0625910537959315,take_profit
2021-01-22 01:00:00+00:00,2021-01-22 01:00:00+00:00,1066.77,1060.4372949889635,1071.0416679388532,0.8775573582280883,931.526077234289,938.9605961719567,7.43451893766769,0.007981010000000061,3,0.022929028750339846,take_profit
2021-01-22 02:00:00+00:00,2021-01-22 02:00:00+00:00,1125.07,1125.07,1136.3207,0.536441722941807,604.1386278579968,608.9602642883177,4.82163643032095,0.007981009999999998,1,0.008239487320788913,take_profit
2021-01-22 03:00:00+00:00,2021-01-22 03:00:00+00:00,1157.59,1150.7181569656757,1162.2253385353324,0.8095284452461038,932.4715520769624,939.9136168588042,7.4420647818417365,0.007981009999999978,3,0.02690935478018976,take_profit
2021-01-22 04:00:00+00:00,2021-01-22 04:00:00+00:00,1160.65,1160.65,1172.2565000000002,0.5205247586315309,604.751812918605,609.5783431850266,4.826530266421628,0.007981010000000186,1,0.007271787360530783,take_profit
2021-01-22 05:00:00+00:00,2021-01-22 05:00:00+00:00,1158.61,1158.61,1170.1961,0.5216493438624681,604.993139431926,609.8215957276636,4.828456295737624,0.007981010000000047,1,0.009925686814372395,take_profit
2021-01-22 06:00:00+00:00,2021-01-22 07:00:00+00:00,1174.51,1155.1392782280636,1166.6906710103442,1.3758612537751103,1590.902277905645,1603.5992848946328,12.697006988987823,0.007981010000000057,5,0.036193816996023864,take_profit
2021-01-22 08:00:00+00:00,2021-01-22 08:00:00+00:00,1143.57,1141.802791378609,1153.2208192923952,0.6260165308960881,715.5029253516583,721.2133613539191,5.710436002260849,0.007981010000000014,2,0.019307956662031996,take_profit
2021-01-22 09:00:00+00:00,2021-01-22 09:00:00+00:00,1164.07,1164.07,1175.7106999999999,0.520199626707912,606.1549343962754,610.9926629892412,4.837728592965846,0.007981009999999716,1,0.009501146838248513,take_profit
2021-01-22 10:00:00+00:00,2021-01-22 10:00:00+00:00,1171.24,1169.4300317202114,1181.1243320374135,0.6117592538089835,716.1257693563289,721.8411762828194,5.715406926490573,0.007981010000000026,2,0.011807998360711662,take_profit
2021-01-22 11:00:00+00:00,2021-01-22 11:00:00+00:00,1177.48,1177.48,1189.2548,0.5147228900542481,606.6825911722483,611.5245309992199,4.841939826971611,0.007981009999999976,1,0.0010615891565037199,take_profit
2021-01-22 12:00:00+00:00,2021-01-22 12:00:00+00:00,1197.36,1197.36,1209.3336,0.5063788363361339,606.9246881635969,611.7685601690774,4.843872005480534,0.007981009999999978,1,0.0014699004476514926,take_profit
2021-01-22 13:00:00+00:00,2021-01-22 13:00:00+00:00,1203.86,1203.86,1215.8986,0.5038457253186476,607.166881763871,612.0126867188973,4.845804955026324,0.007981010000000087,1,0.008788397321947675,take_profit
2021-01-22 14:00:00+00:00,2021-01-22 14:00:00+00:00,1219.39,1219.39,1231.5839,0.49762730778472064,607.4091720116222,612.2569106875386,4.847738675916389,0.007981009999999856,1,0.0,take_profit
2021-01-22 15:00:00+00:00,2021-01-22 16:00:00+00:00,1233.15,1231.2443594957301,1243.5568030906875,0.5822483102089512,717.6075553260173,723.3347884011498,5.727233075132517,0.007981010000000028,2,0.014823825163200096,take_profit
2021-01-22 17:00:00+00:00,2021-01-22 18:00:00+00:00,1238.56,1236.6459991866611,1249.0124591785277,0.5799782553291328,717.9457348028347,723.6756668917535,5.729932088918758,0.007981009999999981,2,0.012167355638806304,take_profit
2021-01-22 19:00:00+00:00,2021-01-22 20:00:00+00:00,1261.61,1259.66037901586,1272.2569828060184,0.5696502021735061,718.28407364999,724.0167060246313,5.732632374641298,0.007981009999999988,2,0.013237054240216723,take_profit
2021-01-22 21:00:00+00:00,2021-01-22 22:00:00+00:00,1248.85,1241.4364069546075,1253.8507710241536,0.755501262336645,938.8456181830581,946.3385544502332,7.492936267175082,0.007981009999999908,3,0.021411698762861843,take_profit
2021-01-22 23:00:00+00:00,2021-01-22 23:00:00+00:00,1224.94,1224.94,1237.1894,0.49657682004022696,608.8856956357114,613.7452184614368,4.859522825725435,0.00798100999999978,1,0.005665583620422269,take_profit
2021-01-23 00:00:00+00:00,2021-01-23 01:00:00+00:00,1232.61,1225.2928130490602,1237.5457411795508,0.7662321313317482,939.7985221702248,947.2990635736506,7.500541403425814,0.00798101000000003,3,0.02183172292939361,take_profit
2021-01-23 02:00:00+00:00,2021-01-23 04:00:00+00:00,1232.79,1230.884915819439,1243.1937649776332,0.5841935669751736,719.7948443528471,725.5395342035755,5.744689850728378,0.007981009999999808,2,0.01848652244096721,take_profit
2021-01-23 05:00:00+00:00,2021-01-23 05:00:00+00:00,1247.97,1246.0414575030497,1258.5018720780802,0.5773595382594467,720.1340546106996,725.881451701888,5.747397091188304,0.007981009999999672,2,0.010256656810660476,take_profit
2021-01-23 06:00:00+00:00,2021-01-23 16:00:00+00:00,1263.53,1242.6911071165894,1255.1180181877553,1.2891624904985424,1603.6343969677812,1616.4330191263248,12.798622158543594,0.007981009999999853,5,0.0535246491970906,take_profit
2021-01-23 17:00:00+00:00,2021-01-23 18:00:00+00:00,1243.01,1243.01,1255.4401,0.4908307383431265,610.718234302192,615.59238263734,4.8741483351481065,0.00798100999999995,1,0.0033547598168961416,take_profit
2021-01-23 19:00:00+00:00,2021-01-23 19:00:00+00:00,1248.96,1248.96,1261.4496000000001,0.48868737171505117,610.9619417189493,615.8380350854277,4.876093366478358,0.00798101000000001,1,0.000672559569561992,take_profit
2021-01-23 20:00:00+00:00,2021-01-24 02:00:00+00:00,1257.83,1240.5357594677685,1252.9411170624462,1.1156585221800697,1385.3996918111525,1396.4565806054939,11.056888794341376,0.007981009999999747,4,0.03007560640150094,take_profit
2021-01-24 03:00:00+00:00,2021-01-24 03:00:00+00:00,1257.04,1257.04,1269.6104,0.48617930394908937,611.7585908269903,616.6410422579664,4.882451430976175,0.007981010000000094,1,0.00013523833768223188,take_profit
2021-01-24 04:00:00+00:00,2021-01-24 04:00:00+00:00,1293.53,1293.53,1306.4653,0.47265290382530023,612.0027133985391,616.8871131742001,4.884399775660995,0.007981010000000198,1,0.0038731223860289216,take_profit
2021-01-24 05:00:00+00:00,2021-01-24 05:00:00+00:00,1319.8,1319.8,1332.998,0.4634298275904947,612.2469333873222,617.1332822851559,4.886348897833727,0.007981010000000286,1,0.0036217608728595038,take_profit
2021-01-24 06:00:00+00:00,2021-01-24 09:00:00+00:00,1325.99,1323.940889792599,1337.180298690525,0.5457945166230349,723.323000982805,729.0958490868788,5.772848104073887,0.007981010000000153,2,0.015286691453178366,take_profit
2021-01-24 10:00:00+00:00,2021-01-24 12:00:00+00:00,1340.77,1332.8107389618685,1346.1388463514872,0.7086425520407874,945.4318352805868,952.9773362122795,7.545500931692686,0.007981009999999969,3,0.021785988648314054,take_profit
2021-01-24 13:00:00+00:00,2021-01-24 16:00:00+00:00,1325.07,1317.203939434954,1330.3759788293034,0.7174803191597348,946.0139167810319,953.5640633110003,7.550146529968401,0.007981009999999808,3,0.020263080441033237,take_profit
2021-01-24 17:00:00+00:00,2021-01-24 17:00:00+00:00,1328.36,1328.36,1341.6435999999999,0.46141192217086496,613.5346756105006,618.4313019918948,4.896626381394185,0.007981010000000038,1,0.002145502725164797,take_profit
2021-01-24 18:00:00+00:00,2021-01-24 19:00:00+00:00,1357.62,1335.2293185311185,1348.5816117164297,1.2070959570116768,1613.3632753577274,1626.2395437919902,12.876268434262784,0.007981010000000005,5,0.03507608903816966,take_profit
2021-01-24 20:00:00+00:00,2021-01-24 20:00:00+00:00,1326.37,1326.37,1339.6336999999999,0.4627735074156775,614.4233203512835,619.3270390152403,4.903718663956852,0.00798101000000009,1,0.0016888198617277094,take_profit
2021-01-24 21:00:00+00:00,2021-01-24 22:00:00+00:00,1342.89,1342.89,1356.3189000000002,0.4572629461669957,614.6685062844814,619.574181779823,4.9056754953415975,0.007981010000000144,1,0.007543432447929546,take_profit
2021-01-24 23:00:00+00:00,2021-01-24 23:00:00+00:00,1367.99,1367.99,1381.6699,0.44905216870678094,614.9137900592485,619.8214231668493,4.907633107600759,0.007981009999999993,1,4.385996973658099e-05,take_profit
2021-01-25 00:00:00+00:00,2021-01-25 00:00:00+00:00,1392.19,1392.19,1406.1119,0.4414225159948814,615.1591717146285,620.0687632156748,4.909591501046293,0.007981010000000205,1,0.006514915349198143,take_profit
2021-01-25 01:00:00+00:00,2021-01-28 13:00:00+00:00,1456.97,1316.0528371750088,1329.213365546759,3.932927156813483,5181.121064191216,5222.471643215737,41.35057902452081,0.007981010000000014,10,0.17156839193669055,take_profit
2021-01-28 14:00:00+00:00,2021-01-28 14:00:00+00:00,1342.65,1342.65,1356.0765000000001,0.45943075861964466,617.4721802409069,622.4002318861315,4.928051645224514,0.007981010000000054,1,0.009004580493799683,take_profit
2021-01-28 15:00:00+00:00,2021-01-28 22:00:00+00:00,1346.76,1344.6787930052867,1358.1255809353395,0.5419634329798954,729.4962311435509,735.3183478592698,5.822116715718948,0.007981009999999941,2,0.019869910006237185,take_profit
2021-01-28 23:00:00+00:00,2021-01-29 00:00:00+00:00,1349.31,1347.2248523790158,1360.697100902806,0.5411941235886856,729.8400132734313,735.6648737177666,5.824860444335286,0.007981009999999861,2,0.01923946313300875,take_profit
2021-01-29 01:00:00+00:00,2021-01-29 08:00:00+00:00,1367.71,1345.1529082130464,1358.604437295177,1.2070173622639138,1625.2481632762199,1638.219285119809,12.971121843589117,0.007981009999999983,5,0.06021744375635195,take_profit
2021-01-29 09:00:00+00:00,2021-01-29 09:00:00+00:00,1375.82,1367.6526703897894,1381.3291970936873,0.6975423719011271,954.9506382788829,962.5721088724931,7.621470593610184,0.007981010000000038,3,0.022401186201683316,take_profit
2021-01-29 10:00:00+00:00,2021-01-29 11:00:00+00:00,1369.92,1367.8030028466856,1381.4810328751523,0.534191326927742,731.3999009673885,737.2372108910081,5.837309923619614,0.007981009999999832,2,0.018190843260920398,take_profit
2021-01-29 12:00:00+00:00,2021-01-29 14:00:00+00:00,1416.83,1397.3496260120355,1411.3231222721558,1.0040958949181766,1404.4775007448793,1415.686649723099,11.209148978219673,0.007981009999999846,4,0.03211394450992709,take_profit
2021-01-29 15:00:00+00:00,2021-01-29 15:00:00+00:00,1392.22,1392.22,1406.1422,0.44501781425627734,620.1828842481226,625.1325700491357,4.949685801013061,0.007981009999999922,1,0.0027222709054603176,take_profit
2021-01-29 16:00:00+00:00,2021-01-29 16:00:00+00:00,1396.48,1388.1900256908118,1402.07192594772,0.6888669221225587,957.23542574461,964.875131249832,7.6397055052219685,0.007981009999999978,3,0.02145394133822184,take_profit
2021-01-29 17:00:00+00:00,2021-01-29 17:00:00+00:00,1375.72,1375.72,1389.4772,0.45081233205857363,620.8123538134344,625.7670634173429,4.9547096039085545,0.007981009999999995,1,0.007792283313464969,take_profit
2021-01-29 18:00:00+00:00,2021-01-29 18:00:00+00:00,1372.58,1364.4319041179929,1378.0762231591727,0.7015731492544172,958.2069949101715,965.8544545186194,7.647459608447889,0.007981009999999854,3,0.024392020865814757,take_profit
2021-01-29 19:00:00+00:00,2021-01-29 20:00:00+00:00,1352.92,1344.888612481105,1358.337498605916,0.7122063016693991,958.7969417942517,966.449109774681,7.65216798042934,0.00798101,3,0.02941785175767982,take_profit
2021-01-29 21:00:00+00:00,2021-01-29 21:00:00+00:00,1348.68,1348.68,1362.1668,0.4606009176397667,621.8250706730736,626.7878627803661,4.962792107292557,0.007981010000000082,1,0.002076104042471123,take_profit
2021-01-29 22:00:00+00:00,2021-01-29 22:00:00+00:00,1372.01,1372.01,1385.7301,0.4529494224299821,622.0732102784382,627.0379827904025,4.96477251196427,0.007981009999999924,1,0.001450426746160749,take_profit
2021-01-29 23:00:00+00:00,2021-01-30 00:00:00+00:00,1396.2,1387.9116878648547,1401.7908047435033,0.6911051674893048,960.1530925947989,967.816084028329,7.662991433530124,0.007981010000000113,3,0.021580002864919144,take_profit
2021-01-30 01:00:00+00:00,2021-01-30 01:00:00+00:00,1366.73,1366.73,1380.3973,0.4551607807520411,622.7045984757128,627.6744101031935,4.969811627480681,0.00798101000000005,1,0.0016974823117952603,take_profit
2021-01-30 02:00:00+00:00,2021-01-30 13:00:00+00:00,1369.83,1350.9958415618435,1364.505799977462,1.0441297681790787,1412.0270018627298,1423.296403484866,11.269401622136229,0.007981009999999834,4,0.03169736390647004,take_profit
2021-01-30 14:00:00+00:00,2021-01-30 15:00:00+00:00,1364.91,1364.91,1378.5591000000002,0.4563619891267962,623.5165591381937,628.4928510318412,4.976291893647499,0.007981009999999974,1,0.004146793561480304,take_profit
2021-01-30 16:00:00+00:00,2021-01-30 20:00:00+00:00,1371.26,1369.140932086214,1382.8323414070762,0.5374907351143943,736.6372032654916,742.5163121511256,5.879108885633968,0.007981010000000064,2,0.019150270554088935,take_profit
2021-01-30 21:00:00+00:00,2021-02-01 21:00:00+00:00,1376.52,1338.2843747426107,1351.6672184900367,1.5616953788934524,2092.0846082891376,2108.7815564687394,16.696948179601804,0.007981010000000054,6,0.07739081161189083,take_profit
2021-02-01 22:00:00+00:00,2021-02-01 22:00:00+00:00,1349.99,1349.99,1363.4899,0.4624251160449718,624.8941765861376,629.8814632584133,4.987286672275673,0.007981009999999908,1,0.005133371358306405,take_profit
2021-02-01 23:00:00+00:00,2021-02-01 23:00:00+00:00,1357.48,1357.48,1371.0548000000001,0.4600571628155344,625.1435409197514,630.1328177712674,4.9892768515159105,0.007981009999999945,1,0.0009429236526504794,take_profit
2021-02-02 00:00:00+00:00,2021-02-02 00:00:00+00:00,1374.09,1374.09,1387.8309,0.4546773586574132,625.3930047623272,630.3842725872654,4.991267824938177,0.007981009999999993,1,0.00017466104840294967,take_profit
2021-02-02 01:00:00+00:00,2021-02-02 05:00:00+00:00,1380.61,1378.4764831232205,1392.2612479544528,0.5354572496828444,738.8540804861257,744.7508822910262,5.8968018049005195,0.007981009999999927,2,0.014725375015391695,take_profit
2021-02-02 06:00:00+00:00,2021-02-02 06:00:00+00:00,1388.08,1388.08,1401.9607999999998,0.4504866224105062,625.9374082438192,630.9330209583871,4.995612714567983,0.007981009999999967,1,0.00011526713157732586,take_profit
2021-02-02 07:00:00+00:00,2021-02-02 07:00:00+00:00,1405.18,1405.18,1419.2318,0.44518211310342304,626.1871888795475,631.1847950958671,4.997606216319582,0.007981010000000038,1,0.0008112839636203903,take_profit
2021-02-02 08:00:00+00:00,2021-02-02 08:00:00+00:00,1415.0,1415.0,1429.15,0.4422689979654934,626.4370691903636,631.4366697039426,4.999600513579026,0.007981010000000068,1,0.006628975265017745,take_profit
2021-02-02 09:00:00+00:00,2021-02-02 16:00:00+00:00,1451.26,1442.6448332121106,1457.0712815442316,0.6695492053149019,966.8885902190368,974.6053377264609,7.716747507424088,0.007981010000000056,3,0.029808580130369466,take_profit
2021-02-02 17:00:00+00:00,2021-02-02 19:00:00+00:00,1493.45,1491.142106547377,1506.0535276128508,0.4961315705485085,740.5432184508123,746.4535012827005,5.910282831888139,0.00798101000000003,2,0.019679266128762328,take_profit
2021-02-02 20:00:00+00:00,2021-02-02 20:00:00+00:00,1516.29,1513.9468108987394,1529.0862790077267,0.48888858515047173,740.8922065799334,746.8052746895698,5.91306810963647,0.00798100999999994,2,0.012642700275013402,take_profit
2021-02-02 21:00:00+00:00,2021-02-02 22:00:00+00:00,1532.49,1530.1217763318423,1545.4229940951607,0.48394848649831,741.2413591730738,747.1572138730476,5.915854699973806,0.007981009999999882,2,0.012548205861049676,take_profit
2021-02-02 23:00:00+00:00,2021-02-03 03:00:00+00:00,1534.74,1532.3682993086622,1547.6919823017488,0.4834667266124404,741.5906763077389,747.5093189112578,5.918642603518833,0.007981010000000007,2,0.017169031888137346,take_profit
2021-02-03 04:00:00+00:00,2021-02-03 04:00:00+00:00,1539.71,1539.71,1555.1071,0.4076271007038084,628.2557790036645,633.2698946584505,5.014115654785996,0.007981009999999936,1,0.0013119353644517355,take_profit
2021-02-03 05:00:00+00:00,2021-02-03 06:00:00+00:00,1554.15,1554.15,1569.6915000000001,0.40400088685237423,628.5064847864038,633.5226013265491,5.016116540145276,0.007981010000000222,1,0.009870347135090014,take_profit
2021-02-03 07:00:00+00:00,2021-02-03 11:00:00+00:00,1565.99,1540.1627557980482,1555.5643833560287,1.0720170384247871,1652.7334496123945,1665.9239318010855,13.190482188691021,0.007981010000000004,5,0.03423393508259944,take_profit
2021-02-03 12:00:00+00:00,2021-02-03 12:00:00+00:00,1537.93,1537.93,1553.3093000000001,0.4088530673750579,629.4168147228456,634.4401966153168,5.023381892471207,0.007981010000000045,1,0.009551800146950807,take_profit
2021-02-03 13:00:00+00:00,2021-02-03 13:00:00+00:00,1539.75,1539.75,1555.1475,0.40853275910612225,629.6679838174692,634.6933702929963,5.025386475527057,0.007981009999999995,1,0.0061698327650592626,take_profit
2021-02-03 14:00:00+00:00,2021-02-03 15:00:00+00:00,1550.68,1550.68,1566.1868000000002,0.4058150836330541,629.9192531412456,634.9466449997584,5.0273918585128285,0.007981010000000026,1,0.008060979699228725,take_profit
2021-02-03 16:00:00+00:00,2021-02-03 16:00:00+00:00,1597.56,1595.091220821472,1611.0421330296867,0.4660907703096499,744.2014973241639,750.1409769163231,5.939479592159159,0.007981010000000045,2,0.01092916697964398,take_profit
2021-02-03 17:00:00+00:00,2021-02-03 17:00:00+00:00,1607.21,1607.21,1623.2821000000001,0.39188228614621945,630.4675967137791,635.4993649078278,5.031768194048709,0.007981010000000113,1,0.004411371258267523,take_profit
2021-02-03 18:00:00+00:00,2021-02-03 22:00:00+00:00,1640.24,1630.502984460284,1646.808014304887,0.5962187739427438,973.1095999048,980.8759973527362,7.766397447936242,0.007981010000000035,3,0.024264741745110445,take_profit
2021-02-03 23:00:00+00:00,2021-02-03 23:00:00+00:00,1636.66,1636.66,1653.0266000000001,0.3852213639307385,631.1075049958783,636.1443803043255,5.036875308447179,0.007981010000000038,1,0.003641562694756416,take_profit
2021-02-04 00:00:00+00:00,2021-02-04 01:00:00+00:00,1664.67,1664.67,1681.3167,0.37889070471176833,631.3593487613007,636.3982340373582,5.038885276057499,0.007981010000000113,1,0.0020544612445710397,take_profit
2021-02-04 02:00:00+00:00,2021-02-04 03:00:00+00:00,1691.32,1663.425738437892,1680.059995822271,0.9970839846253596,1660.2353988088437,1673.4857541290908,13.250355320247081,0.007981009999999827,5,0.03477165764018633,take_profit
2021-02-04 04:00:00+00:00,2021-02-04 04:00:00+00:00,1645.85,1645.85,1662.3084999999999,0.3837783133215814,632.2738107911159,637.3199943977778,5.046183606661884,0.007981009999999811,1,0.006592338305434826,take_profit
2021-02-04 05:00:00+00:00,2021-02-04 06:00:00+00:00,1662.61,1662.61,1679.2360999999999,0.38006122533334796,632.526119971449,637.5743172602024,5.048197288753386,0.007981010000000082,1,0.008185924540331107,take_profit
2021-02-04 07:00:00+00:00,2021-02-04 08:00:00+00:00,1676.58,1653.5282539043208,1670.063536443364,0.8665492709768312,1434.298000961343,1445.7451476499957,11.447146688652765,0.007981010000000193,4,0.030168557420463045,take_profit
2021-02-04 09:00:00+00:00,2021-02-04 09:00:00+00:00,1638.5,1611.4768774865115,1627.5916462613766,1.0320614967954527,1664.8080462762675,1678.094895941679,13.28684966541141,0.007981010000000033,5,0.04122062862374121,take_profit
2021-02-04 10:00:00+00:00,2021-02-04 14:00:00+00:00,1644.97,1617.840170374725,1634.0185720784723,1.029080495165978,1666.5543179465785,1679.8551046236537,13.300786677075166,0.007981010000000207,5,0.03584259895317242,take_profit
2021-02-04 15:00:00+00:00,2021-02-04 15:00:00+00:00,1591.76,1582.3107780230343,1598.1338858032648,0.6182361765073507,979.22098643777,987.0361589227397,7.8151724849697075,0.007981010000000002,3,0.023445745589787365,take_profit
2021-02-04 16:00:00+00:00,2021-02-04 16:00:00+00:00,1580.8,1580.8,1596.608,0.4013385352885123,635.071027611692,640.1395358337711,5.068508222079117,0.007981009999999886,1,0.009994939271255032,take_profit
2021-02-04 17:00:00+00:00,2021-02-04 17:00:00+00:00,1629.19,1629.19,1645.4819,0.389573425180472,635.324453022796,640.3949838356154,5.07053081281947,0.007981010000000009,1,0.0035968794308829095,take_profit
2021-02-04 18:00:00+00:00,2021-02-04 18:00:00+00:00,1631.73,1631.73,1648.0473,0.3891222209457897,635.5779795634369,640.6505337741123,5.072554210675435,0.007981009999999763,1,0.002334945119596959,take_profit
2021-02-04 19:00:00+00:00,2021-02-04 20:00:00+00:00,1653.04,1653.04,1669.5704,0.38425916836053375,635.8316072739707,640.9061856899403,5.074578415969654,0.007981010000000033,1,0.009763829066447197,take_profit
2021-02-04 21:00:00+00:00,2021-02-05 03:00:00+00:00,1657.18,1629.8487957479995,1646.1472837054796,1.0248335609239088,1671.9957408548214,1685.3399555825413,13.344214727719873,0.00798101000000008,5,0.041745616046536926,take_profit
2021-02-05 04:00:00+00:00,2021-02-05 06:00:00+00:00,1639.99,1637.4556518910126,1653.8302084099228,0.45877423371553094,751.9744363758404,757.9759518723002,6.001515496459888,0.007981009999999924,2,0.010823236727053214,take_profit
2021-02-05 07:00:00+00:00,2021-02-05 07:00:00+00:00,1645.27,1645.27,1661.7227,0.3868152765705764,637.0526227059781,642.1369460583209,5.084323352342722,0.00798101000000013,1,6.078029745872048e-06,take_profit
2021-02-05 08:00:00+00:00,2021-02-05 12:00:00+00:00,1662.6,1660.030711671411,1676.631018788125,0.4529292105561179,752.6290287650078,758.6357685698715,6.0067398048637415,0.007981009999999903,2,0.01285937687958612,take_profit
2021-02-05 13:00:00+00:00,2021-02-05 13:00:00+00:00,1661.04,1661.0399999999997,1677.6503999999998,0.3834763573953515,637.6071758638385,642.6959251104795,5.088749246640987,0.007981009999999894,1,0.00015050811539758224,take_profit
2021-02-05 14:00:00+00:00,2021-02-05 14:00:00+00:00,1716.57,1716.57,1733.7357,0.37121920557439797,637.8616133261705,642.9523932407427,5.090779914572181,0.007981009999999813,1,0.005790617335733368,take_profit
2021-02-05 15:00:00+00:00,2021-02-05 16:00:00+00:00,1737.7,1727.3844291668513,1744.65827345852,0.5693796498982882,984.5220635823586,992.3795440170301,7.8574804346715155,0.007981010000000077,3,0.020659492432525805,take_profit
2021-02-05 17:00:00+00:00,2021-02-06 00:00:00+00:00,1724.47,1714.2329668903494,1731.375296559253,0.5741011302834842,985.1282120730331,992.9905301848702,7.862318111837112,0.007981010000000116,3,0.02462785667480445,take_profit
2021-02-06 01:00:00+00:00,2021-02-06 01:00:00+00:00,1727.45,1698.9598608569265,1715.9494594654957,0.9874986193060541,1679.3999167693898,1692.8032242991255,13.403307529735685,0.00798101000000001,5,0.047451445772670714,take_profit
2021-02-06 02:00:00+00:00,2021-02-06 02:00:00+00:00,1672.96,1672.96,1689.6896000000002,0.3819175206329414,639.5723076257113,644.6767406085952,5.10443298288385,0.007981009999999955,1,0.006772427314460553,take_profit
2021-02-06 03:00:00+00:00,2021-02-06 08:00:00+00:00,1679.53,1669.5597458241361,1686.2553432823775,0.5906798566096295,987.1624737383485,995.0410273128791,7.878553574530656,0.007981010000000162,3,0.021785856757545217,take_profit
2021-02-06 09:00:00+00:00,2021-02-06 09:00:00+00:00,1699.99,1699.99,1716.9899,0.37622646927136544,640.2214569535821,645.3310708037433,5.109613850161168,0.007981010000000092,1,0.005941211418890646,take_profit
2021-02-06 10:00:00+00:00,2021-02-06 17:00:00+00:00,1694.42,1684.3613537831018,1701.2049673209328,0.5860834146112669,988.164418082539,996.0509681849,7.886550102360957,0.007981010000000033,3,0.02312885825238138,take_profit
2021-02-06 18:00:00+00:00,2021-02-08 00:00:00+00:00,1704.41,1610.409715964764,1626.5138131244116,2.1960316757412697,3540.050797978101,3568.303978797272,28.25318081917112,0.007981009999999976,8,0.12552730857012107,take_profit
2021-02-08 01:00:00+00:00,2021-02-08 04:00:00+00:00,1596.46,1586.9828772444675,1602.8527060169122,0.6238009256665211,990.9523401822,998.8611407187176,7.90880053651756,0.007981010000000021,3,0.020401388071107286,take_profit
2021-02-08 05:00:00+00:00,2021-02-08 06:00:00+00:00,1618.61,1618.61,1634.7961,0.39665928472873246,642.6793642189926,647.8085946516181,5.129230432625491,0.007981010000000106,1,0.008216926869350836,take_profit
2021-02-08 07:00:00+00:00,2021-02-08 08:00:00+00:00,1632.46,1632.46,1648.7846,0.3934509206442321,642.9358257406238,648.067102995218,5.131277254594124,0.007981009999999919,1,0.005157859916935222,take_profit
2021-02-08 09:00:00+00:00,2021-02-08 09:00:00+00:00,1632.84,1632.84,1649.1684,0.3935163256741323,643.1923896033535,648.3257144967017,5.133324893348231,0.007981009999999955,1,0.004397246515273901,take_profit
2021-02-08 10:00:00+00:00,2021-02-08 10:00:00+00:00,1628.27,1628.27,1644.5527,0.39477826576192704,643.449055848021,648.5844291972346,5.135373349213637,0.007981010000000037,1,0.0017687484262437323,take_profit
2021-02-08 11:00:00+00:00,2021-02-08 11:00:00+00:00,1647.97,1647.97,1664.4497000000001,0.3902146997159937,643.7058245154816,648.8432471379979,5.137422622516283,0.007981009999999967,1,9.102107441281755e-05,take_profit
2021-02-08 12:00:00+00:00,2021-02-08 12:00:00+00:00,1660.63,1658.0637559983736,1674.6443935583573,0.4582023982137219,760.4892786683745,766.5587512063196,6.069472537945103,0.007981010000000026,2,0.011116263104966209,take_profit
2021-02-08 13:00:00+00:00,2021-02-08 13:00:00+00:00,1711.04,1700.8826918810203,1717.8915187998305,0.5838243020778144,994.0106611648357,1001.9438701916989,7.93320902686321,0.007981010000000045,3,0.02092294744716661,take_profit
2021-02-08 14:00:00+00:00,2021-02-08 14:00:00+00:00,1682.49,1682.49,1699.3149,0.3827768170361327,644.6628297248478,649.8078902155102,5.145060490662331,0.007981010000000037,1,0.0004992600253195669,take_profit
2021-02-08 15:00:00+00:00,2021-02-08 15:00:00+00:00,1709.42,1709.42,1726.5142,0.3768969373627496,644.9200827493809,650.0671963790045,5.147113629623618,0.007981009999999972,1,0.0020942775912298644,take_profit
2021-02-08 16:00:00+00:00,2021-02-08 16:00:00+00:00,1734.86,1732.1790451403008,1749.500835591704,0.4394244984980646,761.9238320516847,768.0047537745276,6.080921722842845,0.007981010000000038,2,0.013753271157326758,take_profit
2021-02-08 17:00:00+00:00,2021-02-08 20:00:00+00:00,1712.58,1709.9334753965027,1727.0328101504676,0.44535101748823863,762.2828960010335,768.3666834168467,6.083787415813276,0.007981010000000089,2,0.01922829882399645,take_profit
2021-02-08 21:00:00+00:00,2021-02-08 23:00:00+00:00,1719.81,1717.152302562017,1734.3238255876372,0.44368777649881774,762.6421291627291,768.7287836219982,6.086654459269084,0.007981010000000068,2,0.013705002296765304,take_profit
2021-02-09 00:00:00+00:00,2021-02-09 00:00:00+00:00,1749.68,1746.9761431476209,1764.445904579097,0.43631879752606806,763.0015316165145,769.0910544703613,6.089522853846802,0.00798101000000011,2,0.010287595446024415,take_profit
2021-02-09 01:00:00+00:00,2021-02-09 06:00:00+00:00,1753.0,1742.593603228112,1760.0195392603932,0.5717323009961555,997.2943448196096,1005.2537609585585,7.959416138948882,0.00798101000000013,3,0.0253907586993725,take_profit
2021-02-09 07:00:00+00:00,2021-02-09 08:00:00+00:00,1768.62,1765.8868743391624,1783.545743082554,0.43211559472728317,763.8310880141844,769.9272315659366,6.0961435517522204,0.007981010000000177,2,0.015577116621999048,take_profit
2021-02-09 09:00:00+00:00,2021-02-09 09:00:00+00:00,1803.0,1792.2967864348461,1810.2197542991946,0.556481638404308,998.3786308528921,1006.3467006895154,7.968069836623272,0.007981010000000031,3,0.02555740432612309,take_profit
2021-02-09 10:00:00+00:00,2021-02-09 19:00:00+00:00,1774.09,1744.8306460665513,1762.2789525272167,0.9744708567265759,1701.9886031183755,1715.572191179749,13.583588061373575,0.007981009999999875,5,0.03489112728215585,take_profit
2021-02-09 20:00:00+00:00,2021-02-09 20:00:00+00:00,1772.56,1772.56,1790.2856,0.3653059240811328,648.1748436328857,653.3479335416681,5.173089908782458,0.007981009999999941,1,0.005590783950895797,take_profit
2021-02-09 21:00:00+00:00,2021-02-10 00:00:00+00:00,1763.63,1763.63,1781.2663000000002,0.3673021351588466,648.4334981283249,653.6086523612222,5.175154232897285,0.007981010000000219,1,0.009066527559635528,take_profit
2021-02-10 01:00:00+00:00,2021-02-10 02:00:00+00:00,1786.61,1786.6100000000001,1804.4761,0.3627224540241742,648.6922558399698,653.8694752207513,5.17721938078148,0.00798101000000019,1,0.0034534677405812383,take_profit
2021-02-10 03:00:00+00:00,2021-02-10 06:00:00+00:00,1808.34,1797.6050864013257,1815.581137265339,0.556427902120798,1001.2388659338993,1009.2297633353065,7.99089740140721,0.0079810100000001,3,0.0229602840173861,take_profit
2021-02-10 07:00:00+00:00,2021-02-10 08:00:00+00:00,1801.8,1801.8,1819.818,0.3600295876442448,649.3506616790793,654.5331358034467,5.182474124367445,0.00798101000000015,1,0.006771006771006796,take_profit
2021-02-10 09:00:00+00:00,2021-02-10 12:00:00+00:00,1803.9,1774.1490017076092,1791.8904917246853,0.9614965677746152,1707.5457215842107,1721.1736610636312,13.627939479420547,0.007981009999999851,5,0.0648040357004269,take_profit
2021-02-10 13:00:00+00:00,2021-02-10 14:00:00+00:00,1745.35,1742.652834485563,1760.0793628304186,0.44024543616335166,767.9629201195173,774.0920398646203,6.129119745103026,0.007981009999999943,2,0.017795857564385335,take_profit
2021-02-10 15:00:00+00:00,2021-02-10 16:00:00+00:00,1722.58,1712.3541865651346,1729.4777284307859,0.5856121602079138,1003.7792134489225,1011.7903853892506,8.01117194032804,0.007981010000000056,3,0.02471873584971376,take_profit
2021-02-10 17:00:00+00:00,2021-02-10 17:00:00+00:00,1727.04,1727.04,1744.3104,0.37656753679509264,650.9981969435403,656.1938200633286,5.195623119788365,0.007981010000000002,1,0.007249397813600138,take_profit
2021-02-10 18:00:00+00:00,2021-02-10 23:00:00+00:00,1736.99,1734.3057535583569,1751.6488110939404,0.4430219721145432,769.1046598508732,775.2428918321895,6.138231981316267,0.007981009999999804,2,0.018244204054139665,take_profit
2021-02-11 00:00:00+00:00,2021-02-11 07:00:00+00:00,1740.76,1730.426263979103,1747.730526618894,0.5803577381292138,1005.2715441064046,1013.294626352633,8.023082246228455,0.0079810099999998,3,0.021438911739699865,take_profit
2021-02-11 08:00:00+00:00,2021-02-11 09:00:00+00:00,1737.18,1737.18,1754.5518000000002,0.37492607430841723,651.9660438109072,657.1693913262226,5.203347515315386,0.00798101000000015,1,0.003540220357130574,take_profit
2021-02-11 10:00:00+00:00,2021-02-11 10:00:00+00:00,1765.93,1765.9299999999998,1783.5892999999999,0.3689693164369405,652.2262111866729,657.4316351004159,5.205423913742948,0.007981009999999998,1,0.0022254562751638307,take_profit
2021-02-11 11:00:00+00:00,2021-02-11 13:00:00+00:00,1785.69,1782.9304953233022,1800.7598002765353,0.4317526182108386,770.5554649086918,776.7052757796827,6.149810870990905,0.007981009999999983,2,0.015204206777212221,take_profit
2021-02-11 14:00:00+00:00,2021-02-11 16:00:00+00:00,1789.41,1789.41,1807.3041,0.3644448052447364,652.7939729259097,658.003928151771,5.209955225861336,0.00798100999999988,1,0.004258386842590641,take_profit
2021-02-11 17:00:00+00:00,2021-02-11 20:00:00+00:00,1792.08,1789.3106205774704,1807.2037267832452,0.4305876223821594,771.2262320496488,777.3813963198994,6.155164270250566,0.007981009999999997,2,0.018553859202714164,take_profit
2021-02-11 21:00:00+00:00,2021-02-11 22:00:00+00:00,1762.27,1762.27,1779.8927,0.37037960509559514,653.3622289007152,658.5767193831941,5.214490482478936,0.007981010000000061,1,0.004460156502692493,take_profit
2021-02-11 23:00:00+00:00,2021-02-12 00:00:00+00:00,1781.46,1781.46,1799.2746,0.36653606057470517,653.6229534248391,658.8395247523523,5.216571327513179,0.007981010000000005,1,0.004181963108910694,take_profit
2021-02-12 01:00:00+00:00,2021-02-12 14:00:00+00:00,1791.45,1780.8153511140908,1798.6235046252318,0.565943242655356,1008.8492636435885,1016.9008997052207,8.051636061632166,0.007981010000000049,3,0.028786737000753543,take_profit
2021-02-12 15:00:00+00:00,2021-02-12 15:00:00+00:00,1760.66,1760.66,1778.2666000000002,0.37124264618410263,654.2863637942964,659.5082298066023,5.221866012305895,0.007981009999999965,1,0.0003805391160133545,take_profit
2021-02-12 16:00:00+00:00,2021-02-12 16:00:00+00:00,1789.2,1789.2,1807.092,0.36546663851878874,654.5474570949118,659.7714068954608,5.223949800549008,0.007981009999999917,1,0.0011848871003801243,take_profit
2021-02-12 17:00:00+00:00,2021-02-12 17:00:00+00:00,1823.87,1823.87,1842.1087,0.3586625395068477,654.8086545849392,660.0346890052681,5.226034420328915,0.007981009999999953,1,0.005746023565275919,take_profit
2021-02-12 18:00:00+00:00,2021-02-12 23:00:00+00:00,1845.81,1842.9575892639282,1861.3871651565676,0.41934378884647455,773.6064245898905,779.7805852006065,6.174160610716058,0.007981009999999865,2,0.017602028377785368,take_profit
2021-02-13 00:00:00+00:00,2021-02-13 00:00:00+00:00,1840.24,1840.24,1858.6424,0.35578146636968816,655.3786643364914,660.6092480103475,5.230583673856131,0.007981009999999924,1,3.260444289872268e-05,take_profit
2021-02-13 01:00:00+00:00,2021-02-14 06:00:00+00:00,1856.36,1825.7437999944218,1844.001237994366,0.9429985099965001,1723.3970801101982,1737.1515294405283,13.75444933033009,0.007981009999999882,5,0.04921459199724186,take_profit
2021-02-14 07:00:00+00:00,2021-02-15 11:00:00+00:00,1837.24,1767.1885150338994,1784.8604001842384,1.5123696538686824,2675.317600402932,2696.6693369249238,21.351736521991825,0.007981010000000007,7,0.09882758920990177,take_profit
2021-02-15 12:00:00+00:00,2021-02-15 12:00:00+00:00,1787.76,1787.76,1805.6376,0.36735250106836903,657.3955028128003,662.6421828947042,5.246680081903946,0.007981009999999938,1,0.006331946122522004,take_profit
2021-02-15 13:00:00+00:00,2021-02-15 16:00:00+00:00,1805.14,1802.3504383895893,1820.3739427734852,0.43048560875093894,776.6625882409049,782.8611401242815,6.198551883376581,0.007981010000000047,2,0.012652758234818432,take_profit
2021-02-15 17:00:00+00:00,2021-02-16 03:00:00+00:00,1819.99,1789.973635799009,1807.873372156999,0.9652576533141162,1729.5152664519396,1743.3185450886454,13.803278636705727,0.007981010000000077,5,0.04124747938175481,take_profit
2021-02-16 04:00:00+00:00,2021-02-17 09:00:00+00:00,1822.16,1792.1078468604344,1810.0289253290387,0.9651194180431741,1731.3294116441925,1745.1471689918187,13.817757347626184,0.007981009999999865,5,0.053870132150853976,take_profit
2021-02-17 10:00:00+00:00,2021-02-17 12:00:00+00:00,1811.63,1811.63,1829.7463,0.3635894014749537,659.3488162102807,664.6110857059432,5.262269495662508,0.007981010000000146,1,0.005856604273499625,take_profit
2021-02-17 13:00:00+00:00,2021-02-17 19:00:00+00:00,1825.2,1822.3794387962587,1840.6032331842214,0.42701936381664035,778.9702788661706,785.1872484515044,6.2169695853338,0.007981010000000134,2,0.013806706114398447,take_profit
2021-02-17 20:00:00+00:00,2021-02-18 00:00:00+00:00,1837.76,1837.76,1856.1376,0.35873174701058147,659.9227781643305,665.1896284560878,5.2668502917573505,0.007981010000000071,1,0.008232848685356021,take_profit
2021-02-18 01:00:00+00:00,2021-02-18 01:00:00+00:00,1869.51,1869.51,1888.2051,0.35278010524588765,660.1861206789183,665.455072709918,5.268952030999685,0.007981010000000047,1,0.0020700611390149777,take_profit
2021-02-18 02:00:00+00:00,2021-02-18 10:00:00+00:00,1906.45,1903.5038796258643,1922.538918422123,0.40933960734704666,779.959490159791,786.1843546503513,6.224864490560321,0.007981010000000163,2,0.014272600907445795,take_profit
2021-02-18 11:00:00+00:00,2021-02-18 18:00:00+00:00,1916.12,1913.1589361529077,1932.2905255144367,0.40746574254872114,780.3270535868528,786.5548516048,6.22779801794718,0.007981009999999964,2,0.018292173767822453,take_profit
2021-02-18 19:00:00+00:00,2021-02-18 21:00:00+00:00,1926.18,1926.18,1945.4418,0.34286054740703764,661.0722014058937,666.3482252560361,5.276023850142451,0.007981009999999998,1,0.00632339656729904,take_profit
2021-02-18 22:00:00+00:00,2021-02-19 16:00:00+00:00,1945.13,1933.5830550183102,1952.9188855684934,0.5271698186517477,1020.3469754375326,1028.4903748519691,8.143399414436544,0.007981009999999846,3,0.027828474189385853,take_profit
2021-02-19 17:00:00+00:00,2021-02-19 17:00:00+00:00,1946.54,1946.54,1966.0054,0.3396187231685728,661.7431725691227,667.0245514468286,5.2813788777058335,0.007981009999999908,1,0.002846075600809623,take_profit
2021-02-19 18:00:00+00:00,2021-02-20 02:00:00+00:00,1963.84,1952.18198617427,1971.7038060360126,0.5226773045836411,1021.382601191498,1029.5342659454332,8.151664753935165,0.007981009999999811,3,0.021045502688610034,take_profit
2021-02-20 03:00:00+00:00,2021-02-20 03:00:00+00:00,1983.33,1983.33,2003.1633,0.33365723804205755,662.4148247507047,667.7015640911883,5.286739340483564,0.007981009999999912,1,0.003393283013921041,take_profit
2021-02-20 04:00:00+00:00,2021-02-20 04:00:00+00:00,2018.43,2018.43,2038.6143000000002,0.3279858516550047,662.6791617177289,667.9680107341898,5.288849016460858,0.007981010000000071,1,0.005365556397794402,take_profit
2021-02-20 05:00:00+00:00,2021-02-20 12:00:00+00:00,2022.2,2010.1955416131705,2030.2974970293021,0.5083109710351429,1022.8272750029086,1030.9904697129796,8.163194710071025,0.007981010000000061,3,0.02086836119078234,take_profit
2021-02-20 13:00:00+00:00,2021-02-20 14:00:00+00:00,2024.21,2012.193609578081,2032.3155456738618,0.5081188734981996,1023.457007166257,1031.625227775021,8.168220608763932,0.007981009999999964,3,0.02090692171266812,take_profit
2021-02-20 15:00:00+00:00,2021-02-20 15:00:00+00:00,1988.99,1985.9163269621797,2005.7754902318015,0.3943193774982253,783.8691589702592,790.1252265666923,6.256067596433127,0.00798100999999987,2,0.015042810672753544,take_profit
2021-02-20 16:00:00+00:00,2021-02-20 16:00:00+00:00,1978.69,1978.6899999999998,1998.4769,0.33527682726248226,664.0729783143153,669.3729513949716,5.299973080656287,0.007981009999999929,1,0.0016020700564515274,take_profit
2021-02-20 17:00:00+00:00,2021-02-20 17:00:00+00:00,2001.93,2001.93,2021.9493,0.331516905681707,664.337976968348,669.6400650059122,5.302088037564204,0.007981010000000073,1,0.006588641960508137,take_profit
2021-02-20 18:00:00+00:00,2021-02-20 22:00:00+00:00,1996.59,1920.4627143059877,1939.6673414490476,1.4092123121252276,2709.0487507281596,2730.6696958982084,21.6209451700488,0.007981009999999945,7,0.09689019778722714,take_profit
2021-02-20 23:00:00+00:00,2021-02-20 23:00:00+00:00,1894.01,1894.0099999999998,1912.9500999999998,0.3511166490673756,665.6841286287288,670.9969603161559,5.312831687427092,0.007981009999999882,1,0.004545910528455446,take_profit
2021-02-21 00:00:00+00:00,2021-02-21 01:00:00+00:00,1912.9,1909.9439121594144,1929.0433512810084,0.4113568501981997,786.4549667278516,792.7316716818561,6.276704954004572,0.0079810099999999,2,0.01562549009357525,take_profit
2021-02-21 02:00:00+00:00,2021-02-21 10:00:00+00:00,1937.32,1934.3261748678324,1953.6694366165107,0.4063630921363855,786.8255912108499,793.1052541225597,6.279662911709806,0.007981010000000129,2,0.019165651518592633,take_profit
2021-02-21 11:00:00+00:00,2021-02-22 21:00:00+00:00,1971.59,1780.8991353602858,1798.7081267138885,3.1480370788504164,5611.948460267095,5656.73747704797,44.7890167808755,0.00798100999999986,10,0.2133252856831288,take_profit
2021-02-22 22:00:00+00:00,2021-02-24 04:00:00+00:00,1799.44,1625.3993680900758,1641.6533617709765,3.460793581843121,5630.8025035215205,5675.741994610151,44.93949108863035,0.00798101000000001,10,0.24698795180722893,take_profit
2021-02-24 05:00:00+00:00,2021-02-24 08:00:00+00:00,1643.15,1633.3957097229163,1649.7296668201454,0.6332332975101398,1035.3559073140716,1043.6190931639042,8.263185849832553,0.007981009999999879,3,0.020174664516325404,take_profit
2021-02-24 09:00:00+00:00,2021-02-24 09:00:00+00:00,1676.63,1676.63,1693.3963,0.40009166967014814,671.4771732923529,676.8362393271709,5.359066034818056,0.007981010000000082,1,0.0043837936813728344,take_profit
2021-02-24 10:00:00+00:00,2021-02-24 12:00:00+00:00,1690.3,1687.6879056527043,1704.5647847092314,0.46958072341657964,793.2990066444536,799.630333949473,6.331327305019386,0.007981009999999919,2,0.017322368810270352,take_profit
2021-02-24 13:00:00+00:00,2021-02-24 13:00:00+00:00,1689.75,1661.8816318174136,1678.5004481355877,1.0619261735602479,1766.5621643502773,1780.6611146495782,14.098950299300895,0.007981009999999823,5,0.04009468856339695,take_profit
2021-02-24 14:00:00+00:00,2021-02-24 15:00:00+00:00,1640.39,1617.8358398776734,1634.01419827645,0.9416361927086582,1524.937718408435,1537.10826158843,12.170543179994866,0.007981009999999974,4,0.03144374203695472,take_profit
2021-02-24 16:00:00+00:00,2021-02-24 16:00:00+00:00,1660.46,1657.8940187067915,1674.4729588938594,0.47917947378985887,795.2240074907654,801.5706982467894,6.3466907560240315,0.007981010000000198,2,0.011364320730400081,take_profit
2021-02-24 17:00:00+00:00,2021-02-25 00:00:00+00:00,1645.81,1618.6663165920506,1634.852979757971,1.0929232268893772,1770.848862849776,1784.9820253326684,14.13316248289243,0.007981009999999853,5,0.055176478451340036,take_profit
2021-02-25 01:00:00+00:00,2021-02-25 07:00:00+00:00,1651.85,1624.6067012975852,1640.852768310561,1.0900691573080477,1772.7063642046705,1786.8543514244514,14.147987219780816,0.00798100999999983,5,0.039476950086266796,take_profit
2021-02-25 08:00:00+00:00,2021-02-25 11:00:00+00:00,1633.69,1606.7462068849184,1622.8136689537675,1.103342419943598,1774.5658139535562,1788.7286414603777,14.162827506821486,0.007981010000000009,5,0.03416192790553896,take_profit
2021-02-25 12:00:00+00:00,2021-02-25 12:00:00+00:00,1621.84,1621.84,1638.0584,0.4162795875860466,675.8147010315854,681.2083849186655,5.393683887080101,0.007981010000000012,1,0.00604868544369355,take_profit
2021-02-25 13:00:00+00:00,2021-02-25 13:00:00+00:00,1648.24,1648.24,1664.7224,0.40977545796771914,676.0843852259394,681.4802214652715,5.395836239332084,0.007981010000000014,1,0.007723389797602302,take_profit
2021-02-25 14:00:00+00:00,2021-03-01 09:00:00+00:00,1645.32,1486.1857512926042,1501.0476088055302,3.827626365582138,5694.258023823893,5739.703954054612,45.44593023071866,0.007981009999999988,10,0.21402523521260294,take_profit
2021-03-01 10:00:00+00:00,2021-03-01 10:00:00+00:00,1504.17,1504.17,1519.2117,0.4507122513252441,678.6264735494419,684.0425982211048,5.416124671662828,0.007981009999999995,1,0.005491400573073516,take_profit
2021-03-01 11:00:00+00:00,2021-03-01 13:00:00+00:00,1523.06,1523.06,1538.2906,0.44529984537919853,678.897279783025,684.3155657619462,5.418285978921176,0.007981010000000082,1,0.00872585452969677,take_profit
2021-03-01 14:00:00+00:00,2021-03-01 14:00:00+00:00,1522.74,1522.74,1537.9674,0.4455711584957965,679.1681940819711,684.5886422306212,5.420448148650053,0.007981009999999853,1,0.005660848207835952,take_profit
2021-03-01 15:00:00+00:00,2021-03-01 15:00:00+00:00,1525.91,1525.91,1541.1691,0.4448229432095695,679.4392164894036,684.8618276705977,5.422611181194043,0.007981009999999922,1,3.932079873660491e-05,take_profit
2021-03-01 16:00:00+00:00,2021-03-01 16:00:00+00:00,1551.75,1549.3520130134202,1564.8455331435543,0.5175730501633918,802.7055527048519,809.1119537480448,6.406401043192886,0.00798100999999992,2,0.016484614145319754,take_profit
2021-03-01 17:00:00+00:00,2021-03-01 22:00:00+00:00,1543.13,1533.9694620361647,1549.3091566565263,0.6832867327976149,1049.1901720981039,1057.5637693535207,8.373597255416826,0.007981010000000132,3,0.0263360831556642,take_profit
2021-03-01 23:00:00+00:00,2021-03-01 23:00:00+00:00,1550.22,1550.22,1565.7222,0.4384983406332201,680.4493469633939,685.8800200060022,5.430673042608305,0.007981009999999985,1,0.0020706738398421102,take_profit
2021-03-02 00:00:00+00:00,2021-03-02 00:00:00+00:00,1570.0,1570.0,1585.7,0.43314659855726667,680.7208806155242,686.1537207709256,5.432840155401436,0.007981010000000194,1,0.0072356687898088535,take_profit
2021-03-02 01:00:00+00:00,2021-03-02 02:00:00+00:00,1564.34,1561.9225571370473,1577.5417827084177,0.5143760281779776,804.2197410027475,810.6382267978877,6.418485795140214,0.007981009999999846,2,0.015559277394939668,take_profit
2021-03-02 03:00:00+00:00,2021-03-02 05:00:00+00:00,1567.89,1565.4670711671413,1581.1217418788126,0.513453239211389,804.5987373068415,811.0202478752747,6.4215105684331775,0.007981009999999879,2,0.012781508906874966,take_profit
2021-03-02 06:00:00+00:00,2021-03-02 09:00:00+00:00,1557.56,1555.153034566897,1570.704564912566,0.5171021220611502,804.9779122165965,811.4024489837761,6.4245367671796885,0.007981009999999887,2,0.017469631988494848,take_profit
2021-03-02 10:00:00+00:00,2021-03-02 14:00:00+00:00,1564.31,1564.31,1579.9531,0.43551073222734116,681.9557492798318,687.3984449343917,5.442695654559884,0.007981010000000078,1,0.00995327013187919,take_profit
2021-03-02 15:00:00+00:00,2021-03-02 16:00:00+00:00,1568.01,1542.1494407492373,1557.5709351567298,1.1616847185882235,1793.2847238215854,1807.596947135253,14.312223313667573,0.007981010000000146,5,0.05263359289800446,take_profit
2021-03-02 17:00:00+00:00,2021-03-02 18:00:00+00:00,1497.59,1497.59,1512.5658999999998,0.4555723206839088,682.9434952282431,688.3940740930947,5.450578864851536,0.007981009999999964,1,0.00938841739060754,take_profit
2021-03-02 19:00:00+00:00,2021-03-03 00:00:00+00:00,1496.25,1487.3677574615301,1502.2414350361455,0.7079961314218983,1054.104723007435,1062.5175433428049,8.412820335369815,0.007981010000000234,3,0.02722138680033418,take_profit
2021-03-03 01:00:00+00:00,2021-03-03 01:00:00+00:00,1500.7,1500.7,1515.707,0.45508964384824807,683.6366651882541,689.0927762494883,5.456111061234196,0.007981010000000129,1,0.0018857866329047475,take_profit
2021-03-03 02:00:00+00:00,2021-03-03 04:00:00+00:00,1524.31,1524.31,1539.5530999999999,0.4482195624712654,683.9094707413159,689.367759066397,5.458288325081071,0.007981009999999886,1,0.008036423037308685,take_profit
2021-03-03 05:00:00+00:00,2021-03-03 06:00:00+00:00,1540.46,1540.46,1555.8646,0.44369746879010974,684.18238515757,689.6428516153366,5.460466457766529,0.007981010000000162,1,0.001999402775794196,take_profit
2021-03-03 07:00:00+00:00,2021-03-03 08:00:00+00:00,1563.69,1563.69,1579.3269,0.4372803772307669,684.4554084804583,689.918053940095,5.462645459636633,0.007981010000000014,1,0.0029097839085752,take_profit
2021-03-03 09:00:00+00:00,2021-03-03 09:00:00+00:00,1592.19,1592.19,1608.1119,0.42962448716088325,684.7285407534401,690.1933660844788,5.464825331038696,0.007981010000000122,1,0.003322467795928855,take_profit
2021-03-03 10:00:00+00:00,2021-03-03 12:00:00+00:00,1608.28,1605.794654737698,1621.852601285075,0.5032682906020188,808.9544854331335,815.4107592709202,6.456273837786625,0.007981009999999917,2,0.012410774243290993,take_profit
2021-03-03 13:00:00+00:00,2021-03-06 05:00:00+00:00,1650.04,1559.0382875778125,1574.6286704535908,2.425737043341698,3785.6025286942017,3815.8154603317353,30.21293163753353,0.007981009999999952,8,0.12628784756733163,take_profit
2021-03-06 06:00:00+00:00,2021-03-06 07:00:00+00:00,1574.82,1574.82,1590.5682,0.43569957649221147,686.8352422937583,692.3168812308571,5.4816389370988645,0.007981009999999938,1,0.002920968745634364,take_profit
2021-03-06 08:00:00+00:00,2021-03-06 16:00:00+00:00,1589.7,1563.4817162894765,1579.1165334523712,1.1540332088743326,1806.115938003897,1820.5305673662658,14.414629362368714,0.007981010000000129,5,0.04822922564005792,take_profit
2021-03-06 17:00:00+00:00,2021-03-06 17:00:00+00:00,1580.23,1580.23,1596.0323,0.4348368437841471,687.8300557087316,693.3196342616435,5.489578552911894,0.007981009999999927,1,0.0022338520341975364,take_profit
2021-03-06 18:00:00+00:00,2021-03-06 18:00:00+00:00,1600.98,1600.98,1616.9898,0.4293722782931334,688.1045346363771,693.5963038083554,5.491769171978262,0.007981009999999986,1,0.0011118190108558338,take_profit
2021-03-06 19:00:00+00:00,2021-03-06 20:00:00+00:00,1615.63,1615.63,1631.7863000000002,0.4256486596385813,688.3791230949761,693.8730837601884,5.493960665212285,0.007981010000000073,1,0.004920681096538221,take_profit
2021-03-06 21:00:00+00:00,2021-03-06 21:00:00+00:00,1653.09,1650.5354078893859,1667.0407619682796,0.4922366999582,813.2673697133463,819.7580647237021,6.490695010355807,0.007981009999999868,2,0.010785861628828393,take_profit
2021-03-06 22:00:00+00:00,2021-03-06 22:00:00+00:00,1642.89,1642.89,1659.3189000000002,0.418950372528213,688.9783558787545,694.4770990268065,5.498743148051972,0.007981010000000106,1,0.00389557426242785,take_profit
2021-03-06 23:00:00+00:00,2021-03-07 00:00:00+00:00,1665.29,1662.7165546970314,1679.3437202440016,0.48905590064386967,813.975317490319,820.4716626389624,6.4963451486434,0.007981009999999986,2,0.013757363582318908,take_profit
2021-03-07 01:00:00+00:00,2021-03-07 07:00:00+00:00,1670.99,1661.0704421324263,1677.6811465537505,0.6398624438509127,1063.9205130243947,1072.4116732780476,8.491160253652879,0.00798101000000005,3,0.02088582217727221,take_profit
2021-03-07 08:00:00+00:00,2021-03-07 14:00:00+00:00,1684.54,1661.378809738864,1677.9925978362526,0.9404490011271462,1564.0060481608828,1576.4883960713153,12.482347910432509,0.007981010000000014,4,0.032169019435572946,take_profit
2021-03-07 15:00:00+00:00,2021-03-07 16:00:00+00:00,1648.92,1648.92,1665.4092,0.41841699956098044,690.6267857017937,696.1386849847476,5.511899282953891,0.007981010000000028,1,0.008441889236591267,take_profit
2021-03-07 17:00:00+00:00,2021-03-07 22:00:00+00:00,1669.19,1659.2811275369838,1675.8739388123536,0.64178257179068,1065.9636730274522,1074.471139761521,8.507466734068885,0.007981010000000056,3,0.021681174701501958,take_profit
2021-03-07 23:00:00+00:00,2021-03-07 23:00:00+00:00,1678.62,1678.62,1695.4062,0.41143107210008356,691.3277540026448,696.8452477206175,5.517493717972684,0.00798101000000005,1,0.00037530828895156843,take_profit
2021-03-08 00:00:00+00:00,2021-03-08 00:00:00+00:00,1726.46,1726.46,1743.7246,0.4001899986445414,691.6036286885435,697.1233241651431,5.5196954765996225,0.0079810100000001,1,0.00023748016171824533,take_profit
2021-03-08 01:00:00+00:00,2021-03-08 12:00:00+00:00,1742.2,1713.4665950302103,1730.6012609805125,1.0603278372883875,1818.6549839582385,1833.1696875717591,14.514703613520624,0.007981010000000045,5,0.04433474916771898,take_profit
2021-03-08 13:00:00+00:00,2021-03-08 13:00:00+00:00,1710.4,1710.4,1727.5040000000001,0.4045327077259158,692.6053486430495,698.1330388566232,5.527690213573692,0.007981010000000038,1,0.00042680074836296667,take_profit
2021-03-08 14:00:00+00:00,2021-03-08 15:00:00+00:00,1736.03,1733.347237088247,1750.6807094591295,0.47159741260325677,818.2603324863076,824.790876382484,6.530543896176482,0.007981009999999922,2,0.014993980518769821,take_profit
2021-03-08 16:00:00+00:00,2021-03-08 19:00:00+00:00,1742.1,1739.407856852379,1756.8019354209027,0.4701756959341572,818.6459455544626,825.1795670323922,6.533621477929614,0.007981009999999992,2,0.011336892256472074,take_profit
2021-03-08 20:00:00+00:00,2021-03-08 21:00:00+00:00,1773.61,1773.61,1791.3461,0.390639095675493,693.5349414224335,699.0700507252753,5.5351093028418745,0.007981010000000028,1,0.005305563229796773,take_profit
2021-03-08 22:00:00+00:00,2021-03-08 23:00:00+00:00,1789.32,1789.32,1807.2132,0.3873638506196142,693.8116968875756,699.3490149785524,5.5373180909767825,0.007981010000000104,1,0.009981445465316378,take_profit
2021-03-09 00:00:00+00:00,2021-03-09 01:00:00+00:00,1833.22,1830.3870451403009,1848.690915591704,0.44737306104435826,819.6855408211754,826.2274593193248,6.541918498149357,0.00798101000000018,2,0.014226333991555802,take_profit
2021-03-09 02:00:00+00:00,2021-03-09 23:00:00+00:00,1844.17,1833.222387487272,1851.5546113621447,0.58384229993574,1071.3841591634205,1079.9348868515456,8.550727688125107,0.00798101000000024,3,0.02492720302358244,take_profit
2021-03-10 00:00:00+00:00,2021-03-10 17:00:00+00:00,1870.5,1839.6505946527425,1858.04710059927,0.9918288452788295,1826.444969980923,1841.0218455507902,14.576875569867298,0.007981009999999919,5,0.060678962844159315,take_profit
2021-03-10 18:00:00+00:00,2021-03-11 14:00:00+00:00,1852.76,1801.2958461541562,1819.3088046156977,1.293230446663871,2331.822454149865,2350.4327524746595,18.610298324794712,0.007981010000000044,6,0.06895658369135775,take_profit
2021-03-11 15:00:00+00:00,2021-03-11 15:00:00+00:00,1807.18,1796.4519725509294,1814.4164922764387,0.5975830985774304,1074.603940142664,1083.180364934982,8.576424792317994,0.007981009999999992,3,0.021680186810389704,take_profit
2021-03-11 16:00:00+00:00,2021-03-11 18:00:00+00:00,1795.3,1795.3,1813.253,0.38780952690957016,696.931375035787,702.4935913092614,5.562216273474405,0.007981010000000056,1,0.009045841920570383,take_profit
2021-03-11 19:00:00+00:00,2021-03-11 21:00:00+00:00,1811.49,1808.690625457503,1826.7775317120781,0.4547753051609411,823.371202336506,829.9425361360657,6.571333799559625,0.007981009999999936,2,0.015037344948081418,take_profit
2021-03-11 22:00:00+00:00,2021-03-13 10:00:00+00:00,1838.72,1808.3947294305754,1826.478676724881,1.0128845416553713,1833.5285952465242,1848.1620053004726,14.63341005394841,0.00798100999999997,5,0.0647189349112426,take_profit
2021-03-13 11:00:00+00:00,2021-03-13 11:00:00+00:00,1861.02,1861.02,1879.6302,0.3748328622578447,698.2697230421362,703.8426206844327,5.572897642296539,0.007981010000000028,1,0.002418028822903569,take_profit
2021-03-13 12:00:00+00:00,2021-03-13 12:00:00+00:00,1871.8,1868.9074257828386,1887.596500040667,0.4409674843081257,824.952358310544,831.5363113317441,6.583953021200045,0.007981010000000012,2,0.012282295116999685,take_profit
2021-03-13 13:00:00+00:00,2021-03-13 17:00:00+00:00,1881.62,1878.7122505083364,1897.4993730134197,0.4388728416031842,825.3411250603672,831.9281808328852,6.587055772518056,0.007981010000000018,2,0.010676969845133406,take_profit
2021-03-13 18:00:00+00:00,2021-03-13 20:00:00+00:00,1913.51,1913.51,1932.6451,0.3650400109984128,699.2069183639369,704.7872957714686,5.580377407531728,0.007981009999999948,1,0.006485463885738816,take_profit
2021-03-13 21:00:00+00:00,2021-03-13 23:00:00+00:00,1933.32,1921.843163144879,1941.0615947763279,0.5609862908642655,1079.2068745900833,1087.8200354482556,8.61316085817225,0.007981010000000045,3,0.020627728467092817,take_profit
2021-03-14 00:00:00+00:00,2021-03-17 19:00:00+00:00,1922.35,1816.3300599532179,1834.4933605527501,2.126452583738701,3866.2059548646544,3897.062183252489,30.856228387834562,0.007981010000000054,8,0.10958982495383247,take_profit
2021-03-17 20:00:00+00:00,2021-03-18 02:00:00+00:00,1827.36,1824.5361008540056,1842.7814618625457,0.45357379661382213,828.3901564798105,835.0015466025776,6.611390122767148,0.00798101000000026,2,0.010014447071184636,take_profit
2021-03-18 03:00:00+00:00,2021-03-19 16:00:00+00:00,1840.29,1809.938836051054,1828.0382244115647,1.0181893103331863,1844.7050803043771,1859.4276899973372,14.722609692960077,0.007981010000000021,5,0.058045199397920945,take_profit
2021-03-19 17:00:00+00:00,2021-03-20 04:00:00+00:00,1823.0,1820.182838552257,1838.3846669377795,0.45534998514465064,829.6498783736919,836.2713223494911,6.621443975799252,0.00798101000000004,2,0.012144816236972078,take_profit
2021-03-20 05:00:00+00:00,2021-03-20 13:00:00+00:00,1827.83,1827.83,1846.1082999999999,0.3841464040459475,702.8571788861905,708.4666890594528,5.609510173262379,0.007981009999999863,1,0.005963355454281779,take_profit
2021-03-20 14:00:00+00:00,2021-03-29 09:00:00+00:00,1844.01,1742.3106062134023,1759.7337122755364,2.2269935450006897,3883.99847189538,3914.9967025395626,30.998230644182513,0.007981010000000196,8,0.16653380404661575,take_profit
2021-03-29 10:00:00+00:00,2021-03-29 12:00:00+00:00,1757.93,1757.93,1775.5093000000002,0.40046126885662997,704.6875659270627,710.3116844376023,5.624118510539574,0.00798101000000004,1,0.002645156519315383,take_profit
2021-03-29 13:00:00+00:00,2021-03-29 16:00:00+00:00,1774.99,1774.99,1792.7399,0.3967705750909792,704.9687718525897,710.5951346704329,5.626362817843187,0.007981009999999929,1,0.008338075144085293,take_profit
2021-03-29 17:00:00+00:00,2021-03-29 17:00:00+00:00,1806.54,1806.54,1824.6054,0.3899968115311526,705.2500899934819,710.8786980142207,5.628608020738852,0.007981009999999962,1,0.0020979330654178506,take_profit
2021-03-29 18:00:00+00:00,2021-03-30 10:00:00+00:00,1834.44,1823.550148035241,1841.7856495155934,0.5963344701967451,1088.5343457515432,1097.2219492503295,8.687603498786302,0.007981009999999795,3,0.02624234098689524,take_profit
2021-03-30 11:00:00+00:00,2021-03-30 19:00:00+00:00,1836.0,1836.0,1854.3600000000001,0.38412850472161697,705.9659005694582,711.6002214815621,5.634320912103931,0.007981010000000113,1,0.005419389978213532,take_profit
2021-03-30 20:00:00+00:00,2021-03-31 07:00:00+00:00,1858.27,1832.7201495799684,1851.0473510757681,0.8725975449277774,1600.8279309941433,1613.6041547196871,12.776223725543787,0.007981010000000137,4,0.030818987552939013,take_profit
2021-03-31 08:00:00+00:00,2021-03-31 13:00:00+00:00,1814.04,1803.2712492868934,1821.3039617797624,0.6041987027623295,1090.6247743220683,1099.3290615521803,8.704287230111959,0.007981009999999806,3,0.025297126854975566,take_profit
2021-03-31 14:00:00+00:00,2021-03-31 15:00:00+00:00,1829.05,1829.05,1847.3405,0.3863285970972272,707.3216421628463,712.9667832621644,5.6451410993181526,0.007981010000000078,1,0.002547770700636863,take_profit
2021-03-31 16:00:00+00:00,2021-03-31 18:00:00+00:00,1849.1,1849.1,1867.591,0.38229208551111044,707.6038992178121,713.2512930135084,5.647393795696303,0.007981009999999933,1,0.00585149532204853,take_profit
2021-03-31 19:00:00+00:00,2021-03-31 19:00:00+00:00,1891.9,1891.9,1910.8190000000002,0.37379268599751003,707.8862689075969,713.5359162986111,5.649647391014241,0.00798101000000003,1,8.985675775679092e-05,take_profit
2021-03-31 20:00:00+00:00,2021-03-31 20:00:00+00:00,1900.63,1900.63,1919.6363000000001,0.37222425328752595,708.1687512771476,713.8206531627782,5.6519018856305365,0.007981010000000153,1,0.004582691002457099,take_profit
2021-03-31 21:00:00+00:00,2021-04-01 08:00:00+00:00,1939.11,1927.5987917602188,1946.874779677821,0.5664800089953752,1093.0392201159193,1101.7627770620563,8.723556946137023,0.007981009999999698,3,0.02023093068469545,take_profit
2021-04-01 09:00:00+00:00,2021-04-01 17:00:00+00:00,1943.36,1940.356840992273,1959.7604094021958,0.43101620767668464,837.1624095535549,843.8438111158258,6.681401562270935,0.007981009999999901,2,0.01922443602832203,take_profit
2021-04-01 18:00:00+00:00,2021-04-01 18:00:00+00:00,1940.3,1928.781727520539,1948.0695447957446,0.5667480977394084,1094.2276026294248,1102.9606440682865,8.733041438861619,0.00798101000000014,3,0.02849043962273874,take_profit
2021-04-01 19:00:00+00:00,2021-04-02 01:00:00+00:00,1967.13,1967.1299999999999,1986.8012999999999,0.3603974257534702,709.6582463687927,715.3220359296444,5.663789560851683,0.007981009999999837,1,0.00948081723119473,take_profit
2021-04-02 02:00:00+00:00,2021-04-02 14:00:00+00:00,1995.55,1995.55,2015.5055,0.3554065267274628,709.9414358468352,715.6074855457432,5.666049698907955,0.007981010000000005,1,0.0073563679186189595,take_profit
2021-04-02 15:00:00+00:00,2021-04-02 20:00:00+00:00,2070.15,2066.9509068727125,2087.6204159414397,0.4053811105829297,838.7415957441981,845.4356008072485,6.69400506305044,0.007981010000000045,2,0.0188585368210034,take_profit
2021-04-02 21:00:00+00:00,2021-04-02 22:00:00+00:00,2091.01,2091.01,2111.9201000000003,0.3394765587665043,710.5594385849331,716.2304205698739,5.670981984940795,0.007981010000000082,1,0.006025796146360066,take_profit
2021-04-02 23:00:00+00:00,2021-04-02 23:00:00+00:00,2110.46,2110.46,2131.5646,0.3364821625126731,710.8429876841802,716.5162326773176,5.673244993137359,0.007981010000000056,1,0.0001847938364147497,take_profit
2021-04-03 00:00:00+00:00,2021-04-05 14:00:00+00:00,2133.69,2074.422447581264,2095.1666720570765,1.1480706214443368,2383.967435968672,2402.993903914813,19.02646794614111,0.007981010000000328,6,0.07426102198538684,take_profit
2021-04-05 15:00:00+00:00,2021-04-06 00:00:00+00:00,2118.21,2114.9366376575845,2136.0860040341604,0.39721721818653605,840.9301780291607,847.6416501893134,6.711472160152653,0.007981010000000167,2,0.016093777293091877,take_profit
2021-04-06 01:00:00+00:00,2021-04-06 17:00:00+00:00,2141.73,2106.4073071829025,2127.4713802547317,0.8881270296287631,1872.629894811484,1887.5753727282738,14.945477916789741,0.00798101000000018,5,0.0453278424451261,take_profit
2021-04-06 18:00:00+00:00,2021-04-08 16:00:00+00:00,2125.97,2044.9096292844802,2065.358725577325,1.4201470446153834,2906.979345879773,2930.1799771090336,23.20063122926058,0.007981010000000224,7,0.09217439568761546,take_profit
2021-04-08 17:00:00+00:00,2021-04-09 00:00:00+00:00,2067.17,2063.9755119967467,2084.615267116714,0.4083068464677858,843.5789114015267,850.3115231292115,6.732611727684798,0.007981010000000118,2,0.011581050421590897,take_profit
2021-04-09 01:00:00+00:00,2021-04-10 02:00:00+00:00,2092.18,2079.7601168293163,2100.5577179976094,0.529634056832172,1102.6144023163793,1111.4143788874103,8.799976571031038,0.007981009999999993,3,0.021322257167165303,take_profit
2021-04-10 03:00:00+00:00,2021-04-10 03:00:00+00:00,2116.55,2116.55,2137.7155000000002,0.33752209223953056,715.0974818113899,720.8046819647013,5.707200153311419,0.007981009999999858,1,0.00037324891923175144,take_profit
2021-04-10 04:00:00+00:00,2021-04-10 04:00:00+00:00,2144.4,2144.4,2165.844,0.33327152535778604,715.3828418190554,721.0923194334417,5.709477614386287,0.007981009999999983,1,8.393956351440544e-05,take_profit
2021-04-10 05:00:00+00:00,2021-04-12 06:00:00+00:00,2191.18,2155.0417481909635,2176.5921656728733,0.8720499745644614,1881.1852869822646,1896.199045569523,15.01375858725828,0.007981009999999978,5,0.04912877992679727,take_profit
2021-04-12 07:00:00+00:00,2021-04-13 01:00:00+00:00,2185.46,2149.416085853934,2170.9102467124735,0.8752495050551977,1883.1585238251614,1898.1880308353952,15.029507010233829,0.007981009999999988,5,0.03818875660044111,take_profit
2021-04-13 02:00:00+00:00,2021-04-13 06:00:00+00:00,2165.59,2165.59,2187.2459000000003,0.3308351573939064,717.1704789796494,722.8942237440909,5.723744764441562,0.007981010000000266,1,0.006261573058612177,take_profit
2021-04-13 07:00:00+00:00,2021-04-13 08:00:00+00:00,2158.41,2158.41,2179.9941,0.33206814717854977,717.4566662178714,723.1826950455229,5.726028827651476,0.007981009999999974,1,0.0038917536519936604,take_profit
2021-04-13 09:00:00+00:00,2021-04-13 14:00:00+00:00,2220.3,2216.868873525824,2239.0375622610823,0.3819678540371689,847.6202665690238,854.385132392714,6.764865823690229,0.007981010000000219,2,0.011390352655046598,take_profit
2021-04-13 15:00:00+00:00,2021-04-13 16:00:00+00:00,2261.66,2261.66,2284.2765999999997,0.3171843379373947,718.0812109504385,723.812224275846,5.731013325407503,0.00798100999999992,1,0.008250577009806892,take_profit
2021-04-13 17:00:00+00:00,2021-04-13 17:00:00+00:00,2271.6,2271.6,2294.316,0.3159224308219282,718.3677616167089,724.1010619058494,5.733300289140516,0.007981009999999926,1,0.0012502201091740143,take_profit
2021-04-13 18:00:00+00:00,2021-04-14 03:00:00+00:00,2310.05,2296.3367673343414,2319.3001350076847,0.48236493445351447,1108.7811153737985,1117.630308543408,8.849193169609634,0.007981010000000175,3,0.025995108330988583,take_profit
2021-04-14 04:00:00+00:00,2021-04-14 04:00:00+00:00,2347.1,2347.1,2370.571,0.3060703802153111,719.0968862896462,724.8360057300928,5.7391194404465296,0.00798101,1,0.003877124962719914,take_profit
2021-04-14 05:00:00+00:00,2021-04-14 06:00:00+00:00,2371.28,2371.28,2394.9928000000004,0.30307026518142394,719.3838422616686,725.1252519005975,5.741409638928872,0.007981010000000099,1,0.007708916703215225,take_profit
2021-04-14 07:00:00+00:00,2021-04-14 11:00:00+00:00,2388.44,2355.6007006854647,2379.1567076923193,0.6918077475280221,1631.2540688855272,1644.2731239218435,13.019055036316331,0.007981010000000153,4,0.03284151998794194,take_profit
2021-04-14 12:00:00+00:00,2021-04-14 16:00:00+00:00,2390.0,2350.5826897728175,2374.0885166705457,0.8047043253451163,1893.4174750165607,1908.5288588188423,15.11138380228158,0.00798100999999982,5,0.04054811715481165,take_profit
2021-04-14 17:00:00+00:00,2021-04-14 17:00:00+00:00,2374.1,2360.006545022168,2383.60661047239,0.4709338427604236,1112.5194706576979,1121.398499678212,8.879029020514054,0.007981010000000234,3,0.02138915799671444,take_profit
2021-04-14 18:00:00+00:00,2021-04-14 18:00:00+00:00,2329.96,2326.359411142741,2349.623005254168,0.36590662319415324,852.0823988660453,858.882877012219,6.800478146173646,0.007981009999999705,2,0.01204741712304081,take_profit
2021-04-14 19:00:00+00:00,2021-04-14 20:00:00+00:00,2337.75,2334.137372915819,2357.478746644977,0.3648591881694563,852.4839509089622,859.287633846006,6.803682937043732,0.007981009999999759,2,0.012298149930488719,take_profit
2021-04-14 21:00:00+00:00,2021-04-14 21:00:00+00:00,2370.98,2370.98,2394.6898,0.30429585766077355,722.2015941907316,727.9654923359839,5.763898145252256,0.007981010000000118,1,0.0009784983424576182,take_profit
2021-04-14 22:00:00+00:00,2021-04-15 03:00:00+00:00,2426.13,2422.3807954453027,2446.604603399756,0.3518739961178235,853.2260366490598,860.0356421798163,6.809605530756471,0.007981009999999952,2,0.010770239022641041,take_profit
2021-04-15 04:00:00+00:00,2021-04-15 19:00:00+00:00,2475.95,2461.2519292142856,2485.8644485064283,0.4526593182557026,1115.2238441778493,1124.124456830471,8.900612652621703,0.007981009999999861,3,0.028623356691370946,take_profit
2021-04-15 20:00:00+00:00,2021-04-15 22:00:00+00:00,2478.58,2478.58,2503.3658,0.29151854073992206,723.2753000071631,729.0477674092733,5.772467402110237,0.007981010000000096,1,0.0004357333634580797,take_profit
2021-04-15 23:00:00+00:00,2021-04-16 20:00:00+00:00,2528.08,2431.6877169487384,2456.0045941182257,1.2116831320385226,2949.3843733854374,2972.9234395632698,23.53906617783241,0.00798100999999983,7,0.09021866396633016,take_profit
2021-04-16 21:00:00+00:00,2021-04-17 01:00:00+00:00,2455.57,2451.7753005286704,2476.293053533957,0.3487385566074399,855.8844638960368,862.7152863612356,6.830822465198821,0.007981009999999898,2,0.015226607264301292,take_profit
2021-04-17 02:00:00+00:00,2021-04-18 03:00:00+00:00,2476.94,2237.372021738448,2259.7457419558323,2.725697309439819,6104.503403271687,6153.223505978232,48.72010270654573,0.007981010000000061,10,0.2140302147003965,take_profit
2021-04-18 04:00:00+00:00,2021-04-18 04:00:00+00:00,2158.9,2155.5637576250506,2177.119395201301,0.398181425213429,859.1646137633204,866.0216151374115,6.857001374091055,0.007981009999999834,2,0.014572235860855081,take_profit
2021-04-18 05:00:00+00:00,2021-04-18 05:00:00+00:00,2150.57,2150.57,2172.0757000000003,0.33811194787448823,727.8612730134516,733.6703411119847,5.809068098533089,0.007981010000000002,1,0.005449717981744493,take_profit
2021-04-18 06:00:00+00:00,2021-04-18 06:00:00+00:00,2176.05,2176.05,2197.8105,0.33428624098341486,728.1517264183783,733.9631126284406,5.811386210062324,0.007981009999999976,1,0.003965901518807062,take_profit
2021-04-18 07:00:00+00:00,2021-04-18 07:00:00+00:00,2188.11,2188.11,2209.9911,0.3325764488225695,728.4422957288814,734.2560009755166,5.813705246635209,0.007981010000000068,1,0.001019144375739802,take_profit
2021-04-18 08:00:00+00:00,2021-04-18 08:00:00+00:00,2210.1,2173.64970822883,2195.3862053111184,0.88036777911082,1915.5266928911885,1930.8145305824196,15.287837691231061,0.00798100999999977,5,0.03850504502058726,take_profit
2021-04-18 09:00:00+00:00,2021-04-18 09:00:00+00:00,2136.1,2123.419392958112,2144.653586887693,0.5295160842616704,1125.5102324369095,1134.4929408570908,8.982708420181325,0.007981010000000023,3,0.024764758204203968,take_profit
2021-04-18 10:00:00+00:00,2021-04-18 10:00:00+00:00,2117.57,2117.57,2138.7457000000004,0.3443647963413191,729.9465082967839,735.7722186789658,5.82571038218191,0.007981010000000267,1,0.009713964591489379,take_profit
2021-04-18 11:00:00+00:00,2021-04-18 11:00:00+00:00,2118.69,2083.747296650532,2104.584769617037,0.9202472496395993,1919.4822008874899,1934.8016075275946,15.319406640104717,0.007981009999999818,5,0.03808485432035836,take_profit
2021-04-18 12:00:00+00:00,2021-04-18 12:00:00+00:00,2052.19,2052.19,2072.7119000000002,0.3558504623761691,731.0037641478983,736.8379124996004,5.834148351702083,0.007981010000000089,1,0.002879850306258232,take_profit
2021-04-18 13:00:00+00:00,2021-04-18 13:00:00+00:00,2101.14,2101.14,2122.1513999999997,0.3476989520421857,731.2954715654835,737.1319480370023,5.836476471518836,0.007981009999999995,1,0.00877618816452024,take_profit
2021-04-18 14:00:00+00:00,2021-04-18 14:00:00+00:00,2115.48,2115.48,2136.6348,0.3454798476438777,731.5872953890595,737.4261009094323,5.83880552037283,0.007981009999999716,1,0.002486433339005908,take_profit
2021-04-18 15:00:00+00:00,2021-04-18 15:00:00+00:00,2127.69,2127.69,2148.9669,0.34363434355071126,731.879235665078,737.7203711637131,5.84113549863514,0.007981009999999721,1,0.005386122978441425,take_profit
2021-04-18 16:00:00+00:00,2021-04-18 16:00:00+00:00,2143.75,2143.75,2165.1875,0.34119609149740865,732.1712924400099,738.0147588466865,5.843466406676612,0.007981009999999957,1,0.0024349854227404314,take_profit
2021-04-18 17:00:00+00:00,2021-04-18 19:00:00+00:00,2161.52,2158.1797088247254,2179.7615059129726,0.40040199888963024,865.0044738503105,871.9080832061545,6.903609355843969,0.007981009999999886,2,0.012269143935748909,take_profit
2021-04-18 20:00:00+00:00,2021-04-18 20:00:00+00:00,2188.33,2188.33,2210.2133,0.3345363074042341,732.8086462281358,738.657199361769,5.8485531336332315,0.007981010000000024,1,0.00027875137662058616,take_profit
2021-04-18 21:00:00+00:00,2021-04-18 22:00:00+00:00,2223.72,2220.2835884505894,2242.4864243350953,0.38954109543632603,865.7574586830224,872.6670776183463,6.90961893532392,0.007981010000000151,2,0.01635097943985739,take_profit
2021-04-18 23:00:00+00:00,2021-04-19 00:00:00+00:00,2237.32,2233.8625717771456,2256.201197494917,0.38735565056988375,866.1654552296795,873.0783303895221,6.912875159842542,0.007981009999999905,2,0.017547780380097713,take_profit
2021-04-19 01:00:00+00:00,2021-04-19 01:00:00+00:00,2256.0,2252.5137047580315,2275.038841805612,0.384329324423617,866.5736440486417,873.4897769675301,6.916132918888479,0.007981009999999804,2,0.010638297872340425,take_profit
2021-04-19 02:00:00+00:00,2021-04-19 02:00:00+00:00,2244.4,2244.4,2266.844,0.32677056996537357,734.13800523552,739.9971679966847,5.859162761164612,0.007981009999999828,1,0.006509534842274161,take_profit
2021-04-19 03:00:00+00:00,2021-04-19 03:00:00+00:00,2251.39,2251.39,2273.9039,0.3258860225950212,734.4309633735783,740.2924642365724,5.8615008629941485,0.007981009999999981,1,0.004570509773961847,take_profit
2021-04-19 04:00:00+00:00,2021-04-19 11:00:00+00:00,2266.0,2228.6277719770737,2250.9140496968444,0.865709099074894,1931.2746152668274,1946.6881372840182,15.413522017190871,0.007981010000000087,5,0.03353927625772286,take_profit
2021-04-19 12:00:00+00:00,2021-04-19 20:00:00+00:00,2246.63,2184.225310804051,2206.0675639120914,1.1277191967651714,2465.658471525626,2485.3369164434575,19.678444917831712,0.007981010000000396,6,0.07416886625746122,take_profit
2021-04-19 21:00:00+00:00,2021-04-20 10:00:00+00:00,2204.9,2143.6544458997923,2165.0909903587904,1.1505996227541955,2468.9569537213765,2488.6617238585964,19.70477013721984,0.007981009999999998,6,0.06798494262778361,take_profit
2021-04-20 11:00:00+00:00,2021-04-20 13:00:00+00:00,2181.84,2181.84,2203.6584000000003,0.33766289526045434,737.46387527034,743.3495818335115,5.885706563171425,0.00798101000000012,1,0.008245334213324641,take_profit
2021-04-20 14:00:00+00:00,2021-04-20 16:00:00+00:00,2221.23,2184.5961456084,2206.442107064484,0.8868049941482194,1939.2500221446248,1954.727195963861,15.477173819236214,0.007981009999999867,5,0.03622767565718084,take_profit
2021-04-20 17:00:00+00:00,2021-04-20 18:00:00+00:00,2250.16,2250.16,2272.6616,0.3278849003049433,738.5320192894607,744.4262507207301,5.894231431269418,0.007981010000000054,1,0.0065861983147863755,take_profit
2021-04-20 19:00:00+00:00,2021-04-20 19:00:00+00:00,2284.02,2284.02,2306.8602,0.3231529952146492,738.826730861024,744.7233143882933,5.896583527269286,0.007981010000000196,1,0.003966690309191665,take_profit
2021-04-20 20:00:00+00:00,2021-04-20 22:00:00+00:00,2324.81,2321.2173696624645,2344.429543359089,0.37566257696066224,872.8673661393908,879.8337293172231,6.96636317783225,0.007981010000000127,2,0.013549494367281627,take_profit
2021-04-20 23:00:00+00:00,2021-04-21 00:00:00+00:00,2318.46,2314.8771825945505,2338.025954420496,0.3768689938043964,873.2787132984627,880.2483594420848,6.969646143622185,0.007981010000000024,2,0.015725956022532215,take_profit
2021-04-21 01:00:00+00:00,2021-04-21 01:00:00+00:00,2286.09,2286.09,2308.9509000000003,0.32329372078218993,739.8183605034601,745.7228582368219,5.904497733361836,0.007981010000000156,1,0.0029088968500803076,take_profit
2021-04-21 02:00:00+00:00,2021-04-21 06:00:00+00:00,2321.18,2307.4006959161597,2330.4747028753213,0.49438645148717325,1141.889531744769,1151.0029635165195,9.113431771750356,0.007981010000000031,3,0.02078253302199734,take_profit
2021-04-21 07:00:00+00:00,2021-04-21 12:00:00+00:00,2316.02,2277.822812204034,2300.6010403260743,0.8537505815481564,1946.639189772624,1962.175336612591,15.53614683996716,0.007981009999999974,5,0.03491334271724775,take_profit
2021-04-21 13:00:00+00:00,2021-04-21 14:00:00+00:00,2368.54,2368.54,2392.2254,0.31268406624181705,741.346064320714,747.2627546735183,5.916690352804267,0.007981010000000007,1,0.004310672397341838,take_profit
2021-04-21 15:00:00+00:00,2021-04-21 16:00:00+00:00,2440.76,2436.9881870679137,2461.358068938593,0.35903658750749967,875.8437662471993,882.8338841040559,6.990117856856614,0.007981010000000061,2,0.014241465772956053,take_profit
2021-04-21 17:00:00+00:00,2021-04-21 19:00:00+00:00,2426.63,2422.8800227734855,2447.1088230012206,0.3612974028096498,876.2565160635088,883.2499280807771,6.99341201726827,0.00798101000000028,2,0.012399912636042638,take_profit
2021-04-21 20:00:00+00:00,2021-04-22 01:00:00+00:00,2436.95,2396.758362276932,2420.7259458997014,0.8133257298746143,1951.296540872844,1966.8698580785153,15.573317205671401,0.00798100999999991,5,0.05067399823549921,take_profit
2021-04-22 02:00:00+00:00,2021-04-22 02:00:00+00:00,2400.24,2385.9913692026485,2409.851282894675,0.4800440973425759,1146.527600696759,1155.6780489431958,9.150448246436781,0.007981009999999948,3,0.023847615238476064,take_profit
2021-04-22 03:00:00+00:00,2021-04-22 03:00:00+00:00,2406.02,2402.3018723058153,2426.3248910288735,0.36517109720856733,878.1293398759861,885.1376989188299,7.008359042843722,0.007981010000000089,2,0.012144537451891422,take_profit
2021-04-22 04:00:00+00:00,2021-04-22 04:00:00+00:00,2390.21,2390.21,2414.1121000000003,0.31092822550121163,743.9276815568079,749.8649758225897,5.937294265781816,0.007981010000000156,1,0.0012007313164951576,take_profit
2021-04-22 05:00:00+00:00,2021-04-22 05:00:00+00:00,2446.92,2446.92,2471.3892,0.3038433302779931,744.224546270097,750.1642098161241,5.939663546027077,0.00798100999999996,1,0.009027675608520159,take_profit
2021-04-22 06:00:00+00:00,2021-04-22 09:00:00+00:00,2478.89,2464.1744763868414,2488.8162211507097,0.46569010447739734,1148.690359718843,1157.8580689666626,9.16770924781963,0.007981009999999953,3,0.027802766560839763,take_profit
2021-04-22 10:00:00+00:00,2021-04-22 10:00:00+00:00,2493.96,2493.96,2518.8996,0.2984149445038732,744.9799149097894,750.9256070604836,5.945692150694185,0.007981010000000009,1,0.007229466390800254,take_profit
2021-04-22 11:00:00+00:00,2021-04-22 11:00:00+00:00,2512.09,2512.0900000000006,2537.2109000000005,0.2963794777726143,745.2771995173241,751.2252642994439,5.948064782119786,0.007981010000000037,1,0.000529439629949535,take_profit
2021-04-22 12:00:00+00:00,2021-04-22 12:00:00+00:00,2544.37,2544.37,2569.8136999999997,0.2927361304187967,745.5746027564302,751.5250411167752,5.950438360345061,0.007981009999999952,1,6.288393590549114e-05,take_profit
2021-04-22 13:00:00+00:00,2021-04-22 13:00:00+00:00,2550.57,2550.57,2576.0757000000003,0.2921410714270821,745.8721246744473,751.8249375601954,5.952812885748131,0.007981010000000162,1,0.004124568233767347,take_profit
2021-04-22 14:00:00+00:00,2021-04-22 14:00:00+00:00,2541.92,2541.92,2567.3392,0.2932521855736671,746.1697653187347,752.1249536774411,5.955188358706437,0.00798100999999995,1,0.0002675143198842965,take_profit
2021-04-22 15:00:00+00:00,2021-04-22 16:00:00+00:00,2601.22,2597.2002212281413,2623.172223440423,0.33908092677749735,881.5426006414008,888.5782009525458,7.035600311145004,0.007981009999999974,2,0.010079885592145147,take_profit
2021-04-22 17:00:00+00:00,2021-04-22 17:00:00+00:00,2612.25,2569.1672097736587,2594.858881871395,0.76332315445645,1963.0678867772826,1978.7351512123307,15.667264435048082,0.007981009999999858,5,0.03374868408460134,take_profit
2021-04-22 18:00:00+00:00,2021-04-22 18:00:00+00:00,2526.18,2526.18,2551.4418,0.2956460209905888,747.6026679739796,753.5692923431067,5.966624369127089,0.007981010000000104,1,0.008384200650784915,take_profit
2021-04-22 19:00:00+00:00,2021-04-22 20:00:00+00:00,2539.8,2497.91209852929,2522.8912195145826,0.7862347469455414,1965.91119787726,1981.6011548066301,15.689956929370055,0.007981009999999828,5,0.06291834002677382,take_profit
2021-04-22 21:00:00+00:00,2021-04-22 21:00:00+00:00,2400.47,2360.880012267346,2384.4888123900196,0.8327425887720764,1967.973306502263,1983.6797211411913,15.706414638928209,0.007981010000000295,5,0.04042125083837738,take_profit
2021-04-22 22:00:00+00:00,2021-04-22 22:00:00+00:00,2415.32,2411.5875006100046,2435.7033756161045,0.3666482170480883,885.0893467008145,892.1532536277273,7.06390692691275,0.007981010000000094,2,0.012354470629150648,take_profit
2021-04-22 23:00:00+00:00,2021-04-22 23:00:00+00:00,2404.2,2404.2,2428.2419999999997,0.3115689997105397,749.8240131171966,755.8083660641252,5.984352946928539,0.007981010000000082,1,0.005619332834206707,take_profit
2021-04-23 00:00:00+00:00,2021-04-23 00:00:00+00:00,2397.94,2394.2343586823913,2418.176702269215,0.36962712207117615,885.8598153790795,892.929871424218,7.070056045138585,0.007981009999999998,2,0.01643493999015816,take_profit
2021-04-23 01:00:00+00:00,2021-04-23 01:00:00+00:00,2373.86,2334.7088803113397,2358.055969114453,0.8440919699156847,1972.6816996613027,1988.4256920331163,15.743992371813647,0.007981009999999896,5,0.05217662372675731,take_profit
2021-04-23 02:00:00+00:00,2021-04-23 02:00:00+00:00,2321.81,2233.2825140378272,2255.6153391782054,1.3698368099139266,3062.2948895556874,3086.7350956921796,24.44020613649218,0.007981009999999785,7,0.08864205081380473,take_profit
2021-04-23 03:00:00+00:00,2021-04-23 03:00:00+00:00,2250.58,2247.1020805205367,2269.573101325742,0.39506946490302836,888.6500666003305,895.7423916683683,7.0923250680377805,0.007981009999999861,2,0.011721422922091242,take_profit
2021-04-23 04:00:00+00:00,2021-04-23 04:00:00+00:00,2282.74,2245.0916858794985,2267.5426027382937,0.8805503591970192,1978.8951856170509,1994.6887678824125,15.793582265361692,0.007981010000000078,5,0.03741994270043878,take_profit
2021-04-23 05:00:00+00:00,2021-04-23 05:00:00+00:00,2207.11,2176.763855273691,2198.5314938264282,0.7839712648377715,1708.2285414134733,1721.8619304847791,13.633389071305828,0.007981009999999698,4,0.03267168378558392,take_profit
2021-04-23 06:00:00+00:00,2021-04-23 06:00:00+00:00,2228.44,2197.800583408215,2219.778589242297,0.7771696386275191,1709.7736588415546,1723.4193795105057,13.645720668951071,0.007981010000000021,4,0.032565382060993416,take_profit
2021-04-23 07:00:00+00:00,2021-04-23 07:00:00+00:00,2210.43,2173.974265671352,2195.7140083280656,0.911957258709635,1984.5561679949326,2000.3949306172622,15.838762622329568,0.007981010000000167,5,0.04182896540492123,take_profit
2021-04-23 08:00:00+00:00,2021-04-23 08:00:00+00:00,2132.22,2128.924987393249,2150.2142372671815,0.4188287001594475,892.5474326395222,899.6708626248925,7.123429985370308,0.00798100999999995,2,0.011828047762425924,take_profit
2021-04-23 09:00:00+00:00,2021-04-23 09:00:00+00:00,2218.11,2187.6126133365024,2209.4887394698676,0.7826836537171312,1713.922555679575,1727.6013887356794,13.678833056104395,0.007981010000000087,4,0.03070632204895164,take_profit
2021-04-23 10:00:00+00:00,2021-04-23 10:00:00+00:00,2198.3,2198.3,2220.2830000000004,0.34393368483985776,756.8262456290885,762.8664834637167,6.040237834628215,0.007981010000000005,1,0.0032980030023199744,take_profit
2021-04-23 11:00:00+00:00,2021-04-23 11:00:00+00:00,2276.94,2276.94,2299.7094,0.33218755402570954,757.1282575208198,763.1709057153762,6.042648194556364,0.007981010000000165,1,0.008792502217888912,take_profit
2021-04-23 12:00:00+00:00,2021-04-23 12:00:00+00:00,2295.04,2281.4158717356795,2304.2300304530363,0.5117165593951615,1168.6068873214163,1177.9335505751976,9.326663253781362,0.007981010000000227,3,0.02481873954266594,take_profit
2021-04-23 13:00:00+00:00,2021-04-23 13:00:00+00:00,2244.09,2230.768328048017,2253.076011328497,0.5236568189139654,1169.3263727724225,1178.6587782467825,9.33240547436003,0.007981009999999657,3,0.02242779924156336,take_profit
2021-04-23 14:00:00+00:00,2021-04-23 14:00:00+00:00,2235.33,2235.33,2257.6833,0.33892310308705553,758.3633433669547,764.415848794,6.052505427045276,0.007981010000000233,1,0.009054591492083845,take_profit
2021-04-23 15:00:00+00:00,2021-04-23 15:00:00+00:00,2296.52,2292.971087433916,2315.900798308255,0.3903461489480022,895.9483820109529,903.0989550072661,7.150572996313258,0.007981010000000026,2,0.019790813927159274,take_profit
2021-04-23 16:00:00+00:00,2021-04-23 18:00:00+00:00,2333.69,2319.836432354485,2343.03479667803,0.5043001063551859,1171.0648243873893,1180.4111044614733,9.346280074084007,0.007981010000000007,3,0.023473554756630145,take_profit
2021-04-23 19:00:00+00:00,2021-04-23 20:00:00+00:00,2345.68,2342.055118340789,2365.4756695241967,0.38258090187877997,896.9224819065383,904.0808292038591,7.158347297320802,0.00798100999999989,2,0.013318099655536896,take_profit
2021-04-23 21:00:00+00:00,2021-04-23 21:00:00+00:00,2319.89,2319.89,2343.0888999999997,0.32720899694728467,759.8487286566929,765.9130889585892,6.064360301896386,0.007981010000000044,1,0.006978779166253596,take_profit
2021-04-23 22:00:00+00:00,2021-04-23 22:00:00+00:00,2306.08,2306.08,2329.1408,0.32929984854173133,760.1519466717876,766.2187269596945,6.066780287906909,0.007981009999999875,1,0.003091826823007055,take_profit
2021-04-23 23:00:00+00:00,2021-04-23 23:00:00+00:00,2316.52,2316.52,2339.6852,0.3279465881583137,760.455285686183,766.5244869257973,6.069201239614358,0.007981010000000099,1,0.00013813824184559758,take_profit
2021-04-24 00:00:00+00:00,2021-04-24 00:00:00+00:00,2367.39,2328.345587423126,2351.629043297357,0.857995052451511,1999.7087031094584,2015.668398266062,15.95969515660363,0.007981010000000005,5,0.05169828376397631,take_profit
2021-04-24 01:00:00+00:00,2021-04-24 02:00:00+00:00,2264.44,2260.940662057747,2283.5500686783244,0.3973845430642686,899.3622341213642,906.540053105509,7.177818984144778,0.007981009999999811,2,0.016441151013054007,take_profit
2021-04-24 03:00:00+00:00,2021-04-24 03:00:00+00:00,2285.97,2285.97,2308.8297,0.33296749556369765,761.9156214552011,767.9964776491912,6.080856193990144,0.00798100999999996,1,0.0,take_profit
2021-04-24 04:00:00+00:00,2021-04-24 04:00:00+00:00,2296.81,2296.81,2319.7781,0.33152826946967134,762.2196642649006,768.3029470275955,6.083282762694807,0.00798100999999999,1,0.0069313526151488685,take_profit
2021-04-24 05:00:00+00:00,2021-04-24 18:00:00+00:00,2309.22,2245.076747045543,2267.5275145159985,1.137472957696202,2556.2703580749367,2576.6719773654363,20.40161929049964,0.007981009999999995,6,0.06687106468850938,take_profit
2021-04-24 19:00:00+00:00,2021-04-24 20:00:00+00:00,2263.29,2263.29,2285.9229,0.337022814335853,763.5439093675603,769.6377609436619,6.093851576101542,0.007981009999999934,1,0.006159175359763908,take_profit
2021-04-24 21:00:00+00:00,2021-04-25 10:00:00+00:00,2293.62,2255.7922464086737,2278.3501688727606,0.889187727022725,2007.830610830446,2023.8551270137898,16.02451618334385,0.007981009999999976,5,0.048948823257557915,take_profit
2021-04-25 11:00:00+00:00,2021-04-25 11:00:00+00:00,2259.49,2259.49,2282.0849,0.338078583188143,764.6498277555327,770.7525056773478,6.102677921815143,0.007981009999999946,1,0.002261572301713959,take_profit
2021-04-25 12:00:00+00:00,2021-04-25 12:00:00+00:00,2288.0,2288.0,2310.88,0.3339991287980646,764.9549616516234,771.0600748501146,6.1051131984911535,0.00798100999999991,1,0.0035402097902097504,take_profit
2021-04-25 13:00:00+00:00,2021-04-25 14:00:00+00:00,2320.66,2320.66,2343.8666,0.329429971255693,765.260217311548,771.3677667585137,6.107549446965663,0.007981010000000033,1,0.008333836063878247,take_profit
2021-04-25 15:00:00+00:00,2021-04-25 23:00:00+00:00,2344.87,2279.736496238853,2302.5338612012415,1.1246479821084336,2566.4675177517283,2586.95052067558,20.483002923851473,0.007981009999999903,6,0.07542848857292724,take_profit
2021-04-26 00:00:00+00:00,2021-04-26 00:00:00+00:00,2320.44,2320.44,2343.6444,0.33003359500144747,766.5897449300888,772.7079053502734,6.1181604201846085,0.007981010000000156,1,0.007240006205719683,take_profit
2021-04-26 01:00:00+00:00,2021-04-26 01:00:00+00:00,2414.43,2414.43,2438.5742999999998,0.3173124742892306,766.8956529510981,773.0162548262573,6.1206018751591955,0.007981009999999938,1,0.0038725496286907924,take_profit
2021-04-26 02:00:00+00:00,2021-04-26 02:00:00+00:00,2447.26,2443.478142334283,2467.912923757626,0.3704238683074776,906.0286542624967,913.2596780124524,7.231023749955625,0.007981010000000106,2,0.01125340176360518,take_profit
2021-04-26 03:00:00+00:00,2021-04-26 04:00:00+00:00,2449.51,2449.51,2474.0051000000003,0.3130404329837892,767.5632342323539,773.6891640803947,6.125929848040755,0.007981009999999995,1,0.006597237814910046,take_profit
2021-04-26 05:00:00+00:00,2021-04-26 06:00:00+00:00,2453.48,2449.6885302968685,2474.185415599837,0.3698064149852691,906.8173505701881,914.054668913262,7.23731834307398,0.007981009999999783,2,0.010075484617767335,take_profit
2021-04-26 07:00:00+00:00,2021-04-26 09:00:00+00:00,2472.35,2457.673300023401,2482.2500330236353,0.48179146771344206,1185.271297676089,1194.7309597555552,9.45966207946617,0.007981010000000276,3,0.023338119602806972,take_profit
2021-04-26 10:00:00+00:00,2021-04-26 11:00:00+00:00,2483.38,2483.38,2508.2138,0.30923003139516997,768.7043797458831,774.8394170876787,6.135037341795623,0.007981009999999913,1,0.006076395879809029,take_profit
2021-04-26 12:00:00+00:00,2021-04-26 17:00:00+00:00,2517.38,2502.435986819387,2527.460346687581,0.47365361162939984,1186.4743173457296,1195.943580737209,9.469263391479444,0.007981010000000002,3,0.02628526483884041,take_profit
2021-04-26 18:00:00+00:00,2021-04-26 21:00:00+00:00,2509.21,2474.710201707799,2499.457303724877,0.7040908932379851,1744.1650815071057,1758.0852804642645,13.920198957158846,0.007981009999999896,4,0.031567704576340776,take_profit
2021-04-26 22:00:00+00:00,2021-04-26 22:00:00+00:00,2495.38,2495.38,2520.3338000000003,0.3083339708283605,770.1806047304046,776.3274238385641,6.146819108159434,0.007981010000000035,1,0.008399522317242277,take_profit
2021-04-26 23:00:00+00:00,2021-04-26 23:00:00+00:00,2510.18,2510.18,2535.2817999999997,0.3066383517278151,770.4879456858126,776.6372176852105,6.149271999397911,0.007981009999999978,1,0.003294584452110997,take_profit
2021-04-27 00:00:00+00:00,2021-04-27 06:00:00+00:00,2532.06,2517.028841408883,2542.199129822972,0.47200014403894275,1189.2272028980642,1198.7184370966654,9.491234198601205,0.00798100999999977,3,0.020445803022045284,take_profit
2021-04-27 07:00:00+00:00,2021-04-27 12:00:00+00:00,2560.39,2556.433317608784,2581.997650784872,0.3559342890848301,910.8331086044607,918.102476752564,7.269368148103354,0.007981010000000073,2,0.011373267353801527,take_profit
2021-04-27 13:00:00+00:00,2021-04-27 14:00:00+00:00,2553.99,2553.99,2579.5299,0.30182647777153193,771.6334394031179,777.7918535993286,6.158414196210742,0.007981010000000083,1,0.00884106828922585,take_profit
2021-04-27 15:00:00+00:00,2021-04-27 15:00:00+00:00,2635.65,2635.65,2662.0065,0.2925917397047466,771.9413601129284,778.1022318274032,6.160871714474865,0.007981009999999978,1,0.007095023997875391,take_profit
2021-04-27 16:00:00+00:00,2021-04-28 00:00:00+00:00,2663.01,2647.201478227322,2673.673493009595,0.44963673821009353,1191.4705085636344,1200.979646607186,9.509138043551502,0.007981010000000042,3,0.022910165564530443,take_profit
2021-04-28 01:00:00+00:00,2021-04-28 11:00:00+00:00,2693.05,2648.6346078212086,2675.120953899421,0.7661046647354051,2031.1624907221803,2047.373218872259,16.210728150078694,0.007981010000000031,5,0.04961289244536868,take_profit
2021-04-28 12:00:00+00:00,2021-04-28 12:00:00+00:00,2692.05,2692.05,2718.9705000000004,0.28705330941525053,773.5353970083336,779.7089907472111,6.173593738877571,0.007981010000000116,1,0.00397095150535839,take_profit
2021-04-28 13:00:00+00:00,2021-04-28 18:00:00+00:00,2723.56,2707.3920330906767,2734.4659534215834,0.4405482899217296,1193.9308611869992,1203.4596353294414,9.528774142442217,0.007981010000000137,3,0.024056749254651993,take_profit
2021-04-28 19:00:00+00:00,2021-04-28 20:00:00+00:00,2724.21,2708.0381744723645,2735.118556217088,0.4407143456697775,1194.6659380494164,1204.200578847648,9.534640798231749,0.00798100999999998,3,0.021532848055032413,take_profit
2021-04-28 21:00:00+00:00,2021-04-28 21:00:00+00:00,2704.46,2704.46,2731.5046,0.2862022178900294,774.7972474423112,780.980912022121,6.183664579809715,0.0079810100000002,1,0.004777293803568946,take_profit
2021-04-28 22:00:00+00:00,2021-04-29 09:00:00+00:00,2755.66,2717.7716948514126,2744.9494117999266,0.6458051663931448,1756.9079095216168,1770.929809116588,14.021899594971273,0.007981010000000089,4,0.03181089103880735,take_profit
2021-04-29 10:00:00+00:00,2021-04-29 12:00:00+00:00,2761.69,2761.69,2789.3069,0.2806367543516467,775.8075256510502,781.9992532713464,6.191727620296206,0.007981009999999893,1,0.0033023257498125754,take_profit
2021-04-29 13:00:00+00:00,2021-04-29 23:00:00+00:00,2786.58,2740.6220550908533,2768.028275641762,0.7436410952255075,2040.0792659128563,2056.361158934899,16.281893022042595,0.007981009999999721,5,0.03788873816649797,take_profit
2021-04-30 00:00:00+00:00,2021-04-30 06:00:00+00:00,2757.04,2752.7794257828386,2780.307220040667,0.33297300576476807,917.5187583686926,924.8414847544209,7.322726385728288,0.007981010000000184,2,0.01128384064068716,take_profit
2021-04-30 07:00:00+00:00,2021-05-01 02:00:00+00:00,2787.49,2770.9425231388072,2798.6519483701954,0.4323653374305026,1199.2587577752138,1208.8300539136055,9.571296138391745,0.007981010000000155,3,0.02310322189496631,take_profit
2021-05-01 03:00:00+00:00,2021-05-01 05:00:00+00:00,2824.2,2824.2000000000003,2852.4420000000005,0.27512149702626004,777.775907809373,783.9833451073588,6.207437297985734,0.007981010000000064,1,0.0009383188159477503,take_profit
2021-05-01 06:00:00+00:00,2021-05-01 12:00:00+00:00,2850.31,2845.905291581944,2874.3643444977633,0.32255604725794607,918.882844567712,926.2164577390354,7.33361317132335,0.007981009999999993,2,0.015812315151685314,take_profit
2021-05-01 13:00:00+00:00,2021-05-01 16:00:00+00:00,2869.77,2865.3352191947947,2893.9885713867425,0.3205197615047689,919.3158769644949,926.6529461717072,7.3370692072122665,0.007981009999999851,2,0.010770898016217277,take_profit
2021-05-01 17:00:00+00:00,2021-05-01 17:00:00+00:00,2897.98,2897.98,2926.9598,0.2684770060453853,778.819813793199,785.0355825152807,6.215768722081634,0.007981009999999967,1,4.485883270419711e-05,take_profit
2021-05-01 18:00:00+00:00,2021-05-02 18:00:00+00:00,2933.17,2915.757717729949,2944.9152949072486,0.41186039579041,1202.0872148680673,1211.6810849508017,9.593870082734384,0.007981010000000158,3,0.027584490500039156,take_profit
2021-05-02 19:00:00+00:00,2021-05-03 00:00:00+00:00,2966.54,2961.955676291175,2991.575233054087,0.3105252248332486,920.6826349613955,928.030612277849,7.347977316453466,0.007981010000000238,2,0.012876954296924975,take_profit
2021-05-03 01:00:00+00:00,2021-05-03 01:00:00+00:00,2994.06,2994.0599999999995,3024.0005999999994,0.2602478630704339,779.9776945992625,786.2027043796361,6.225009780373625,0.007981009999999955,1,0.0020240075349191216,take_profit
2021-05-03 02:00:00+00:00,2021-05-03 03:00:00+00:00,3020.64,3020.64,3050.8464,0.25806076068091294,780.2889450882811,786.5164389619201,6.227493873638991,0.00798100999999996,1,0.004012394724296802,take_profit
2021-05-03 04:00:00+00:00,2021-05-03 05:00:00+00:00,3054.34,3054.34,3084.8834,0.25531529543606185,780.6003197819631,786.8302987401462,6.229978958183096,0.007981010000000066,1,0.00583104696923065,take_profit
2021-05-03 06:00:00+00:00,2021-05-03 07:00:00+00:00,3102.29,3102.29,3133.3129,0.25146936840564305,780.9118187298723,787.1442837642735,6.23246503440123,0.007981009999999913,1,0.006923917493206637,take_profit
2021-05-03 08:00:00+00:00,2021-05-03 08:00:00+00:00,3146.95,3146.95,3178.4195,0.24799956101609838,781.2234419815924,787.4583940842818,6.234952102689476,0.007981009999999959,1,0.004715677084160756,take_profit
2021-05-03 09:00:00+00:00,2021-05-03 14:00:00+00:00,3184.06,3140.2815088612488,3171.684323949861,0.5635508403646042,1771.4797630632472,1785.6179607670526,14.138197703805417,0.007981010000000005,4,0.03109237891245768,take_profit
2021-05-03 15:00:00+00:00,2021-05-03 15:00:00+00:00,3161.56,3161.56,3193.1756,0.24717539992043333,782.2420994719171,788.4851814902235,6.2430820183063815,0.007981010000000021,1,0.004450334644922179,take_profit
2021-05-03 16:00:00+00:00,2021-05-03 16:00:00+00:00,3163.65,3163.65,3195.2865,0.24711067890546032,782.5542535728324,788.7998268961397,6.245573323307326,0.00798101000000002,1,0.004033315948350867,take_profit
2021-05-03 17:00:00+00:00,2021-05-03 17:00:00+00:00,3254.82,3254.82,3287.3682000000003,0.2402847671166942,782.8665322389977,789.1145978614625,6.248065622464765,0.007981010000000002,1,0.0025316300133341432,take_profit
2021-05-03 18:00:00+00:00,2021-05-03 18:00:00+00:00,3284.33,3284.33,3317.1733,0.2382208111196502,783.178935520121,789.4294944362963,6.2505589161753505,0.007981009999999886,1,0.00334923713512345,take_profit
2021-05-03 19:00:00+00:00,2021-05-03 22:00:00+00:00,3331.07,3311.2956496891434,3344.408606186035,0.364693072782129,1208.8154007760056,1218.4629685777531,9.647567801747527,0.00798101000000018,3,0.025670430222120885,take_profit
2021-05-03 23:00:00+00:00,2021-05-03 23:00:00+00:00,3383.06,3383.06,3416.8906,0.2315033927905982,783.9738418560171,790.2307449276085,6.25690307159141,0.007981010000000151,1,0.004877241314076605,take_profit
2021-05-04 00:00:00+00:00,2021-05-04 00:00:00+00:00,3431.04,3374.4532351121875,3408.1977674633094,0.6103187332026,2061.5535772823678,2078.0068569981945,16.45327971582674,0.00798101000000019,5,0.064423614997202,take_profit
2021-05-04 01:00:00+00:00,2021-05-04 01:00:00+00:00,3260.74,3260.74,3293.3473999999997,0.24053565805442712,785.109350995388,791.3753165767756,6.265965581387604,0.007981009999999875,1,0.003444003508405934,take_profit
2021-05-04 02:00:00+00:00,2021-05-04 04:00:00+00:00,3282.13,3237.0031182448724,3269.373149427321,0.5494313666220386,1780.2913383554364,1794.4998613297644,14.208522974327934,0.007981009999999894,4,0.030931133136103683,take_profit
2021-05-04 05:00:00+00:00,2021-05-04 05:00:00+00:00,3348.26,3348.26,3381.7426,0.2345537510073144,786.1330754231738,792.4072113594568,6.2741359362830735,0.007981009999999962,1,0.004121543727189699,take_profit
2021-05-04 06:00:00+00:00,2021-05-04 09:00:00+00:00,3379.02,3332.560951763578,3365.8865612812137,0.5343728500199021,1782.6127063653057,1796.8397562009343,14.227049835628577,0.007981010000000005,4,0.03028096903836028,take_profit
2021-05-04 10:00:00+00:00,2021-05-04 10:00:00+00:00,3336.99,3336.99,3370.3599,0.2356527818714044,787.1581347117694,793.4404516564855,6.282316944716058,0.0079810100000001,1,0.00033563181190231044,take_profit
2021-05-04 11:00:00+00:00,2021-05-04 11:00:00+00:00,3435.7,3430.3906628710856,3464.6945694997967,0.27082549869838796,929.967229231587,937.3893069877566,7.422077756169642,0.007981010000000057,2,0.015545594784177856,take_profit
2021-05-04 12:00:00+00:00,2021-05-04 13:00:00+00:00,3480.01,3474.632188694592,3509.378510581538,0.2675031569644856,930.4054852514752,937.8310607333221,7.425575481846977,0.007981010000000108,2,0.019255691793989158,take_profit
2021-05-04 14:00:00+00:00,2021-05-04 14:00:00+00:00,3479.98,3422.5860873454435,3456.811948218898,0.6047493132911248,2071.8784644663815,2088.414147210072,16.53568274369036,0.00798100999999977,5,0.040339312294898275,take_profit
2021-05-04 15:00:00+00:00,2021-05-04 15:00:00+00:00,3370.61,3315.0198828347943,3348.1700816631424,0.6250272237068846,2074.05172562698,2090.604753189726,16.553027562746138,0.007981009999999978,5,0.04665624323193731,take_profit
2021-05-04 16:00:00+00:00,2021-05-04 16:00:00+00:00,3228.36,3209.1953707458683,3241.287324453327,0.3793587921087007,1218.6551346216083,1228.3812334375748,9.726098815966452,0.00798101000000004,3,0.02117483799824063,take_profit
2021-05-04 17:00:00+00:00,2021-05-04 17:00:00+00:00,3266.6,3266.6,3299.266,0.2417085098583693,790.3553736770261,796.6632078178964,6.307834140870227,0.007981010000000184,1,0.002715361537990538,take_profit
2021-05-04 18:00:00+00:00,2021-05-04 18:00:00+00:00,3335.22,3335.22,3368.5721999999996,0.2368299826154453,790.6707653840696,796.9811166693073,6.3103512852377435,0.007981009999999785,1,0.0075467285516396575,take_profit
2021-05-04 19:00:00+00:00,2021-05-04 20:00:00+00:00,3381.23,3376.0048377389185,3409.7648861163075,0.2764163743436331,934.1171341485057,941.5723323373162,7.455198188810527,0.00798100999999996,2,0.012199702475134789,take_profit
2021-05-04 21:00:00+00:00,2021-05-05 01:00:00+00:00,3402.89,3346.7675017577503,3380.235176775328,0.6209166381998026,2080.1437697975716,2096.745418025764,16.601648228192516,0.007981010000000193,5,0.059555260381616765,take_profit
2021-05-05 02:00:00+00:00,2021-05-05 07:00:00+00:00,3369.51,3313.9380246930577,3347.0774049399884,0.6277254913961557,2082.325700707563,2098.944762948167,16.619062240603853,0.007981009999999896,5,0.043481099625761674,take_profit
2021-05-05 08:00:00+00:00,2021-05-05 08:00:00+00:00,3339.51,3339.51,3372.9051000000004,0.23722853301916466,793.0200783812119,799.3491795569731,6.329101175761252,0.007981010000000021,1,0.00687226569167341,take_profit
2021-05-05 09:00:00+00:00,2021-05-05 09:00:00+00:00,3352.29,3352.29,3385.8129,0.2364184473618213,793.3365334399999,799.66816024675,6.331626806750023,0.007981010000000063,1,0.008814869835247005,take_profit
2021-05-05 10:00:00+00:00,2021-05-05 16:00:00+00:00,3377.59,3357.539491344689,3391.114886258136,0.36433492051724364,1224.4933770896632,1234.2660709771499,9.77269388748664,0.007981010000000217,3,0.028709819723530757,take_profit
2021-05-05 17:00:00+00:00,2021-05-05 19:00:00+00:00,3451.88,3446.545659211062,3481.0111158031723,0.27183906406754477,937.84358985585,945.3285289249254,7.484939069075381,0.00798100999999994,2,0.01646059538570291,take_profit
2021-05-05 20:00:00+00:00,2021-05-05 22:00:00+00:00,3480.5,3475.12143147621,3509.872645790972,0.2697307966388759,938.2855576865954,945.7740241053477,7.488466418752296,0.00798101,2,0.019609251544318345,take_profit
2021-05-05 23:00:00+00:00,2021-05-06 00:00:00+00:00,3521.03,3500.1279833281687,3535.1292631614506,0.3500374744502153,1226.4023618986162,1236.1902914129528,9.78792951433661,0.007981010000000111,3,0.020394600443620303,take_profit
2021-05-06 01:00:00+00:00,2021-05-06 02:00:00+00:00,3475.64,3470.268941846279,3504.971631264742,0.2704016310462668,939.3056877321684,946.8022958190159,7.496608086847459,0.007981010000000155,2,0.010205314704629882,take_profit
2021-05-06 03:00:00+00:00,2021-05-06 10:00:00+00:00,3484.62,3436.7090291665622,3471.076119458228,0.5243117198851298,1803.7105323594344,1818.1059641553004,14.395431795865989,0.00798101000000001,4,0.03103638273326793,take_profit
2021-05-06 11:00:00+00:00,2021-05-06 11:00:00+00:00,3483.93,3483.93,3518.7693,0.22838516956446792,796.4744182189556,802.8310885155054,6.356670296549737,0.007981010000000089,1,0.004552330270699949,take_profit
2021-05-06 12:00:00+00:00,2021-05-06 15:00:00+00:00,3523.28,3517.835321675478,3553.0136748922328,0.2672190842221946,940.97370680942,948.483627373203,7.509920563782998,0.007981009999999946,2,0.017960536772552903,take_profit
2021-05-06 16:00:00+00:00,2021-05-06 16:00:00+00:00,3551.26,3551.26,3586.7726000000002,0.22425014783885447,797.1677477619724,803.5299515285382,6.362203766565813,0.007981010000000042,1,0.006558235668467084,take_profit
2021-05-06 17:00:00+00:00,2021-05-06 17:00:00+00:00,3538.72,3538.72,3574.1072,0.22513461706276575,797.4858579503007,803.8506005574607,6.364742607159997,0.007981010000000085,1,0.00020346339919513268,take_profit
2021-05-06 18:00:00+00:00,2021-05-06 18:00:00+00:00,3543.44,3484.999467049621,3519.8494617201172,0.6011444147077531,2097.0850499263024,2113.821906680615,16.736856754312612,0.007981010000000139,5,0.040423994762152096,take_profit
2021-05-06 19:00:00+00:00,2021-05-06 19:00:00+00:00,3457.15,3451.807515250102,3486.3255904026028,0.2729624279687906,943.1569171607468,950.6842619481758,7.527344787429001,0.007981009999999903,2,0.014338400127272511,take_profit
2021-05-06 20:00:00+00:00,2021-05-06 21:00:00+00:00,3482.06,3476.679020740138,3511.4458109475395,0.27113742221695447,943.6013889481949,951.1322810694043,7.5308921212093765,0.00798100999999994,2,0.01364422209841294,take_profit
2021-05-06 22:00:00+00:00,2021-05-07 12:00:00+00:00,3516.99,3458.985696277867,3493.575553240646,0.6068722897842729,2101.2638336648615,2118.034041333979,16.770207669117553,0.00798100999999998,5,0.046562543538650886,take_profit
2021-05-07 13:00:00+00:00,2021-05-07 15:00:00+00:00,3493.47,3493.47,3528.4047,0.22883612219000443,800.2323601472619,806.6190226159209,6.386662468658983,0.007981010000000104,1,0.00614575193146064,take_profit
2021-05-07 16:00:00+00:00,2021-05-08 01:00:00+00:00,3560.93,3502.2010115032303,3537.2230216182625,0.6002519540748701,2104.307308025826,2121.1018056942535,16.79449766842754,0.007981010000000163,5,0.03926502346297167,take_profit
2021-05-08 02:00:00+00:00,2021-05-08 04:00:00+00:00,3528.25,3528.25,3563.5325000000003,0.2269085316335187,801.3914181541165,807.7873310763187,6.395912922202115,0.007981009999999912,1,0.00521221568766382,take_profit
2021-05-08 05:00:00+00:00,2021-05-08 13:00:00+00:00,3562.84,3557.334187881253,3592.9075297600657,0.2658833649166279,946.7827667736009,954.3390495030488,7.5562827294479575,0.007981010000000191,2,0.01589181664065755,take_profit
2021-05-08 14:00:00+00:00,2021-05-08 15:00:00+00:00,3644.12,3638.4885823505488,3674.8734681740543,0.26007549478663683,947.2289472776255,954.7887909781376,7.559843700512147,0.007981009999999941,2,0.010685707386145367,take_profit
2021-05-08 16:00:00+00:00,2021-05-08 16:00:00+00:00,3632.01,3632.01,3668.3301,0.22072201153124657,802.4670201217247,808.8715174339864,6.404497312261697,0.007981010000000014,1,7.158570598655242e-05,take_profit
2021-05-08 17:00:00+00:00,2021-05-08 17:00:00+00:00,3780.8,3780.8,3818.608,0.21212030727421455,802.7872449873378,809.1942980174542,6.407053030116458,0.007981010000000082,1,0.0053560093101989,take_profit
2021-05-08 18:00:00+00:00,2021-05-08 21:00:00+00:00,3833.74,3827.8155542903614,3866.093709833265,0.24752587587481087,948.431829592539,956.0012735088353,7.569443916296336,0.007981009999999986,2,0.015467924272381469,take_profit
2021-05-08 22:00:00+00:00,2021-05-08 22:00:00+00:00,3899.99,3893.963175274502,3932.902807027247,0.24343576602499684,948.8787872333107,956.4517983230077,7.573011089696934,0.007981010000000009,2,0.016056451426798502,take_profit
2021-05-08 23:00:00+00:00,2021-05-09 00:00:00+00:00,3875.79,3869.800572590484,3908.498578316389,0.245071189525619,949.3259555071785,956.9025354513409,7.576579944162404,0.007981010000000061,2,0.01258840133237352,take_profit
2021-05-09 01:00:00+00:00,2021-05-09 01:00:00+00:00,3835.21,3835.21,3873.5621,0.20949030322641132,804.2435493863513,810.6622251964393,6.4186758100879615,0.007981009999999997,1,0.005264379264759962,take_profit
2021-05-09 02:00:00+00:00,2021-05-09 03:00:00+00:00,3883.56,3883.56,3922.3956,0.20696472275275238,804.5644831768558,810.9857203627353,6.421237185879477,0.007981010000000198,1,0.007683671682682937,take_profit
2021-05-09 04:00:00+00:00,2021-05-09 04:00:00+00:00,3870.09,3864.109381049207,3902.7504748596994,0.2457438120051237,950.531500804596,958.1177022178324,7.586201413236381,0.007981009999999887,2,0.012945435377471936,take_profit
2021-05-09 05:00:00+00:00,2021-05-09 05:00:00+00:00,3897.23,3897.23,3936.2023,0.20641829972870598,805.2648551068116,811.6916819680677,6.426826861256018,0.007981010000000004,1,0.005175470783094678,take_profit
2021-05-09 06:00:00+00:00,2021-05-09 06:00:00+00:00,3918.38,3918.38,3957.5638000000004,0.20538605501595675,805.5861964498745,812.0155879396029,6.429391489728459,0.007981010000000057,1,0.004052695246504961,take_profit
2021-05-09 07:00:00+00:00,2021-05-09 16:00:00+00:00,3962.01,3896.666160128369,3935.6328217296527,0.5430969429117388,2118.3858649783197,2135.2927237505705,16.90685877225087,0.007981010000000118,5,0.059548057677794926,take_profit
2021-05-09 17:00:00+00:00,2021-05-09 21:00:00+00:00,3925.56,3902.256557380574,3941.27912295438,0.3186515082935244,1244.704642400016,1254.638642598057,9.934000198041076,0.0079810100000001,3,0.021492474958986717,take_profit
2021-05-09 22:00:00+00:00,2021-05-10 01:00:00+00:00,3905.0,3904.9999999999995,3944.0499999999997,0.2065153544849943,807.2497089728756,813.6923769726852,6.442667999809601,0.007981009999999988,1,0.009649167733674734,take_profit
2021-05-10 02:00:00+00:00,2021-05-10 02:00:00+00:00,3928.23,3928.23,3967.5123,0.20537602699701726,807.5718423728661,814.0170813225623,6.445238949696204,0.00798100999999992,1,2.545675787878581e-06,take_profit
2021-05-10 03:00:00+00:00,2021-05-10 03:00:00+00:00,3974.53,3974.5299999999997,4014.2753,0.2030645661791534,807.8941043203508,814.3419152458725,6.447810925521708,0.00798100999999993,1,0.00015347726649443514,take_profit
2021-05-10 04:00:00+00:00,2021-05-10 04:00:00+00:00,4054.57,4054.57,4095.1157000000003,0.19913536537086798,808.2164948666269,814.6668787943224,6.450383927695498,0.00798101,1,0.006276867830620823,take_profit
2021-05-10 05:00:00+00:00,2021-05-10 05:00:00+00:00,4094.28,4094.28,4135.2228000000005,0.1972826663171421,808.5390140630117,814.9919720196388,6.452957956627074,0.007981010000000045,1,0.005827642467051625,take_profit
2021-05-10 06:00:00+00:00,2021-05-10 08:00:00+00:00,4127.83,4121.451084180561,4162.665595022367,0.23153783921177726,955.2271055537575,962.8507826354531,7.623677081695632,0.00798101000000004,2,0.01809183033215996,take_profit
2021-05-10 09:00:00+00:00,2021-05-10 12:00:00+00:00,4164.63,4095.944429836222,4136.903874134584,0.5188120852378453,2127.1526232849524,2144.1294496429155,16.97682635796309,0.007981009999999837,5,0.04457298727618062,take_profit
2021-05-10 13:00:00+00:00,2021-05-10 15:00:00+00:00,4125.48,4100.989765114381,4141.999662765525,0.3044645223788767,1249.855745862074,1259.8308570683566,9.97511120628269,0.007981010000000016,3,0.024128101457284855,take_profit
2021-05-10 16:00:00+00:00,2021-05-10 16:00:00+00:00,4155.88,4155.88,4197.4388,0.1948515963527452,810.59044269314,817.0597731221783,6.469330429038337,0.00798100999999995,1,0.00574366921085303,take_profit
2021-05-10 17:00:00+00:00,2021-05-10 17:00:00+00:00,4133.47,4133.47,4174.804700000001,0.1959861799663182,810.913909214592,817.3858212331728,6.471912018580838,0.007981010000000108,1,0.0032587632183130044,take_profit
2021-05-10 18:00:00+00:00,2021-05-10 19:00:00+00:00,4140.41,4072.1238805699886,4112.845119375688,0.5231332330976461,2132.3957269436546,2149.4143985643495,17.01867162069493,0.007981010000000167,5,0.041495890503597456,take_profit
2021-05-10 20:00:00+00:00,2021-05-10 20:00:00+00:00,3990.18,3838.039814568573,3876.420212714259,0.861616109011038,3310.2271584164355,3336.6461144700297,26.41895605359423,0.007981010000000325,7,0.08525429930479322,take_profit
2021-05-10 21:00:00+00:00,2021-05-10 21:00:00+00:00,3903.38,3903.38,3942.4138000000003,0.20817752225328717,813.4093861992354,819.9012146445853,6.4918284453498245,0.007981009999999834,1,0.009668543672407052,take_profit
2021-05-10 22:00:00+00:00,2021-05-10 22:00:00+00:00,4013.67,4013.67,4053.8067,0.20253788767982456,813.733977621503,820.22839663424,6.494419012737012,0.007981010000000026,1,0.009771605538073696,take_profit
2021-05-10 23:00:00+00:00,2021-05-10 23:00:00+00:00,4030.81,3964.3314693569755,4003.974784050545,0.5392262582818929,2139.8114362467672,2156.8892927175666,17.07785647079936,0.007981009999999789,5,0.03642444074516044,take_profit
2021-05-11 00:00:00+00:00,2021-05-11 00:00:00+00:00,3946.63,3923.2014787838925,3962.4334935717316,0.32015598115953847,1257.2937124390482,1267.3281861309617,10.03447369191349,0.007981010000000255,3,0.024484180173971238,take_profit
2021-05-11 01:00:00+00:00,2021-05-11 01:00:00+00:00,3856.28,3850.3207222448154,3888.8239294672635,0.24984996855508246,962.9654768567061,970.6509139571543,7.685437100448212,0.007981010000000075,2,0.013297789579594894,take_profit
2021-05-11 02:00:00+00:00,2021-05-11 02:00:00+00:00,3901.5,3878.339385621493,3917.122779477708,0.32421144497322185,1258.6606769858877,1268.7060604355188,10.045383449631117,0.007981009999999983,3,0.023452518262206845,take_profit
2021-05-11 03:00:00+00:00,2021-05-11 03:00:00+00:00,3819.6,3813.6974054493694,3851.834379503863,0.2525235551667683,964.0124395939488,971.7062325144726,7.693792920523833,0.007981010000000137,2,0.012556288616609079,take_profit
2021-05-11 04:00:00+00:00,2021-05-11 04:00:00+00:00,3855.53,3855.53,3894.0853,0.21161004069688258,816.6855457538055,823.2035212613221,6.517975507516553,0.007981009999999967,1,0.006012143596340915,take_profit
2021-05-11 05:00:00+00:00,2021-05-11 06:00:00+00:00,3907.36,3901.3217860919076,3940.335003952827,0.24706671531367277,964.8516106820807,972.5521010354506,7.700490353369901,0.007981010000000111,2,0.016671102739445644,take_profit
2021-05-11 07:00:00+00:00,2021-05-11 09:00:00+00:00,3943.26,3937.1663082553887,3976.5379713379425,0.24493275734241363,965.3063063029465,973.0104255866133,7.7041192836668415,0.00798100999999996,2,0.010567398548409202,take_profit
2021-05-11 10:00:00+00:00,2021-05-11 10:00:00+00:00,4013.69,4013.6899999999996,4053.8268999999996,0.20354434282070172,817.7816750110333,824.308398737113,6.526723726079695,0.007981009999999863,1,0.002663384566321777,take_profit
2021-05-11 11:00:00+00:00,2021-05-11 14:00:00+00:00,4039.4,3972.779797936536,4012.507595915901,0.5407560946344991,2150.4553437187146,2167.618149321487,17.16280560277255,0.007981010000000024,5,0.03605238401742836,take_profit
2021-05-11 15:00:00+00:00,2021-05-11 15:00:00+00:00,3978.86,3978.86,4018.6486,0.2056235166168195,818.9661514774759,825.5023285220791,6.536177044603164,0.007981009999999894,1,0.0041192703437668895,take_profit
2021-05-11 16:00:00+00:00,2021-05-11 16:00:00+00:00,4021.0,4021.0,4061.21,0.20354978049474667,819.292960329706,825.8317456390271,6.538785309321042,0.007981010000000068,1,0.007709524993782641,take_profit
2021-05-11 17:00:00+00:00,2021-05-11 17:00:00+00:00,4012.35,4012.35,4052.4735,0.20407000378720128,819.6198995951722,826.1612942100403,6.541394614868068,0.007981010000000004,1,0.001791967300958305,take_profit
2021-05-11 18:00:00+00:00,2021-05-11 18:00:00+00:00,4034.59,4034.59,4074.9359000000004,0.2030260874975127,819.9469693259157,826.4909742875756,6.54400496165988,0.007981010000000066,1,0.0015044899233875471,take_profit
2021-05-11 19:00:00+00:00,2021-05-11 20:00:00+00:00,4055.99,4055.99,4096.5499,0.20203548218916337,820.2741695739986,826.8207859241105,6.54661635011189,0.007981010000000135,1,0.0058037618435942805,take_profit
2021-05-11 21:00:00+00:00,2021-05-11 23:00:00+00:00,4134.79,4128.4003285888575,4169.684331874746,0.23450298598722857,969.0912957004431,976.8256230223413,7.734327321898263,0.007981010000000071,2,0.0132509752611378,take_profit
2021-05-12 00:00:00+00:00,2021-05-12 02:00:00+00:00,4173.46,4173.46,4215.1946,0.19651972908350418,820.988216757599,827.5405319254235,6.552315167824418,0.00798100999999982,1,0.006431114710575912,take_profit
2021-05-12 03:00:00+00:00,2021-05-12 03:00:00+00:00,4268.51,4268.51,4311.1951,0.19222035714651584,821.3158325159903,827.8707623884587,6.554929872468392,0.007981009999999938,1,0.005236019126112007,take_profit
2021-05-12 04:00:00+00:00,2021-05-12 06:00:00+00:00,4332.12,4325.425385929239,4368.679639788532,0.22410550003660873,970.3219409256391,978.066090039386,7.744149113746971,0.007981010000000038,2,0.013566106202044155,take_profit
2021-05-12 07:00:00+00:00,2021-05-12 08:00:00+00:00,4294.47,4268.976583716503,4311.666349553669,0.296794271326942,1268.2760705464643,1278.3981945482565,10.122124001792145,0.007981010000000085,3,0.026655210072488632,take_profit
2021-05-12 09:00:00+00:00,2021-05-12 14:00:00+00:00,4308.55,4282.9730001075195,4325.802730108595,0.2960065036974032,1269.0569201123171,1279.1852760823026,10.128355969985478,0.0079810099999999,3,0.02055215791855733,take_profit
2021-05-12 15:00:00+00:00,2021-05-12 15:00:00+00:00,4317.14,4245.939143650972,4288.398535087482,0.5090192367602913,2163.4281303622247,2180.6944719049266,17.266341542701866,0.007981009999999837,5,0.04425151836632584,take_profit
2021-05-12 16:00:00+00:00,2021-05-12 16:00:00+00:00,4188.94,4164.0730452403695,4205.713775692773,0.30496560490820035,1271.17022534901,1281.315447629223,10.14522228021292,0.00798101000000017,3,0.0294227179190916,take_profit
2021-05-12 17:00:00+00:00,2021-05-12 17:00:00+00:00,4145.66,4145.66,4187.1166,0.19866305359493558,824.4138886550356,830.9935441445305,6.579655489494826,0.007981010000000122,1,0.009219279921653067,take_profit
2021-05-12 18:00:00+00:00,2021-05-12 18:00:00+00:00,4144.11,4075.762857955829,4116.520486535387,0.5313674341926797,2167.89554775757,2185.1975438031786,17.301996045608576,0.007981009999999969,5,0.04426040814553659,take_profit
2021-05-12 19:00:00+00:00,2021-05-12 19:00:00+00:00,4012.14,4005.9398649857662,4045.9992636356237,0.24314611014849816,975.0036993594483,982.7852136340731,7.781514274624783,0.007981010000000033,2,0.01967528550848177,take_profit
2021-05-12 20:00:00+00:00,2021-05-12 21:00:00+00:00,4084.45,4078.138121187474,4118.919502399349,0.23895407343068314,975.4631792499499,983.2483606381755,7.785181388225624,0.007981009999999981,2,0.012550037336728267,take_profit
2021-05-12 22:00:00+00:00,2021-05-12 22:00:00+00:00,4124.67,4056.6434740691416,4097.209908809833,0.5349356509616696,2172.2154329535388,2189.5519060460956,17.336473092556844,0.007981010000000148,5,0.04234763023466121,take_profit
2021-05-12 23:00:00+00:00,2021-05-12 23:00:00+00:00,4233.85,4000.3480242062747,4040.3515044483374,1.141155494454623,4569.588716269956,4606.058649510393,36.46993324043615,0.007981009999999664,8,0.12571772736398323,take_profit
2021-05-13 00:00:00+00:00,2021-05-13 00:00:00+00:00,3810.15,3704.315382577484,3741.3585364032588,0.7495585614948654,2779.3806901782596,2801.5629552603787,22.182265082119102,0.007981009999999823,6,0.08140099471149433,take_profit
2021-05-13 01:00:00+00:00,2021-05-13 01:00:00+00:00,3896.36,3896.3599999999997,3935.3235999999997,0.21285393388857896,830.1857395856891,836.8114602751799,6.625720689490777,0.007981009999999995,1,0.002266217700623127,take_profit
2021-05-13 02:00:00+00:00,2021-05-13 03:00:00+00:00,3999.03,3933.0756041348086,3972.406360176157,0.5544999564386834,2183.073324487287,2200.4964545207536,17.42313003346635,0.00798101000000003,5,0.03479093680217455,take_profit
2021-05-13 04:00:00+00:00,2021-05-13 04:00:00+00:00,3940.82,3934.7300788938596,3974.0773796827984,0.24927962113096733,981.829853172455,989.665847048923,7.83599387646791,0.007981010000000014,2,0.014014849701331199,take_profit
2021-05-13 05:00:00+00:00,2021-05-13 05:00:00+00:00,3902.11,3902.11,3941.1311,0.21294843093450588,831.7799818156604,838.4184261683309,6.63844435267049,0.007981009999999863,1,0.0002844614836588736,take_profit
2021-05-13 06:00:00+00:00,2021-05-13 07:00:00+00:00,3987.99,3981.827185034567,4021.6454568849126,0.24654556919052437,982.6845342869376,990.527349381927,7.842815094989419,0.007981010000000028,2,0.011030619434853093,take_profit
2021-05-13 08:00:00+00:00,2021-05-13 08:00:00+00:00,3968.0,3902.557369463824,3941.5829431584625,0.5601732000301254,2188.296346299999,2205.7611613227823,17.464815022783114,0.007981009999999707,5,0.039818548387096774,take_profit
2021-05-13 09:00:00+00:00,2021-05-13 09:00:00+00:00,3829.06,3765.908851088496,3803.5679395993807,0.5811083636913265,2190.591721988708,2208.074856427817,17.483134439109108,0.007981010000000005,5,0.04772973001206556,take_profit
2021-05-13 10:00:00+00:00,2021-05-13 10:00:00+00:00,3725.28,3663.840452952671,3700.478857482198,0.5979235842819767,2192.8895053721335,2210.390978443404,17.50147307127054,0.007981010000000222,5,0.033629686896018605,take_profit
2021-05-13 11:00:00+00:00,2021-05-13 11:00:00+00:00,3637.12,3631.499399755998,3667.8143937535583,0.271308981294274,986.2446473659332,994.1158757590073,7.871228393074034,0.007981010000000047,2,0.011300149568889646,take_profit
2021-05-13 12:00:00+00:00,2021-05-13 12:00:00+00:00,3744.46,3738.673522570151,3776.0602577958525,0.2636557349247301,986.7094246615242,994.5843624468421,7.874937785317911,0.00798101000000004,2,0.011873541178167222,take_profit
2021-05-13 13:00:00+00:00,2021-05-13 13:00:00+00:00,3807.84,3801.955578690525,3839.97513447743,0.25938947106440724,987.1744209878955,995.053069913544,7.8786489256485766,0.007981009999999972,2,0.015171330728181852,take_profit
2021-05-13 14:00:00+00:00,2021-05-13 14:00:00+00:00,3856.89,3856.89,3895.4589,0.2166179094849046,836.3077566699037,842.9823372389637,6.674580569060026,0.00798100999999995,1,0.0048588370422801225,take_profit
2021-05-13 15:00:00+00:00,2021-05-13 15:00:00+00:00,3847.75,3794.8462578346102,3832.7947204129564,0.49922733399386254,1896.3873675829414,1911.5224541274945,15.135086544553133,0.00798101,4,0.03190176076928075,take_profit
2021-05-13 16:00:00+00:00,2021-05-13 16:00:00+00:00,3747.01,3741.21958194388,3778.6317777633185,0.26406857343691814,988.9274453635471,996.820085194268,7.892639830720896,0.007981009999999972,2,0.01989853242985751,take_profit
2021-05-13 17:00:00+00:00,2021-05-13 17:00:00+00:00,3693.39,3632.4764019163295,3668.801165935493,0.6056463868224824,2202.198406445001,2219.774173948823,17.57576750382168,0.007981010000000028,5,0.041122112747367504,take_profit
2021-05-13 18:00:00+00:00,2021-05-13 18:00:00+00:00,3699.4,3638.387281399817,3674.771154213815,0.6052967113627401,2204.5083644597894,2222.1025677616267,17.594203301837297,0.007981010000000033,5,0.03497053576255606,take_profit
2021-05-13 19:00:00+00:00,2021-05-13 19:00:00+00:00,3585.69,3585.69,3621.5469000000003,0.23390527881296092,839.5513705574032,846.2518384413356,6.700467883932447,0.007981010000000127,1,0.0005800836101280164,take_profit
2021-05-13 20:00:00+00:00,2021-05-13 20:00:00+00:00,3650.3,3644.659032126881,3681.10562244815,0.2718701426102263,991.8658366666511,999.7819278277461,7.9160911610949825,0.007981010000000073,2,0.011026490973344657,take_profit
2021-05-13 21:00:00+00:00,2021-05-13 21:00:00+00:00,3715.26,3715.26,3752.4126,0.2259443259182789,840.2821985096546,846.988499138782,6.7063006291274405,0.007981009999999884,1,0.007253866485791108,take_profit
2021-05-13 22:00:00+00:00,2021-05-13 22:00:00+00:00,3753.39,3731.1086163265045,3768.4197024897694,0.3472575890106854,1296.952735177714,1307.3037279266946,10.350992748980616,0.007981009999999945,3,0.02452449652181088,take_profit
2021-05-13 23:00:00+00:00,2021-05-13 23:00:00+00:00,3663.51,3657.8486181374537,3694.4271043188282,0.27129255983616496,993.3404555632518,1001.2683156725066,7.927860109254766,0.007981009999999898,2,0.01487917325188145,take_profit
2021-05-14 00:00:00+00:00,2021-05-14 00:00:00+00:00,3717.92,3717.92,3755.0992,0.22611834701334038,841.5314561840225,848.2477271511418,6.7162709671192715,0.007981010000000031,1,0.007146468993415717,take_profit
2021-05-14 01:00:00+00:00,2021-05-14 01:00:00+00:00,3822.54,3822.54,3860.7653999999998,0.22001742361431045,841.8672697323786,848.5862208307855,6.718951098406819,0.007981010000000009,1,0.005132712803528516,take_profit
2021-05-14 02:00:00+00:00,2021-05-14 07:00:00+00:00,3867.96,3844.9984903264167,3883.4484752296808,0.33760737580140004,1299.3992495289754,1309.7697679334585,10.370518404483164,0.007981009999999936,3,0.029690069183755816,take_profit
2021-05-14 08:00:00+00:00,2021-05-14 08:00:00+00:00,3882.09,3882.09,3920.9109000000003,0.21686231423390895,842.7217432075232,849.4475138672799,6.725770659756677,0.007981010000000002,1,0.0066742399068543765,take_profit
2021-05-14 09:00:00+00:00,2021-05-14 09:00:00+00:00,3934.92,3934.9199999999996,3974.2691999999997,0.21403611095238798,843.058031740511,849.7864863224123,6.72845458190136,0.00798101000000003,1,0.0059670844642330766,take_profit
2021-05-14 10:00:00+00:00,2021-05-14 10:00:00+00:00,3946.77,3946.77,3986.2377,0.21347863189776362,843.3944544696061,850.1255940446725,6.731139575066436,0.007981009999999959,1,0.0029644494105305905,take_profit
2021-05-14 11:00:00+00:00,2021-05-14 11:00:00+00:00,3989.99,3989.99,4029.8898999999997,0.2112504744214675,843.7310114483594,850.4648370880388,6.7338256396794804,0.007981010000000012,1,0.004646628187038054,take_profit
2021-05-14 12:00:00+00:00,2021-05-14 13:00:00+00:00,3999.8,3993.6189345262305,4033.555123871493,0.24934951876657085,996.8037632244054,1004.7592640267371,7.955500802331699,0.007981010000000087,2,0.01237811890594535,take_profit
2021-05-14 14:00:00+00:00,2021-05-14 15:00:00+00:00,4062.85,4062.85,4103.4785,0.20764266765760228,844.4654777704599,851.2051651932007,6.739687422740872,0.007981010000000064,1,0.008484192131139422,take_profit
2021-05-14 16:00:00+00:00,2021-05-14 16:00:00+00:00,4131.3,4124.915721838146,4166.164879056528,0.24162282936954502,997.6714791005526,1005.6339051519689,7.962426051416287,0.007981009999999986,2,0.015421295960109417,take_profit
2021-05-14 17:00:00+00:00,2021-05-14 22:00:00+00:00,4111.95,4044.1332599210614,4084.574592520272,0.5488069488074954,2221.6701050532406,2239.401276378371,17.731171325130617,0.007981009999999844,5,0.035231459526502,take_profit
2021-05-14 23:00:00+00:00,2021-05-15 00:00:00+00:00,4073.01,4066.7157999186666,4107.382957917854,0.24545345318832432,999.1886248504057,1007.1631592572231,7.974534406817384,0.007981010000000047,2,0.015470131426144354,take_profit
2021-05-15 01:00:00+00:00,2021-05-15 01:00:00+00:00,4032.96,4032.96,4073.2896,0.20968206549582305,846.4858687307652,853.2416809139643,6.755812183199055,0.007981010000000155,1,0.0021026739665159135,take_profit
2021-05-15 02:00:00+00:00,2021-05-19 16:00:00+00:00,4111.92,2825.6104106576217,2853.866514764198,5.987922697975164,16936.473186798496,17071.64334866707,135.1701618685729,0.007981010000000132,13,0.5408470981925718,take_profit
2021-05-19 17:00:00+00:00,2021-05-19 17:00:00+00:00,2851.93,2804.894263784014,2832.9432064218545,0.7991238830273185,2243.7016972533866,2261.608702936183,17.907005682796353,0.007981010000000045,5,0.04382646137878552,take_profit
2021-05-19 18:00:00+00:00,2021-05-19 18:00:00+00:00,2767.69,2690.811816124267,2717.7199342855097,1.0634967496913545,2864.5341546338827,2887.396030367357,22.861875733474335,0.00798100999999992,6,0.07684747930584714,take_profit
2021-05-19 19:00:00+00:00,2021-05-19 19:00:00+00:00,2604.65,2600.624920699471,2626.631169906466,0.3881516104513564,1010.4471983477785,1018.5115875422641,8.06438919448567,0.007981010000000066,2,0.01860902616474392,take_profit
2021-05-19 20:00:00+00:00,2021-05-19 20:00:00+00:00,2601.13,2565.366369083579,2591.0200327744146,0.7555959204092474,1940.320683518154,1955.806402296519,15.485718778365026,0.007981009999999898,4,0.03272808356368198,take_profit
2021-05-19 21:00:00+00:00,2021-05-19 21:00:00+00:00,2523.01,2481.399009256785,2506.212999349353,0.9067074205725026,2252.155050144528,2270.1295221212818,17.974471976753648,0.007981009999999853,5,0.037855577266836124,take_profit
2021-05-19 22:00:00+00:00,2021-05-19 22:00:00+00:00,2586.3,2582.3032777551853,2608.126310532737,0.39185413871273456,1012.8991259257551,1020.9830839787599,8.083958053004721,0.00798101000000001,2,0.01403549472219007,take_profit
2021-05-19 23:00:00+00:00,2021-05-19 23:00:00+00:00,2658.08,2556.7309921628676,2582.2983020844963,1.3667004889381853,3497.783280352756,3525.699123691084,27.91584333832816,0.007981010000000004,7,0.08618250767471256,take_profit
2021-05-20 00:00:00+00:00,2021-05-20 00:00:00+00:00,2438.92,2304.410596312379,2327.4547022755028,2.0582048568969693,4747.696778393373,4785.588193858698,37.891415465324826,0.007981009999999901,8,0.11641218244140852,take_profit
2021-05-20 01:00:00+00:00,2021-05-20 01:00:00+00:00,2231.96,2218.7103358020627,2240.897439160083,0.5983993724010581,1329.0038763600555,1339.6106695873236,10.6067932272681,0.007981009999999799,3,0.02651929246043838,take_profit
2021-05-20 02:00:00+00:00,2021-05-20 02:00:00+00:00,2338.51,2338.51,2361.8951,0.3682087394387187,861.921741005844,868.8007470400289,6.879006034184954,0.007981009999999887,1,0.008522520750392467,take_profit
2021-05-20 03:00:00+00:00,2021-05-20 03:00:00+00:00,2465.83,2431.9266449110046,2456.245911360115,0.8028673214640791,1954.4689002971202,1970.0675361350804,15.598635837960273,0.007981009999999976,4,0.03079287704342953,take_profit
2021-05-20 04:00:00+00:00,2021-05-20 04:00:00+00:00,2472.46,2472.46,2497.1846,0.34871446958751684,863.0456230994513,869.9335988478643,6.887975748413055,0.00798101000000012,1,0.007134594695161852,take_profit
2021-05-20 05:00:00+00:00,2021-05-20 05:00:00+00:00,2563.8,2563.8,2589.438,0.33642508458732545,863.390021886872,870.2807462854513,6.890724398579323,0.007981009999999976,1,0.0015952882440128501,take_profit
2021-05-20 06:00:00+00:00,2021-05-20 06:00:00+00:00,2655.43,2639.66647565318,2666.0631404097117,0.5043388722606343,1332.6190325076354,1343.2546783322693,10.635645824633912,0.007981010000000111,3,0.029626086923774914,take_profit
2021-05-20 07:00:00+00:00,2021-05-20 07:00:00+00:00,2645.75,2645.75,2672.2075,0.32633547162718873,864.2663403980326,871.1640587034127,6.897718305380067,0.007981009999999959,1,0.0001889823301521308,take_profit
2021-05-20 08:00:00+00:00,2021-05-20 08:00:00+00:00,2712.68,2696.576620424891,2723.5423866291403,0.49419609463782244,1333.9716063119508,1344.6180470416427,10.646440729691903,0.00798101000000012,3,0.02090183877198926,take_profit
2021-05-20 09:00:00+00:00,2021-05-20 09:00:00+00:00,2694.54,2650.1000338495596,2676.601034188055,0.8572572703575584,2274.091612805152,2292.2411607078657,18.149547902713493,0.007981009999999756,5,0.04731048713323982,take_profit
2021-05-20 10:00:00+00:00,2021-05-20 10:00:00+00:00,2672.56,2668.429976413176,2695.114276177308,0.38290015660528326,1022.7650208797172,1030.9277187390085,8.162697859291256,0.007981010000000024,2,0.010716316939563517,take_profit
2021-05-20 11:00:00+00:00,2021-05-20 11:00:00+00:00,2711.09,2706.9004343228958,2733.969438666125,0.3776362620445844,1023.2470087533136,1031.413553362644,8.166544609330458,0.00798101000000017,2,0.01503823185508411,take_profit
2021-05-20 12:00:00+00:00,2021-05-20 12:00:00+00:00,2754.4,2750.1435054900367,2777.644940544937,0.37187350132928454,1023.7292237683407,1031.8996169405282,8.17039317218746,0.007981010000000092,2,0.016842143479523626,take_profit
2021-05-20 13:00:00+00:00,2021-05-20 13:00:00+00:00,2874.84,2870.397384302562,2899.1013581455877,0.3564619519099861,1024.2116660318416,1032.3859095805583,8.174243548716731,0.007981009999999945,2,0.011423244424037561,take_profit
2021-05-20 14:00:00+00:00,2021-05-20 14:00:00+00:00,2904.89,2900.4009467263113,2929.4049561935744,0.35294073478726307,1024.6943356509087,1032.8724313906819,8.178095739773198,0.007981009999999941,2,0.01433444984147416,take_profit
2021-05-20 15:00:00+00:00,2021-05-20 15:00:00+00:00,2894.28,2889.8073428222856,2918.7054162505083,0.35440149947841537,1025.1772327326858,1033.3591824788975,8.181949746211785,0.007981009999999896,2,0.012137733736887967,take_profit
2021-05-20 16:00:00+00:00,2021-05-20 16:00:00+00:00,2903.97,2743.8125233190344,2771.250648552225,1.746710506924836,4797.4436071204245,4835.732052523289,38.288445402864454,0.007981010000000057,8,0.11121671367128443,take_profit
2021-05-20 17:00:00+00:00,2021-05-20 17:00:00+00:00,2700.47,2684.439103085807,2711.2834941166648,0.49976413226107286,1342.9293082696404,1353.6472405082336,10.717932238593221,0.007981010000000103,3,0.022392398360285358,take_profit
2021-05-20 18:00:00+00:00,2021-05-20 18:00:00+00:00,2758.5,2754.2371695811307,2781.779541276942,0.3730708177869843,1028.5540673022435,1036.7629675989235,8.208900296679985,0.007981010000000104,2,0.015769439912996192,take_profit
2021-05-20 19:00:00+00:00,2021-05-20 19:00:00+00:00,2781.3,2777.0019357462384,2804.7719551037007,0.3701869023941441,1029.0387833197617,1037.2515521398245,8.21276882006282,0.007981009999999969,2,0.011940459497357362,take_profit
2021-05-20 20:00:00+00:00,2021-05-20 20:00:00+00:00,2782.81,2778.5096022773487,2806.294698300122,0.370160392173425,1029.5237277643748,1037.7403669308997,8.216639166524828,0.007981010000000073,2,0.014338025233487048,take_profit
2021-05-20 21:00:00+00:00,2021-05-20 21:00:00+00:00,2759.39,2755.1257942252946,2782.6770521675476,0.37347800742881254,1030.0089007437314,1038.2294120806562,8.220511336924801,0.007981010000000071,2,0.012709330685405003,take_profit
2021-05-20 22:00:00+00:00,2021-05-20 22:00:00+00:00,2836.39,2789.610558763482,2817.506664351117,0.8214003845413663,2293.6808665555354,2311.986756488324,18.305889932788432,0.007981010000000016,5,0.051963940078762046,take_profit
2021-05-20 23:00:00+00:00,2021-05-20 23:00:00+00:00,2841.15,2794.292053994997,2822.234974534947,0.8208843787302699,2296.0867835181307,2314.411875098257,18.325091580126355,0.007981010000000139,5,0.035953751121904895,take_profit
2021-05-21 00:00:00+00:00,2021-05-21 00:00:00+00:00,2767.87,2767.87,2795.5487,0.31560481647855876,874.4275309174258,881.4063457859531,6.978814868527365,0.007981010000000092,1,0.002500117418809436,take_profit
2021-05-21 01:00:00+00:00,2021-05-21 01:00:00+00:00,2903.92,2903.92,2932.9592000000002,0.30093862612922917,874.776471660852,881.758071428942,6.98159976808995,0.007981009999999969,1,0.009108377641257428,take_profit
2021-05-21 02:00:00+00:00,2021-05-21 14:00:00+00:00,2896.78,2616.6053780598245,2642.771431840423,2.81294077815663,7367.723691980405,7426.525568443339,58.80187646293325,0.007981010000000097,10,0.17908850516780708,take_profit
2021-05-21 15:00:00+00:00,2021-05-21 15:00:00+00:00,2520.48,2478.910735530792,2503.6998428860998,0.9301465263681935,2308.058268098888,2326.4789042171683,18.420636118280072,0.007981010000000071,5,0.04859391861867581,take_profit
2021-05-21 16:00:00+00:00,2021-05-21 16:00:00+00:00,2420.39,2406.0217520349624,2430.0819695553123,0.5630849852025427,1356.1508735151178,1366.9743271981508,10.823453683032994,0.007981010000000077,3,0.027280727486066192,take_profit
2021-05-21 17:00:00+00:00,2021-05-21 17:00:00+00:00,2450.67,2446.8828727124846,2471.3517014396093,0.42406681561684395,1038.6805085271058,1046.9702280524655,8.289719525359715,0.007981009999999806,2,0.011017395242933565,take_profit
2021-05-21 18:00:00+00:00,2021-05-21 18:00:00+00:00,2491.71,2450.615227587375,2475.121379863249,0.9428972226010293,2312.9912830389644,2331.451289598811,18.460006559846533,0.007981009999999882,5,0.044832665117529744,take_profit
2021-05-21 19:00:00+00:00,2021-05-21 19:00:00+00:00,2475.66,2406.893539632764,2430.9624750290914,1.2256641725784096,2952.996174913224,2976.5640669151685,23.56789200194453,0.007981010000000115,6,0.06853121995750623,take_profit
2021-05-21 20:00:00+00:00,2021-05-21 20:00:00+00:00,2349.95,2311.193218339595,2334.305150522991,1.0021647763493255,2318.5149497070856,2337.0190407058467,18.504090998761058,0.007981009999999702,5,0.04806485244366894,take_profit
2021-05-21 21:00:00+00:00,2021-05-21 21:00:00+00:00,2247.91,2210.8361230825167,2232.944484313342,1.0487552400780744,2320.946915952637,2339.470416498324,18.523500545687057,0.007981009999999957,5,0.06535403997490996,take_profit
2021-05-21 22:00:00+00:00,2021-05-21 22:00:00+00:00,2388.38,2374.2017741460113,2397.9437918874714,0.5738181883426705,1363.7238846851037,1374.6077786460141,10.883893960910427,0.00798100999999983,3,0.023928353109639207,take_profit
2021-05-21 23:00:00+00:00,2021-05-21 23:00:00+00:00,2379.68,2376.0025766571775,2399.7626024237493,0.4391561830628279,1044.4807032154256,1052.816714152595,8.336010937169476,0.007981010000000127,2,0.012472265178511329,take_profit
2021-05-22 00:00:00+00:00,2021-05-22 00:00:00+00:00,2430.98,2416.548886238149,2440.7143751005306,0.5643756533404916,1365.2065630629556,1376.1022902948266,10.895727231870978,0.007981009999999926,3,0.020251092152136184,take_profit
2021-05-22 01:00:00+00:00,2021-05-22 01:00:00+00:00,2447.62,2443.837586010573,2468.2759618706787,0.42743048116306803,1045.6162915644545,1053.9613656435931,8.345074079138612,0.007981009999999795,2,0.015370032929948232,take_profit
2021-05-22 02:00:00+00:00,2021-05-22 02:00:00+00:00,2446.18,2431.658653932996,2455.975240472326,0.5614785448558176,1366.6908534498045,1377.598426818096,10.907573368291423,0.007981009999999998,3,0.028133661463996807,take_profit
2021-05-22 03:00:00+00:00,2021-05-22 03:00:00+00:00,2392.43,2352.9726127586537,2376.50233888624,0.9891912694476679,2329.8698356259547,2348.4645500827833,18.59471445682857,0.007981009999999771,5,0.03641067868234376,take_profit
2021-05-22 04:00:00+00:00,2021-05-22 04:00:00+00:00,2329.54,2291.1198322733767,2314.0310305961107,1.0169618218348784,2332.3137123831375,2350.9279314448045,18.614219061666972,0.007981010000000012,5,0.05037904478995859,take_profit
2021-05-22 05:00:00+00:00,2021-05-22 05:00:00+00:00,2267.17,2229.77847563692,2252.0762603932894,1.046034580535552,2334.760152602671,2353.3938967281947,18.633744125523663,0.007981010000000094,5,0.05388656342488656,take_profit
2021-05-22 06:00:00+00:00,2021-05-22 06:00:00+00:00,2232.96,2219.7043994661976,2241.90144346086,0.6174102816117967,1371.840158527897,1382.7888285515098,10.948670023612749,0.007981010000000012,3,0.028155452851819956,take_profit
2021-05-22 07:00:00+00:00,2021-05-22 07:00:00+00:00,2249.99,2236.6333036664114,2258.9996367030753,0.6131143997530968,1372.684770215433,1383.64018109337,10.955410877937084,0.007981010000000007,3,0.028737905501802167,take_profit
2021-05-22 08:00:00+00:00,2021-05-22 08:00:00+00:00,2248.56,2248.56,2271.0456,0.39552451857537535,890.2508623501961,897.3559633851218,7.10510103492561,0.00798101000000008,1,0.0008894581420998329,take_profit
2021-05-22 09:00:00+00:00,2021-05-22 09:00:00+00:00,2346.69,2332.759259988236,2356.0868525881183,0.5884464613391227,1374.078009705854,1385.0445400420963,10.966530336242386,0.007981009999999905,3,0.02887045157221448,take_profit
2021-05-22 10:00:00+00:00,2021-05-22 10:00:00+00:00,2363.07,2349.0420228067624,2372.53244303483,0.5847273321864869,1374.9239991889358,1385.8972813757027,10.973282186766937,0.007981010000000035,3,0.021400127799853647,take_profit
2021-05-22 11:00:00+00:00,2021-05-22 11:00:00+00:00,2462.71,2448.0905263011427,2472.5714315641544,0.5614149984462063,1375.7705095290576,1386.7505477233142,10.980038194256622,0.007981010000000085,3,0.02835088175221612,take_profit
2021-05-22 12:00:00+00:00,2021-05-22 12:00:00+00:00,2415.29,2411.557546970313,2435.6731224400164,0.43650359814538353,1053.7072536408373,1062.1169017692175,8.40964812838024,0.007981010000000172,2,0.016254776859093427,take_profit
2021-05-22 13:00:00+00:00,2021-05-22 13:00:00+00:00,2391.42,2391.42,2415.3342000000002,0.37290811306749994,892.6725923442249,899.7970212304502,7.12442888622536,0.0079810100000002,1,0.004583051074257151,take_profit
2021-05-22 14:00:00+00:00,2021-05-22 14:00:00+00:00,2437.66,2397.456652532053,2421.4312190573733,0.9781376578025166,2347.39002481558,2366.1245680775332,18.73454326195315,0.007981009999999896,5,0.046216453484078934,take_profit
2021-05-22 15:00:00+00:00,2021-05-22 15:00:00+00:00,2362.17,2329.691893930006,2352.988812869306,0.8689112823052547,2026.3218928237027,2042.4939881135474,16.17209528984472,0.007981009999999912,4,0.030416947129122757,take_profit
2021-05-22 16:00:00+00:00,2021-05-22 16:00:00+00:00,2367.21,2363.5518470923143,2387.1873655632376,0.44662822752923653,1056.6856577980914,1065.119076599835,8.433418801743528,0.007981010000000363,2,0.018714013543369698,take_profit
2021-05-22 17:00:00+00:00,2021-05-22 17:00:00+00:00,2353.19,2314.37978232071,2337.523580143917,1.0157075681569367,2353.0861466391884,2371.866150706377,18.780004067188656,0.007981009999999927,5,0.037285557052341815,take_profit
2021-05-22 18:00:00+00:00,2021-05-22 19:00:00+00:00,2286.1,2282.5671899146,2305.392861813746,0.46317771400129903,1058.2925456246378,1066.7387890141938,8.446243389556003,0.007981010000000295,2,0.015283670880538934,take_profit
2021-05-22 20:00:00+00:00,2021-05-22 20:00:00+00:00,2255.05,2255.05,2277.6005,0.3971799170306739,896.5571290290503,903.7125604414024,7.155431412352073,0.007981009999999924,1,0.00020842109931054948,take_profit
2021-05-22 21:00:00+00:00,2021-05-22 21:00:00+00:00,2353.36,2353.36,2376.8936000000003,0.38073987222484795,896.9149005996679,904.073187390503,7.158286790835064,0.00798101000000012,1,0.00548577353231138,take_profit
2021-05-22 22:00:00+00:00,2021-05-22 22:00:00+00:00,2364.68,2350.642465306019,2374.148889959079,0.5883410294252599,1384.3637716204946,1395.4123927254352,11.048621104940594,0.00798100999999979,3,0.02122485917756316,take_profit
2021-05-22 23:00:00+00:00,2021-05-22 23:00:00+00:00,2337.78,2323.9021527407963,2347.1411742682044,0.5954772562580215,1385.2160938200186,1396.2715173169577,11.055423496939056,0.007981010000000397,3,0.0234324872314761,take_profit
2021-05-23 00:00:00+00:00,2021-05-23 00:00:00+00:00,2295.45,2291.902740951606,2314.8217683611224,0.4624457651605803,1060.941658371368,1069.4090443562468,8.467385984878774,0.007981010000000285,2,0.018706571696181402,take_profit
2021-05-23 01:00:00+00:00,2021-05-23 02:00:00+00:00,2362.0,2323.0444825286177,2346.274927353904,1.0159947855230549,2362.56364443161,2381.419288503456,18.855644071845745,0.007981010000000262,5,0.03775190516511434,take_profit
2021-05-23 03:00:00+00:00,2021-05-23 03:00:00+00:00,2294.09,2294.09,2317.0309,0.3918087017089424,899.7441686721398,906.9250358797539,7.180867207614028,0.007981009999999993,1,0.006063406405154248,take_profit
2021-05-23 04:00:00+00:00,2021-05-23 12:00:00+00:00,2317.8,2093.6239359796255,2114.5601753394217,3.615947287502266,7578.011804159504,7638.491992148619,60.48018798911471,0.007981009999999957,10,0.18025714039175086,take_profit
2021-05-23 13:00:00+00:00,2021-05-23 13:00:00+00:00,1938.47,1906.4995927380394,1925.5645886654197,1.2439344258157596,2373.934410621194,2392.880804891706,18.946394270511973,0.00798101000000005,5,0.03723555174957573,take_profit
2021-05-23 14:00:00+00:00,2021-05-23 14:00:00+00:00,1968.58,1941.5134679353016,1960.9286026146547,1.05442811743508,2049.23562659647,2065.590596624693,16.35497002822285,0.007981010000000078,4,0.031073159333123292,take_profit
2021-05-23 15:00:00+00:00,2021-05-23 15:00:00+00:00,1977.18,1944.5711642531464,1964.016875895678,1.2219637358422843,2378.574018500456,2397.557441527848,18.983423027391837,0.007981009999999795,5,0.04133159348162536,take_profit
2021-05-23 16:00:00+00:00,2021-05-23 16:00:00+00:00,1924.95,1818.7866667916594,1836.974533459576,2.7483663058452903,5003.695688219082,5043.630233543714,39.93454532463238,0.007981009999999802,8,0.10192992025766905,take_profit
2021-05-23 17:00:00+00:00,2021-05-23 17:00:00+00:00,1848.11,1848.11,1866.5910999999999,0.49073396598495206,907.8381880645142,915.0836537218389,7.245465657324758,0.007981009999999988,1,0.00355498319905197,take_profit
2021-05-23 18:00:00+00:00,2021-05-23 18:00:00+00:00,1913.51,1881.9512479946382,1900.7707604745844,1.267239263966202,2387.2697841131135,2406.3226081328185,19.052824019704985,0.007981010000000162,5,0.050436109557828276,take_profit
2021-05-23 19:00:00+00:00,2021-05-23 19:00:00+00:00,1897.13,1894.1982822285486,1913.1402650508342,0.5662516245773977,1073.6665211047364,1082.2354643463386,8.568943241602256,0.007981010000000134,2,0.01165971757338723,take_profit
2021-05-23 20:00:00+00:00,2021-05-23 20:00:00+00:00,1968.1,1968.1,1987.781,0.46170010068631434,909.5815497104456,916.8409291545003,7.259379444054616,0.007981010000000057,1,0.0002489710888674402,take_profit
2021-05-23 21:00:00+00:00,2021-05-23 21:00:00+00:00,2066.18,2066.18,2086.8417999999997,0.43995904236996086,909.9445186826483,917.2067949856996,7.262276303051294,0.00798100999999988,1,0.001863342012796518,take_profit
2021-05-23 22:00:00+00:00,2021-05-23 22:00:00+00:00,2094.98,2082.543495088893,2103.368930039782,0.6737291017798024,1404.474632996607,1415.683759087299,11.209126090692052,0.00798100999999986,3,0.025914328537742587,take_profit
2021-05-23 23:00:00+00:00,2021-05-23 23:00:00+00:00,2062.56,2062.56,2083.1856,0.44117854545493634,910.8680888023358,918.1377361277481,7.269647325412279,0.007981009999999945,1,0.0,take_profit
2021-05-24 00:00:00+00:00,2021-05-24 00:00:00+00:00,2096.63,2096.63,2117.5963,0.43418263575234434,911.2315711686064,918.5041194504188,7.272548281812419,0.007981010000000066,1,0.0013927111602905962,take_profit
2021-05-24 01:00:00+00:00,2021-05-24 01:00:00+00:00,2133.25,2120.586311515328,2141.792174630481,0.6625784080252967,1406.4611635275894,1417.6861441383146,11.224980610725197,0.007981009999999908,3,0.024990038673385652,take_profit
2021-05-24 02:00:00+00:00,2021-05-24 02:00:00+00:00,2122.39,2119.1101781211873,2140.301279902399,0.5078245229492554,1077.2133286099136,1085.8105789576823,8.59725034776875,0.007981009999999763,2,0.014907721954965805,take_profit
2021-05-24 03:00:00+00:00,2021-05-24 03:00:00+00:00,2165.59,2162.2434192761284,2183.86585346889,0.497928792475164,1077.7209757733058,1086.322277658162,8.601301884856184,0.007981009999999697,2,0.014878162533074245,take_profit
2021-05-24 04:00:00+00:00,2021-05-24 04:00:00+00:00,2141.29,2128.5785833749705,2149.8643692087203,0.6611196754568013,1408.6538360612194,1419.8963164133625,11.242480352143048,0.007981010000000068,3,0.027744957478902838,take_profit
2021-05-24 05:00:00+00:00,2021-05-24 05:00:00+00:00,2104.11,2104.11,2125.1511,0.4337534257920115,913.5784992424718,920.869778380711,7.291279138239133,0.00798100999999997,1,0.003573957635294724,take_profit
2021-05-24 06:00:00+00:00,2021-05-24 06:00:00+00:00,2133.15,2129.853550223668,2151.1520857259047,0.5062526074576591,1079.3232365402246,1087.9373260842842,8.614089544059652,0.007981009999999773,2,0.012887044980428116,take_profit
2021-05-24 07:00:00+00:00,2021-05-24 07:00:00+00:00,2187.4,2187.4,2209.274,0.4176005275253315,914.3737676765867,921.6713938601512,7.297626183564489,0.007981009999999972,1,0.0,take_profit
2021-05-24 08:00:00+00:00,2021-05-24 08:00:00+00:00,2291.44,2277.8372425447947,2300.6156149702424,0.618964217918225,1411.31105843518,1422.574746105662,11.263687670481886,0.007981010000000092,3,0.022854624166462962,take_profit
2021-05-24 09:00:00+00:00,2021-05-24 11:00:00+00:00,2291.2,2259.697679410216,2282.2946562043185,0.9172065318146327,2074.684155637055,2091.242230630036,16.55807499298089,0.00798101,4,0.030556040502793196,take_profit
2021-05-24 12:00:00+00:00,2021-05-24 12:00:00+00:00,2367.66,2364.0011516876775,2387.6411632045542,0.4572009992236971,1081.905594311889,1090.540293679148,8.634699367258918,0.007981009999999804,2,0.011192485407533178,take_profit
2021-05-24 13:00:00+00:00,2021-05-24 13:00:00+00:00,2423.39,2383.422001911527,2407.2562219306424,1.0098245500921292,2409.247298058048,2428.475524836322,19.228226778274347,0.007981010000000037,5,0.037447542492128796,take_profit
2021-05-24 14:00:00+00:00,2021-05-24 14:00:00+00:00,2373.73,2373.73,2397.4673000000003,0.38614558544686567,917.5228834262147,924.8456427340682,7.3227593078535165,0.007981010000000068,1,9.689391801090191e-05,take_profit
2021-05-24 15:00:00+00:00,2021-05-24 15:00:00+00:00,2425.69,2425.69,2449.9469,0.3780248640057945,917.8890213916072,925.2147028502238,7.3256814586166,0.007981009999999965,1,0.009217995704315113,take_profit
2021-05-24 16:00:00+00:00,2021-05-24 16:00:00+00:00,2509.61,2468.2200100756327,2492.902210176389,0.9769331544898413,2413.6996600782136,2432.9634212022947,19.263761124081157,0.007981010000000137,5,0.03726076960165134,take_profit
2021-05-24 17:00:00+00:00,2021-05-24 17:00:00+00:00,2467.99,2464.1761073607154,2488.8178684343225,0.4400934300234629,1085.553268538781,1094.2170800305216,8.663811491740717,0.00798101000000002,2,0.013282063541586371,take_profit
2021-05-24 18:00:00+00:00,2021-05-24 18:00:00+00:00,2543.86,2543.86,2569.2986,0.36115668016763247,919.651684095329,926.9914333826106,7.33974928728162,0.007981009999999955,1,0.009178964251177308,take_profit
2021-05-24 19:00:00+00:00,2021-05-24 19:00:00+00:00,2553.0,2549.0547376982513,2574.545285075234,0.42580950750334745,1086.498240699066,1095.1695940230677,8.671353324001757,0.007981010000000096,2,0.012471602036819485,take_profit
2021-05-24 20:00:00+00:00,2021-05-24 20:00:00+00:00,2651.42,2607.6911946934915,2633.7681066404266,0.9268946368553744,2419.474457393775,2438.7843072329797,19.309849839204617,0.007981010000000134,5,0.03679537757126368,take_profit
2021-05-24 21:00:00+00:00,2021-05-24 21:00:00+00:00,2620.28,2616.230766978447,2642.3930746482315,0.4155070444780732,1088.1504641239408,1096.8350038596188,8.684539735678072,0.00798101000000024,2,0.013647396461446951,take_profit
2021-05-24 22:00:00+00:00,2021-05-24 22:00:00+00:00,2593.01,2577.6170217378935,2603.3931919552724,0.5512314596321105,1422.2858791442968,1433.6371569686062,11.351277824309363,0.007981009999999957,3,0.024658601393747055,take_profit
2021-05-24 23:00:00+00:00,2021-05-24 23:00:00+00:00,2588.92,2588.92,2614.8092,0.3559388096477514,922.4195225958524,929.7813620298851,7.361839434032731,0.007981010000000007,1,0.006099068337376189,take_profit
2021-05-25 00:00:00+00:00,2021-05-25 00:00:00+00:00,2647.92,2643.828053680358,2670.266334217162,0.4117811144302225,1089.7682305369208,1098.4656816825184,8.697451145597597,0.007981010000000116,2,0.018856309858303985,take_profit
2021-05-25 01:00:00+00:00,2021-05-25 01:00:00+00:00,2711.37,2695.274397024875,2722.2271409951236,0.5279521854505439,1424.4004087068865,1435.7685626127802,11.368153905893678,0.00798100999999995,3,0.0277756263438778,take_profit
2021-05-25 02:00:00+00:00,2021-05-25 02:00:00+00:00,2659.61,2615.7461203124203,2641.9035815155444,0.9273920289545486,2428.250352098623,2447.6302424412256,19.37989034260272,0.007981010000000037,5,0.037580697921875864,take_profit
2021-05-25 03:00:00+00:00,2021-05-25 04:00:00+00:00,2571.6,2567.6259943066284,2593.3022542496947,0.424908182947257,1092.0973931220958,1100.813433337577,8.716040215481144,0.007981009999999785,2,0.01987867475501629,take_profit
2021-05-25 05:00:00+00:00,2021-05-25 06:00:00+00:00,2587.7,2583.7011142740944,2609.5381254168356,0.4224635103725871,1092.6120545443432,1101.332202277782,8.720147733438807,0.00798100999999987,2,0.01755613092707804,take_profit
2021-05-25 07:00:00+00:00,2021-05-25 07:00:00+00:00,2658.18,2654.0721984546567,2680.612920439203,0.41145596272139145,1093.1269585057464,1101.8512156928505,8.724257187104058,0.0079810100000001,2,0.012896041652559176,take_profit
2021-05-25 08:00:00+00:00,2021-05-25 08:00:00+00:00,2660.39,2616.5132560856514,2642.6783886465078,0.9294053496666171,2434.2356533329566,2453.6633124245636,19.427659091606984,0.00798101000000005,5,0.03600975796781665,take_profit
2021-05-25 09:00:00+00:00,2021-05-25 10:00:00+00:00,2582.65,2510.911676131842,2536.0207928931604,1.2364756250858118,3107.7888731535368,3132.5921672280633,24.803294074526548,0.00798100999999982,6,0.0790312276150466,take_profit
2021-05-25 11:00:00+00:00,2021-05-25 11:00:00+00:00,2438.91,2424.4318110947365,2448.676129205684,0.5901466830839632,1432.20259427508,1443.633017502015,11.43042322693509,0.007981009999999815,3,0.020755173417633242,take_profit
2021-05-25 12:00:00+00:00,2021-05-25 12:00:00+00:00,2393.15,2393.15,2417.0815000000002,0.38774089774284926,928.8509804137134,936.2641493769052,7.413168963191765,0.007981010000000123,1,0.004571380816079248,take_profit
2021-05-25 13:00:00+00:00,2021-05-25 13:00:00+00:00,2456.72,2456.72,2481.2871999999998,0.3778584524174554,929.221638861873,936.6377660538459,7.416127191972919,0.007981009999999915,1,0.0016119053046336506,take_profit
2021-05-25 14:00:00+00:00,2021-05-25 14:00:00+00:00,2535.02,2535.02,2560.3702,0.3663335408699932,929.5924452214716,937.0115318227085,7.419086601236927,0.007981009999999903,1,0.003372754455586221,take_profit
2021-05-25 15:00:00+00:00,2021-05-25 15:00:00+00:00,2584.94,2569.5949279683255,2595.2908772480087,0.5578178324213554,1434.8006735937943,1446.2518321177527,11.451158523958384,0.007981009999999704,3,0.023919317276223016,take_profit
2021-05-25 16:00:00+00:00,2021-05-25 17:00:00+00:00,2610.6,2567.5444225610536,2593.219866786664,0.9517008661590676,2445.980231084322,2465.501623768408,19.521392684086095,0.007981009999999922,5,0.034938328353635195,take_profit
2021-05-25 18:00:00+00:00,2021-05-25 18:00:00+00:00,2586.31,2586.31,2612.1731,0.3598101214026253,931.5120271119358,938.9464339154364,7.434406803500565,0.007981009999999929,1,0.008220205621135812,take_profit
2021-05-25 19:00:00+00:00,2021-05-25 19:00:00+00:00,2576.73,2534.2330268695873,2559.5753571382834,0.9656071262444781,2449.5229933026903,2469.072660807469,19.54966750477888,0.007981010000000071,5,0.035746857451110566,take_profit
2021-05-25 20:00:00+00:00,2021-05-25 20:00:00+00:00,2512.12,2512.12,2537.2412,0.3709728713582642,932.8612308273499,940.3064056391953,7.445174811845391,0.007981010000000004,1,0.0028501823161313374,take_profit
2021-05-25 21:00:00+00:00,2021-05-25 21:00:00+00:00,2550.52,2550.52,2576.0252,0.3655334034151366,933.2334895679421,940.6816353805189,7.44814581257674,0.007981010000000106,1,0.008119912802095274,take_profit
2021-05-25 22:00:00+00:00,2021-05-25 22:00:00+00:00,2612.6,2612.6,2638.726,0.3569900830443667,933.605896858571,941.0570148574583,7.451117998887298,0.00798101000000008,1,0.00245732220776241,take_profit
2021-05-25 23:00:00+00:00,2021-05-26 00:00:00+00:00,2714.59,2698.4752820233894,2725.4600348436234,0.533469526801301,1440.9953271131378,1452.495925228781,11.500598115643243,0.007981010000000012,3,0.026372306683513952,take_profit
2021-05-26 01:00:00+00:00,2021-05-26 01:00:00+00:00,2681.63,2681.63,2708.4463,0.34815352199283023,934.5534826642977,942.0121633549762,7.458680690678534,0.007981009999999945,1,1.8645376133240567e-05,take_profit
2021-05-26 02:00:00+00:00,2021-05-26 02:00:00+00:00,2762.03,2762.03,2789.6503000000002,0.33815399915356914,934.9264166988315,942.388073779769,7.461657080937471,0.007981009999999924,1,0.0027914251474459133,take_profit
2021-05-26 03:00:00+00:00,2021-05-26 03:00:00+00:00,2795.67,2795.67,2823.6267000000003,0.3342183448165647,935.2994995528784,942.764134211805,7.46463465892657,0.007981010000000056,1,0.0033694963997897005,take_profit
2021-05-26 04:00:00+00:00,2021-05-26 06:00:00+00:00,2840.47,2823.608016064663,2851.8440962253094,0.5107528167079401,1443.6093568409865,1455.1308175540278,11.521460713041279,0.00798100999999986,3,0.023960823384862346,take_profit
2021-05-26 07:00:00+00:00,2021-05-26 08:00:00+00:00,2878.96,2861.869526497208,2890.4882217621803,0.5042346073861166,1444.49815523885,1456.0267094607927,11.52855422194284,0.00798101000000002,3,0.02257412398921841,take_profit
2021-05-26 09:00:00+00:00,2021-05-26 09:00:00+00:00,2839.95,2839.95,2868.3495,0.3295439732391562,936.825232032574,944.3020435776784,7.476811545104397,0.00798101000000011,1,0.0029965316290778937,take_profit
2021-05-26 10:00:00+00:00,2021-05-26 10:00:00+00:00,2840.98,2824.114988533372,2852.356138418706,0.5114941583599899,1445.964283455165,1457.5045388610633,11.540255405898279,0.007981009999999842,3,0.023928362748065816,take_profit
2021-05-26 11:00:00+00:00,2021-05-26 12:00:00+00:00,2825.45,2821.0837088247254,2849.294545912973,0.3921760380481391,1107.468900829861,1116.3076212020728,8.83872037221181,0.007981009999999712,2,0.012061795466208898,take_profit
2021-05-26 13:00:00+00:00,2021-05-26 13:00:00+00:00,2850.51,2803.497683273772,2831.53266010651,0.8787975557938498,2466.173084819531,2485.855636871206,19.682552051674975,0.007981009999999776,5,0.05383247208394296,take_profit
2021-05-26 14:00:00+00:00,2021-05-26 14:00:00+00:00,2703.11,2703.11,2730.1411000000003,0.34710498161462805,939.2021490013186,946.6979307445197,7.495781743201064,0.007981010000000054,1,0.005563961511000279,take_profit
2021-05-26 15:00:00+00:00,2021-05-26 16:00:00+00:00,2751.71,2747.4576624644164,2774.9322390890607,0.40345882000129624,1109.5956221235367,1118.4513158796608,8.855693756124083,0.007981009999999924,2,0.018788317082832063,take_profit
2021-05-26 17:00:00+00:00,2021-05-26 17:00:00+00:00,2705.12,2700.9396600244004,2727.9490566246445,0.41060095774782224,1110.118529754851,1118.97839684201,8.859867087159046,0.007981010000000255,2,0.014624120186904812,take_profit
2021-05-26 18:00:00+00:00,2021-05-26 19:00:00+00:00,2740.14,2723.87360864203,2751.1123447284504,0.5321644201679688,1450.9996191729915,1462.5800616436077,11.580442470616163,0.007981010000000224,3,0.021944134241316013,take_profit
2021-05-26 20:00:00+00:00,2021-05-26 20:00:00+00:00,2739.88,2739.88,2767.2788,0.34311747102643897,941.0417382541738,948.5522017775977,7.510463523423937,0.007981009999999993,1,0.006445537760777957,take_profit
2021-05-26 21:00:00+00:00,2021-05-26 21:00:00+00:00,2795.01,2795.01,2822.9601000000002,0.3364838924257568,941.417261430345,948.9307220079932,7.513460577648175,0.007981009999999976,1,0.008100149910018327,take_profit
2021-05-26 22:00:00+00:00,2021-05-26 22:00:00+00:00,2813.18,2813.18,2841.3118,0.33444398919541873,941.7929344592274,949.3093932870757,7.516458827848396,0.007981009999999955,1,0.005371145820743668,take_profit
2021-05-26 23:00:00+00:00,2021-05-26 23:00:00+00:00,2841.59,2841.59,2870.0059,0.33123236942810863,942.1687574006198,949.6882156751218,7.519458274501972,0.007981010000000054,1,0.009480607687949371,take_profit
2021-05-27 00:00:00+00:00,2021-05-27 00:00:00+00:00,2884.82,2837.2418222219344,2865.614240444154,0.8723502461867313,2477.546148254849,2497.319468839533,19.773320584683916,0.007981010000000194,5,0.03624142927461685,take_profit
2021-05-27 01:00:00+00:00,2021-05-27 01:00:00+00:00,2812.49,2766.1047318657543,2793.7657791844117,0.8957234171437038,2480.144927531693,2499.9389889997733,19.794061468080145,0.007981010000000172,5,0.05208551852628802,take_profit
2021-05-27 02:00:00+00:00,2021-05-27 02:00:00+00:00,2691.32,2691.32,2718.2332,0.3506006629897471,944.5230994169833,952.0613477186613,7.5382483016779815,0.007981010000000045,1,0.007461022843809127,take_profit
2021-05-27 03:00:00+00:00,2021-05-27 05:00:00+00:00,2712.65,2696.5467985149676,2723.512266500117,0.5400936811519159,1457.8457325409033,1469.4808139107697,11.635081369866384,0.007981010000000075,3,0.029111754188708552,take_profit
2021-05-27 06:00:00+00:00,2021-05-27 06:00:00+00:00,2733.21,2728.986251321676,2756.2761138348924,0.40874239403167245,1116.5689425873284,1125.4802904838073,8.911347896478901,0.007981010000000007,2,0.010072405706111202,take_profit
2021-05-27 07:00:00+00:00,2021-05-27 08:00:00+00:00,2754.15,2737.800440576557,2765.1784449823226,0.5325338145349843,1459.4307427985927,1471.0784741511761,11.647731352583378,0.00798101000000026,3,0.025496069567743314,take_profit
2021-05-27 09:00:00+00:00,2021-05-27 09:00:00+00:00,2759.6,2759.6,2787.196,0.3426450246931259,946.5097198630133,954.0638234023371,7.554103539323819,0.007981009999999907,1,0.0005616756051600693,take_profit
2021-05-27 10:00:00+00:00,2021-05-27 11:00:00+00:00,2790.28,2790.28,2818.1828,0.33901276488916504,946.8874250399795,954.4445430480978,7.557118008118323,0.007981009999999997,1,0.008160471350545458,take_profit
2021-05-27 12:00:00+00:00,2021-05-27 13:00:00+00:00,2826.87,2822.5015144367635,2850.726529581131,0.39594540800597766,1118.675188920074,1127.6033467895973,8.928157869523147,0.007981010000000132,2,0.01837014082713384,take_profit
2021-05-27 14:00:00+00:00,2021-05-27 14:00:00+00:00,2827.54,2827.54,2855.8154,0.3348366343694618,947.7116888338618,955.2753852995618,7.563696465699991,0.007981010000000054,1,0.0007179385614349382,take_profit
2021-05-27 15:00:00+00:00,2021-05-31 15:00:00+00:00,2842.35,2567.4398112139484,2593.114209326088,3.1058300743153877,7982.013793456358,8045.7183253620715,63.70453190571334,0.007981010000000026,10,0.23284254226256434,take_profit
2021-05-31 16:00:00+00:00,2021-05-31 16:00:00+00:00,2637.47,2637.47,2663.8446999999996,0.3603164491547506,951.2751002524324,958.867236340298,7.592136087865583,0.007981009999999913,1,0.006392489772395392,take_profit
2021-05-31 17:00:00+00:00,2021-05-31 20:00:00+00:00,2634.68,2619.0396546223847,2645.2300511686085,0.5600522284819751,1468.2672623162455,1479.9855180194636,11.71825570321812,0.007981009999999688,3,0.02354365615558616,take_profit
2021-05-31 21:00:00+00:00,2021-05-31 21:00:00+00:00,2598.86,2598.86,2624.8486000000003,0.3660406405970867,952.2406198419867,959.8404617513519,7.599841909365182,0.007981010000000092,1,0.001281331045150538,take_profit
2021-05-31 22:00:00+00:00,2021-05-31 22:00:00+00:00,2627.42,2627.42,2653.6942,0.362206267488836,952.620611937455,960.2234865675338,7.602874630078759,0.007981009999999802,1,0.002420625556629746,take_profit
2021-05-31 23:00:00+00:00,2021-05-31 23:00:00+00:00,2644.81,2644.81,2671.2581,0.35996829825707327,953.000755668959,960.6066642299604,7.605908561001456,0.007981009999999934,1,0.0021211353556588666,take_profit
2021-06-01 00:00:00+00:00,2021-06-01 00:00:00+00:00,2706.15,2706.15,2733.2115000000003,0.3519493265509716,953.3810510970089,960.9899947996247,7.608943702615761,0.007981010000000023,1,0.0059678879589084455,take_profit
2021-06-01 01:00:00+00:00,2021-06-01 05:00:00+00:00,2730.67,2685.6341562685943,2712.49049783128,0.9325630551674335,2507.030224055909,2527.038857344401,20.008633288492092,0.007981009999999858,5,0.04322748629457238,take_profit
2021-06-01 06:00:00+00:00,2021-06-02 07:00:00+00:00,2698.31,2653.807856753511,2680.345935321046,0.9447369235247447,2509.659930145254,2529.689551144342,20.029620999088365,0.007981009999999917,5,0.06469605049086286,take_profit
2021-06-02 08:00:00+00:00,2021-06-02 09:00:00+00:00,2692.6,2692.6,2719.526,0.35460434063192536,955.7634109965187,963.391368337316,7.627957340797252,0.007981009999999922,1,0.006328455767659498,take_profit
2021-06-02 10:00:00+00:00,2021-06-02 12:00:00+00:00,2684.51,2684.51,2711.3551,0.35581490255379755,956.1448088635586,963.7758101445468,7.63100128098813,0.00798100999999998,1,0.008929003803301255,take_profit
2021-06-02 13:00:00+00:00,2021-06-02 13:00:00+00:00,2701.1,2701.1,2728.111,0.35377062403046183,956.526358927608,964.1604053634728,7.634046435864775,0.007981009999999943,1,0.0076598422864759,take_profit
2021-06-02 14:00:00+00:00,2021-06-02 14:00:00+00:00,2732.58,2732.58,2759.9058,0.3498346446172306,956.9080612494013,964.5451540553134,7.637092805912175,0.007981010000000096,1,0.004508559676203335,take_profit
2021-06-02 15:00:00+00:00,2021-06-02 15:00:00+00:00,2767.28,2767.28,2794.9528,0.34558578314222177,957.2899158896971,964.9300562813121,7.6401403916149775,0.007981010000000153,1,0.0012250296319853166,take_profit
2021-06-02 16:00:00+00:00,2021-06-03 04:00:00+00:00,2791.07,2745.038003323941,2772.4883833571807,0.916122743074866,2517.3090545043865,2537.3997232414763,20.0906687370898,0.0079810099999999,5,0.04610059941169518,take_profit
2021-06-03 05:00:00+00:00,2021-06-03 05:00:00+00:00,2767.17,2767.17,2794.8417,0.3461000877755202,958.6764563461323,966.3276627309955,7.651206384863144,0.007981010000000103,1,0.00023851082513898838,take_profit
2021-06-03 06:00:00+00:00,2021-06-03 06:00:00+00:00,2816.76,2816.76,2844.9276000000004,0.3401425601218102,959.0590166653756,966.7132762679722,7.654259602596653,0.007981010000000129,1,0.008140558656044636,take_profit
2021-06-03 07:00:00+00:00,2021-06-03 09:00:00+00:00,2846.5,2842.101179341196,2870.522191134608,0.3982694030186855,1133.05499500993,1142.0979182556543,9.042923245724296,0.007981010000000083,2,0.01367644475671872,take_profit
2021-06-03 10:00:00+00:00,2021-06-03 23:00:00+00:00,2874.47,2827.062520615595,2855.3331458217513,0.8916061984521568,2523.149616409052,2543.286898729109,20.137282320056784,0.00798100999999999,5,0.039068071679300785,take_profit
2021-06-04 00:00:00+00:00,2021-06-04 21:00:00+00:00,2857.25,2699.6691881298057,2726.6658800111036,1.9641387356950086,5307.832658626673,5350.1945241534995,42.36186552682648,0.007981010000000078,8,0.1068334937439846,take_profit
2021-06-04 22:00:00+00:00,2021-06-04 23:00:00+00:00,2733.55,2695.9656911451625,2722.925348056614,0.8088603846334967,2182.842688586974,2200.263977913013,17.421289326039187,0.007981009999999844,4,0.03162554187777808,take_profit
2021-06-05 00:00:00+00:00,2021-06-05 00:00:00+00:00,2689.54,2689.54,2716.4354,0.3580262824753569,963.8898976664378,971.5827125786126,7.692814912174754,0.007981009999999934,1,0.006398863746216839,take_profit
2021-06-05 01:00:00+00:00,2021-06-05 07:00:00+00:00,2769.47,2769.47,2797.1647,0.3478319909129309,964.2745384120466,971.9704231458586,7.695884733812022,0.007981010000000097,1,0.008730912412844277,take_profit
2021-06-05 08:00:00+00:00,2021-06-05 08:00:00+00:00,2781.44,2781.44,2809.2544000000003,0.34647329200561167,964.6593326487373,972.3582884292002,7.6989557804629385,0.007981010000000042,1,0.004522837091578437,take_profit
2021-06-05 09:00:00+00:00,2021-06-05 09:00:00+00:00,2809.28,2762.9476731066866,2790.5771498377535,0.9171911432519744,2536.68782286497,2556.933153746133,20.245330881163227,0.007981009999999872,5,0.05453710559289214,take_profit
2021-06-05 10:00:00+00:00,2021-06-05 11:00:00+00:00,2704.43,2667.246069800703,2693.91853049871,0.8201487180929967,2189.7281731587886,2207.204415606051,17.476242447262393,0.007981010000000168,4,0.03001741586951773,take_profit
2021-06-05 12:00:00+00:00,2021-06-05 12:00:00+00:00,2639.9,2635.8204473363157,2662.1786518096787,0.4327900302322341,1141.8987097992242,1151.012214821119,9.113505021894753,0.00798101000000004,2,0.015114208871548199,take_profit
2021-06-05 13:00:00+00:00,2021-06-05 15:00:00+00:00,2642.0,2626.316200643852,2652.5793626502905,0.5677328244735887,1492.5384530052836,1504.4504173241037,11.911964318820083,0.007981010000000257,3,0.02268357305071909,take_profit
2021-06-05 16:00:00+00:00,2021-06-06 00:00:00+00:00,2654.85,2611.064625080906,2637.175271331715,0.9734973349489993,2544.4088627586284,2564.715815336394,20.306952577765514,0.007981010000000108,5,0.03865378458293308,take_profit
2021-06-06 01:00:00+00:00,2021-06-06 01:00:00+00:00,2628.35,2628.35,2654.6335,0.3683025408411763,968.9969802001058,976.7305547890527,7.733574588946908,0.007981010000000064,1,3.8046683279485348e-06,take_profit
2021-06-06 02:00:00+00:00,2021-06-06 06:00:00+00:00,2685.3,2681.1502887352585,2707.961791622611,0.4265524200318498,1144.7959400691866,1153.932567914838,9.136627845651446,0.007981009999999884,2,0.013428667188023833,take_profit
2021-06-06 07:00:00+00:00,2021-06-06 07:00:00+00:00,2664.63,2664.63,2691.2763,0.3636041963918119,969.8404903218357,977.5807969734991,7.740306651663445,0.00798100999999997,1,8.256305753528807e-05,take_profit
2021-06-06 08:00:00+00:00,2021-06-06 08:00:00+00:00,2689.44,2689.44,2716.3344,0.3603937169629233,970.2275056544189,977.970901079322,7.743395424903042,0.00798101000000007,1,0.0,take_profit
2021-06-06 09:00:00+00:00,2021-06-07 00:00:00+00:00,2731.74,2715.523473863298,2742.6787086019312,0.5509148713154602,1497.5197849424528,1509.4715053212765,11.951720378823666,0.007981010000000068,3,0.028824119425713935,take_profit
2021-06-07 01:00:00+00:00,2021-06-07 01:00:00+00:00,2763.01,2763.01,2790.6401,0.35115365097598655,971.2122614446052,978.9635162153172,7.751254770711967,0.007981009999999957,1,0.005182753591192273,take_profit
2021-06-07 02:00:00+00:00,2021-06-07 10:00:00+00:00,2792.66,2776.0818322823834,2803.8426506052074,0.5394440003880379,1499.0397287397027,1511.0035798051715,11.963851065468816,0.007981009999999974,3,0.02064698173067966,take_profit
2021-06-07 11:00:00+00:00,2021-06-09 12:00:00+00:00,2826.12,2552.7795659464755,2578.30736160594,3.2030953732653473,8184.981398047523,8250.305816435155,65.32441838763225,0.007981010000000122,10,0.18442599748064487,take_profit
2021-06-09 13:00:00+00:00,2021-06-09 14:00:00+00:00,2541.16,2499.249668595437,2524.2421652813914,1.024912948657144,2564.0774246952346,2584.5413522625017,20.463927567267092,0.00798101000000007,5,0.037156259346125424,take_profit
2021-06-09 15:00:00+00:00,2021-06-09 15:00:00+00:00,2457.44,2457.44,2482.0144,0.3969622642262376,976.4874340341595,984.2807900100604,7.793355975900909,0.00798100999999994,1,0.000585975649456367,take_profit
2021-06-09 16:00:00+00:00,2021-06-09 16:00:00+00:00,2566.94,2566.94,2592.6094000000003,0.3801803800365889,976.8771018329545,984.6735677514544,7.796465918499848,0.007981010000000021,1,0.005243597435078356,take_profit
2021-06-09 17:00:00+00:00,2021-06-09 17:00:00+00:00,2597.01,2597.01,2622.9801,0.3759283399770315,977.2669251288796,985.0665022310023,7.799577102122726,0.007981009999999884,1,0.009172086360853504,take_profit
2021-06-09 18:00:00+00:00,2021-06-09 18:00:00+00:00,2589.22,2585.218765351769,2611.070953005287,0.4461563167204393,1154.5662485144212,1163.7808532894774,9.21460477505616,0.007981010000000068,2,0.012497972362332932,take_profit
2021-06-09 19:00:00+00:00,2021-06-09 21:00:00+00:00,2561.99,2561.99,2587.6099,0.3813986458138072,978.1176342227386,985.9240008426467,7.80636661990809,0.007981010000000073,1,0.005277147842107106,take_profit
2021-06-09 22:00:00+00:00,2021-06-09 22:00:00+00:00,2580.7,2580.7,2606.507,0.3787846106099819,978.5079525537341,986.3174343081449,7.809481754410854,0.007981009999999976,1,0.0014337195334598435,take_profit
2021-06-09 23:00:00+00:00,2021-06-10 10:00:00+00:00,2598.61,2555.752168816127,2581.309690504288,1.0057827056440405,2573.104435743252,2593.640407975963,20.535972232711174,0.00798100999999997,5,0.04093727030989648,take_profit
2021-06-10 11:00:00+00:00,2021-06-13 20:00:00+00:00,2575.73,2433.6753584536123,2458.012112038148,2.221950989805943,5412.920291874211,5456.120862852861,43.20057097864992,0.0079810099999998,8,0.12404638684955341,take_profit
2021-06-13 21:00:00+00:00,2021-06-14 13:00:00+00:00,2524.02,2509.036569549241,2534.1269352447334,0.6033001072385089,1515.2172487231205,1527.3102127373525,12.092964014231939,0.00798101000000015,3,0.024968106433388,take_profit
2021-06-14 14:00:00+00:00,2021-06-14 16:00:00+00:00,2556.12,2556.12,2581.6812,0.38406147289670733,982.6899020027344,990.5327599375171,7.842857934782728,0.007981009999999884,1,0.004651581302912176,take_profit
2021-06-14 17:00:00+00:00,2021-06-15 00:00:00+00:00,2577.55,2562.248797490371,2587.871285465275,0.5913705184745883,1516.755154987759,1528.860393047268,12.10523805950902,0.00798101000000011,3,0.022207134682159506,take_profit
2021-06-15 01:00:00+00:00,2021-06-15 04:00:00+00:00,2597.63,2593.615769011794,2619.5519267019117,0.4474549364943458,1161.687867080987,1170.9593095650391,9.271442484052159,0.007981010000000113,2,0.012218830241412454,take_profit
2021-06-15 05:00:00+00:00,2021-06-29 06:00:00+00:00,2633.05,2135.0738308994187,2156.424569208413,6.543254302845646,13984.31534627203,14095.92430689378,111.60896062175016,0.007981009999999974,12,0.35417861415468754,take_profit
2021-06-29 07:00:00+00:00,2021-06-29 10:00:00+00:00,2160.85,2148.0224686454453,2169.5026933319,0.710182065377044,1527.0140473062252,1539.201161687917,12.1871143816918,0.007981010000000224,3,0.021690538445519075,take_profit
2021-06-29 11:00:00+00:00,2021-06-29 13:00:00+00:00,2173.56,2173.56,2195.2956,0.455175077749934,990.3406826768232,998.2446015686738,7.903918891850594,0.007981010000000042,1,0.0071587625830434615,take_profit
2021-06-29 14:00:00+00:00,2021-06-29 17:00:00+00:00,2225.7,2222.260528670191,2244.4831339568927,0.5259697806708543,1170.01189475291,1179.3497713850518,9.337876632141842,0.007981009999999933,2,0.013061059441973182,take_profit
2021-06-29 18:00:00+00:00,2021-06-30 18:00:00+00:00,2231.99,2195.1786852493856,2217.1304721018796,1.1857084153527633,2605.447287590802,2626.2413884475372,20.79410085673544,0.007981010000000144,5,0.06451641808431043,take_profit
2021-06-30 19:00:00+00:00,2021-06-30 19:00:00+00:00,2214.2,2214.2,2236.3419999999996,0.4476787259589756,992.2424774958596,1000.1615746311787,7.919097135319134,0.007981009999999903,1,0.008752596874717576,take_profit
2021-06-30 20:00:00+00:00,2021-06-30 20:00:00+00:00,2242.38,2242.38,2264.8038,0.44222914667463714,992.6384323526255,1000.5606896076162,7.9222572549906545,0.007981010000000026,1,0.009400726014324033,take_profit
2021-06-30 21:00:00+00:00,2021-06-30 21:00:00+00:00,2236.99,2236.99,2259.3599,0.4434715893545165,993.0345452153751,1000.9599638510846,7.925418635709434,0.007981010000000073,1,0.00024139580418328365,take_profit
2021-06-30 22:00:00+00:00,2021-07-01 02:00:00+00:00,2263.92,2232.7927594144444,2255.120687008589,1.0074937454892021,2251.7765166002305,2269.7479674969813,17.971450896750866,0.007981009999999672,4,0.03265133043570447,take_profit
2021-07-01 03:00:00+00:00,2021-07-01 05:00:00+00:00,2197.73,2197.73,2219.7073,0.4519822996015461,994.329388691998,1002.2651414864426,7.935752794444625,0.007981009999999901,1,0.008058314715638426,take_profit
2021-07-01 06:00:00+00:00,2021-07-01 06:00:00+00:00,2215.8,2202.6462669896464,2224.6727296595427,0.6960653142228918,1534.7203863403681,1546.9690050909544,12.248618750586274,0.007981009999999957,3,0.027434786533080586,take_profit
2021-07-01 07:00:00+00:00,2021-07-02 22:00:00+00:00,2160.79,2125.1529582569906,2146.4044878395607,1.229889028007148,2616.318624822027,2637.1994899299184,20.880865107891623,0.007981010000000297,5,0.06585091563733633,take_profit
2021-07-02 23:00:00+00:00,2021-07-03 07:00:00+00:00,2157.6,2144.7917617370076,2166.2396793543776,0.7160316636276829,1537.2760893808793,1549.545105222989,12.269015842109638,0.007981009999999965,3,0.021129959213941275,take_profit
2021-07-03 08:00:00+00:00,2021-07-03 09:00:00+00:00,2195.62,2195.62,2217.5762,0.45363000210210913,996.9961013167496,1004.9531371713196,7.957035854569995,0.007981010000000004,1,0.0038622348129457823,take_profit
2021-07-03 10:00:00+00:00,2021-07-03 14:00:00+00:00,2217.0,2217.0,2239.17,0.4494346229843792,997.3939531094782,1005.3541642231844,7.960211113706237,0.00798100999999996,1,0.00979702300405945,take_profit
2021-07-03 15:00:00+00:00,2021-07-04 05:00:00+00:00,2229.0,2225.5554290361933,2247.8109833265553,0.5289315354864599,1178.3447951855264,1187.74917677935,9.404381593823473,0.00798100999999986,2,0.018788694481830466,take_profit
2021-07-04 06:00:00+00:00,2021-07-04 06:00:00+00:00,2280.33,2280.33,2303.1333,0.4373331581666294,998.2621827448547,1006.2293232079633,7.967140463108535,0.007981010000000023,1,0.002398775615809905,take_profit
2021-07-04 07:00:00+00:00,2021-07-04 16:00:00+00:00,2325.57,2325.57,2348.8257000000003,0.4289967101520239,998.6605397680103,1006.6308595225044,7.970319754494085,0.007981010000000198,1,0.008152839948915764,take_profit
2021-07-04 17:00:00+00:00,2021-07-04 21:00:00+00:00,2355.62,2355.62,2379.1762,0.4236931239758447,999.059055755735,1007.032556070312,7.973500314576995,0.007981009999999917,1,0.005769181786535898,take_profit
2021-07-04 22:00:00+00:00,2021-07-06 04:00:00+00:00,2383.67,2292.783875612797,2315.711714368925,1.7750936521892136,4073.9800835255855,4106.494559312004,32.51447578641819,0.007981009999999915,7,0.09495861423770904,take_profit
2021-07-06 05:00:00+00:00,2021-07-06 07:00:00+00:00,2317.48,2317.48,2340.6548000000003,0.43153872788814746,1001.0834545607847,1009.073111622469,7.989657061684284,0.007981010000000115,1,0.003840378341992203,take_profit
2021-07-06 08:00:00+00:00,2021-07-06 09:00:00+00:00,2336.77,2298.2305907867903,2321.2128966946584,1.144287686620724,2632.469435487884,2653.4792003772077,21.009764889323833,0.007981010000000257,5,0.033935731800733566,take_profit
2021-07-06 10:00:00+00:00,2021-07-06 11:00:00+00:00,2280.69,2277.165550223668,2299.9372057259047,0.5194002217640123,1183.944236015558,1193.3933068026404,9.449070787082292,0.007981009999999799,2,0.011781522258614669,take_profit
2021-07-06 12:00:00+00:00,2021-07-06 12:00:00+00:00,2293.49,2293.49,2316.4249,0.4368900118677178,1003.0058791976896,1011.0108791496255,8.004999951935815,0.007981010000000262,1,0.006740818577800463,take_profit
2021-07-06 13:00:00+00:00,2021-07-06 13:00:00+00:00,2329.99,2316.158396797186,2339.319980765158,0.6677281672274996,1548.1123136155848,1560.4678134716737,12.355499856088954,0.007981009999999894,3,0.02050652577908049,take_profit
2021-07-06 14:00:00+00:00,2021-07-06 17:00:00+00:00,2302.65,2302.65,2325.6765,0.4355937204021032,1004.023904188091,1012.0370290076553,8.013124819564268,0.007981010000000071,1,0.009905977895033958,take_profit
2021-07-06 18:00:00+00:00,2021-07-06 23:00:00+00:00,2320.49,2306.7147919879067,2329.7819399077857,0.6711423229646208,1549.6836075191352,1562.0516478875813,12.368040368446145,0.007981009999999905,3,0.020422410783929205,take_profit
2021-07-07 00:00:00+00:00,2021-07-07 00:00:00+00:00,2322.51,2318.920923952827,2342.110133192355,0.5113244523927795,1186.9078794617992,1196.3806031168624,9.472723655063191,0.007981009999999813,2,0.013179706438293108,take_profit
2021-07-07 01:00:00+00:00,2021-07-07 03:00:00+00:00,2318.49,2318.49,2341.6749,0.4332609077596255,1005.5165986302443,1013.5416366590783,8.025038028834047,0.00798101000000008,1,0.008233807348748406,take_profit
2021-07-07 04:00:00+00:00,2021-07-07 04:00:00+00:00,2339.47,2339.47,2362.8646999999996,0.4295468344031573,1005.917850531686,1013.9460909559577,8.028240424271758,0.007981009999999867,1,0.004287295840510776,take_profit
2021-07-07 05:00:00+00:00,2021-07-23 02:00:00+00:00,2391.75,2053.0515020803186,2073.582017101122,5.54023991172702,11385.783656312804,11476.653709531673,90.87005321886863,0.007981009999999964,11,0.2867147486150308,take_profit
2021-07-23 03:00:00+00:00,2021-07-23 05:00:00+00:00,2064.92,2064.92,2085.5692,0.4890513445792713,1010.8627652138427,1018.930471051642,8.06770583779928,0.00798100999999995,1,0.006499041125079941,take_profit
2021-07-23 06:00:00+00:00,2021-07-23 22:00:00+00:00,2073.0,2038.8108434724063,2059.1989519071303,1.302488228907059,2658.185309900783,2679.400313440953,21.215003540170073,0.007981009999999558,5,0.038485287023637224,take_profit
2021-07-23 23:00:00+00:00,2021-07-23 23:00:00+00:00,2088.84,2088.84,2109.7284,0.484151286734292,1012.3269006827413,1020.4062918003591,8.079391117617774,0.007981009999999811,1,0.0026617644242737334,take_profit
2021-07-24 00:00:00+00:00,2021-07-24 04:00:00+00:00,2124.26,2124.26,2145.5026000000003,0.4762685073241428,1012.7308702386223,1020.8134854413054,8.082615202683087,0.007981009999999941,1,0.008793650494760665,take_profit
2021-07-24 05:00:00+00:00,2021-07-24 10:00:00+00:00,2130.14,2130.14,2151.4413999999997,0.47514335489580856,1013.1350009987564,1021.2208415730773,8.085840574320969,0.007981009999999886,1,0.0068258424328917185,take_profit
2021-07-24 11:00:00+00:00,2021-07-24 13:00:00+00:00,2150.41,2150.41,2171.9141,0.4708524205776782,1013.5392930274724,1021.6283602605175,8.08906723304517,0.007981009999999985,1,0.006970763714826374,take_profit
2021-07-24 14:00:00+00:00,2021-07-24 15:00:00+00:00,2154.56,2154.56,2176.1056,0.47013302142559754,1013.9437463891246,1022.0360415684936,8.092295179368989,0.007981009999999922,1,0.004840895588890463,take_profit
2021-07-24 16:00:00+00:00,2021-07-24 16:00:00+00:00,2150.56,2150.56,2172.0656,0.47119541551360805,1014.348361148093,1022.4438855618995,8.095524413806515,0.007981009999999974,1,0.0020971281898667154,take_profit
2021-07-24 17:00:00+00:00,2021-07-24 23:00:00+00:00,2192.97,2162.8182699093145,2184.4464526084075,1.0624133503154745,2300.1071113692424,2318.464289226151,18.357177856908493,0.007981009999999763,4,0.030087050894449092,take_profit
2021-07-25 00:00:00+00:00,2021-07-25 00:00:00+00:00,2184.9,2171.929699767885,2193.648996765564,0.7207729680620012,1567.0352513750845,1579.5417753866618,12.506524011577312,0.00798101000000016,3,0.02055013959448949,take_profit
2021-07-25 01:00:00+00:00,2021-07-25 05:00:00+00:00,2152.38,2152.38,2173.9038,0.47170110581762775,1016.2963224622079,1024.407393574742,8.111071112534091,0.007981009999999986,1,0.0073778793707431345,take_profit
2021-07-25 06:00:00+00:00,2021-07-25 07:00:00+00:00,2156.37,2156.37,2177.9337,0.4710161865272736,1016.7018760178347,1024.816183857352,8.11430783951721,0.00798101000000011,1,0.0015535367307094373,take_profit
2021-07-25 08:00:00+00:00,2021-07-25 21:00:00+00:00,2175.47,2145.5588820821154,2167.0144709029364,1.0734445226473295,2305.4438738622366,2323.8436444739696,18.399770611732947,0.007981009999999868,4,0.031965506304384786,take_profit
2021-07-25 22:00:00+00:00,2021-07-25 23:00:00+00:00,2161.04,2161.04,2182.6504,0.47061116516143003,1018.0275799403971,1026.1524682361771,8.12488829578001,0.007981009999999903,1,0.0032576907414948193,take_profit
2021-07-26 00:00:00+00:00,2021-07-26 00:00:00+00:00,2189.82,2189.82,2211.7182000000003,0.4646114249257158,1018.4338243551862,1026.5619548917032,8.128130536517006,0.007981010000000021,1,0.00833401832114055,take_profit
2021-07-26 01:00:00+00:00,2021-07-26 01:00:00+00:00,2259.74,2259.74,2282.3374,0.4504152648761052,1018.840230882012,1026.9716049530837,8.131374071071718,0.007981010000000071,1,0.0017568392823952314,take_profit
2021-07-26 02:00:00+00:00,2021-07-26 04:00:00+00:00,2314.6,2311.023147620984,2334.133379097194,0.5203228942348654,1203.6819347486678,1213.2885323067164,9.606597558048634,0.00798101000000014,2,0.01273654195109307,take_profit
2021-07-26 05:00:00+00:00,2021-07-26 05:00:00+00:00,2324.22,2324.22,2347.4622,0.43830076427102627,1019.727129463468,1027.8655818809873,8.138452417519261,0.007981010000000028,1,0.0018070578516662873,take_profit
2021-07-26 06:00:00+00:00,2021-07-26 06:00:00+00:00,2347.84,2347.84,2371.3184,0.4340644669280102,1020.1340520843439,1028.2757521553694,8.141700071025525,0.007981009999999858,1,0.004067568488483109,take_profit
2021-07-26 07:00:00+00:00,2021-07-26 07:00:00+00:00,2355.46,2341.4771983226974,2364.8919703059246,0.6717872951654044,1574.5491829356097,1587.1156757101107,12.566492774501057,0.00798101000000008,3,0.022802340094928396,take_profit
2021-07-26 08:00:00+00:00,2021-07-26 09:00:00+00:00,2325.6,2322.006148840992,2345.226210329402,0.5188386582335579,1205.9525071819135,1215.5772262012574,9.624719019343956,0.007981010000000028,2,0.012478500171998617,take_profit
2021-07-26 10:00:00+00:00,2021-07-26 16:00:00+00:00,2343.23,2339.6089044326964,2363.004993477023,0.5151776866708183,1206.520823924008,1216.150078684954,9.629254760945969,0.007981010000000184,2,0.014911041596428884,take_profit
2021-07-26 17:00:00+00:00,2021-07-26 19:00:00+00:00,2364.98,2364.98,2388.6298,0.4317626484178383,1022.1321604156348,1030.2898074092338,8.157646993599087,0.007981010000000295,1,0.005661781494980876,take_profit
2021-07-26 20:00:00+00:00,2021-07-26 20:00:00+00:00,2362.48,2323.516566081375,2346.751731742189,1.155632699434814,2687.819540983112,2709.271055617894,21.451514634782143,0.007981010000000193,5,0.05269039314618537,take_profit
2021-07-26 21:00:00+00:00,2021-07-27 10:00:00+00:00,2264.81,2227.4573981691947,2249.7319721508866,1.2067338509966248,2690.638882906541,2712.1128987374072,21.474015830866392,0.007981010000000172,5,0.05047222504316033,take_profit
2021-07-27 11:00:00+00:00,2021-07-27 11:00:00+00:00,2246.16,2246.16,2268.6216,0.45573851950409083,1024.6863192885971,1032.8643510497027,8.178031761105558,0.00798101000000007,1,0.0037842362075720345,take_profit
2021-07-27 12:00:00+00:00,2021-07-27 12:00:00+00:00,2278.35,2278.35,2301.1335,0.44947884462693427,1025.0952208766523,1033.276516085421,8.181295208768688,0.007981009999999919,1,0.007044571729540996,take_profit
2021-07-27 13:00:00+00:00,2021-07-27 22:00:00+00:00,2307.87,2269.807226881169,2292.5052991499806,1.1864072076016385,2695.611265103209,2717.1249655661113,21.513700462902307,0.00798101000000035,5,0.046020789732523944,take_profit
2021-07-27 23:00:00+00:00,2021-07-28 02:00:00+00:00,2295.51,2291.962648230988,2314.882274713298,0.528424719077962,1212.3420605892309,1222.0177746982142,9.675714108983357,0.007981010000000082,2,0.013134336160591802,take_profit
2021-07-28 03:00:00+00:00,2021-07-28 08:00:00+00:00,2302.28,2288.612892664015,2311.499021590655,0.6916975977458181,1584.6126526784851,1597.259462105639,12.646809427153812,0.007981010000000186,3,0.025683235748909822,take_profit
2021-07-28 09:00:00+00:00,2021-07-28 10:00:00+00:00,2284.69,2284.69,2307.5369,0.44936879871676494,1027.6960968370427,1035.89814966286,8.202052825817418,0.007981010000000012,1,0.0020440409858668235,take_profit
2021-07-28 11:00:00+00:00,2021-07-28 11:00:00+00:00,2300.99,2300.99,2323.9999,0.44636356232702235,1028.1061994783333,1036.311525337432,8.205325859098593,0.00798101000000002,1,0.0023077023368202145,take_profit
2021-07-28 12:00:00+00:00,2021-07-28 17:00:00+00:00,2330.43,2298.3882956651314,2321.372178621783,1.0133068853009113,2331.303989081586,2349.9101495314862,18.606160449900017,0.007981009999999995,4,0.03213140922490684,take_profit
2021-07-28 18:00:00+00:00,2021-07-28 18:00:00+00:00,2262.66,2262.66,2285.2866,0.4545169521801727,1029.4467737937832,1037.6627987898992,8.216024996115948,0.007981010000000026,1,0.005144387579220861,take_profit
2021-07-28 19:00:00+00:00,2021-07-29 15:00:00+00:00,2320.01,2306.2376414291225,2329.3000178434136,0.6882786769892979,1588.9231157815368,1601.6043270578202,12.68121127628342,0.007981009999999886,3,0.02322834815367189,take_profit
2021-07-29 16:00:00+00:00,2021-07-29 23:00:00+00:00,2323.92,2323.92,2347.1592,0.44298476022057365,1030.491635607403,1038.715999656102,8.224364048699044,0.007981010000000005,1,0.00943233846259771,take_profit
2021-07-30 00:00:00+00:00,2021-07-30 00:00:00+00:00,2382.93,2382.93,2406.7592999999997,0.43218724467610375,1030.9028538098378,1039.1304997951224,8.227645985284653,0.007981009999999806,1,0.007045947635893612,take_profit
2021-07-30 01:00:00+00:00,2021-07-30 01:00:00+00:00,2392.8,2392.8,2416.728,0.4305762796192715,1031.314236109102,1039.5451653406312,8.230929231529217,0.00798101000000011,1,0.002077064526914182,take_profit
2021-07-30 02:00:00+00:00,2021-07-30 20:00:00+00:00,2434.57,2394.4176146611753,2418.361790807787,1.1314872279098953,2711.964914185783,2733.609133285549,21.644219099765905,0.00798101000000001,5,0.04873550565397589,take_profit
2021-07-30 21:00:00+00:00,2021-07-30 21:00:00+00:00,2418.63,2418.63,2442.8163,0.4265948845140188,1032.807993525667,1041.0508444500751,8.24285092440823,0.00798100999999995,1,8.269144102232176e-06,take_profit
2021-07-30 22:00:00+00:00,2021-07-30 23:00:00+00:00,2441.62,2437.8468580723866,2462.2253266531106,0.5000164763943107,1220.183779742038,1229.922078689997,9.738298947959038,0.007981010000000028,2,0.011545613158476771,take_profit
2021-07-31 00:00:00+00:00,2021-07-31 20:00:00+00:00,2461.77,2457.9657193981293,2482.5453765921106,0.49615746659152066,1220.7588031084888,1230.5016913236857,9.7428882151969,0.007981010000000016,2,0.016691242480004285,take_profit
2021-07-31 21:00:00+00:00,2021-07-31 21:00:00+00:00,2490.6,2490.6,2515.506,0.4148237377477777,1034.194195430045,1042.448109645714,8.253914215669056,0.007981009999999915,1,0.0006022645145748013,take_profit
2021-07-31 22:00:00+00:00,2021-08-01 00:00:00+00:00,2536.69,2532.7699422529486,2558.097641675478,0.4819228267077871,1221.821471442502,1231.5728408242994,9.75136938179753,0.00798101000000017,2,0.010032759225605129,take_profit
2021-08-01 01:00:00+00:00,2021-08-01 03:00:00+00:00,2570.39,2570.39,2596.0939,0.4022966807178322,1035.0944596099184,1043.35555884301,8.2610992330915,0.007981010000000139,1,0.006069117915958244,take_profit
2021-08-01 04:00:00+00:00,2021-08-01 18:00:00+00:00,2616.51,2580.5349053568543,2606.340254410423,0.9086500675221882,2347.1503663622316,2365.882996907672,18.732630545440315,0.007981009999999865,4,0.033063126072516526,take_profit
2021-08-01 19:00:00+00:00,2021-08-01 19:00:00+00:00,2598.75,2594.7340382269213,2620.6813786091907,0.4712495280298905,1223.991182059588,1233.7598679235175,9.768685863929477,0.00798101000000007,2,0.011697931697931733,take_profit
2021-08-01 20:00:00+00:00,2021-08-01 20:00:00+00:00,2655.7,2655.7,2682.257,0.39006501028416213,1036.9325803920412,1045.2083496854762,8.275769293434905,0.007981010000000212,1,0.0015852694204917862,take_profit
2021-08-01 21:00:00+00:00,2021-08-01 22:00:00+00:00,2670.47,2633.752994908606,2660.0905248576923,0.8918706963713018,2351.3184360752157,2370.084332026716,18.76589595150017,0.007981009999999792,4,0.03279198043790034,take_profit
2021-08-01 23:00:00+00:00,2021-08-01 23:00:00+00:00,2601.08,2585.63911550746,2611.4955066625344,0.6189274346641855,1601.924909638044,1614.709888361114,12.784978723070026,0.007981009999999813,3,0.028076798868162358,take_profit
2021-08-02 00:00:00+00:00,2021-08-02 00:00:00+00:00,2555.5,2551.5508743391624,2577.0663830825542,0.48037166762402517,1226.9196682020452,1236.7117263431624,9.792058141117195,0.007981009999999993,2,0.018978673449422813,take_profit
2021-08-02 01:00:00+00:00,2021-08-02 01:00:00+00:00,2518.29,2518.29,2543.4729,0.4123330124735435,1039.4135154974972,1047.7090851588182,8.295569661320997,0.007981010000000304,1,0.0038279943930206103,take_profit
2021-08-02 02:00:00+00:00,2021-08-02 02:00:00+00:00,2537.52,2537.52,2562.8952,0.4093715382288939,1039.8282939805633,1048.127173993105,8.298880012541758,0.007981009999999945,1,0.0033221413033197125,take_profit
2021-08-02 03:00:00+00:00,2021-08-02 06:00:00+00:00,2567.3,2567.3,2592.9730000000004,0.4047844018008059,1040.2432379811903,1048.5454296659505,8.302191684760146,0.007981009999999891,1,0.009617107466988685,take_profit
2021-08-02 07:00:00+00:00,2021-08-02 14:00:00+00:00,2618.37,2602.8264762603485,2628.854741022952,0.6162460664511767,1605.5871648152322,1618.4013720334942,12.814207218262027,0.007981010000000007,3,0.02325110660449062,take_profit
2021-08-02 15:00:00+00:00,2021-08-02 15:00:00+00:00,2626.13,2626.13,2652.3913000000002,0.3961181506126562,1041.2990579263412,1049.609676120642,8.310618194300787,0.007981010000000075,1,0.0018201688416035003,take_profit
2021-08-02 16:00:00+00:00,2021-08-02 16:00:00+00:00,2633.4,2633.4,2659.734,0.3951822261134731,1041.7145888360562,1050.0285233867025,8.313934550646309,0.007981009999999861,1,0.002434115592010446,take_profit
2021-08-02 17:00:00+00:00,2021-08-04 13:00:00+00:00,2648.03,2574.475614484116,2600.220370628957,1.3556640746052817,3493.617719222696,3521.500317175989,27.882597953293043,0.007981009999999861,6,0.07768416520960866,take_profit
2021-08-04 14:00:00+00:00,2021-08-04 14:00:00+00:00,2609.15,2609.15,2635.2415,0.3995480869424111,1043.5244154612533,1051.8527942562937,8.328378795040408,0.007981009999999992,1,0.002418412126554604,take_profit
2021-08-04 15:00:00+00:00,2021-08-04 15:00:00+00:00,2638.83,2638.83,2665.2183,0.39521185281606036,1043.9408344010055,1052.2725366397683,8.331702238762773,0.007981010000000004,1,0.0010648658685856783,take_profit
2021-08-04 16:00:00+00:00,2021-08-04 16:00:00+00:00,2672.57,2672.57,2699.2957,0.3903781985480009,1044.3574195129436,1052.6924465216505,8.335027008706902,0.007981009999999908,1,0.0026453937595648245,take_profit
2021-08-04 17:00:00+00:00,2021-08-04 22:00:00+00:00,2710.57,2706.3812379015862,2733.445050280602,0.45544016446467844,1233.828544638657,1243.6757425917037,9.847197953046816,0.007981010000000201,2,0.016811962059640653,take_profit
2021-08-04 23:00:00+00:00,2021-08-05 13:00:00+00:00,2727.99,2652.214563866921,2678.73670950559,1.3198884901577532,3504.131607884599,3532.098117288442,27.966509403843247,0.007981010000000052,6,0.07261023684104412,take_profit
2021-08-05 14:00:00+00:00,2021-08-05 14:00:00+00:00,2686.5,2686.5,2713.3650000000002,0.3892120570910077,1046.6648562312234,1055.0182989154534,8.353442684230004,0.007981010000000045,1,0.007396240461567054,take_profit
2021-08-05 15:00:00+00:00,2021-08-05 17:00:00+00:00,2802.22,2785.5850809115113,2813.4409317206264,0.579369580326506,1615.4987580495283,1628.392069792509,12.893311742980586,0.007981009999999827,3,0.024816038712163917,take_profit
2021-08-05 18:00:00+00:00,2021-08-05 21:00:00+00:00,2812.58,2812.58,2840.7057999999997,0.3721421139162732,1047.7271939525842,1056.0891151647918,8.361921212207562,0.007981010000000045,1,0.009621059667636102,take_profit
2021-08-05 22:00:00+00:00,2021-08-06 00:00:00+00:00,2825.68,2808.9058144721116,2836.9948726168327,0.5751425699921843,1617.1384474489287,1630.0448455694032,12.906398120474478,0.007981010000000064,3,0.02112057982503321,take_profit
2021-08-06 01:00:00+00:00,2021-08-06 01:00:00+00:00,2777.58,2777.58,2805.3558,0.3772139125819235,1048.7906099192182,1057.1610182648894,8.370408345671194,0.007981009999999823,1,0.0005472389634141885,take_profit
2021-08-06 02:00:00+00:00,2021-08-06 15:00:00+00:00,2807.47,2768.869345327252,2796.558038780525,0.8580502936129606,2378.207362096071,2397.1878588350332,18.9804967389623,0.007981009999999974,4,0.03113479396039846,take_profit
2021-08-06 16:00:00+00:00,2021-08-06 16:00:00+00:00,2838.27,2838.27,2866.6527,0.3696293858647263,1050.1581551734503,1058.539477911471,8.381322738020799,0.007981009999999943,1,0.00045097894139747104,take_profit
2021-08-06 17:00:00+00:00,2021-08-06 17:00:00+00:00,2860.99,2860.99,2889.5998999999997,0.3668403748664068,1050.5772213103514,1058.9618886194016,8.3846673090502,0.00798101000000007,1,5.592469739490683e-05,take_profit
2021-08-06 18:00:00+00:00,2021-08-06 19:00:00+00:00,2912.86,2912.86,2941.9886,0.36045174097660987,1050.9964546758038,1059.3844678905357,8.388013214731927,0.0079810099999998,1,0.0037385936845575575,take_profit
2021-08-06 20:00:00+00:00,2021-08-07 04:00:00+00:00,2929.15,2911.7615818001277,2940.879197618129,0.5565573390987733,1622.1844625192334,1635.1311329364441,12.946670417210726,0.007981010000000061,3,0.021729853370431724,take_profit
2021-08-07 05:00:00+00:00,2021-08-07 09:00:00+00:00,2956.78,2956.78,2986.3478,0.3554580069090508,1052.0631888574007,1060.4597156883035,8.396526830902758,0.007981009999999957,1,0.005675092499272925,take_profit
2021-08-07 10:00:00+00:00,2021-08-07 10:00:00+00:00,3043.02,3043.02,3073.4502,0.34552205775306993,1052.4830151989458,1060.882892668079,8.399877469133116,0.007981010000000168,1,0.002122891075313352,take_profit
2021-08-07 11:00:00+00:00,2021-08-07 11:00:00+00:00,3069.99,3069.99,3100.6899,0.3426233004222588,1052.9030090724027,1061.3062385168396,8.403229444436874,0.007981009999999941,1,0.004576562138638799,take_profit
2021-08-07 12:00:00+00:00,2021-08-07 12:00:00+00:00,3105.44,3100.641028060187,3131.647438340789,0.40078182879437024,1243.9245061669849,1253.8522800899489,9.92777392296398,0.00798101000000017,2,0.01205626255860685,take_profit
2021-08-07 13:00:00+00:00,2021-08-07 13:00:00+00:00,3092.0,3087.2217974786504,3118.094015453437,0.4027136009072563,1244.510717579579,1254.4431700616888,9.932452482109738,0.007981009999999953,2,0.012490297542043949,take_profit
2021-08-07 14:00:00+00:00,2021-08-07 14:00:00+00:00,3057.16,3057.16,3087.7316,0.3445229774310188,1054.3161818648782,1062.7306898555037,8.414507990625452,0.007981010000000038,1,8.831726177235794e-05,take_profit
2021-08-07 15:00:00+00:00,2021-08-07 16:00:00+00:00,3083.01,3064.7082171638913,3095.35529933553,0.5304521499737282,1627.3083712079456,1640.29593559164,12.987564383694462,0.007981010000000083,3,0.029107917262675188,take_profit
2021-08-07 17:00:00+00:00,2021-08-07 21:00:00+00:00,3090.24,3085.464517283449,3116.3191624562833,0.40354202057585675,1246.3609466663397,1256.3081658452932,9.947219178953446,0.007981009999999938,2,0.01981399502951213,take_profit
2021-08-07 22:00:00+00:00,2021-08-07 22:00:00+00:00,3071.28,3071.28,3101.9928000000004,0.34344890820638274,1055.8836464425417,1064.3106643836363,8.427017941094618,0.007981010000000217,1,0.00267315256179835,take_profit
2021-08-07 23:00:00+00:00,2021-08-07 23:00:00+00:00,3087.81,3087.81,3118.6881,0.34174663996238663,1056.3049973395966,1064.735378086414,8.430380746817264,0.00798100999999997,1,0.0,take_profit
2021-08-08 00:00:00+00:00,2021-08-08 06:00:00+00:00,3160.48,3141.7183292244054,3173.135512516649,0.5184257483028254,1630.3780538387034,1643.3901173901704,13.012063551467008,0.007981009999999863,3,0.027821723282539308,take_profit
2021-08-08 07:00:00+00:00,2021-08-09 10:00:00+00:00,3167.25,3046.4870263227,3076.951896585927,1.413352637553381,4310.070544469814,4344.469260585934,34.39871611611943,0.007981010000000092,7,0.08651669429315652,take_profit
2021-08-09 11:00:00+00:00,2021-08-09 11:00:00+00:00,3101.23,3101.2300000000005,3132.2423000000003,0.34116720085416313,1059.0970553603167,1067.549719550118,8.452664189801226,0.007981009999999985,1,0.0038178400183153604,take_profit
2021-08-09 12:00:00+00:00,2021-08-09 15:00:00+00:00,3133.41,3128.567804798699,3159.853482846686,0.39954098315090986,1251.2422988824383,1261.228476182242,9.986177299803785,0.007981010000000045,2,0.01699426503394066,take_profit
2021-08-09 16:00:00+00:00,2021-08-09 20:00:00+00:00,3166.62,3123.081296078029,3154.3121090388095,0.7685701364244549,2402.7097275188726,2421.8857778812985,19.17605036242594,0.007981010000000226,4,0.03145941098079337,take_profit
2021-08-09 21:00:00+00:00,2021-08-09 21:00:00+00:00,3070.58,3065.834898739325,3096.4932477267184,0.40827746309748475,1252.9642589920177,1262.9641792726757,9.999920280657989,0.007981010000000085,2,0.01118029818470775,take_profit
2021-08-09 22:00:00+00:00,2021-08-09 22:00:00+00:00,3097.96,3097.96,3128.9396,0.34229503226994035,1061.4777959669514,1069.9494608713417,8.471664904390309,0.007981010000000104,1,0.0031440044416326347,take_profit
2021-08-09 23:00:00+00:00,2021-08-09 23:00:00+00:00,3146.01,3146.01,3177.4701000000005,0.3372015593825063,1061.901379212171,1070.376424738677,8.475045526506165,0.007981010000000035,1,0.0024539019265673837,take_profit
2021-08-10 00:00:00+00:00,2021-08-10 00:00:00+00:00,3160.51,3141.74815113433,3173.165632645673,0.5211674591565686,1639.0159171536795,1652.0969195786422,13.081002424962662,0.007981009999999985,3,0.02155981154940194,take_profit
2021-08-10 01:00:00+00:00,2021-08-10 08:00:00+00:00,3122.79,3117.964216348109,3149.14385851159,0.40220874282458524,1255.3277954248408,1265.3465791134047,10.018783688563872,0.00798101000000021,2,0.010685957108867356,take_profit
2021-08-10 09:00:00+00:00,2021-08-10 13:00:00+00:00,3163.65,3158.7610736071574,3190.348684343229,0.3972011279516906,1255.9193807474035,1265.9428858843423,10.023505136938866,0.007981010000000024,2,0.016395618984400895,take_profit
2021-08-10 14:00:00+00:00,2021-08-10 19:00:00+00:00,3163.28,3111.109293265506,3142.220386198161,0.8980571947590315,2796.7508353341077,2819.071731718417,22.320896384309435,0.007981009999999846,5,0.035425254798816544,take_profit
2021-08-10 20:00:00+00:00,2021-08-10 21:00:00+00:00,3142.83,3142.83,3174.2583,0.33855863776576045,1065.097340870235,1073.597893398694,8.500552528458911,0.007981010000000148,1,0.0028032060276884036,take_profit
2021-08-10 22:00:00+00:00,2021-08-11 06:00:00+00:00,3168.96,3164.062867832452,3195.7034965107764,0.3972970510909206,1258.3311780341487,1268.373931749351,10.042753715202252,0.007981009999999945,2,0.015364662223568632,take_profit
2021-08-11 07:00:00+00:00,2021-08-11 07:00:00+00:00,3197.12,3197.12,3229.0912,0.3330993149072402,1066.0245061824182,1074.5324584265052,8.507952244086937,0.007981009999999995,1,3.1278150334562142e-06,take_profit
2021-08-11 08:00:00+00:00,2021-08-11 14:00:00+00:00,3231.75,3231.75,3264.0675,0.32966146944869745,1066.4499037946225,1074.9612511413065,8.511347346684033,0.007981010000000106,1,0.008571207550088904,take_profit
2021-08-11 15:00:00+00:00,2021-08-12 01:00:00+00:00,3255.87,3202.172243577668,3234.1939660134444,0.8748917328159052,2804.35838134,2826.739993625059,22.381612285058964,0.007981010000000217,5,0.033404282112000715,take_profit
2021-08-12 02:00:00+00:00,2021-08-13 06:00:00+00:00,3227.53,3137.8788306839124,3169.2576189907513,1.1398605430691573,3580.324592621197,3608.899198998153,28.574606376956126,0.007981010000000118,6,0.07691330522102048,take_profit
2021-08-13 07:00:00+00:00,2021-08-13 07:00:00+00:00,3184.53,3184.53,3216.3753,0.33548242874551737,1069.4232820950576,1077.9583600036908,8.535077908633184,0.007981009999999728,1,0.0,take_profit
2021-08-13 08:00:00+00:00,2021-08-13 10:00:00+00:00,3222.99,3222.9899999999993,3255.219899999999,0.33161138754836317,1069.8500359904892,1078.3885198262296,8.538483835740408,0.007981009999999957,1,0.002035377087735285,take_profit
2021-08-13 11:00:00+00:00,2021-08-13 20:00:00+00:00,3235.56,3230.5599479463194,3262.8655474257826,0.39085551688462616,1263.9461244057354,1274.0336910640788,10.087566658343349,0.007981009999999945,2,0.017329303119089173,take_profit
2021-08-13 21:00:00+00:00,2021-08-13 23:00:00+00:00,3280.91,3280.91,3313.7191,0.3260408109874024,1070.7813385151935,1079.3272550856966,8.545916570503095,0.007981009999999953,1,0.003258242377876886,take_profit
2021-08-14 00:00:00+00:00,2021-08-15 22:00:00+00:00,3322.33,3267.5361454865797,3300.2115069414454,0.8608726993732333,2815.748410274917,2838.2209264948046,22.47251621988744,0.007981009999999724,5,0.06356984405522625,take_profit
2021-08-15 23:00:00+00:00,2021-08-17 12:00:00+00:00,3302.0,3247.541440012488,3280.0168544126127,0.8670815418528721,2818.7019409781024,2841.1980293560687,22.496088377966316,0.007981010000000238,5,0.05644155057540881,take_profit
2021-08-17 13:00:00+00:00,2021-08-19 19:00:00+00:00,3240.07,3116.530497869569,3147.6958028482645,1.4025981297918515,4375.615463214339,4410.537293982407,34.9218307680685,0.007981010000000052,7,0.08952584357745362,take_profit
2021-08-19 20:00:00+00:00,2021-08-19 23:00:00+00:00,3147.59,3147.59,3179.0659,0.34125408739889973,1075.2031561120148,1083.7843632529764,8.581207140961624,0.007981010000000068,1,0.001772784892568577,take_profit
2021-08-20 00:00:00+00:00,2021-08-20 00:00:00+00:00,3184.11,3184.11,3215.9511,0.33747470541300195,1075.6322164690628,1084.2168479450245,8.584631475961714,0.007981009999999962,1,0.002182713536906788,take_profit
2021-08-20 01:00:00+00:00,2021-08-20 13:00:00+00:00,3229.66,3224.66906547377,3256.915756128508,0.3936858406280055,1270.777329117283,1280.9194156887415,10.142086571458549,0.007981010000000175,2,0.01288061281992529,take_profit
2021-08-20 14:00:00+00:00,2021-08-20 14:00:00+00:00,3259.64,3259.64,3292.2364,0.3299419518164774,1076.5685523714337,1085.1606567535957,8.592104382162006,0.007981010000000064,1,0.0028837540341878523,take_profit
2021-08-20 15:00:00+00:00,2021-08-23 01:00:00+00:00,3281.66,3227.5368994643786,3259.8122684590226,0.8762519863212838,2830.9665856665665,2853.5605582964367,22.593972629870223,0.007981009999999823,5,0.04730532718197491,take_profit
2021-08-23 02:00:00+00:00,2021-08-23 02:00:00+00:00,3259.99,3259.9899999999993,3292.5898999999995,0.3303843657084266,1078.1278562220355,1086.7324054238222,8.604549201786767,0.00798101000000013,1,0.0020460185460690426,take_profit
2021-08-23 03:00:00+00:00,2021-08-23 03:00:00+00:00,3295.75,3295.75,3328.7075,0.326929993354606,1078.5580836821248,1087.1660665335726,8.607982851447787,0.007981009999999919,1,0.0,take_profit
2021-08-23 04:00:00+00:00,2021-08-23 14:00:00+00:00,3340.22,3335.0582122814153,3368.4087944042294,0.3816904242050447,1274.2340178120235,1284.4036922505213,10.16967443849785,0.00798100999999993,2,0.013065007694103944,take_profit
2021-08-23 15:00:00+00:00,2021-08-23 16:00:00+00:00,3310.73,3310.73,3343.8373,0.32573404342247037,1079.496966546622,1088.1124426316003,8.615476084978354,0.007981010000000092,1,0.0032409770654810324,take_profit
2021-08-23 17:00:00+00:00,2021-08-27 20:00:00+00:00,3351.32,3223.538685312429,3255.7740721655537,1.3642116966236153,4401.991170192119,4437.123505741334,35.132335549214986,0.007981009999999995,7,0.08892615447047729,take_profit
2021-08-27 21:00:00+00:00,2021-08-29 20:00:00+00:00,3262.4,3208.5945469099756,3240.6804923790755,0.885260281334013,2843.284595880185,2865.9768786727514,22.692282792566402,0.007981010000000241,5,0.033735899950956334,take_profit
2021-08-29 21:00:00+00:00,2021-08-30 16:00:00+00:00,3235.99,3216.780076503216,3248.9478772682482,0.5188307281087093,1670.6349842419952,1683.9683387575806,13.33335451558537,0.007981010000000097,3,0.028736182744693212,take_profit
2021-08-30 17:00:00+00:00,2021-08-30 18:00:00+00:00,3268.61,3268.61,3301.2961,0.33115059715131057,1083.485638993739,1092.1329487134044,8.647309719665373,0.007981009999999955,1,0.003937453535294925,take_profit
2021-08-30 19:00:00+00:00,2021-08-31 07:00:00+00:00,3323.76,3268.942561070837,3301.6319866815456,0.8707117633353811,2849.1558974895556,2871.8950391989783,22.73914170942271,0.007981009999999856,5,0.040613642380918066,take_profit
2021-08-31 08:00:00+00:00,2021-08-31 11:00:00+00:00,3358.11,3352.9205660837742,3386.449771744612,0.38179158046069284,1281.3982403246096,1291.6250924946228,10.226852170013217,0.007981010000000082,2,0.01424908653975001,take_profit
2021-08-31 12:00:00+00:00,2021-08-31 14:00:00+00:00,3429.9,3424.599625864172,3458.845622122814,0.3739765956322047,1282.0021115956006,1292.2337832682663,10.231671672665698,0.007981010000000073,2,0.01710253943263661,take_profit
2021-08-31 15:00:00+00:00,2021-08-31 16:00:00+00:00,3377.58,3377.5800000000004,3411.3558000000003,0.3212334896196597,1086.0778877573275,1094.7458862402978,8.667998482970233,0.007981010000000115,1,0.0037245601880636216,take_profit
2021-08-31 17:00:00+00:00,2021-08-31 18:00:00+00:00,3386.83,3381.596183814559,3415.4121456527046,0.3790621068719691,1283.1180921190764,1293.3586704434595,10.240578324383023,0.007981009999999808,2,0.014119397784949262,take_profit
2021-08-31 19:00:00+00:00,2021-08-31 23:00:00+00:00,3413.1,3407.82558763725,3441.9038435136226,0.37632179761936385,1283.7227738868019,1293.9681781824202,10.2454042956183,0.007981009999999997,2,0.012331897688318447,take_profit
2021-09-01 00:00:00+00:00,2021-09-01 04:00:00+00:00,3429.19,3423.890723058154,3458.1296302887354,0.37473258250778274,1284.327740616638,1294.577973157777,10.250232541138985,0.007981010000000148,2,0.013697112146017064,take_profit
2021-09-01 05:00:00+00:00,2021-09-01 05:00:00+00:00,3461.0,3461.0,3495.61,0.3140595349150805,1088.048098439533,1096.7318211936602,8.683722754127075,0.007981010000000163,1,0.0018751805836462819,take_profit
2021-09-01 06:00:00+00:00,2021-09-01 14:00:00+00:00,3525.84,3525.84,3561.0984000000003,0.30840701855236263,1088.4822845772394,1097.1694725752734,8.687187998034005,0.007981010000000194,1,0.007277698364077868,take_profit
2021-09-01 15:00:00+00:00,2021-09-01 15:00:00+00:00,3529.5,3529.5,3564.795,0.3082101508239592,1088.9166439771411,1097.6072986018892,8.69065462474805,0.007981010000000042,1,2.8332625018326332e-06,take_profit
2021-09-01 16:00:00+00:00,2021-09-01 16:00:00+00:00,3580.56,3580.56,3616.3656,0.30393620705467034,1089.3511767083787,1098.0452993432002,8.694122634821497,0.007981010000000146,1,0.0013098509730321665,take_profit
2021-09-01 17:00:00+00:00,2021-09-01 21:00:00+00:00,3741.58,3735.7979731598216,3773.15595289142,0.3441562571296625,1286.9852330683318,1297.2566750833025,10.271442014970717,0.007981010000000023,2,0.0160066068345458,take_profit
2021-09-01 22:00:00+00:00,2021-09-01 23:00:00+00:00,3768.7,3768.6999999999994,3806.3869999999993,0.289014555545925,1090.2994549408681,1099.0011457937458,8.701690852877618,0.00798101,1,0.004492265237349706,take_profit
2021-09-02 00:00:00+00:00,2021-09-03 03:00:00+00:00,3826.82,3774.2040299932805,3811.9460702932133,0.6544053452274179,2472.3316228292933,2492.063326234411,19.731703405117514,0.007981010000000281,4,0.03182015354785435,take_profit
2021-09-03 04:00:00+00:00,2021-09-03 08:00:00+00:00,3806.83,3806.83,3844.8983,0.2864928046508813,1091.7211246537681,1100.434161866841,8.713037213072766,0.007981009999999813,1,0.0073394399014403205,take_profit
2021-09-03 09:00:00+00:00,2021-09-03 09:00:00+00:00,3890.18,3890.18,3929.0818,0.2804663588157636,1092.1567765144216,1100.8732906693508,8.7165141549292,0.00798100999999985,1,0.0033905886102956815,take_profit
2021-09-03 10:00:00+00:00,2021-09-03 14:00:00+00:00,3966.62,3960.4902090280593,4000.09511111834,0.3254671687438805,1290.2998350052271,1300.597730891402,10.297895886174956,0.007981009999999913,2,0.011180803807775867,take_profit
2021-09-03 15:00:00+00:00,2021-09-05 10:00:00+00:00,3979.37,3913.7398486197726,3952.8772471059706,0.7334258113481963,2873.3111350147387,2896.2430599164027,22.931924901663933,0.007981009999999985,5,0.0375360923965351,take_profit
2021-09-05 11:00:00+00:00,2021-09-05 20:00:00+00:00,3920.09,3920.09,3959.2909,0.27886090349157766,1094.2540932615602,1102.9873461224217,8.733252860861512,0.007981010000000061,1,0.005124882336885159,take_profit
2021-09-05 21:00:00+00:00,2021-09-16 00:00:00+00:00,3966.81,3583.1427929430233,3618.9742208724538,2.569542404679823,9216.253602092087,9289.808614252921,73.55501216083394,0.007981010000000106,10,0.24246434792692365,take_profit
2021-09-16 01:00:00+00:00,2021-09-16 04:00:00+00:00,3580.49,3574.9569125660837,3610.7064816917446,0.3624725594513963,1297.120902929219,1307.4732378267063,10.352334897487253,0.007981010000000097,2,0.015564908713611703,take_profit
2021-09-16 05:00:00+00:00,2021-09-23 17:00:00+00:00,3650.59,3133.6257062733944,3164.9619633361285,3.963676462561452,12433.111565999357,12532.340353738715,99.22878773935736,0.007981010000000066,11,0.27354208497804466,take_profit
2021-09-23 18:00:00+00:00,2021-09-26 09:00:00+00:00,3162.4,2987.9897945722964,3017.8696925180193,2.0386101206754947,6097.443679369548,6146.10743834903,48.663758979482736,0.007981009999999603,8,0.13578294965848725,take_profit
2021-09-26 10:00:00+00:00,2021-09-26 10:00:00+00:00,2981.19,2976.5830370069134,3006.3488673769825,0.43847539453867046,1306.4648864151354,1316.8917957382635,10.42690932312803,0.007981009999999976,2,0.01674163672895718,take_profit
2021-09-26 11:00:00+00:00,2021-09-26 11:00:00+00:00,2952.56,2952.56,2982.0856,0.3744869855188576,1106.802096059618,1115.6354946562906,8.833398596672623,0.007981009999999867,1,0.0,take_profit
2021-09-26 12:00:00+00:00,2021-09-26 12:00:00+00:00,2974.62,2974.62,3004.3662,0.3718580935458855,1107.2437659894515,1116.080689558251,8.83692356879942,0.007981009999999953,1,0.0,take_profit
2021-09-26 13:00:00+00:00,2021-09-26 14:00:00+00:00,3010.55,3010.55,3040.6555000000003,0.3675666992927284,1107.6856121678913,1116.5260621154594,8.840449947568004,0.007981009999999946,1,0.009815482220856713,take_profit
2021-09-26 15:00:00+00:00,2021-09-26 16:00:00+00:00,3030.23,3030.23,3060.5323,0.36532524165842345,1108.1276346652699,1116.9716123988096,8.84397773353976,0.007981009999999905,1,0.004824716275662207,take_profit
2021-09-26 17:00:00+00:00,2021-09-26 19:00:00+00:00,3035.85,3035.85,3066.2084999999997,0.364794460766637,1108.5698335519469,1117.4173404792234,8.847506927276527,0.007981010000000094,1,0.0018907390022562978,take_profit
2021-09-26 20:00:00+00:00,2021-09-26 20:00:00+00:00,3057.67,3057.67,3088.2467,0.36233576438576176,1109.0122088983105,1117.86324642765,8.851037529339465,0.007981009999999964,1,0.0,take_profit
2021-09-26 21:00:00+00:00,2021-09-26 22:00:00+00:00,3087.57,3069.2411474723453,3099.933558947069,0.5571469917064564,1711.7302023382279,1725.391538200391,13.661335862163241,0.007981009999999896,3,0.023730636066550712,take_profit
2021-09-26 23:00:00+00:00,2021-09-26 23:00:00+00:00,3018.8,3018.8,3048.9880000000003,0.3673736881344632,1110.1378275678856,1118.9978486710831,8.860021103197596,0.007981010000000023,1,0.002583808135683113,take_profit
2021-09-27 00:00:00+00:00,2021-09-27 00:00:00+00:00,3059.36,3054.6322374949173,3085.1785598698666,0.42893265992739044,1311.5430738024534,1322.0105121899019,10.46743838744851,0.007981010000000299,2,0.010479315935359012,take_profit
2021-09-27 01:00:00+00:00,2021-09-27 14:00:00+00:00,3137.01,3093.8784118744084,3124.8171959931524,0.813213713264173,2518.502854562813,2538.6030510301075,20.10019646729461,0.0079810100000001,4,0.0325182259540136,take_profit
2021-09-27 15:00:00+00:00,2021-09-30 01:00:00+00:00,3052.09,2935.717921909937,2965.0751011290363,1.5425990927148296,4533.168971776711,4569.348238672151,36.17926689543947,0.00798100999999996,7,0.08849345858084137,take_profit
2021-09-30 02:00:00+00:00,2021-09-30 02:00:00+00:00,2961.08,2961.08,2990.6908,0.3758102636662446,1113.9181737105541,1122.8083657941197,8.89019208356558,0.00798100999999992,1,0.001367744201439923,take_profit
2021-09-30 03:00:00+00:00,2021-09-30 03:00:00+00:00,2990.87,2990.87,3020.7787,0.3722155495328843,1114.3626833147325,1123.2564230338942,8.893739719161658,0.00798100999999995,1,0.006235643809326414,take_profit
2021-09-30 04:00:00+00:00,2021-09-30 18:00:00+00:00,3027.45,3009.4780399845677,3039.5728203844133,0.5709523388556912,1719.9885141782083,1733.7157597097498,13.727245531541485,0.007981010000000037,3,0.028248195676229167,take_profit
2021-09-30 19:00:00+00:00,2021-10-01 07:00:00+00:00,3036.82,3018.79241651751,3048.980340682685,0.5695411238741334,1721.047473119213,1734.7831702126518,13.73569709343883,0.007981009999999802,3,0.026712152844093603,take_profit
2021-10-01 08:00:00+00:00,2021-10-01 08:00:00+00:00,3091.46,3091.46,3122.3746,0.3606918209889528,1116.18051743194,1125.0887653033694,8.908247871429467,0.007981009999999981,1,3.2347175768789758e-06,take_profit
2021-10-01 09:00:00+00:00,2021-10-01 10:00:00+00:00,3120.82,3120.82,3152.0282,0.3574410904492043,1116.6259298255113,1125.5377325377083,8.911802712196959,0.007981010000000227,1,0.004944213379816936,take_profit
2021-10-01 11:00:00+00:00,2021-10-01 11:00:00+00:00,3205.78,3205.78,3237.8378000000002,0.34810699687475744,1117.071519961121,1125.986878932646,8.915358971524938,0.007981010000000028,1,0.0018029933432737741,take_profit
2021-10-01 12:00:00+00:00,2021-10-01 12:00:00+00:00,3235.48,3235.48,3267.8348,0.3450491953656915,1117.5172879096974,1126.4362045596774,8.91891664998002,0.007981009999999861,1,0.005402598687057258,take_profit
2021-10-01 13:00:00+00:00,2021-10-01 16:00:00+00:00,3221.69,3216.7113818625457,3248.8784956811714,0.4100277969603445,1320.26134270507,1330.7983616838128,10.537018978742708,0.007981010000000089,2,0.014051631286684933,take_profit
2021-10-01 17:00:00+00:00,2021-10-01 19:00:00+00:00,3276.55,3276.55,3309.3155,0.3410207671503388,1118.4900846911337,1127.4167652419546,8.926680550820947,0.007981010000000146,1,0.006738795379286256,take_profit
2021-10-01 20:00:00+00:00,2021-10-02 01:00:00+00:00,3297.64,3297.64,3330.6164,0.3389749888708155,1118.9364187186748,1127.8666614658327,8.93024274715799,0.007981010000000054,1,0.008205868439247446,take_profit
2021-10-02 02:00:00+00:00,2021-10-02 13:00:00+00:00,3296.34,3291.2460219601467,3324.1584821797483,0.4012510734970774,1321.9379373918862,1332.4883372895904,10.55039989770421,0.007981010000000146,2,0.01193444850955913,take_profit
2021-10-02 14:00:00+00:00,2021-10-02 14:00:00+00:00,3314.94,3314.9399999999996,3348.0894,0.3374994842742453,1119.9104508509176,1128.8484673582634,8.938016507345765,0.007981010000000073,1,0.00035294756466182575,take_profit
2021-10-02 15:00:00+00:00,2021-10-02 16:00:00+00:00,3367.71,3367.71,3401.3871,0.33234363835502717,1120.357351676285,1129.2989349035868,8.941583227301862,0.007981009999999926,1,0.0031623863099851505,take_profit
2021-10-02 17:00:00+00:00,2021-10-02 20:00:00+00:00,3433.99,3433.99,3468.3298999999997,0.3260590818280812,1120.80443083765,1129.7495822082099,8.94515137055987,0.007981010000000247,1,0.0065870896537263916,take_profit
2021-10-02 21:00:00+00:00,2021-10-02 22:00:00+00:00,3426.29,3426.29,3460.5529,0.326922250223353,1121.2516884061781,1130.2004093438647,8.94872093768663,0.007981010000000035,1,0.0012520831570007104,take_profit
2021-10-02 23:00:00+00:00,2021-10-03 13:00:00+00:00,3422.91,3402.590456603272,3436.6163611693046,0.5081101904102275,1730.6215062990104,1744.4336138469978,13.812107547987353,0.007981009999999934,3,0.023488785857647337,take_profit
2021-10-03 14:00:00+00:00,2021-10-03 17:00:00+00:00,3437.06,3431.7485612037412,3466.0660468157785,0.38585674660019736,1325.4888237997839,1336.0675633574178,10.57873955763398,0.007981009999999749,2,0.012714354710130117,take_profit
2021-10-03 18:00:00+00:00,2021-10-05 09:00:00+00:00,3464.7,3407.558094249323,3441.633675191816,0.8653470229118266,2951.671924181931,2975.2292473255466,23.557323143615577,0.007981010000000116,5,0.05619534158801623,take_profit
2021-10-05 10:00:00+00:00,2021-10-05 19:00:00+00:00,3450.47,3445.1378381455875,3479.5892165270434,0.38494162929131676,1327.504477025953,1338.099303532142,10.594826506188838,0.007981009999999952,2,0.012557709529426406,take_profit
2021-10-05 20:00:00+00:00,2021-10-05 20:00:00+00:00,3490.54,3490.5400000000004,3525.4454000000005,0.32187044068154014,1124.626274290834,1133.601927832212,8.975653541377824,0.007981009999999941,1,0.00041540850412824894,take_profit
2021-10-05 21:00:00+00:00,2021-10-06 13:00:00+00:00,3524.39,3466.2636510495486,3500.926287560044,0.8523248970688947,2957.340149744202,2980.9427110527117,23.60256130850985,0.007981009999999959,5,0.05175079942912103,take_profit
2021-10-06 14:00:00+00:00,2021-10-06 15:00:00+00:00,3580.43,3580.4300000000003,3616.2343000000005,0.3142440795793508,1126.2551850333284,1135.2438389276313,8.988653894302843,0.007981009999999998,1,0.009331281438262961,take_profit
2021-10-06 16:00:00+00:00,2021-10-07 07:00:00+00:00,3613.01,3553.422076977444,3588.9562977472183,0.8326232794583974,2961.623566599428,2985.2603139006947,23.636747301266496,0.007981010000000267,5,0.039360533184242506,take_profit
2021-10-07 08:00:00+00:00,2021-10-07 13:00:00+00:00,3611.4,3589.96151665602,3625.8611318225803,0.48424683602679985,1740.1676735722217,1754.0559691766784,13.888295604456744,0.007981010000000061,3,0.02137952040759817,take_profit
2021-10-07 14:00:00+00:00,2021-10-07 14:00:00+00:00,3630.06,3580.149335771582,3615.950829129298,0.7138133865553967,2558.1166383795467,2578.5329928516207,20.41635447207409,0.007981010000000214,4,0.030319058087194137,take_profit
2021-10-07 15:00:00+00:00,2021-10-07 15:00:00+00:00,3561.88,3561.88,3597.4988000000003,0.3168192319531642,1129.6016875969335,1138.6170499616615,9.015362364727935,0.00798100999999994,1,0.0024930654598133875,take_profit
2021-10-07 16:00:00+00:00,2021-10-07 17:00:00+00:00,3584.8,3584.7999999999997,3620.6479999999997,0.3149192153703009,1130.0524557151698,1139.071415664757,9.01895994958727,0.00798100999999995,1,0.008095291229636236,take_profit
2021-10-07 18:00:00+00:00,2021-10-07 21:00:00+00:00,3609.77,3609.77,3645.8677000000002,0.312865612022078,1130.5034037126493,1139.525962682714,9.022558970064665,0.007981009999999978,1,0.007391052615540557,take_profit
2021-10-07 22:00:00+00:00,2021-10-08 08:00:00+00:00,3634.51,3612.934327934173,3649.0636712135147,0.48247662922214163,1744.9012774200635,1758.8273519641657,13.926074544102221,0.007981009999999953,3,0.024052760894866177,take_profit
2021-10-08 09:00:00+00:00,2021-10-11 08:00:00+00:00,3662.22,3560.494437327379,3596.0993817006524,1.0644395174063137,3793.7247053019214,3824.0024601121827,30.277754810261285,0.007981009999999894,6,0.0795200725243158,take_profit
2021-10-11 09:00:00+00:00,2021-10-13 20:00:00+00:00,3601.72,3542.31827841362,3577.7414611977565,0.840022148433007,2978.604415081602,3002.3766867044124,23.772271622810422,0.007981010000000002,5,0.05511533378496934,take_profit
2021-10-13 21:00:00+00:00,2021-10-13 23:00:00+00:00,3573.63,3573.63,3609.3663,0.31710585129778435,1134.3533367100113,1143.406622033827,9.053285323815771,0.007981009999999827,1,0.0016761668107779027,take_profit
2021-10-14 00:00:00+00:00,2021-10-14 01:00:00+00:00,3607.41,3607.41,3643.4840999999997,0.3142618097125711,1134.8060009762023,1143.8628990180534,9.056898041851127,0.007981010000000042,1,0.0059239177138168085,take_profit
2021-10-14 02:00:00+00:00,2021-10-14 11:00:00+00:00,3645.15,3645.1499999999996,3681.6014999999998,0.3111322132237128,1135.258845878295,1144.3193580798381,9.060512201543133,0.007981010000000002,1,0.008819938822819387,take_profit
2021-10-14 12:00:00+00:00,2021-10-14 13:00:00+00:00,3735.74,3735.74,3773.0973999999997,0.30370854492466925,1135.7118714883723,1144.7759992918395,9.064127803467272,0.007981009999999875,1,0.0042026479358841405,take_profit
2021-10-14 14:00:00+00:00,2021-10-14 14:00:00+00:00,3767.98,3767.98,3805.6598,0.30123007892840914,1136.1650778785456,1145.2328227267449,9.067744848199254,0.007981009999999827,1,2.6539418999618573e-06,take_profit
2021-10-14 15:00:00+00:00,2021-10-15 02:00:00+00:00,3792.87,3787.0087124847496,3824.878799609597,0.3540921323776368,1342.2922826190331,1353.0051307495382,10.712848130505108,0.007981009999999835,2,0.01549486272927888,take_profit
2021-10-15 03:00:00+00:00,2021-10-15 16:00:00+00:00,3830.52,3807.7807467412135,3845.8585542086257,0.4602974770779006,1754.466337328113,1768.4687507109923,14.00241338287924,0.007981010000000113,3,0.022584401073483435,take_profit
2021-10-15 17:00:00+00:00,2021-10-15 20:00:00+00:00,3862.44,3862.44,3901.0644,0.29430007300266886,1137.854228196625,1146.9354541704045,9.08122597377951,0.007981009999999969,1,0.007622124874431721,take_profit
2021-10-15 21:00:00+00:00,2021-10-16 08:00:00+00:00,3881.37,3875.3719495729965,3914.1256690687264,0.34653282686854253,1344.2878847373229,1355.01665978829,10.728775050967215,0.007981009999999846,2,0.015587279749160734,take_profit
2021-10-16 09:00:00+00:00,2021-10-17 07:00:00+00:00,3940.63,3875.6387718826195,3914.395159601446,0.7716253643743466,2993.5347142515225,3017.426144741312,23.8914304897894,0.007981010000000286,5,0.03478377822835439,take_profit
2021-10-17 08:00:00+00:00,2021-10-17 23:00:00+00:00,3877.47,3813.520444398915,3851.655648842904,0.7850169154058939,2996.67473083018,3020.591221823683,23.916490993502975,0.00798101,5,0.061243542825605304,take_profit
2021-10-18 00:00:00+00:00,2021-10-18 00:00:00+00:00,3847.0,3847.0000000000005,3885.4700000000007,0.296359212164727,1141.2351243220269,1150.3433332615923,9.10820893956543,0.007981010000000078,1,0.00229269560696651,take_profit
2021-10-18 01:00:00+00:00,2021-10-19 13:00:00+00:00,3876.2,3812.271389998911,3850.3941038989005,0.7864115111818243,3001.0151199642414,3024.9662516468275,23.951131682586038,0.007981010000000077,5,0.05164852174810377,take_profit
2021-10-19 14:00:00+00:00,2021-10-19 22:00:00+00:00,3809.4,3803.513167954453,3841.5482996339974,0.35450034131421393,1349.6964126456064,1360.468353211895,10.77194056628855,0.00798100999999988,2,0.01781120386412556,take_profit
2021-10-19 23:00:00+00:00,2021-10-20 12:00:00+00:00,3878.45,3872.456461976413,3911.181026596177,0.3483530804966081,1350.3324700885682,1361.1094870356696,10.777016947101401,0.007981009999999879,2,0.01299488197604704,take_profit
2021-10-20 13:00:00+00:00,2021-10-20 13:00:00+00:00,3933.5,3933.5000000000005,3972.8350000000005,0.29053554688943056,1143.965539228804,1153.0955396370446,9.130000408240676,0.007981010000000175,1,0.0013779077157747737,take_profit
2021-10-20 14:00:00+00:00,2021-10-20 14:00:00+00:00,3999.99,3999.99,4039.9899,0.2858201188527888,1144.422039249216,1153.555682988684,9.133643739468198,0.007981009999999837,1,0.002497506243765555,take_profit
2021-10-20 15:00:00+00:00,2021-10-20 16:00:00+00:00,4048.63,4042.3734753965023,4082.7972101504674,0.33413419441589787,1352.0472519817854,1362.8379546203246,10.790702638539187,0.007981010000000028,2,0.012011470546826978,take_profit
2021-10-20 17:00:00+00:00,2021-10-20 18:00:00+00:00,4077.09,4077.0900000000006,4117.860900000001,0.2806592050485881,1145.4182565681162,1154.559851127969,9.14159455985282,0.007981010000000103,1,0.005756556759845933,take_profit
2021-10-20 19:00:00+00:00,2021-10-20 23:00:00+00:00,4122.38,4116.009506303376,4157.16960136641,0.32844214290480434,1353.2242066734998,1364.0243025992033,10.800095925703545,0.007981010000000205,2,0.013024029808023533,take_profit
2021-10-21 00:00:00+00:00,2021-10-21 00:00:00+00:00,4161.37,4161.37,4202.9837,0.27521439471887904,1146.415341092394,1155.5648933938057,9.149552301411632,0.007981009999999846,1,0.006065310222354605,take_profit
2021-10-21 01:00:00+00:00,2021-10-21 01:00:00+00:00,4187.8,4187.8,4229.678,0.27358659579940714,1146.8728187074646,1156.0260221422973,9.153203434832676,0.007981010000000186,1,0.004594297721954196,take_profit
2021-10-21 02:00:00+00:00,2021-10-21 09:00:00+00:00,4197.1,4190.614038226921,4232.52017860919,0.32300462551869247,1354.942660771634,1365.7564716966788,10.813810925044663,0.007981009999999737,2,0.018367444187653414,take_profit
2021-10-21 10:00:00+00:00,2021-10-21 11:00:00+00:00,4297.29,4238.205412339703,4280.5874664631,0.6132877534626375,2601.841317364372,2622.6066389366706,20.76532157229849,0.0079810100000001,4,0.031480305029448735,take_profit
2021-10-21 12:00:00+00:00,2021-10-21 13:00:00+00:00,4211.88,4205.3711980479875,4247.424910028468,0.3223141221524025,1356.8073333571913,1367.6360262527887,10.828692895597442,0.007981010000000269,2,0.015840907148351863,take_profit
2021-10-21 14:00:00+00:00,2021-10-21 14:00:00+00:00,4216.45,4146.909783386024,4188.3788812198845,0.7278654371013231,3021.413715819842,3045.527648899937,24.113933080095194,0.00798100999999996,5,0.033473656749160995,take_profit
2021-10-21 15:00:00+00:00,2021-10-21 15:00:00+00:00,4114.37,4089.945717805845,4130.845174983903,0.4336300593533673,1775.2987030672664,1789.467379769433,14.168676702166522,0.007981009999999795,3,0.024606440354173247,take_profit
2021-10-21 16:00:00+00:00,2021-10-21 16:00:00+00:00,4090.0,4090.0000000000005,4130.900000000001,0.28122582778418787,1151.3650006379664,1160.5540562217082,9.18905558374172,0.00798101000000009,1,0.008481662591687054,take_profit
2021-10-21 17:00:00+00:00,2021-10-21 17:00:00+00:00,4057.5,4057.5,4098.075,0.2835915290113953,1151.8244534171536,1161.0171758981203,9.192722480966722,0.007981009999999901,1,0.0034849044978434683,take_profit
2021-10-21 18:00:00+00:00,2021-10-21 18:00:00+00:00,4046.31,4046.3099999999995,4086.7730999999994,0.2844892767612123,1152.2840895412019,1161.4804803826712,9.196390841469338,0.007981010000000096,1,0.00015816880070975103,take_profit
2021-10-21 19:00:00+00:00,2021-10-21 19:00:00+00:00,4063.16,4063.16,4103.7916,0.28342254924103216,1152.7439090832754,1161.943969749108,9.200060665832552,0.007981009999999861,1,0.0005020722787190176,take_profit
2021-10-21 20:00:00+00:00,2021-10-22 00:00:00+00:00,4080.51,4080.51,4121.3151,0.2823300783981537,1153.203912116567,1162.407644071208,9.20373195464117,0.007981009999999764,1,0.009682613202761472,take_profit
2021-10-22 01:00:00+00:00,2021-10-22 03:00:00+00:00,4116.55,4116.55,4157.7155,0.2799699832664695,1153.6640987142991,1162.8715034227791,9.207404708479999,0.007981010000000165,1,0.004474620738239563,take_profit
2021-10-22 04:00:00+00:00,2021-10-23 22:00:00+00:00,4155.99,4087.446925886583,4128.321395145449,0.7414566991190853,3033.6986040964143,3057.9105829926943,24.211978896280016,0.007981010000000162,5,0.06448283080565637,take_profit
2021-10-23 23:00:00+00:00,2021-10-23 23:00:00+00:00,4116.88,4116.88,4158.0488000000005,0.280353018020113,1155.3350678945374,1164.5558086247543,9.220740730216903,0.007981009999999933,1,0.0011440702668039963,take_profit
2021-10-24 00:00:00+00:00,2021-10-25 01:00:00+00:00,4167.13,4098.403198340168,4139.38723032357,0.7405456172019391,3038.0926186758975,3062.3396662464756,24.24704757057816,0.00798100999999988,5,0.049345712756741475,take_profit
2021-10-25 02:00:00+00:00,2021-10-25 07:00:00+00:00,4118.75,4118.75,4159.9375,0.28063161125396474,1157.008457309577,1166.2425533774492,9.234096067872315,0.007981010000000007,1,0.002813960546282281,take_profit
2021-10-25 08:00:00+00:00,2021-10-25 15:00:00+00:00,4149.33,4142.917859292395,4184.347037885319,0.3296107412851425,1366.9171438286508,1377.8265232227184,10.909379394067628,0.0079810099999998,2,0.01058484140813097,take_profit
2021-10-25 16:00:00+00:00,2021-10-26 00:00:00+00:00,4210.11,4210.11,4252.2110999999995,0.2747808526265563,1158.0156310826737,1167.2577654145007,9.242134331826946,0.007981009999999842,1,0.009695708663194006,take_profit
2021-10-26 01:00:00+00:00,2021-10-26 20:00:00+00:00,4239.54,4214.372666645584,4256.51639331204,0.4236878008164381,1787.3656526045802,1801.6306357516735,14.26498314709329,0.007981009999999782,3,0.025047528741325615,take_profit
2021-10-26 21:00:00+00:00,2021-10-27 04:00:00+00:00,4263.65,4193.331332740533,4235.264646067939,0.7259071727760995,3047.0163085716854,3071.3345762005597,24.31826762887431,0.007981010000000198,5,0.04067876115534803,take_profit
2021-10-27 05:00:00+00:00,2021-10-28 09:00:00+00:00,4279.51,4116.338051627835,4157.501432144113,1.1479401003616316,4730.039555663725,4767.790048657872,37.75049299414695,0.007981009999999832,7,0.09097770539150513,take_profit
2021-10-28 10:00:00+00:00,2021-10-28 13:00:00+00:00,4162.0,4155.568279788532,4197.123962586417,0.3299769518546352,1372.6143685569866,1383.569217558584,10.954849001597267,0.007981010000000198,2,0.010735223450264366,take_profit
2021-10-28 14:00:00+00:00,2021-10-28 17:00:00+00:00,4191.5,4185.02269215128,4226.872919072794,0.32780896687947003,1373.2612263075573,1384.22123788733,10.960011579772754,0.00798100999999991,2,0.012191339615889387,take_profit
2021-10-28 18:00:00+00:00,2021-10-28 19:00:00+00:00,4223.35,4198.278775923244,4240.261563682477,0.42711548744867855,1794.9448306545523,1809.2703032974548,14.325472642902469,0.0079810100000001,3,0.025430049605171378,take_profit
2021-10-28 20:00:00+00:00,2021-10-29 00:00:00+00:00,4259.04,4252.458319642131,4294.982902838552,0.32296131236131737,1374.7542739473722,1385.726201555289,10.971927607916768,0.007981010000000037,2,0.011892351327998712,take_profit
2021-10-29 01:00:00+00:00,2021-10-29 01:00:00+00:00,4353.01,4353.01,4396.5401,0.2672841052493219,1164.6550380293802,1173.950161534443,9.295123505062747,0.0079810099999999,1,0.0029864392684602146,take_profit
2021-10-29 02:00:00+00:00,2021-10-29 03:00:00+00:00,4353.11,4353.11,4396.6411,0.267384622582574,1165.1197942046333,1174.4186269333784,9.298832728745083,0.007981009999999967,1,0.0006271378393836966,take_profit
2021-10-29 04:00:00+00:00,2021-10-29 15:00:00+00:00,4379.84,4353.839798723681,4397.378196710918,0.412631719956486,1798.3307352976512,1812.6832308793691,14.352495581717903,0.007981009999999998,3,0.02309216775042018,take_profit
2021-10-29 16:00:00+00:00,2021-11-02 09:00:00+00:00,4440.77,4367.530163708133,4411.205465345214,0.7012300403986442,3065.7090622015526,3090.1765168840743,24.467454682521748,0.007981010000000174,5,0.06631057226562065,take_profit
2021-11-02 10:00:00+00:00,2021-11-02 10:00:00+00:00,4425.54,4425.54,4469.7954,0.26355161350274264,1167.525733354282,1176.8437679074398,9.318034553157759,0.007981009999999915,1,0.0003660570235496439,take_profit
2021-11-02 11:00:00+00:00,2021-11-02 13:00:00+00:00,4442.72,4442.72,4487.1472,0.2626372230180741,1167.99163508194,1177.3133880014454,9.321752919505343,0.007981010000000024,1,0.007607951885331549,take_profit
2021-11-02 14:00:00+00:00,2021-11-02 22:00:00+00:00,4488.38,4488.38,4533.2638,0.2600691708378496,1168.4577227279153,1177.7831954975838,9.325472769668522,0.007981009999999832,1,0.007550608460068071,take_profit
2021-11-02 23:00:00+00:00,2021-11-02 23:00:00+00:00,4544.33,4544.33,4589.7733,0.2569696902227682,1168.9239963663988,1178.2531904706389,9.32919410424006,0.007981009999999886,1,0.0005963475363805086,take_profit
2021-11-03 00:00:00+00:00,2021-11-03 00:00:00+00:00,4589.68,4589.68,4635.576800000001,0.2545321385402771,1169.3904560716107,1178.723372995423,9.332916923812263,0.007981010000000151,1,0.007926478534451227,take_profit
2021-11-03 01:00:00+00:00,2021-11-03 18:00:00+00:00,4632.4,4555.999687072636,4601.559683943363,0.6742708761318483,3075.052953612506,3099.5949819858165,24.542028373310586,0.007981009999999882,5,0.038295483982384866,take_profit
2021-11-03 19:00:00+00:00,2021-11-07 01:00:00+00:00,4653.36,4524.10352050989,4569.344555714989,0.8669108562043831,3925.9203768993925,3957.25318668663,31.332809787237693,0.007981009999999967,6,0.07031263431155114,take_profit
2021-11-07 02:00:00+00:00,2021-11-07 09:00:00+00:00,4552.58,4552.58,4598.1058,0.2573218247635413,1172.6508438258286,1182.0097819369112,9.35893811108258,0.007981010000000174,1,0.00746170303432345,take_profit
2021-11-07 10:00:00+00:00,2021-11-07 21:00:00+00:00,4582.76,4582.76,4628.5876,0.25572922691579997,1173.118790731383,1182.4814635313978,9.362672800014934,0.00798100999999988,1,0.0023806614354668046,take_profit
2021-11-07 22:00:00+00:00,2021-11-08 00:00:00+00:00,4625.62,4625.62,4671.8762,0.2534607982166741,1173.5869243713835,1182.9533333506606,9.36640897927714,0.007981009999999901,1,0.008321046692119064,take_profit
2021-11-08 01:00:00+00:00,2021-11-08 03:00:00+00:00,4688.29,4688.29,4735.1729,0.25017249137223324,1174.0552448203475,1183.4253914698113,9.370146649463777,0.007981010000000115,1,0.002111644117577973,take_profit
2021-11-08 04:00:00+00:00,2021-11-08 15:00:00+00:00,4720.51,4720.51,4767.7151,0.24856408066091754,1174.5237521528206,1183.8976379639898,9.373885811169202,0.007981010000000016,1,0.0035335165056318684,take_profit
2021-11-08 16:00:00+00:00,2021-11-08 23:00:00+00:00,4763.78,4763.78,4811.4178,0.2464046311955917,1174.992446443379,1184.3700729083685,9.377626464989362,0.007981010000000247,1,0.0066690737187694495,take_profit
2021-11-09 00:00:00+00:00,2021-11-10 14:00:00+00:00,4807.98,4779.438215886307,4827.232598045171,0.37907286483363645,1813.5689056970837,1828.0430172691413,14.474111572057609,0.00798101000000007,3,0.027052941152001405,take_profit
2021-11-10 15:00:00+00:00,2021-11-11 14:00:00+00:00,4845.25,4710.663387906921,4757.770021785991,0.8362043639271979,3943.020302262108,3974.4895867246655,31.469284462557425,0.007981010000000132,6,0.07911253289303952,take_profit
2021-11-11 15:00:00+00:00,2021-11-12 01:00:00+00:00,4735.3,4735.3,4782.653,0.24847015797748626,1177.7584975683592,1187.1581999150374,9.399702346678168,0.0079810100000001,1,0.009355267881654843,take_profit
2021-11-12 02:00:00+00:00,2021-11-15 13:00:00+00:00,4785.01,4706.092751627545,4753.15367914382,0.6574372481546933,3097.057725916678,3121.7753745977966,24.71764868111859,0.007981010000000104,5,0.057922553975853726,take_profit
2021-11-15 14:00:00+00:00,2021-11-25 16:00:00+00:00,4724.03,4463.494001155253,4508.128941166805,1.4581897846988934,6515.136493042422,6567.133862544759,51.99736950233637,0.00798100999999998,8,0.16248626702201294,take_profit
2021-11-25 17:00:00+00:00,2021-11-25 23:00:00+00:00,4486.1,4486.1,4530.961,0.2632313522572548,1182.0642335948658,1191.4983000638288,9.43406646896301,0.007981010000000044,1,0.0039566661465415395,take_profit
2021-11-26 00:00:00+00:00,2021-11-26 08:00:00+00:00,4524.48,4274.949426304853,4317.698920567901,1.526467454134615,6532.1032705964,6584.236052120061,52.132781523660924,0.007981009999999747,8,0.11567738171016331,take_profit
2021-11-26 09:00:00+00:00,2021-11-26 13:00:00+00:00,4099.87,4032.2524905099926,4072.575015415093,0.7718060040766495,3115.231914042678,3140.094611100972,24.86269705829409,0.007981010000000108,5,0.04557949398395556,take_profit
2021-11-26 14:00:00+00:00,2021-11-26 21:00:00+00:00,4087.33,4081.0136705978034,4121.823807303782,0.3429696829998985,1401.065029953134,1412.2469439678403,11.181914014706308,0.007981010000000033,2,0.01573888088311928,take_profit
2021-11-26 22:00:00+00:00,2021-11-26 22:00:00+00:00,4067.36,4067.36,4108.0336,0.2915300985753902,1186.9448065481472,1196.417824918656,9.473018370508726,0.007981009999999913,1,0.0038329530702962476,take_profit
2021-11-26 23:00:00+00:00,2021-11-27 02:00:00+00:00,4067.89,4061.6037120780807,4102.219749198862,0.3449086787348809,1402.2846545320704,1413.4763023827377,11.191647850667323,0.007981010000000231,2,0.010032228010098588,take_profit
2021-11-27 03:00:00+00:00,2021-11-27 08:00:00+00:00,4115.19,4115.19,4156.341899999999,0.28839253152815464,1187.9780398592059,1197.4593044751025,9.481264615896634,0.007981009999999927,1,0.0066218084705686854,take_profit
2021-11-27 09:00:00+00:00,2021-11-28 20:00:00+00:00,4161.18,4092.5513293007766,4133.476842593785,0.7625578911673154,3123.931242408001,3148.8633688929726,24.932126484971832,0.00798101000000037,5,0.0473855973545966,take_profit
2021-11-28 21:00:00+00:00,2021-11-28 21:00:00+00:00,4138.13,4138.13,4179.5113,0.28720920094458974,1189.6987094142494,1199.1937067110716,9.494997296822248,0.007981010000000024,1,0.0013653510160387774,take_profit
2021-11-28 22:00:00+00:00,2021-11-28 23:00:00+00:00,4251.93,4251.93,4294.4493,0.2796337864969111,1190.1734592790904,1199.6722455593315,9.49878628024112,0.00798101000000009,1,0.008335038441366746,take_profit
2021-11-29 00:00:00+00:00,2021-11-29 00:00:00+00:00,4294.77,4294.77,4337.7177,0.2769549359324269,1190.6483985931025,1200.1509753687578,9.50257677565537,0.00798100999999986,1,0.0029570850127016643,take_profit
2021-11-29 01:00:00+00:00,2021-11-29 14:00:00+00:00,4343.61,4336.897629930865,4380.266606230174,0.3240227520855168,1406.6601657290832,1417.8867345783688,11.226568849285513,0.00798101000000003,2,0.015360495072071238,take_profit
2021-11-29 15:00:00+00:00,2021-11-29 16:00:00+00:00,4318.9,4318.9,4362.089,0.27564731089362454,1191.6848558743493,1201.195704625931,9.510848751581761,0.007981010000000018,1,0.004042696056866341,take_profit
2021-11-29 17:00:00+00:00,2021-11-29 17:00:00+00:00,4409.61,4409.61,4453.706099999999,0.27008470996610057,1192.1603983119285,1201.67504237246,9.51464406053151,0.007981010000000021,1,0.0016373330067736933,take_profit
2021-11-29 18:00:00+00:00,2021-11-30 00:00:00+00:00,4438.36,4431.50120862139,4475.816220707604,0.31750821340771995,1408.4464779414707,1419.6873033663862,11.240825424915556,0.007981009999999929,2,0.012907920943772017,take_profit
2021-11-30 01:00:00+00:00,2021-11-30 08:00:00+00:00,4483.25,4421.608598645186,4465.824684631638,0.6110622141047374,2704.582522715388,2726.1678228750047,21.58530015961651,0.007981009999999913,4,0.030533653041878175,take_profit
2021-11-30 09:00:00+00:00,2021-11-30 10:00:00+00:00,4421.27,4421.27,4465.4827000000005,0.26985078028652115,1194.2774367941818,1203.8089769600106,9.531540165828801,0.007981010000000057,1,0.004738457502030124,take_profit
2021-11-30 11:00:00+00:00,2021-11-30 11:00:00+00:00,4489.16,4489.16,4534.0516,0.26587585646060086,1194.7540138024733,1204.289357534171,9.535343731697594,0.00798100999999993,1,0.006275116057347048,take_profit
2021-11-30 12:00:00+00:00,2021-11-30 12:00:00+00:00,4590.47,4590.47,4636.3747,0.2601118295529802,1195.230780989058,1204.7699298044395,9.539148815381395,0.007981009999999927,1,0.0027164974392600875,take_profit
2021-11-30 13:00:00+00:00,2021-11-30 13:00:00+00:00,4584.0,4584.0,4629.84,0.2605829037284898,1195.707738429827,1205.250693847313,9.542955417485928,0.007981010000000078,1,0.003477312390924869,take_profit
2021-11-30 14:00:00+00:00,2021-11-30 14:00:00+00:00,4649.23,4649.23,4695.722299999999,0.2570293793412029,1196.1848862007014,1205.731649739318,9.546763538616688,0.007981010000000023,1,0.0020691598393712276,take_profit
2021-11-30 15:00:00+00:00,2021-11-30 15:00:00+00:00,4694.76,4687.504982513217,4734.380032338349,0.3011810989509666,1413.2011030745368,1424.4798752101858,11.278772135648978,0.007981010000000049,2,0.017668634818393234,take_profit
2021-11-30 16:00:00+00:00,2021-11-30 16:00:00+00:00,4613.85,4606.720016266776,4652.787216429444,0.3066071338478794,1413.8670877149275,1425.1511750806512,11.284087365723735,0.007981010000000016,2,0.018468307378870147,take_profit
2021-11-30 17:00:00+00:00,2021-11-30 17:00:00+00:00,4557.49,4557.49,4603.064899999999,0.2625551733487836,1197.7903673527005,1207.3499442524458,9.559576899745252,0.00798100999999973,1,0.008223824956280665,take_profit
2021-11-30 18:00:00+00:00,2021-11-30 18:00:00+00:00,4596.27,4596.27,4642.2327000000005,0.2604438115801487,1198.2683461976878,1207.831737851375,9.563391653687177,0.007981009999999974,1,0.00429261118254595,take_profit
2021-11-30 19:00:00+00:00,2021-12-01 00:00:00+00:00,4691.27,4684.020375762505,4730.86057952013,0.3019301318020011,1415.6625519692013,1426.9609689530928,11.298416983891457,0.007981009999999818,2,0.019817661315592632,take_profit
2021-12-01 01:00:00+00:00,2021-12-01 03:00:00+00:00,4723.91,4716.609935746238,4763.7760351037,0.29998524070671445,1416.3296965911072,1427.6334380628978,11.303741471790545,0.007981009999999965,2,0.012428263874629288,take_profit
2021-12-01 04:00:00+00:00,2021-12-04 19:00:00+00:00,4759.37,4085.390081511866,4126.243982326984,3.3196759489141896,13575.746942469992,13684.095114575313,108.34817210532128,0.007981009999999915,11,0.26383533955124316,take_profit
2021-12-04 20:00:00+00:00,2021-12-05 00:00:00+00:00,4117.37,4092.927908798249,4133.857187886231,0.4538894776254706,1859.5965069901372,1874.4379653083904,14.841458318253217,0.007981009999999926,3,0.020491235910301938,take_profit
2021-12-05 01:00:00+00:00,2021-12-05 03:00:00+00:00,4111.6,4111.6,4152.716,0.29303192652960175,1206.036105224335,1215.6614914404915,9.625386216156585,0.007981010000000096,1,0.0083714369102054,take_profit
2021-12-05 04:00:00+00:00,2021-12-05 05:00:00+00:00,4162.81,4162.81,4204.4381,0.28954260635498796,1206.5173745351428,1216.1466017664814,9.629227231338518,0.007981009999999832,1,0.00552511404556057,take_profit
2021-12-05 06:00:00+00:00,2021-12-05 12:00:00+00:00,4200.95,4200.95,4242.9595,0.28702837145426946,1206.99883589671,1216.63190567599,9.63306977928005,0.00798101000000004,1,0.009509753746176417,take_profit
2021-12-05 13:00:00+00:00,2021-12-05 23:00:00+00:00,4231.93,4162.1344779624615,4203.755822742086,0.761814588891875,3173.9487149566285,3199.280031390184,25.331316433555457,0.007981009999999828,5,0.047387362267334386,take_profit
2021-12-06 00:00:00+00:00,2021-12-06 16:00:00+00:00,4196.44,4127.229800280436,4168.502098283241,0.7690632335273733,3177.2779736878956,3202.635860968678,25.357887280782506,0.007981009999999898,5,0.06563658720248583,take_profit
2021-12-06 17:00:00+00:00,2021-12-06 19:00:00+00:00,4169.29,4169.29,4210.9829,0.2899306439757896,1210.014949571391,1219.6720909840699,9.657141412678811,0.007981010000000037,1,0.004501965562481748,take_profit
2021-12-06 20:00:00+00:00,2021-12-06 21:00:00+00:00,4194.29,4194.29,4236.2329,0.28831752426164686,1210.497806642025,1220.158801741813,9.660995099788124,0.007981010000000047,1,0.0025153244053225175,take_profit
2021-12-06 22:00:00+00:00,2021-12-06 22:00:00+00:00,4317.74,4317.74,4360.9174,0.28018590177746167,1210.9808563970143,1220.6457067217275,9.664850324713143,0.007981010000000005,1,0.00012274940130710635,take_profit
2021-12-06 23:00:00+00:00,2021-12-07 01:00:00+00:00,4334.14,4334.14,4377.481400000001,0.27923708851452345,1211.46409891325,1221.1328060013177,9.668707088067777,0.007981010000000115,1,0.007415542645138442,take_profit
2021-12-07 02:00:00+00:00,2021-12-07 07:00:00+00:00,4337.39,4337.39,4380.7639,0.2791392027771046,1211.9475342676533,1221.6200996581188,9.67256539046548,0.007981009999999997,1,0.008945471815999986,take_profit
2021-12-07 08:00:00+00:00,2021-12-07 08:00:00+00:00,4352.91,4352.91,4396.4391,0.2782549447093185,1212.4311625371765,1222.1075877696976,9.67642523252107,0.007981010000000196,1,0.0015323082719376402,take_profit
2021-12-07 09:00:00+00:00,2021-12-08 06:00:00+00:00,4407.71,4335.015409011944,4378.365563102064,0.7347252864215212,3188.233671699709,3213.6789965158805,25.445324816171706,0.007981009999999879,5,0.034437383584673215,take_profit
2021-12-08 07:00:00+00:00,2021-12-08 14:00:00+00:00,4367.5,4307.450076302426,4350.52457706545,0.6382907660649714,2752.1577667564516,2774.122765414512,21.964998658060267,0.007981009999999768,4,0.03309673726388098,take_profit
2021-12-08 15:00:00+00:00,2021-12-09 00:00:00+00:00,4409.48,4402.665838145587,4446.692496527043,0.3256570366986149,1435.1943047294449,1446.6486048274337,11.454300097988835,0.007981010000000061,2,0.011221277792392657,take_profit
2021-12-09 01:00:00+00:00,2021-12-15 20:00:00+00:00,4433.29,4004.5051596941566,4044.550211291098,2.553656802498961,10236.368209905078,10318.064766952011,81.69655704693287,0.007981009999999837,10,0.17809798140884084,take_profit
2021-12-15 21:00:00+00:00,2021-12-16 13:00:00+00:00,4055.0,4048.733631557544,4089.220967873119,0.3554824983290793,1440.694641056098,1452.1928393933129,11.498198337214944,0.007981009999999872,2,0.018875462392108498,take_profit
2021-12-16 14:00:00+00:00,2021-12-18 10:00:00+00:00,4077.24,3921.7803341081276,3960.998137449209,1.2673041751280396,4975.063655005273,5014.769687786507,39.70603278123417,0.007981010000000108,7,0.09252337365472717,take_profit
2021-12-18 11:00:00+00:00,2021-12-19 03:00:00+00:00,3975.8,3952.1983158667013,3991.720299025368,0.47676295057163565,1886.147878195053,1901.2012432724061,15.053365077353192,0.007981009999999837,3,0.022865838321847253,take_profit
2021-12-19 04:00:00+00:00,2021-12-20 21:00:00+00:00,3988.58,3922.7979517883127,3962.025931306196,0.8188543463087755,3215.4155680811027,3241.077831884115,25.662263803012138,0.007981010000000366,5,0.05906362665409743,take_profit
2021-12-20 22:00:00+00:00,2021-12-20 23:00:00+00:00,3911.75,3911.75,3950.8675,0.31272818988786893,1224.5390358297009,1234.3120941200482,9.773058290347308,0.007981010000000087,1,0.005235508404166938,take_profit
2021-12-21 00:00:00+00:00,2021-12-21 03:00:00+00:00,3944.72,3944.7200000000003,3984.1672000000003,0.3102381565879135,1225.0276887442183,1234.8046469783628,9.776958234144558,0.007981010000000052,1,0.007987892676793224,take_profit
2021-12-21 04:00:00+00:00,2021-12-21 04:00:00+00:00,4007.48,4007.48,4047.5548,0.30550146728599253,1225.5165366559254,1235.2973963901416,9.780859734216165,0.007981009999999884,1,6.487867687429962e-05,take_profit
2021-12-21 05:00:00+00:00,2021-12-22 02:00:00+00:00,4031.12,4024.8905343635624,4065.139439707198,0.35936538938946544,1447.854208339875,1459.4095472551778,11.555338915302855,0.007981010000000158,2,0.01772708329198834,take_profit
2021-12-22 03:00:00+00:00,2021-12-23 17:00:00+00:00,4054.36,3987.4930686641515,4027.367999350793,0.8077600944252521,3224.161939603797,3249.8940082853946,25.732068681597866,0.007981010000000175,5,0.03974240077348832,take_profit
2021-12-23 18:00:00+00:00,2021-12-23 18:00:00+00:00,4044.16,4044.1600000000003,4084.6016000000004,0.3033119560236139,1227.869950022481,1237.66959237231,9.799642349829128,0.007981010000000168,1,2.4727013767416552e-06,take_profit
2021-12-23 19:00:00+00:00,2021-12-23 19:00:00+00:00,4094.09,4094.09,4135.0309,0.29973243680716166,1228.3599321399724,1238.163485041981,9.803552902008505,0.007981010000000052,1,0.0013898082357740192,take_profit
2021-12-23 20:00:00+00:00,2021-12-27 17:00:00+00:00,4133.64,4076.805479887066,4117.5735346859365,0.6825462245685563,2785.3935821794976,2807.623836212808,22.230254033310302,0.007981009999999967,4,0.032329859397528644,take_profit
2021-12-27 18:00:00+00:00,2022-03-28 13:00:00+00:00,4115.58,3337.2200136621136,3370.592213798735,5.231807228498201,17477.16895952584,17616.6544197635,139.48546023766175,0.007981009999999795,12,0.47540808342931007,take_profit
2022-03-28 14:00:00+00:00,2022-03-28 18:00:00+00:00,3378.51,3373.289041073607,3407.0219314843434,0.4326049771350871,1460.7623908745625,1472.4207501237563,11.658359249193836,0.00798101000000003,2,0.013390518305406891,take_profit
2022-03-28 19:00:00+00:00,2022-03-29 09:00:00+00:00,3416.68,3396.3974399757126,3430.36141437547,0.5615966504913501,1909.314740768525,1924.5530008077462,15.238260039221132,0.007981010000000066,3,0.02960183570015333,take_profit
2022-03-29 10:00:00+00:00,2022-03-29 11:00:00+00:00,3426.79,3426.79,3461.0579,0.3609916118981844,1238.2807264630424,1248.1634573237511,9.882730860708762,0.007981009999999964,1,0.0034347012802068357,take_profit
2022-03-29 12:00:00+00:00,2022-03-30 18:00:00+00:00,3464.92,3407.7744658776705,3441.8522105364473,0.9545678670026463,3256.2082113302604,3282.196041626969,25.98783029670858,0.007981009999999894,5,0.038407813167403555,take_profit
2022-03-30 19:00:00+00:00,2022-03-31 12:00:00+00:00,3396.66,3396.6599999999994,3430.6265999999996,0.3647212792173465,1240.074254520913,1249.9712995469868,9.897045026073783,0.007981009999999865,1,0.0075191511661455565,take_profit
2022-03-31 13:00:00+00:00,2022-04-01 14:00:00+00:00,3428.44,3371.8961158680836,3405.6150770267645,0.9661221676996776,3260.924509229826,3286.9499803472345,26.025471117408415,0.007981010000000024,5,0.06351576810444406,take_profit
2022-04-01 15:00:00+00:00,2022-04-01 17:00:00+00:00,3422.07,3422.07,3456.2907,0.3625374436957043,1241.8703803280869,1251.7817602521893,9.911379924102448,0.007981010000000148,1,0.005131397078376522,take_profit
2022-04-01 18:00:00+00:00,2022-04-02 00:00:00+00:00,3469.71,3464.348105734038,3498.9915867913787,0.42308330632734137,1467.1750258686875,1478.884564421896,11.709538553208404,0.007981010000000103,2,0.012479429116554462,take_profit
2022-04-02 01:00:00+00:00,2022-04-03 21:00:00+00:00,3511.32,3490.4756251494205,3525.3803814009148,0.5488589508912757,1917.6964862172977,1933.001641050763,15.305154833465394,0.007981010000000146,3,0.028254331704316335,take_profit
2022-04-03 22:00:00+00:00,2022-04-03 22:00:00+00:00,3528.04,3528.04,3563.3204,0.35217088448816686,1243.7166839936258,1253.642799285746,9.92611529212013,0.00798101000000013,1,0.003446672940216056,take_profit
2022-04-03 23:00:00+00:00,2022-04-04 22:00:00+00:00,3544.47,3486.0124796732466,3520.8726044699793,0.937240538371863,3270.5027159359233,3296.6046308168347,26.10191488091141,0.007981009999999891,5,0.03907495337807909,take_profit
2022-04-04 23:00:00+00:00,2024-01-10 15:00:00+00:00,3527.16,2423.7777038597874,2448.0154808983852,10.267216877482706,24910.361710045538,25109.171555957026,198.80984591148808,0.007981009999999901,13,0.7500652082695426,take_profit
2024-01-10 16:00:00+00:00,2024-01-10 19:00:00+00:00,2449.3,2445.514989833266,2469.970139731599,0.605661452086135,1482.6367966374628,1494.4697357377947,11.832939100331942,0.007981010000000259,2,0.019838321152982542,take_profit
2024-01-10 20:00:00+00:00,2024-01-10 20:00:00+00:00,2477.9,2463.190353359349,2487.8222568929427,0.7859596203541162,1937.9060610472825,1953.3725086995616,15.466447652279157,0.007981010000000096,3,0.026998668227127844,take_profit
2024-01-10 21:00:00+00:00,2024-01-10 21:00:00+00:00,2484.63,2484.63,2509.4763000000003,0.5053334796683397,1256.8235471354826,1266.8542684334063,10.03072129792372,0.007981009999999969,1,0.005083251832264808,take_profit
2024-01-10 22:00:00+00:00,2024-01-10 22:00:00+00:00,2528.13,2528.13,2553.4113,0.49683669673520675,1257.3250832003787,1267.3598072626519,10.034724062273199,0.007981010000000115,1,0.0071040650599455074,take_profit
2024-01-10 23:00:00+00:00,2024-01-10 23:00:00+00:00,2547.59,2547.59,2573.0659,0.4932383125165701,1257.8268194034924,1267.8655478274197,10.038728423927296,0.007981009999999863,1,0.0018684325185764656,take_profit
2024-01-11 00:00:00+00:00,2024-01-11 03:00:00+00:00,2584.37,2584.37,2610.2137,0.4864127145373394,1258.3287558246886,1268.371490208213,10.042734383524248,0.00798100999999988,1,0.0071042459090608825,take_profit
2024-01-11 04:00:00+00:00,2024-01-11 10:00:00+00:00,2613.0,2608.9620170801136,2635.0516372509146,0.5692427527513206,1486.619339766088,1498.4840635829546,11.864723816866672,0.007981010000000085,2,0.01530424799081507,take_profit
2024-01-11 11:00:00+00:00,2024-01-11 11:00:00+00:00,2636.79,2636.79,2663.1579,0.4771577200330605,1259.4241287347083,1269.4756053003814,10.051476565673056,0.007981010000000049,1,0.0037166403088604635,take_profit
2024-01-11 12:00:00+00:00,2024-01-11 14:00:00+00:00,2657.89,2653.7826466043102,2680.3204730703533,0.5601157757512695,1487.9134392172475,1499.7884912547745,11.875052037526984,0.007981009999999825,2,0.01539190861924303,take_profit
2024-01-11 15:00:00+00:00,2024-01-11 15:00:00+00:00,2681.87,2644.996253264611,2671.446215797257,1.0791404770998647,2857.1796983737004,2879.982878118218,22.80317974451782,0.007981010000000116,4,0.03291360133041497,take_profit
2024-01-11 16:00:00+00:00,2024-01-12 11:00:00+00:00,2613.19,2609.151723464823,2635.2432406994712,0.5704808699870878,1489.9611062367585,1501.8525007252454,11.891394488486867,0.007981010000000158,2,0.016527692207608347,take_profit
2024-01-12 12:00:00+00:00,2024-01-12 12:00:00+00:00,2647.58,2647.58,2674.0558,0.47628133189276317,1262.2551838765185,1272.3292551215889,10.0740712450704,0.007981010000000052,1,0.005129212337304228,take_profit
2024-01-12 13:00:00+00:00,2024-01-12 13:00:00+00:00,2650.52,2650.52,2677.0252,0.4759428823594363,1262.758887438772,1272.8369787470097,10.078091308237617,0.007981009999999924,1,0.002112792961381129,take_profit
2024-01-12 14:00:00+00:00,2024-01-12 14:00:00+00:00,2673.78,2673.78,2700.5178,0.47199078802750405,1263.262792004184,1273.3449049797973,10.082112975613427,0.00798101000000009,1,0.004218746493728055,take_profit
2024-01-12 15:00:00+00:00,2024-01-12 15:00:00+00:00,2705.75,2689.687759232438,2716.5846368247626,0.7241963185054623,1949.811784950288,1965.3732523040944,15.561467353806393,0.007981010000000151,3,0.025194493208906984,take_profit
2024-01-12 16:00:00+00:00,2024-01-12 16:00:00+00:00,2647.02,2642.92944448963,2669.358738934526,0.5644774324431298,1493.3673943482017,1505.2859744561686,11.918580107966818,0.007981009999999917,2,0.01690580350734033,take_profit
2024-01-12 17:00:00+00:00,2024-01-12 17:00:00+00:00,2620.45,2604.8941286817485,2630.943069968566,0.748583107920169,1951.93167432591,1967.5100605380217,15.578386212111582,0.007981009999999872,3,0.022797611097330528,take_profit
2024-01-12 18:00:00+00:00,2024-01-13 23:00:00+00:00,2603.06,2560.1287767531517,2585.7300645206833,1.2984632403994096,3327.5606679706443,3354.117962937325,26.55729496668073,0.0079810100000001,5,0.055726721627622856,take_profit
2024-01-14 00:00:00+00:00,2024-01-16 15:00:00+00:00,2578.18,2535.659112601876,2561.015703727895,1.3123688384276517,3331.0510553091235,3357.6362070920563,26.585151782932826,0.007981010000000047,5,0.04195983212964178,take_profit
2024-01-16 16:00:00+00:00,2024-01-16 20:00:00+00:00,2559.44,2559.44,2585.0344,0.4951506441770329,1268.5769416741393,1278.7014669314099,10.124525257270534,0.007981009999999851,1,0.004223580158159576,take_profit
2024-01-16 21:00:00+00:00,2024-01-16 21:00:00+00:00,2586.87,2586.87,2612.7387,0.49009578555129013,1269.0831679370028,1279.2117333911397,10.128565454136833,0.007981009999999948,1,0.0007654037504783844,take_profit
2024-01-16 22:00:00+00:00,2024-01-30 17:00:00+00:00,2607.3,2355.1236898264215,2378.6749267246855,4.533964215126572,10688.73526713698,10774.042170191355,85.30690305437383,0.007981010000000085,10,0.16846162697042918,take_profit
2024-01-30 18:00:00+00:00,2024-02-06 16:00:00+00:00,2370.3,2331.2075939617202,2354.5196699013377,1.4349087970420062,3348.418703009811,3375.14246616272,26.723763152909214,0.007981010000000264,5,0.05497194447960181,take_profit
2024-02-06 17:00:00+00:00,2024-02-06 19:00:00+00:00,2346.94,2346.94,2370.4094,0.5427986818540542,1275.1911295200741,1285.3684426766852,10.177313156611035,0.007981010000000023,1,0.0007839995909567971,take_profit
2024-02-06 20:00:00+00:00,2024-02-07 16:00:00+00:00,2379.13,2375.453426596178,2399.2079608621398,0.633577736733903,1506.5409466862873,1518.5646650472002,12.02371836091288,0.007981010000000103,2,0.01056268467885324,take_profit
2024-02-07 17:00:00+00:00,2024-02-07 17:00:00+00:00,2398.24,2398.24,2422.2223999999997,0.5316502434764054,1276.3011810959504,1286.487353585289,10.18617248933856,0.007981009999999976,1,0.00076305957702312,take_profit
2024-02-07 18:00:00+00:00,2024-02-07 20:00:00+00:00,2410.25,2410.25,2434.3525,0.5292121892877074,1276.8104897204173,1287.0007270069807,10.190237286563388,0.007981009999999875,1,0.001655429934653991,take_profit
2024-02-07 21:00:00+00:00,2024-02-08 15:00:00+00:00,2439.39,2435.6203041886947,2459.976507230582,0.6187112336109623,1508.454097109604,1520.4930843431769,12.038987233572925,0.007981010000000135,2,0.011634056054997215,take_profit
2024-02-08 16:00:00+00:00,2024-02-09 08:00:00+00:00,2453.88,2450.0879121594144,2474.5887912810085,0.6153476363801407,1509.1649706414908,1521.2096313638303,12.044660722339586,0.007981010000000094,2,0.016480023473030486,take_profit
2024-02-09 09:00:00+00:00,2024-02-09 11:00:00+00:00,2476.02,2476.02,2500.7802,0.5158462612574044,1278.524183982541,1288.7280982801476,10.203914297606616,0.00798101000000009,1,0.005658274165798242,take_profit
2024-02-09 12:00:00+00:00,2024-02-11 03:00:00+00:00,2503.19,2499.321711264742,2524.3149283773896,0.6037510939574114,1510.478696023621,1522.5338416013728,12.055145577751773,0.007981010000000194,2,0.012631881718926605,take_profit
2024-02-11 04:00:00+00:00,2024-02-12 15:00:00+00:00,2529.02,2514.006887869914,2539.1469567486133,0.7845336499548086,1974.2972970491621,1990.0541835198844,15.756886470722293,0.00798100999999998,3,0.02254628274983985,take_profit
2024-02-12 16:00:00+00:00,2024-02-12 17:00:00+00:00,2557.87,2557.87,2583.4487,0.5000819261020089,1280.424981299845,1290.644065879849,10.219084580003937,0.007981010000000047,1,0.008303784007787645,take_profit
2024-02-12 18:00:00+00:00,2024-02-12 19:00:00+00:00,2608.94,2608.94,2635.0294,0.49048847409036483,1280.9359355288452,1291.1590980396602,10.223162510814973,0.007981009999999926,1,0.002249955920795377,take_profit
2024-02-12 20:00:00+00:00,2024-02-12 20:00:00+00:00,2610.25,2610.25,2636.3525,0.49043794523924206,1281.447093654386,1291.6743357233124,10.227242068926444,0.007981009999999886,1,3.831050665728677e-06,take_profit
2024-02-12 21:00:00+00:00,2024-02-13 00:00:00+00:00,2641.71,2641.71,2668.1271,0.48479072165456255,1281.9584557578323,1292.1897790128203,10.231323254987956,0.007981010000000108,1,0.0049286257764856786,take_profit
2024-02-13 01:00:00+00:00,2024-02-14 08:00:00+00:00,2668.25,2652.4103718273873,2678.9344755456614,0.7452426618376773,1978.668033820326,1994.4598031849264,15.791769364600441,0.007981010000000042,3,0.029326337487117025,take_profit
2024-02-14 09:00:00+00:00,2024-02-14 09:00:00+00:00,2707.21,2707.21,2734.2821,0.473541524587462,1283.2596103888118,1293.5013181719212,10.241707783109405,0.007981010000000151,1,0.00034722093963898427,take_profit
2024-02-14 10:00:00+00:00,2024-02-14 21:00:00+00:00,2746.49,2746.49,2773.9548999999997,0.46695524982147746,1283.7716957779674,1294.0174905196884,10.245794741721056,0.00798101000000011,1,0.007263816726075762,take_profit
2024-02-14 22:00:00+00:00,2024-02-15 00:00:00+00:00,2778.39,2778.39,2806.1739,0.4617781166537233,1284.2839855150532,1294.5338688462887,10.249883331235424,0.007981009999999945,1,0.0053016315204129074,take_profit
2024-02-15 01:00:00+00:00,2024-02-15 14:00:00+00:00,2817.95,2801.22170234835,2829.2339193718335,0.70693268109003,1982.2574257944914,1998.0778421323316,15.820416337840243,0.007981010000000075,3,0.020830745754892677,take_profit
2024-02-15 15:00:00+00:00,2024-02-18 18:00:00+00:00,2852.59,2805.5433786690555,2833.598812455746,1.203288938546979,3379.258572738932,3406.228469200547,26.969896461615008,0.00798100999999996,5,0.046827619812170665,take_profit
2024-02-18 19:00:00+00:00,2024-02-18 22:00:00+00:00,2834.44,2834.44,2862.7844,0.453581327996453,1286.9359953215878,1297.2070443696093,10.271049048021496,0.007981009999999962,1,0.006121138567053777,take_profit
2024-02-18 23:00:00+00:00,2024-02-19 05:00:00+00:00,2879.99,2879.99,2908.7898999999998,0.4465856125285904,1287.449547773989,1297.7246954892687,10.275147715279672,0.007981009999999992,1,0.008006972246431394,take_profit
2024-02-19 06:00:00+00:00,2024-02-19 16:00:00+00:00,2907.01,2907.01,2936.0801,0.44261125412523283,1287.963305159753,1298.2425531778658,10.279248018112867,0.007981009999999865,1,0.007217037437091726,take_profit
2024-02-19 17:00:00+00:00,2024-02-19 17:00:00+00:00,2897.42,2897.42,2926.3942,0.4442534359164698,1288.4772675606587,1298.760617517833,10.283349957174323,0.007981010000000024,1,0.0034962138730319074,take_profit
2024-02-19 18:00:00+00:00,2024-02-19 22:00:00+00:00,2942.56,2942.56,2971.9856,0.437612977687272,1288.9914350585175,1299.278888591634,10.287453533116604,0.007981010000000175,1,0.007656598336142592,take_profit
2024-02-19 23:00:00+00:00,2024-02-20 13:00:00+00:00,2961.52,2943.9394226081677,2973.3788168342494,0.675127248784527,1989.5232462199813,2005.4016511432953,15.878404923314065,0.007981009999999965,3,0.029363299927064494,take_profit
2024-02-20 14:00:00+00:00,2024-02-20 19:00:00+00:00,2997.61,2948.1716220459816,2977.6533382664416,1.1492727658488813,3391.6449992652333,3418.713751920819,27.06875265558574,0.007981009999999976,5,0.037409803143170835,take_profit
2024-02-20 20:00:00+00:00,2024-02-20 23:00:00+00:00,2985.98,2985.98,3015.8398,0.4321400385965426,1291.6531656141185,1301.9618624454163,10.308696831297766,0.007981009999999868,1,0.006614243899825183,take_profit
2024-02-21 00:00:00+00:00,2024-02-22 07:00:00+00:00,3014.81,2965.087949353133,2994.738828846664,1.1443710825950841,3396.557464054938,3423.665423141135,27.107959086196843,0.007981009999999924,5,0.048696269416646475,take_profit
2024-02-22 08:00:00+00:00,2024-02-22 09:00:00+00:00,2993.79,2993.79,3023.7279,0.4316369800191674,1293.523998409993,1303.8476263765433,10.323627966550248,0.007981010000000085,1,0.002050912054619687,take_profit
2024-02-22 10:00:00+00:00,2024-02-22 20:00:00+00:00,3023.65,2982.0770287834757,3011.8977990713106,0.9826119697361848,2933.1577408988596,2956.5673021605508,23.409561261691124,0.00798100999999997,4,0.031174243050617702,take_profit
2024-02-22 21:00:00+00:00,2024-02-24 17:00:00+00:00,3013.02,2963.327471104308,2992.9607458153514,1.1477466492305186,3404.553729261978,3431.7255066207554,27.17177735877749,0.007981010000000103,5,0.03550258544583169,take_profit
2024-02-24 18:00:00+00:00,2024-02-25 02:00:00+00:00,2993.81,2993.81,3023.7481,0.43265026086912806,1296.5692467393437,1306.9171788632627,10.347932123919009,0.007981009999999875,1,0.00514394701066537,take_profit
2024-02-25 03:00:00+00:00,2024-02-25 14:00:00+00:00,3031.01,3031.01,3061.3201000000004,0.42751081543848224,1297.0866433455396,1307.438704816947,10.352061471407296,0.007981010000000085,1,0.006799713626810907,take_profit
2024-02-25 15:00:00+00:00,2024-02-25 20:00:00+00:00,3067.6,3062.859503863359,3093.4880989019925,0.49981933992964545,1532.4088243425679,1544.6389944937343,12.230170151166476,0.00798101000000013,2,0.012948233146433629,take_profit
2024-02-25 21:00:00+00:00,2024-02-26 00:00:00+00:00,3098.61,3098.61,3129.5961,0.41854816810497025,1298.2157549266685,1308.576827848896,10.36107292222755,0.0079810100000002,1,0.003746841325626693,take_profit
2024-02-26 01:00:00+00:00,2024-02-26 15:00:00+00:00,3115.64,3097.1445145246053,3128.1159596698512,0.646323399862601,2003.7607332265745,2019.7527676760628,15.992034449488301,0.007981009999999839,3,0.025371994197018823,take_profit
2024-02-26 16:00:00+00:00,2024-02-26 19:00:00+00:00,3145.59,3145.59,3177.0459,0.4127155404502682,1299.5334102952545,1309.904999438155,10.371589142900575,0.007981010000000035,1,0.008135198802132555,take_profit
2024-02-26 20:00:00+00:00,2024-02-27 01:00:00+00:00,3179.11,3179.11,3210.9011,0.4085268951884795,1300.0519897523995,1310.4277176831333,10.375727930733774,0.007981009999999981,1,0.006004825249834119,take_profit
2024-02-27 02:00:00+00:00,2024-02-27 02:00:00+00:00,3221.61,3221.61,3253.8261,0.4032984145730822,1300.5707761489364,1310.9506445190889,10.379868370152508,0.007981010000000066,1,0.0028495069235569452,take_profit
2024-02-27 03:00:00+00:00,2024-02-27 10:00:00+00:00,3239.95,3234.9431638877595,3267.2925955266373,0.4745024745032932,1536.5250612034574,1548.7880830821732,12.26302187871579,0.00798101000000025,2,0.011598944428154734,take_profit
2024-02-27 11:00:00+00:00,2024-02-28 07:00:00+00:00,3260.2,3255.1618706791373,3287.713489385929,0.4717774339018892,1537.2491634477246,1549.5179643936924,12.268800945967769,0.007981009999999898,2,0.01732409054659224,take_profit
2024-02-28 08:00:00+00:00,2024-02-28 09:00:00+00:00,3303.0,3303.0,3336.03,0.3938885995603904,1302.316360708678,1312.7101606066578,10.393799897979761,0.00798101000000015,1,0.006115652437178268,take_profit
2024-02-28 10:00:00+00:00,2024-02-28 15:00:00+00:00,3359.58,3339.6364047536226,3373.032768801159,0.6012869586745172,2010.0899067998043,2026.1324544468728,16.04254764706843,0.007981010000000063,3,0.0244197191315581,take_profit
2024-02-28 16:00:00+00:00,2024-02-28 16:00:00+00:00,3348.38,3348.38,3381.8638,0.38894466575115266,1303.6381780859306,1314.0425274216161,10.404349335685538,0.007981009999999959,1,0.00026281365914266274,take_profit
2024-02-28 17:00:00+00:00,2024-02-28 17:00:00+00:00,3423.38,3328.28870107689,3361.5715880876587,1.312285117262003,4372.0357641386245,4406.929025292572,34.893261153947606,0.007981009999999908,6,0.07221517915043035,take_profit
2024-02-28 18:00:00+00:00,2024-02-28 18:00:00+00:00,3342.02,3286.9014062236624,3319.770420285899,1.0433007824286635,3432.6594683473686,3460.055557890844,27.396089543475227,0.007981010000000057,5,0.04112782089873784,take_profit
2024-02-28 19:00:00+00:00,2024-02-28 23:00:00+00:00,3318.34,3313.212024400163,3346.3441446441648,0.46549486174122046,1543.8270002177205,1556.1482989447284,12.321298727007843,0.007981010000000139,2,0.019551944647022337,take_profit
2024-02-29 00:00:00+00:00,2024-02-29 00:00:00+00:00,3383.11,3383.11,3416.9411,0.38620708138248905,1307.8889280239364,1318.3272026373847,10.438274613448357,0.007981010000000031,1,0.0026395831054858666,take_profit
2024-02-29 01:00:00+00:00,2024-02-29 06:00:00+00:00,3449.39,3444.059507116714,3478.500102187881,0.4481994938663146,1545.1708988340142,1557.5029232293173,12.332024395303051,0.007981009999999868,2,0.017229133267041372,take_profit
2024-02-29 07:00:00+00:00,2024-02-29 11:00:00+00:00,3479.78,3474.402544123628,3509.1465695648644,0.4444946021148577,1545.899075512594,1558.2369114932508,12.337835980656791,0.007981010000000016,2,0.010707573467288223,take_profit
2024-02-29 12:00:00+00:00,2024-03-03 22:00:00+00:00,3513.88,3455.926988258958,3490.4862581415473,0.9951168522887042,3442.493679975812,3469.968256460635,27.474576484823046,0.007981009999999794,5,0.06086718954545975,take_profit
2024-03-03 23:00:00+00:00,2024-03-04 00:00:00+00:00,3473.83,3468.4617389182595,3503.146356307442,0.4459330303167562,1548.2499036772224,1560.606501640969,12.356597963746708,0.007981009999999844,2,0.014407728645327989,take_profit
2024-03-04 01:00:00+00:00,2024-03-04 08:00:00+00:00,3485.52,3485.52,3520.3752,0.37593365053201233,1311.6358934958355,1322.1040726781846,10.468179182349104,0.007981009999999929,1,0.008366040074364759,take_profit
2024-03-04 09:00:00+00:00,2024-03-04 15:00:00+00:00,3534.01,3513.030929688636,3548.1612389855227,0.5756994226594989,2024.4743523590698,2040.6317024099908,16.157350050920968,0.007981009999999856,3,0.021216691520397513,take_profit
2024-03-04 16:00:00+00:00,2024-03-04 18:00:00+00:00,3560.42,3560.4200000000005,3596.0242000000007,0.36839872902285153,1312.9671699574988,1323.4459740706013,10.47880411310257,0.007981010000000056,1,0.00898770369787834,take_profit
2024-03-04 19:00:00+00:00,2024-03-04 23:00:00+00:00,3596.41,3590.8523106954044,3626.7608338023583,0.43154637099317417,1551.1704539069626,1563.5503608112988,12.379906904336167,0.007981010000000103,2,0.010596678354247617,take_profit
2024-03-05 00:00:00+00:00,2024-03-05 03:00:00+00:00,3627.75,3627.75,3664.0275,0.36187609273044236,1314.1101055083707,1324.598031401534,10.487925893163265,0.007981009999999927,1,0.005653642064640678,take_profit
2024-03-05 04:00:00+00:00,2024-03-05 04:00:00+00:00,3689.81,3689.81,3726.7081,0.3559315702708881,1314.6345018030288,1325.1266129082637,10.492111105234926,0.00798100999999995,1,0.0048105458004612705,take_profit
2024-03-05 05:00:00+00:00,2024-03-05 05:00:00+00:00,3695.65,3689.9389507930055,3726.8383403009357,0.4204912762996697,1553.140279165981,1565.5359072654073,12.395628099426403,0.007981009999999946,2,0.014652361560212707,take_profit
2024-03-05 06:00:00+00:00,2024-03-05 12:00:00+00:00,3715.8,3710.057812118748,3747.1583902399357,0.4184081267439492,1553.872211491852,1566.2736811504906,12.401469658638462,0.00798100999999992,2,0.01720490876796391,take_profit
2024-03-05 13:00:00+00:00,2024-03-05 14:00:00+00:00,3759.0,3759.0,3796.59,0.3498490458323883,1316.3989622461938,1326.9051555278704,10.506193281676588,0.00798101000000007,1,0.00347166799680771,take_profit
2024-03-05 15:00:00+00:00,2024-03-05 16:00:00+00:00,3803.95,3741.2129802348577,3778.6251100372065,0.924344030529842,3461.6295147355863,3489.2568145089863,27.627299773399955,0.007981010000000026,5,0.03679070439937429,take_profit
2024-03-05 17:00:00+00:00,2024-03-05 17:00:00+00:00,3688.06,3627.2343074659157,3663.506650540575,0.9543897574029234,3465.2605312772334,3492.9168102299623,27.656278952728826,0.007981009999999974,5,0.03568271665862267,take_profit
2024-03-05 18:00:00+00:00,2024-03-05 19:00:00+00:00,3686.51,3483.1944907629404,3518.0264356705698,2.0907296290594,7289.7076332477955,7347.886862765823,58.17922951802757,0.00798101000000008,8,0.13197034593694312,take_profit
2024-03-05 20:00:00+00:00,2024-03-05 20:00:00+00:00,3376.46,3371.24220902806,3404.954631118341,0.4628450113676143,1561.9245631236975,1574.3902986812332,12.465735557535709,0.007981009999999903,2,0.01533558816038105,take_profit
2024-03-05 21:00:00+00:00,2024-03-05 21:00:00+00:00,3387.81,3387.81,3421.6881,0.39019233026682787,1323.2206991003625,1333.7813367320894,10.560637631726877,0.007981009999999919,1,0.0007674574430088786,take_profit
2024-03-05 22:00:00+00:00,2024-03-05 23:00:00+00:00,3520.05,3499.153800937316,3534.145338946689,0.5830874965290457,2042.355184943578,2058.6552420981643,16.300057154586284,0.007981009999999872,3,0.024170111220011187,take_profit
2024-03-06 00:00:00+00:00,2024-03-06 00:00:00+00:00,3553.66,3553.6599999999994,3589.1965999999993,0.37235953076710737,1324.5637338396782,1335.13509024509,10.571356405411734,0.007981009999999943,1,0.002324364176651611,take_profit
2024-03-06 01:00:00+00:00,2024-03-06 04:00:00+00:00,3562.6,3557.0945587637248,3592.665504351362,0.43948959238848306,1564.8709086269873,1577.3601589974485,12.48925037046115,0.00798101000000005,2,0.017739852916409313,take_profit
2024-03-06 05:00:00+00:00,2024-03-06 05:00:00+00:00,3649.28,3649.28,3685.7728,0.3629184516984976,1325.716764178472,1336.297322930548,10.580558752076058,0.007981010000000024,1,0.0006247807786742042,take_profit
2024-03-06 06:00:00+00:00,2024-03-06 08:00:00+00:00,3769.44,3769.44,3807.1344,0.3514897561239759,1326.2457921160758,1336.8305730454122,10.584780929336375,0.00798101000000004,1,0.007589986841546789,take_profit
2024-03-06 09:00:00+00:00,2024-03-06 09:00:00+00:00,3825.38,3825.3800000000006,3863.6338000000005,0.3464879975666156,1326.7750311625425,1337.364035954001,10.589004791458592,0.007981010000000021,1,0.009761121770909072,take_profit
2024-03-06 10:00:00+00:00,2024-03-06 10:00:00+00:00,3792.23,3792.23,3830.1523,0.3496563175020274,1327.3044814021155,1337.8977117412308,10.59323033911528,0.007981010000000137,1,0.00011338974692986351,take_profit
2024-03-06 11:00:00+00:00,2024-03-06 11:00:00+00:00,3839.8,3839.8,3878.1980000000003,0.34546234407421017,1327.8341429190714,1338.43160049205,10.597457572978556,0.007981010000000014,1,0.001122454294494609,take_profit
2024-03-06 12:00:00+00:00,2024-03-06 12:00:00+00:00,3879.74,3826.3964187827296,3864.660382970557,0.7861045088290299,3010.958435808165,3034.9889251939344,24.030489385769215,0.007981009999999964,4,0.03215163902735745,take_profit
2024-03-06 13:00:00+00:00,2024-03-06 14:00:00+00:00,3817.42,3811.5207742984953,3849.6359820414805,0.4115374229093235,1570.1535904105624,1582.6850019171652,12.531411506602808,0.00798101000000013,2,0.012702296315312498,take_profit
2024-03-06 15:00:00+00:00,2024-03-06 16:00:00+00:00,3781.96,3776.1155721838145,3813.876727905653,0.4155917944999058,1570.8935404233332,1583.4308574783875,12.537317055054245,0.007981010000000139,2,0.015325386836455181,take_profit
2024-03-06 17:00:00+00:00,2024-03-06 18:00:00+00:00,3816.01,3816.01,3854.1701000000003,0.3483974511907454,1330.8189766950916,1341.4402562562848,10.621279561193205,0.007981009999999934,1,0.006889394943933694,take_profit
2024-03-06 19:00:00+00:00,2024-03-07 14:00:00+00:00,3862.11,3809.008818360244,3847.098906543846,0.7914681156863526,3017.726758859142,3041.811266298864,24.084507439722074,0.007981009999999891,4,0.03291206102363737,take_profit
2024-03-07 15:00:00+00:00,2024-03-07 15:00:00+00:00,3806.85,3806.85,3844.9184999999998,0.34969113881006403,1332.5542660451374,1343.1893949679861,10.635128922848708,0.007981009999999854,1,0.0027161564022747655,take_profit
2024-03-07 16:00:00+00:00,2024-03-07 18:00:00+00:00,3837.17,3837.1699999999996,3875.5416999999998,0.3470664412754162,1333.08602249128,1343.7253953676432,10.639372876363268,0.007981010000000104,1,0.006444853889715602,take_profit
2024-03-07 19:00:00+00:00,2024-03-07 20:00:00+00:00,3879.08,3879.0799999999995,3917.8707999999997,0.34345369859450264,1333.6179911350982,1344.2616096585275,10.643618523429268,0.007981010000000103,1,0.006870185714138427,take_profit
2024-03-07 21:00:00+00:00,2024-03-08 07:00:00+00:00,3928.87,3905.5469081088595,3944.602377189948,0.52651901714885,2058.4031226088155,2074.831258514387,16.428135905571708,0.00798100999999977,3,0.022619735445560656,take_profit
2024-03-08 08:00:00+00:00,2024-03-08 08:00:00+00:00,3908.16,3908.1599999999994,3947.2415999999994,0.341244116739768,1334.9715788565481,1345.626000377118,10.65442152056994,0.007981010000000031,1,2.558748874089989e-06,take_profit
2024-03-08 09:00:00+00:00,2024-03-08 13:00:00+00:00,3940.03,3940.03,3979.4303000000004,0.3386189434173455,1335.5042999325765,1346.1629731053813,10.65867317280481,0.00798100999999994,1,0.004431438339301994,take_profit
2024-03-08 14:00:00+00:00,2024-03-08 15:00:00+00:00,3971.08,3947.5063353719843,3986.9813987257044,0.5216592702912753,2061.3145889693055,2077.7659613170154,16.45137234770982,0.007981009999999953,3,0.02142490204176192,take_profit
2024-03-08 16:00:00+00:00,2024-03-08 17:00:00+00:00,3900.76,3877.6037785100343,3916.379816295135,0.5313903195991432,2062.583694836129,2079.045195930453,16.46150109432392,0.007981009999999917,3,0.020703657748746454,take_profit
2024-03-08 18:00:00+00:00,2024-03-11 07:00:00+00:00,3942.38,3877.3599098353816,3916.1335089337354,0.9059460247065512,3516.1949916635795,3544.257779053996,28.06278739041636,0.007981009999999834,5,0.0556592718104293,take_profit
2024-03-11 08:00:00+00:00,2024-03-11 09:00:00+00:00,4001.4,4001.4,4041.414,0.3343197207517885,1339.0860166328393,1349.7732755224463,10.687258889606937,0.00798101000000006,1,0.003633728195131695,take_profit
2024-03-11 10:00:00+00:00,2024-03-11 18:00:00+00:00,4037.01,4037.01,4077.3801000000003,0.3315029586743016,1339.6203795773197,1350.31190322293,10.691523645610232,0.007981009999999886,1,0.009435200804555883,take_profit
2024-03-11 19:00:00+00:00,2024-03-13 02:00:00+00:00,4058.44,3991.5057788625923,4031.420836651218,0.8816648474311706,3522.6930265680917,3550.807674840061,28.114648271969145,0.007981009999999698,5,0.05653896571096284,take_profit
2024-03-13 03:00:00+00:00,2024-03-13 07:00:00+00:00,4032.61,4032.61,4072.9361000000004,0.3323453365153152,1341.5606881731985,1352.2676974411158,10.707009267917329,0.007981010000000111,1,0.001862317456932413,take_profit
2024-03-13 08:00:00+00:00,2024-03-13 08:00:00+00:00,4038.36,4038.36,4078.7436000000002,0.3320045619008602,1342.0960386365944,1352.8073205419134,10.711281905319083,0.007981010000000028,1,6.685882387899589e-05,take_profit
2024-03-13 09:00:00+00:00,2024-04-08 18:00:00+00:00,4063.76,3670.715853859938,3707.423012398537,3.0763415552759357,11303.679398237755,11393.894176551883,90.21477831412813,0.007981009999999879,10,0.2478492824379393,take_profit
2024-04-08 19:00:00+00:00,2024-04-08 22:00:00+00:00,3691.6,3691.5999999999995,3728.5159999999996,0.36455607305935606,1347.1423416475664,1357.8938981476788,10.751556500112429,0.00798100999999984,1,0.0028551305666919395,take_profit
2024-04-08 23:00:00+00:00,2024-05-20 19:00:00+00:00,3721.24,3361.3241589113914,3394.937400500505,3.372133926984151,11346.181417273841,11436.73540462692,90.5539873530779,0.007981010000000106,10,0.24299427072696195,take_profit
2024-05-20 20:00:00+00:00,2024-05-20 20:00:00+00:00,3438.86,3438.86,3473.2486000000004,0.39282070547256526,1352.2076188402261,1362.9996013682662,10.79198252804008,0.007981010000000035,1,0.00537678184049372,take_profit
2024-05-20 21:00:00+00:00,2024-05-20 21:00:00+00:00,3500.07,3500.07,3535.0707,0.3861049838285124,1352.747217966628,1363.543507040692,10.796289074063907,0.00798101000000005,1,0.0042999140017200175,take_profit
2024-05-20 22:00:00+00:00,2024-05-20 22:00:00+00:00,3646.09,3640.455538023587,3676.8600934038227,0.4385630750959549,1598.1675430487721,1610.9225341915196,12.754991142747485,0.007981009999999877,2,0.010781412417137247,take_profit
2024-05-20 23:00:00+00:00,2024-05-20 23:00:00+00:00,3611.96,3611.96,3648.0796,0.37447005426291846,1353.9247819774685,1364.7304692016783,10.805687224209805,0.00798100999999986,1,0.0002796265739377563,take_profit
2024-05-21 00:00:00+00:00,2024-05-21 00:00:00+00:00,3661.79,3661.79,3698.4079,0.36952162774827074,1354.465066338679,1365.2750655777788,10.809999239099852,0.007981010000000142,1,2.730904830632978e-06,take_profit
2024-05-21 01:00:00+00:00,2024-05-21 10:00:00+00:00,3688.9,3683.199381862546,3720.0313756811715,0.43402397941008203,1600.1970497264629,1612.9682383823003,12.771188655837477,0.00798101000000005,2,0.017517417116213477,take_profit
2024-05-21 11:00:00+00:00,2024-05-21 11:00:00+00:00,3717.0,3717.0,3754.17,0.3643498739864655,1355.6441257334259,1366.4635350573453,10.819409323919444,0.00798100999999979,1,0.0015577078288942598,take_profit
2024-05-21 12:00:00+00:00,2024-05-21 13:00:00+00:00,3777.98,3777.98,3815.7598000000003,0.35861198606224015,1356.1850961996217,1367.008823014242,10.823726814620159,0.00798101000000001,1,0.007784583295835302,take_profit
2024-05-21 14:00:00+00:00,2024-05-21 14:00:00+00:00,3768.75,3768.75,3806.4375,0.35963371310323383,1356.726282540353,1367.55432856857,10.828046028217159,0.007981009999999835,1,0.0007907131011608672,take_profit
2024-05-21 15:00:00+00:00,2024-05-21 16:00:00+00:00,3775.99,3775.99,3813.7499,0.3590873961946197,1357.2676848417639,1368.1000518071628,10.832366965398933,0.007981009999999976,1,0.0024470403788145047,take_profit
2024-05-21 17:00:00+00:00,2024-05-21 22:00:00+00:00,3774.11,3751.7056154473757,3789.2226716018495,0.5578291824565237,2094.905782064623,2111.6252460603387,16.719463995715614,0.007981010000000018,3,0.024755505271441554,take_profit
2024-05-21 23:00:00+00:00,2024-05-22 17:00:00+00:00,3813.79,3750.8906930663916,3788.3995999970557,0.9511673761972725,3571.296155081811,3599.79870540848,28.50255032666928,0.007981009999999943,5,0.042120829935575865,take_profit
2024-05-22 18:00:00+00:00,2024-05-22 21:00:00+00:00,3740.0,3734.2204148027654,3771.562618950793,0.4296940258302435,1606.178381755838,1618.9973074824152,12.818925726577163,0.007981010000000002,2,0.010534759358288794,take_profit
2024-05-22 22:00:00+00:00,2024-05-23 07:00:00+00:00,3774.5,3768.667100447336,3806.3537714518093,0.4259671471909502,1606.9353087987406,1619.7602755676164,12.82496676887581,0.007981009999999985,2,0.010610676910849168,take_profit
2024-05-23 08:00:00+00:00,2024-05-23 11:00:00+00:00,3813.99,3813.9899999999993,3852.1298999999995,0.3565796569818996,1361.352598530926,1372.2175672333271,10.864968702401256,0.007981009999999964,1,0.006043539705138118,take_profit
2024-05-23 12:00:00+00:00,2024-05-23 12:00:00+00:00,3918.45,3853.8245777156053,3892.3628234927614,0.9279770263006821,3579.840512025035,3608.4112549499114,28.570742924876413,0.007981009999999858,5,0.049879416606055924,take_profit
2024-05-23 13:00:00+00:00,2024-05-23 13:00:00+00:00,3865.45,3801.6986854319416,3839.715672286261,0.9416874467581846,3583.595523952304,3612.196235664923,28.600711712618704,0.007981010000000035,5,0.03504119830808827,take_profit
2024-05-23 14:00:00+00:00,2024-05-23 14:00:00+00:00,3781.62,3781.6200000000003,3819.4362000000006,0.3605305835272245,1364.7544196979206,1375.646538369074,10.892118671153412,0.00798101000000008,1,0.007626361189119925,take_profit
2024-05-23 15:00:00+00:00,2024-05-23 15:00:00+00:00,3763.98,3763.9799999999996,3801.6197999999995,0.3623647645858498,1365.2990256314783,1376.1954908080334,10.896465176555012,0.007981009999999946,1,0.0013230676039723958,take_profit
2024-05-23 16:00:00+00:00,2024-05-23 18:00:00+00:00,3812.96,3750.074381923081,3787.575125742312,0.9564151357250527,3590.2181170830895,3618.8716837777115,28.653566694621986,0.00798101000000019,5,0.03355922957492343,take_profit
2024-05-23 19:00:00+00:00,2024-05-23 19:00:00+00:00,3776.57,3776.57,3814.3357,0.36167984459385427,1367.2765272250372,1378.1887748615857,10.9122476365485,0.007981010000000151,1,0.00674421498873323,take_profit
2024-05-23 20:00:00+00:00,2024-05-23 20:00:00+00:00,3791.33,3686.018146116949,3722.8783275781184,1.2427707202151705,4585.460887063012,4622.05749625727,36.596609194258235,0.007981009999999884,6,0.07736862789575161,take_profit
2024-05-23 21:00:00+00:00,2024-05-23 21:00:00+00:00,3756.01,3756.01,3793.5701000000004,0.36429144706657085,1369.6519700665774,1380.5831761361985,10.931206069621112,0.007981010000000042,1,0.009587301418260393,take_profit
2024-05-23 22:00:00+00:00,2024-05-26 11:00:00+00:00,3843.4,3780.012347227133,3817.8124706994045,0.9518654208450643,3601.6647084012957,3630.409630455694,28.744922054398103,0.007981010000000077,5,0.05653848155279184,take_profit
2024-05-26 12:00:00+00:00,2024-05-26 14:00:00+00:00,3813.79,3813.79,3851.9279,0.3592919748324646,1371.6357764727782,1382.582815321165,10.94703884838691,0.007981009999999929,1,0.005676767729738683,take_profit
2024-05-26 15:00:00+00:00,2024-05-27 02:00:00+00:00,3862.4,3856.431264741765,3894.995577389183,0.41978252392900156,1620.4829326046142,1633.416023094561,12.933090489946835,0.00798101000000005,2,0.011653376139188126,take_profit
2024-05-27 03:00:00+00:00,2024-05-27 08:00:00+00:00,3914.49,3914.49,3953.6349,0.3503539294152636,1372.829782939695,1383.7863511656344,10.956568225939463,0.007981009999999948,1,0.00658578767604458,take_profit
2024-05-27 09:00:00+00:00,2024-05-27 14:00:00+00:00,3911.48,3911.4799999999996,3950.5947999999994,0.3507634536645058,1373.377611350992,1384.3385518009602,10.96094044996812,0.00798100999999981,1,0.0069820119238753475,take_profit
2024-05-27 15:00:00+00:00,2024-05-28 10:00:00+00:00,3943.86,3889.6348157815887,3928.5311639394045,0.7998481626599125,3114.2314923132444,3139.0862049957113,24.854712682466925,0.00798101,4,0.03099247944906767,take_profit
2024-05-28 11:00:00+00:00,2024-05-29 04:00:00+00:00,3899.33,3845.7170706418638,3884.1742413482825,0.8097140934164233,3117.0483597505904,3141.925553880244,24.877194129653617,0.007981010000000179,4,0.0321670645982771,take_profit
2024-05-29 05:00:00+00:00,2024-05-31 12:00:00+00:00,3871.79,3807.934122357949,3846.0134635815284,0.9491708128307472,3617.9979240484804,3646.873201660291,28.875277611810816,0.00798101000000018,5,0.043703300024019905,take_profit
2024-05-31 13:00:00+00:00,2024-06-03 06:00:00+00:00,3825.07,3802.36309977168,3840.3867307693968,0.558523504423764,2125.8349985746595,2142.801308956634,16.96631038197438,0.007981010000000018,3,0.0264884041337806,take_profit
2024-06-03 07:00:00+00:00,2024-06-05 17:00:00+00:00,3826.29,3803.5758574419237,3841.611616016343,0.5586891819829866,2127.1438282326976,2144.120584397261,16.97675616456354,0.007981010000000045,3,0.02516536906507347,take_profit
2024-06-05 18:00:00+00:00,2024-06-05 20:00:00+00:00,3840.94,3840.94,3879.3494,0.3588115455464266,1379.5531709220138,1390.563398574674,11.010227652660205,0.00798100999999993,1,0.0018380917171317295,take_profit
2024-06-05 21:00:00+00:00,2024-07-15 06:00:00+00:00,3863.88,3316.7114614228494,3349.878576037078,4.7032347163728385,15614.887376932573,15739.509949236743,124.62257230416981,0.00798100999999982,11,0.2727517417725188,take_profit
2024-07-15 07:00:00+00:00,2024-07-15 15:00:00+00:00,3349.15,3349.15,3382.6415,0.41352237914364404,1386.3348109198553,1397.3991629091547,11.064351989299439,0.007981009999999974,1,0.006315035158174489,take_profit
2024-07-15 16:00:00+00:00,2024-07-15 16:00:00+00:00,3367.82,3367.82,3401.4982,0.4113940592106469,1386.8880285193202,1397.9567957438132,11.068767224493058,0.007981010000000057,1,0.0028534779174659354,take_profit
2024-07-15 17:00:00+00:00,2024-07-15 19:00:00+00:00,3389.11,3389.11,3423.0011,0.40897286467941857,1387.4414668805448,1398.514651102133,11.073184221588235,0.007981009999999955,1,0.004130878018122752,take_profit
2024-07-15 20:00:00+00:00,2024-07-15 20:00:00+00:00,3406.0,3406.0,3440.06,0.4071072022799567,1387.9951260916243,1399.0727290729128,11.077602981288464,0.007981009999999964,1,0.0008191426893716863,take_profit
2024-07-15 21:00:00+00:00,2024-07-15 22:00:00+00:00,3432.8,3432.8,3467.128,0.4040900889170497,1388.5490062406889,1399.6310297449859,11.082023504297013,0.007981010000000009,1,0.004596830575623456,take_profit
2024-07-15 23:00:00+00:00,2024-07-16 15:00:00+00:00,3472.75,3415.4753288320308,3449.6300821203513,1.0679934801347613,3651.3567394932315,3680.4982541446952,29.141514651463694,0.007981010000000224,5,0.03634007630840107,take_profit
2024-07-16 16:00:00+00:00,2024-07-17 01:00:00+00:00,3476.21,3470.8380610004065,3505.5464416104105,0.4726648564280088,1642.1853591467723,1655.2916569199765,13.106297773204233,0.007981010000000153,2,0.017806749304558726,take_profit
2024-07-17 02:00:00+00:00,2024-07-18 12:00:00+00:00,3482.33,3434.4505149880315,3468.7950201379117,0.9172554270348166,3153.421795550843,3178.5892864353523,25.167490884509334,0.007981010000000031,4,0.030534153856756806,take_profit
2024-07-18 13:00:00+00:00,2024-07-19 14:00:00+00:00,3472.41,3424.666907716842,3458.9135767940106,0.9207078883988041,3156.2741111844202,3181.4643664285245,25.190255244104264,0.007981010000000094,4,0.030298841438655008,take_profit
2024-07-19 15:00:00+00:00,2024-07-19 17:00:00+00:00,3468.01,3468.01,3502.6901000000003,0.40148086422998314,1393.7333853435673,1404.8567854293285,11.123400085761205,0.007981010000000245,1,0.008168949916522842,take_profit
2024-07-19 18:00:00+00:00,2024-07-19 19:00:00+00:00,3500.61,3500.61,3535.6161,0.3979007275282044,1394.2895553478554,1405.4173942319821,11.127838884126732,0.00798100999999996,1,0.0025966902911207317,take_profit
2024-07-19 20:00:00+00:00,2024-07-21 20:00:00+00:00,3522.98,3474.5416072837825,3509.2870233566205,0.909037657349364,3161.6508138620056,3186.8839806239466,25.233166761940993,0.00798101000000006,4,0.031672050366451106,take_profit
2024-07-21 21:00:00+00:00,2024-07-21 22:00:00+00:00,3497.8,3497.8,3532.7780000000002,0.3987396357780687,1396.1076056301588,1407.2499543917693,11.142348761610492,0.007981010000000099,1,0.0021013208302362524,take_profit
2024-07-21 23:00:00+00:00,2024-07-23 08:00:00+00:00,3533.48,3484.897239980102,3519.7462123799028,0.9075181794840466,3165.7733722880084,3191.039441229973,25.266068941964477,0.00798101000000005,4,0.031453411367829975,take_profit
2024-07-23 09:00:00+00:00,2024-07-23 23:00:00+00:00,3521.48,3463.401644510955,3498.0356609560645,1.0599056918060978,3674.5536696974577,3703.88031928085,29.326649583392282,0.007981010000000047,5,0.03762054590683463,take_profit
2024-07-24 00:00:00+00:00,2024-07-27 13:00:00+00:00,3482.51,3290.4453388236693,3323.349792211906,2.346873175122277,7729.987887779182,7791.680998411425,61.69311063224359,0.007981009999999879,8,0.11341819549692607,take_profit
2024-07-27 14:00:00+00:00,2024-07-29 00:00:00+00:00,3317.6,3262.8841554771134,3295.5129970318844,1.1287038016061888,3686.5162667543705,3715.9383899445,29.422123190129696,0.007981010000000108,5,0.03815710151917039,take_profit
2024-07-29 01:00:00+00:00,2024-07-29 02:00:00+00:00,3286.58,3286.58,3319.4458,0.4267494387980639,1403.9501206856262,1415.1550606383196,11.204939952693394,0.007981010000000146,1,0.004542716136530934,take_profit
2024-07-29 03:00:00+00:00,2024-07-29 04:00:00+00:00,3330.99,3330.99,3364.2999,0.4212278803945907,1404.510367683261,1415.7197789728448,11.20941128958384,0.007981010000000042,1,0.0007655381733357732,take_profit
2024-07-29 05:00:00+00:00,2024-07-29 06:00:00+00:00,3343.71,3343.71,3377.1471,0.4197929148788299,1405.07083824774,1416.2847226585036,11.213884410763512,0.007981009999999941,1,0.00022729243863858358,take_profit
2024-07-29 07:00:00+00:00,2024-07-29 22:00:00+00:00,3373.57,3317.9310647434663,3351.110375390901,1.1124728062260778,3694.802885345188,3724.2911441211563,29.48825877596846,0.007981009999999908,5,0.03425747798326407,take_profit
2024-07-29 23:00:00+00:00,2024-07-30 12:00:00+00:00,3329.4,3324.254932899553,3357.4974822285485,0.4993790864036657,1661.7251164807383,1674.9873612526223,13.26224477188407,0.00798101000000008,2,0.014146693097855443,take_profit
2024-07-30 13:00:00+00:00,2024-07-31 07:00:00+00:00,3354.35,3299.0280524851264,3332.0183330099776,1.1205485502454806,3700.4215229543347,3729.9546241332478,29.533101178913057,0.007981009999999806,5,0.03612324295318022,take_profit
2024-07-31 08:00:00+00:00,2024-08-08 22:00:00+00:00,3317.49,2690.068963092426,2716.9696527233505,7.436495521899422,20024.710508145596,20184.527922958212,159.81741481261633,0.007981010000000063,12,0.36367554988862055,take_profit
2024-08-08 23:00:00+00:00,2024-08-11 08:00:00+00:00,2707.67,2663.0134860322873,2689.64362089261,1.3975078619389583,3725.3075907703637,3755.0393079053783,29.731717135014605,0.007981010000000115,5,0.05726694907429633,take_profit
2024-08-11 09:00:00+00:00,2024-08-11 09:00:00+00:00,2685.78,2685.78,2712.6378000000004,0.5277068286057295,1418.7231693019983,1430.0460131034292,11.322843801430963,0.007981010000000016,1,0.00135900930083629,take_profit
2024-08-11 10:00:00+00:00,2024-08-12 11:00:00+00:00,2684.16,2639.8912270211745,2666.2901392913864,1.4117902251363896,3730.703333064869,3760.478113673093,29.774780608223864,0.00798100999999995,5,0.0648657308059131,take_profit
2024-08-12 12:00:00+00:00,2024-08-12 13:00:00+00:00,2673.6,2657.7286124305074,2684.3058985548123,0.823961293812068,2192.0575636632566,2209.552396999428,17.49483333617127,0.007981009999999627,3,0.02645870736086168,take_profit
2024-08-12 14:00:00+00:00,2024-08-12 14:00:00+00:00,2614.67,2614.6700000000005,2640.8167000000008,0.5431779686909248,1421.6527921892898,1432.9990173402807,11.346225150990904,0.007981010000000182,1,0.008448484894843383,take_profit
2024-08-12 15:00:00+00:00,2024-08-12 23:00:00+00:00,2702.09,2686.0494862217056,2712.9099810839225,0.8161011828401321,2194.2824453179805,2211.7950354568884,17.512590138907854,0.007981010000000273,3,0.027460225233060433,take_profit
2024-08-13 00:00:00+00:00,2024-08-13 16:00:00+00:00,2722.3,2677.402199317382,2704.176221310556,1.3957440073565448,3740.7087837642334,3770.5634179745434,29.854634210309996,0.00798100999999995,5,0.04074863167174826,take_profit
2024-08-13 17:00:00+00:00,2024-08-14 05:00:00+00:00,2715.85,2711.6530784871898,2738.7696092720616,0.6198022827540397,1682.3711392226019,1695.7981601084489,13.427020885847014,0.007981010000000021,2,0.01500451055838872,take_profit
2024-08-14 06:00:00+00:00,2024-08-14 10:00:00+00:00,2724.09,2724.09,2751.3309000000004,0.5226826411362635,1425.2598157085927,1436.6348285503614,11.375012841768694,0.00798101000000018,1,0.0033368941554794977,take_profit
2024-08-14 11:00:00+00:00,2024-08-14 12:00:00+00:00,2742.81,2742.8100000000004,2770.2381000000005,0.5193224240046997,1425.8285663506813,1437.2081183970117,11.379552046330446,0.007981009999999997,1,0.00836003952151255,take_profit
2024-08-14 13:00:00+00:00,2024-08-18 12:00:00+00:00,2732.03,2656.1423447011707,2682.7037681481825,1.7984902572876122,4781.827956871,4819.991773613068,38.163816742067866,0.007981010000000175,6,0.07917921838339995,take_profit
2024-08-18 13:00:00+00:00,2024-08-20 00:00:00+00:00,2666.8,2622.8175385297704,2649.045713915068,1.430007687149555,3754.40364573398,3784.3675787746192,29.963933040639404,0.007981010000000014,5,0.03870556472176401,take_profit
2024-08-20 01:00:00+00:00,2024-08-20 05:00:00+00:00,2659.39,2659.39,2685.9838999999997,0.5371059256110202,1429.8039314421333,1441.215210917012,11.411279474878711,0.007981009999999811,1,0.005531343653995855,take_profit
2024-08-20 06:00:00+00:00,2024-08-23 05:00:00+00:00,2684.01,2639.7437009109376,2666.141137920047,1.4228963546652165,3759.841530807448,3789.848863663238,30.007332855789628,0.00798101000000002,5,0.05506313314779021,take_profit
2024-08-23 06:00:00+00:00,2024-08-23 14:00:00+00:00,2674.7,2670.5666693777957,2697.2723360715736,0.6325567793969546,1690.9760275740443,1704.471724159873,13.495696585828682,0.007981009999999976,2,0.015654092047706247,take_profit
2024-08-23 15:00:00+00:00,2024-08-23 15:00:00+00:00,2650.25,2650.25,2676.7525,0.5399932448791889,1432.5496468879583,1443.9828399452676,11.433193057309381,0.007981010000000082,1,0.001150834826903191,take_profit
2024-08-23 16:00:00+00:00,2024-08-23 17:00:00+00:00,2671.09,2671.09,2697.8009,0.5359939894328842,1433.1213065408238,1444.559062019539,11.43775547871519,0.007981009999999867,1,0.0030287261005807163,take_profit
2024-08-23 18:00:00+00:00,2024-08-23 20:00:00+00:00,2726.99,2726.99,2754.2599,0.5252162644969159,1433.6931943147595,1445.1355140355176,11.442319720758178,0.007981010000000097,1,0.005419895195801872,take_profit
2024-08-23 21:00:00+00:00,2024-08-23 21:00:00+00:00,2752.97,2752.97,2780.4997,0.520467366150193,1434.2653103007974,1445.7121960849613,11.446885784163896,0.00798101000000009,1,0.00011260565861594767,take_profit
2024-08-23 22:00:00+00:00,2024-08-23 22:00:00+00:00,2772.9,2768.6149166327773,2796.301065799105,0.6114178101671535,1694.474944468197,1707.998565944747,13.523621476550034,0.007981009999999946,2,0.017797251974467132,take_profit
2024-08-23 23:00:00+00:00,2024-08-24 16:00:00+00:00,2759.87,2759.87,2787.4687,0.5196180696294279,1435.513835663833,1446.9706859414043,11.45685027757122,0.007981009999999868,1,0.007417016018870382,take_profit
2024-08-24 17:00:00+00:00,2024-09-20 07:00:00+00:00,2813.93,2541.768574584152,2567.1862603299933,4.751963560846801,12090.482128658063,12186.976387431701,96.49425877363865,0.007981009999999782,10,0.23574857938896834,take_profit
2024-09-20 08:00:00+00:00,2024-09-21 00:00:00+00:00,2561.0,2557.0423749491665,2582.612798698658,0.6648095107833427,1701.6477380803124,1715.2286056944088,13.580867614096405,0.00798101000000003,2,0.017493166731745485,take_profit
2024-09-21 01:00:00+00:00,2024-09-21 23:00:00+00:00,2568.15,2564.181325742172,2589.8231389995935,0.6632710367428041,1702.4496559775257,1716.0369237063787,13.587267728853021,0.0079810099999999,2,0.015256118217393956,take_profit
2024-09-22 00:00:00+00:00,2024-09-23 00:00:00+00:00,2612.4,2569.314735883895,2595.007883242734,1.4740576625083046,3791.1091830081646,3821.3660633088443,30.256880300679768,0.007981009999999941,5,0.033616597764507795,take_profit
2024-09-23 01:00:00+00:00,2024-09-23 01:00:00+00:00,2593.98,2593.98,2619.9198,0.5560331456898959,1443.7826418985749,1455.305485601394,11.522843702819046,0.00798101000000007,1,0.0019005543604807425,take_profit
2024-09-23 02:00:00+00:00,2024-09-23 02:00:00+00:00,2614.0,2614.0,2640.14,0.5519948069241133,1444.3587840837158,1455.8862259830757,11.527441899359928,0.007981009999999967,1,0.0019166029074216596,take_profit
2024-09-23 03:00:00+00:00,2024-09-23 03:00:00+00:00,2636.01,2636.01,2662.3701,0.5476042279894632,1444.9351561786837,1456.467198109497,11.53204193081342,0.007981009999999851,1,0.0013619068212943597,take_profit
2024-09-23 04:00:00+00:00,2024-09-23 16:00:00+00:00,2676.71,2672.573563237088,2699.2992988694587,0.6381016019673442,1707.0805526297888,1720.7047795911328,13.624226961343993,0.007981010000000071,2,0.016908817167343573,take_profit
2024-09-23 17:00:00+00:00,2024-09-23 18:00:00+00:00,2663.41,2663.41,2690.0441,0.5424424991472092,1446.1929696232917,1457.735050175785,11.542080552493417,0.007981010000000158,1,0.0020011939581213284,take_profit
2024-09-23 19:00:00+00:00,2024-09-24 22:00:00+00:00,2680.01,2643.161826901263,2669.5934451702756,1.2394497080853588,3279.34550027541,3305.5179895065626,26.172489231152667,0.007981009999999884,4,0.033003608195491904,take_profit
2024-09-24 23:00:00+00:00,2024-09-26 14:00:00+00:00,2666.18,2622.207763940791,2648.429841580199,1.4501413527105393,3806.378292181359,3836.757035395041,30.3787432136819,0.007981009999999882,5,0.04205642529761669,take_profit
2024-09-26 15:00:00+00:00,2024-09-26 15:00:00+00:00,2613.68,2613.68,2639.8168,0.5540647813190157,1449.5976352731582,1461.1668884962496,11.569253223091437,0.007981010000000005,1,0.0022037892932569264,take_profit
2024-09-26 16:00:00+00:00,2024-09-27 08:00:00+00:00,2652.01,2647.9117332248884,2674.390850557137,0.6461228693059303,1712.5889156557598,1726.2571049174976,13.66818926173778,0.007981010000000002,2,0.013876267434889076,take_profit
2024-09-27 09:00:00+00:00,2024-09-27 14:00:00+00:00,2667.0,2667.0,2693.67,0.5434603104199484,1450.8595073973995,1462.4388316345335,11.57932423713396,0.007981010000000167,1,0.009636295463067048,take_profit
2024-09-27 15:00:00+00:00,2024-09-27 16:00:00+00:00,2681.97,2681.97,2708.7897,0.5406425258804711,1451.4384736092563,1463.0224185815164,11.583944972260042,0.007981009999999884,1,0.0012975536639112362,take_profit
2024-09-27 17:00:00+00:00,2024-10-14 14:00:00+00:00,2718.19,2568.2785162245364,2593.9613013867815,3.119851807102401,8020.669039024417,8084.682078831562,64.0130398071451,0.007981010000000106,8,0.15016978209764587,take_profit
2024-10-14 15:00:00+00:00,2024-10-14 22:00:00+00:00,2622.59,2622.59,2648.8159,0.5543234377182016,1455.2183228482265,1466.8324348350613,11.614111986834814,0.007981009999999924,1,0.002848329323302634,take_profit
2024-10-14 23:00:00+00:00,2024-10-15 13:00:00+00:00,2649.79,2634.059956587461,2660.4005561533354,0.8518575418390292,2246.089929604819,2264.015995793894,17.926066189074845,0.007981009999999771,3,0.02633416232984491,take_profit
2024-10-15 14:00:00+00:00,2024-10-15 14:00:00+00:00,2671.19,2627.1351360227,2653.406487382927,1.4560342363095113,3829.0277291898865,3859.5872377868277,30.559508596941214,0.007981009999999853,5,0.040745884792920066,take_profit
2024-10-15 15:00:00+00:00,2024-10-15 16:00:00+00:00,2568.02,2564.0515266368448,2589.692041903213,0.6709577309284969,1722.0922865825883,1735.8363223427268,13.744035760138559,0.007981010000000033,2,0.011939159352341437,take_profit
2024-10-15 17:00:00+00:00,2024-10-16 01:00:00+00:00,2592.84,2588.833171207808,2614.721502919886,0.6648481464443498,1722.9038391703295,1736.6543519397862,13.75051276945669,0.007981009999999941,2,0.011277209546289102,take_profit
2024-10-16 02:00:00+00:00,2024-10-16 12:00:00+00:00,2619.49,2619.49,2645.6848999999997,0.556649743491571,1459.5980346133485,1471.247101123578,11.649066510229432,0.007981009999999965,1,0.007909936667061069,take_profit
2024-10-16 13:00:00+00:00,2024-10-18 01:00:00+00:00,2628.05,2612.4490125291727,2638.5735026544644,0.861489366869046,2252.8498956770986,2270.8299132229963,17.98001754589768,0.007981009999999912,3,0.020033865413519564,take_profit
2024-10-18 02:00:00+00:00,2024-10-18 18:00:00+00:00,2643.88,2639.7942968686457,2666.192239837332,0.6529826349809784,1725.4653010781258,1739.2362569006832,13.770955822557426,0.007981009999999938,2,0.013283507572204445,take_profit
2024-10-18 19:00:00+00:00,2024-10-20 14:00:00+00:00,2663.5,2659.383977226515,2685.9778169987803,0.6484780609179914,1726.278443231458,1740.0558887496727,13.77744551821479,0.007981010000000054,2,0.012194480946123529,take_profit
2024-10-20 15:00:00+00:00,2024-10-20 22:00:00+00:00,2711.0,2711.0,2738.11,0.5389134828381816,1462.4569088831936,1474.1287920975597,11.671883214366062,0.00798101000000014,1,0.00949465142014009,take_profit
2024-10-20 23:00:00+00:00,2024-10-29 02:00:00+00:00,2747.41,2595.886997693485,2621.8458676704195,3.1101028336526597,8081.5570644330355,8146.056052179845,64.49898774680969,0.007981009999999875,8,0.13278687927902996,take_profit
2024-10-29 03:00:00+00:00,2024-10-29 14:00:00+00:00,2612.82,2612.82,2638.9482000000003,0.5606200147652044,1466.2654524312527,1477.9677316697612,11.702279238508481,0.007981010000000089,1,0.002916389188692809,take_profit
2024-10-29 15:00:00+00:00,2024-10-29 16:00:00+00:00,2630.62,2630.62,2656.9262,0.5570488005971159,1466.850566393178,1478.5575154320677,11.706949038889661,0.00798101000000003,1,0.0029726832457746496,take_profit
2024-10-29 17:00:00+00:00,2024-10-30 06:00:00+00:00,2669.41,2653.563485677783,2680.099120534561,0.8523556905976842,2264.043981361046,2282.1133390167283,18.069357655682325,0.007981010000000002,3,0.026129369411218212,take_profit
2024-10-30 07:00:00+00:00,2024-10-30 09:00:00+00:00,2657.39,2657.39,2683.9638999999997,0.5519969000960261,1468.3393817279066,1480.058213016871,11.718831288964338,0.007981010000000068,1,0.0,take_profit
2024-10-30 10:00:00+00:00,2024-10-30 14:00:00+00:00,2692.19,2688.029641317609,2714.909937730785,0.644708711722351,1734.730857983352,1748.5757623082259,13.844904324873823,0.007981010000000064,2,0.014545778715469507,take_profit
2024-10-30 15:00:00+00:00,2024-11-06 03:00:00+00:00,2709.5,2560.0677802914374,2585.668458094352,3.167794890509145,8117.887521285589,8182.676462771845,64.78894148625568,0.007981010000000023,8,0.12988005167004976,take_profit
2024-11-06 04:00:00+00:00,2024-11-06 06:00:00+00:00,2579.31,2579.31,2605.1031,0.5704565013772398,1472.8570155829111,1484.6119021528484,11.754886569937298,0.007981009999999952,1,0.00709879774048096,take_profit
2024-11-06 07:00:00+00:00,2024-11-06 07:00:00+00:00,2583.95,2583.95,2609.7895,0.5696593645974174,1473.444759911408,1485.2043372747085,11.759577363300423,0.007981009999999915,1,0.0002012422840999175,take_profit
2024-11-06 08:00:00+00:00,2024-11-06 09:00:00+00:00,2593.99,2593.99,2619.9298999999996,0.5676809494411287,1474.032738779573,1485.7970088080997,11.764270028526653,0.007981009999999655,1,0.008862794382399232,take_profit
2024-11-06 10:00:00+00:00,2024-11-06 15:00:00+00:00,2622.03,2622.03,2648.2503,0.5618342777652118,1474.6209522809993,1486.3899168473636,11.768964566364275,0.007981010000000066,1,0.005350815970831836,take_profit
2024-11-06 16:00:00+00:00,2024-11-06 16:00:00+00:00,2634.2,2634.2,2660.542,0.5594617686997223,1475.2094005093177,1486.9830614868765,11.773660977558848,0.007981009999999985,1,0.0002923088603750596,take_profit
2024-11-06 17:00:00+00:00,2024-11-06 19:00:00+00:00,2656.11,2656.11,2682.6711,0.5550682334220486,1475.7980835581957,1487.5764428210546,11.778359262858885,0.007981010000000061,1,0.004815312618829779,take_profit
2024-11-06 20:00:00+00:00,2024-11-06 22:00:00+00:00,2687.25,2687.25,2714.1225,0.5488550058683849,1476.3870015213386,1488.1700609443503,11.783059423011764,0.007981009999999964,1,0.0066982975160480044,take_profit
2024-11-06 23:00:00+00:00,2024-11-07 01:00:00+00:00,2735.31,2731.0830061000406,2758.3938361610412,0.6380231812286816,1744.2385062577964,1758.1592912186254,13.920784960828996,0.007981010000000264,2,0.013095407833115868,take_profit
2024-11-07 02:00:00+00:00,2024-11-07 02:00:00+00:00,2813.46,2813.46,2841.5946,0.5246900690064156,1477.6721937405305,1489.4655102954955,11.793316554965031,0.007981009999999946,1,0.0009063572967094545,take_profit
2024-11-07 03:00:00+00:00,2024-11-07 17:00:00+00:00,2871.81,2824.446390927395,2852.690854836669,1.3743688616605163,3885.716888008046,3916.7288333484066,31.0119453403604,0.00798100999999982,5,0.033362234966797924,take_profit
2024-11-07 18:00:00+00:00,2024-11-07 18:00:00+00:00,2861.0,2861.0,2889.61,0.5167188550781061,1479.8124568352969,1491.622854851424,11.810398016127237,0.007981010000000111,1,0.00824886403355467,take_profit
2024-11-07 19:00:00+00:00,2024-11-07 21:00:00+00:00,2879.16,2879.16,2907.9516,0.51366460139741,1480.402976736103,1492.2180876974637,11.815110961360688,0.007981010000000056,1,0.009784103696911624,take_profit
2024-11-07 22:00:00+00:00,2024-11-08 00:00:00+00:00,2890.84,2890.84,2919.7484,0.5117933675166688,1480.993732284171,1492.8135580714684,11.819825787297304,0.007981010000000009,1,0.009198018568997296,take_profit
2024-11-08 01:00:00+00:00,2024-11-08 12:00:00+00:00,2907.08,2907.08,2936.1508,0.5091373952041094,1481.584723573536,1493.4092660682234,11.824542494687421,0.007981009999999861,1,0.007113667322536647,take_profit
2024-11-08 13:00:00+00:00,2024-11-08 18:00:00+00:00,2936.49,2931.9521138674254,2961.2716350060996,0.596404296809256,1750.379217967481,1764.3490120098716,13.969794042390504,0.007981009999999919,2,0.015818204727412598,take_profit
2024-11-08 19:00:00+00:00,2024-11-09 00:00:00+00:00,2957.93,2953.358981699878,2982.8925715168766,0.5923603963431108,1751.20410104427,1765.1804784867454,13.976377442475496,0.007981010000000096,2,0.01424306863245569,take_profit
2024-11-09 01:00:00+00:00,2024-11-09 05:00:00+00:00,2982.45,2982.45,3012.2745,0.4969369766511563,1483.5732592725137,1495.4136722905002,11.84041301798652,0.007981009999999997,1,0.009636372780767417,take_profit
2024-11-09 06:00:00+00:00,2024-11-09 19:00:00+00:00,3039.61,3034.9127580317204,3065.2618856120375,0.5769443579218226,1752.7285210524112,1766.7170649062157,13.988543853804458,0.007981009999999974,2,0.016130358828928777,take_profit
2024-11-09 20:00:00+00:00,2024-11-09 22:00:00+00:00,3070.4,3070.4,3101.1040000000003,0.4831226688408634,1484.864707116103,1496.715427192244,11.850720076140988,0.0079810100000002,1,0.0015763418447108342,take_profit
2024-11-09 23:00:00+00:00,2024-11-10 04:00:00+00:00,3134.36,3134.36,3165.7036000000003,0.47345288539822805,1485.4572431199101,1497.3126922318224,11.855449111912321,0.007981009999999924,1,0.009781901249377962,take_profit
2024-11-10 05:00:00+00:00,2024-11-10 05:00:00+00:00,3181.02,3181.02,3212.8302,0.46669431992251864,1486.0500155755058,1497.9101956103138,11.860180034808081,0.007981009999999875,1,0.004460833317615122,take_profit
2024-11-10 06:00:00+00:00,2024-11-10 10:00:00+00:00,3180.41,3180.41,3212.2140999999997,0.4669701018273333,1486.6430245772463,1498.5079374228274,11.864912845581102,0.007981009999999901,1,0.005467848484943725,take_profit
2024-11-10 11:00:00+00:00,2024-11-10 12:00:00+00:00,3200.27,3200.27,3232.2727,0.4642574013909157,1487.2362702195253,1499.1059177645102,11.8696475449849,0.007981010000000113,1,0.0068181747165083455,take_profit
2024-11-10 13:00:00+00:00,2024-11-10 17:00:00+00:00,3195.06,3195.06,3227.0106,0.46520000339404516,1487.8297525967746,1499.7041367305471,11.874384133772537,0.007981010000000103,1,0.008607037113544033,take_profit
2024-11-10 18:00:00+00:00,2024-11-10 18:00:00+00:00,3210.01,3210.01,3242.1101000000003,0.4632181981774697,1488.4234718034631,1500.3025944161611,11.879122612697984,0.007981009999999884,1,3.115255092731262e-06,take_profit
2024-11-10 19:00:00+00:00,2024-11-10 19:00:00+00:00,3218.26,3199.1553277381086,3231.1468810154897,0.7173905603936481,2297.3411745268936,2315.6762774142044,18.335102887310768,0.00798100999999995,3,0.021210219186765585,take_profit
2024-11-10 20:00:00+00:00,2024-11-10 21:00:00+00:00,3164.27,3120.7636068555184,3151.9712429240735,1.081083795245331,3377.184148311183,3404.1374887706957,26.953340459512674,0.007981009999999893,4,0.03010805019799195,take_profit
2024-11-10 22:00:00+00:00,2024-11-10 22:00:00+00:00,3169.34,3169.34,3201.0334000000003,0.47006334702219943,1491.281850101439,1503.1837854599173,11.90193535847834,0.00798101000000017,1,0.006676468917818949,take_profit
2024-11-10 23:00:00+00:00,2024-11-11 01:00:00+00:00,3184.38,3184.38,3216.2238,0.4680299053261525,1491.8769468693629,1503.7836317010967,11.906684831733855,0.00798101,1,0.0038594640086924183,take_profit
2024-11-11 02:00:00+00:00,2024-11-11 10:00:00+00:00,3199.2,3180.208474299701,3212.010559042698,0.7233390095331557,2302.671519428322,2321.0491638515946,18.377644423272613,0.007981009999999992,3,0.02944486121530377,take_profit
2024-11-11 11:00:00+00:00,2024-11-11 15:00:00+00:00,3190.98,3186.0488393655955,3217.9093277592515,0.5529922217171962,1763.6238500303052,1777.6993496136356,14.075499583330384,0.00798101000000001,2,0.016132974822781723,take_profit
2024-11-11 16:00:00+00:00,2024-11-11 16:00:00+00:00,3236.97,3236.97,3269.3397,0.4611104963508986,1494.0949383112795,1506.0193249548913,11.924386643611797,0.007981010000000061,1,0.001031829148864429,take_profit
2024-11-11 17:00:00+00:00,2024-11-11 17:00:00+00:00,3276.71,3276.71,3309.4771,0.45569991439151364,1494.6911576434602,1506.6203027195243,11.92914507606406,0.00798101000000002,1,0.0012817734862101981,take_profit
2024-11-11 18:00:00+00:00,2024-11-11 18:00:00+00:00,3294.29,3294.29,3327.2329,0.45344894568552435,1495.2876148972632,1507.2215203046346,11.933905407371412,0.007981010000000137,1,0.007145697555467176,take_profit
2024-11-11 19:00:00+00:00,2024-11-11 20:00:00+00:00,3323.61,3323.61,3356.8461,0.44962809290424094,1495.8843101676318,1507.822977805923,11.938667638291236,0.007981010000000177,1,0.009604014911496858,take_profit
2024-11-11 21:00:00+00:00,2024-11-11 23:00:00+00:00,3353.78,3333.870835501642,3367.2095438566585,0.6918528139796192,2308.856775762157,2327.283784778083,18.427009015925705,0.007981010000000075,3,0.021999057779580115,take_profit
2024-11-12 00:00:00+00:00,2024-11-12 00:00:00+00:00,3371.59,3315.9837200883408,3349.143557289224,1.1858000454470354,3936.029675658043,3967.4431678597657,31.413492201722875,0.007981009999999816,5,0.036531725387725096,take_profit
2024-11-12 01:00:00+00:00,2024-11-12 06:00:00+00:00,3342.45,3337.2847661651076,3370.6576138267587,0.529905584452429,1770.2160505494585,1784.3441625510543,14.12811200159581,0.007981010000000044,2,0.018360783257789913,take_profit
2024-11-12 07:00:00+00:00,2024-11-12 08:00:00+00:00,3379.87,3379.87,3413.6686999999997,0.44326556776926274,1499.6796742105084,1511.6486326871793,11.968958476670878,0.007981010000000045,1,0.009251835129753506,take_profit
2024-11-12 09:00:00+00:00,2024-11-12 09:00:00+00:00,3420.64,3400.333932085687,3434.337271406544,0.6800508856998906,2314.7148170072705,2333.1885791089535,18.47376210168295,0.007981009999999894,3,0.021253332709668313,take_profit
2024-11-12 10:00:00+00:00,2024-11-12 10:00:00+00:00,3358.54,3303.14894849774,3336.1804379827176,1.1934279174788607,3946.016186915062,3977.5093815629925,31.493194647930522,0.007981009999999884,5,0.044921305090902565,take_profit
2024-11-12 11:00:00+00:00,2024-11-12 11:00:00+00:00,3281.14,3281.14,3313.9514,0.4575463690978901,1502.776469971823,1514.7701440064327,11.99367403460974,0.007981009999999946,1,0.0066379368146436135,take_profit
2024-11-12 12:00:00+00:00,2024-11-12 19:00:00+00:00,3282.41,3262.9245117923483,3295.5537569102717,0.7101528503294738,2319.494637096339,2338.006546989952,18.511909893612938,0.007981010000000295,3,0.02256878330251246,take_profit
2024-11-12 20:00:00+00:00,2024-11-13 14:00:00+00:00,3272.94,3218.9607149226126,3251.1503220718387,1.2271695068856396,3954.1645978136426,3985.722825010439,31.55822719679645,0.007981009999999948,5,0.04773995245864574,take_profit
2024-11-13 15:00:00+00:00,2024-11-21 12:00:00+00:00,3320.19,3193.5956302553845,3225.531586557938,1.9201285285177374,6138.25233053348,6187.241783765992,48.98945323251246,0.007981010000000236,7,0.09207003213671508,take_profit
2024-11-21 13:00:00+00:00,2024-11-21 13:00:00+00:00,3284.99,3284.99,3317.8399,0.45869874917625614,1508.3291331896992,1520.3671230849777,12.037989895278542,0.007981010000000148,1,0.00018569310713264657,take_profit
2024-11-21 14:00:00+00:00,2024-11-21 15:00:00+00:00,3348.0,3301.96745402645,3334.9871285667145,1.0347841031092513,3420.2436740847834,3447.5406730500904,27.29699896530701,0.007981009999999887,4,0.03318996415770606,take_profit
2024-11-21 16:00:00+00:00,2024-11-21 16:00:00+00:00,3277.03,3277.03,3309.8003000000003,0.4604125036237373,1510.2958826327288,1522.3495691749795,12.053686542250716,0.007981010000000054,1,0.0,take_profit
2024-11-21 17:00:00+00:00,2024-11-21 18:00:00+00:00,3331.47,3331.47,3364.7846999999997,0.453069566405485,1510.898566959841,1522.9570635317332,12.058496571892192,0.007981010000000021,1,0.005529090761735696,take_profit
2024-11-21 19:00:00+00:00,2024-11-22 04:00:00+00:00,3379.22,3359.159815117228,3392.7514132684,0.6935361728512068,2332.0308730450147,2350.642834763096,18.611961718081147,0.007981010000000066,3,0.022144163446002313,take_profit
2024-11-22 05:00:00+00:00,2024-11-23 08:00:00+00:00,3390.0,3334.090091351403,3367.4309922649168,1.1911976384865406,3975.5357790982634,4007.2645699066047,31.728790808341273,0.007981010000000061,5,0.03907374631268438,take_profit
2024-11-23 09:00:00+00:00,2024-11-23 12:00:00+00:00,3369.28,3369.28,3402.9728,0.4489103045414279,1514.0185294147568,1526.1019264382012,12.083397023444377,0.00798100999999994,1,0.007918605755532425,take_profit
2024-11-23 13:00:00+00:00,2024-11-23 13:00:00+00:00,3399.82,3399.82,3433.8182,0.44505534897925864,1514.622699265929,1526.7109181749975,12.088218909068473,0.007981010000000066,1,0.0022971804389643998,take_profit
2024-11-23 14:00:00+00:00,2024-11-23 14:00:00+00:00,3435.02,3435.02,3469.3702,0.4406704715259798,1515.2271102113825,1527.3201529302505,12.093042718867991,0.007981009999999898,1,0.002541469918661323,take_profit
2024-11-23 15:00:00+00:00,2024-11-25 09:00:00+00:00,3472.19,3414.9245646871464,3449.0738103340177,1.165615085652967,3984.472061027256,4016.2721723910354,31.80011136377925,0.007981010000000028,5,0.054948029917717627,take_profit
2024-11-25 10:00:00+00:00,2024-11-25 10:00:00+00:00,3477.55,3477.55,3512.3255000000004,0.4359115889484261,1517.4217679155147,1529.5323262194663,12.11055830395162,0.007981010000000144,1,0.005040905235007462,take_profit
2024-11-25 11:00:00+00:00,2024-11-25 14:00:00+00:00,3500.77,3479.9882534927992,3514.7881360277274,0.6723462801403804,2342.099256424527,2360.7915740110443,18.69231758651722,0.007981010000000215,3,0.027739611571168665,take_profit
2024-11-25 15:00:00+00:00,2024-11-25 15:00:00+00:00,3407.75,3402.483855225702,3436.508693777959,0.526682253545878,1793.8216862099496,1808.1381950258083,14.316508815858697,0.007981010000000127,2,0.017322280096838148,take_profit
2024-11-25 16:00:00+00:00,2024-11-27 10:00:00+00:00,3518.41,3420.679050749825,3454.885841257323,1.4878461514728856,5094.538699781832,5135.198264090178,40.65956430834558,0.007981009999999957,6,0.0757188616448907,take_profit
2024-11-27 11:00:00+00:00,2024-11-27 13:00:00+00:00,3455.5,3455.5,3490.055,0.43993315139657996,1521.7107153662482,1533.8555038026934,12.144788436445197,0.00798101000000001,1,0.005981768195630176,take_profit
2024-11-27 14:00:00+00:00,2024-11-27 15:00:00+00:00,3504.99,3499.573586010573,3534.569321870679,0.5132017327595726,1797.7850132735307,1812.1331534423168,14.34814016878613,0.007981009999999972,2,0.010522141289989318,take_profit
2024-11-27 16:00:00+00:00,2024-11-27 18:00:00+00:00,3552.79,3552.79,3588.3179,0.4282584465827457,1523.0353617965095,1535.190722249361,12.155360452851482,0.007981009999999948,1,0.005336650913788892,take_profit
2024-11-27 19:00:00+00:00,2024-11-27 20:00:00+00:00,3586.19,3586.19,3622.0519,0.4244391643190497,1523.6431298191521,1535.8033408746699,12.16021105551772,0.00798100999999985,1,0.003591555383289817,take_profit
2024-11-27 21:00:00+00:00,2024-11-27 22:00:00+00:00,3624.0,3624.0,3660.2400000000002,0.42017850144358615,1524.2511403719282,1536.4162039657479,12.165063593819696,0.007981009999999957,1,0.002861479028697542,take_profit
2024-11-27 23:00:00+00:00,2024-11-29 15:00:00+00:00,3665.9,3605.4397834469346,3641.494181281404,1.1105978391395859,4008.201834478541,4040.191333401532,31.98949892299106,0.00798100999999987,5,0.03713685588804928,take_profit
2024-11-29 16:00:00+00:00,2024-11-30 02:00:00+00:00,3613.95,3608.3652053680353,3644.4488574217157,0.4990826752414211,1802.675235178317,1817.0624042570278,14.387169078710713,0.007981010000000118,2,0.015138560301055643,take_profit
2024-11-30 03:00:00+00:00,2024-11-30 03:00:00+00:00,3624.72,3624.72,3660.9672,0.4209017658535701,1527.1782269517041,1539.366651652788,12.188424701083932,0.007981010000000073,1,0.0018980776446179718,take_profit
2024-11-30 04:00:00+00:00,2024-11-30 05:00:00+00:00,3657.12,3657.12,3693.6911999999998,0.4173392889865718,1527.7876481867584,1539.980936684813,12.193288498054699,0.007981009999999802,1,0.005933630835192671,take_profit
2024-11-30 06:00:00+00:00,2024-11-30 21:00:00+00:00,3693.7,3687.9919642130944,3724.8718838552254,0.48892717186528123,1804.9644453699616,1819.3698846581037,14.405439288142134,0.007981010000000009,2,0.016912580880959417,take_profit
2024-11-30 22:00:00+00:00,2024-12-02 03:00:00+00:00,3720.21,3714.4609971533146,3751.6056071248477,0.4856718750288549,1805.8150522612616,1820.2272802515092,14.41222799024763,0.007981009999999988,2,0.01639961184986875,take_profit
2024-12-02 04:00:00+00:00,2024-12-02 15:00:00+00:00,3685.0,3634.3339510416577,3670.6772905520743,0.9531775719108639,3467.6332442113153,3495.3084598096984,27.675215598383147,0.007981010000000057,4,0.03132157394843964,take_profit
2024-12-02 16:00:00+00:00,2024-12-03 02:00:00+00:00,3672.13,3621.640904108169,3657.8573131492503,0.9573834321740898,3470.7697686457986,3498.470016877058,27.70024823125914,0.007981009999999808,4,0.03208219752568671,take_profit
2024-12-03 03:00:00+00:00,2024-12-03 21:00:00+00:00,3644.37,3584.2648690909473,3620.1075177818566,1.1228350778976686,4028.5668903819924,4060.7189230198,32.15203263780768,0.007981010000000023,5,0.03961452871140962,take_profit
2024-12-03 22:00:00+00:00,2024-12-04 00:00:00+00:00,3611.79,3611.79,3647.9079,0.4243547814873385,1534.2145707989532,1546.4591526306456,12.244581831692358,0.007981010000000134,1,0.004504691579521506,take_profit
2024-12-04 01:00:00+00:00,2024-12-04 09:00:00+00:00,3691.87,3686.164792191948,3723.0264401138675,0.49122730762121714,1812.5573636802542,1827.02340212536,14.466038445105823,0.007981010000000044,2,0.0170726488202455,take_profit
2024-12-04 10:00:00+00:00,2024-12-04 14:00:00+00:00,3725.93,3725.93,3763.1893,0.41171319689607166,1535.550101812793,1547.805342530862,12.25524071806899,0.007981010000000047,1,0.009643230012372706,take_profit
2024-12-04 15:00:00+00:00,2024-12-04 15:00:00+00:00,3778.9,3778.9,3816.6890000000003,0.4061040781668866,1536.1628638486964,1548.4229950267015,12.260131178005167,0.007981010000000054,1,0.0039852867236497246,take_profit
2024-12-04 16:00:00+00:00,2024-12-04 18:00:00+00:00,3820.99,3798.3073200220088,3836.290393222229,0.6236079399142744,2371.0256286288627,2389.948807881206,18.92317925234329,0.007981010000000021,3,0.023033297653225936,take_profit
2024-12-04 19:00:00+00:00,2024-12-04 20:00:00+00:00,3823.11,3823.11,3861.3411,0.4018153564351649,1537.7220293702135,1549.9946042638376,12.272574893624096,0.007981010000000083,1,0.0015720185921933238,take_profit
2024-12-04 21:00:00+00:00,2024-12-05 03:00:00+00:00,3879.01,3855.982893815105,3894.542722753256,0.6149038497757058,2373.432158234409,2392.3745440235994,18.94238578919021,0.00798100999999992,3,0.029208483607930935,take_profit
2024-12-05 04:00:00+00:00,2024-12-05 04:00:00+00:00,3832.67,3832.67,3870.9967,0.40121990534717306,1539.2827774043542,1551.567808643646,12.285031239291811,0.007981009999999926,1,0.0004905196638375099,take_profit
2024-12-05 05:00:00+00:00,2024-12-05 08:00:00+00:00,3855.99,3855.99,3894.5499,0.3989525729935379,1539.8970289663187,1552.186962553469,12.289933587150244,0.007981009999999848,1,0.009694008542553185,take_profit
2024-12-05 09:00:00+00:00,2024-12-05 14:00:00+00:00,3907.3,3907.3,3946.373,0.39387070716864087,1540.511525645676,1552.8063635369697,12.294837891293582,0.00798101000000012,1,0.0018682978015509895,take_profit
2024-12-05 15:00:00+00:00,2024-12-06 03:00:00+00:00,3927.19,3862.420432405403,3901.044636729457,1.0477651475352796,4050.960474677203,4083.2912307352067,32.33075605800377,0.007981010000000066,5,0.06370712901591215,take_profit
2024-12-06 04:00:00+00:00,2024-12-06 14:00:00+00:00,3907.01,3900.9723269621795,3939.982050231801,0.4665718520478026,1821.9057891671373,1836.446437489538,14.540648322400784,0.007981009999999983,2,0.0192244196969038,take_profit
2024-12-06 15:00:00+00:00,2024-12-06 15:00:00+00:00,3984.48,3984.48,4024.3248,0.3869830863554345,1543.4698377592608,1555.7882859691158,12.318448209854978,0.00798100999999996,1,0.002479620929205344,take_profit
2024-12-06 16:00:00+00:00,2024-12-06 17:00:00+00:00,3993.01,3993.01,4032.9401000000003,0.38631049619449587,1544.0857601697537,1556.4091240625262,12.323363892772477,0.007981010000000045,1,0.003230645553104072,take_profit
2024-12-06 18:00:00+00:00,2024-12-06 18:00:00+00:00,4016.42,4016.4199999999996,4056.5842,0.3842121158733469,1544.7019283643924,1557.0302099016878,12.328281537295425,0.007981009999999952,1,0.0019544768724386167,take_profit
2024-12-06 19:00:00+00:00,2024-12-12 02:00:00+00:00,4051.0,3827.582424048943,3865.858248289432,2.2279097321427725,8536.04417729456,8604.170431233988,68.12625393942835,0.007981009999999848,8,0.13379412490743026,take_profit
2024-12-12 03:00:00+00:00,2024-12-12 03:00:00+00:00,3880.39,3880.39,3919.1938999999998,0.3987166059295819,1548.7246551382284,1561.0850420981333,12.360386959904872,0.007981010000000078,1,0.007914152958852083,take_profit
2024-12-12 04:00:00+00:00,2024-12-12 13:00:00+00:00,3935.0,3928.919072793819,3968.208263521757,0.4652348868884968,1829.6999203456357,1844.3027737069135,14.602853361277766,0.007981010000000024,2,0.011100381194409106,take_profit
2024-12-12 14:00:00+00:00,2024-12-12 14:00:00+00:00,3942.6,3942.6,3982.026,0.39276689096969847,1550.0728171542876,1562.443963808724,12.371146654436416,0.007981009999999919,1,0.002942220869476972,take_profit
2024-12-12 15:00:00+00:00,2024-12-13 15:00:00+00:00,3981.91,3916.237957419783,3955.400336993981,1.0397802643101033,4076.10304150871,4108.634460644022,32.53141913531181,0.007981010000000094,5,0.0366256394544326,take_profit
2024-12-13 16:00:00+00:00,2024-12-13 16:00:00+00:00,3886.2,3886.2,3925.062,0.3990442147852224,1552.317945443775,1564.707010489541,12.389065045766074,0.007981009999999905,1,0.001577376357367005,take_profit
2024-12-13 17:00:00+00:00,2024-12-15 23:00:00+00:00,3912.0,3888.7770540949086,3927.6648246358577,0.6155057397568688,2395.960557988212,2415.0827431611215,19.122185172909667,0.00798101000000007,3,0.02223159509202449,take_profit
2024-12-16 00:00:00+00:00,2024-12-16 00:00:00+00:00,3959.09,3959.09,3998.6809000000003,0.39209505579483017,1553.8935079547089,1566.2951475806306,12.401639625921689,0.00798101000000005,1,0.0026117112770864376,take_profit
2024-12-16 01:00:00+00:00,2024-12-16 17:00:00+00:00,4000.28,3976.532994364719,4016.2983243083663,0.602533414635515,2398.3923959012645,2417.533989596877,19.1415936956123,0.007981010000000146,3,0.029067965242433078,take_profit
2024-12-16 18:00:00+00:00,2024-12-16 18:00:00+00:00,4033.7,4033.7,4074.037,0.3852332099440129,1555.4706696207854,1567.8848965897355,12.41422696895006,0.00798100999999992,1,0.0004933435803356179,take_profit
2024-12-16 19:00:00+00:00,2025-01-06 16:00:00+00:00,4086.66,3691.400981193588,3728.314991005524,3.5454578614490564,13100.807435969538,13205.365111124083,104.557675154545,0.007981009999999828,10,0.2409693979924926,take_profit
2025-01-06 17:00:00+00:00,2025-01-15 19:00:00+00:00,3710.18,3351.333874705707,3384.8472134527638,3.918343235255114,13144.82123827269,13249.730188023555,104.90894975086485,0.007981009999999858,10,0.21297618983445543,take_profit
2025-01-15 20:00:00+00:00,2025-01-15 20:00:00+00:00,3434.99,3434.99,3469.3399,0.45560486275135853,1566.5647122145035,1579.0674808483345,12.50276863383101,0.007981009999999959,1,0.0007132480735023445,take_profit
2025-01-15 21:00:00+00:00,2025-01-17 08:00:00+00:00,3434.04,3377.4037573169235,3411.1777948900926,1.218495415354329,4119.470464555712,4152.347999528035,32.87753497232279,0.007981009999999759,5,0.04909669077820873,take_profit
2025-01-17 09:00:00+00:00,2025-01-17 15:00:00+00:00,3407.33,3407.33,3441.4033,0.45996862460267024,1568.8337273948111,1581.3546050614866,12.52087766667546,0.007981010000000127,1,0.003577581273313725,take_profit
2025-01-17 16:00:00+00:00,2025-01-17 20:00:00+00:00,3421.8,3421.8,3456.018,0.4582062982953027,1569.459771278145,1581.9856454073133,12.525874129168415,0.00798100999999989,1,0.004141095329943326,take_profit
2025-01-17 21:00:00+00:00,2025-01-19 14:00:00+00:00,3514.8,3320.954506059548,3354.1640511201435,2.6089437499955475,8672.85635896257,8742.074512292016,69.21815332944607,0.007981010000000255,8,0.10934334812791628,take_profit
2025-01-19 15:00:00+00:00,2025-01-19 15:00:00+00:00,3381.15,3381.15,3414.9615000000003,0.46492271140837427,1573.5469726510757,1586.1054667752737,12.558494124197978,0.00798101000000001,1,0.008275290951303556,take_profit
2025-01-19 16:00:00+00:00,2025-01-19 16:00:00+00:00,3383.68,3383.68,3417.5168,0.46476047453066727,1574.1748973572855,1586.738402954843,12.563505597557423,0.00798100999999997,1,0.0016461367505200579,take_profit
2025-01-19 17:00:00+00:00,2025-01-19 17:00:00+00:00,3410.74,3410.74,3444.8473999999997,0.46125716693870716,1574.8030726371633,1587.371591707911,12.568519070747698,0.007981009999999854,1,0.0073942898022129515,take_profit
2025-01-19 18:00:00+00:00,2025-01-20 06:00:00+00:00,3442.38,3311.126690243188,3344.23795714562,1.9375088034170862,6421.758870445903,6473.010992208519,51.2521217626163,0.00798100999999982,7,0.08703280869630892,take_profit
2025-01-20 07:00:00+00:00,2025-01-24 05:00:00+00:00,3416.02,3321.133139953108,3354.344471352639,1.591248263594115,5290.037379494749,5332.2572207208705,42.21984122612139,0.00798101,6,0.0676284096697326,take_profit
2025-01-24 06:00:00+00:00,2025-01-30 13:00:00+00:00,3409.97,3221.906008031146,3254.1250681114575,2.7063084275818063,8728.199581993138,8797.85943013902,69.65984814588228,0.007981009999999912,8,0.11435877734994725,take_profit
2025-01-30 14:00:00+00:00,2025-01-31 11:00:00+00:00,3263.14,3258.0973273688483,3290.6783006425367,0.573424239511878,1870.1421243264908,1885.0677473221615,14.925622995670665,0.007981009999999839,2,0.015120405498997803,take_profit
2025-01-31 12:00:00+00:00,2025-01-31 13:00:00+00:00,3335.16,3335.16,3368.5116,0.47456494918592157,1584.3343702972154,1596.978958749901,12.644588452685639,0.007981009999999912,1,0.0029563799038126127,take_profit
2025-01-31 14:00:00+00:00,2025-01-31 15:00:00+00:00,3354.67,3354.67,3388.2167,0.4719932610719175,1584.9665997198495,1597.6162340018795,12.649634282030092,0.007981009999999985,1,0.005949914596666747,take_profit
2025-01-31 16:00:00+00:00,2025-02-03 21:00:00+00:00,3427.65,2779.3949284982787,2807.1888777832614,8.098193265487474,22530.6078999948,22710.42490695073,179.817006955931,0.00798100999999971,12,0.38003880209472957,take_profit
2025-02-03 22:00:00+00:00,2025-02-03 22:00:00+00:00,2817.62,2817.62,2845.7961999999998,0.5653691206940489,1594.5899317817475,1607.3163699731972,12.726438191449688,0.007981010000000153,1,0.0024204825349052423,take_profit
2025-02-03 23:00:00+00:00,2025-02-04 12:00:00+00:00,2870.0,2790.279949082682,2818.182748573509,1.9146674882072499,5347.806107612805,5390.487001635724,42.68089402291844,0.007981009999999919,6,0.07205226480836235,take_profit
2025-02-04 13:00:00+00:00,2025-02-04 13:00:00+00:00,2804.99,2804.99,2833.0398999999998,0.568901471340031,1597.360298392466,1610.1088469075391,12.748548515073253,0.007981009999999998,1,0.005119447841168658,take_profit
2025-02-04 14:00:00+00:00,2025-02-04 14:00:00+00:00,2795.87,2795.87,2823.8287,0.570984962853209,1597.9977258182196,1610.751361647952,12.753635829732502,0.007981010000000021,1,0.007564729404443015,take_profit
2025-02-04 15:00:00+00:00,2025-02-04 15:00:00+00:00,2818.46,2779.708240882733,2807.5053232915607,1.3022769669675316,3623.573590582,3652.4933676441715,28.919777062171306,0.007981010000000127,4,0.0313220694989463,take_profit
2025-02-04 16:00:00+00:00,2025-02-04 16:00:00+00:00,2777.18,2777.18,2804.9518,0.5755771376239034,1600.0813964628148,1612.8516620887985,12.770265625983711,0.007981010000000014,1,0.004292123665012574,take_profit
2025-02-04 17:00:00+00:00,2025-02-04 17:00:00+00:00,2790.55,2790.55,2818.4555,0.573048033482421,1600.719909744114,1613.4952713509808,12.775361606866909,0.007981010000000024,1,0.002307788787156673,take_profit
2025-02-04 18:00:00+00:00,2025-02-04 19:00:00+00:00,2815.1,2810.749703131354,2838.8572001626676,0.6721470833519909,1891.1283433355495,1906.221457554994,15.093114219444487,0.007981010000000018,2,0.01601364072324249,take_profit
2025-02-04 20:00:00+00:00,2025-02-04 20:00:00+00:00,2770.6,2766.318470923139,2793.9816556323703,0.683264619061622,1892.0195557942216,1907.1197827892106,15.100226994989043,0.007981009999999896,2,0.017884212805890323,take_profit
2025-02-04 21:00:00+00:00,2025-02-04 21:00:00+00:00,2733.0,2687.925728514273,2714.8049857994156,1.5659066158491437,4213.253935126755,4246.879956915542,33.6260217887866,0.007981010000000146,5,0.03505305525064039,take_profit
2025-02-04 22:00:00+00:00,2025-02-04 22:00:00+00:00,2639.58,2639.58,2665.9758,0.6072727844311002,1604.5496459746182,1617.3555727446383,12.80592677002005,0.0079810100000001,1,0.002644360087589699,take_profit
2025-02-04 23:00:00+00:00,2025-02-04 23:00:00+00:00,2683.99,2683.99,2710.8298999999997,0.5974630130405876,1605.1899423131194,1618.00097929462,12.811036981500592,0.0079810100000001,1,0.0028688631477761907,take_profit
2025-02-05 00:00:00+00:00,2025-02-05 01:00:00+00:00,2731.19,2731.19,2758.5019,0.5873720479600585,1605.8304941621943,1618.6466433944079,12.816149232213547,0.007981010000000083,1,0.00691273767112508,take_profit
2025-02-05 02:00:00+00:00,2025-02-05 02:00:00+00:00,2721.9,2721.9,2749.119,0.5896119733723434,1606.4713016238052,1619.2925651467779,12.821263522972686,0.00798101000000005,1,0.008365479995591308,take_profit
2025-02-05 03:00:00+00:00,2025-02-05 05:00:00+00:00,2739.5,2735.266531110208,2762.61919642131,0.6931775126591693,1897.9231736685165,1913.0705174967968,15.147343828280327,0.007981010000000085,2,0.011060412484029999,take_profit
2025-02-05 06:00:00+00:00,2025-02-05 11:00:00+00:00,2784.62,2780.3168052053675,2808.119973257421,0.6822671312552456,1898.8175882564722,1913.9720704165227,15.15448216005052,0.00798100999999986,2,0.01771516400801543,take_profit
2025-02-05 12:00:00+00:00,2025-02-05 14:00:00+00:00,2800.0,2795.6730378202524,2823.6297681984547,0.6788392942406725,1899.7124243459227,1914.874048201752,15.161623855829248,0.007981010000000103,2,0.010207142857142831,take_profit
2025-02-05 15:00:00+00:00,2025-02-05 22:00:00+00:00,2787.38,2770.833176135753,2798.5415078971105,0.8952429692320236,2483.051971822192,2502.869234439825,19.817262617632878,0.007981010000000097,3,0.025870171989466857,take_profit
2025-02-05 23:00:00+00:00,2025-02-05 23:00:00+00:00,2760.09,2760.09,2787.6909,0.5828672340476653,1610.3764004230436,1623.2288305785837,12.852430155540105,0.00798100999999987,1,0.001673858461137262,take_profit
2025-02-06 00:00:00+00:00,2025-02-06 01:00:00+00:00,2788.25,2783.9411956079707,2811.7806075640506,0.68271349120361,1902.5367497087786,1917.720914533572,15.18416482479347,0.007981010000000111,2,0.011677575540213377,take_profit
2025-02-06 02:00:00+00:00,2025-02-06 03:00:00+00:00,2790.53,2790.53,2818.4353,0.577010980688933,1611.7782301720604,1624.6418483448458,12.863618172785436,0.007981009999999952,1,0.001469254944401373,take_profit
2025-02-06 04:00:00+00:00,2025-02-06 05:00:00+00:00,2806.5,2806.5,2834.565,0.5739565258042468,1612.4214110806995,1625.2901624867486,12.868751406049114,0.007981009999999964,1,0.0002244788882950683,take_profit
2025-02-06 06:00:00+00:00,2025-02-11 00:00:00+00:00,2832.16,2675.962932138844,2702.722561460232,3.3264110663194413,8910.26297350077,8981.37587139491,71.11289789413968,0.007981010000000033,8,0.1102126998474662,take_profit
2025-02-11 01:00:00+00:00,2025-02-12 20:00:00+00:00,2705.6,2660.977625711019,2687.587401968129,1.5953358633005412,4249.402440177291,4283.31696354637,33.91452336907878,0.007981009999999863,5,0.05864872856298042,take_profit
2025-02-12 21:00:00+00:00,2025-02-12 22:00:00+00:00,2677.8,2677.7999999999997,2704.578,0.6037410947398792,1618.3162197141628,1631.2320176468636,12.915797932700798,0.007981009999999919,1,0.0021622227201433877,take_profit
2025-02-12 23:00:00+00:00,2025-02-14 14:00:00+00:00,2745.6,2700.3179217741626,2727.321100991904,1.574370814207658,4255.557282405525,4289.520927631976,33.96364522645035,0.007981009999999773,5,0.04838286713286702,take_profit
2025-02-14 15:00:00+00:00,2025-02-14 15:00:00+00:00,2720.75,2716.5455063033755,2743.7109613664093,0.703838233284611,1913.9225123061228,1929.1975470160635,15.275034709940655,0.007981010000000191,2,0.011746761003399811,take_profit
2025-02-14 16:00:00+00:00,2025-02-14 17:00:00+00:00,2734.33,2734.33,2761.6733,0.5923946706008455,1621.4239436076175,1634.364544315789,12.940600708171587,0.00798100999999985,1,0.0090406059254003,take_profit
2025-02-14 18:00:00+00:00,2025-02-17 10:00:00+00:00,2773.96,2728.210191682931,2755.4922935997606,1.561267419937742,4263.729416433096,4297.758283542942,34.02886710984603,0.007981009999999842,5,0.04911750710176066,take_profit
2025-02-17 11:00:00+00:00,2025-02-17 12:00:00+00:00,2749.92,2749.92,2777.4192000000003,0.5898893948120382,1623.7724169985186,1636.731760896308,12.959343897789495,0.00798101000000009,1,0.003007360214115313,take_profit
2025-02-17 13:00:00+00:00,2025-02-17 14:00:00+00:00,2766.21,2766.21,2793.8721,0.5866495905261042,1624.4203841934082,1637.3848995238598,12.964515330451604,0.007981010000000106,1,0.0022449488650536425,take_profit
2025-02-17 15:00:00+00:00,2025-02-17 15:00:00+00:00,2826.59,2809.810412406474,2837.9085165305387,0.8914272125754923,2507.2487125096072,2527.259089556633,20.01037704702594,0.007981009999999856,3,0.028476008193618542,take_profit
2025-02-17 16:00:00+00:00,2025-02-17 21:00:00+00:00,2755.71,2739.351179892607,2766.7446916915333,0.9149186844658627,2508.792370167521,2528.8150671617514,20.0226969942305,0.007981009999999926,3,0.024966342612248813,take_profit
2025-02-17 22:00:00+00:00,2025-02-20 04:00:00+00:00,2776.6,2730.8066512230985,2758.1147177353296,1.564590277755149,4276.870407340097,4311.004152829782,34.13374548968477,0.007981009999999856,5,0.0616437369444644,take_profit
2025-02-20 05:00:00+00:00,2025-02-20 14:00:00+00:00,2739.14,2739.14,2766.5314,0.5940361478367447,1628.7769509364775,1641.7762360696709,12.999285133193325,0.00798100999999987,1,0.006173470505341039,take_profit
2025-02-20 15:00:00+00:00,2025-02-20 19:00:00+00:00,2729.2,2729.2,2756.4919999999997,0.5964375964670762,1629.4269151931373,1642.4313876975627,13.004472504425394,0.007981009999999886,1,0.008068298402462254,take_profit
2025-02-20 20:00:00+00:00,2025-02-21 09:00:00+00:00,2747.77,2747.77,2775.2477,0.5926431475995226,1630.0771388183587,1643.0868007640393,13.009661945680591,0.007981009999999927,1,0.009305727917547744,take_profit
2025-02-21 10:00:00+00:00,2025-02-21 13:00:00+00:00,2782.3,2782.3,2810.123,0.5855216526951539,1630.7276219156424,1643.7424753734272,13.014853457784739,0.007981009999999863,1,0.00038097976494281714,take_profit
2025-02-21 14:00:00+00:00,2025-02-21 15:00:00+00:00,2836.32,2789.5417132453717,2817.4371303778253,1.5357025648505984,4288.194558346997,4322.41868199911,34.22412365211312,0.007981010000000037,5,0.0568694646584307,take_profit
2025-02-21 16:00:00+00:00,2025-02-21 16:00:00+00:00,2723.3,2719.0915656771044,2746.2824813338757,0.7085720982014773,1928.6010169106767,1943.9932009126508,15.392184001974101,0.007981009999999908,2,0.011787169977600837,take_profit
2025-02-21 17:00:00+00:00,2025-02-21 17:00:00+00:00,2736.72,2699.092105968718,2726.083027028405,1.3707241479256675,3703.4141412681347,3732.971126563737,29.556985295602317,0.00798100999999998,4,0.03038308632231271,take_profit
2025-02-21 18:00:00+00:00,2025-02-22 01:00:00+00:00,2672.65,2656.78425194958,2683.352094469076,0.9487290220383566,2523.0914165355675,2543.228234361852,20.13681782628464,0.007981010000000044,3,0.020926795502591168,take_profit
2025-02-22 02:00:00+00:00,2025-02-22 09:00:00+00:00,2684.05,2684.05,2710.8905000000004,0.609045109538646,1636.3438701273303,1649.4035469182554,13.059676790925096,0.007981010000000104,1,0.006724911980030245,take_profit
2025-02-22 10:00:00+00:00,2025-02-22 10:00:00+00:00,2715.02,2715.02,2742.1702,0.6023380516949819,1636.9968539668766,1650.0617422283547,13.064888261478018,0.0079810099999999,1,0.0009281699582323452,take_profit
2025-02-22 11:00:00+00:00,2025-02-22 15:00:00+00:00,2733.5,2733.5,2760.835,0.5985046454295119,1637.6500983799506,1650.720200191622,13.07010181167152,0.007981010000000092,1,0.004152185842326654,take_profit
2025-02-22 16:00:00+00:00,2025-02-23 07:00:00+00:00,2775.67,2771.380636030907,2799.0944423912165,0.6974227060589868,1934.7585412413928,1950.1998685066258,15.441327265232985,0.007981010000000009,2,0.010901872340732225,take_profit
2025-02-23 08:00:00+00:00,2025-02-23 23:00:00+00:00,2825.2,2820.834095160634,2849.0424361122405,0.685518743500004,1935.6703148513398,1951.1189189908714,15.448604139531653,0.007981009999999981,2,0.018306668554438556,take_profit
2025-02-24 00:00:00+00:00,2025-03-02 16:00:00+00:00,2819.7,2420.3990050865996,2444.6029951374658,7.657892844529085,18553.709931889876,18701.787276393392,148.07734450351563,0.007981010000000174,11,0.2636592545306237,take_profit
2025-03-02 17:00:00+00:00,2025-03-02 17:00:00+00:00,2442.54,2438.765436356242,2463.1530907198044,0.7968707353594642,1945.3261327712144,1960.8518000901227,15.52566731890829,0.007981009999999948,2,0.0193159579781702,take_profit
2025-03-02 18:00:00+00:00,2025-03-02 18:00:00+00:00,2480.5,2476.6667751118343,2501.4334428629527,0.7850457167320242,1946.2428864605213,1961.7758703997918,15.53298393927048,0.0079810100000001,2,0.010675267083249352,take_profit
2025-03-02 19:00:00+00:00,2025-03-02 19:00:00+00:00,2474.69,2474.69,2499.4369,0.6656009823165842,1648.8048998288564,1661.9640282224395,13.15912839358316,0.007981010000000035,1,0.0035519600434801785,take_profit
2025-03-02 20:00:00+00:00,2025-03-02 20:00:00+00:00,2486.42,2486.42,2511.2842,0.6627252810837618,1649.4628562485357,1662.6272357988837,13.16437955034803,0.007981009999999943,1,0.002505610476106216,take_profit
2025-03-02 21:00:00+00:00,2025-03-02 21:00:00+00:00,2510.8,2510.8,2535.9080000000004,0.6565520766890341,1650.121075226053,1663.2907080286432,13.169632802590058,0.007981010000000106,1,0.004807232754500622,take_profit
2025-03-02 22:00:00+00:00,2025-03-02 23:00:00+00:00,2525.01,2525.01,2550.2601000000004,0.6531177212404372,1650.7795568661827,1663.9544450173273,13.174888151144614,0.007981010000000024,1,0.0070613581728390705,take_profit
2025-03-03 00:00:00+00:00,2025-03-06 04:00:00+00:00,2518.12,2274.5691197122333,2297.3148109093554,6.106490253592128,13903.53769834272,14014.501971748568,110.96427340584887,0.007981009999999903,10,0.20845710291804992,take_profit
2025-03-06 05:00:00+00:00,2025-03-07 14:00:00+00:00,2299.3,2211.630789998827,2233.7470978988154,3.050888280834207,6754.192651390912,6808.097930483589,53.90527909267712,0.00798100999999996,7,0.08588700908972297,take_profit
2025-03-07 15:00:00+00:00,2025-03-07 16:00:00+00:00,2221.66,2185.0190537910785,2206.869244328989,1.9945956557529478,4362.592104533635,4397.409995745839,34.817891212203904,0.007981009999999981,5,0.034816308526057056,take_profit
2025-03-07 17:00:00+00:00,2025-03-07 17:00:00+00:00,2158.42,2158.42,2180.0042000000003,0.7689704741365521,1661.4226734592762,1674.6825044303814,13.259830971105202,0.00798100999999999,1,0.007825168410225939,take_profit
2025-03-07 18:00:00+00:00,2025-03-07 18:00:00+00:00,2162.32,2162.32,2183.9432,0.7678898494870433,1662.0856650078315,1675.3507873211156,13.26512231328411,0.007981009999999974,1,0.0024140737726147166,take_profit
2025-03-07 19:00:00+00:00,2025-03-08 13:00:00+00:00,2194.85,2158.651220354757,2180.2377325583043,2.0226906558479008,4370.654306953188,4405.536542683524,34.882235730336106,0.007981009999999919,5,0.040909401553636905,take_profit
2025-03-08 14:00:00+00:00,2025-03-08 17:00:00+00:00,2190.21,2186.825372915819,2208.6936266449775,0.8979781136639609,1965.687010293729,1981.375177979753,15.688167686024144,0.007981009999999894,2,0.013272699878093956,take_profit
2025-03-08 18:00:00+00:00,2025-03-08 19:00:00+00:00,2198.92,2198.92,2220.9092,0.7565587487734975,1665.2774412943136,1678.5680372060576,13.290595911744049,0.007981009999999832,1,0.0020373637967729696,take_profit
2025-03-08 20:00:00+00:00,2025-03-10 09:00:00+00:00,2224.61,2101.9200534099036,2122.9392539440028,4.373688601990605,9202.3461260204,9275.790142475631,73.44401645523067,0.007981010000000064,8,0.1056140177379406,take_profit
2025-03-10 10:00:00+00:00,2025-03-10 11:00:00+00:00,2102.02,2098.771656771045,2119.7593733387553,0.938531397832473,1971.7348315920963,1987.4712670003807,15.736435408284478,0.007981009999999818,2,0.012140702752590356,take_profit
2025-03-10 12:00:00+00:00,2025-03-11 13:00:00+00:00,2128.11,1922.2806257647778,1941.5034320224256,7.308569901246402,14063.18550872228,14175.423932899246,112.23842417696687,0.007981009999999948,10,0.17566291216149546,take_profit
2025-03-11 14:00:00+00:00,2025-03-11 14:00:00+00:00,1903.31,1877.1408825935137,1895.9122914194488,2.021778801832797,3798.9626070883614,3829.2821656451597,30.319558556798256,0.007981009999999993,4,0.03298464254377898,take_profit
2025-03-11 15:00:00+00:00,2025-03-11 15:00:00+00:00,1866.88,1866.88,1885.5488,0.8976749249694381,1677.5288928197645,1690.917267688648,13.388374868883602,0.00798101000000008,1,0.0013980545080562903,take_profit
2025-03-11 16:00:00+00:00,2025-03-11 16:00:00+00:00,1914.49,1914.49,1933.6349,0.8757006373768708,1678.1983115632086,1691.5920290697775,13.393717506568919,0.007981009999999901,1,0.008211064043165557,take_profit
2025-03-11 17:00:00+00:00,2025-03-11 18:00:00+00:00,1918.2,1915.2357218381453,1934.3880790565267,1.0341706105084338,1982.6631588797957,1998.4868133774469,15.823654497651205,0.007981009999999983,2,0.016499843603378216,take_profit
2025-03-11 19:00:00+00:00,2025-03-12 09:00:00+00:00,1953.13,1920.9178112451814,1940.1269893576332,2.2961362535992365,4415.104130715272,4450.341120933551,35.23699021827906,0.007981009999999811,5,0.051624827840440805,take_profit
2025-03-12 10:00:00+00:00,2025-03-12 11:00:00+00:00,1894.09,1894.09,1913.0309,0.8868319924843374,1681.4210296743329,1694.8404677263743,13.419438052041414,0.007981010000000158,1,0.005485483794328608,take_profit
2025-03-12 12:00:00+00:00,2025-03-12 12:00:00+00:00,1916.85,1916.85,1936.0185,0.8766517513500578,1682.092001576935,1695.5167946624406,13.424793085505598,0.007981010000000038,1,0.004517828729425805,take_profit
2025-03-12 13:00:00+00:00,2025-03-13 00:00:00+00:00,1929.58,1897.7562119380057,1916.7337740573857,2.3284550912159045,4423.263376950608,4458.565486194686,35.302109244077656,0.007981010000000245,5,0.0517521947781382,take_profit
2025-03-13 01:00:00+00:00,2025-03-13 12:00:00+00:00,1899.98,1888.701080582629,1907.5880913884553,1.3746948271180581,2598.9865920412676,2619.729130022215,20.742537980947418,0.007981010000000054,3,0.024252886872493357,take_profit
2025-03-13 13:00:00+00:00,2025-03-14 01:00:00+00:00,1897.06,1865.7725512386698,1884.4302767510565,2.3723141455201633,4430.629244871612,4465.990141181224,35.360896309612144,0.007981009999999854,5,0.03966664206719872,take_profit
2025-03-14 02:00:00+00:00,2025-03-14 07:00:00+00:00,1881.59,1881.59,1900.4059,0.8958626400488598,1687.3335184079422,1700.8001440916912,13.466625683749044,0.007981010000000044,1,0.0007387369193075392,take_profit
2025-03-14 08:00:00+00:00,2025-03-14 13:00:00+00:00,1893.08,1893.08,1912.0108,0.890780549602995,1688.00684969213,1701.4788492395912,13.471999547461337,0.00798100999999997,1,0.0018910981046759395,take_profit
2025-03-14 14:00:00+00:00,2025-03-14 14:00:00+00:00,1904.87,1901.9263212688084,1920.9455844814966,1.0474942821014024,1994.2511977049364,2010.1673364563317,15.916138751395238,0.007981010000000082,2,0.014268690251828123,take_profit
2025-03-14 15:00:00+00:00,2025-03-14 15:00:00+00:00,1919.5,1919.5,1938.695,0.8792845951291823,1689.4762566070726,1702.9599835058161,13.483726898743498,0.007981009999999933,1,0.002656941911956191,take_profit
2025-03-14 16:00:00+00:00,2025-03-14 18:00:00+00:00,1922.2,1922.2,1941.422,0.8783999024602319,1690.1504429520098,1703.6395505387143,13.48910758670445,0.007981010000000018,1,0.004167100197690142,take_profit
2025-03-14 19:00:00+00:00,2025-03-15 21:00:00+00:00,1935.02,1932.0297291581944,1951.3500264497764,1.0324825108346862,1996.7836894579693,2012.7200400513702,15.936350593400903,0.007981009999999978,2,0.016160039689512243,take_profit
2025-03-15 22:00:00+00:00,2025-03-17 12:00:00+00:00,1950.85,1918.6754143695823,1937.8621685132782,2.315191995730301,4446.548510263239,4482.036458389135,35.487948125895855,0.007981009999999964,5,0.046374657200707284,take_profit
2025-03-17 13:00:00+00:00,2025-03-17 16:00:00+00:00,1908.27,1905.3210671004474,1924.374277771452,1.0485478726832107,1999.8201718585374,2015.7807566483423,15.960584789804898,0.007981010000000096,2,0.010616946239263831,take_profit
2025-03-17 17:00:00+00:00,2025-03-17 17:00:00+00:00,1914.64,1914.6399999999999,1933.7864,0.8839781621423837,1694.1941425068003,1707.7155229000884,13.521380393288155,0.007981009999999974,1,0.0011751556428362512,take_profit
2025-03-17 18:00:00+00:00,2025-03-17 18:00:00+00:00,1930.65,1930.65,1949.9565,0.8769975610882025,1694.8702115264646,1708.3969876333595,13.526776106894886,0.007981010000000033,1,0.0003418537798151306,take_profit
2025-03-17 19:00:00+00:00,2025-03-18 23:00:00+00:00,1948.56,1916.4231824199676,1935.5874142441673,2.3232908021780125,4456.865218015041,4492.4355038886715,35.57028587363038,0.007981010000000035,5,0.039131461181590506,take_profit
2025-03-19 00:00:00+00:00,2025-03-19 10:00:00+00:00,1931.54,1931.54,1950.8554,0.8778631245332044,1697.3250646254912,1710.8714329395177,13.546368314026495,0.007981009999999884,1,0.002050177578512501,take_profit
2025-03-19 11:00:00+00:00,2025-03-19 11:00:00+00:00,1973.51,1973.51,1993.2451,0.8595367546443399,1698.0023830411924,1711.5541570402681,13.551773999075749,0.007981010000000096,1,5.067113923917743e-05,take_profit
2025-03-19 12:00:00+00:00,2025-03-19 15:00:00+00:00,2028.0,2024.866043106954,2045.1147035380236,0.9897218158055068,2006.0601571038299,2022.0705432782772,16.010386174447376,0.00798101000000007,2,0.01644477317554236,take_profit
2025-03-19 16:00:00+00:00,2025-03-19 18:00:00+00:00,2049.0,2036.8364478119802,2057.2048122901,1.286030384011319,2622.0556147626544,2642.9822668446313,20.926652081976954,0.007981010000000023,3,0.02521717911176187,take_profit
2025-03-19 19:00:00+00:00,2025-03-19 23:00:00+00:00,2045.87,2042.7084278161851,2063.135512094347,0.9821435760222984,2008.2412012675427,2024.2689943772712,16.027793109728464,0.007981010000000096,2,0.012156197607863595,take_profit
2025-03-20 00:00:00+00:00,2025-03-24 04:00:00+00:00,2056.05,2022.1403930156494,2042.361796945806,2.209337534043812,4472.062732127707,4507.754309513446,35.69157738573904,0.00798101000000011,5,0.05785365141898313,take_profit
2025-03-24 05:00:00+00:00,2025-03-24 06:00:00+00:00,2040.28,2040.28,2060.6828,0.8339098944196692,1703.1127921787413,1716.705352404248,13.592560225506759,0.007981010000000177,1,0.000646970023722203,take_profit
2025-03-24 07:00:00+00:00,2025-03-24 08:00:00+00:00,2066.63,2066.63,2087.2963,0.8236058838639846,1703.7924201900166,1717.3904045334773,13.597984343460666,0.007981009999999965,1,0.00033871568689135105,take_profit
2025-03-24 09:00:00+00:00,2025-04-22 15:00:00+00:00,2090.46,1695.101285787205,1712.052298645077,14.273790285073758,24219.74000529073,24413.03799247036,193.29798717963058,0.007981010000000215,12,0.3374424767754466,take_profit
2025-04-22 16:00:00+00:00,2025-04-22 21:00:00+00:00,1703.0,1700.3682797885324,1717.3719625864178,1.1893247712211648,2024.3144297810024,2040.4705034882293,16.156073707226824,0.00798101000000017,2,0.011697005284791588,take_profit
2025-04-22 22:00:00+00:00,2025-04-23 01:00:00+00:00,1754.2,1754.2,1771.742,0.9766446684694341,1714.9450224515329,1728.6320158251688,13.686993373635914,0.007981010000000004,1,0.008949948694561649,take_profit
2025-04-23 02:00:00+00:00,2025-04-23 02:00:00+00:00,1762.28,1762.28,1779.9028,0.972554726120761,1715.6293721202148,1729.3218272954,13.69245517518516,0.007981010000000002,1,0.0004936786435753063,take_profit
2025-04-23 03:00:00+00:00,2025-04-23 04:00:00+00:00,1792.21,1792.21,1810.1321,0.9566946289129595,1716.3139948789742,1730.0119140352433,13.697919156269108,0.007981010000000038,1,0.006812817694355034,take_profit
2025-04-23 05:00:00+00:00,2025-04-23 12:00:00+00:00,1817.0,1806.213677732732,1824.2758145100595,1.4651837441095494,2649.0840030053287,2670.2263689241545,21.142365918825817,0.007981010000000097,3,0.0237039075399009,take_profit
2025-04-23 13:00:00+00:00,2025-04-23 13:00:00+00:00,1815.09,1812.2850622204146,1830.4079128426188,1.1184296745109563,2028.9423345948412,2045.135343656666,16.193009061824796,0.00798101000000001,2,0.017773223366334447,take_profit
2025-04-23 14:00:00+00:00,2025-04-23 17:00:00+00:00,1786.86,1784.098687271248,1801.9396741439605,1.1366347664509118,2029.8984932251587,2046.0991333985733,16.200640173414513,0.007981009999999797,2,0.014125337183662968,take_profit
2025-04-23 18:00:00+00:00,2025-04-25 01:00:00+00:00,1800.72,1771.021448170589,1788.731662652295,2.549811072931616,4520.290389334088,4556.366872134267,36.07648280017929,0.007981010000000009,5,0.04321604691456747,take_profit
2025-04-25 02:00:00+00:00,2025-04-25 07:00:00+00:00,1765.93,1763.201031313542,1780.8330416266774,1.15185524025104,2032.985332867409,2049.210609138877,16.22527627146792,0.007981009999999901,2,0.01547626463110098,take_profit
2025-04-25 08:00:00+00:00,2025-04-25 12:00:00+00:00,1777.17,1777.17,1794.9417,0.968150761473874,1722.2907795480728,1736.0363994825539,13.745619934481056,0.007981010000000052,1,0.0072474777314495,take_profit
2025-04-25 13:00:00+00:00,2025-04-25 14:00:00+00:00,1773.11,1773.11,1790.8410999999999,0.9707548220269764,1722.9780605447968,1736.7291656757855,13.751105130988662,0.00798101000000002,1,0.008944735521202802,take_profit
2025-04-25 15:00:00+00:00,2025-04-25 15:00:00+00:00,1808.34,1808.34,1826.4234,0.9522224527387245,1723.6656158013463,1737.422208317713,13.756592516366709,0.007981010000000004,1,0.003948372540561992,take_profit
2025-04-25 16:00:00+00:00,2025-04-26 08:00:00+00:00,1806.48,1803.6883676291175,1821.7252513054086,1.1278793854770712,2036.3793069806516,2052.6316705934573,16.252363612805766,0.007981010000000057,2,0.01332979053186303,take_profit
2025-04-26 09:00:00+00:00,2025-04-26 22:00:00+00:00,1806.35,1803.5585685237902,1821.5941542090281,1.1284921193612354,2037.3389703558837,2053.598993051684,16.260022695800217,0.0079810100000001,2,0.015174246408503256,take_profit
2025-04-26 23:00:00+00:00,2025-04-27 00:00:00+00:00,1816.27,1816.27,1834.4327,0.9493374254256539,1725.979064742595,1739.7541209180963,13.775056175501277,0.007981009999999988,1,0.001222285232922433,take_profit
2025-04-27 01:00:00+00:00,2025-04-27 01:00:00+00:00,1842.04,1831.1050318826647,1849.4160822014912,1.4534053085631897,2664.001775650684,2685.26320046217,21.261424811485995,0.007981010000000049,3,0.022268788951379983,take_profit
2025-04-27 02:00:00+00:00,2025-04-28 07:00:00+00:00,1804.61,1793.8972289341034,1811.8362012234445,1.4844642479029575,2665.6419427075707,2686.91645770874,21.27451500116922,0.007981010000000252,3,0.02905336887194454,take_profit
2025-04-28 08:00:00+00:00,2025-04-28 10:00:00+00:00,1804.8,1804.8,1822.848,0.956929199871155,1728.7946145420026,1742.5921416486083,13.797527106605685,0.007981009999999894,1,0.009142287234042553,take_profit
2025-04-28 11:00:00+00:00,2025-04-28 19:00:00+00:00,1815.4,1785.4593368257629,1803.3139301940205,2.5436185253511567,4546.073518930132,4582.355777145448,36.28225821531578,0.007981009999999825,5,0.03893907678748488,take_profit
2025-04-28 20:00:00+00:00,2025-04-29 06:00:00+00:00,1797.17,1797.17,1815.1417000000001,0.9623838063200982,1731.298603808099,1745.1161152780776,13.817511469978626,0.007981010000000087,1,0.008908450508299155,take_profit
2025-04-29 07:00:00+00:00,2025-04-29 10:00:00+00:00,1821.14,1821.14,1839.3514,0.9500958135575608,1731.989479381598,1745.8125047364372,13.823025354839274,0.007981009999999969,1,0.0025643278386066268,take_profit
2025-04-29 11:00:00+00:00,2025-05-01 02:00:00+00:00,1825.7,1795.589463062023,1813.5453576926432,2.5339424291365713,4554.474800563978,4590.824109492027,36.34930892804914,0.007981010000000007,5,0.051487100838034726,take_profit
2025-05-01 03:00:00+00:00,2025-05-01 10:00:00+00:00,1807.57,1807.57,1825.6457,0.9586149349677449,1734.498096095742,1748.3411427456633,13.843046649921234,0.00798101000000009,1,0.0030040330388310475,take_profit
2025-05-01 11:00:00+00:00,2025-05-01 15:00:00+00:00,1847.6,1844.7448230988207,1863.1922713298088,1.1097078862065102,2049.1770552866815,2065.531557856695,16.354502570013665,0.007981010000000052,2,0.012123836328209497,take_profit
2025-05-01 16:00:00+00:00,2025-05-02 16:00:00+00:00,1853.0,1841.999969641581,1860.4199693379967,1.4526242854811544,2678.4123020589686,2699.7887374258244,21.37643536685573,0.00798101000000003,3,0.021586616297895305,take_profit
2025-05-02 17:00:00+00:00,2025-05-07 00:00:00+00:00,1852.51,1821.9572964983442,1840.1768694633276,2.503606649705386,4566.030433425928,4602.471967975405,36.44153454947718,0.007981010000000113,5,0.05425611737588461,take_profit
2025-05-07 01:00:00+00:00,2025-05-08 03:00:00+00:00,1842.23,1831.2939039788507,1849.6068430186392,1.46354971590514,2682.872545452514,2704.284578066496,21.41203261398232,0.007981010000000132,3,0.029974541723888998,take_profit
2025-05-08 04:00:00+00:00,2025-05-08 07:00:00+00:00,1901.09,1901.09,1920.1009,0.9143330953345563,1739.9694736832548,1753.8561874524155,13.886713769160679,0.007981009999999934,1,0.0046762646692160145,take_profit
2025-05-08 08:00:00+00:00,2025-05-08 10:00:00+00:00,1928.4,1928.4,1947.6840000000002,0.9017440082775052,1740.663809371713,1754.5560646409467,13.892255269233829,0.007981010000000054,1,0.0012964115328769964,take_profit
2025-05-08 11:00:00+00:00,2025-05-08 13:00:00+00:00,1961.0,1961.0,1980.6100000000001,0.887107120710372,1741.3584221351746,1755.25622111582,13.897798980645348,0.007981010000000172,1,0.008052014278429354,take_profit
2025-05-08 14:00:00+00:00,2025-05-08 14:00:00+00:00,1976.3,1976.3,1996.0629999999999,0.880590628331793,1742.0533120842067,1755.9566569884837,13.903344904276992,0.007981009999999894,1,0.003612811820067739,take_profit
2025-05-08 15:00:00+00:00,2025-05-08 15:00:00+00:00,1989.51,1989.51,2009.4051,0.8750927267769908,1742.7484793294204,1756.6573723704332,13.908893041012789,0.007981009999999938,1,0.0008544817568145148,take_profit
2025-05-08 16:00:00+00:00,2025-05-08 18:00:00+00:00,2051.3,2051.3,2071.813,0.849071554651923,1743.4439239814712,1757.3583673732064,13.914443391735176,0.007981009999999894,1,0.007146687466484707,take_profit
2025-05-08 19:00:00+00:00,2025-05-08 19:00:00+00:00,2067.73,2067.73,2088.4073,0.8426610372267689,1744.1396461510578,1758.0596421083858,13.919995957327956,0.007981009999999943,1,0.003119362779473054,take_profit
2025-05-08 20:00:00+00:00,2025-05-08 20:00:00+00:00,2117.83,2117.83,2139.0083,0.8230551131596846,1744.835645948924,1758.7611966875986,13.925550738674701,0.00798100999999993,1,0.0029416903150866775,take_profit
2025-05-08 21:00:00+00:00,2025-05-08 21:00:00+00:00,2185.01,2181.633408702725,2203.4497427897522,0.9439389233649902,2061.390081069013,2077.8420559199253,16.451974850912393,0.007981009999999898,2,0.012475915442034689,take_profit
2025-05-08 22:00:00+00:00,2025-05-08 23:00:00+00:00,2179.86,2179.86,2201.6586,0.8003303733754347,1746.3545222284035,1760.2921951338537,13.9376729054502,0.00798101000000005,1,0.006225170423788759,take_profit
2025-05-09 00:00:00+00:00,2025-05-09 01:00:00+00:00,2207.39,2203.9788239121594,2226.018612151281,0.935182003807427,2063.184517412722,2079.6508136780385,16.466296265316487,0.007981010000000184,2,0.010446726677206994,take_profit
2025-05-09 02:00:00+00:00,2025-05-09 03:00:00+00:00,2206.79,2206.79,2228.8579,0.7912519297106906,1747.8747206869418,1761.8245263114916,13.949805624549754,0.007981010000000037,1,0.005637147168511754,take_profit
2025-05-09 04:00:00+00:00,2025-05-09 06:00:00+00:00,2205.06,2205.06,2227.1106,0.7921887108546711,1748.5722109681692,1762.5275832696282,13.955372301458965,0.007981009999999941,1,0.0010249154218024742,take_profit
2025-05-09 07:00:00+00:00,2025-05-09 07:00:00+00:00,2256.92,2256.92,2279.4892,0.7742944852292766,1749.2699795832423,1763.2309207829958,13.960941199753506,0.007981009999999917,1,0.0003766194636938434,take_profit
2025-05-09 08:00:00+00:00,2025-05-09 08:00:00+00:00,2364.09,2364.09,2387.7309,0.7394887921426793,1749.96802664323,1763.9345389635498,13.966512320319907,0.007981010000000012,1,0.0027494723128138098,take_profit
2025-05-09 09:00:00+00:00,2025-05-09 09:00:00+00:00,2412.88,2373.0853391209357,2396.816192512145,1.937203743654003,4601.751554510016,4638.478179684075,36.726625174059336,0.00798100999999986,5,0.050048075329067424,take_profit
2025-05-09 10:00:00+00:00,2025-05-09 11:00:00+00:00,2341.6,2337.9814233428224,2361.3612375762505,0.884332344930725,2069.622216725958,2086.1398923338697,16.51767560791177,0.00798100999999987,2,0.011428083361803794,take_profit
2025-05-09 12:00:00+00:00,2025-05-09 13:00:00+00:00,2351.29,2347.656448962993,2371.1330134526233,0.8811029184063,2070.5975461428066,2087.1230058645483,16.525459721741754,0.007981010000000267,2,0.010862122494460473,take_profit
2025-05-09 14:00:00+00:00,2025-05-09 14:00:00+00:00,2370.12,2331.0305626294357,2354.34086825573,1.97608321701775,4610.921294461933,4647.721103422247,36.799808960314294,0.007981010000000144,5,0.04160970752535732,take_profit
2025-05-09 15:00:00+00:00,2025-05-09 17:00:00+00:00,2305.97,2302.406483936559,2325.4305487759248,0.8997857435126756,2073.7462762935556,2090.2968660621173,16.550589768561622,0.007981009999999997,2,0.013720907036951857,take_profit
2025-05-09 18:00:00+00:00,2025-05-10 00:00:00+00:00,2350.02,2346.38841154941,2369.8522956649044,0.8833357748708623,2074.7235492132236,2091.2819386067295,16.558389393505877,0.00798100999999983,2,0.017548786818835493,take_profit
2025-05-10 01:00:00+00:00,2025-05-10 01:00:00+00:00,2326.45,2326.45,2349.7145,0.7547519308005156,1757.65027969055,1771.6781041492632,14.027824458713212,0.007981010000000078,1,0.00019342775473352882,take_profit
2025-05-10 02:00:00+00:00,2025-05-10 06:00:00+00:00,2335.28,2335.28,2358.6328000000003,0.7521981600675602,1758.3516709134858,1772.385093182563,14.033422269077164,0.007981009999999957,1,0.0036912061936899836,take_profit
2025-05-10 07:00:00+00:00,2025-05-10 07:00:00+00:00,2367.68,2367.68,2391.3568,0.7422009260900599,1759.0533420269398,1773.0923643401904,14.039022313250598,0.007981010000000097,1,0.005351229895931722,take_profit
2025-05-10 08:00:00+00:00,2025-05-10 08:00:00+00:00,2400.01,2396.301159821066,2420.264171419277,0.8663806749073251,2078.187203330311,2094.7732361819626,16.586032851651453,0.007981010000000099,2,0.01667076387181729,take_profit
2025-05-10 09:00:00+00:00,2025-05-10 09:00:00+00:00,2382.62,2382.62,2406.4462,0.7381890566646799,1760.5845947851847,1774.6358380420113,14.051243256826638,0.007981010000000075,1,0.007151790885663666,take_profit
2025-05-10 10:00:00+00:00,2025-05-10 10:00:00+00:00,2401.31,2401.31,2425.3231,0.7327358274404713,1761.2871569480262,1775.3440073605,14.05685041247375,0.00798100999999999,1,0.006792125964577646,take_profit
2025-05-10 11:00:00+00:00,2025-05-10 12:00:00+00:00,2396.93,2396.93,2420.8993,0.7343677159821862,1761.98999946865,1776.0524592743097,14.062459805659728,0.007981010000000248,1,0.009049075275456545,take_profit
2025-05-10 13:00:00+00:00,2025-05-10 13:00:00+00:00,2408.28,2408.28,2432.3628000000003,0.7311983778200516,1762.693122458933,1776.7611938962089,14.068071437275876,0.007981009999999946,1,0.0,take_profit
2025-05-10 14:00:00+00:00,2025-05-10 16:00:00+00:00,2437.84,2434.07269947133,2458.4134264660433,0.8547011924110164,2082.487325979226,2099.10767815274,16.620352173513766,0.007981010000000144,2,0.01265054310373123,take_profit
2025-05-10 17:00:00+00:00,2025-05-10 17:00:00+00:00,2461.26,2461.26,2485.8726,0.7160817289095149,1764.2275436394723,1778.3078613075345,14.080317668062207,0.00798101000000008,1,0.004570829575095682,take_profit
2025-05-10 18:00:00+00:00,2025-05-10 18:00:00+00:00,2461.22,2461.22,2485.8322,0.7163791241593002,1764.9315595228754,1779.0174959487433,14.085936425867885,0.007981010000000125,1,0.0015967690819999173,take_profit
2025-05-10 19:00:00+00:00,2025-05-10 21:00:00+00:00,2495.26,2491.4039658397724,2516.31800549817,0.8360935300486162,2085.1318684445423,2101.7733267379162,16.641458293373944,0.007981009999999697,2,0.010483877431610457,take_profit
2025-05-10 22:00:00+00:00,2025-05-10 22:00:00+00:00,2533.82,2533.82,2559.1582000000003,0.6964588886856913,1766.4679292588373,1780.5661274669314,14.098198208094118,0.007981010000000024,1,0.0050398212974875805,take_profit
2025-05-10 23:00:00+00:00,2025-05-11 00:00:00+00:00,2577.21,2561.9108158445647,2587.5299240030104,1.0631785952470414,2726.4952375754015,2748.255423331443,21.760185756041665,0.007981010000000004,3,0.028301923397782893,take_profit
2025-05-11 01:00:00+00:00,2025-05-11 02:00:00+00:00,2544.12,2540.1884603497356,2565.590344953233,0.8212554540082709,2088.231859130223,2104.89805848026,16.666199350037004,0.00798101000000005,2,0.012428659025517623,take_profit
2025-05-11 03:00:00+00:00,2025-05-11 11:00:00+00:00,2543.57,2501.6199214332414,2526.636120647574,1.8570127816485174,4650.190359287376,4687.303575046753,37.113215759377454,0.007981010000000283,5,0.03524573729050118,take_profit
2025-05-11 12:00:00+00:00,2025-05-11 18:00:00+00:00,2530.67,2488.932675952877,2513.822002712406,1.8684366487892825,4655.068096215751,4692.22024124233,37.15214502657909,0.007981010000000047,5,0.037602690196667225,take_profit
2025-05-11 19:00:00+00:00,2025-05-12 00:00:00+00:00,2504.69,2504.69,2529.7369,0.7070873517430817,1772.8074264638433,1786.9562202625252,14.148793798681936,0.007981009999999853,1,0.00852800146924375,take_profit
2025-05-12 01:00:00+00:00,2025-05-12 07:00:00+00:00,2531.65,2527.737730784872,2553.0151080927208,0.8277528723619707,2094.4366038387466,2111.1523233183493,16.71571947960274,0.00798100999999984,2,0.01771571899749172,take_profit
2025-05-12 08:00:00+00:00,2025-05-12 08:00:00+00:00,2554.78,2554.78,2580.3278,0.6938273751460515,1774.3506521277575,1788.5117624258955,14.161110298138055,0.007981009999999945,1,0.00910058791755063,take_profit
2025-05-12 09:00:00+00:00,2025-05-12 14:00:00+00:00,2577.55,2535.0395029388815,2560.3898979682704,1.838710098576268,4665.868602946431,4703.1069469252325,37.23834397880182,0.007981010000000071,5,0.034428042133033396,take_profit
2025-05-12 15:00:00+00:00,2025-05-12 20:00:00+00:00,2505.94,2464.610537911839,2489.2566432909575,1.8932370655470852,4670.762785297931,4708.040189795021,37.277404497090174,0.0079810099999999,5,0.039629839501344785,take_profit
2025-05-12 21:00:00+00:00,2025-05-13 11:00:00+00:00,2485.65,2470.8943467563927,2495.6032902239567,1.1095844535206703,2744.410363816822,2766.3135303745485,21.90316655772631,0.007981010000000224,3,0.0283024560980025,take_profit
2025-05-13 12:00:00+00:00,2025-05-13 12:00:00+00:00,2513.39,2513.39,2538.5238999999997,0.7074508029955364,1779.8796533943455,1794.0848907068823,14.205237312536838,0.007981010000000018,1,0.008586013312697165,take_profit
2025-05-13 13:00:00+00:00,2025-05-13 13:00:00+00:00,2524.7,2524.7,2549.9469999999997,0.7045626511445765,1780.589915259972,1794.8008211795611,14.210905919589095,0.00798101000000006,1,0.002154711450865291,take_profit
2025-05-13 14:00:00+00:00,2025-05-13 16:00:00+00:00,2549.66,2549.66,2575.1566,0.6979437101791595,1781.3004605559515,1795.5170373446533,14.216576788701786,0.007981010000000075,1,0.008989433885302383,take_profit
2025-05-13 17:00:00+00:00,2025-05-13 18:00:00+00:00,2597.5,2597.5,2623.475,0.685362570974395,1782.0112893953863,1796.2335393161638,14.222249920777585,0.007981010000000064,1,0.0029374398460058166,take_profit
2025-05-13 19:00:00+00:00,2025-05-13 19:00:00+00:00,2669.95,2669.95,2696.6495,0.6670310977694466,1782.7224018914253,1796.950327208145,14.22792531671962,0.007981010000000077,1,0.006063783965991723,take_profit
2025-05-13 20:00:00+00:00,2025-05-14 01:00:00+00:00,2690.93,2686.771588450589,2713.639304335095,0.7831124345884286,2106.1503902047652,2122.9595975304933,16.80920732572804,0.007981009999999955,2,0.013645839914081675,take_profit
2025-05-14 02:00:00+00:00,2025-05-16 10:00:00+00:00,2671.71,2597.497854621495,2623.47283316771,2.300516037165561,5981.567038097986,6029.305984444716,47.73894634672979,0.007981009999999896,6,0.07324148204707841,take_profit
2025-05-16 11:00:00+00:00,2025-05-18 15:00:00+00:00,2625.06,2552.143652661667,2577.6650891882837,2.3445308102401614,5989.568994818963,6037.371804862302,47.80281004333938,0.00798100999999988,6,0.06805177786412496,take_profit
2025-05-18 16:00:00+00:00,2025-05-18 17:00:00+00:00,2579.0,2536.4655886711703,2561.830244557882,1.8521625623364182,4702.649253244591,4740.181143961228,37.53189071663746,0.007981009999999969,5,0.037433113609926315,take_profit
2025-05-18 18:00:00+00:00,2025-05-18 22:00:00+00:00,2489.9,2420.7379948505118,2444.945374799017,2.4777026081021645,6003.872716089207,6051.7896842750415,47.916968185834776,0.007981009999999943,6,0.06694646371340217,take_profit
2025-05-18 23:00:00+00:00,2025-05-18 23:00:00+00:00,2454.9,2454.9,2479.449,0.729777369953516,1793.3237892881748,1807.6363243837216,14.312535095546764,0.00798100999999997,1,0.007845533422950107,take_profit
2025-05-19 00:00:00+00:00,2025-05-19 00:00:00+00:00,2497.78,2482.9523390023464,2507.78186239237,1.1136655898085297,2767.946527609126,2790.0375365254395,22.091008916313513,0.007981009999999929,3,0.028080935871053623,take_profit
2025-05-19 01:00:00+00:00,2025-05-19 13:00:00+00:00,2443.11,2402.8167678706563,2426.844935549363,1.9618414268524145,4718.66414048476,4756.3238461766105,37.65970569185083,0.007981010000000118,5,0.03877434908784296,take_profit
2025-05-19 14:00:00+00:00,2025-05-19 14:00:00+00:00,2427.29,2427.29,2451.5629,0.7396025711067021,1797.0269517733605,1811.369041845733,14.342090072372457,0.007981009999999861,1,0.0038685117971070096,take_profit
2025-05-19 15:00:00+00:00,2025-05-19 15:00:00+00:00,2447.29,2447.29,2471.7629,0.7338510402202854,1797.744056276979,1812.0918695675664,14.347813290587283,0.007981010000000083,1,0.0016303748227630489,take_profit
2025-05-19 16:00:00+00:00,2025-05-19 16:00:00+00:00,2466.63,2466.63,2491.2963,0.7283877133962398,1798.4614469415085,1812.814985734163,14.35353879265449,0.007981009999999912,1,0.006393338279352794,take_profit
2025-05-19 17:00:00+00:00,2025-05-19 17:00:00+00:00,2509.99,2509.99,2535.0899,0.7160904803434516,1799.179123881141,1813.5383904606276,14.35926657948653,0.007981009999999946,1,0.0030079801114744394,take_profit
2025-05-19 18:00:00+00:00,2025-05-19 20:00:00+00:00,2505.0,2501.128914192761,2526.1402033346885,0.8490034823114183,2125.592750610041,2142.557127608587,16.96437699854596,0.007981009999999865,2,0.013093812375249574,take_profit
2025-05-19 21:00:00+00:00,2025-05-20 00:00:00+00:00,2520.53,2516.6349150061005,2541.801264156162,0.8441700659702567,2126.5944566804314,2143.5668283051427,16.972371624711286,0.007981010000000092,2,0.011148448937326817,take_profit
2025-05-20 01:00:00+00:00,2025-05-20 01:00:00+00:00,2515.33,2515.33,2540.4833,0.7155293065787142,1801.5939246412784,1815.9724637697796,14.378539128501188,0.007981009999999945,1,0.0018327615064425453,take_profit
2025-05-20 02:00:00+00:00,2025-05-20 02:00:00+00:00,2540.66,2540.66,2566.0665999999997,0.7086782720813118,1802.3128515977032,1816.697128489433,14.384276891729769,0.007981009999999992,1,0.00018105531633513984,take_profit
2025-05-20 03:00:00+00:00,2025-05-21 03:00:00+00:00,2567.0,2524.663499852227,2549.9101348507493,1.8753624685922858,4739.3985720197325,4777.223759417007,37.82518739727493,0.007981009999999943,5,0.04853915075964157,take_profit
2025-05-21 04:00:00+00:00,2025-05-21 05:00:00+00:00,2544.98,2544.98,2570.4298,0.7085000280895494,1804.9233248121534,1819.3284359167124,14.405111104558955,0.00798100999999995,1,0.004110051945398406,take_profit
2025-05-21 06:00:00+00:00,2025-05-21 16:00:00+00:00,2593.62,2557.9596260788776,2583.5392223396666,1.598422149317308,4092.7921154993974,4125.456730301119,32.664614801721655,0.007981009999999953,4,0.030166331228167496,take_profit
2025-05-21 17:00:00+00:00,2025-05-21 17:00:00+00:00,2586.09,2543.438656148363,2568.8730427098467,1.8659013542690859,4750.556189196771,4788.470425648313,37.91423645154191,0.007981010000000123,5,0.05177314014593472,take_profit
2025-05-21 18:00:00+00:00,2025-05-21 19:00:00+00:00,2472.8,2472.8,2497.5280000000002,0.7308975050174356,1809.1725229300448,1823.6115469272747,14.439023997229924,0.007981010000000004,1,0.005439178259463067,take_profit
2025-05-21 20:00:00+00:00,2025-05-21 22:00:00+00:00,2512.75,2508.8669377795845,2533.95560715738,0.8510861047089004,2137.3991884962707,2154.4577927936507,17.058604297380043,0.00798100999999973,2,0.010546214307034125,take_profit
2025-05-21 23:00:00+00:00,2025-05-21 23:00:00+00:00,2536.11,2536.11,2561.4711,0.7132721597014446,1810.7474043447755,1825.1989974863252,14.451593141549665,0.007981009999999983,1,0.004183572479111761,take_profit
2025-05-22 00:00:00+00:00,2025-05-22 00:00:00+00:00,2551.0,2551.0,2576.51,0.7093918126294988,1811.4699840018532,1825.927344058872,14.457360057018832,0.007981010000000111,1,0.0024186593492748227,take_profit
2025-05-22 01:00:00+00:00,2025-05-22 03:00:00+00:00,2586.1,2586.1,2611.961,0.7000427899743628,1812.1928520047043,1826.6559812784822,14.463129273777895,0.007981009999999907,1,0.009380921078071135,take_profit
2025-05-22 04:00:00+00:00,2025-05-22 08:00:00+00:00,2629.24,2625.1769206994713,2651.428689906466,0.8147361392392874,2140.9674766674357,2158.054559508393,17.087082840957464,0.00798100999999995,2,0.010063744656250317,take_profit
2025-05-22 09:00:00+00:00,2025-05-22 09:00:00+00:00,2663.49,2663.49,2690.1249,0.6802941224663245,1813.770362610441,1828.2460820121382,14.475719401697233,0.007981009999999822,1,0.0013553645780534835,take_profit
2025-05-22 10:00:00+00:00,2025-05-23 01:00:00+00:00,2665.0,2660.881659211062,2687.4904758031726,0.8045034044994127,2142.8311849903357,2159.9331421060556,17.10195711571987,0.00798101000000007,2,0.01570731707317078,take_profit
2025-05-23 02:00:00+00:00,2025-05-23 02:00:00+00:00,2675.63,2675.63,2702.3863,0.6777969663929153,1815.3492464363123,1829.837566925613,14.488320489300577,0.007981009999999946,1,0.001315578013402444,take_profit
2025-05-23 03:00:00+00:00,2025-05-27 08:00:00+00:00,2705.3,2602.150557206031,2628.1720627780915,2.8419798709711848,7402.6621669829765,7461.742887764289,59.080720781312266,0.007981009999999927,7,0.08956492810409203,take_profit
2025-05-27 09:00:00+00:00,2025-05-27 13:00:00+00:00,2635.19,2635.19,2661.5419,0.6895930353414149,1819.0276984998432,1833.5453767518475,14.517678252004316,0.007981010000000045,1,0.004929435828156693,take_profit
2025-05-27 14:00:00+00:00,2025-05-27 16:00:00+00:00,2655.58,2655.58,2682.1358,0.6845712909534004,1819.7535824124434,1834.277053951213,14.523471538769627,0.00798101000000005,1,0.008367286995684483,take_profit
2025-05-27 17:00:00+00:00,2025-05-27 17:00:00+00:00,2670.37,2670.37,2697.0737,0.6810514184301774,1820.479755989382,1835.0090231267309,14.529267137348825,0.007981010000000004,1,9.736478465522138e-05,take_profit
2025-05-27 18:00:00+00:00,2025-05-28 13:00:00+00:00,2695.75,2658.685413438412,2685.2722675727964,1.5511197158727617,4128.067430518165,4161.013577961803,32.94614744363844,0.007981009999999676,4,0.03236576091996662,take_profit
2025-05-28 14:00:00+00:00,2025-05-28 23:00:00+00:00,2657.4,2653.293403822692,2679.826337860919,0.8105211832942023,2152.7032125055757,2169.883958371615,17.18074586603916,0.007981010000000016,2,0.01706931587265753,take_profit
2025-05-29 00:00:00+00:00,2025-05-29 00:00:00+00:00,2681.61,2681.61,2708.4261,0.6794011252373469,1823.7125640117333,1838.267632222237,14.555068210503578,0.007981010000000162,1,0.00469866982894601,take_profit
2025-05-29 01:00:00+00:00,2025-05-29 02:00:00+00:00,2721.5,2721.5,2748.715,0.669710041192297,1824.4403174222587,1839.001193840009,14.56087641775025,0.007981010000000016,1,0.008774572845857104,take_profit
2025-05-29 03:00:00+00:00,2025-06-03 01:00:00+00:00,2770.7,2617.892525873218,2644.07145113195,3.847293345495454,10081.88237639071,10162.345980455508,80.46360406479835,0.007981010000000033,8,0.10904825495362179,take_profit
2025-06-03 02:00:00+00:00,2025-06-04 15:00:00+00:00,2646.11,2630.4018023034455,2656.70582032648,1.0718358889771649,2822.181235374424,2844.70509203576,22.52385666133614,0.00798101000000018,3,0.026873410402439856,take_profit
2025-06-04 16:00:00+00:00,2025-06-08 21:00:00+00:00,2667.92,2520.7809678520503,2545.9887775305706,4.006780570976963,10110.326532210307,10191.017149367144,80.6906171568371,0.00798101000000013,8,0.1073607904284987,take_profit
2025-06-08 22:00:00+00:00,2025-06-09 12:00:00+00:00,2538.2,2523.1323923066707,2548.3637162297373,1.1205568760122473,2830.143494783254,2852.730898316554,22.58740353329995,0.007981009999999946,3,0.02382396974233701,take_profit
2025-06-09 13:00:00+00:00,2025-06-09 16:00:00+00:00,2545.41,2541.4764668564453,2566.89123152501,0.8520436129355224,2167.6164074183907,2184.9161756421613,17.29976822377057,0.007981010000000148,2,0.013934886717660338,take_profit
2025-06-09 17:00:00+00:00,2025-06-09 18:00:00+00:00,2558.09,2558.09,2583.6709,0.7171406311355046,1836.3466237251484,1851.002524492565,14.655900767416597,0.007981009999999972,1,0.0008639258196545221,take_profit
2025-06-09 19:00:00+00:00,2025-06-09 21:00:00+00:00,2584.19,2584.19,2610.0319,0.7101808842789252,1837.0794187635192,1851.7411679754653,14.661749211946017,0.007981010000000099,1,0.004241174217066096,take_profit
2025-06-09 22:00:00+00:00,2025-06-09 23:00:00+00:00,2643.42,2643.42,2669.8542,0.6945452079949054,1837.8125062241168,1852.4801062144168,14.667599990300005,0.007981010000000146,1,0.0006052764978701489,take_profit
2025-06-10 00:00:00+00:00,2025-06-10 00:00:00+00:00,2680.13,2680.13,2706.9313,0.6853053174052781,1838.5458862236317,1853.2193393270416,14.673453103409884,0.007981010000000118,1,0.0009701021965352087,take_profit
2025-06-10 01:00:00+00:00,2025-06-10 11:00:00+00:00,2699.09,2694.918978446523,2721.868168230988,0.8051928425586731,2172.101574294966,2189.4371386804296,17.335564385463385,0.007981009999999778,2,0.016109133078185615,take_profit
2025-06-10 12:00:00+00:00,2025-06-10 18:00:00+00:00,2773.64,2735.504483030443,2762.8595278607477,1.5232390923040242,4170.9983640889695,4204.287143742748,33.288779653778874,0.00798101000000028,4,0.03015531936372416,take_profit
2025-06-10 19:00:00+00:00,2025-06-10 19:00:00+00:00,2754.61,2754.61,2782.1561,0.6679598800936187,1841.810776080764,1856.5102863027723,14.699510222008257,0.007981009999999955,1,3.6302779704634335e-06,take_profit
2025-06-10 20:00:00+00:00,2025-06-10 22:00:00+00:00,2773.69,2769.4036958113056,2797.0977327694186,0.7849281189490628,2175.9587923561066,2193.3251412374884,17.366348881381782,0.007981009999999894,2,0.01397416438030213,take_profit
2025-06-10 23:00:00+00:00,2025-06-11 00:00:00+00:00,2803.62,2803.62,2831.6562,0.6568545862017311,1843.4140690359334,1858.1263751550496,14.712306119116192,0.007981009999999848,1,0.005539267090404458,take_profit
2025-06-11 01:00:00+00:00,2025-06-11 12:00:00+00:00,2795.3,2790.9803009353395,2818.890103944693,0.7795379662358946,2177.8529605561357,2195.2344268128636,17.38146625672789,0.007981009999999893,2,0.014774800558079698,take_profit
2025-06-11 13:00:00+00:00,2025-06-11 14:00:00+00:00,2805.09,2805.09,2833.1409000000003,0.6570818543779596,1845.0187576547257,1859.7438708097557,14.72511315502993,0.007981009999999993,1,0.007579079459126166,take_profit
2025-06-11 15:00:00+00:00,2025-06-11 15:00:00+00:00,2840.59,2840.59,2868.9959000000003,0.6491289690871137,1845.755013312477,1860.486002531274,14.730989218796822,0.007981009999999896,1,0.004083658676542677,take_profit
2025-06-11 16:00:00+00:00,2025-06-26 02:00:00+00:00,2865.2,2459.4556971926536,2484.05025416458,8.485959475077825,20891.733110236368,21058.4702411065,166.73713087013311,0.007981010000000266,11,0.26291707385173807,take_profit
2025-06-26 03:00:00+00:00,2025-06-26 03:00:00+00:00,2493.3,2493.3,2518.233,0.743181161872862,1854.8284193169238,1869.6318234797764,14.80340416285253,0.007981009999999983,1,0.004351662455380565,take_profit
2025-06-26 04:00:00+00:00,2025-06-29 22:00:00+00:00,2488.79,2447.743385974766,2472.220819834514,1.9906568276402752,4877.494578180173,4916.4219111835755,38.927333003402055,0.007981010000000063,5,0.04269544638157489,take_profit
2025-06-29 23:00:00+00:00,2025-06-30 19:00:00+00:00,2501.72,2486.868949839037,2511.7376393374275,1.1512525973940633,2865.880218098937,2888.7528367783866,22.872618679449715,0.007981009999999972,3,0.02826855123674904,take_profit
2025-06-30 20:00:00+00:00,2025-07-02 15:00:00+00:00,2515.71,2474.219405225262,2498.961599277515,1.972634775387797,4885.616857544208,4924.609014540438,38.992156996229824,0.00798101000000019,5,0.05672752423769037,take_profit
2025-07-02 16:00:00+00:00,2025-07-02 16:00:00+00:00,2498.82,2498.82,2523.8082000000004,0.7438501319679138,1860.6081949590216,1875.4577275690715,14.849532610049891,0.007981009999999995,1,0.0015167158899000181,take_profit
2025-07-02 17:00:00+00:00,2025-07-02 17:00:00+00:00,2560.7,2560.7,2586.307,0.7261644553902974,1861.350671589524,1876.2061299129866,14.855458323462699,0.007981009999999997,1,0.003288163392822126,take_profit
2025-07-02 18:00:00+00:00,2025-07-02 19:00:00+00:00,2566.87,2566.87,2592.5387,0.724708049516022,1862.0934445056969,1876.9548309072313,14.861386401534446,0.00798101000000002,1,0.0012115923283998304,take_profit
2025-07-02 20:00:00+00:00,2025-07-03 13:00:00+00:00,2604.73,2600.70479707198,2626.7118450426997,0.8450483490419869,2199.92121632758,2217.478809554302,17.55759322672202,0.007981009999999745,2,0.018662202992248765,take_profit
2025-07-03 14:00:00+00:00,2025-07-08 17:00:00+00:00,2624.69,2581.4020418492964,2607.2160622677893,1.8958718634257292,4898.906405737544,4938.0046267508005,39.09822101325608,0.007981010000000139,5,0.05732105505793075,take_profit
2025-07-08 18:00:00+00:00,2025-07-09 05:00:00+00:00,2616.64,2612.5963920292797,2638.7223559495724,0.842481198922104,2203.266607263655,2220.8509000888916,17.584292825236844,0.007981009999999792,2,0.01026507276507264,take_profit
2025-07-09 06:00:00+00:00,2025-07-09 12:00:00+00:00,2628.2,2628.2,2654.482,0.709490134183036,1866.5485191790342,1881.4454615760872,14.896942397052953,0.007981009999999941,1,0.009067042082033303,take_profit
2025-07-09 13:00:00+00:00,2025-07-09 18:00:00+00:00,2660.0,2655.88938592924,2682.448279788532,0.8294695456789942,2205.1845468672564,2222.7841467876497,17.599599920393302,0.007981010000000118,2,0.011462406015037513,take_profit
2025-07-09 19:00:00+00:00,2025-07-09 19:00:00+00:00,2718.34,2718.34,2745.5234,0.6865606116043657,1868.1733462949064,1883.0832564534194,14.909910158512957,0.007981009999999917,1,0.0004855904706549452,take_profit
2025-07-09 20:00:00+00:00,2025-07-10 02:00:00+00:00,2765.01,2760.7371093940624,2788.3444804880032,0.7986624457559186,2207.104156033821,2224.7190763741683,17.614920340347453,0.007981009999999986,2,0.012039739458446955,take_profit
2025-07-10 03:00:00+00:00,2025-07-10 07:00:00+00:00,2783.42,2783.42,2811.2542000000003,0.6710916025005315,1869.7995878198492,1884.7224770282355,14.922889208386323,0.007981010000000122,1,0.006427344777288326,take_profit
2025-07-10 08:00:00+00:00,2025-07-10 17:00:00+00:00,2791.08,2786.7668222854822,2814.634490508337,0.7918913032596778,2209.025436216698,2226.6556903133983,17.630254096700355,0.007981010000000238,2,0.011572581223039013,take_profit
2025-07-10 18:00:00+00:00,2025-07-10 21:00:00+00:00,2830.38,2826.0060902806017,2854.2661511834076,0.7812638486084593,2210.0664607443127,2227.7050232681772,17.638562523864493,0.007981009999999785,2,0.01222450695666303,take_profit
2025-07-10 22:00:00+00:00,2025-07-11 05:00:00+00:00,2972.17,2967.576976006507,2997.252745766572,0.7443435792056304,2211.1079758647693,2228.754850731226,17.64687486645653,0.007981010000000021,2,0.019655672454805772,take_profit
2025-07-11 06:00:00+00:00,2025-07-11 09:00:00+00:00,3004.88,3000.236427816186,3030.238792094348,0.7365878939867504,2212.149981809265,2229.8051729355843,17.65519112631955,0.007981009999999995,2,0.01376760469636055,take_profit
2025-07-11 10:00:00+00:00,2025-07-13 13:00:00+00:00,3015.0,2965.274815759433,2994.9275639170273,1.659614122017253,4926.138097994458,4965.453655415932,39.315557421474296,0.007981009999999908,5,0.036865671641791074,take_profit
2025-07-13 14:00:00+00:00,2025-07-13 14:00:00+00:00,2989.65,2989.65,3019.5465,0.6268840881801305,1876.0400542820094,1891.0127487156344,14.972694433625065,0.007981009999999896,1,0.004344990216246128,take_profit
2025-07-13 15:00:00+00:00,2025-07-14 02:00:00+00:00,2987.86,2983.2427295648636,3013.0751568605124,0.7422063417131142,2216.398070823406,2234.0871659906284,17.68909516722215,0.007981009999999926,2,0.01593782841230859,take_profit
2025-07-14 03:00:00+00:00,2025-07-14 03:00:00+00:00,3000.6,3000.6,3030.6059999999998,0.6251401288469939,1877.6731437620517,1892.6588718991482,14.98572813709643,0.007981010000000031,1,0.0011997600479903717,take_profit
2025-07-14 04:00:00+00:00,2025-07-14 09:00:00+00:00,3037.35,3037.3499999999995,3067.7234999999996,0.6178227756889189,1878.4224301689064,1893.4141383683088,14.99170819940241,0.007981010000000035,1,0.006729550430473951,take_profit
2025-07-14 10:00:00+00:00,2025-07-14 10:00:00+00:00,3044.71,3044.71,3075.1571,0.6165752546427401,1879.1720155788762,1894.169706226931,14.997690648054913,0.007981009999999865,1,0.004962705807778123,take_profit
2025-07-14 11:00:00+00:00,2025-07-15 13:00:00+00:00,3066.78,3016.200829013173,3046.362837303305,1.6366839495892465,4941.508994578217,4980.947227279036,39.438232700818844,0.00798101000000003,5,0.04379838136416703,take_profit
2025-07-15 14:00:00+00:00,2025-07-15 14:00:00+00:00,3051.7,3033.584083839834,3063.9199246782323,0.9561593600433252,2903.493309551464,2926.6661186899273,23.172809138463435,0.007981010000000037,3,0.027755021791132754,take_profit
2025-07-15 15:00:00+00:00,2025-07-15 15:00:00+00:00,2977.94,2977.94,3007.7194,0.6317015788602321,1883.0524522032429,1898.0811126548017,15.028660451558835,0.007981010000000123,1,0.003337877861877692,take_profit
2025-07-15 16:00:00+00:00,2025-07-15 17:00:00+00:00,3039.94,3039.9400000000005,3070.3394000000008,0.6190648767214466,1883.8038852258205,1898.8385428718468,15.03465764602629,0.007981010000000087,1,0.0018388520826069414,take_profit
2025-07-15 18:00:00+00:00,2025-07-15 23:00:00+00:00,3096.3,3077.9193232602415,3108.698516492844,0.94371950377712,2907.6000965096737,2930.8056819559188,23.205585446245095,0.007981010000000146,3,0.02153215127733103,take_profit
2025-07-16 00:00:00+00:00,2025-07-16 06:00:00+00:00,3137.9,3133.0508662057746,3164.381374867832,0.7100790357823231,2226.94067881118,2244.7139146381787,17.773235826998643,0.007981009999999922,2,0.011759456961662286,take_profit
2025-07-16 07:00:00+00:00,2025-07-16 13:00:00+00:00,3165.22,3165.22,3196.8722,0.595446115787406,1886.6045591717848,1901.6615690245806,15.057009852795773,0.007981010000000089,1,0.006764142776805358,take_profit
2025-07-16 14:00:00+00:00,2025-07-16 14:00:00+00:00,3195.81,3195.81,3227.7681,0.5899818988784565,1887.3574096644245,1902.4204280245303,15.063018360105843,0.007981009999999986,1,0.00513171934501741,take_profit
2025-07-16 15:00:00+00:00,2025-07-16 16:00:00+00:00,3251.65,3246.625083367223,3279.0913342008953,0.6861090628453016,2229.7686620211553,2247.5644680104333,17.79580598927805,0.007981010000000266,2,0.013596174249996167,take_profit
2025-07-16 17:00:00+00:00,2025-07-16 17:00:00+00:00,3285.24,3285.2399999999993,3318.0923999999995,0.5744211535629093,1889.0003508818938,1904.076481572286,15.07613069039212,0.007981010000000115,1,0.0035005052903288652,take_profit
2025-07-16 18:00:00+00:00,2025-07-16 18:00:00+00:00,3317.09,3317.0899999999997,3350.2608999999998,0.5691327046474461,1889.7541574164136,1904.8363042442952,15.082146827881616,0.007981009999999811,1,0.0009134512479312288,take_profit
2025-07-16 19:00:00+00:00,2025-07-16 19:00:00+00:00,3335.98,3335.98,3369.3398,0.5661358151107171,1890.5082647578076,1905.5964301239226,15.088165366114936,0.00798101000000012,1,0.00014988099449037465,take_profit
2025-07-16 20:00:00+00:00,2025-07-16 20:00:00+00:00,3384.22,3384.2200000000003,3418.0622000000003,0.5582885894986399,1891.2626730261134,1906.3568593321615,15.094186306048186,0.007981010000000024,1,0.004931712477321096,take_profit
2025-07-16 21:00:00+00:00,2025-07-17 01:00:00+00:00,3380.3,3360.233403874494,3393.835737913239,0.8678544225112681,2919.1125327553273,2942.4099990703726,23.297466315045313,0.007981009999999903,3,0.020569180250273704,take_profit
2025-07-17 02:00:00+00:00,2025-07-17 05:00:00+00:00,3338.21,3338.21,3371.5921,0.5665578478889918,1893.1822556571685,1908.2917621713907,15.109506514222176,0.007981009999999872,1,0.007237411666731528,take_profit
2025-07-17 06:00:00+00:00,2025-07-17 06:00:00+00:00,3374.08,3374.0800000000004,3407.8208000000004,0.5607584269643567,1893.9377309828797,1909.0532669532315,15.115535970351857,0.007981010000000097,1,0.0030763941578149036,take_profit
2025-07-17 07:00:00+00:00,2025-07-17 09:00:00+00:00,3441.29,3441.2899999999995,3475.7028999999993,0.550025953718988,1894.6935077813973,1909.8150756139357,15.121567832538403,0.007981009999999997,1,0.00954293302802151,take_profit
2025-07-17 10:00:00+00:00,2025-07-17 19:00:00+00:00,3466.01,3418.3549030257523,3452.5384520560096,1.2555911146414573,4296.352395325521,4330.641626756137,34.28923143061638,0.007981009999999872,4,0.030239381882914473,take_profit
2025-07-17 20:00:00+00:00,2025-07-17 21:00:00+00:00,3412.32,3407.0467930052873,3441.1172609353403,0.6569384205221493,2240.4603992411885,2258.341536092137,17.88113685094868,0.00798101000000034,2,0.01166654944436628,take_profit
2025-07-17 22:00:00+00:00,2025-07-17 23:00:00+00:00,3468.0,3468.0000000000005,3502.6800000000003,0.5467589522729283,1898.0581045871024,1913.2065253003932,15.148420713290761,0.007981010000000026,1,0.004780853517877718,take_profit
2025-07-18 00:00:00+00:00,2025-07-18 00:00:00+00:00,3476.88,3476.8799999999997,3511.6487999999995,0.5455801494722696,1898.8155256227674,1913.9699913209179,15.154465698150489,0.00798100999999996,1,0.005234578127516702,take_profit
2025-07-18 01:00:00+00:00,2025-07-18 01:00:00+00:00,3538.18,3538.18,3573.5618,0.5363417563998347,1899.5732489076747,1914.7337620029396,15.160513095264832,0.0079810100000001,1,0.003558326597290045,take_profit
2025-07-18 02:00:00+00:00,2025-07-18 05:00:00+00:00,3614.89,3609.3037527450183,3645.3967902724685,0.6211603943958428,2244.200743292784,2262.1117318670113,17.910988574227304,0.007981010000000071,2,0.010758280334947917,take_profit
2025-07-18 06:00:00+00:00,2025-07-18 14:00:00+00:00,3669.91,3619.451427480947,3655.6459417557567,1.1894448942064773,4309.447467713273,4343.841211047566,34.393743334292594,0.007981009999999603,4,0.031453087405413166,take_profit
2025-07-18 15:00:00+00:00,2025-07-18 17:00:00+00:00,3585.23,3579.6895876372505,3615.486483513623,0.6271610621538708,2247.2892131769067,2265.2248508601638,17.935637683257028,0.007981010000000002,2,0.015404869422603298,take_profit
2025-07-18 18:00:00+00:00,2025-07-18 22:00:00+00:00,3600.2,3540.823347163221,3576.2315806348533,1.4119268899670951,5004.388084567615,5044.328155914429,39.940071346813966,0.007981009999999797,5,0.03405921893228151,take_profit
2025-07-18 23:00:00+00:00,2025-07-19 02:00:00+00:00,3538.49,3538.49,3573.8749,0.5380641053988451,1905.8402966093686,1921.0508270750108,15.21053046564225,0.007981009999999955,1,0.00895862359367974,take_profit
2025-07-19 03:00:00+00:00,2025-07-19 04:00:00+00:00,3569.5,3569.5000000000005,3605.1950000000006,0.5336025276115752,1906.6008231326507,1921.8174233680807,15.21660023542995,0.007981010000000018,1,0.0008656674604286723,take_profit
2025-07-19 05:00:00+00:00,2025-07-20 01:00:00+00:00,3589.67,3584.1227263115084,3619.9639535746237,0.6278386523466886,2252.503285618175,2270.4805368657267,17.97725124755152,0.007981010000000004,2,0.017614432524438183,take_profit
2025-07-20 02:00:00+00:00,2025-07-20 03:00:00+00:00,3604.81,3604.81,3640.8581,0.5288357098407664,1908.2605157068,1923.4903619652612,15.229846258461066,0.007981009999999967,1,0.0024189901825615776,take_profit
2025-07-20 04:00:00+00:00,2025-07-20 08:00:00+00:00,3658.01,3658.01,3694.5901000000003,0.521352589525918,1909.0220080197232,1924.2579317559487,15.235923736225459,0.007981009999999983,1,0.006787843663631422,take_profit
2025-07-20 09:00:00+00:00,2025-07-20 11:00:00+00:00,3711.5,3711.5000000000005,3748.6150000000007,0.514043923050607,1909.7838042065343,1925.025807845745,15.24200363921068,0.00798101000000015,1,0.004464502222821006,take_profit
2025-07-20 12:00:00+00:00,2025-07-20 16:00:00+00:00,3756.7,3756.7,3794.267,0.5080616920393182,1910.545904388495,1925.7939903568786,15.24808596838352,0.007981009999999946,1,0.008454228445177887,take_profit
2025-07-20 17:00:00+00:00,2025-07-21 05:00:00+00:00,3809.2,3746.3763940931444,3783.840158034076,1.3396909101038421,5024.010411405601,5064.107088739133,40.09667733353217,0.007981009999999992,5,0.03349784731702193,take_profit
2025-07-21 06:00:00+00:00,2025-07-21 11:00:00+00:00,3782.82,3782.82,3820.6482,0.5052843723494739,1913.3131425535903,1928.583313877442,15.270171323851628,0.007981009999999998,1,0.007269708841552069,take_profit
2025-07-21 12:00:00+00:00,2025-07-21 14:00:00+00:00,3808.69,3808.6899999999996,3846.7769,0.5020525625526527,1914.0766511197826,1929.352916013136,15.276264893353527,0.007981010000000016,1,0.008743163659946119,take_profit
2025-07-21 15:00:00+00:00,2025-07-24 14:00:00+00:00,3841.03,3694.5767030440547,3731.5224700744952,2.110512201134636,7805.254464266521,7867.5482781983765,62.293813931855766,0.007981010000000002,7,0.08804409233981517,take_profit
2025-07-24 15:00:00+00:00,2025-07-25 09:00:00+00:00,3734.45,3672.8592158251463,3709.587807983398,1.3712588323702946,5041.482121874741,5081.718241104244,40.23611922950295,0.007981009999999886,5,0.04302909397635518,take_profit
2025-07-25 10:00:00+00:00,2025-07-25 21:00:00+00:00,3726.09,3664.63709394795,3701.283464887429,1.3757770273006382,5046.770297544904,5087.048621757313,40.27832421240964,0.007981010000000156,5,0.03342109288825557,take_profit
2025-07-25 22:00:00+00:00,2025-07-26 02:00:00+00:00,3719.81,3719.8100000000004,3757.0081000000005,0.5161712281960383,1921.9808772331387,1937.320225834145,15.33934860100635,0.007981009999999946,1,0.005954605208330558,take_profit
2025-07-26 03:00:00+00:00,2025-07-26 10:00:00+00:00,3742.67,3742.67,3780.0967,0.5132232061118202,1922.7478446631892,1938.0933144389244,15.345469775735182,0.007981009999999908,1,0.003863551956223775,take_profit
2025-07-26 11:00:00+00:00,2025-07-26 22:00:00+00:00,3759.94,3754.129600650671,3791.6708966571778,0.6044831745892782,2271.579758579476,2289.7092593484967,18.129500769020524,0.007981010000000061,2,0.01344436347388527,take_profit
2025-07-26 23:00:00+00:00,2025-07-27 02:00:00+00:00,3750.17,3750.1700000000005,3787.671700000001,0.5126426726247708,1924.4215931904273,1939.7804211698963,15.35882797946897,0.007981010000000123,1,0.005111768266505271,take_profit
2025-07-27 03:00:00+00:00,2025-07-27 10:00:00+00:00,3784.73,3784.73,3822.5773,0.5081642138421529,1925.1895345894009,1940.5544915168541,15.36495692745325,0.007981009999999946,1,0.008912128474158003,take_profit
2025-07-27 11:00:00+00:00,2025-07-27 18:00:00+00:00,3817.06,3817.06,3855.2306,0.5040611949126652,1925.9577824357737,1941.3288707569714,15.371088321197703,0.007981009999999985,1,0.006701492771923922,take_profit
2025-07-27 19:00:00+00:00,2025-07-28 00:00:00+00:00,3846.26,3846.2599999999998,3884.7225999999996,0.5004340867531009,1926.7263368518334,1942.1035590135111,15.377222161677764,0.007981009999999955,1,0.007864782931991077,take_profit
2025-07-28 01:00:00+00:00,2025-07-28 02:00:00+00:00,3862.01,3862.01,3900.6301000000003,0.4985921068982104,1927.4951979599175,1942.8785564097875,15.383358449870002,0.007981009999999959,1,0.0049223072959418065,take_profit
2025-07-28 03:00:00+00:00,2025-07-28 05:00:00+00:00,3885.87,3885.87,3924.7287,0.4957283958332442,1928.2643658824109,1943.6538630691623,15.389497186751441,0.007981010000000135,1,0.004590992493315446,take_profit
2025-07-28 06:00:00+00:00,2025-08-07 10:00:00+00:00,3929.79,3713.05730293836,3750.1878759677434,2.8668988968510964,10655.615501240132,10740.658075111684,85.04257387155121,0.007981009999999879,8,0.14644802902954096,take_profit
2025-08-07 11:00:00+00:00,2025-08-07 13:00:00+00:00,3821.47,3821.47,3859.6847,0.5053952231643557,1933.2859694353256,1948.7155440902486,15.429574654923044,0.007981010000000009,1,0.003833603299253857,take_profit
2025-08-07 14:00:00+00:00,2025-08-07 22:00:00+00:00,3857.69,3851.7285433102898,3890.245828743393,0.5923952565471964,2284.0297483127706,2302.258612574353,18.228864261582203,0.007981010000000217,2,0.01999901495454536,take_profit
2025-08-07 23:00:00+00:00,2025-08-08 03:00:00+00:00,3916.8,3916.8,3955.9680000000003,0.4935237751454682,1934.968891381151,1950.411897452953,15.443006071802074,0.0079810100000001,1,0.009395424836601354,take_profit
2025-08-08 04:00:00+00:00,2025-08-08 13:00:00+00:00,3939.19,3933.102597803985,3972.4336237820253,0.5806438854068682,2286.0179920848373,2304.2627245398467,18.244732455009398,0.007981010000000172,2,0.013898796453077917,take_profit
2025-08-08 14:00:00+00:00,2025-08-08 17:00:00+00:00,3999.76,3993.578996339975,4033.514786303375,0.5721204480718536,2287.0953000964664,2305.3486305574893,18.25333046102287,0.007981009999999986,2,0.018641118467108125,take_profit
2025-08-08 18:00:00+00:00,2025-08-09 04:00:00+00:00,4032.7,4032.7,4073.027,0.4799832318014513,1937.5659448305432,1953.0296780118952,15.463733181351927,0.007981009999999955,1,0.006464651474198356,take_profit
2025-08-09 05:00:00+00:00,2025-08-09 05:00:00+00:00,4080.91,4080.91,4121.7191,0.47450220474308946,1938.3391314896107,1953.8090354814208,15.469903991810042,0.007981010000000075,1,0.0013722429556152695,take_profit
2025-08-09 06:00:00+00:00,2025-08-09 09:00:00+00:00,4181.95,4181.95,4223.769499999999,0.46322254308695987,1939.1126266892009,1954.5887039539336,15.476077264732794,0.007981010000000007,1,0.009404703547388163,take_profit
2025-08-09 10:00:00+00:00,2025-08-09 19:00:00+00:00,4219.62,4213.099237088248,4255.23022945913,0.5432159217357739,2290.9134989381164,2309.1973024822764,18.283803544160037,0.007981009999999974,2,0.015747863551694184,take_profit
2025-08-09 20:00:00+00:00,2025-08-09 22:00:00+00:00,4258.57,4258.57,4301.155699999999,0.4552842433279048,1940.8006207296448,1956.2901698916944,15.48954916204957,0.007981010000000035,1,0.0036866835580957502,take_profit
2025-08-09 23:00:00+00:00,2025-08-10 00:00:00+00:00,4264.28,4264.28,4306.922799999999,0.45485604207265,1941.5750981877477,1957.0708284621348,15.495730274387142,0.00798100999999987,1,0.003817760559813086,take_profit
2025-08-10 01:00:00+00:00,2025-08-11 00:00:00+00:00,4311.09,4239.988923871421,4282.388813110136,1.2029512098694204,5105.605411215284,5146.353299058247,40.74788784296288,0.007981009999999919,5,0.03665430320406218,take_profit
2025-08-11 01:00:00+00:00,2025-08-11 01:00:00+00:00,4262.94,4262.94,4305.569399999999,0.4556580415897295,1944.387279093615,1959.9054534119339,15.51817431831887,0.007981009999999967,1,0.0004550849882943696,take_profit
2025-08-11 02:00:00+00:00,2025-08-11 04:00:00+00:00,4303.81,4303.81,4346.8481,0.4515111086738776,1945.163187809531,1960.6875546630706,15.524366853539505,0.007981009999999875,1,0.004512280978946578,take_profit
2025-08-11 05:00:00+00:00,2025-08-11 13:00:00+00:00,4319.4,4248.16187037854,4290.643489082325,1.2028556914576503,5115.040724742946,5155.863915917526,40.82319117458064,0.00798100999999999,5,0.03533592628605807,take_profit
2025-08-11 14:00:00+00:00,2025-08-11 15:00:00+00:00,4279.72,4279.72,4322.5172,0.45471025794800274,1947.9805657109373,1963.5274180856818,15.546852374744503,0.007981009999999926,1,0.004736291159234818,take_profit
2025-08-11 16:00:00+00:00,2025-08-12 04:00:00+00:00,4329.74,4270.209248624995,4312.911341111245,1.0333843497347635,4417.184592213927,4452.438186616232,35.25359440230477,0.007981009999999886,4,0.03227445527906982,take_profit
2025-08-12 05:00:00+00:00,2025-08-12 12:00:00+00:00,4310.94,4304.278116307442,4347.320897470517,0.5346235532279247,2303.471932554037,2321.85596508247,18.38403252843318,0.007981010000000038,2,0.0125309097319841,take_profit
2025-08-12 13:00:00+00:00,2025-08-12 15:00:00+00:00,4407.26,4400.449268808458,4444.453761496543,0.5231858766686406,2304.557465903335,2322.9501620842843,18.392696180949315,0.007981010000000061,2,0.012352345901989106,take_profit
2025-08-12 16:00:00+00:00,2025-08-12 18:00:00+00:00,4472.62,4472.62,4517.3462,0.43607707899637654,1952.3594244852588,1967.94122457567,15.581800090411207,0.007981010000000057,1,0.007208302963363707,take_profit
2025-08-12 19:00:00+00:00,2025-08-12 20:00:00+00:00,4490.28,4490.28,4535.1828,0.4345353465653121,1953.1385144897795,1968.7265325053072,15.588018015527723,0.00798100999999982,1,0.001670274459499185,take_profit
2025-08-12 21:00:00+00:00,2025-08-13 04:00:00+00:00,4621.83,4614.687684424563,4660.834561268808,0.49953034484479353,2307.48401436599,2325.9000673594846,18.41605299349476,0.007981009999999848,2,0.01265948769210469,take_profit
2025-08-13 05:00:00+00:00,2025-08-13 10:00:00+00:00,4673.8,4666.577372915819,4713.243146644977,0.49420864216123334,2308.5714384475104,2326.9961701834736,18.424731735963178,0.007981009999999658,2,0.014033548718387637,take_profit
2025-08-13 11:00:00+00:00,2025-08-13 13:00:00+00:00,4694.59,4687.335245221635,4734.208597673852,0.4922519075129695,2309.6593749881104,2328.0927895564846,18.433414568374246,0.007981010000000168,2,0.010343821292168305,take_profit
2025-08-13 14:00:00+00:00,2025-08-13 16:00:00+00:00,4671.0,4663.781699877999,4710.419516876779,0.49497108247271704,2310.747824229291,2329.1899257219434,18.442101492652455,0.007981010000000104,2,0.011774780560907729,take_profit
2025-08-13 17:00:00+00:00,2025-08-13 18:00:00+00:00,4700.54,4700.54,4747.5454,0.4160471194159927,1957.6037304300803,1973.2273853786803,15.623654948600006,0.007981010000000118,1,0.0025592804231002707,take_profit
2025-08-13 19:00:00+00:00,2025-08-13 21:00:00+00:00,4716.44,4716.44,4763.604399999999,0.41481001099650017,1958.3849131775105,1974.0148027534292,15.629889575918696,0.007981009999999926,1,0.004049664577520218,take_profit
2025-08-13 22:00:00+00:00,2025-08-13 22:00:00+00:00,4721.16,4721.16,4768.3715999999995,0.4145606675581108,1959.1664076563065,1974.8025343474753,15.636126691168784,0.00798100999999986,1,0.00327673707309226,take_profit
2025-08-13 23:00:00+00:00,2025-08-13 23:00:00+00:00,4734.31,4734.31,4781.6531,0.41357415669376824,1959.948213990865,1975.5905802862083,15.642366295343209,0.007981009999999986,1,0.0002703667482696855,take_profit
2025-08-14 00:00:00+00:00,2025-08-14 12:00:00+00:00,4749.31,4670.981537391189,4717.6913527651,1.1022877675035674,5153.919730631947,5195.0532155413175,41.133484909370964,0.007981010000000018,5,0.04972932910254337,take_profit
2025-08-14 13:00:00+00:00,2025-08-14 13:00:00+00:00,4567.33,4540.216795112294,4585.618963063417,0.6663275763105417,3028.299952964555,3052.4688451721645,24.168892207609588,0.007981009999999983,3,0.025397770688783163,take_profit
2025-08-14 14:00:00+00:00,2025-08-14 14:00:00+00:00,4612.71,4612.71,4658.8371,0.42535330764568335,1963.9954511614815,1979.6701184971557,15.674667335674258,0.007981009999999981,1,0.007032742140737137,take_profit
2025-08-14 15:00:00+00:00,2025-08-15 02:00:00+00:00,4670.58,4593.549999664908,4639.485499661557,1.1231831297909753,5164.562427902867,5205.780852285584,41.218424382716876,0.007981009999999964,5,0.04655738687700453,take_profit
2025-08-15 03:00:00+00:00,2025-08-15 12:00:00+00:00,4621.72,4621.72,4667.9372,0.42513896680059676,1966.8401057474016,1982.5374762997726,15.697370552371012,0.00798100999999997,1,0.006339631132998144,take_profit
2025-08-15 13:00:00+00:00,2025-08-22 14:00:00+00:00,4628.38,4373.119214964118,4416.8504071137595,2.4828769244294944,10868.785572185823,10955.529458525292,86.7438863394691,0.007981009999999846,8,0.12280322704704456,take_profit
2025-08-22 15:00:00+00:00,2025-08-22 15:00:00+00:00,4613.93,4613.93,4660.0693,0.4269657767723831,1971.9621685919938,1987.7004183791482,15.738249787154473,0.007981010000000044,1,0.00014954713227129785,take_profit
2025-08-22 16:00:00+00:00,2025-08-22 16:00:00+00:00,4616.09,4616.09,4662.2509,0.42693628850396553,1972.7490810813515,1988.4936112249527,15.744530143601196,0.007981010000000061,1,0.0,take_profit
2025-08-22 17:00:00+00:00,2025-08-22 17:00:00+00:00,4745.95,4745.95,4793.4095,0.4154200468359218,1973.5363075885316,1989.2871205947588,15.75081300622719,0.007981010000000023,1,0.0,take_profit
2025-08-22 18:00:00+00:00,2025-08-22 19:00:00+00:00,4799.51,4799.51,4847.5051,0.4109481018667748,1974.323848238843,1990.0809466148758,15.757098376032673,0.007981009999999992,1,0.009642651020625158,take_profit
2025-08-22 20:00:00+00:00,2025-08-22 21:00:00+00:00,4833.0,4833.0,4881.33,0.4082633129432004,1975.111703157645,1990.8750894116633,15.763386254018315,0.00798101000000006,1,0.004200289675150048,take_profit
2025-08-22 22:00:00+00:00,2025-08-24 15:00:00+00:00,4851.55,4771.535334128584,4819.250687469869,1.0874068393523841,5193.793950493479,5235.245671950307,41.45172145682773,0.007981009999999955,5,0.039544063237522104,take_profit
2025-08-24 16:00:00+00:00,2025-08-24 17:00:00+00:00,4798.31,4798.31,4846.293100000001,0.41181050955120524,1977.972458543187,1993.758676514545,15.786217971357928,0.007981010000000085,1,0.000602295391502493,take_profit
2025-08-24 18:00:00+00:00,2025-08-24 18:00:00+00:00,4905.56,4905.56,4954.6156,0.4029678584447674,1978.761769441755,1994.5542869112874,15.792517469532413,0.007981010000000037,1,0.001681765180733698,take_profit
2025-08-24 19:00:00+00:00,2025-08-24 19:00:00+00:00,4935.01,4853.618861864333,4902.155050482977,1.07099238626218,5203.392239114322,5244.920564608617,41.52832549429422,0.007981010000000082,5,0.03866456197657155,take_profit
2025-08-24 20:00:00+00:00,2025-08-26 19:00:00+00:00,4813.01,4547.566645956998,4593.042312416568,2.404624119901565,10946.134578306368,11033.495787837175,87.36120953080717,0.007981009999999842,8,0.10429440204778304,take_profit
2025-08-26 20:00:00+00:00,2025-08-27 04:00:00+00:00,4596.69,4589.586534363561,4635.482399707197,0.5105081186686342,2345.3665536785174,2364.084947597091,18.718393918573383,0.007981009999999828,2,0.012617774964158994,take_profit
2025-08-27 05:00:00+00:00,2025-08-28 07:00:00+00:00,4628.98,4552.6360917592365,4598.162452676829,1.1460545585123607,5222.792138346919,5264.475294630986,41.68315628406708,0.007981009999999795,5,0.034856491062825824,take_profit
2025-08-28 08:00:00+00:00,2025-09-03 14:00:00+00:00,4596.82,4421.549448998568,4465.764943488553,1.8318239694501126,8107.607870655169,8172.314770146948,64.70689949177904,0.007981010000000177,7,0.08401677681527667,take_profit
2025-09-03 15:00:00+00:00,2025-09-05 12:00:00+00:00,4467.11,4393.435748665711,4437.370106152368,1.1907623909486267,5236.774831391744,5278.569583688829,41.794752297085324,0.007981009999999905,5,0.04517014356037791,take_profit
2025-09-05 13:00:00+00:00,2025-09-05 14:00:00+00:00,4471.12,4397.379613346043,4441.353409479503,1.1909423448976328,5242.267855979362,5284.106448160612,41.83859218124962,0.007981009999999957,5,0.04646486786308576,take_profit
2025-09-05 15:00:00+00:00,2025-09-05 18:00:00+00:00,4273.61,4273.61,4316.3461,0.4666866019157924,1996.4329617751246,2012.3665132073816,15.93355143225699,0.007981010000000052,1,0.004113618229084996,take_profit
2025-09-05 19:00:00+00:00,2025-09-08 13:00:00+00:00,4312.94,4306.27502562017,4349.337775876372,0.547172312678278,2358.6330978951946,2377.4573722358273,18.824274340632655,0.007981010000000054,2,0.017839339290599825,take_profit
2025-09-08 14:00:00+00:00,2025-09-08 15:00:00+00:00,4320.13,4320.13,4363.3313,0.4620631050942229,1998.170853063769,2014.1182746237794,15.947421560010298,0.007981009999999913,1,0.0011874642661216465,take_profit
2025-09-08 16:00:00+00:00,2025-09-10 12:00:00+00:00,4371.64,4345.6884766777775,4389.145361444555,0.7089873784312398,3084.122402961587,3108.736814700848,24.61441173926096,0.007981010000000163,3,0.021703525450403077,take_profit
2025-09-10 13:00:00+00:00,2025-09-10 13:00:00+00:00,4370.99,4370.99,4414.6999,0.45715015266198367,2000.1989447287326,2016.162552508602,15.963607779869335,0.007981009999999936,1,0.0031251501376118123,take_profit
2025-09-10 14:00:00+00:00,2025-09-11 06:00:00+00:00,4417.92,4391.69374305393,4435.610680484469,0.7022724340683364,3087.252707324491,3111.8921020541748,24.639394729683772,0.00798100999999998,3,0.026557746631899158,take_profit
2025-09-11 07:00:00+00:00,2025-09-11 12:00:00+00:00,4440.0,4413.642668758025,4457.779095445605,0.6992102756791544,3089.1534606322093,3113.80802529305,24.654564660840606,0.00798101000000011,3,0.020268018018017968,take_profit
2025-09-11 13:00:00+00:00,2025-09-12 00:00:00+00:00,4426.07,4426.07,4470.3306999999995,0.45219762933350927,2003.4618230872525,2019.45147193193,15.989648844677504,0.007981009999999955,1,0.009272334147449084,take_profit
2025-09-12 01:00:00+00:00,2025-09-12 05:00:00+00:00,4512.06,4512.06,4557.180600000001,0.4437567417596301,2004.2613055294862,2020.2573350515302,15.996029522043955,0.007981010000000035,1,0.005248157161030724,take_profit
2025-09-12 06:00:00+00:00,2025-09-12 17:00:00+00:00,4558.42,4551.375674664499,4596.889431411144,0.5197360041608443,2367.8816882732663,2386.7797757061926,18.89808743292633,0.007981010000000215,2,0.011914215890593759,take_profit
2025-09-12 18:00:00+00:00,2025-09-12 19:00:00+00:00,4613.06,4613.06,4659.190600000001,0.43441880343326505,2006.006011377235,2022.015965414097,16.009954036862155,0.007981010000000163,1,0.002930809484377059,take_profit
2025-09-12 20:00:00+00:00,2025-09-12 22:00:00+00:00,4657.19,4657.19,4703.7618999999995,0.4304741061820538,2006.806509079078,2022.8228518961032,16.016342817025134,0.00798100999999996,1,0.005786751238407671,take_profit
2025-09-12 23:00:00+00:00,2025-09-13 03:00:00+00:00,4695.17,4695.17,4742.1217,0.4271623218954179,2007.6073262199293,2023.6300603665636,16.02273414663432,0.007981009999999901,1,0.005039221157061374,take_profit
2025-09-13 04:00:00+00:00,2025-10-01 14:00:00+00:00,4756.8,4296.7254891137645,4339.692744004902,3.931360670862655,16908.88648788284,17043.836480031496,134.94999214865675,0.007981009999999936,10,0.19799024554322237,take_profit
2025-10-01 15:00:00+00:00,2025-10-02 00:00:00+00:00,4323.95,4323.95,4367.1894999999995,0.4655791132117993,2015.155962534694,2031.238942423243,16.082979888549062,0.007981010000000021,1,0.008429792203887607,take_profit
2025-10-02 01:00:00+00:00,2025-10-02 01:00:00+00:00,4335.15,4335.15,4378.501499999999,0.46456158412456156,2015.9601115291218,2032.049509338837,16.089397809715138,0.00798101000000005,1,0.0005582275123121629,take_profit
2025-10-02 02:00:00+00:00,2025-10-02 15:00:00+00:00,4393.31,4386.520826352176,4430.386034615698,0.5424164903127359,2381.7029342479173,2400.7113291831793,19.008394935262004,0.007981010000000014,2,0.013104014968213172,take_profit
2025-10-02 16:00:00+00:00,2025-10-02 18:00:00+00:00,4437.1,4437.1,4481.4710000000005,0.4542825913694089,2017.7150011663707,2033.8184047678296,16.103403601458922,0.007981010000000052,1,0.002474589258750191,take_profit
2025-10-02 19:00:00+00:00,2025-10-03 03:00:00+00:00,4487.3,4487.3,4532.173,0.44937972749205474,2018.5201713464437,2034.6300010191612,16.109829672717524,0.007981009999999922,1,0.006692220266084225,take_profit
2025-10-03 04:00:00+00:00,2025-10-03 15:00:00+00:00,4500.59,4493.635041886947,4538.5713923058165,0.5301593698155798,2384.7274494374274,2403.7599830586623,19.03253362123496,0.007981010000000151,2,0.016128996420469346,take_profit
2025-10-03 16:00:00+00:00,2025-10-03 16:00:00+00:00,4534.75,4534.75,4580.0975,0.44506466998657707,2020.2772895111414,2036.4011427615026,16.123853250361208,0.007981009999999946,1,0.0033651248690667003,take_profit
2025-10-03 17:00:00+00:00,2025-10-05 03:00:00+00:00,4525.42,4518.426671004473,4563.610937714518,0.5277094707162893,2386.8033503765123,2405.8524517839,19.049101407387752,0.007981009999999709,2,0.01887559607727019,take_profit
2025-10-05 04:00:00+00:00,2025-10-05 04:00:00+00:00,4531.55,4531.55,4576.8655,0.44576665849583147,2022.0359372440291,2038.1738262795332,16.13788903550403,0.007981010000000031,1,0.0005627213646545181,take_profit
2025-10-05 05:00:00+00:00,2025-10-06 11:00:00+00:00,4574.63,4547.473459860478,4592.948194459083,0.6856195163683574,3120.957511759241,3145.865904870167,24.908393110926227,0.007981010000000194,3,0.021997407440601777,take_profit
2025-10-06 12:00:00+00:00,2025-10-06 13:00:00+00:00,4571.71,4571.71,4617.4271,0.4422993066270607,2024.088251351351,2040.2425199262684,16.154268574917523,0.00798100999999994,1,0.0003193553396869085,take_profit
2025-10-06 14:00:00+00:00,2025-10-06 15:00:00+00:00,4637.88,4637.88,4684.2588000000005,0.43616287373009144,2024.8959647800966,2041.0566797239662,16.160714943869607,0.007981010000000004,1,0.0016968959955841658,take_profit
2025-10-06 16:00:00+00:00,2025-10-06 19:00:00+00:00,4673.39,4673.39,4720.1239000000005,0.4330214890104962,2025.7040005272902,2041.8711644125385,16.16716388524833,0.00798101000000001,1,0.0028672976147936604,take_profit
2025-10-06 20:00:00+00:00,2025-10-10 21:00:00+00:00,4722.61,4053.835707845524,4094.3740649239794,5.650355105893068,22928.539830106703,23111.53273577618,182.9929056694782,0.007981009999999926,11,0.27264796373191935,take_profit
2025-10-10 22:00:00+00:00,2025-10-10 22:00:00+00:00,3950.0,3926.551473332025,3965.8169880653454,0.7990713859141627,3140.735663322041,3165.8019060583706,25.066242736329514,0.007981009999999894,3,0.029483544303797477,take_profit
2025-10-10 23:00:00+00:00,2025-10-10 23:00:00+00:00,3855.08,3849.122576657178,3887.61380242375,0.6243226721271853,2405.499992396082,2424.6983118903954,19.198319494313637,0.007981010000000243,2,0.016412110773317282,take_profit
2025-10-11 00:00:00+00:00,2025-10-11 00:00:00+00:00,3829.72,3829.72,3868.0172,0.5315890866393478,2037.8752321165593,2054.139534722834,16.26430260627467,0.007981010000000044,1,0.00610227379547327,take_profit
2025-10-11 01:00:00+00:00,2025-10-11 02:00:00+00:00,3838.47,3815.6835528710835,3853.8403883997944,0.8235115895546183,3145.405032895175,3170.5085419167613,25.103509021586433,0.007981009999999908,3,0.029259053737556877,take_profit
2025-10-11 03:00:00+00:00,2025-10-11 10:00:00+00:00,3841.16,3818.3575841276065,3856.5411599688828,0.8234415395734791,3147.341589305412,3172.4605540030743,25.11896469766225,0.007981009999999957,3,0.027975923939643245,take_profit
2025-10-11 11:00:00+00:00,2025-10-12 03:00:00+00:00,3833.9,3770.6690269121364,3808.3757171812576,1.4215178778720858,5365.43887216631,5408.2604934594565,42.82162129314656,0.007981009999999724,5,0.049706565116461085,take_profit
2025-10-12 04:00:00+00:00,2025-10-12 04:00:00+00:00,3781.62,3781.62,3819.4362,0.5397944032836444,2043.3406519974926,2059.6485741744914,16.307922176998773,0.007981010000000129,1,0.0014147375992299355,take_profit
2025-10-12 05:00:00+00:00,2025-10-12 07:00:00+00:00,3801.9,3801.9,3839.9190000000003,0.5371293016802746,2044.1560481063425,2060.47047796784,16.3144298614975,0.007981010000000148,1,0.0013861490307477793,take_profit
2025-10-12 08:00:00+00:00,2025-10-12 10:00:00+00:00,3827.98,3827.9800000000005,3866.2598000000007,0.5336827250481502,2044.9717695994175,2061.2927097423085,16.320940142891004,0.007981010000000175,1,0.005653112085225073,take_profit
2025-10-12 11:00:00+00:00,2025-10-12 14:00:00+00:00,3819.99,3819.99,3858.1899,0.5350124028570639,2045.787816606562,2062.115269628777,16.32745302221474,0.007981009999999806,1,0.006918866279754616,take_profit
2025-10-12 15:00:00+00:00,2025-10-12 15:00:00+00:00,3975.19,3975.19,4014.9419000000003,0.5143295251468268,2046.6041892576725,2062.93815775818,16.333968500507353,0.007981009999999988,1,0.002369698052168594,take_profit
2025-10-12 16:00:00+00:00,2025-10-12 16:00:00+00:00,4034.59,4034.59,4074.9359000000004,0.5069594349847234,2047.4208876826979,2063.7613742615026,16.340486578804757,0.007981010000000132,1,2.4785665954206695e-06,take_profit
2025-10-12 17:00:00+00:00,2025-10-12 17:00:00+00:00,4106.28,4106.28,4147.342799999999,0.4983073911422568,2048.237912011638,2064.5849192697815,16.34700725814355,0.007981009999999778,1,0.0018946589126897693,take_profit
2025-10-12 18:00:00+00:00,2025-10-12 20:00:00+00:00,4127.85,4127.85,4169.128500000001,0.4959013062761899,2049.0552623745452,2065.408792914109,16.353530539563963,0.007981010000000045,1,0.007812783894763727,take_profit
2025-10-12 21:00:00+00:00,2025-10-13 00:00:00+00:00,4136.24,4129.848087840585,4171.146568718991,0.5855860734050113,2420.8023278456085,2440.1227754321676,19.320447586559112,0.007981010000000014,2,0.013427654101309394,take_profit
2025-10-13 01:00:00+00:00,2025-10-13 01:00:00+00:00,4139.78,4139.78,4181.1777999999995,0.49490265722322696,2050.8389612808514,2067.2067275392233,16.36776625837183,0.007981009999999874,1,0.0031982375875045975,take_profit
2025-10-13 02:00:00+00:00,2025-10-13 13:00:00+00:00,4198.77,4129.5213725261165,4170.816586251378,1.3046390795586889,5392.9278903607665,5435.968901783015,43.04101142224863,0.007981010000000083,5,0.037268057073857455,take_profit
2025-10-13 14:00:00+00:00,2025-10-13 17:00:00+00:00,4164.66,4139.937179475179,4181.33655126993,0.7646410154005576,3168.734503111533,3194.0242048682107,25.289701756677914,0.007981009999999917,3,0.020018440881128325,take_profit
2025-10-13 18:00:00+00:00,2025-10-13 20:00:00+00:00,4234.62,4234.62,4276.9662,0.484817719504339,2055.0738852527165,2071.4754504816574,16.401565228940854,0.007981010000000035,1,0.008175467928645284,take_profit
2025-10-13 21:00:00+00:00,2025-10-14 16:00:00+00:00,4286.21,4122.782589658102,4164.010415554682,2.0306273728186226,8380.215394133922,8447.097976996658,66.88258286273594,0.007981009999999901,7,0.09273227396697788,take_profit
2025-10-14 17:00:00+00:00,2025-10-14 17:00:00+00:00,4096.23,4089.899917039447,4130.798916209841,0.5940072656109386,2431.862128471478,2451.2708444374302,19.40871596595207,0.007981009999999965,2,0.011654619003327397,take_profit
2025-10-14 18:00:00+00:00,2025-10-14 19:00:00+00:00,4101.42,4095.0818967059786,4136.032715673038,0.5935351770928485,2433.008166938039,2452.426029448453,19.417862510414125,0.007981009999999986,2,0.012741928405284077,take_profit
2025-10-14 20:00:00+00:00,2025-10-14 23:00:00+00:00,4102.96,4102.96,4143.9896,0.501861641877946,2061.1794215811183,2077.6297151565514,16.45029357543308,0.00798100999999998,1,0.007377600561545806,take_profit
2025-10-15 00:00:00+00:00,2025-10-15 08:00:00+00:00,4125.01,4118.635442049614,4159.82179647011,0.5906546001186666,2435.1260961545368,2454.560861879207,19.434765724670342,0.007981010000000009,2,0.015733295192011675,take_profit
2025-10-15 09:00:00+00:00,2025-10-19 14:00:00+00:00,4181.8,3951.168644998241,3990.680331448223,2.8811926748827625,11395.473630826205,11486.42101982857,90.9473890023637,0.007981010000000304,8,0.12131139700607398,take_profit
2025-10-19 15:00:00+00:00,2025-10-19 22:00:00+00:00,3989.31,3989.31,4029.2031,0.5177470597552574,2067.521043996242,2084.0219501235865,16.50090612734448,0.007981010000000016,1,0.007670499409672326,take_profit
2025-10-19 23:00:00+00:00,2025-10-20 03:00:00+00:00,4020.76,3996.8914182061976,4036.86033238826,0.7976127048940815,3191.162537781168,3216.6312379068254,25.468700125657506,0.007981010000000196,3,0.027862891592634276,take_profit
2025-10-20 04:00:00+00:00,2025-10-20 05:00:00+00:00,4026.9,4026.9,4067.1690000000003,0.5134346283206892,2069.6195243088923,2086.137178428597,16.51765411970473,0.007981010000000104,1,0.0009511038267649872,take_profit
2025-10-20 06:00:00+00:00,2025-10-21 15:00:00+00:00,4061.12,3994.1415786988223,4034.0829944858106,1.361211469480791,5442.313641296247,5485.748800890569,43.43515959432261,0.007981010000000156,5,0.05438893704199829,take_profit
2025-10-21 16:00:00+00:00,2025-10-24 04:00:00+00:00,4081.66,3926.0318054654085,3965.2921235200624,2.14973652394816,8448.382348739864,8515.80897274898,67.4266240091165,0.007981010000000018,7,0.09105608992419748,take_profit
2025-10-24 05:00:00+00:00,2025-10-24 12:00:00+00:00,3974.35,3968.2082635217566,4007.8903461569744,0.617203470989258,2451.6435574112957,2471.2101491594312,19.56659174813558,0.007981010000000186,2,0.012208285631612713,take_profit
2025-10-24 13:00:00+00:00,2025-10-26 09:00:00+00:00,3963.98,3940.4484833566294,3979.8529681901955,0.8124097175878299,3204.4631026357874,3230.0379547025545,25.574852066767107,0.007981009999999957,3,0.02460910499043895,take_profit
2025-10-26 10:00:00+00:00,2025-10-26 11:00:00+00:00,3987.91,3987.9100000000003,4027.7891000000004,0.5206153907228117,2078.245568385794,2094.8320670495364,16.586498663742532,0.007981009999999917,1,0.003312512067724707,take_profit
2025-10-26 12:00:00+00:00,2025-10-26 13:00:00+00:00,4044.98,4044.98,4085.4298,0.513474929029479,2079.074893318981,2095.668010833309,16.593117514327787,0.007981010000000031,1,0.0010679904474188164,take_profit
2025-10-26 14:00:00+00:00,2025-10-26 22:00:00+00:00,4083.52,4083.52,4124.3552,0.508831754135036,2079.904549194697,2096.504288200865,16.599739006167965,0.007981009999999806,1,0.009117134237128757,take_profit
2025-10-26 23:00:00+00:00,2025-10-27 01:00:00+00:00,4160.65,4160.65,4202.2564999999995,0.49959833237808055,2080.7345361450057,2097.340899285324,16.606363140318535,0.007981009999999945,1,0.0030403903236272305,take_profit
2025-10-27 02:00:00+00:00,2025-10-27 05:00:00+00:00,4191.81,4191.81,4233.7281,0.49608242965394883,2081.5648543020216,2098.1778442198543,16.612989917832692,0.007981009999999863,1,0.002073090144830159,take_profit
2025-10-27 06:00:00+00:00,2026-07-31 23:00:00+00:00,4233.22,2908.9647908043094,1862.6,14.302772689929476,41647.91007595825,26613.70406785038,-15034.20600810787,-0.36098344384359743,13,0.6443180368608293,eod_close
